{
"type": "FeatureCollection",
"name": "achmuti",
"crs": { "type": "name", "properties": { "name": "urn:ogc:def:crs:OGC:1.3:CRS84" } },
"features": [
{ "type": "Feature", "properties": { "ID": 1, "GRIDCODE": 2 }, "geometry": { "type": "Polygon", "coordinates": [ [ [ -159.658883585410422, 22.160090316979151 ], [ -159.659017550427848, 22.160508842424839 ], [ -159.659895664177526, 22.161635021164845 ], [ -159.658175627766752, 22.161372261174751 ], [ -159.658638805917775, 22.16028140280542 ], [ -159.658883585410422, 22.160090316979151 ] ] ] } },
{ "type": "Feature", "properties": { "ID": 2, "GRIDCODE": 2 }, "geometry": { "type": "Polygon", "coordinates": [ [ [ -159.658883585410422, 22.160090316979151 ], [ -159.658981633373372, 22.159759484250088 ], [ -159.659237887276902, 22.159996111004894 ], [ -159.658883585410422, 22.160090316979151 ] ] ] } },
{ "type": "Feature", "properties": { "ID": 3, "GRIDCODE": 2 }, "geometry": { "type": "Polygon", "coordinates": [ [ [ -159.670772586976938, 22.151640271295218 ], [ -159.671726973324894, 22.151790942144448 ], [ -159.672427927635397, 22.152890613441489 ], [ -159.672345041612175, 22.153534739891604 ], [ -159.672888774336656, 22.154722090655721 ], [ -159.673405938534103, 22.154779845202608 ], [ -159.67389949650493, 22.15472058902747 ], [ -159.673704416768828, 22.156236237873028 ], [ -159.675595958879597, 22.156447465726529 ], [ -159.677033767177221, 22.156274813034166 ], [ -159.676301599786058, 22.156770154947509 ], [ -159.673053724632211, 22.157160120700343 ], [ -159.672380500344389, 22.156662479787805 ], [ -159.672088121280979, 22.156024060659515 ], [ -159.671219797262836, 22.156128309235275 ], [ -159.670095042070074, 22.155518618712421 ], [ -159.669191862884333, 22.155627035833373 ], [ -159.667717793409565, 22.155055525362673 ], [ -159.667457613719932, 22.154755598199163 ], [ -159.665969623584914, 22.15452063570326 ], [ -159.66431243109156, 22.154177082750667 ], [ -159.663028049082783, 22.154887422874541 ], [ -159.661952119258757, 22.154091961717612 ], [ -159.665714281356543, 22.153164218892559 ], [ -159.670601046884627, 22.151841618750559 ], [ -159.670772586976938, 22.151640271295218 ] ] ] } },
{ "type": "Feature", "properties": { "ID": 4, "GRIDCODE": 2 }, "geometry": { "type": "Polygon", "coordinates": [ [ [ -159.675419693794993, 22.149994983948933 ], [ -159.676472075625895, 22.150157040412132 ], [ -159.677717583779582, 22.151646458086713 ], [ -159.678466228464004, 22.152179791377108 ], [ -159.678214621272531, 22.152575504856966 ], [ -159.676432733149142, 22.15281903637954 ], [ -159.676180695042405, 22.153125986138043 ], [ -159.675853458659418, 22.153363474464044 ], [ -159.675587859407358, 22.153686938466642 ], [ -159.674719633005964, 22.153092849525635 ], [ -159.673879563640213, 22.153212039634571 ], [ -159.673365830079376, 22.15259769521678 ], [ -159.672165274132936, 22.15214574993616 ], [ -159.672048959516076, 22.151434276132775 ], [ -159.675230685049939, 22.15022519921629 ], [ -159.675419693794993, 22.149994983948933 ] ] ] } },
{ "type": "Feature", "properties": { "ID": 5, "GRIDCODE": 2 }, "geometry": { "type": "Polygon", "coordinates": [ [ [ -159.679774466015715, 22.148079766173662 ], [ -159.68045465449606, 22.148204739469683 ], [ -159.679442888853316, 22.148985247891584 ], [ -159.678902336498055, 22.148763780891716 ], [ -159.67958073101488, 22.148440519639323 ], [ -159.679774466015715, 22.148079766173662 ] ] ] } },
{ "type": "Feature", "properties": { "ID": 6, "GRIDCODE": 2 }, "geometry": { "type": "Polygon", "coordinates": [ [ [ -159.683834273735016, 22.145352615922718 ], [ -159.684109383735347, 22.14557141681874 ], [ -159.683682516309261, 22.146291733848376 ], [ -159.683166657261154, 22.147381888337872 ], [ -159.682525378647966, 22.147651670456433 ], [ -159.680965023950733, 22.14847124616826 ], [ -159.680698085595708, 22.147714206929052 ], [ -159.683248130502932, 22.145992197952371 ], [ -159.683834273735016, 22.145352615922718 ] ] ] } },
{ "type": "Feature", "properties": { "ID": 7, "GRIDCODE": 2 }, "geometry": { "type": "Polygon", "coordinates": [ [ [ -159.684992691450276, 22.144263683244766 ], [ -159.684894714428168, 22.144594530440813 ], [ -159.684638447421776, 22.144357943929705 ], [ -159.684992691450276, 22.144263683244766 ] ] ] } },
{ "type": "Feature", "properties": { "ID": 8, "GRIDCODE": 2 }, "geometry": { "type": "Polygon", "coordinates": [ [ [ -159.687318681339093, 22.143982883047222 ], [ -159.688041513167775, 22.143838818984335 ], [ -159.689152129227466, 22.143875130161945 ], [ -159.690664212896564, 22.145112468408481 ], [ -159.689218424912127, 22.144647245161931 ], [ -159.687478515052049, 22.144142134211268 ], [ -159.687318681339093, 22.143982883047222 ] ] ] } },
{ "type": "Feature", "properties": { "ID": 9, "GRIDCODE": 2 }, "geometry": { "type": "Polygon", "coordinates": [ [ [ -159.687318681339093, 22.143982883047222 ], [ -159.685692564276934, 22.144100421806026 ], [ -159.684992691450276, 22.144263683244766 ], [ -159.686229758463696, 22.14256069201587 ], [ -159.68711625687331, 22.142057428450492 ], [ -159.687209653648239, 22.142628251116903 ], [ -159.687146999931372, 22.143035968699959 ], [ -159.687318681339093, 22.143982883047222 ] ] ] } },
{ "type": "Feature", "properties": { "ID": 10, "GRIDCODE": 2 }, "geometry": { "type": "Polygon", "coordinates": [ [ [ -159.68904305758474, 22.139639318445525 ], [ -159.688941878313528, 22.139309309769963 ], [ -159.68868792576788, 22.139548043799017 ], [ -159.68904305758474, 22.139639318445525 ], [ -159.689209165126726, 22.14013249251094 ], [ -159.690775844764261, 22.141424733787478 ], [ -159.689756719616383, 22.14137246430667 ], [ -159.688963892412175, 22.142206700315064 ], [ -159.688317547124143, 22.141682643097699 ], [ -159.688041583711623, 22.141397537328793 ], [ -159.687298857253154, 22.141083737819038 ], [ -159.688675228680239, 22.136863611395572 ], [ -159.689819856970871, 22.137347218956844 ], [ -159.690368171071839, 22.137913742668026 ], [ -159.693239561635181, 22.137545652211895 ], [ -159.693290403348385, 22.138283656361708 ], [ -159.692119057615969, 22.13951624948157 ], [ -159.691224053713455, 22.139470351974222 ], [ -159.690351580780288, 22.139522512321619 ], [ -159.68976499940166, 22.139492430591098 ], [ -159.68904305758474, 22.139639318445525 ] ] ] } },
{ "type": "Feature", "properties": { "ID": 11, "GRIDCODE": 2 }, "geometry": { "type": "Polygon", "coordinates": [ [ [ -159.693644431330256, 22.128779093366635 ], [ -159.693982210736948, 22.128551359689048 ], [ -159.69460330841477, 22.127736150847937 ], [ -159.695239753868492, 22.127850523474915 ], [ -159.695764579619038, 22.12775156852717 ], [ -159.6967828737844, 22.128347819592822 ], [ -159.698203355100503, 22.128606838557975 ], [ -159.697840091090711, 22.129145383164854 ], [ -159.697515337506189, 22.129940778194648 ], [ -159.695975873791724, 22.129664180851197 ], [ -159.695083437880697, 22.12983244036441 ], [ -159.694662784909923, 22.128829937809233 ], [ -159.693808950306845, 22.12899091311354 ], [ -159.693644431330256, 22.128779093366635 ] ] ] } },
{ "type": "Feature", "properties": { "ID": 12, "GRIDCODE": 2 }, "geometry": { "type": "Polygon", "coordinates": [ [ [ -159.640615595593317, 22.109482301403254 ], [ -159.6399462144187, 22.109375070766582 ], [ -159.640455980389135, 22.109138807750355 ], [ -159.640615595593317, 22.109482301403254 ] ] ] } },
{ "type": "Feature", "properties": { "ID": 13, "GRIDCODE": 2 }, "geometry": { "type": "Polygon", "coordinates": [ [ [ -159.613817956422167, 22.100370430901652 ], [ -159.613462967537231, 22.10027898041043 ], [ -159.613716981535703, 22.10004036915306 ], [ -159.613817956422167, 22.100370430901652 ] ] ] } },
{ "type": "Feature", "properties": { "ID": 14, "GRIDCODE": 2 }, "geometry": { "type": "Polygon", "coordinates": [ [ [ -159.655102737044899, 22.09749993152866 ], [ -159.655200754717526, 22.09716909939581 ], [ -159.655456886324487, 22.097405728540448 ], [ -159.655102737044899, 22.09749993152866 ] ] ] } },
{ "type": "Feature", "properties": { "ID": 15, "GRIDCODE": 2 }, "geometry": { "type": "Polygon", "coordinates": [ [ [ -159.627468846435534, 22.096253254299253 ], [ -159.627113859915568, 22.096161833381242 ], [ -159.627367843211459, 22.095923201489089 ], [ -159.627468846435534, 22.096253254299253 ] ] ] } },
{ "type": "Feature", "properties": { "ID": 16, "GRIDCODE": 2 }, "geometry": { "type": "Polygon", "coordinates": [ [ [ -159.608847149567055, 22.094155503051297 ], [ -159.609202120321385, 22.09424696405436 ], [ -159.60894810866094, 22.094485568398792 ], [ -159.608847149567055, 22.094155503051297 ] ] ] } },
{ "type": "Feature", "properties": { "ID": 17, "GRIDCODE": 2 }, "geometry": { "type": "Polygon", "coordinates": [ [ [ -159.637626774157667, 22.091606569631463 ], [ -159.637486118643011, 22.092016363916713 ], [ -159.636902302221046, 22.092826279623932 ], [ -159.636619768582307, 22.093374849733863 ], [ -159.636233952627123, 22.093723168636942 ], [ -159.636629181333632, 22.095568660671074 ], [ -159.637669840318523, 22.097432030187232 ], [ -159.636096093671199, 22.098402321523572 ], [ -159.635710538866704, 22.099525508255621 ], [ -159.633754379534963, 22.100888645001987 ], [ -159.636073342419422, 22.101231182268375 ], [ -159.636652847969259, 22.102047415999227 ], [ -159.638399607930609, 22.102437017865409 ], [ -159.637536029298872, 22.103128058678454 ], [ -159.634642840826018, 22.104743764782793 ], [ -159.634341938712595, 22.105574258620678 ], [ -159.633779222692255, 22.10721341487891 ], [ -159.632024902630633, 22.107751411018594 ], [ -159.63112638869552, 22.108041877345347 ], [ -159.629995871715465, 22.108024736449043 ], [ -159.629422629738485, 22.108585365751271 ], [ -159.628814112898283, 22.10913464883372 ], [ -159.628848765657779, 22.110448194492609 ], [ -159.615197001085164, 22.105678128413576 ], [ -159.613686476435134, 22.104643473083623 ], [ -159.613697241709048, 22.104029687097061 ], [ -159.613676149869832, 22.103224523478648 ], [ -159.614084186338118, 22.102479002259045 ], [ -159.613817956422167, 22.100370430901652 ], [ -159.615145935596644, 22.100483496845165 ], [ -159.616826850438997, 22.100933369482906 ], [ -159.617143059350099, 22.100204944386039 ], [ -159.617560639562811, 22.099553865980504 ], [ -159.619179114579765, 22.099770494810816 ], [ -159.619472322613376, 22.09909516928823 ], [ -159.620928454872029, 22.099906200213024 ], [ -159.622154633624888, 22.099051780018961 ], [ -159.622028332126177, 22.098277174256278 ], [ -159.622692456045968, 22.098366039041643 ], [ -159.622942937375399, 22.096388626920916 ], [ -159.624595077114549, 22.096146202563666 ], [ -159.625830709804887, 22.097625464373174 ], [ -159.627119023484653, 22.09744299847506 ], [ -159.627468846435534, 22.096253254299253 ], [ -159.627922187371212, 22.096428660157116 ], [ -159.628587868713595, 22.095331293779974 ], [ -159.628442387160305, 22.094737917116795 ], [ -159.629599948694647, 22.094329162276594 ], [ -159.629903841799972, 22.0939153873978 ], [ -159.630246921546444, 22.093692668422719 ], [ -159.630483060787014, 22.093371110018399 ], [ -159.63099767664815, 22.093037029525668 ], [ -159.631708340960927, 22.09206923159439 ], [ -159.63278179798192, 22.091785720473798 ], [ -159.634255374189451, 22.09267189748191 ], [ -159.634845693049016, 22.091867970372714 ], [ -159.636337838363346, 22.092173602182356 ], [ -159.637626774157667, 22.091606569631463 ] ] ] } },
{ "type": "Feature", "properties": { "ID": 18, "GRIDCODE": 2 }, "geometry": { "type": "Polygon", "coordinates": [ [ [ -159.637626774157667, 22.091606569631463 ], [ -159.637877009899853, 22.090681829523731 ], [ -159.63888872156096, 22.090961025638443 ], [ -159.637626774157667, 22.091606569631463 ] ] ] } },
{ "type": "Feature", "properties": { "ID": 19, "GRIDCODE": 2 }, "geometry": { "type": "Polygon", "coordinates": [ [ [ -159.641680937074824, 22.08779640018329 ], [ -159.642822072413196, 22.088453988603831 ], [ -159.64387005846632, 22.087903668997939 ], [ -159.644146120191209, 22.088707127706876 ], [ -159.642111815057092, 22.08900423262542 ], [ -159.641256033390363, 22.089937872763279 ], [ -159.640391532577752, 22.089664962936403 ], [ -159.641489919122051, 22.089203025976367 ], [ -159.641680937074824, 22.08779640018329 ] ] ] } },
{ "type": "Feature", "properties": { "ID": 20, "GRIDCODE": 2 }, "geometry": { "type": "Polygon", "coordinates": [ [ [ -159.629732884854548, 22.082151388919137 ], [ -159.630158067641105, 22.082502506938219 ], [ -159.628712323224221, 22.083367291501236 ], [ -159.628214830994409, 22.083890554699114 ], [ -159.627276445202739, 22.083946297411988 ], [ -159.626985097981901, 22.083644946154859 ], [ -159.626111075929487, 22.083275126402267 ], [ -159.626431806170189, 22.083076007160916 ], [ -159.629497710942303, 22.082398752203279 ], [ -159.629732884854548, 22.082151388919137 ] ] ] } },
{ "type": "Feature", "properties": { "ID": 21, "GRIDCODE": 2 }, "geometry": { "type": "Polygon", "coordinates": [ [ [ -159.607017695722305, 22.07437760943154 ], [ -159.606662776245201, 22.074286142305517 ], [ -159.606916756599048, 22.074047541658956 ], [ -159.607017695722305, 22.07437760943154 ] ] ] } },
{ "type": "Feature", "properties": { "ID": 22, "GRIDCODE": 2 }, "geometry": { "type": "Polygon", "coordinates": [ [ [ -159.655574271614682, 22.073648158370368 ], [ -159.655476269507858, 22.07397899125332 ], [ -159.655220181220358, 22.07374236043233 ], [ -159.655574271614682, 22.073648158370368 ] ] ] } },
{ "type": "Feature", "properties": { "ID": 23, "GRIDCODE": 2 }, "geometry": { "type": "Polygon", "coordinates": [ [ [ -159.607017695722305, 22.07437760943154 ], [ -159.607875870628192, 22.073888171298808 ], [ -159.608681339101963, 22.074271149575765 ], [ -159.609489285185305, 22.075048689934967 ], [ -159.610233720840228, 22.07558253533168 ], [ -159.611520025773729, 22.073951590664304 ], [ -159.612710237797444, 22.072877136703486 ], [ -159.613262349599722, 22.073408446513504 ], [ -159.614380755487474, 22.073742069318161 ], [ -159.614841738833491, 22.075474330441114 ], [ -159.615861750971106, 22.074476818212396 ], [ -159.616180521361827, 22.074481672010887 ], [ -159.616472650497997, 22.073631092672752 ], [ -159.617336623981743, 22.072851074041701 ], [ -159.617879236684047, 22.07232037779066 ], [ -159.61914499324925, 22.071540006170114 ], [ -159.619848683498702, 22.072217148953754 ], [ -159.620815291207265, 22.071748390126096 ], [ -159.622645401359534, 22.07140816394395 ], [ -159.623410931642951, 22.070659438562853 ], [ -159.624304401853095, 22.070385421702206 ], [ -159.624879108588516, 22.070106679376195 ], [ -159.625329632836639, 22.07011352658181 ], [ -159.625898614972755, 22.071195326903435 ], [ -159.626661884975846, 22.071177880927074 ], [ -159.627796143961746, 22.072269219380452 ], [ -159.6283846773741, 22.072532556704513 ], [ -159.629042575726459, 22.072845267428381 ], [ -159.63158795890746, 22.073604310724061 ], [ -159.631876548875113, 22.074421689929768 ], [ -159.632181398605212, 22.074967668707636 ], [ -159.632167375677852, 22.07577296645259 ], [ -159.632181725592858, 22.076317619435372 ], [ -159.631566992902719, 22.076585640876655 ], [ -159.63043569469437, 22.076047960210147 ], [ -159.62819498650768, 22.075790984786657 ], [ -159.627816994298797, 22.076891960774645 ], [ -159.627110599171658, 22.077529797724846 ], [ -159.625025458219028, 22.0770402318627 ], [ -159.624603096181005, 22.077453309179706 ], [ -159.624641710119647, 22.078921306706238 ], [ -159.623617559049876, 22.079389216123705 ], [ -159.624648255181199, 22.080958716442122 ], [ -159.623899962803108, 22.081634283151455 ], [ -159.622458775331467, 22.081180637959875 ], [ -159.621343541970901, 22.081541159160754 ], [ -159.620284559827581, 22.082054703847355 ], [ -159.619198727427374, 22.082387639496233 ], [ -159.617955862006681, 22.081516049080534 ], [ -159.617146023593989, 22.081253510210786 ], [ -159.616789549389864, 22.082640523000997 ], [ -159.613882795639341, 22.082343880709278 ], [ -159.613599910296131, 22.082892993342462 ], [ -159.613168945220536, 22.083282038662151 ], [ -159.611557568809246, 22.082079684570044 ], [ -159.611271244829084, 22.082359668830915 ], [ -159.610973795144702, 22.082628180981967 ], [ -159.611579726585546, 22.083713730296903 ], [ -159.61155902225596, 22.084890485335663 ], [ -159.613028831886766, 22.085328917006073 ], [ -159.613315000660322, 22.085604292549974 ], [ -159.614731614223075, 22.085920514454308 ], [ -159.614019032961892, 22.086563778252945 ], [ -159.612736039258209, 22.0869571284533 ], [ -159.613545631714601, 22.088060680951607 ], [ -159.614785130265574, 22.088032452306486 ], [ -159.615365240776413, 22.088308207139143 ], [ -159.615942942300052, 22.088028094285924 ], [ -159.617078412948217, 22.088045399596712 ], [ -159.617686574506621, 22.087750493004954 ], [ -159.619282421560825, 22.087774793681291 ], [ -159.618830006668389, 22.088601418891617 ], [ -159.618273864674194, 22.0891034858791 ], [ -159.61799126520836, 22.089652025547252 ], [ -159.615950959303376, 22.0899253227992 ], [ -159.615116135579115, 22.090330103919797 ], [ -159.614800737258633, 22.091587682032593 ], [ -159.615801225892454, 22.093379805207086 ], [ -159.613931725715901, 22.093727237179127 ], [ -159.611406177697688, 22.094340516757725 ], [ -159.610447782088556, 22.093740285807808 ], [ -159.609277564450679, 22.09347905491374 ], [ -159.608947004836637, 22.084576806197418 ], [ -159.607210508873436, 22.075972779817555 ], [ -159.607017695722305, 22.07437760943154 ] ] ] } },
{ "type": "Feature", "properties": { "ID": 24, "GRIDCODE": 2 }, "geometry": { "type": "Polygon", "coordinates": [ [ [ -159.693625322728877, 22.065360615246274 ], [ -159.693980270383378, 22.065451892964216 ], [ -159.693726454975518, 22.065690625064338 ], [ -159.693625322728877, 22.065360615246274 ] ] ] } },
{ "type": "Feature", "properties": { "ID": 25, "GRIDCODE": 2 }, "geometry": { "type": "Polygon", "coordinates": [ [ [ -159.615120664607502, 22.065403564057576 ], [ -159.615022572833794, 22.065734375126919 ], [ -159.614766565409809, 22.065497678795953 ], [ -159.615120664607502, 22.065403564057576 ] ] ] } },
{ "type": "Feature", "properties": { "ID": 26, "GRIDCODE": 2 }, "geometry": { "type": "Polygon", "coordinates": [ [ [ -159.615120664607502, 22.065403564057576 ], [ -159.615218755943488, 22.065072752926639 ], [ -159.615474763317678, 22.065309448562534 ], [ -159.615120664607502, 22.065403564057576 ] ] ] } },
{ "type": "Feature", "properties": { "ID": 27, "GRIDCODE": 2 }, "geometry": { "type": "Polygon", "coordinates": [ [ [ -159.622095237085716, 22.064564124673527 ], [ -159.621997162181515, 22.064894939568852 ], [ -159.621741144984071, 22.064658254361067 ], [ -159.622095237085716, 22.064564124673527 ] ] ] } },
{ "type": "Feature", "properties": { "ID": 28, "GRIDCODE": 2 }, "geometry": { "type": "Polygon", "coordinates": [ [ [ -159.622095237085716, 22.064564124673527 ], [ -159.622193311552451, 22.064233309716759 ], [ -159.62244932869956, 22.064469994229508 ], [ -159.622095237085716, 22.064564124673527 ] ] ] } },
{ "type": "Feature", "properties": { "ID": 29, "GRIDCODE": 2 }, "geometry": { "type": "Polygon", "coordinates": [ [ [ -159.619177077861622, 22.062135981951812 ], [ -159.620351783952145, 22.062326529496293 ], [ -159.620769342704023, 22.06363311717832 ], [ -159.621340135925749, 22.064071429931843 ], [ -159.62048203000731, 22.064422199604692 ], [ -159.619273578716331, 22.065239848067467 ], [ -159.615664783133667, 22.064995544626338 ], [ -159.617129918389253, 22.064206002220786 ], [ -159.617877361767484, 22.064132133731498 ], [ -159.618642110869729, 22.064201879889403 ], [ -159.619048123979866, 22.062826567483341 ], [ -159.619177077861622, 22.062135981951812 ] ] ] } },
{ "type": "Feature", "properties": { "ID": 30, "GRIDCODE": 2 }, "geometry": { "type": "Polygon", "coordinates": [ [ [ -159.653413087073091, 22.046283552499691 ], [ -159.65376796347266, 22.046374919483753 ], [ -159.653514111880753, 22.046613590611113 ], [ -159.653413087073091, 22.046283552499691 ] ] ] } },
{ "type": "Feature", "properties": { "ID": 31, "GRIDCODE": 2 }, "geometry": { "type": "Polygon", "coordinates": [ [ [ -159.689253536582413, 22.123106298403886 ], [ -159.689152369769744, 22.122776288905175 ], [ -159.688898446397701, 22.123015022971973 ], [ -159.689253536582413, 22.123106298403886 ], [ -159.689123596102917, 22.123525913680361 ], [ -159.688795255062558, 22.124065722404687 ], [ -159.68970917108777, 22.124311420292408 ], [ -159.690445752770813, 22.124700369486213 ], [ -159.692524428044749, 22.124494066627388 ], [ -159.694052322177669, 22.125719998630476 ], [ -159.692888499656675, 22.126196156035434 ], [ -159.693007682920353, 22.127238304023294 ], [ -159.692356496018647, 22.1277469688028 ], [ -159.693218191716056, 22.128090819167198 ], [ -159.693644431330256, 22.128779093366635 ], [ -159.691759747252462, 22.129130197707891 ], [ -159.691754007138286, 22.129467316189459 ], [ -159.692992100565135, 22.130020478079476 ], [ -159.693593002646168, 22.132164328981396 ], [ -159.692929571582653, 22.131901554021137 ], [ -159.691975250702853, 22.130984538475857 ], [ -159.690653138501034, 22.131626205811024 ], [ -159.689445137989452, 22.131997073470224 ], [ -159.690023336529009, 22.132455902568356 ], [ -159.691761432345061, 22.132842873744941 ], [ -159.691790136535758, 22.133914419347722 ], [ -159.68979191873629, 22.134884186360821 ], [ -159.689162535787943, 22.134898813051485 ], [ -159.688836639033525, 22.130278912824167 ], [ -159.687447754650179, 22.12635178730396 ], [ -159.685432766422963, 22.12307492428064 ], [ -159.683404539286556, 22.121502958316352 ], [ -159.680162139050623, 22.120211877095901 ], [ -159.675131813380489, 22.119503824615609 ], [ -159.652567712269246, 22.119055115920858 ], [ -159.643774511336687, 22.117094704349391 ], [ -159.637281173554754, 22.113966556880357 ], [ -159.638465697229435, 22.113603287788592 ], [ -159.638425631064962, 22.112085318978295 ], [ -159.640045474875819, 22.112048179001224 ], [ -159.6410604118538, 22.112063494980902 ], [ -159.641069925008793, 22.111513177635658 ], [ -159.64105202201813, 22.110835695111525 ], [ -159.641059191295795, 22.110426629194261 ], [ -159.640759955219721, 22.109890979852818 ], [ -159.640615595593317, 22.109482301403254 ], [ -159.641475779549438, 22.109197574407556 ], [ -159.643840595455686, 22.108767207715722 ], [ -159.644238818411537, 22.107972267557564 ], [ -159.644538320764582, 22.107439382652881 ], [ -159.644814481499168, 22.106614485678431 ], [ -159.646694596190883, 22.106676488687068 ], [ -159.647137338926598, 22.105792643466515 ], [ -159.648019734594698, 22.105528463609101 ], [ -159.648439959213221, 22.103852789820102 ], [ -159.649901932084532, 22.104203556545993 ], [ -159.651953604225383, 22.104119588397044 ], [ -159.653564815762877, 22.103586121435185 ], [ -159.65410241736322, 22.102512656949905 ], [ -159.654465043831806, 22.101867389711455 ], [ -159.653533075414373, 22.099423263063763 ], [ -159.654092726647718, 22.097914627487622 ], [ -159.654066527790405, 22.09736018462285 ], [ -159.655102737044899, 22.09749993152866 ], [ -159.654886034994007, 22.098406993454084 ], [ -159.655241482897992, 22.099547019538583 ], [ -159.656147301917457, 22.099784432207908 ], [ -159.656759537344357, 22.100116530754889 ], [ -159.657483172884127, 22.099266995000971 ], [ -159.658183031937142, 22.099776245693388 ], [ -159.65889692832107, 22.100860925703234 ], [ -159.660931777107976, 22.101262597173868 ], [ -159.660140985581677, 22.102280649095892 ], [ -159.660841148885908, 22.103810440176616 ], [ -159.662276063139302, 22.104367059159788 ], [ -159.663411170996682, 22.105205489277743 ], [ -159.664355820175757, 22.105453027910936 ], [ -159.664170660467704, 22.106891409500399 ], [ -159.664827043520859, 22.107648420440075 ], [ -159.665474227796011, 22.107570727214345 ], [ -159.666039131337271, 22.108804839205614 ], [ -159.666948636759628, 22.108443330325475 ], [ -159.667204430388466, 22.107595645467047 ], [ -159.667586080709384, 22.107638302487167 ], [ -159.668722419990701, 22.106782697407922 ], [ -159.668647363189393, 22.106239740141159 ], [ -159.669417792142212, 22.10593349887121 ], [ -159.669616562041995, 22.104388949393694 ], [ -159.668966157143501, 22.103907949023505 ], [ -159.670821028799054, 22.103526004177255 ], [ -159.670215327503428, 22.102076685393872 ], [ -159.671713598513151, 22.102244105886793 ], [ -159.672852109700585, 22.101830906451628 ], [ -159.673791991890141, 22.101935919688234 ], [ -159.674895207493336, 22.101105164135763 ], [ -159.674150140101574, 22.100554190025861 ], [ -159.673890050464223, 22.100254268965209 ], [ -159.671302842611539, 22.099963510197075 ], [ -159.67046944264311, 22.099347194277208 ], [ -159.672371958262289, 22.098259580760313 ], [ -159.672428283880834, 22.097821885434339 ], [ -159.671223888102077, 22.097584234912347 ], [ -159.671292578628083, 22.097050497186917 ], [ -159.670950347249629, 22.097012251904456 ], [ -159.670514360376131, 22.097064609414076 ], [ -159.670077895683875, 22.097015831313552 ], [ -159.669083334637548, 22.097135251834498 ], [ -159.668569943094468, 22.096755568577848 ], [ -159.668683026490356, 22.095876753970519 ], [ -159.6683401496106, 22.095127672310333 ], [ -159.66732561258641, 22.094861822699947 ], [ -159.667528469092531, 22.093285653776753 ], [ -159.66700561990757, 22.092898956872361 ], [ -159.668657708503815, 22.091654914299273 ], [ -159.668558994735719, 22.090940944312106 ], [ -159.668627555109254, 22.090408117467764 ], [ -159.666893876916077, 22.089953799018378 ], [ -159.666823468937281, 22.089444532700249 ], [ -159.667793178241851, 22.08889019572155 ], [ -159.666950989316376, 22.088267278539288 ], [ -159.666560912488279, 22.087817377507562 ], [ -159.665901760903864, 22.087329830744569 ], [ -159.6659832421077, 22.086696642470258 ], [ -159.664418726564463, 22.086089703843779 ], [ -159.664964234941635, 22.084749650612153 ], [ -159.663895232468406, 22.084334924359727 ], [ -159.663608784076928, 22.084004506480575 ], [ -159.662170854297443, 22.083496050867172 ], [ -159.661704465080476, 22.0835520472322 ], [ -159.661884967055897, 22.082149827240251 ], [ -159.6608589522817, 22.080661010868837 ], [ -159.662776354800201, 22.07921717222446 ], [ -159.662381334402255, 22.078597047996897 ], [ -159.662496226173801, 22.077704382412094 ], [ -159.660741718340262, 22.077244504170995 ], [ -159.661277263082781, 22.075928884718095 ], [ -159.660941390477859, 22.075124836695156 ], [ -159.66100925443493, 22.07459765517665 ], [ -159.660230686818295, 22.074510580525704 ], [ -159.659176070919784, 22.074637177595786 ], [ -159.659593070851969, 22.073253359076809 ], [ -159.659206933901942, 22.07321016999278 ], [ -159.658916321089407, 22.073245053213856 ], [ -159.658529616107302, 22.073201798646664 ], [ -159.656891609935712, 22.073796199715247 ], [ -159.655574271614682, 22.073648158370368 ], [ -159.655713470490014, 22.073506928465115 ], [ -159.657187699517806, 22.072965022858853 ], [ -159.657153226694362, 22.07223425949239 ], [ -159.658333987933901, 22.07188059436201 ], [ -159.658749685833101, 22.071050355943086 ], [ -159.659217121108099, 22.070218303446779 ], [ -159.657425247046319, 22.069438866200009 ], [ -159.658891101687317, 22.068999803818716 ], [ -159.658603643800149, 22.068334919885256 ], [ -159.657995645079097, 22.068359830209662 ], [ -159.657442835725078, 22.067808528824187 ], [ -159.657139798526174, 22.067549046509754 ], [ -159.656858814552407, 22.067268830814751 ], [ -159.655974266349119, 22.067011679907083 ], [ -159.655402529627281, 22.066732627101196 ], [ -159.654237925458801, 22.0663940608746 ], [ -159.654545841874608, 22.066173202857257 ], [ -159.655399512075064, 22.06620131427854 ], [ -159.656907703428175, 22.065113675705625 ], [ -159.658266960225063, 22.065777116314685 ], [ -159.659179946853499, 22.065370993581304 ], [ -159.658520023584856, 22.063891681551119 ], [ -159.659737179260532, 22.063350243105123 ], [ -159.659454255329479, 22.062651017400771 ], [ -159.658870804156123, 22.061633825976909 ], [ -159.658823023921315, 22.060620993992387 ], [ -159.661175783541523, 22.060088550426993 ], [ -159.660895395565944, 22.059934983432527 ], [ -159.65914738670628, 22.059174589568595 ], [ -159.65949930100706, 22.058772593710735 ], [ -159.660016094651098, 22.058322357827063 ], [ -159.659990310541986, 22.057775620431499 ], [ -159.660021042476217, 22.05696428277648 ], [ -159.659123161856769, 22.056428917050582 ], [ -159.659143273309411, 22.055897973948117 ], [ -159.65854937966995, 22.055608086014551 ], [ -159.657943863478323, 22.055344659980346 ], [ -159.657974478628716, 22.054536267167588 ], [ -159.657338852049435, 22.053991979212583 ], [ -159.658199743967458, 22.053241934575844 ], [ -159.656829020584098, 22.052843454398971 ], [ -159.657488676100854, 22.052268737812739 ], [ -159.655915525923149, 22.051584325336069 ], [ -159.655901523185122, 22.051287520501035 ], [ -159.655922593167617, 22.050730983070572 ], [ -159.654836810903333, 22.049801158926336 ], [ -159.656436617398469, 22.048407349368109 ], [ -159.655584243046462, 22.048036520682082 ], [ -159.655613293928241, 22.047270910996531 ], [ -159.655019399671176, 22.046678507130157 ], [ -159.654143791063575, 22.045928655919102 ], [ -159.655598332535789, 22.046134144658993 ], [ -159.656123533519661, 22.047160170137438 ], [ -159.657928502442928, 22.047219607249776 ], [ -159.658807365736209, 22.046650604792926 ], [ -159.659372003944526, 22.047213800174813 ], [ -159.659813148034544, 22.04719572918258 ], [ -159.660849284967753, 22.047229828211726 ], [ -159.660786931215796, 22.045907637830688 ], [ -159.661886959044381, 22.044496719776046 ], [ -159.66313627973733, 22.044445496466608 ], [ -159.663174829137972, 22.045262394201778 ], [ -159.662850919847187, 22.045839082540788 ], [ -159.663345920404538, 22.046702036870844 ], [ -159.66248678469583, 22.049019262868523 ], [ -159.663032830703145, 22.04948680884387 ], [ -159.663655151023761, 22.050107502768856 ], [ -159.664033135109833, 22.049352421036033 ], [ -159.664345197386979, 22.049080496671333 ], [ -159.664307820410727, 22.048288473988421 ], [ -159.664898962538189, 22.047993795720725 ], [ -159.665983180637653, 22.047668939553542 ], [ -159.666852738113505, 22.045559965706797 ], [ -159.668346281914296, 22.045498675774454 ], [ -159.668820775845802, 22.046325866910699 ], [ -159.668256344765496, 22.04745358181103 ], [ -159.66724583783656, 22.049252860991515 ], [ -159.667210759101323, 22.050180308464142 ], [ -159.667815038420088, 22.049879081736403 ], [ -159.668987768416002, 22.049613593738197 ], [ -159.669522341018677, 22.049071001984949 ], [ -159.669997125729822, 22.049051525237537 ], [ -159.670578665057747, 22.04907061560759 ], [ -159.671589120815156, 22.049029138623258 ], [ -159.671625593088407, 22.04980129565147 ], [ -159.671098966447147, 22.050853532948405 ], [ -159.66985646467603, 22.051225851305517 ], [ -159.669438974023848, 22.051649591789953 ], [ -159.668453172590773, 22.052508586699506 ], [ -159.668049725866467, 22.053596868991391 ], [ -159.668998739136811, 22.053123766534618 ], [ -159.669581544202487, 22.053408219492951 ], [ -159.670656669159797, 22.052872228815268 ], [ -159.671618324356672, 22.052584063779079 ], [ -159.67312967652262, 22.051493768694229 ], [ -159.673519780298136, 22.052843799188036 ], [ -159.672913399185887, 22.053923531752627 ], [ -159.67467100545116, 22.053473967679857 ], [ -159.675549330743991, 22.05270857643319 ], [ -159.676486385549765, 22.051757404526509 ], [ -159.676895186468016, 22.053539372349761 ], [ -159.676835239059557, 22.055126959009986 ], [ -159.677733900573088, 22.054727030272627 ], [ -159.678672697459888, 22.054119082070365 ], [ -159.680047718411089, 22.054518617016615 ], [ -159.67977030686697, 22.054989607098268 ], [ -159.678775214235543, 22.055432459373531 ], [ -159.677730527059765, 22.056342851075229 ], [ -159.677176465810788, 22.057449891031396 ], [ -159.674553617684751, 22.058235906108845 ], [ -159.674521203251516, 22.059094064983647 ], [ -159.675624110495932, 22.058544230373563 ], [ -159.676438048386643, 22.058510795134683 ], [ -159.676874232098498, 22.058525103448748 ], [ -159.677164918924746, 22.058513148744233 ], [ -159.67746046464049, 22.058522843213279 ], [ -159.678505394592634, 22.058001879913704 ], [ -159.68058625058012, 22.057916336922609 ], [ -159.681251809895286, 22.05848606386127 ], [ -159.682031409906472, 22.059263375741018 ], [ -159.683876609212717, 22.058651849464535 ], [ -159.684912352299392, 22.059102219506897 ], [ -159.684144203970533, 22.059882004550229 ], [ -159.682720523037602, 22.059835363669926 ], [ -159.681799491997566, 22.06014059542488 ], [ -159.680144615835303, 22.060086343099936 ], [ -159.67951336531695, 22.060636417137044 ], [ -159.679218616345509, 22.061225388341789 ], [ -159.678118770925806, 22.062574733939613 ], [ -159.678933049315049, 22.062310658330453 ], [ -159.679737337244092, 22.061494255716603 ], [ -159.680676602994879, 22.062022303280738 ], [ -159.680656162853154, 22.062564199020532 ], [ -159.681259013877963, 22.062300991248836 ], [ -159.682147845909583, 22.061857838531164 ], [ -159.682121239458809, 22.062563259342618 ], [ -159.682193914431963, 22.06409909524444 ], [ -159.681688521497364, 22.06499909108847 ], [ -159.683577390646974, 22.064020487758302 ], [ -159.683591680561818, 22.06364120711142 ], [ -159.683553910725351, 22.062842709808056 ], [ -159.683877026041131, 22.062561091837122 ], [ -159.684413212361875, 22.062016808074723 ], [ -159.685359359214829, 22.062407221293352 ], [ -159.685303159191307, 22.063898650767463 ], [ -159.685831654665094, 22.063915955782957 ], [ -159.687079158420914, 22.063360740414456 ], [ -159.688175461506319, 22.062814091730555 ], [ -159.687904532177868, 22.063470683156943 ], [ -159.687364023656215, 22.064433305235983 ], [ -159.687087017191601, 22.064986832379685 ], [ -159.686154216516883, 22.065799773101176 ], [ -159.684773043478515, 22.067494328356116 ], [ -159.68506351691164, 22.067434504727625 ], [ -159.685923352790809, 22.067149559231396 ], [ -159.686805857513463, 22.066885042486849 ], [ -159.686787395702396, 22.066494584764587 ], [ -159.688189892403898, 22.065795259595721 ], [ -159.688836723461492, 22.066053236266754 ], [ -159.689121439920115, 22.066337052352523 ], [ -159.690225157399652, 22.065786686297585 ], [ -159.691009237272112, 22.06635739318298 ], [ -159.690563080825086, 22.067151975768429 ], [ -159.691738346603842, 22.067103588732213 ], [ -159.691462775407956, 22.067949625085824 ], [ -159.691010986745653, 22.068754273459202 ], [ -159.69186572719488, 22.068451651758892 ], [ -159.693427513939753, 22.067672852873727 ], [ -159.694642030157411, 22.067622822863751 ], [ -159.692619959413122, 22.069018489938284 ], [ -159.692341645107604, 22.069301010523663 ], [ -159.691487594574539, 22.070045363445423 ], [ -159.691449528748478, 22.071056094455667 ], [ -159.692348246153472, 22.070656084695006 ], [ -159.692978721650803, 22.070341701976069 ], [ -159.694090359685333, 22.070378062380978 ], [ -159.694952461535024, 22.070092298991668 ], [ -159.695247676677752, 22.070101962173897 ], [ -159.69582909261311, 22.070078002398169 ], [ -159.696117075203034, 22.070640090423687 ], [ -159.696701060477295, 22.071139845265812 ], [ -159.696185501940391, 22.072225674415549 ], [ -159.694454358695793, 22.073088920383864 ], [ -159.693237369870701, 22.073049138676311 ], [ -159.692784257465348, 22.073954635796458 ], [ -159.690375790418841, 22.073875857429943 ], [ -159.690019261686018, 22.074186560650485 ], [ -159.690912833043654, 22.074446117000022 ], [ -159.692700579837037, 22.075021669293392 ], [ -159.694270678455297, 22.074956983697607 ], [ -159.695730624277473, 22.07527456843447 ], [ -159.694416070054871, 22.07729621445834 ], [ -159.695300346861586, 22.077072617576292 ], [ -159.697552416785442, 22.075614053350282 ], [ -159.697898380238172, 22.076616562313006 ], [ -159.698990464409036, 22.076571553261605 ], [ -159.700510004425524, 22.077012803758464 ], [ -159.700079896280471, 22.077609254796606 ], [ -159.698853821749566, 22.078154983456631 ], [ -159.698077937110753, 22.078831215229318 ], [ -159.69850255855502, 22.079570951797169 ], [ -159.697182094912023, 22.08037370001113 ], [ -159.699926148720778, 22.080711306457466 ], [ -159.699987663469244, 22.082007699878073 ], [ -159.697834322647338, 22.081937354422866 ], [ -159.696766820125049, 22.082291185394997 ], [ -159.695425758874933, 22.082693201327942 ], [ -159.696178330232925, 22.083337128276384 ], [ -159.695614085838798, 22.08446466558641 ], [ -159.694579130918754, 22.084430837446813 ], [ -159.693289651915904, 22.084817349163249 ], [ -159.693861129812973, 22.085013740148216 ], [ -159.694776140734405, 22.085279468293145 ], [ -159.695847798386779, 22.086347609225044 ], [ -159.696371762264022, 22.086364732167706 ], [ -159.69719051437545, 22.084728557455502 ], [ -159.697653769254316, 22.085258298833107 ], [ -159.698045672648277, 22.086393803737938 ], [ -159.698815638422104, 22.087161193434348 ], [ -159.699675656481645, 22.08712573848252 ], [ -159.700153854416158, 22.088378777627071 ], [ -159.698836991583903, 22.089328861610134 ], [ -159.696791596985832, 22.089598290119874 ], [ -159.695924987103893, 22.089885506808052 ], [ -159.695132249360597, 22.089498875351197 ], [ -159.692733029826542, 22.089936316149977 ], [ -159.693013886049897, 22.090166710004016 ], [ -159.694163763795018, 22.090666519366533 ], [ -159.694471871655594, 22.090973581582343 ], [ -159.694775026254149, 22.091232990977712 ], [ -159.695057458726865, 22.091784151565243 ], [ -159.696260467390061, 22.092045816695187 ], [ -159.69680627882417, 22.092589764598429 ], [ -159.698903967980669, 22.094230414402031 ], [ -159.697529720304118, 22.094185518396916 ], [ -159.696233919386884, 22.094479017928411 ], [ -159.695085785093397, 22.095307285124345 ], [ -159.694215225044729, 22.095694703365133 ], [ -159.695952999735681, 22.09584593135375 ], [ -159.696622011563164, 22.095818367885862 ], [ -159.698012232826926, 22.096646601665082 ], [ -159.697991166715184, 22.097206777252481 ], [ -159.699174881324552, 22.097721226155439 ], [ -159.69855833473332, 22.098564462367353 ], [ -159.698608758376338, 22.099627067582844 ], [ -159.69506080587243, 22.100094347676801 ], [ -159.693630403009081, 22.100730879654343 ], [ -159.695113608516579, 22.100988251907591 ], [ -159.69568555910223, 22.101267159209641 ], [ -159.696588769266128, 22.101659700166572 ], [ -159.696562076793725, 22.10236945285353 ], [ -159.698889649769228, 22.102273522037326 ], [ -159.698612883920305, 22.102880793201845 ], [ -159.697810353303794, 22.103580115000607 ], [ -159.697182520960411, 22.10469814360005 ], [ -159.6990594256892, 22.104076096469335 ], [ -159.700350831866217, 22.105630562727491 ], [ -159.700379518687896, 22.106234757016757 ], [ -159.699504072662421, 22.106671246295925 ], [ -159.698621773920308, 22.106935701954587 ], [ -159.697755063245467, 22.107222938674528 ], [ -159.697015462766387, 22.10686227791593 ], [ -159.696019172025018, 22.107730390385509 ], [ -159.696301401976257, 22.107769326133351 ], [ -159.696861106061306, 22.107746262525936 ], [ -159.697754649326697, 22.108033822116024 ], [ -159.700664858862922, 22.108391751132221 ], [ -159.700347863817484, 22.110171092359625 ], [ -159.699240613511932, 22.110216734998591 ], [ -159.698677882541119, 22.10965598964507 ], [ -159.697763930399617, 22.10992057639189 ], [ -159.697372223858366, 22.111092060158235 ], [ -159.696910521874372, 22.111560671395935 ], [ -159.694936150683588, 22.112007793294861 ], [ -159.693704070294757, 22.11237703852699 ], [ -159.692047088944662, 22.112926105311889 ], [ -159.691669511048644, 22.112667024133703 ], [ -159.691127884846054, 22.112127278595512 ], [ -159.69143076437561, 22.113421624722537 ], [ -159.694303475955962, 22.11372958645617 ], [ -159.694879890421191, 22.114010667869319 ], [ -159.696098674765295, 22.113606782365874 ], [ -159.698078203701158, 22.114679811953074 ], [ -159.697218688105977, 22.115082600790199 ], [ -159.696320130812097, 22.115351903197613 ], [ -159.695677434814911, 22.117273897897249 ], [ -159.694178134710569, 22.118021319883155 ], [ -159.69168678962879, 22.11834934222286 ], [ -159.692274597774173, 22.118852183196847 ], [ -159.692575146549245, 22.119438659374307 ], [ -159.694332671522886, 22.119691876247309 ], [ -159.695195560027855, 22.119969562264707 ], [ -159.696080505871549, 22.120226472536583 ], [ -159.697177339877499, 22.120761274845307 ], [ -159.697677460190022, 22.120777607582617 ], [ -159.698593913341682, 22.120739836912414 ], [ -159.701311515552788, 22.121528704519211 ], [ -159.701014369393505, 22.122155453281813 ], [ -159.69941935256216, 22.122103396674497 ], [ -159.697724644519752, 22.123200659408894 ], [ -159.695791917577395, 22.122948226921324 ], [ -159.693569117689719, 22.12241564659594 ], [ -159.692590984557597, 22.122680478578999 ], [ -159.690905453074464, 22.123771694353348 ], [ -159.690268045695632, 22.123513710110561 ], [ -159.689696014089094, 22.123234770090892 ], [ -159.689253536582413, 22.123106298403886 ] ] ] } },
{ "type": "Feature", "properties": { "ID": 32, "GRIDCODE": 2 }, "geometry": { "type": "Polygon", "coordinates": [ [ [ -159.660659552286972, 22.041647089704888 ], [ -159.661328590778368, 22.041754243988034 ], [ -159.660819099913084, 22.041990567255478 ], [ -159.660659552286972, 22.041647089704888 ] ] ] } },
{ "type": "Feature", "properties": { "ID": 33, "GRIDCODE": 2 }, "geometry": { "type": "Polygon", "coordinates": [ [ [ -159.662394950206647, 22.039742921147663 ], [ -159.662749815390868, 22.039834268997623 ], [ -159.662495990613877, 22.040072953579653 ], [ -159.662394950206647, 22.039742921147663 ] ] ] } },
{ "type": "Feature", "properties": { "ID": 34, "GRIDCODE": 2 }, "geometry": { "type": "Polygon", "coordinates": [ [ [ -159.588255625922898, 22.037586781773975 ], [ -159.589063501198723, 22.038185166180327 ], [ -159.588367570351579, 22.040665340081443 ], [ -159.585223777040824, 22.038666510054878 ], [ -159.585786713913677, 22.038246793362323 ], [ -159.58666340188131, 22.038839054561624 ], [ -159.588127008135359, 22.037737743532681 ], [ -159.588255625922898, 22.037586781773975 ] ] ] } },
{ "type": "Feature", "properties": { "ID": 35, "GRIDCODE": 2 }, "geometry": { "type": "Polygon", "coordinates": [ [ [ -159.582146483956535, 22.036524507139106 ], [ -159.582501294180958, 22.036616030288876 ], [ -159.582247337132941, 22.036854593557774 ], [ -159.582146483956535, 22.036524507139106 ] ] ] } },
{ "type": "Feature", "properties": { "ID": 36, "GRIDCODE": 2 }, "geometry": { "type": "Polygon", "coordinates": [ [ [ -159.602247060787079, 22.046479750398387 ], [ -159.602146154149068, 22.046149677866818 ], [ -159.601892214206657, 22.046388270972162 ], [ -159.602247060787079, 22.046479750398387 ], [ -159.602694763760667, 22.047161950586144 ], [ -159.602678117853088, 22.048108331761011 ], [ -159.6049224408859, 22.048609631759035 ], [ -159.60530845913226, 22.049236123594607 ], [ -159.603858614117826, 22.050129933280051 ], [ -159.603576031899252, 22.050678450143117 ], [ -159.602948150322334, 22.051549368960401 ], [ -159.602412880601349, 22.052032530492145 ], [ -159.60242320590595, 22.052425878300806 ], [ -159.6061174195045, 22.051706294402866 ], [ -159.606772935219908, 22.051777196706389 ], [ -159.605995161051737, 22.053198489215372 ], [ -159.606522841249529, 22.053667370079125 ], [ -159.604462440667589, 22.055527448847034 ], [ -159.604484133697241, 22.056356073771049 ], [ -159.60417696572307, 22.056633343687302 ], [ -159.603877546384439, 22.057214527312638 ], [ -159.603899408268092, 22.058050165392636 ], [ -159.605635770016733, 22.057711949667979 ], [ -159.606074329556918, 22.057718663370309 ], [ -159.606543124644844, 22.057708010538438 ], [ -159.607668140157557, 22.057162467331892 ], [ -159.608275627081866, 22.056884951854833 ], [ -159.609117287149729, 22.056061818282611 ], [ -159.610012710475075, 22.056075521745523 ], [ -159.6105732275565, 22.056615033194898 ], [ -159.611152381020673, 22.057129593862538 ], [ -159.611526178840535, 22.057840561917036 ], [ -159.611061413505467, 22.058689876333592 ], [ -159.611610578570151, 22.059177749005066 ], [ -159.612039747129586, 22.059590819057451 ], [ -159.612628199745586, 22.059854215358527 ], [ -159.613205060138483, 22.060128504470118 ], [ -159.614084262519924, 22.060390805709854 ], [ -159.61437155278594, 22.060937200711933 ], [ -159.615111576240167, 22.061268436341255 ], [ -159.614190253885795, 22.062546423020034 ], [ -159.611534414152572, 22.06304005739181 ], [ -159.610900057918315, 22.063660435283353 ], [ -159.610314495477525, 22.064189052383526 ], [ -159.610353904992081, 22.0652831903597 ], [ -159.611714360118498, 22.064623477641039 ], [ -159.613420201155549, 22.065160610941167 ], [ -159.614282223420332, 22.065990215386179 ], [ -159.613072817143092, 22.067667822776709 ], [ -159.61411704139212, 22.067979345179015 ], [ -159.614579299866051, 22.069716483759603 ], [ -159.613497419262586, 22.069038817176114 ], [ -159.611510368490059, 22.069084055024614 ], [ -159.610921950767846, 22.068804279008315 ], [ -159.61021625535227, 22.068820328278175 ], [ -159.609762105758136, 22.06950639603614 ], [ -159.610848776236594, 22.070987860341543 ], [ -159.609765480079773, 22.070971290610164 ], [ -159.609082275115213, 22.070986837807528 ], [ -159.60969128696982, 22.07262382834465 ], [ -159.607450977159118, 22.072589551090637 ], [ -159.607161952069731, 22.073431204312456 ], [ -159.606811213349943, 22.073969127305215 ], [ -159.605379794305065, 22.069112082892591 ], [ -159.600405398340712, 22.058549819055173 ], [ -159.596293584819222, 22.049802687330885 ], [ -159.589348392475358, 22.041426305143702 ], [ -159.588996994070584, 22.040413722286367 ], [ -159.59173519662437, 22.038505996116125 ], [ -159.592910801400052, 22.038524109265666 ], [ -159.593652117613829, 22.0385073300166 ], [ -159.593623892703221, 22.03742343054898 ], [ -159.594215560018199, 22.037704882242135 ], [ -159.595202635733131, 22.03722625955286 ], [ -159.59572078574169, 22.036220652763649 ], [ -159.596344920210299, 22.035798576974397 ], [ -159.595936720309822, 22.036924790877944 ], [ -159.595984738441473, 22.038765417038899 ], [ -159.595671792651416, 22.039047902957222 ], [ -159.595390399246099, 22.039883258169237 ], [ -159.59597398882724, 22.040401929122535 ], [ -159.596261167997511, 22.040948359719195 ], [ -159.59683806851416, 22.041461063516465 ], [ -159.599162506971226, 22.039577219534014 ], [ -159.599742906883506, 22.039335963179422 ], [ -159.599165929421929, 22.040390281991879 ], [ -159.59865813853159, 22.041375845253423 ], [ -159.600073359674866, 22.040918472087469 ], [ -159.601182121730375, 22.040935496634532 ], [ -159.603542552811064, 22.04047572943044 ], [ -159.603520861860943, 22.041704039374274 ], [ -159.603893902896857, 22.042707212473335 ], [ -159.603537178066205, 22.043359125950264 ], [ -159.604189134875099, 22.043938521596019 ], [ -159.605293847689495, 22.044433117754743 ], [ -159.605776918827274, 22.045352077157798 ], [ -159.60504561605353, 22.046012310213452 ], [ -159.602247060787079, 22.046479750398387 ] ] ] } },
{ "type": "Feature", "properties": { "ID": 37, "GRIDCODE": 2 }, "geometry": { "type": "Polygon", "coordinates": [ [ [ -159.582341891021855, 22.013215569523187 ], [ -159.58331459148198, 22.013329907750911 ], [ -159.582540229080251, 22.013563523538416 ], [ -159.582341891021855, 22.013215569523187 ] ] ] } },
{ "type": "Feature", "properties": { "ID": 38, "GRIDCODE": 2 }, "geometry": { "type": "Polygon", "coordinates": [ [ [ -159.580869862037787, 22.008613340212477 ], [ -159.581318826222514, 22.008737667845772 ], [ -159.581290030189109, 22.009088943315753 ], [ -159.580717578644709, 22.009552398780333 ], [ -159.579292710888382, 22.011225533895949 ], [ -159.579863045096602, 22.011180772655283 ], [ -159.580399230554946, 22.011219039597027 ], [ -159.581318563074831, 22.010900521993626 ], [ -159.582180831389906, 22.011465999247264 ], [ -159.582908929346672, 22.011408839443195 ], [ -159.58228493011049, 22.013012154628218 ], [ -159.580733036445622, 22.013346716091107 ], [ -159.579877461792165, 22.013643119838818 ], [ -159.577642262576546, 22.013327877149457 ], [ -159.576174194283936, 22.013443065615412 ], [ -159.575816901996689, 22.014197286868242 ], [ -159.575407652465827, 22.014720628933556 ], [ -159.574324160355303, 22.014161912725381 ], [ -159.572915456036895, 22.014272430893435 ], [ -159.572199426178571, 22.012532661623982 ], [ -159.573155254063721, 22.012600917015952 ], [ -159.573753039585569, 22.012287188080954 ], [ -159.574692824152635, 22.012019750981789 ], [ -159.574618990667659, 22.01120135474401 ], [ -159.57517477710914, 22.01075142743564 ], [ -159.576084742671554, 22.011220676470362 ], [ -159.576654050435707, 22.010921875508913 ], [ -159.57822328057344, 22.010649225563036 ], [ -159.579108692411126, 22.009683512305283 ], [ -159.579725636613944, 22.009184091274637 ], [ -159.580735919837053, 22.008759402204333 ], [ -159.580869862037787, 22.008613340212477 ] ] ] } },
{ "type": "Feature", "properties": { "ID": 39, "GRIDCODE": 2 }, "geometry": { "type": "Polygon", "coordinates": [ [ [ -159.574160001739529, 22.002403354212181 ], [ -159.574842052681049, 22.002533451136866 ], [ -159.574524926200297, 22.003037626697076 ], [ -159.573200601655344, 22.00282402007446 ], [ -159.574060457792854, 22.002581233392259 ], [ -159.574160001739529, 22.002403354212181 ] ] ] } },
{ "type": "Feature", "properties": { "ID": 40, "GRIDCODE": 2 }, "geometry": { "type": "Polygon", "coordinates": [ [ [ -159.564824442904637, 21.993491864305444 ], [ -159.563536762225795, 21.993171039744382 ], [ -159.564310213829714, 21.992852159841657 ], [ -159.564824442904637, 21.993491864305444 ] ] ] } },
{ "type": "Feature", "properties": { "ID": 41, "GRIDCODE": 2 }, "geometry": { "type": "Polygon", "coordinates": [ [ [ -159.564824442904637, 21.993491864305444 ], [ -159.564981029796627, 21.993616764721303 ], [ -159.566497748559641, 21.993919814688486 ], [ -159.567119442412348, 21.993871067148902 ], [ -159.566527842333016, 21.992385734559125 ], [ -159.567880754594512, 21.992000734805149 ], [ -159.568148634947534, 21.991708631231592 ], [ -159.569202134398665, 21.991183072561988 ], [ -159.568463964501206, 21.992427803420092 ], [ -159.56817799036375, 21.993664017670817 ], [ -159.569482087549261, 21.994201302560427 ], [ -159.568846451042475, 21.995273176789443 ], [ -159.569878576409309, 21.996620099728563 ], [ -159.571591122377413, 21.996026826605505 ], [ -159.572100137664137, 21.996063181817121 ], [ -159.572535931177583, 21.996029006976304 ], [ -159.572860488855525, 21.996052190828507 ], [ -159.572794805940845, 21.996852069966359 ], [ -159.572843739796156, 21.997393953708091 ], [ -159.572758505956386, 21.998431695013355 ], [ -159.571664162105691, 21.998743131585687 ], [ -159.57111030293666, 22.000197366459599 ], [ -159.572301619598221, 22.001751835121066 ], [ -159.572255075771494, 22.002318368906515 ], [ -159.57295238825256, 22.002874348611321 ], [ -159.571683716583152, 22.003621553450561 ], [ -159.571314937433243, 22.004023738520711 ], [ -159.570527756851703, 22.003617787935934 ], [ -159.56996411219356, 22.004282163318376 ], [ -159.570558980433134, 22.005267762231711 ], [ -159.569692349520352, 22.005632007126017 ], [ -159.568526655415411, 22.002799282543776 ], [ -159.566801599717508, 21.999018761052781 ], [ -159.566451306455832, 21.997948135604467 ], [ -159.566074049802381, 21.997000957486211 ], [ -159.566739911655276, 21.995511066890188 ], [ -159.56606291587704, 21.995232153861451 ], [ -159.565031070705857, 21.994123545160068 ], [ -159.564824442904637, 21.993491864305444 ] ] ] } },
{ "type": "Feature", "properties": { "ID": 42, "GRIDCODE": 2 }, "geometry": { "type": "Polygon", "coordinates": [ [ [ -155.676863176754864, 20.024014172439081 ], [ -155.67726656113004, 20.024427214383561 ], [ -155.67844148635055, 20.024721358095103 ], [ -155.678982356815879, 20.02527499783405 ], [ -155.679874778176014, 20.025567396648462 ], [ -155.680693345811733, 20.025567032086393 ], [ -155.682103832727762, 20.026687342537073 ], [ -155.683237917495688, 20.027515580767101 ], [ -155.683777170570011, 20.028067592133429 ], [ -155.68465267198286, 20.028354364248273 ], [ -155.68527988493463, 20.028674684206454 ], [ -155.686335414940658, 20.029754997588356 ], [ -155.686930651904277, 20.028932880636646 ], [ -155.687849772120188, 20.028967948560918 ], [ -155.689498104560784, 20.029809883475355 ], [ -155.689469552871117, 20.030477898053647 ], [ -155.689469866202074, 20.030903332285888 ], [ -155.690755685080887, 20.030902551292623 ], [ -155.691519954807859, 20.030931662259238 ], [ -155.692851363668638, 20.03229407169891 ], [ -155.694063124677001, 20.03287807134528 ], [ -155.695666786868031, 20.032877118832776 ], [ -155.697618117009057, 20.033388721963462 ], [ -155.699127052900394, 20.034587039343872 ], [ -155.700097937967058, 20.034905004921189 ], [ -155.700525000085378, 20.036237659187385 ], [ -155.700720535675828, 20.036506774438621 ], [ -155.701146003250926, 20.035345504777986 ], [ -155.702122270213152, 20.033638327876268 ], [ -155.713535956220966, 20.038448988385433 ], [ -155.728112879630856, 20.045543419633823 ], [ -155.738523936909218, 20.052232317375193 ], [ -155.755451842745003, 20.063987821573953 ], [ -155.776877807016177, 20.080790707766255 ], [ -155.779213499205525, 20.083178259911133 ], [ -155.787361699584693, 20.091444648463678 ], [ -155.792106724733884, 20.096293710850478 ], [ -155.792391740905515, 20.097498459535153 ], [ -155.793515937121555, 20.098867475682479 ], [ -155.793785722529208, 20.099419213234359 ], [ -155.79437642120385, 20.099703370268617 ], [ -155.794325409266122, 20.100915625679047 ], [ -155.794326603064178, 20.101914778028181 ], [ -155.795438883588048, 20.102964012326986 ], [ -155.795708681043237, 20.103515748592997 ], [ -155.795989888131345, 20.1040571150149 ], [ -155.796259688943991, 20.104608850897488 ], [ -155.796540899449212, 20.105150216907091 ], [ -155.796805191151009, 20.105972624048214 ], [ -155.797378578807866, 20.106805936394494 ], [ -155.797333515670431, 20.107877892540348 ], [ -155.798183110258009, 20.107876934873101 ], [ -155.798886819363162, 20.108235719215816 ], [ -155.798463895931178, 20.10897596559133 ], [ -155.797857398445899, 20.110881504417236 ], [ -155.798994205119044, 20.111953779813785 ], [ -155.798947948716261, 20.113057049859957 ], [ -155.798093116580731, 20.113025123968097 ], [ -155.798352866403974, 20.114964779213484 ], [ -155.798325728242048, 20.115610013666544 ], [ -155.798326362626312, 20.116018695119848 ], [ -155.798020979488911, 20.116553102458187 ], [ -155.79889166665933, 20.117374497808623 ], [ -155.799455980649157, 20.116840826517521 ], [ -155.800107749624061, 20.116865225960836 ], [ -155.800559100258482, 20.118772795926315 ], [ -155.801136641488824, 20.11877217823784 ], [ -155.80140647632561, 20.119324043510026 ], [ -155.801687724475357, 20.11986540652401 ], [ -155.801957565364063, 20.12041713924669 ], [ -155.803058206235988, 20.121455160130271 ], [ -155.803492264479615, 20.122343181495328 ], [ -155.803914434503497, 20.123155228340593 ], [ -155.803902670169748, 20.12343081186582 ], [ -155.804324844539792, 20.124242858325971 ], [ -155.804740099976556, 20.125092459520143 ], [ -155.804707342866209, 20.125877212717164 ], [ -155.805277599018694, 20.126415222025521 ], [ -155.805539809507906, 20.127522242031731 ], [ -155.805912077900672, 20.129013355246283 ], [ -155.804612393393768, 20.13075165037926 ], [ -155.804895285247426, 20.131296082207175 ], [ -155.805378021271252, 20.132283749387842 ], [ -155.804550928932628, 20.133731415973685 ], [ -155.805446772506144, 20.134023999389093 ], [ -155.805986573598773, 20.13402348078359 ], [ -155.806239930036185, 20.135387363441271 ], [ -155.806552671299357, 20.13663980977168 ], [ -155.807050367289889, 20.138104508323526 ], [ -155.807166983358428, 20.138648170085037 ], [ -155.804922558743044, 20.135983010510149 ], [ -155.794732996023242, 20.123529793172786 ], [ -155.771239728565774, 20.096568342774745 ], [ -155.766423081893862, 20.092283865901216 ], [ -155.756283602945047, 20.083299681651742 ], [ -155.752333693230042, 20.079706428565114 ], [ -155.752403153801765, 20.078061445070599 ], [ -155.751092532663023, 20.078062570343469 ], [ -155.750648736397153, 20.078045804960176 ], [ -155.75005960867901, 20.076839394608616 ], [ -155.748688317140648, 20.07639080304579 ], [ -155.7484187277731, 20.075839022366292 ], [ -155.747581565621175, 20.074475071498146 ], [ -155.747170865628817, 20.073194734046201 ], [ -155.745913099645691, 20.072007456058707 ], [ -155.745649115783067, 20.071185014299161 ], [ -155.745086606345183, 20.070101774094116 ], [ -155.745110026299528, 20.069550501987514 ], [ -155.74449488232608, 20.069254514141978 ], [ -155.743374276392444, 20.068108490186152 ], [ -155.742868466344589, 20.067072300102513 ], [ -155.742581907997732, 20.066801539504645 ], [ -155.742072451568333, 20.066280626608414 ], [ -155.74061035788759, 20.065140582737495 ], [ -155.740197646416448, 20.064718756560701 ], [ -155.73948098952377, 20.064042105656334 ], [ -155.73840183635528, 20.062938336995387 ], [ -155.737509892679924, 20.062646470280864 ], [ -155.736305084529533, 20.061747141751987 ], [ -155.735285435197341, 20.060704083532872 ], [ -155.734695827189569, 20.060704551248836 ], [ -155.734112115684582, 20.060406867098735 ], [ -155.73326366684671, 20.060407434307578 ], [ -155.732716998826191, 20.059848265096267 ], [ -155.731556420278054, 20.059558011217092 ], [ -155.731292525571206, 20.058735560304711 ], [ -155.728779140717648, 20.05822338879668 ], [ -155.728164266067182, 20.057594594032384 ], [ -155.727304852768441, 20.057180596557121 ], [ -155.725940082509595, 20.056483957254759 ], [ -155.725030102154449, 20.056187998125459 ], [ -155.725030611096116, 20.056729391540923 ], [ -155.724332754526472, 20.057523566952749 ], [ -155.723890738594406, 20.056144920496283 ], [ -155.722575575030731, 20.056145902960452 ], [ -155.716803050197683, 20.052780883162708 ], [ -155.708969090754209, 20.048763882627455 ], [ -155.69757301814667, 20.043273923429933 ], [ -155.688849724293704, 20.039956058586682 ], [ -155.680414661310948, 20.037014176927077 ], [ -155.669584648561823, 20.033817812913675 ], [ -155.656443012402548, 20.030830293359561 ], [ -155.645653264824119, 20.029082617503772 ], [ -155.643818395176254, 20.028804947881198 ], [ -155.644174083474866, 20.028443660104124 ], [ -155.645113398186595, 20.028145003915199 ], [ -155.647998534625998, 20.027944318352102 ], [ -155.651084164113058, 20.027615844384972 ], [ -155.654426893835762, 20.027867774642065 ], [ -155.65546085685105, 20.027273402949113 ], [ -155.658100668021092, 20.025114791617938 ], [ -155.664426091004628, 20.021960680938751 ], [ -155.66655609010374, 20.021283257257497 ], [ -155.667863802213731, 20.021234396729671 ], [ -155.668688904522497, 20.022740238358519 ], [ -155.667643552993098, 20.026675851605486 ], [ -155.669287677127357, 20.026383334228548 ], [ -155.672945508132727, 20.024069669579799 ], [ -155.676863176754864, 20.024014172439081 ] ], [ [ -155.792237539155195, 20.098169937595152 ], [ -155.792329022557766, 20.09850173644023 ], [ -155.792584845572293, 20.098268936955439 ], [ -155.792237539155195, 20.098169937595152 ] ], [ [ -155.749201850627202, 20.072471560207315 ], [ -155.749066251525846, 20.072614491801801 ], [ -155.7485941966317, 20.074483154142293 ], [ -155.749041878468688, 20.07557233692647 ], [ -155.752154511898482, 20.074687531462725 ], [ -155.7514238890694, 20.072688310740247 ], [ -155.749201850627202, 20.072471560207315 ] ] ] } },
{ "type": "Feature", "properties": { "ID": 43, "GRIDCODE": 1 }, "geometry": { "type": "Polygon", "coordinates": [ [ [ -155.676863176754864, 20.024014172439081 ], [ -155.672945508132727, 20.024069669579799 ], [ -155.669287677127357, 20.026383334228548 ], [ -155.667643552993098, 20.026675851605486 ], [ -155.668688904522497, 20.022740238358519 ], [ -155.667863802213731, 20.021234396729671 ], [ -155.66655609010374, 20.021283257257497 ], [ -155.664426091004628, 20.021960680938751 ], [ -155.658100668021092, 20.025114791617938 ], [ -155.65546085685105, 20.027273402949113 ], [ -155.654426893835762, 20.027867774642065 ], [ -155.651084164113058, 20.027615844384972 ], [ -155.647998534625998, 20.027944318352102 ], [ -155.645113398186595, 20.028145003915199 ], [ -155.644174083474866, 20.028443660104124 ], [ -155.643818395176254, 20.028804947881198 ], [ -155.639844349026134, 20.028129684011514 ], [ -155.592965702025936, 20.023833479029754 ], [ -155.580779994371568, 20.023127409173913 ], [ -155.566967469055271, 20.022326408617751 ], [ -155.54187439865089, 20.020841060503095 ], [ -155.526110707437311, 20.019488635504441 ], [ -155.513300465128339, 20.017749075234168 ], [ -155.510020985803749, 20.017304497156047 ], [ -155.495408237038561, 20.01466204748748 ], [ -155.477197722770171, 20.010212764369932 ], [ -155.466372388751267, 20.007537681848145 ], [ -155.451747459418385, 20.002991123988693 ], [ -155.433370972340356, 19.996618558056944 ], [ -155.419229274070517, 19.98977641700225 ], [ -155.410846199161369, 19.985253555524572 ], [ -155.393491729435397, 19.972324602654322 ], [ -155.390615720708524, 19.969212885350149 ], [ -155.392131974139545, 19.968756578644538 ], [ -155.392937892420349, 19.969585046059677 ], [ -155.39353079746482, 19.969872030618173 ], [ -155.393916977743032, 19.970667367905151 ], [ -155.395523261862138, 19.970997700467507 ], [ -155.396932455022466, 19.972445886491144 ], [ -155.399584435476328, 19.973146117094178 ], [ -155.40026330275262, 19.972506187067406 ], [ -155.403689983480746, 19.9733703935816 ], [ -155.404879736124059, 19.974168278114238 ], [ -155.406596379248839, 19.974468506642303 ], [ -155.407156890943639, 19.974755851381769 ], [ -155.408873548391085, 19.975056059428287 ], [ -155.409736339245825, 19.975354810681015 ], [ -155.410298329394635, 19.975355360428143 ], [ -155.411193299352561, 19.975665595357111 ], [ -155.413437915720323, 19.975667697889428 ], [ -155.415680575372789, 19.975756438337008 ], [ -155.416810048160897, 19.97541633618059 ], [ -155.417949528333338, 19.976586650623144 ], [ -155.418573051940513, 19.976611417059491 ], [ -155.419231416030357, 19.976307242791279 ], [ -155.420576490661745, 19.976646356446885 ], [ -155.421148096269462, 19.976939436527736 ], [ -155.421990264001494, 19.976940058314725 ], [ -155.423100312485104, 19.977509413773873 ], [ -155.424881661958381, 19.977276264578059 ], [ -155.426176327583732, 19.97667852125274 ], [ -155.427165704882611, 19.977342435018294 ], [ -155.428291401612, 19.977343193665128 ], [ -155.429132058315588, 19.977907082710164 ], [ -155.430276054152927, 19.97846069177788 ], [ -155.431429827841782, 19.979052293673476 ], [ -155.432823963371817, 19.979053409940079 ], [ -155.435288095348824, 19.980462048970256 ], [ -155.435976752980594, 19.980203095234071 ], [ -155.436717810908362, 19.979504252719039 ], [ -155.437178014449671, 19.981469454030485 ], [ -155.438939256355809, 19.980938893106757 ], [ -155.440244496499474, 19.980567013705308 ], [ -155.441087808411112, 19.979771865980481 ], [ -155.441397120352121, 19.980316832645094 ], [ -155.440799362658282, 19.981358534979879 ], [ -155.441679087260781, 19.981133005122825 ], [ -155.442440697976394, 19.980414722165502 ], [ -155.443064992291966, 19.98170091638983 ], [ -155.444148410435929, 19.981743554139722 ], [ -155.445711418133953, 19.981473297494283 ], [ -155.446792602226253, 19.981515874038525 ], [ -155.448438399268383, 19.981020172105119 ], [ -155.449986596181049, 19.982058402002686 ], [ -155.450827342393978, 19.981326331859695 ], [ -155.451554858246993, 19.979981855331257 ], [ -155.451698800898299, 19.980521116619457 ], [ -155.451687034020409, 19.980796603947475 ], [ -155.452115808770429, 19.981203312675664 ], [ -155.452527460519235, 19.981625539051393 ], [ -155.453099520601995, 19.981902408963649 ], [ -155.453804473018209, 19.982263624092266 ], [ -155.455109283802699, 19.981660839596444 ], [ -155.456463977206141, 19.983051499033124 ], [ -155.456795878581602, 19.983064748051845 ], [ -155.458648979753207, 19.982052047600167 ], [ -155.459989075331549, 19.981771388537823 ], [ -155.460840308638609, 19.980968625995576 ], [ -155.462503175918243, 19.981034095088308 ], [ -155.463427698185058, 19.980755153482868 ], [ -155.464249076667159, 19.980787412608422 ], [ -155.465450689667705, 19.980521656985381 ], [ -155.466271873580212, 19.981364427235025 ], [ -155.466858996220168, 19.981093010940377 ], [ -155.467895187572083, 19.981624154324287 ], [ -155.468841417102539, 19.981951528364554 ], [ -155.469985942539466, 19.982239759338274 ], [ -155.47027134760458, 19.982532541965046 ], [ -155.471403277294712, 19.982533154223564 ], [ -155.472890144155031, 19.983646911463868 ], [ -155.473951259747366, 19.983688660194787 ], [ -155.474249459061014, 19.983407501038947 ], [ -155.47454717474568, 19.983148009186728 ], [ -155.474942051947011, 19.982418037688628 ], [ -155.475406259288292, 19.982894401510919 ], [ -155.475978066111338, 19.98343635204613 ], [ -155.476625687653723, 19.984768398814488 ], [ -155.477832139790706, 19.984210801303803 ], [ -155.479689565937036, 19.984609113147744 ], [ -155.480241564605421, 19.984609245520591 ], [ -155.480946602552535, 19.984970627742413 ], [ -155.481678378155891, 19.984632507489565 ], [ -155.482227372497647, 19.985195665824293 ], [ -155.482799512760693, 19.985472449326522 ], [ -155.48323433212218, 19.986366831158694 ], [ -155.484535507879428, 19.987033613336092 ], [ -155.486076899524136, 19.98597529369572 ], [ -155.488277942137358, 19.987450085709241 ], [ -155.489402451693451, 19.986930303794189 ], [ -155.491653302911431, 19.987018265952198 ], [ -155.492656952799535, 19.986071365250162 ], [ -155.49337722661565, 19.985444015305639 ], [ -155.493413761190396, 19.984602736759935 ], [ -155.493413951762392, 19.984063965015263 ], [ -155.494278488027447, 19.984346502209387 ], [ -155.496340005233861, 19.985988029072871 ], [ -155.498212065389168, 19.985122510769617 ], [ -155.498578486609716, 19.985876853595936 ], [ -155.499617990563422, 19.9844447106275 ], [ -155.50038633866734, 19.984474699144513 ], [ -155.501549845453496, 19.982871302506869 ], [ -155.503181390988317, 19.983168945433025 ], [ -155.503956331898678, 19.983963861947405 ], [ -155.505133169240963, 19.984566845403588 ], [ -155.506267387317024, 19.984567280704535 ], [ -155.50738617615869, 19.985140289582581 ], [ -155.508283056581575, 19.985175422663996 ], [ -155.509638052478664, 19.984345578591327 ], [ -155.510587752369418, 19.984673867597525 ], [ -155.511446187072806, 19.984956204732001 ], [ -155.5122989888022, 19.985392818591315 ], [ -155.512299445219554, 19.984229868685404 ], [ -155.512699817525117, 19.983141678396269 ], [ -155.513189855826141, 19.983644638869489 ], [ -155.51406690227023, 19.983107255872948 ], [ -155.514776581143366, 19.98313496897222 ], [ -155.515349283389412, 19.983135133682708 ], [ -155.51578123615414, 19.98315209119507 ], [ -155.517601489278121, 19.982602573532564 ], [ -155.527233358371404, 19.985565738608077 ], [ -155.540276325484228, 19.989412546594192 ], [ -155.575415967426409, 19.999190897135769 ], [ -155.594182077679307, 20.004124997747144 ], [ -155.596924188925016, 20.004763628044973 ], [ -155.598355537719243, 20.005056590920606 ], [ -155.612708716929092, 20.008005147637824 ], [ -155.61797424348768, 20.009050402610498 ], [ -155.628295770840879, 20.011049620149851 ], [ -155.642170172664606, 20.013731115228843 ], [ -155.64744363734215, 20.014808340273415 ], [ -155.662775686624002, 20.018884052493924 ], [ -155.676124327032994, 20.023257711226851 ], [ -155.676863176754864, 20.024014172439081 ] ] ] } },
{ "type": "Feature", "properties": { "ID": 44, "GRIDCODE": 1 }, "geometry": { "type": "Polygon", "coordinates": [ [ [ -155.921198744047331, 19.759802135270238 ], [ -155.921865308483859, 19.759958532097901 ], [ -155.922144569651579, 19.760777073683748 ], [ -155.921292719283457, 19.760857614769183 ], [ -155.921198744047331, 19.759802135270238 ] ] ] } },
{ "type": "Feature", "properties": { "ID": 45, "GRIDCODE": 1 }, "geometry": { "type": "Polygon", "coordinates": [ [ [ -155.918105398443515, 19.75704081871962 ], [ -155.91831468661627, 19.757211561469866 ], [ -155.918090579437461, 19.758974005278326 ], [ -155.919196060836725, 19.759619814776848 ], [ -155.919641773236521, 19.758273473481136 ], [ -155.920118692326895, 19.758035742098812 ], [ -155.919334409819555, 19.760516855264733 ], [ -155.917804207815493, 19.760342392542348 ], [ -155.917383406252043, 19.758082764263357 ], [ -155.918105398443515, 19.75704081871962 ] ] ] } },
{ "type": "Feature", "properties": { "ID": 46, "GRIDCODE": 1 }, "geometry": { "type": "Polygon", "coordinates": [ [ [ -155.912968928208983, 19.756410632334102 ], [ -155.913459553683992, 19.7565492118263 ], [ -155.913362631852351, 19.757100251586394 ], [ -155.913727295431471, 19.758369849503136 ], [ -155.913352709118669, 19.759559517779415 ], [ -155.91153519626738, 19.75923485798717 ], [ -155.912277704413071, 19.758116074519187 ], [ -155.912207949461134, 19.757604471237109 ], [ -155.912836233864624, 19.756831999874152 ], [ -155.912968928208983, 19.756410632334102 ] ] ] } },
{ "type": "Feature", "properties": { "ID": 47, "GRIDCODE": 1 }, "geometry": { "type": "Polygon", "coordinates": [ [ [ -155.931019399128843, 19.754825621486141 ], [ -155.932111590864309, 19.755029214233524 ], [ -155.93286806138471, 19.756063529492067 ], [ -155.933111743030878, 19.756904986650142 ], [ -155.933907472387887, 19.758764557338107 ], [ -155.932347790105666, 19.759575089529143 ], [ -155.931430805905052, 19.759030968630221 ], [ -155.930655013477832, 19.757692716456187 ], [ -155.931164175669778, 19.757652264266483 ], [ -155.932331623433413, 19.759033199626156 ], [ -155.932178178926421, 19.758016101812206 ], [ -155.931676846668154, 19.757151182881842 ], [ -155.931443535502325, 19.755768290143504 ], [ -155.931019399128843, 19.754825621486141 ] ] ] } },
{ "type": "Feature", "properties": { "ID": 48, "GRIDCODE": 1 }, "geometry": { "type": "Polygon", "coordinates": [ [ [ -155.918620217942731, 19.745134323052024 ], [ -155.919275667599635, 19.745255358147645 ], [ -155.918768861481254, 19.745480676624435 ], [ -155.918620217942731, 19.745134323052024 ] ] ] } },
{ "type": "Feature", "properties": { "ID": 49, "GRIDCODE": 1 }, "geometry": { "type": "Polygon", "coordinates": [ [ [ -155.859209364673688, 19.741122715995193 ], [ -155.860781984118148, 19.741283059308394 ], [ -155.861559828838182, 19.742452858960583 ], [ -155.86238709948023, 19.741667151303105 ], [ -155.867330579410947, 19.742353517802155 ], [ -155.877767587594576, 19.743141499546148 ], [ -155.894889331017453, 19.74413041674125 ], [ -155.909928469072838, 19.744855917849218 ], [ -155.909858287591106, 19.746570755899814 ], [ -155.909051843359578, 19.749980726090303 ], [ -155.910916948627573, 19.752251553637304 ], [ -155.910884907053827, 19.753030350052853 ], [ -155.909437578889936, 19.754299593348613 ], [ -155.90823544951877, 19.757279322256387 ], [ -155.907306355273107, 19.758671743438271 ], [ -155.896418825389276, 19.758272631122445 ], [ -155.887917078405195, 19.75889894036575 ], [ -155.883816842490688, 19.759487873690098 ], [ -155.870729634453767, 19.761788258577329 ], [ -155.864610528773937, 19.764308340282827 ], [ -155.854818727122534, 19.767986665968728 ], [ -155.85005341897724, 19.769839543166139 ], [ -155.845706447254742, 19.77186361665683 ], [ -155.840667344072102, 19.774968800574836 ], [ -155.838338666615897, 19.777178800943588 ], [ -155.836502816353601, 19.778167048784049 ], [ -155.833798467021182, 19.778475879169896 ], [ -155.830748805272577, 19.778362844555854 ], [ -155.82775843391596, 19.776836858221458 ], [ -155.825516179699633, 19.774170640181797 ], [ -155.824026825314547, 19.770024237144682 ], [ -155.823134642761403, 19.765220207949476 ], [ -155.823081793406459, 19.745447767933474 ], [ -155.823579784134694, 19.743881349914332 ], [ -155.824733319232479, 19.74447010097737 ], [ -155.826399890587766, 19.744467404818632 ], [ -155.827554084347582, 19.744769499034032 ], [ -155.828393375929494, 19.744768246347068 ], [ -155.828966617755924, 19.744789512381736 ], [ -155.832744339043757, 19.744575583722298 ], [ -155.833536107883134, 19.744604933910463 ], [ -155.83469069086641, 19.744067391816809 ], [ -155.835273566097669, 19.744364883803637 ], [ -155.83598019712332, 19.744363628820267 ], [ -155.837543647574449, 19.744421412955994 ], [ -155.838610953848843, 19.743408422378213 ], [ -155.839572654500898, 19.743899288774113 ], [ -155.840168404351488, 19.743898174112022 ], [ -155.84157918869164, 19.743241348977413 ], [ -155.842425873768519, 19.743673315835679 ], [ -155.843014776396529, 19.743949206151122 ], [ -155.8435748841882, 19.743417508926878 ], [ -155.844928674281391, 19.743130133853136 ], [ -155.847442422181473, 19.743223093136702 ], [ -155.848014431518493, 19.743222062583534 ], [ -155.849014687870579, 19.743258982269321 ], [ -155.850096422018822, 19.743257135157137 ], [ -155.852897025673428, 19.742167977240491 ], [ -155.856001610408214, 19.742653326465138 ], [ -155.857329751048411, 19.742034846781696 ], [ -155.857912325182468, 19.741779573206919 ], [ -155.858483936934277, 19.741513527259222 ], [ -155.859066507779914, 19.741258249397674 ], [ -155.859209364673688, 19.741122715995193 ] ], [ [ -155.834072205465503, 19.768570847388446 ], [ -155.834184187062903, 19.769462935423459 ], [ -155.834979562615615, 19.769768433249293 ], [ -155.835307766899206, 19.769203582447354 ], [ -155.834072205465503, 19.768570847388446 ] ] ] } },
{ "type": "Feature", "properties": { "ID": 50, "GRIDCODE": 1 }, "geometry": { "type": "Polygon", "coordinates": [ [ [ -155.959308714045108, 19.741226537753999 ], [ -155.959549093582183, 19.741453300816403 ], [ -155.959124529863374, 19.743251853225317 ], [ -155.958806846430832, 19.74465710951101 ], [ -155.957924358572711, 19.746210384313461 ], [ -155.957622907171583, 19.74703858652834 ], [ -155.956756273203325, 19.747798993915609 ], [ -155.956743647677797, 19.748111111377796 ], [ -155.957292377342213, 19.749723361430295 ], [ -155.956966120143647, 19.750297782610954 ], [ -155.956972069301173, 19.752604540121887 ], [ -155.955794385108305, 19.752944438860382 ], [ -155.954659470960934, 19.753473619935193 ], [ -155.950158880639094, 19.753033573966775 ], [ -155.949784801589431, 19.75338898102444 ], [ -155.948058517715822, 19.753625057896528 ], [ -155.946609917826862, 19.754152798916575 ], [ -155.945668109400145, 19.754118472418057 ], [ -155.943457663314803, 19.754900546743844 ], [ -155.942017946147729, 19.755693653657858 ], [ -155.94038042312161, 19.756166010615964 ], [ -155.938851897511711, 19.756722728573678 ], [ -155.937682599969889, 19.756971668687694 ], [ -155.936579018423572, 19.758020660317062 ], [ -155.934842879840119, 19.758024236501484 ], [ -155.934059654523111, 19.7565182014981 ], [ -155.933658821989837, 19.753888684203808 ], [ -155.932127950150459, 19.753108462140698 ], [ -155.929363891039912, 19.752021185543853 ], [ -155.927528412145591, 19.750565561937073 ], [ -155.926902079611949, 19.750264429040538 ], [ -155.925623892222603, 19.747263611815686 ], [ -155.924558277527922, 19.747760463501024 ], [ -155.923888596286929, 19.746472677703082 ], [ -155.924314571307917, 19.745641139380957 ], [ -155.924757351139363, 19.745914265328143 ], [ -155.925158100736212, 19.746733567593171 ], [ -155.925615821369917, 19.746198235326577 ], [ -155.925613421755457, 19.745172096019612 ], [ -155.93555762261164, 19.745150403840128 ], [ -155.935913522049276, 19.745834838747825 ], [ -155.936351738624722, 19.747196378745127 ], [ -155.936756543149585, 19.746665925799473 ], [ -155.936444451951644, 19.745076729765216 ], [ -155.939072342150354, 19.745070922977391 ], [ -155.939512434256358, 19.746438043922442 ], [ -155.939928738782754, 19.746168008620796 ], [ -155.939926098766563, 19.745091078210983 ], [ -155.951418104861631, 19.744906663813605 ], [ -155.954429145427241, 19.744037864527513 ], [ -155.958413593051432, 19.742077449950926 ], [ -155.959308714045108, 19.741226537753999 ] ] ] } },
{ "type": "Feature", "properties": { "ID": 51, "GRIDCODE": 1 }, "geometry": { "type": "Polygon", "coordinates": [ [ [ -155.316045994029594, 19.435458976479069 ], [ -155.316699130126949, 19.435581949100005 ], [ -155.316193088619656, 19.435805601170852 ], [ -155.316045994029594, 19.435458976479069 ] ] ] } },
{ "type": "Feature", "properties": { "ID": 52, "GRIDCODE": 1 }, "geometry": { "type": "Polygon", "coordinates": [ [ [ -155.311495140391912, 19.43482506901552 ], [ -155.312470015362834, 19.435752626864552 ], [ -155.311711560790314, 19.436566144904674 ], [ -155.311495140391912, 19.43482506901552 ] ] ] } },
{ "type": "Feature", "properties": { "ID": 53, "GRIDCODE": 1 }, "geometry": { "type": "Polygon", "coordinates": [ [ [ -155.338637363312671, 19.407765568465912 ], [ -155.338784877010596, 19.40789622099669 ], [ -155.339421199061206, 19.409288386510468 ], [ -155.339952079565933, 19.409269224488408 ], [ -155.341330916669506, 19.410796900464423 ], [ -155.341225198665455, 19.412033998937154 ], [ -155.342041496974929, 19.412755984108873 ], [ -155.342979540582945, 19.41229643600569 ], [ -155.344097049073611, 19.412382398562553 ], [ -155.345096384057655, 19.412345962744958 ], [ -155.34566598878817, 19.412389685635382 ], [ -155.347792359325666, 19.412312488553404 ], [ -155.349225596425555, 19.411610424841779 ], [ -155.351622741512557, 19.410960510009286 ], [ -155.352380487499232, 19.411586906273499 ], [ -155.350976228964981, 19.412164545514262 ], [ -155.350425434252571, 19.412725241421882 ], [ -155.349781505401779, 19.412990112117122 ], [ -155.348625852550526, 19.414335624162852 ], [ -155.34785855734097, 19.414958831025363 ], [ -155.347169758142911, 19.415659744873178 ], [ -155.346095974946479, 19.416532125152859 ], [ -155.345131186500282, 19.417513487473308 ], [ -155.343999061365309, 19.417979176586027 ], [ -155.343132319192705, 19.418861258586773 ], [ -155.342218861404092, 19.420161637757992 ], [ -155.341264216447627, 19.420936991560801 ], [ -155.33938653766063, 19.419635293104957 ], [ -155.3378157272669, 19.420404270206063 ], [ -155.337077250940808, 19.421155679000737 ], [ -155.336463690499869, 19.42165425503233 ], [ -155.336187693697184, 19.421934695150835 ], [ -155.334512751609168, 19.423120776217822 ], [ -155.33371489722262, 19.424256901849024 ], [ -155.332856054148522, 19.42460987495198 ], [ -155.331373345903813, 19.426463824736437 ], [ -155.330110570991337, 19.426366636108941 ], [ -155.329804327587738, 19.426677907717856 ], [ -155.32900739141138, 19.427324998742524 ], [ -155.328320006376515, 19.428303932809587 ], [ -155.326998258231555, 19.428202089977795 ], [ -155.326579007921822, 19.429398974063325 ], [ -155.325717333733678, 19.430098659720361 ], [ -155.32519263541792, 19.430632294714606 ], [ -155.323749994465345, 19.431023077435253 ], [ -155.322838031963386, 19.431950377377529 ], [ -155.321390732689736, 19.432176362912958 ], [ -155.320326464884687, 19.433258629150874 ], [ -155.319805767056579, 19.433218453082251 ], [ -155.319234657684405, 19.433239106429138 ], [ -155.318544286375385, 19.433185965366842 ], [ -155.31794360530472, 19.433479865232627 ], [ -155.316167202359139, 19.432114962597243 ], [ -155.316603936910241, 19.43069034915381 ], [ -155.317741264999029, 19.430222847270354 ], [ -155.318302490025673, 19.429948234581865 ], [ -155.320240519063589, 19.429286033680341 ], [ -155.320608375360649, 19.428912327130448 ], [ -155.321141962227131, 19.428479070458881 ], [ -155.322380494968513, 19.428143642010006 ], [ -155.322932523636382, 19.427064714903331 ], [ -155.323524232233979, 19.42682136430151 ], [ -155.325001703694056, 19.425995656770219 ], [ -155.324968199576347, 19.425157294133875 ], [ -155.326619961858512, 19.423816207965853 ], [ -155.327834242405856, 19.421931225641401 ], [ -155.328635700721833, 19.42036327503812 ], [ -155.33345744950725, 19.416465857398073 ], [ -155.333816536281972, 19.413054681255332 ], [ -155.335829628088931, 19.41141969944033 ], [ -155.336185137499598, 19.410723470318658 ], [ -155.337178879246892, 19.409916941860345 ], [ -155.337690365617192, 19.409395942150574 ], [ -155.338186848247062, 19.408425523670914 ], [ -155.338637363312671, 19.407765568465912 ] ] ] } },
{ "type": "Feature", "properties": { "ID": 54, "GRIDCODE": 1 }, "geometry": { "type": "Polygon", "coordinates": [ [ [ -155.354642300020259, 19.40646364246334 ], [ -155.355408370188428, 19.406716673651143 ], [ -155.356488582586053, 19.408299317496631 ], [ -155.356999936397273, 19.409355859309986 ], [ -155.357558665389121, 19.409887305597003 ], [ -155.354438152631701, 19.410143968534719 ], [ -155.353874712532502, 19.409050159872599 ], [ -155.353875355849709, 19.40874670604488 ], [ -155.3544762283951, 19.407189103173383 ], [ -155.354642300020259, 19.40646364246334 ] ] ] } },
{ "type": "Feature", "properties": { "ID": 55, "GRIDCODE": 1 }, "geometry": { "type": "Polygon", "coordinates": [ [ [ -155.363092496745622, 19.398512464882245 ], [ -155.365098798894195, 19.39879134995121 ], [ -155.365746342938422, 19.40034016831504 ], [ -155.366110445579864, 19.40062898642466 ], [ -155.3673489980998, 19.402311231323576 ], [ -155.367451202664995, 19.403253030542107 ], [ -155.367120814483684, 19.403627871076814 ], [ -155.366030644822899, 19.402990120512548 ], [ -155.365420561177842, 19.403314154444271 ], [ -155.364372928741972, 19.403169195431694 ], [ -155.363572888154295, 19.404868247321737 ], [ -155.362573490388513, 19.404183126937287 ], [ -155.362358482564417, 19.402202567955218 ], [ -155.363057156058431, 19.401127461894156 ], [ -155.362866665062228, 19.399371823845481 ], [ -155.363092496745622, 19.398512464882245 ] ] ] } },
{ "type": "Feature", "properties": { "ID": 56, "GRIDCODE": 1 }, "geometry": { "type": "Polygon", "coordinates": [ [ [ -155.354070502618697, 19.39372980554807 ], [ -155.355070227365843, 19.394145863293573 ], [ -155.356456202008019, 19.395005835746961 ], [ -155.35738031467838, 19.39529030766785 ], [ -155.35825005429362, 19.39629005998064 ], [ -155.35900186223671, 19.396931635889395 ], [ -155.359645625945717, 19.397671494398836 ], [ -155.360405095621786, 19.398319828354861 ], [ -155.360079089947646, 19.398848063467806 ], [ -155.359589694378599, 19.399832717907152 ], [ -155.356753506837862, 19.402165233244116 ], [ -155.355690916306031, 19.401417749187459 ], [ -155.355761450235065, 19.402552409713554 ], [ -155.35542459877621, 19.402816335207124 ], [ -155.355473864949289, 19.40360533483662 ], [ -155.353843388335292, 19.404136699209467 ], [ -155.352903902255576, 19.401942803688968 ], [ -155.35267446543719, 19.399240830359236 ], [ -155.351287314176147, 19.397484678864409 ], [ -155.351858258074202, 19.39651755207414 ], [ -155.35245528438702, 19.396278949126348 ], [ -155.352759230780237, 19.394867114601354 ], [ -155.353352940826198, 19.394402162545621 ], [ -155.353623394698758, 19.394116815317261 ], [ -155.353935276515557, 19.393872479686909 ], [ -155.354070502618697, 19.39372980554807 ] ] ] } },
{ "type": "Feature", "properties": { "ID": 57, "GRIDCODE": 1 }, "geometry": { "type": "Polygon", "coordinates": [ [ [ -155.356387746656225, 19.392152182736616 ], [ -155.3582000218058, 19.393133304620179 ], [ -155.359315753914075, 19.394695488773905 ], [ -155.358362943436191, 19.39502399628773 ], [ -155.356520659993635, 19.393713426082201 ], [ -155.356387746656225, 19.392152182736616 ] ] ] } },
{ "type": "Feature", "properties": { "ID": 58, "GRIDCODE": 1 }, "geometry": { "type": "Polygon", "coordinates": [ [ [ -155.358303360809913, 19.382987163210515 ], [ -155.358466790080769, 19.38310357895892 ], [ -155.358698119470347, 19.3834233154519 ], [ -155.359546503077553, 19.383753567676809 ], [ -155.358101864157106, 19.385782011616222 ], [ -155.356668391859131, 19.386857170638525 ], [ -155.356025312526555, 19.385838703332528 ], [ -155.356421782545397, 19.385272499252675 ], [ -155.356685216376746, 19.384150616191267 ], [ -155.357645224044774, 19.38382119567471 ], [ -155.358303360809913, 19.382987163210515 ] ] ] } },
{ "type": "Feature", "properties": { "ID": 59, "GRIDCODE": 1 }, "geometry": { "type": "Polygon", "coordinates": [ [ [ -155.358636650158218, 19.380828326106382 ], [ -155.360670984106946, 19.380988834897678 ], [ -155.360199176942871, 19.382112898456285 ], [ -155.359874400024381, 19.382036868606871 ], [ -155.359351592144321, 19.382723472223887 ], [ -155.359050362656944, 19.382290253176816 ], [ -155.357092900286915, 19.38270515858591 ], [ -155.356933035770425, 19.381953327827823 ], [ -155.357496047363554, 19.381212818845125 ], [ -155.358516702943604, 19.380986115443633 ], [ -155.358636650158218, 19.380828326106382 ] ] ] } },
{ "type": "Feature", "properties": { "ID": 60, "GRIDCODE": 1 }, "geometry": { "type": "Polygon", "coordinates": [ [ [ -155.251404157629707, 19.355370445435231 ], [ -155.251836582543319, 19.355507024528865 ], [ -155.252664466083672, 19.356081537285409 ], [ -155.253099261159889, 19.356065913608756 ], [ -155.255198124061508, 19.356228087124279 ], [ -155.254355377956387, 19.356912241744723 ], [ -155.253486818247865, 19.358164678933637 ], [ -155.255474013106721, 19.358559270304021 ], [ -155.255730747820536, 19.359121218253989 ], [ -155.256025544349058, 19.359382622850443 ], [ -155.256287728258826, 19.359706264296186 ], [ -155.255441494485524, 19.359640733759147 ], [ -155.255149391230304, 19.359651370702039 ], [ -155.254321481095019, 19.359076864978142 ], [ -155.253741648094206, 19.358809586276742 ], [ -155.251518373503558, 19.356342592591094 ], [ -155.251404157629707, 19.355370445435231 ] ] ] } },
{ "type": "Feature", "properties": { "ID": 61, "GRIDCODE": 1 }, "geometry": { "type": "Polygon", "coordinates": [ [ [ -155.282084615239285, 19.335429127325167 ], [ -155.282745732156883, 19.33562316508171 ], [ -155.282799622892981, 19.336120410233896 ], [ -155.282755919900467, 19.336402349321602 ], [ -155.283304080031883, 19.336838054314104 ], [ -155.283426157516317, 19.337963679430484 ], [ -155.282477847321474, 19.338056124606211 ], [ -155.282201993878488, 19.33585259977626 ], [ -155.282084615239285, 19.335429127325167 ] ] ] } },
{ "type": "Feature", "properties": { "ID": 62, "GRIDCODE": 1 }, "geometry": { "type": "Polygon", "coordinates": [ [ [ -155.230518367762642, 19.333556665719595 ], [ -155.232130640459417, 19.333746518157323 ], [ -155.234293041772929, 19.336341392877653 ], [ -155.2339821602597, 19.337099101466357 ], [ -155.232148893529967, 19.334988390895663 ], [ -155.230646947554561, 19.333704702007335 ], [ -155.230518367762642, 19.333556665719595 ] ] ] } },
{ "type": "Feature", "properties": { "ID": 63, "GRIDCODE": 1 }, "geometry": { "type": "Polygon", "coordinates": [ [ [ -155.230518367762642, 19.333556665719595 ], [ -155.230173168935039, 19.333456742654626 ], [ -155.230428535910704, 19.33322493902336 ], [ -155.230518367762642, 19.333556665719595 ] ] ] } },
{ "type": "Feature", "properties": { "ID": 64, "GRIDCODE": 1 }, "geometry": { "type": "Polygon", "coordinates": [ [ [ -155.230673745566008, 19.32679338592316 ], [ -155.231341294765571, 19.32694438277851 ], [ -155.2310157865966, 19.327418173096166 ], [ -155.230673745566008, 19.32679338592316 ] ] ] } },
{ "type": "Feature", "properties": { "ID": 65, "GRIDCODE": 1 }, "geometry": { "type": "Polygon", "coordinates": [ [ [ -155.229255078115045, 19.326493355357382 ], [ -155.230275112212126, 19.326644517802688 ], [ -155.230117685136122, 19.328479577949214 ], [ -155.230492617273455, 19.328811920503171 ], [ -155.230736802550496, 19.329914945482873 ], [ -155.231272128557123, 19.331434745052185 ], [ -155.230484367502953, 19.331958434569394 ], [ -155.230141974220544, 19.330985269489329 ], [ -155.229794415399169, 19.329413057086562 ], [ -155.227794919159692, 19.329258252096558 ], [ -155.227882857354501, 19.331464466201798 ], [ -155.224788282743532, 19.328900169224607 ], [ -155.225457778329883, 19.328409735920633 ], [ -155.226280474108677, 19.328473307626933 ], [ -155.227269189976397, 19.327467987605363 ], [ -155.228229438192443, 19.326998103055239 ], [ -155.229117098255529, 19.326633493119278 ], [ -155.229255078115045, 19.326493355357382 ] ] ] } },
{ "type": "Feature", "properties": { "ID": 66, "GRIDCODE": 1 }, "geometry": { "type": "Polygon", "coordinates": [ [ [ -155.243008361058429, 19.323529667841715 ], [ -155.243677872324611, 19.323741188574733 ], [ -155.243731589782016, 19.325092440473988 ], [ -155.24216791291164, 19.324971370342301 ], [ -155.242559643566551, 19.326492416114732 ], [ -155.242720306780058, 19.330517083233907 ], [ -155.24205507789307, 19.332986366612328 ], [ -155.24125621507585, 19.331734977248104 ], [ -155.24042098983989, 19.332143813267766 ], [ -155.23973646623682, 19.330642356453499 ], [ -155.239344931227265, 19.331179029822231 ], [ -155.239171764760698, 19.333194315945683 ], [ -155.2392259172629, 19.334548744168632 ], [ -155.239102809205463, 19.335983298954829 ], [ -155.24043313246662, 19.33768840968305 ], [ -155.241066886751156, 19.339486442707813 ], [ -155.240035632441078, 19.34025756723759 ], [ -155.23808392628564, 19.33747837255773 ], [ -155.238411543519931, 19.33365887545559 ], [ -155.23808733938273, 19.333298783005112 ], [ -155.237536124974639, 19.333318581197474 ], [ -155.237513988326242, 19.332754069345476 ], [ -155.237605896041572, 19.331684688292313 ], [ -155.236954389939712, 19.331634218914086 ], [ -155.236194638743086, 19.333801777057019 ], [ -155.235528441442654, 19.333371966486453 ], [ -155.235512856022041, 19.332983361949182 ], [ -155.235553208482088, 19.332511068195494 ], [ -155.235151861881747, 19.33163025737424 ], [ -155.234677248761301, 19.332146433488187 ], [ -155.234300071244064, 19.333221275177728 ], [ -155.234088291569833, 19.332961564086187 ], [ -155.233837871755156, 19.332129071483116 ], [ -155.233555579898763, 19.331326580283672 ], [ -155.233121445275117, 19.328818218214533 ], [ -155.232720060120016, 19.327260753208318 ], [ -155.23424668634479, 19.326739643117531 ], [ -155.234522638712235, 19.326459358207828 ], [ -155.235981376131889, 19.325692862559642 ], [ -155.237215784684366, 19.324824977878649 ], [ -155.239723273272858, 19.324146192690161 ], [ -155.240456519910481, 19.323787319633166 ], [ -155.242528254739256, 19.323947431859846 ], [ -155.242870393992177, 19.32366981848666 ], [ -155.243008361058429, 19.323529667841715 ] ] ] } },
{ "type": "Feature", "properties": { "ID": 67, "GRIDCODE": 1 }, "geometry": { "type": "Polygon", "coordinates": [ [ [ -155.253930107663024, 19.319694653856594 ], [ -155.254537498916619, 19.319895605452434 ], [ -155.257709960459181, 19.322285528705397 ], [ -155.264796406313565, 19.327382053662106 ], [ -155.272638892354848, 19.331675490359519 ], [ -155.280226216982811, 19.334347331051674 ], [ -155.280726920870023, 19.336384164638275 ], [ -155.279926711626985, 19.337141764824967 ], [ -155.279631587653029, 19.336599676301354 ], [ -155.279643350694727, 19.336326601775898 ], [ -155.279644205402832, 19.335920611737901 ], [ -155.279685649559156, 19.334977279768005 ], [ -155.279383523944119, 19.334965025535443 ], [ -155.277300348980333, 19.337629412360723 ], [ -155.276698108280527, 19.337319726257544 ], [ -155.277163412104187, 19.335737200755446 ], [ -155.276576037819865, 19.336146788969778 ], [ -155.275950271015404, 19.337241517739947 ], [ -155.274984004040533, 19.339743158124865 ], [ -155.275782989625696, 19.3412970981828 ], [ -155.276627929381533, 19.343305033464706 ], [ -155.276907954061357, 19.343849725640158 ], [ -155.276312306055559, 19.344646642368506 ], [ -155.276020439313726, 19.345187297239701 ], [ -155.27572382280681, 19.345446610489354 ], [ -155.275431952378483, 19.34598726381601 ], [ -155.274838719560137, 19.346505622712613 ], [ -155.273672605200176, 19.348116601967941 ], [ -155.273078648168649, 19.348911158963563 ], [ -155.272786761481427, 19.349451805391137 ], [ -155.272490131838595, 19.349711111120737 ], [ -155.271930600192121, 19.350240456257374 ], [ -155.271331325116535, 19.350239804649021 ], [ -155.271355577894127, 19.349687861197104 ], [ -155.270765048303105, 19.349400858425128 ], [ -155.269958032230733, 19.348568077326227 ], [ -155.269109334179547, 19.349371140134974 ], [ -155.268794751470836, 19.349097720192148 ], [ -155.269109139588807, 19.348547763442362 ], [ -155.267590925470273, 19.348545963063223 ], [ -155.268072011870601, 19.346912260009887 ], [ -155.267147501601841, 19.346911268824304 ], [ -155.267150492343347, 19.344774265031003 ], [ -155.267476645904992, 19.344465616133228 ], [ -155.268055114702548, 19.343960197103815 ], [ -155.267225823997109, 19.343104485051065 ], [ -155.260597465208718, 19.348074329970981 ], [ -155.256044705666312, 19.350183293000661 ], [ -155.255107935103695, 19.350182249555001 ], [ -155.255109906471716, 19.348828433959426 ], [ -155.25571430059054, 19.347263400685044 ], [ -155.255763866666143, 19.34614184526335 ], [ -155.255285597638419, 19.345648029221429 ], [ -155.254750550019907, 19.346640117862275 ], [ -155.254608726448083, 19.345802734771851 ], [ -155.254638332139109, 19.345140689588966 ], [ -155.25357390257534, 19.345633674762762 ], [ -155.253206631318847, 19.345254740681295 ], [ -155.252915915392947, 19.345254569164997 ], [ -155.252655150318247, 19.344431388910131 ], [ -155.252084867272117, 19.344430745059064 ], [ -155.251707261090928, 19.344041287417657 ], [ -155.250787202099758, 19.345746497660972 ], [ -155.250349695734826, 19.345200118053285 ], [ -155.250967991760746, 19.34310119892336 ], [ -155.250994489783551, 19.342502529315304 ], [ -155.250423657775855, 19.342501869904403 ], [ -155.249320037845081, 19.341933040657292 ], [ -155.249002881336764, 19.341920424349489 ], [ -155.248500557774008, 19.341919585324408 ], [ -155.24808016406692, 19.340114862402185 ], [ -155.247060640060312, 19.339449693720375 ], [ -155.246806089047254, 19.338356503518316 ], [ -155.246489917700103, 19.337741519048603 ], [ -155.246627637615461, 19.334643621249519 ], [ -155.246341845968544, 19.333480007013577 ], [ -155.246353699242093, 19.33320535864452 ], [ -155.245994231715429, 19.329980380190076 ], [ -155.247379727161785, 19.327205295425742 ], [ -155.247384703378401, 19.323797251418409 ], [ -155.24798744950192, 19.323227107326243 ], [ -155.249835608070384, 19.322839350342804 ], [ -155.250876486108581, 19.32220050487205 ], [ -155.252547979484461, 19.32120854219772 ], [ -155.253458197347044, 19.320413683892959 ], [ -155.253930107663024, 19.319694653856594 ] ] ] } },
{ "type": "Feature", "properties": { "ID": 68, "GRIDCODE": 1 }, "geometry": { "type": "Polygon", "coordinates": [ [ [ -155.417918202415024, 19.317849875889497 ], [ -155.418347283572928, 19.317991548912033 ], [ -155.414631945541146, 19.328146004504383 ], [ -155.412460517645712, 19.336240199324131 ], [ -155.410849175693357, 19.344206328227067 ], [ -155.409700857414947, 19.351520660923683 ], [ -155.409122031800138, 19.364842101837336 ], [ -155.409890144250483, 19.369725411483365 ], [ -155.408006357213509, 19.371108059241234 ], [ -155.404701068855644, 19.372200064977019 ], [ -155.403473293265023, 19.374478843406816 ], [ -155.400834873448616, 19.375034365762588 ], [ -155.399979022726598, 19.375293665617132 ], [ -155.398292439412387, 19.375227468685161 ], [ -155.397674788265249, 19.376054552476781 ], [ -155.397377411431847, 19.376605916656462 ], [ -155.396225376783775, 19.377108610782631 ], [ -155.395939752976489, 19.377378931971922 ], [ -155.395061096870279, 19.37776226402676 ], [ -155.395060718067981, 19.378715252085037 ], [ -155.393976942590029, 19.378672864063745 ], [ -155.392509309732702, 19.379313075672144 ], [ -155.392157993535022, 19.38056627192756 ], [ -155.391321792702627, 19.381296991760589 ], [ -155.38980372732226, 19.383564850874414 ], [ -155.38980305460106, 19.384024546569197 ], [ -155.38865151152271, 19.38452692690478 ], [ -155.388639115243706, 19.384810859151862 ], [ -155.38863872809813, 19.385560290077535 ], [ -155.38717117714998, 19.386949885574836 ], [ -155.386726335456558, 19.387339151131638 ], [ -155.384685134176294, 19.389272182249893 ], [ -155.382543784111846, 19.389559455366676 ], [ -155.381794318136883, 19.390269111488259 ], [ -155.380238752174023, 19.390596309353437 ], [ -155.379941099773788, 19.391407747314428 ], [ -155.378998764142949, 19.391818794043122 ], [ -155.378375671452375, 19.392909236510679 ], [ -155.379032655410839, 19.393534043377247 ], [ -155.377944942438972, 19.394068278324355 ], [ -155.377325387616366, 19.394067814997459 ], [ -155.375655056633093, 19.393487810221266 ], [ -155.374305123840003, 19.394037671399101 ], [ -155.37386978163957, 19.394800348081606 ], [ -155.373030705129821, 19.396356992270231 ], [ -155.372692647567987, 19.396676973644926 ], [ -155.372319344194949, 19.397003387382277 ], [ -155.371498568097593, 19.398813631666012 ], [ -155.371498276535277, 19.399203274914953 ], [ -155.369372559049538, 19.401640356787905 ], [ -155.368361426955062, 19.399551877282505 ], [ -155.366456104098347, 19.396759521939675 ], [ -155.367012831704244, 19.395726227113329 ], [ -155.367831033358755, 19.395011147167416 ], [ -155.368537909644118, 19.394065175554708 ], [ -155.368143318159241, 19.39289177614814 ], [ -155.369099206695381, 19.391219066112292 ], [ -155.369112014673988, 19.390918230179942 ], [ -155.369112991452994, 19.389970827603442 ], [ -155.369154122281572, 19.389021584203117 ], [ -155.367027600912849, 19.38798934494579 ], [ -155.365768968026345, 19.387064328849402 ], [ -155.365336256699521, 19.385702214691968 ], [ -155.364928033667212, 19.3866480737179 ], [ -155.36519871741794, 19.387052918531968 ], [ -155.366338934168311, 19.388543122406062 ], [ -155.366267364264104, 19.390184607494096 ], [ -155.366266822127045, 19.390961248220371 ], [ -155.365121812705013, 19.39056349113217 ], [ -155.364833257791929, 19.390837130125522 ], [ -155.364259273618103, 19.390541996385327 ], [ -155.364258614695927, 19.391348504554191 ], [ -155.363122610314576, 19.391347699173718 ], [ -155.361455140406349, 19.390768688693928 ], [ -155.360821669959847, 19.390743571905158 ], [ -155.359415330800175, 19.392074914494017 ], [ -155.358434903243278, 19.390341771354219 ], [ -155.358907463979932, 19.388009674878539 ], [ -155.359371157754737, 19.385624528075351 ], [ -155.360309654930916, 19.383883320753249 ], [ -155.361312155345786, 19.383446613286143 ], [ -155.362153288390914, 19.382650065255767 ], [ -155.363191314335779, 19.381742462782672 ], [ -155.363935574674514, 19.379713695311676 ], [ -155.364800998294555, 19.378198328361687 ], [ -155.365130111935599, 19.377301374093978 ], [ -155.365656775820014, 19.37684057715472 ], [ -155.368126838492145, 19.374259700557861 ], [ -155.369502221284677, 19.373333677004162 ], [ -155.371237376810797, 19.372009577641894 ], [ -155.371819026679532, 19.371755783035628 ], [ -155.372547167876093, 19.37074860791693 ], [ -155.373835323193646, 19.370186926276876 ], [ -155.374279150008732, 19.369766740658761 ], [ -155.375265331132567, 19.368904273971353 ], [ -155.375888843676307, 19.368041972588355 ], [ -155.37669542666697, 19.366962055988935 ], [ -155.37738016429094, 19.365094058193293 ], [ -155.378264822465326, 19.364034190970173 ], [ -155.378562408436153, 19.363222747106377 ], [ -155.37886491159145, 19.362692669044439 ], [ -155.380043030675608, 19.360023186165716 ], [ -155.380971419995234, 19.359452690008236 ], [ -155.382640247917038, 19.358724824444888 ], [ -155.38358956574217, 19.357306424532613 ], [ -155.384134377786921, 19.35629553719771 ], [ -155.385010478659268, 19.354760677208279 ], [ -155.385048843143835, 19.353880090193073 ], [ -155.385049425829351, 19.352843577650869 ], [ -155.38536421493302, 19.352259534618419 ], [ -155.385955209558716, 19.35122417729497 ], [ -155.386301640849751, 19.349987809999988 ], [ -155.389331127541027, 19.34733833889716 ], [ -155.390330072739232, 19.346391947294379 ], [ -155.391220033151654, 19.345613630872847 ], [ -155.391505598546644, 19.345343308683287 ], [ -155.39318042550687, 19.343878418194482 ], [ -155.394136302157222, 19.342203642783456 ], [ -155.394612030579651, 19.340123610503586 ], [ -155.395056708338814, 19.339734300286725 ], [ -155.395445186154603, 19.339012903794853 ], [ -155.396655976961199, 19.338484639118999 ], [ -155.397129513716038, 19.336502097285894 ], [ -155.397130276758247, 19.335199370712658 ], [ -155.397450043710649, 19.334638392481555 ], [ -155.397753407375774, 19.333556044658646 ], [ -155.398311563585764, 19.333577925552799 ], [ -155.398900445748723, 19.333062713395201 ], [ -155.399262170263881, 19.332391266559707 ], [ -155.403746245385463, 19.331960955468837 ], [ -155.404098612915249, 19.330419312993364 ], [ -155.404916153825241, 19.331261570861244 ], [ -155.405229275588937, 19.331002338366311 ], [ -155.406289398518311, 19.329033711389556 ], [ -155.407981375787784, 19.327992743885762 ], [ -155.410113355780737, 19.329089042814786 ], [ -155.409849249540883, 19.328381172495607 ], [ -155.409011745312114, 19.327585068547705 ], [ -155.40901203802423, 19.327011682025692 ], [ -155.411879892570767, 19.326802261611789 ], [ -155.411880356456265, 19.326526280406849 ], [ -155.414084550538064, 19.323960996979778 ], [ -155.414533871853223, 19.322793972341771 ], [ -155.415098878421617, 19.321251188317344 ], [ -155.416329586326924, 19.319546755302166 ], [ -155.417446941569835, 19.318569450475742 ], [ -155.417918202415024, 19.317849875889497 ] ], [ [ -155.410858833502971, 19.327726958994255 ], [ -155.410949046306342, 19.328058656080191 ], [ -155.411204193687212, 19.327826554797078 ], [ -155.410858833502971, 19.327726958994255 ] ] ] } },
{ "type": "Feature", "properties": { "ID": 69, "GRIDCODE": 2 }, "geometry": { "type": "Polygon", "coordinates": [ [ [ -155.820828191225814, 19.14362267064989 ], [ -155.821778650099702, 19.143756802288664 ], [ -155.821014564527502, 19.143974177475574 ], [ -155.820828191225814, 19.14362267064989 ] ] ] } },
{ "type": "Feature", "properties": { "ID": 70, "GRIDCODE": 2 }, "geometry": { "type": "Polygon", "coordinates": [ [ [ -155.81913991598131, 19.14251025107578 ], [ -155.819957767408596, 19.142666688234119 ], [ -155.819533032222438, 19.143529108061703 ], [ -155.817584406571456, 19.142934453759082 ], [ -155.819005279059866, 19.142653366379509 ], [ -155.81913991598131, 19.14251025107578 ] ] ] } },
{ "type": "Feature", "properties": { "ID": 71, "GRIDCODE": 1 }, "geometry": { "type": "Polygon", "coordinates": [ [ [ -155.814940119768806, 19.138646326243958 ], [ -155.815604047542791, 19.139007174407155 ], [ -155.815065376081037, 19.139252763621108 ], [ -155.814940119768806, 19.138646326243958 ] ] ] } },
{ "type": "Feature", "properties": { "ID": 72, "GRIDCODE": 1 }, "geometry": { "type": "Polygon", "coordinates": [ [ [ -155.809684487453353, 19.130431283402871 ], [ -155.810085326597829, 19.130725697314983 ], [ -155.809288152417253, 19.131321144193212 ], [ -155.809684487453353, 19.130431283402871 ] ] ] } },
{ "type": "Feature", "properties": { "ID": 73, "GRIDCODE": 1 }, "geometry": { "type": "Polygon", "coordinates": [ [ [ -155.718327825854658, 19.125573129617049 ], [ -155.718695006945154, 19.125730410495521 ], [ -155.718429691520555, 19.126190275196635 ], [ -155.718327825854658, 19.125573129617049 ] ] ] } },
{ "type": "Feature", "properties": { "ID": 74, "GRIDCODE": 1 }, "geometry": { "type": "Polygon", "coordinates": [ [ [ -155.727736294596042, 19.125199336946071 ], [ -155.728136947918102, 19.125493906830656 ], [ -155.727523481138235, 19.128289655213042 ], [ -155.726777910027891, 19.127977569291048 ], [ -155.727264643713909, 19.126389604327812 ], [ -155.727606368365514, 19.125623022032723 ], [ -155.727736294596042, 19.125199336946071 ] ] ] } },
{ "type": "Feature", "properties": { "ID": 75, "GRIDCODE": 1 }, "geometry": { "type": "Polygon", "coordinates": [ [ [ -155.740114860793682, 19.118649816311539 ], [ -155.740517780534049, 19.118957093042123 ], [ -155.740246041411723, 19.120158886327626 ], [ -155.739569706254997, 19.121180827374101 ], [ -155.739737615300669, 19.122420032961106 ], [ -155.739222966951445, 19.123197857976464 ], [ -155.739388203035276, 19.124417183690376 ], [ -155.738745819997973, 19.124870660105419 ], [ -155.739053676179594, 19.127143110600741 ], [ -155.738494179353893, 19.126803962129138 ], [ -155.738004100350423, 19.125551369872234 ], [ -155.738852736075728, 19.123109843921117 ], [ -155.738650599511629, 19.121616439389811 ], [ -155.739165244158357, 19.120838615539135 ], [ -155.739033061145534, 19.11986289075919 ], [ -155.739402338105975, 19.119602363080087 ], [ -155.740114860793682, 19.118649816311539 ] ] ] } },
{ "type": "Feature", "properties": { "ID": 76, "GRIDCODE": 1 }, "geometry": { "type": "Polygon", "coordinates": [ [ [ -155.733006170157665, 19.117982067848921 ], [ -155.733441431132377, 19.118115143137956 ], [ -155.73369934968494, 19.1184106014611 ], [ -155.734546542476807, 19.118788188850147 ], [ -155.734114674833421, 19.120293335762995 ], [ -155.733952185808761, 19.120039766847498 ], [ -155.733630570588048, 19.118951465988822 ], [ -155.732897507663949, 19.119730149823852 ], [ -155.732784544986373, 19.118868208403025 ], [ -155.733006170157665, 19.117982067848921 ] ] ] } },
{ "type": "Feature", "properties": { "ID": 77, "GRIDCODE": 1 }, "geometry": { "type": "Polygon", "coordinates": [ [ [ -155.719659426346567, 19.115848973213261 ], [ -155.720122528777722, 19.115993945287798 ], [ -155.720302024897023, 19.120175136428966 ], [ -155.719899751392973, 19.122358493185843 ], [ -155.718860558828652, 19.122871448283004 ], [ -155.71854529870896, 19.122184650412581 ], [ -155.717985310026307, 19.121690746928024 ], [ -155.718271139322411, 19.120825878200527 ], [ -155.719463481547734, 19.118967067750994 ], [ -155.719659426346567, 19.115848973213261 ] ] ] } },
{ "type": "Feature", "properties": { "ID": 78, "GRIDCODE": 1 }, "geometry": { "type": "Polygon", "coordinates": [ [ [ -155.728508476652507, 19.114923530605271 ], [ -155.728664341983148, 19.115046620131395 ], [ -155.729027865699777, 19.115911961278638 ], [ -155.72945969741582, 19.116444804563731 ], [ -155.730040425778867, 19.116903874723182 ], [ -155.730276704278765, 19.118354783280211 ], [ -155.730583115826988, 19.118871643934327 ], [ -155.730996087340088, 19.119854477227655 ], [ -155.731787888076212, 19.12092628428568 ], [ -155.732200870295856, 19.121909116503012 ], [ -155.733947579448255, 19.123852801145716 ], [ -155.733570969597764, 19.126026617368446 ], [ -155.733099440561716, 19.125445211291741 ], [ -155.732913838375708, 19.126210616280524 ], [ -155.734092080357442, 19.127142528362068 ], [ -155.733809227446471, 19.127661341775749 ], [ -155.731714623815606, 19.12787108019273 ], [ -155.731309565491244, 19.12538324068322 ], [ -155.73100314277562, 19.124866379425892 ], [ -155.730761316869916, 19.124290376491668 ], [ -155.730293080529776, 19.123500122584979 ], [ -155.730881533455062, 19.120812327724291 ], [ -155.730519732455178, 19.120763055019872 ], [ -155.729944759591604, 19.121070674326166 ], [ -155.729686453483282, 19.120456035261043 ], [ -155.729354897486274, 19.120834619831307 ], [ -155.728858490349808, 19.119653297739863 ], [ -155.728552083607212, 19.119136434826178 ], [ -155.728315603528472, 19.11828974804029 ], [ -155.727790042939915, 19.117402746862361 ], [ -155.727700028384277, 19.116591720629525 ], [ -155.728047115696626, 19.115847970599219 ], [ -155.728373652732216, 19.115342370954984 ], [ -155.728508476652507, 19.114923530605271 ] ] ] } },
{ "type": "Feature", "properties": { "ID": 79, "GRIDCODE": 1 }, "geometry": { "type": "Polygon", "coordinates": [ [ [ -155.721389380356982, 19.114796725110939 ], [ -155.722061602714462, 19.115368509092239 ], [ -155.722340738595449, 19.11764679135765 ], [ -155.722550562928205, 19.120378393456953 ], [ -155.722805053814938, 19.123088051105952 ], [ -155.722196731730065, 19.123872080135197 ], [ -155.72183245346227, 19.124948688023803 ], [ -155.721148733382904, 19.124224910817354 ], [ -155.7210288936636, 19.122375995484703 ], [ -155.721511490983261, 19.121196256200694 ], [ -155.721405766349363, 19.119562044842688 ], [ -155.72179525499206, 19.118926954977933 ], [ -155.721507641709024, 19.115485822980865 ], [ -155.721389380356982, 19.114796725110939 ] ] ] } },
{ "type": "Feature", "properties": { "ID": 80, "GRIDCODE": 1 }, "geometry": { "type": "Polygon", "coordinates": [ [ [ -155.721748913985209, 19.111012265886956 ], [ -155.722002229352398, 19.111172795229137 ], [ -155.721837898076416, 19.111690793303143 ], [ -155.722111967773202, 19.112688878572534 ], [ -155.721490034923818, 19.113008857501306 ], [ -155.721567963985194, 19.111385588554992 ], [ -155.721748913985209, 19.111012265886956 ] ] ] } },
{ "type": "Feature", "properties": { "ID": 81, "GRIDCODE": 1 }, "geometry": { "type": "Polygon", "coordinates": [ [ [ -155.732005524399, 19.110924040056759 ], [ -155.732639309243496, 19.111117759973361 ], [ -155.733006256056626, 19.114554496884967 ], [ -155.732629870153261, 19.1148513772422 ], [ -155.732192927655262, 19.11890529074342 ], [ -155.731642757825227, 19.118306355651278 ], [ -155.731935540221002, 19.115500382460478 ], [ -155.731371857918333, 19.112803203669287 ], [ -155.731860205126736, 19.111608452559388 ], [ -155.732005524399, 19.110924040056759 ] ] ] } },
{ "type": "Feature", "properties": { "ID": 82, "GRIDCODE": 1 }, "geometry": { "type": "Polygon", "coordinates": [ [ [ -155.733724721923636, 19.110413024920398 ], [ -155.734069948179439, 19.11051197193563 ], [ -155.733815845457201, 19.110744655270885 ], [ -155.733724721923636, 19.110413024920398 ] ] ] } },
{ "type": "Feature", "properties": { "ID": 83, "GRIDCODE": 1 }, "geometry": { "type": "Polygon", "coordinates": [ [ [ -155.779883039269549, 19.109873094033851 ], [ -155.780609035675013, 19.110020933920829 ], [ -155.781148568884021, 19.11057486459773 ], [ -155.781718535845016, 19.110850339821848 ], [ -155.781987160312809, 19.111401907716086 ], [ -155.783213959098248, 19.112998921099738 ], [ -155.784273282875745, 19.113332136016254 ], [ -155.786217707474293, 19.112737282380863 ], [ -155.786515465484086, 19.11399859244025 ], [ -155.787067410792048, 19.115005718458452 ], [ -155.78799477985882, 19.114121489546577 ], [ -155.789602867870286, 19.115326084070784 ], [ -155.790941169351697, 19.11576488800338 ], [ -155.791570210784101, 19.11671437900678 ], [ -155.791855433263493, 19.116984858301581 ], [ -155.792408673579928, 19.117552489090983 ], [ -155.792710007304294, 19.116988661097469 ], [ -155.79352213871681, 19.117822076509309 ], [ -155.79411283029043, 19.11810740029599 ], [ -155.79487620623101, 19.118498073276289 ], [ -155.795484200079954, 19.119747068747419 ], [ -155.795785011667761, 19.120032095128177 ], [ -155.796333268370347, 19.120859315414073 ], [ -155.798409391323219, 19.121171831304924 ], [ -155.799460747554008, 19.122572927179185 ], [ -155.799973007616728, 19.124172224326411 ], [ -155.800578212677323, 19.124745765951811 ], [ -155.80196158103422, 19.124742868092763 ], [ -155.802520582187725, 19.125028940415898 ], [ -155.803090641168808, 19.125304361301325 ], [ -155.804656133535872, 19.126550949897318 ], [ -155.80389707154859, 19.127219230160808 ], [ -155.803899621260257, 19.128329686408982 ], [ -155.804446928305566, 19.128848264574657 ], [ -155.804989612205731, 19.129404841496946 ], [ -155.805540247214708, 19.129403836654561 ], [ -155.807584360221938, 19.129724169963517 ], [ -155.808139876890692, 19.130294184540091 ], [ -155.80809648167093, 19.131364443293915 ], [ -155.808763503503855, 19.131996159031356 ], [ -155.809711907084363, 19.13155248953414 ], [ -155.810264984751143, 19.132119812462907 ], [ -155.809497801278127, 19.132457414583577 ], [ -155.809780299148059, 19.13300285126261 ], [ -155.810049047636625, 19.133554395745467 ], [ -155.811501051812456, 19.133850130983259 ], [ -155.812887462805975, 19.135272590078856 ], [ -155.812834323335039, 19.136576192173326 ], [ -155.81313109405292, 19.136857424989241 ], [ -155.813109342419921, 19.137395993551117 ], [ -155.813111062117798, 19.138190162005909 ], [ -155.812792522143184, 19.138752405854724 ], [ -155.812793910890491, 19.139288466729237 ], [ -155.812475724266619, 19.140121775164811 ], [ -155.811907665654473, 19.140622036445649 ], [ -155.811588228414593, 19.140926424555065 ], [ -155.811032611425986, 19.141966107703912 ], [ -155.808952375348611, 19.142314746584201 ], [ -155.809624057847827, 19.141129261544318 ], [ -155.810072736429873, 19.139139416454665 ], [ -155.811962700064669, 19.137077270639875 ], [ -155.812038350051807, 19.136296874550073 ], [ -155.809971350462973, 19.137885759929159 ], [ -155.80939102923432, 19.138141186441796 ], [ -155.808811216014703, 19.138948786157059 ], [ -155.807634422973308, 19.140283894191004 ], [ -155.807636275376154, 19.141084143782731 ], [ -155.806971778250784, 19.14225705120074 ], [ -155.803421222842559, 19.142665208088953 ], [ -155.798433614304599, 19.143787900534601 ], [ -155.79255855029669, 19.146165338801282 ], [ -155.788034949349083, 19.150002139958424 ], [ -155.786097710594277, 19.152700458615129 ], [ -155.785620787675384, 19.152211351514829 ], [ -155.785192894845892, 19.151805608189584 ], [ -155.784918965884629, 19.151524733008642 ], [ -155.78461676220283, 19.151238337897851 ], [ -155.784666105756031, 19.150028320513137 ], [ -155.782607906194698, 19.149034453401786 ], [ -155.781285861608126, 19.147388137545132 ], [ -155.780156664051987, 19.147390287731078 ], [ -155.778472765895799, 19.145995969725252 ], [ -155.777902694516001, 19.145720468427221 ], [ -155.777201752124284, 19.144662303476682 ], [ -155.775313750323505, 19.143750687129675 ], [ -155.774263465161198, 19.142672628583554 ], [ -155.773408588617031, 19.142392112866368 ], [ -155.772203831938668, 19.141775158950516 ], [ -155.771446825082421, 19.140998414902327 ], [ -155.771018996880088, 19.140592647375243 ], [ -155.770608168207161, 19.140171311623643 ], [ -155.77029972654617, 19.139878971089903 ], [ -155.768635797924077, 19.139881966178979 ], [ -155.767863046987145, 19.139486254719401 ], [ -155.767197100459782, 19.140120823593001 ], [ -155.766180854012674, 19.139770005001967 ], [ -155.766931785614418, 19.138757995035018 ], [ -155.767226965392183, 19.137945544993268 ], [ -155.767528071106852, 19.137414297114429 ], [ -155.767522134721645, 19.134533921522902 ], [ -155.767881144298912, 19.133900559498805 ], [ -155.768176307146604, 19.133088105617993 ], [ -155.768547990801835, 19.132432222637888 ], [ -155.770776622196564, 19.130471182992434 ], [ -155.771087577078077, 19.129889855229578 ], [ -155.771383104487313, 19.129629550245941 ], [ -155.771678240071367, 19.128817086782725 ], [ -155.772004814018942, 19.127961542026306 ], [ -155.773199627950362, 19.126351192575246 ], [ -155.774321379089713, 19.125364158916316 ], [ -155.774320049618836, 19.124802463424061 ], [ -155.774804744267328, 19.120674584958291 ], [ -155.774547012755164, 19.120207555814279 ], [ -155.774098853124457, 19.121824416127129 ], [ -155.773803345175793, 19.122084728333245 ], [ -155.773508236792878, 19.122897198994895 ], [ -155.77320746584175, 19.123428204598675 ], [ -155.772896568406281, 19.125052757430304 ], [ -155.772595790627321, 19.125583761067244 ], [ -155.772160998941786, 19.126396419112549 ], [ -155.771709823530699, 19.127192921307589 ], [ -155.771155199607733, 19.128229831263493 ], [ -155.769973206680191, 19.12982293517662 ], [ -155.769658488648446, 19.130411598713561 ], [ -155.768770909294489, 19.130942853447291 ], [ -155.768067511453438, 19.130916731533592 ], [ -155.767659817720755, 19.130078691751251 ], [ -155.76769179312825, 19.129293869511407 ], [ -155.767252247667386, 19.12887731422666 ], [ -155.768145330644359, 19.128091507612591 ], [ -155.7691933506743, 19.12709237224233 ], [ -155.769737304746485, 19.12607511468444 ], [ -155.770305159825625, 19.125073083214666 ], [ -155.769092155274791, 19.124715131683576 ], [ -155.768603581845525, 19.126060472967509 ], [ -155.767722656700812, 19.127122836593923 ], [ -155.767432777914507, 19.127664598309522 ], [ -155.767205111415223, 19.12792609041233 ], [ -155.766884376472262, 19.126566254763517 ], [ -155.766314290649376, 19.126567331054517 ], [ -155.766035468039888, 19.126269955215736 ], [ -155.767184876409203, 19.12576473688679 ], [ -155.76748514987068, 19.125203325037152 ], [ -155.768060336494955, 19.124696990366026 ], [ -155.768350206625684, 19.12415522645032 ], [ -155.769317481901481, 19.123729823510256 ], [ -155.770228082017354, 19.12202696724739 ], [ -155.771720506876051, 19.121133989846733 ], [ -155.772416220872202, 19.120164868133337 ], [ -155.773038882582483, 19.119890996898835 ], [ -155.773861185719937, 19.119107082938541 ], [ -155.77476219160738, 19.118567830646018 ], [ -155.775549904458472, 19.117816619895589 ], [ -155.77591773064583, 19.115893707351024 ], [ -155.776451752552873, 19.114494920288742 ], [ -155.777399598546651, 19.113217092899788 ], [ -155.77802311910105, 19.112050724254772 ], [ -155.779883039269549, 19.109873094033851 ] ] ] } },
{ "type": "Feature", "properties": { "ID": 84, "GRIDCODE": 1 }, "geometry": { "type": "Polygon", "coordinates": [ [ [ -155.721302222171886, 19.104776444733709 ], [ -155.721872199727244, 19.10522740836457 ], [ -155.722352369826268, 19.108977125300768 ], [ -155.721920530497044, 19.10872879726352 ], [ -155.72168943103955, 19.107611427037966 ], [ -155.721237109566459, 19.106427443607785 ], [ -155.721105084229066, 19.105237534561851 ], [ -155.721302222171886, 19.104776444733709 ] ] ] } },
{ "type": "Feature", "properties": { "ID": 85, "GRIDCODE": 1 }, "geometry": { "type": "Polygon", "coordinates": [ [ [ -155.72120430235438, 19.095297519953942 ], [ -155.721624498528172, 19.095584509047029 ], [ -155.721865489570973, 19.096552651098548 ], [ -155.722247776218808, 19.097464870956298 ], [ -155.722663879055119, 19.099399452498027 ], [ -155.722096865349073, 19.099264540653227 ], [ -155.721691161320308, 19.097635296639641 ], [ -155.721245712487359, 19.0973309335475 ], [ -155.720933306127193, 19.095879726590535 ], [ -155.72120430235438, 19.095297519953942 ] ] ] } },
{ "type": "Feature", "properties": { "ID": 86, "GRIDCODE": 1 }, "geometry": { "type": "Polygon", "coordinates": [ [ [ -155.718327825854658, 19.125573129617049 ], [ -155.718168142276681, 19.125713598720115 ], [ -155.718169979648309, 19.126788800213141 ], [ -155.718147875565364, 19.127329956204552 ], [ -155.718149064065898, 19.128128288755047 ], [ -155.716484217544689, 19.128130808090326 ], [ -155.71500985675911, 19.12754730671449 ], [ -155.714451042344848, 19.127260988810505 ], [ -155.714161139269493, 19.127261622813055 ], [ -155.711703041485976, 19.126412471625052 ], [ -155.711044744928387, 19.126387734356477 ], [ -155.709928228825788, 19.126728956527199 ], [ -155.709636553031089, 19.125555758927682 ], [ -155.709377314648094, 19.123167040941588 ], [ -155.707790132748755, 19.115212681537514 ], [ -155.705627421256082, 19.10736092647473 ], [ -155.701479730647179, 19.095536816465284 ], [ -155.701985324423532, 19.095092122826607 ], [ -155.702269958706523, 19.094821162563161 ], [ -155.702565504415588, 19.094560974296776 ], [ -155.70306219935631, 19.094087823791789 ], [ -155.704310432246245, 19.093222236220846 ], [ -155.707790540906871, 19.093351951899646 ], [ -155.709429715264378, 19.092983831857588 ], [ -155.710847853398207, 19.093356375914968 ], [ -155.712371578477104, 19.09229944448418 ], [ -155.712288931078177, 19.092568742951642 ], [ -155.711982003454892, 19.093110097936904 ], [ -155.711983242001025, 19.093779123982415 ], [ -155.711944163453069, 19.094728781478903 ], [ -155.712520258109379, 19.095275334663526 ], [ -155.712788619270242, 19.095826966795592 ], [ -155.713361749250396, 19.096664601147133 ], [ -155.714268660641068, 19.099501723673868 ], [ -155.714722735438414, 19.099932124944683 ], [ -155.715249583044596, 19.101015642058822 ], [ -155.715529291541742, 19.101556897796357 ], [ -155.715868283424498, 19.102617492602928 ], [ -155.717200308767588, 19.103482152171878 ], [ -155.717729049370377, 19.104569665701021 ], [ -155.719714254201818, 19.106124491214999 ], [ -155.719634092666553, 19.108071908996212 ], [ -155.720208567262574, 19.109183240138265 ], [ -155.720210196830067, 19.110002737266726 ], [ -155.719807784386205, 19.111110395960097 ], [ -155.719618153360614, 19.110570485556273 ], [ -155.719661880313879, 19.109510902383153 ], [ -155.71908959493436, 19.108922915157585 ], [ -155.718796446439228, 19.109202211566885 ], [ -155.718494947935056, 19.109467608049808 ], [ -155.718496700215752, 19.110548098136892 ], [ -155.718463422834077, 19.111359831599042 ], [ -155.718464024903824, 19.111766005954738 ], [ -155.718436356590615, 19.112434518643138 ], [ -155.718738067530438, 19.113017945430762 ], [ -155.718683693750307, 19.114334362624952 ], [ -155.719238092180319, 19.115406204453315 ], [ -155.718899452712634, 19.118410426153094 ], [ -155.718598531983361, 19.118941317807771 ], [ -155.718308524032324, 19.119482980678015 ], [ -155.718012947957789, 19.119743190758186 ], [ -155.717722936411263, 19.120284852169586 ], [ -155.717146222772982, 19.120792305599661 ], [ -155.717671521222769, 19.123632134980166 ], [ -155.718327825854658, 19.125573129617049 ] ] ] } },
{ "type": "Feature", "properties": { "ID": 87, "GRIDCODE": 1 }, "geometry": { "type": "Polygon", "coordinates": [ [ [ -155.737492423562742, 19.092608423113901 ], [ -155.737922528334792, 19.092746148183661 ], [ -155.73819062053758, 19.093032257319699 ], [ -155.738812515355875, 19.093574261464642 ], [ -155.739920267433718, 19.093042012917877 ], [ -155.741128922027201, 19.093109165381986 ], [ -155.742771783030634, 19.094227190511802 ], [ -155.7438745486713, 19.094205188422947 ], [ -155.744428218022023, 19.094496606947974 ], [ -155.745003719296392, 19.094766990930335 ], [ -155.746010306098697, 19.095296474326432 ], [ -155.747673041256007, 19.094775311726121 ], [ -155.748984252722465, 19.094847928915634 ], [ -155.749411672649359, 19.094839348336453 ], [ -155.74983846248719, 19.09486301685369 ], [ -155.751248164460037, 19.094835020486713 ], [ -155.752300804743072, 19.095956036729106 ], [ -155.75298656832021, 19.09627885129613 ], [ -155.753631845784071, 19.096965872519021 ], [ -155.754999370459387, 19.097404101734622 ], [ -155.756039051089346, 19.097951043746757 ], [ -155.757184077229141, 19.098231433008564 ], [ -155.758293976806186, 19.098986920665663 ], [ -155.759499537200838, 19.099373345307157 ], [ -155.760268026437444, 19.100191828388777 ], [ -155.761354348696955, 19.100702544517105 ], [ -155.763257907862766, 19.102144179521403 ], [ -155.76369926557075, 19.102135284278258 ], [ -155.764505129746169, 19.102993283788642 ], [ -155.766351007519575, 19.103584763499054 ], [ -155.767877339534664, 19.104387452887682 ], [ -155.768452922661538, 19.104657773830443 ], [ -155.769620781109921, 19.105542211914546 ], [ -155.771421873208283, 19.105506135829916 ], [ -155.772171324751952, 19.10554758342187 ], [ -155.772686707216025, 19.106096614424523 ], [ -155.773821324116142, 19.106918302957297 ], [ -155.774078428264858, 19.107775105754836 ], [ -155.773499161949388, 19.108266589661916 ], [ -155.773214802725079, 19.108813753626428 ], [ -155.772913860910222, 19.10906868330774 ], [ -155.772624241119303, 19.109886540872274 ], [ -155.772317745208369, 19.110412952246794 ], [ -155.772323982668496, 19.11069336878073 ], [ -155.771275583261541, 19.110988856549959 ], [ -155.770456323748107, 19.112562699340263 ], [ -155.769723790933824, 19.112522331230181 ], [ -155.769294068475375, 19.112947141490849 ], [ -155.768771618956151, 19.113390682935545 ], [ -155.767290999358721, 19.114023378362774 ], [ -155.76586309971043, 19.11750631986725 ], [ -155.765920167135107, 19.12007635004937 ], [ -155.765335895140566, 19.122949512729523 ], [ -155.764674219838554, 19.123511170580738 ], [ -155.764126519110192, 19.124562721413522 ], [ -155.76372786620783, 19.127872819458126 ], [ -155.763405762617253, 19.129210493945891 ], [ -155.76285646994404, 19.133380529430966 ], [ -155.762303454407288, 19.134330959329915 ], [ -155.761591774406327, 19.135698252761951 ], [ -155.760860837257496, 19.13695387390452 ], [ -155.760012336118109, 19.136050664064133 ], [ -155.758721907909262, 19.135637325773807 ], [ -155.757889390244856, 19.135070490026845 ], [ -155.757028925023633, 19.134795096312398 ], [ -155.755437692997077, 19.133829836257501 ], [ -155.754690262742315, 19.132683259596799 ], [ -155.753664195065937, 19.132027840841609 ], [ -155.753396020431182, 19.131741742062232 ], [ -155.752457389242011, 19.130883982602381 ], [ -155.751270032811533, 19.130907946817089 ], [ -155.750490197187361, 19.130864540013341 ], [ -155.748427974284994, 19.129461455690898 ], [ -155.747309379287771, 19.129483967842429 ], [ -155.746512599127669, 19.129439716262304 ], [ -155.745474704373748, 19.128893789211435 ], [ -155.744019498408591, 19.128603046816455 ], [ -155.743466821229049, 19.128014670897766 ], [ -155.741478488183787, 19.128054258913746 ], [ -155.741559052657635, 19.126741979668395 ], [ -155.741240193026471, 19.125822177776083 ], [ -155.741299951994904, 19.124846947342405 ], [ -155.743218499293505, 19.122689587065608 ], [ -155.742598703322045, 19.121524348577474 ], [ -155.74405973747858, 19.119229820240299 ], [ -155.745593630491726, 19.117928459865166 ], [ -155.746556618679421, 19.116727780089938 ], [ -155.747292706254683, 19.116103515029948 ], [ -155.746998132718005, 19.115121479441914 ], [ -155.745713216258338, 19.116723430954099 ], [ -155.745099619947013, 19.11724355432553 ], [ -155.745152740898646, 19.116378206067708 ], [ -155.745739729418204, 19.115369992896607 ], [ -155.746077653971554, 19.114720703323098 ], [ -155.745982857799845, 19.114291169708501 ], [ -155.744829403779733, 19.115430829244033 ], [ -155.744269627845995, 19.117009112990178 ], [ -155.743681848386274, 19.117489229563734 ], [ -155.74377592193386, 19.11595426626009 ], [ -155.744510163453498, 19.114075766324227 ], [ -155.744917239021021, 19.113730745773129 ], [ -155.74533476841961, 19.112553732159263 ], [ -155.74718801164471, 19.111461879773593 ], [ -155.747860213327613, 19.109907252215891 ], [ -155.747836115279824, 19.108821582408389 ], [ -155.749036386123009, 19.107034060990856 ], [ -155.749632037698774, 19.105138533039195 ], [ -155.749938586951828, 19.10461216844319 ], [ -155.749926641962332, 19.104070656655708 ], [ -155.750539608972645, 19.103550761616329 ], [ -155.751688790586655, 19.101925468357191 ], [ -155.752297219107788, 19.101665691156622 ], [ -155.752279336599514, 19.100858050325822 ], [ -155.752312832033169, 19.100310993200758 ], [ -155.751639121792834, 19.100324485880414 ], [ -155.749809143454144, 19.102454198205113 ], [ -155.749110557755841, 19.103796296176753 ], [ -155.748508905639369, 19.104306337155965 ], [ -155.748006535726802, 19.104803322443477 ], [ -155.74756733448109, 19.106422100950478 ], [ -155.746684829833583, 19.107593809216777 ], [ -155.746157020790037, 19.108607837141001 ], [ -155.745850744730234, 19.109133404257975 ], [ -155.74556629934051, 19.109680511706475 ], [ -155.745260019033793, 19.110206077217292 ], [ -155.74470616599217, 19.111767546726661 ], [ -155.744210435421479, 19.11261950591042 ], [ -155.743783474355638, 19.113439890937979 ], [ -155.742763711806532, 19.114656209916397 ], [ -155.7422853301955, 19.117204285829104 ], [ -155.741636945817902, 19.118064899543032 ], [ -155.741102712857526, 19.119090689428251 ], [ -155.740363454103317, 19.117181327589694 ], [ -155.739431522940237, 19.11688265149677 ], [ -155.739483041570367, 19.116043723654943 ], [ -155.7388508678265, 19.116347452183227 ], [ -155.738868166722739, 19.117138415450015 ], [ -155.738778913980354, 19.118595447721045 ], [ -155.738205343479592, 19.119016827259809 ], [ -155.738309698124851, 19.117315198545032 ], [ -155.738053348585879, 19.112929781460195 ], [ -155.737226285964852, 19.113327095381063 ], [ -155.736850524284279, 19.11292695086043 ], [ -155.737276698556059, 19.111156463261217 ], [ -155.737267496960328, 19.110746692719939 ], [ -155.73734230212213, 19.109529510767423 ], [ -155.737318509354282, 19.108445969400751 ], [ -155.73735166185827, 19.107904997825056 ], [ -155.737336581937228, 19.107227780695627 ], [ -155.737361860703487, 19.106818621666203 ], [ -155.737091861552415, 19.105466808344765 ], [ -155.73714826721104, 19.104548902618003 ], [ -155.737742741043149, 19.103527361752963 ], [ -155.737709700062055, 19.102021619666033 ], [ -155.738252708517336, 19.100191317575511 ], [ -155.739410308477858, 19.098467100073414 ], [ -155.739897551992669, 19.094428039314394 ], [ -155.739384273553753, 19.093594969354221 ], [ -155.739018785660278, 19.09494239613257 ], [ -155.73842704251885, 19.09544411816292 ], [ -155.738443689013479, 19.096198049824 ], [ -155.737977614766123, 19.098134699090526 ], [ -155.736722128000338, 19.098411247550136 ], [ -155.737278832151134, 19.096534650293439 ], [ -155.737272814701413, 19.096260061471821 ], [ -155.737297742039033, 19.09585433333212 ], [ -155.737285168105615, 19.095290073381726 ], [ -155.737492423562742, 19.092608423113901 ] ] ] } },
{ "type": "Feature", "properties": { "ID": 88, "GRIDCODE": 1 }, "geometry": { "type": "Polygon", "coordinates": [ [ [ -155.724695682348965, 19.091568808701002 ], [ -155.725147496397796, 19.091690818050221 ], [ -155.725576677491972, 19.093979966931318 ], [ -155.724779496750699, 19.09499679844598 ], [ -155.724220100524576, 19.094645197059418 ], [ -155.723922038449842, 19.094695686216344 ], [ -155.723638361291449, 19.094637221026346 ], [ -155.723331370186798, 19.094689136819373 ], [ -155.723108170522465, 19.093819945250949 ], [ -155.722555518788624, 19.09295705095651 ], [ -155.722815895996149, 19.09191083986153 ], [ -155.723121178020421, 19.091973656802463 ], [ -155.723549841952604, 19.091901165652462 ], [ -155.724311933941379, 19.092058316540005 ], [ -155.724695682348965, 19.091568808701002 ] ] ] } },
{ "type": "Feature", "properties": { "ID": 89, "GRIDCODE": 1 }, "geometry": { "type": "Polygon", "coordinates": [ [ [ -155.717582953298717, 19.091171324059747 ], [ -155.718639670076129, 19.091296202315927 ], [ -155.718026563289897, 19.092907018409232 ], [ -155.717672062471451, 19.092152889453612 ], [ -155.717582953298717, 19.091171324059747 ] ] ] } },
{ "type": "Feature", "properties": { "ID": 90, "GRIDCODE": 1 }, "geometry": { "type": "Polygon", "coordinates": [ [ [ -155.733724721923636, 19.110413024920398 ], [ -155.732177678478138, 19.110204670145837 ], [ -155.731752013288883, 19.110673877337064 ], [ -155.731123104210042, 19.111151634446003 ], [ -155.730810450460126, 19.11361058282559 ], [ -155.73110563410188, 19.116988131998802 ], [ -155.729734908950832, 19.115606956174535 ], [ -155.729822106267903, 19.114922306739345 ], [ -155.729099935236974, 19.113254648146398 ], [ -155.72846480074935, 19.112733789701721 ], [ -155.728406658938979, 19.112069825523065 ], [ -155.728978704847862, 19.11116030868283 ], [ -155.729067209928161, 19.1104656343446 ], [ -155.729019746629916, 19.109923234100037 ], [ -155.729121134677371, 19.109125131463632 ], [ -155.728462526309812, 19.109359338447078 ], [ -155.728119170101309, 19.111299181546375 ], [ -155.727310929061645, 19.111206527935181 ], [ -155.726809617258255, 19.111758728735502 ], [ -155.726171347155429, 19.109420902280732 ], [ -155.7263988090601, 19.107631843571728 ], [ -155.72544327969095, 19.106318593501133 ], [ -155.725342314746115, 19.105160174910075 ], [ -155.72603835542219, 19.10227598565368 ], [ -155.72643808579349, 19.101640002001531 ], [ -155.726336612401923, 19.100478665235897 ], [ -155.726739326054314, 19.098899506407363 ], [ -155.726409569348277, 19.097691270491065 ], [ -155.727320653552027, 19.095013976856727 ], [ -155.727078555012952, 19.094171158865215 ], [ -155.726684654694424, 19.093847893211645 ], [ -155.726434483414408, 19.090984410448268 ], [ -155.727466301031257, 19.090636520624134 ], [ -155.728665619855263, 19.091318126281937 ], [ -155.729697759989108, 19.09123677692126 ], [ -155.729952438225666, 19.091539316866903 ], [ -155.731308264473654, 19.092368068099677 ], [ -155.731623562660275, 19.09346445165448 ], [ -155.732771498242414, 19.094823921527581 ], [ -155.73217399503045, 19.095773731949993 ], [ -155.732468962332774, 19.098966969443939 ], [ -155.733011194496584, 19.100420400435318 ], [ -155.732585341655351, 19.102401106746861 ], [ -155.732668701268437, 19.103354015621335 ], [ -155.732447223461804, 19.105097451770575 ], [ -155.732818541651568, 19.106458206345675 ], [ -155.733039421017168, 19.108382438812683 ], [ -155.733482837160324, 19.109571270679066 ], [ -155.733724721923636, 19.110413024920398 ] ], [ [ -155.728269311007352, 19.098131042918254 ], [ -155.727844158773081, 19.099084427495541 ], [ -155.728056493632636, 19.101751030245634 ], [ -155.728845864889365, 19.102234962618109 ], [ -155.728987998405131, 19.101528548109318 ], [ -155.728728009231162, 19.099911949268311 ], [ -155.729506050506217, 19.098765453417254 ], [ -155.728592741295103, 19.098898092624911 ], [ -155.728721912782902, 19.098256497695971 ], [ -155.728269311007352, 19.098131042918254 ] ] ] } }
]
}
