{
"type": "FeatureCollection",
"name": "cyagrim",
"crs": { "type": "name", "properties": { "name": "urn:ogc:def:crs:OGC:1.3:CRS84" } },
"features": [
{ "type": "Feature", "properties": { "ID": 1, "GRIDCODE": 2 }, "geometry": { "type": "Polygon", "coordinates": [ [ [ -157.959131352476618, 21.636951271767536 ], [ -157.960117553277826, 21.63719451886902 ], [ -157.959608457201938, 21.637606656739855 ], [ -157.959131352476618, 21.636951271767536 ] ] ] } },
{ "type": "Feature", "properties": { "ID": 2, "GRIDCODE": 2 }, "geometry": { "type": "Polygon", "coordinates": [ [ [ -157.948459556008032, 21.629566665813989 ], [ -157.948812272805156, 21.62966166136793 ], [ -157.948556374275398, 21.62989771098815 ], [ -157.948459556008032, 21.629566665813989 ] ] ] } },
{ "type": "Feature", "properties": { "ID": 3, "GRIDCODE": 2 }, "geometry": { "type": "Polygon", "coordinates": [ [ [ -157.92082986288608, 21.60310119375514 ], [ -157.921472180201789, 21.603192961895655 ], [ -157.920916785391142, 21.603687522555493 ], [ -157.92082986288608, 21.60310119375514 ] ] ] } },
{ "type": "Feature", "properties": { "ID": 4, "GRIDCODE": 2 }, "geometry": { "type": "Polygon", "coordinates": [ [ [ -157.921997044352963, 21.602024700373498 ], [ -157.921845585612971, 21.6026616890972 ], [ -157.92133331690016, 21.602359366083775 ], [ -157.921997044352963, 21.602024700373498 ] ] ] } },
{ "type": "Feature", "properties": { "ID": 5, "GRIDCODE": 2 }, "geometry": { "type": "Polygon", "coordinates": [ [ [ -157.864276608117763, 21.534158738947955 ], [ -157.866654441612468, 21.534339133491969 ], [ -157.86842457410205, 21.540152992457532 ], [ -157.867970934372607, 21.54207274433638 ], [ -157.866314306373198, 21.543243533389425 ], [ -157.861836788571594, 21.545558523215803 ], [ -157.860292242462293, 21.544863560769077 ], [ -157.859964130403682, 21.54203308763844 ], [ -157.860410232504677, 21.536888483536544 ], [ -157.86391113791413, 21.5345223429401 ], [ -157.864276608117763, 21.534158738947955 ] ] ] } },
{ "type": "Feature", "properties": { "ID": 6, "GRIDCODE": 2 }, "geometry": { "type": "Polygon", "coordinates": [ [ [ -157.883486477703542, 21.522092762091965 ], [ -157.883134067101224, 21.521997639704626 ], [ -157.883389868953316, 21.521761684105023 ], [ -157.883486477703542, 21.522092762091965 ] ] ] } },
{ "type": "Feature", "properties": { "ID": 7, "GRIDCODE": 2 }, "geometry": { "type": "Polygon", "coordinates": [ [ [ -158.167482708554473, 21.497189965670049 ], [ -158.169817876682373, 21.497775214862202 ], [ -158.171939864385791, 21.50005101292588 ], [ -158.172174608970693, 21.502324985374823 ], [ -158.170822443663468, 21.505111711392114 ], [ -158.170474899235131, 21.50814295302817 ], [ -158.171812755332866, 21.51026154102874 ], [ -158.174256984086355, 21.512334974315149 ], [ -158.176315937717277, 21.513070566541774 ], [ -158.179252201309936, 21.513575148452727 ], [ -158.181127734066621, 21.514670473508513 ], [ -158.180862997513316, 21.515021265600424 ], [ -158.180255478228275, 21.515264303809047 ], [ -158.178819390734787, 21.516101310697731 ], [ -158.177938084831879, 21.515786437283698 ], [ -158.17760092791093, 21.516840982205885 ], [ -158.176479535355526, 21.517142945742222 ], [ -158.176078156638738, 21.517996542859049 ], [ -158.175610147482644, 21.517949567437501 ], [ -158.175033654810392, 21.518254674295971 ], [ -158.174487147940908, 21.517632423224914 ], [ -158.174174458076465, 21.51798098175637 ], [ -158.173052575591669, 21.517216987921074 ], [ -158.172999463901419, 21.517680311366785 ], [ -158.173050677262694, 21.518177435100593 ], [ -158.172423538801212, 21.518234144649877 ], [ -158.170980449022608, 21.517649849898987 ], [ -158.170489127259231, 21.518197413302293 ], [ -158.170102734412467, 21.517949473042854 ], [ -158.169578312597963, 21.517352196149638 ], [ -158.168819808323462, 21.517753711616102 ], [ -158.168210567406646, 21.517275047828104 ], [ -158.167818803376122, 21.516828963055588 ], [ -158.166609459500705, 21.516330956975985 ], [ -158.1660871649363, 21.515736194620548 ], [ -158.165405955299804, 21.515455671010027 ], [ -158.164802593123454, 21.514768589568906 ], [ -158.164330088885606, 21.514397261951654 ], [ -158.164066911972213, 21.514097518363911 ], [ -158.163495115014285, 21.514149178276323 ], [ -158.163463092932091, 21.513838350407873 ], [ -158.163495392775815, 21.513556893382578 ], [ -158.163177765902446, 21.513307363219482 ], [ -158.162592744614898, 21.512409151929639 ], [ -158.161186700191251, 21.511646169648078 ], [ -158.160223905205839, 21.511249670682446 ], [ -158.159205736064024, 21.51044958242047 ], [ -158.158880602688185, 21.509737347209548 ], [ -158.158250592498831, 21.509242199857063 ], [ -158.15773036210814, 21.508102911476758 ], [ -158.156748680911022, 21.508191521137814 ], [ -158.155812487115639, 21.507455680792596 ], [ -158.155420787200114, 21.507009568493636 ], [ -158.154803832105102, 21.506755465034765 ], [ -158.15526448254036, 21.506012194545519 ], [ -158.155067897853712, 21.504105311049845 ], [ -158.155993485209819, 21.50348905348768 ], [ -158.157180211084125, 21.503249026884433 ], [ -158.158215450171184, 21.502890975293948 ], [ -158.159629771141624, 21.503033084142729 ], [ -158.160643958802154, 21.502941509864073 ], [ -158.161441220807546, 21.503021610021595 ], [ -158.162659176143421, 21.502709509519907 ], [ -158.164572586213438, 21.502400284501213 ], [ -158.16587932887893, 21.501395473817514 ], [ -158.166591910920829, 21.500601285541812 ], [ -158.167363148374733, 21.50053161697285 ], [ -158.168777078107468, 21.501113875132354 ], [ -158.169076773773696, 21.50145521547817 ], [ -158.170397047695928, 21.501099762088348 ], [ -158.169888980832241, 21.500521095440842 ], [ -158.168263570210712, 21.499851772771368 ], [ -158.167865003520831, 21.499192388644239 ], [ -158.167946543208274, 21.498480937781586 ], [ -158.16763561585887, 21.498126834918565 ], [ -158.167230449370379, 21.49780839056368 ], [ -158.167482708554473, 21.497189965670049 ] ] ] } },
{ "type": "Feature", "properties": { "ID": 8, "GRIDCODE": 2 }, "geometry": { "type": "Polygon", "coordinates": [ [ [ -157.87682276356486, 21.484647985582743 ], [ -157.877175080604786, 21.484743117618496 ], [ -157.876919336909907, 21.484979067099964 ], [ -157.87682276356486, 21.484647985582743 ] ] ] } },
{ "type": "Feature", "properties": { "ID": 9, "GRIDCODE": 2 }, "geometry": { "type": "Polygon", "coordinates": [ [ [ -157.87682276356486, 21.484647985582743 ], [ -157.8764704470168, 21.484552852823018 ], [ -157.876726190622179, 21.484316904015913 ], [ -157.87682276356486, 21.484647985582743 ] ] ] } },
{ "type": "Feature", "properties": { "ID": 10, "GRIDCODE": 2 }, "geometry": { "type": "Polygon", "coordinates": [ [ [ -157.868736361890939, 21.481883293731588 ], [ -157.869401404167263, 21.481997628883729 ], [ -157.868890915879717, 21.482228467997768 ], [ -157.868736361890939, 21.481883293731588 ] ] ] } },
{ "type": "Feature", "properties": { "ID": 11, "GRIDCODE": 2 }, "geometry": { "type": "Polygon", "coordinates": [ [ [ -158.132832238000134, 21.47993874405396 ], [ -158.133185831761097, 21.479847808035984 ], [ -158.13293330715041, 21.479608816736945 ], [ -158.132832238000134, 21.47993874405396 ], [ -158.132118988832303, 21.479520886235377 ], [ -158.131448775978583, 21.479261593190582 ], [ -158.130246903223338, 21.479864833230799 ], [ -158.128252319474541, 21.479076155767242 ], [ -158.126627642011584, 21.478238768211444 ], [ -158.124513309847828, 21.477857952822536 ], [ -158.123443463080861, 21.477306513457282 ], [ -158.122527550340095, 21.477352791498156 ], [ -158.122595693589716, 21.478533879545804 ], [ -158.119209793774871, 21.478327159969208 ], [ -158.118221717196292, 21.477817805300862 ], [ -158.117165311946252, 21.478347938348016 ], [ -158.119262196193745, 21.478665165468382 ], [ -158.119651407254594, 21.479470911021917 ], [ -158.119955830575265, 21.479728325459366 ], [ -158.120225642076434, 21.480287025697582 ], [ -158.121107565268289, 21.480818507099201 ], [ -158.121375328471089, 21.481719622293298 ], [ -158.120784210664283, 21.482724276213933 ], [ -158.121284750715063, 21.483147614413685 ], [ -158.121951726078606, 21.482178096250763 ], [ -158.122448756173384, 21.481653864372696 ], [ -158.123759231596836, 21.482520943959628 ], [ -158.123693131083542, 21.481374871034976 ], [ -158.124368871189461, 21.480850842060793 ], [ -158.125539814900264, 21.4814543511716 ], [ -158.126018870913839, 21.480030239559138 ], [ -158.1263732109974, 21.480051876537996 ], [ -158.126883944037644, 21.480592967358561 ], [ -158.127477945863006, 21.480851880822726 ], [ -158.127976883218025, 21.481380466982735 ], [ -158.129259013645338, 21.480552023525025 ], [ -158.130068708678522, 21.480680969207611 ], [ -158.129349384949364, 21.481903877327081 ], [ -158.130374803918187, 21.482350831814745 ], [ -158.130343743652503, 21.482795330378096 ], [ -158.129768476774331, 21.482760177782541 ], [ -158.129202339954958, 21.483044339344392 ], [ -158.128239560676661, 21.483451822050831 ], [ -158.128870699321681, 21.484553264046951 ], [ -158.129350401655671, 21.486036640077057 ], [ -158.128300623024046, 21.485972541531218 ], [ -158.127717861695629, 21.486576209992545 ], [ -158.12713890552763, 21.486540896355795 ], [ -158.126863172195954, 21.486826565834651 ], [ -158.125456989853546, 21.487224898698354 ], [ -158.127350867556174, 21.488366232752742 ], [ -158.126245580613755, 21.488834032818232 ], [ -158.126285182501221, 21.489519359548765 ], [ -158.125960335999537, 21.48978796335598 ], [ -158.125685447600546, 21.490072774756527 ], [ -158.124970125910551, 21.490375527706149 ], [ -158.124517668954155, 21.491647251950912 ], [ -158.127146134562651, 21.490640205746967 ], [ -158.127109639296293, 21.491164078027765 ], [ -158.128097863400626, 21.491455354865288 ], [ -158.126249967925048, 21.493902047505774 ], [ -158.127109970793214, 21.493858569962839 ], [ -158.127382293443077, 21.494147102149675 ], [ -158.128917159916682, 21.49442349544109 ], [ -158.127352141396358, 21.495717544707183 ], [ -158.127388543905028, 21.496347536393632 ], [ -158.128391284148904, 21.496296857834505 ], [ -158.128825530474984, 21.49632334095125 ], [ -158.129260065235513, 21.496301388338019 ], [ -158.129701238216455, 21.496328302302796 ], [ -158.130879089143633, 21.495483824377601 ], [ -158.131422067694501, 21.49660742855005 ], [ -158.131658107573884, 21.49686446720203 ], [ -158.133180895901489, 21.494650731219764 ], [ -158.133473225340396, 21.497102905176877 ], [ -158.134908889076854, 21.497423394396179 ], [ -158.135466689233823, 21.498270738710069 ], [ -158.134305569381127, 21.498199945374427 ], [ -158.134324044642113, 21.498518978575298 ], [ -158.133998338935129, 21.49878832099747 ], [ -158.13402963072889, 21.499331007669504 ], [ -158.133124213878176, 21.499587548815473 ], [ -158.133209496203847, 21.501065293141444 ], [ -158.132438550755097, 21.500248794607881 ], [ -158.131928915683801, 21.499817831310519 ], [ -158.131096037315388, 21.499859951880019 ], [ -158.131167075818695, 21.501089619109862 ], [ -158.13102737117751, 21.5014687054632 ], [ -158.129785474669347, 21.500828732795476 ], [ -158.128310184510497, 21.501886435198688 ], [ -158.129393329919083, 21.502802378421112 ], [ -158.129335497398642, 21.503632901129457 ], [ -158.130265784317231, 21.504193373575376 ], [ -158.129392916660692, 21.504914969598609 ], [ -158.129069436776206, 21.505376535470301 ], [ -158.130271834235231, 21.506101005370585 ], [ -158.13082126328618, 21.506073229434882 ], [ -158.130782914604623, 21.506624618699856 ], [ -158.130803679809645, 21.506985416652128 ], [ -158.131495959272627, 21.508193303243591 ], [ -158.128526540141678, 21.507583432426479 ], [ -158.128184175155639, 21.508127477096419 ], [ -158.129349695834719, 21.508635453446058 ], [ -158.129320320421556, 21.509056270327587 ], [ -158.129355573644204, 21.509667131977846 ], [ -158.130450320364275, 21.510592790575231 ], [ -158.130755260688801, 21.511347982279396 ], [ -158.129304650847104, 21.51175887935559 ], [ -158.129004208107943, 21.512362630174554 ], [ -158.127854998111872, 21.512292512819894 ], [ -158.127287039149167, 21.512577514216687 ], [ -158.126991006866774, 21.512559424195246 ], [ -158.126675962420279, 21.512575311437608 ], [ -158.126706721575516, 21.513108069722811 ], [ -158.126675163218096, 21.513561363422884 ], [ -158.12465768279435, 21.513902818697105 ], [ -158.123718464190603, 21.514212659105592 ], [ -158.122926492965689, 21.514164299164761 ], [ -158.122579756055956, 21.514181798629018 ], [ -158.12182352127104, 21.51496484015539 ], [ -158.121075741281828, 21.515281230443691 ], [ -158.119353809945267, 21.515176077967002 ], [ -158.119740619270374, 21.515503141503974 ], [ -158.120012122212358, 21.515790821200742 ], [ -158.120606251446276, 21.516049762475216 ], [ -158.120882389470097, 21.517189725565878 ], [ -158.122009790877513, 21.516022345190787 ], [ -158.123182493896991, 21.516093950308552 ], [ -158.123807783190557, 21.515780150031208 ], [ -158.124646982667429, 21.515831400467672 ], [ -158.125075188157751, 21.515388060903842 ], [ -158.125657774308849, 21.514906356508082 ], [ -158.126387263305219, 21.515282245867891 ], [ -158.127012656878634, 21.515541328222636 ], [ -158.127550731381433, 21.514460022023641 ], [ -158.12802827418011, 21.514065302094785 ], [ -158.128647060669692, 21.514720698484375 ], [ -158.130060099603241, 21.513807915837244 ], [ -158.130479890618119, 21.514252445368623 ], [ -158.130444946536954, 21.514753761412685 ], [ -158.130468408377993, 21.515160428525199 ], [ -158.130420621772487, 21.515847282810814 ], [ -158.131009981536863, 21.515817531733298 ], [ -158.131595372646785, 21.516193905855264 ], [ -158.130765007501225, 21.517605080146268 ], [ -158.131589446415461, 21.517191379030233 ], [ -158.132402861258214, 21.516847160463044 ], [ -158.132747897441163, 21.517212620579546 ], [ -158.133294041227231, 21.517674342135013 ], [ -158.133621713365642, 21.516388848962283 ], [ -158.134085421857208, 21.515200403195447 ], [ -158.134953221751204, 21.514051568156152 ], [ -158.135437258245133, 21.513703178693156 ], [ -158.135951511172379, 21.514247901510963 ], [ -158.136833694701096, 21.514779306589368 ], [ -158.137352752364876, 21.515853406137104 ], [ -158.137731504931565, 21.516139097745668 ], [ -158.138850582236415, 21.514512538375943 ], [ -158.139433467208846, 21.514812843762645 ], [ -158.140587273717728, 21.513985580449685 ], [ -158.141059000624381, 21.513732196591715 ], [ -158.141527645640622, 21.514701741441929 ], [ -158.141375202449979, 21.516890375608959 ], [ -158.14178690755557, 21.517515148180777 ], [ -158.142445155796679, 21.516833345362723 ], [ -158.143076296285642, 21.516311464762857 ], [ -158.14378483595317, 21.517061824069049 ], [ -158.143751631964761, 21.517539265717208 ], [ -158.144886366240115, 21.519077239028338 ], [ -158.145044268815468, 21.520927354921351 ], [ -158.144690581176576, 21.521018312535293 ], [ -158.144943194597431, 21.521257287914054 ], [ -158.145044268815468, 21.520927354921351 ], [ -158.145769624441812, 21.520282342429105 ], [ -158.146067086559583, 21.518897148614769 ], [ -158.14669924686936, 21.517763984758552 ], [ -158.147933387995693, 21.516666579632144 ], [ -158.14752116691912, 21.515907825359719 ], [ -158.147545872090859, 21.515018168461943 ], [ -158.148694617124818, 21.515392727604294 ], [ -158.149296012114235, 21.51538427979289 ], [ -158.150137773229488, 21.516213041169379 ], [ -158.150993416910126, 21.516990852281491 ], [ -158.151817866297137, 21.518978148321555 ], [ -158.152220221442718, 21.518590386873093 ], [ -158.151534554145968, 21.516327341177352 ], [ -158.151618012930641, 21.514594384293552 ], [ -158.152443049135087, 21.515406639278478 ], [ -158.153332585076953, 21.515681787185507 ], [ -158.154192662224887, 21.516233635255368 ], [ -158.154664187471866, 21.516501628897281 ], [ -158.155070998488412, 21.514606470041567 ], [ -158.15538479250867, 21.514342452560207 ], [ -158.156428946019219, 21.51537051767728 ], [ -158.157397163926106, 21.513528543090423 ], [ -158.158410757784281, 21.513552977173763 ], [ -158.159137600046762, 21.513542743879778 ], [ -158.159709755175896, 21.513822214350309 ], [ -158.160293147940735, 21.514090755245817 ], [ -158.161729400183589, 21.515187525242791 ], [ -158.162175197766487, 21.515455368793408 ], [ -158.162607157861771, 21.514633324777357 ], [ -158.163194584381245, 21.51521168312852 ], [ -158.163165452655363, 21.516273562818064 ], [ -158.163753704113731, 21.516808119042409 ], [ -158.163712633979088, 21.518300969099414 ], [ -158.165985024637024, 21.517451667212804 ], [ -158.166920335928495, 21.519280574320927 ], [ -158.168231201797795, 21.518868057955714 ], [ -158.168657490780078, 21.519287647338707 ], [ -158.168963240149537, 21.519565495246688 ], [ -158.169527737235654, 21.519557519125446 ], [ -158.169826116235299, 21.519564694030663 ], [ -158.169811315140237, 21.520103772572767 ], [ -158.169815715489648, 21.520374826262948 ], [ -158.169808221206154, 21.52064840140698 ], [ -158.170108065657047, 21.520920924349003 ], [ -158.170085594632013, 21.521739797083235 ], [ -158.171233983470586, 21.52172360125072 ], [ -158.171832005832357, 21.522015599782975 ], [ -158.1721212608999, 21.521736871524478 ], [ -158.172700385325555, 21.522019641806541 ], [ -158.173569323767452, 21.521474736519941 ], [ -158.173938272448396, 21.521483643165332 ], [ -158.173560075906437, 21.522834813127467 ], [ -158.174144942217794, 21.523103909815347 ], [ -158.174932177508367, 21.523878682993427 ], [ -158.175299415619662, 21.522838586641559 ], [ -158.17575087695073, 21.522436981831238 ], [ -158.175202660930324, 21.521938925416457 ], [ -158.175606008143092, 21.521215695731215 ], [ -158.175310091958266, 21.520946841140439 ], [ -158.174453814453187, 21.519702848234964 ], [ -158.175905739358683, 21.519052558370245 ], [ -158.176191282862789, 21.518777509784226 ], [ -158.176488078258217, 21.518513368058535 ], [ -158.17677361961205, 21.518238318390047 ], [ -158.177367346466724, 21.517710032823516 ], [ -158.178494421561993, 21.516623976812411 ], [ -158.18060061157334, 21.516365347228938 ], [ -158.18112561512433, 21.516942146987258 ], [ -158.17935940073221, 21.520955947913517 ], [ -158.178734358961975, 21.522726493452449 ], [ -158.179420753822086, 21.524990698821963 ], [ -158.182015480683646, 21.52947447591151 ], [ -158.182894736899129, 21.530273154428016 ], [ -158.184784645512963, 21.531445733465382 ], [ -158.190317142077703, 21.532934899799514 ], [ -158.194432575005891, 21.534070846767644 ], [ -158.195825608854449, 21.534750782032127 ], [ -158.196735805727855, 21.536064342303355 ], [ -158.196641229155944, 21.539525507509516 ], [ -158.195643190067074, 21.541315294812286 ], [ -158.193473024482472, 21.542287372538375 ], [ -158.186684576569633, 21.54212477830546 ], [ -158.182579154731457, 21.540991464970723 ], [ -158.179262151194337, 21.53937207831158 ], [ -158.17522856085958, 21.536389825394295 ], [ -158.171129192652927, 21.534011016981999 ], [ -158.167903664388177, 21.53287133125318 ], [ -158.16187707837895, 21.532516337058187 ], [ -158.160193463615713, 21.53143625289292 ], [ -158.158682519376413, 21.530586631758904 ], [ -158.155116784671833, 21.529754264058926 ], [ -158.152812954211697, 21.529786518855403 ], [ -158.149768638648254, 21.530846818003571 ], [ -158.148540404253879, 21.531106158917986 ], [ -158.145178249367916, 21.530443946562343 ], [ -158.143803560290451, 21.529772357800578 ], [ -158.140521769106158, 21.52699959379202 ], [ -158.138746152212605, 21.525753665810171 ], [ -158.129974591509409, 21.521449307133707 ], [ -158.125552567287428, 21.520081041539264 ], [ -158.112174434192696, 21.51953882953249 ], [ -158.110948091241966, 21.51923778320986 ], [ -158.109367069047067, 21.517680335598907 ], [ -158.108997656646807, 21.514711141933265 ], [ -158.109327991514078, 21.513532844048765 ], [ -158.110087586913011, 21.512857668226633 ], [ -158.112734294952105, 21.512069519423051 ], [ -158.115703303065317, 21.511697717768683 ], [ -158.117774232722155, 21.511425733531308 ], [ -158.118956086974435, 21.510863910752658 ], [ -158.120186939722913, 21.509678426945236 ], [ -158.120049935919127, 21.501000123057182 ], [ -158.118911479829109, 21.494534333677532 ], [ -158.118157567281685, 21.488938773782831 ], [ -158.117304389157113, 21.485416303577129 ], [ -158.116388712987685, 21.481572444002154 ], [ -158.116491785511812, 21.477870076935659 ], [ -158.118067986711708, 21.476063435077421 ], [ -158.121764801604115, 21.475411671106858 ], [ -158.126141396899925, 21.476485973655397 ], [ -158.133052642248458, 21.478557800168538 ], [ -158.134492108282984, 21.479591816563136 ], [ -158.136393935490929, 21.483313114196161 ], [ -158.141737148583161, 21.488638851848897 ], [ -158.146741881157936, 21.490943105244707 ], [ -158.153703974594208, 21.493930350860889 ], [ -158.157783792991182, 21.496195450600005 ], [ -158.160156941596028, 21.497470449455481 ], [ -158.163493767227862, 21.497869058678216 ], [ -158.164726391572344, 21.497580042221237 ], [ -158.167045687449189, 21.497151856876865 ], [ -158.165877141219084, 21.497860463779261 ], [ -158.165885919968161, 21.498404160307125 ], [ -158.165587459964314, 21.498939506859653 ], [ -158.165298844596833, 21.499756587575906 ], [ -158.164420170200287, 21.500018594747281 ], [ -158.164720764271266, 21.50057188950538 ], [ -158.1647021786614, 21.501251163548925 ], [ -158.161147996735536, 21.502466824828435 ], [ -158.15977802284047, 21.50243373533522 ], [ -158.15893908528335, 21.502445525955483 ], [ -158.1579956419952, 21.50213804529783 ], [ -158.156880643744472, 21.502153727288789 ], [ -158.156594257436808, 21.501593609325031 ], [ -158.155714311761727, 21.501605970831093 ], [ -158.155149325196874, 21.501049735620658 ], [ -158.154302193224424, 21.501061660215935 ], [ -158.152481685656994, 21.500615182680814 ], [ -158.15302954711575, 21.49963302383313 ], [ -158.151972770853746, 21.499146607553893 ], [ -158.15228635212182, 21.498304203146333 ], [ -158.15285691083605, 21.497796729654112 ], [ -158.153399048027097, 21.496261823093825 ], [ -158.151975922539577, 21.497261048290426 ], [ -158.15111698270573, 21.497240275672834 ], [ -158.149658971169373, 21.498057666943943 ], [ -158.149093741096749, 21.497501013777384 ], [ -158.148792373375244, 21.497505235209722 ], [ -158.148815128119793, 21.496680875554812 ], [ -158.148029974630361, 21.497054371823577 ], [ -158.147650489087539, 21.496680694219673 ], [ -158.14707391137901, 21.496156532123063 ], [ -158.146785434178668, 21.495308615275572 ], [ -158.146207221901278, 21.495865788406874 ], [ -158.145633612482243, 21.495851871731585 ], [ -158.14484916491719, 21.496225025741058 ], [ -158.14420297637281, 21.495588604665308 ], [ -158.143026105776954, 21.495046795584255 ], [ -158.14274006522686, 21.494487318734823 ], [ -158.1422993880729, 21.494086649034905 ], [ -158.141322264410377, 21.493124352539919 ], [ -158.141004784409574, 21.493128808209821 ], [ -158.140711088308109, 21.492839525871091 ], [ -158.140740862094731, 21.491766406040593 ], [ -158.140001968337913, 21.491776698739997 ], [ -158.139278085735725, 21.4917591418779 ], [ -158.138843658435775, 21.491765240817465 ], [ -158.138391797759624, 21.491754243116524 ], [ -158.136658523842726, 21.489540522312517 ], [ -158.136105783186849, 21.489037952120338 ], [ -158.135823491286914, 21.488760035529332 ], [ -158.135529824701052, 21.488492911469251 ], [ -158.135195801194243, 21.488163974091236 ], [ -158.133967678387592, 21.485760948131212 ], [ -158.132744643081907, 21.483508211384414 ], [ -158.132384349974075, 21.482699931483481 ], [ -158.132832238000134, 21.47993874405396 ] ], [ [ -158.112054688194178, 21.515876589883586 ], [ -158.112178260820826, 21.516301259181475 ], [ -158.112905214612653, 21.517229771907314 ], [ -158.113914365032713, 21.516588989609478 ], [ -158.112054688194178, 21.515876589883586 ] ], [ [ -158.117562593148079, 21.51509270826957 ], [ -158.117211530293446, 21.515498256244705 ], [ -158.115794028165482, 21.515777399401472 ], [ -158.114529368432699, 21.516412405075936 ], [ -158.117395037752289, 21.516094286546974 ], [ -158.117979165622017, 21.515408485814483 ], [ -158.117562593148079, 21.51509270826957 ] ], [ [ -158.175713003698405, 21.527044338053063 ], [ -158.175583307262599, 21.527194233838514 ], [ -158.175441470077118, 21.528217048807022 ], [ -158.174545179416697, 21.528565236533531 ], [ -158.175073832225024, 21.529600961131347 ], [ -158.176451392673073, 21.52800870463086 ], [ -158.176394374202658, 21.527560386840371 ], [ -158.175713003698405, 21.527044338053063 ] ], [ [ -158.177155188313122, 21.528135583595148 ], [ -158.177252473658314, 21.528466515803267 ], [ -158.177507831050349, 21.528230092418298 ], [ -158.177155188313122, 21.528135583595148 ] ], [ [ -158.176299960371836, 21.525692076762247 ], [ -158.176397242335611, 21.526023009451176 ], [ -158.17665259664858, 21.525786587214608 ], [ -158.176299960371836, 21.525692076762247 ] ] ] } },
{ "type": "Feature", "properties": { "ID": 12, "GRIDCODE": 2 }, "geometry": { "type": "Polygon", "coordinates": [ [ [ -157.861873706558612, 21.470725098709337 ], [ -157.862216986788411, 21.470976946008111 ], [ -157.862389045797499, 21.472123115145997 ], [ -157.861984152529658, 21.472740994491293 ], [ -157.861504863766697, 21.474308307421637 ], [ -157.860817064740331, 21.474398702413602 ], [ -157.860471453806753, 21.473973283595392 ], [ -157.859371542980227, 21.474117831937185 ], [ -157.858992888686032, 21.473651757560713 ], [ -157.858254597181997, 21.473110246120207 ], [ -157.858608517507548, 21.472939904021278 ], [ -157.860368977407575, 21.473334416857067 ], [ -157.861162436044623, 21.473036784382661 ], [ -157.861740102012163, 21.471690209199483 ], [ -157.861873706558612, 21.470725098709337 ] ] ] } },
{ "type": "Feature", "properties": { "ID": 13, "GRIDCODE": 2 }, "geometry": { "type": "Polygon", "coordinates": [ [ [ -157.861298880619955, 21.470179155309403 ], [ -157.861197073128722, 21.470508893717341 ], [ -157.860945309144256, 21.470269511521476 ], [ -157.861298880619955, 21.470179155309403 ] ] ] } },
{ "type": "Feature", "properties": { "ID": 14, "GRIDCODE": 2 }, "geometry": { "type": "Polygon", "coordinates": [ [ [ -157.927319700030665, 21.429691700560134 ], [ -157.927671924667663, 21.429786722615152 ], [ -157.927416358679949, 21.430022758365833 ], [ -157.927319700030665, 21.429691700560134 ] ] ] } },
{ "type": "Feature", "properties": { "ID": 15, "GRIDCODE": 2 }, "geometry": { "type": "Polygon", "coordinates": [ [ [ -157.840032980641752, 21.413390994553648 ], [ -157.83993117194052, 21.413720721839066 ], [ -157.83967953700548, 21.413481311984928 ], [ -157.840032980641752, 21.413390994553648 ] ] ] } },
{ "type": "Feature", "properties": { "ID": 16, "GRIDCODE": 2 }, "geometry": { "type": "Polygon", "coordinates": [ [ [ -157.90753149530255, 21.404900990654518 ], [ -157.907883646460562, 21.404996051538813 ], [ -157.907628095180627, 21.405232058264261 ], [ -157.90753149530255, 21.404900990654518 ] ] ] } },
{ "type": "Feature", "properties": { "ID": 17, "GRIDCODE": 2 }, "geometry": { "type": "Polygon", "coordinates": [ [ [ -158.104400624016478, 21.393872003596947 ], [ -158.105151154160978, 21.394004379934096 ], [ -158.104540321295872, 21.396457614578459 ], [ -158.103418509376979, 21.400111017699846 ], [ -158.1031032328859, 21.403540374776686 ], [ -158.104289798399947, 21.410255355121091 ], [ -158.105232788434336, 21.412703119729038 ], [ -158.102897154653675, 21.411812757462524 ], [ -158.103365743623868, 21.410638963516792 ], [ -158.101792308557179, 21.410512094217108 ], [ -158.101214026634636, 21.411133372583794 ], [ -158.099805560255135, 21.409983854362181 ], [ -158.099544384882819, 21.408878209292894 ], [ -158.099238345389352, 21.408083585593037 ], [ -158.098977177123857, 21.406977939661125 ], [ -158.09862766288532, 21.406383377284662 ], [ -158.098709417189667, 21.405495883782613 ], [ -158.098666106886782, 21.404953587522424 ], [ -158.098716063706036, 21.404411792702543 ], [ -158.0986727535375, 21.403869496385251 ], [ -158.098722709803582, 21.403327701480418 ], [ -158.098541109172658, 21.401047239251401 ], [ -158.100192629779031, 21.400705212125875 ], [ -158.100133838772507, 21.399966969816511 ], [ -158.100784268448677, 21.399118190944691 ], [ -158.100728233453225, 21.398414107100756 ], [ -158.101246042540623, 21.39734387174212 ], [ -158.10193576936436, 21.396443685660056 ], [ -158.102207117094537, 21.395882958677692 ], [ -158.102519520077266, 21.395633714444855 ], [ -158.102924056038347, 21.395199091013723 ], [ -158.103392655723155, 21.394825288423306 ], [ -158.10366234315174, 21.394535582157172 ], [ -158.104130938860891, 21.394161777334517 ], [ -158.104400624016478, 21.393872003596947 ] ] ] } },
{ "type": "Feature", "properties": { "ID": 18, "GRIDCODE": 2 }, "geometry": { "type": "Polygon", "coordinates": [ [ [ -158.102424503256543, 21.385730467004315 ], [ -158.104018075266453, 21.385871789338267 ], [ -158.10499389730802, 21.386498864888779 ], [ -158.105414037486725, 21.393322378447369 ], [ -158.104629529363166, 21.393734996740463 ], [ -158.103671006821656, 21.392348577474973 ], [ -158.10368840369776, 21.39345906937093 ], [ -158.103094373924137, 21.393987503189276 ], [ -158.103099062298895, 21.394284631525949 ], [ -158.102492949948811, 21.394823850253967 ], [ -158.10164282094081, 21.394803020371288 ], [ -158.101340191432911, 21.39509479649336 ], [ -158.101354829972649, 21.396029327076349 ], [ -158.099595240391039, 21.396421076373631 ], [ -158.099625008110763, 21.398321702489714 ], [ -158.099288170018951, 21.398313474903038 ], [ -158.099305250201922, 21.399400870524179 ], [ -158.099297655150281, 21.399671861630441 ], [ -158.09930223479131, 21.399962372080445 ], [ -158.097559390865058, 21.399919650676885 ], [ -158.097563844022176, 21.400207182738804 ], [ -158.097267017352152, 21.400471322981648 ], [ -158.096973247253032, 21.402101357236482 ], [ -158.096676415602701, 21.402365496202403 ], [ -158.096684939574146, 21.402910186085933 ], [ -158.096669547164169, 21.403460371500312 ], [ -158.095805098945107, 21.403439234895824 ], [ -158.095515080167644, 21.403904498435921 ], [ -158.096670553483534, 21.404262553778853 ], [ -158.096949282592277, 21.405082576299307 ], [ -158.097599346255578, 21.405382253213983 ], [ -158.097228740456501, 21.406704845184755 ], [ -158.096793195697643, 21.408337025347794 ], [ -158.096066769724672, 21.408319213580874 ], [ -158.09577561737575, 21.408599658731873 ], [ -158.094315013614619, 21.408858502882143 ], [ -158.095769434080921, 21.409880341408808 ], [ -158.095744770770807, 21.410765030487081 ], [ -158.09695502668356, 21.411048211917855 ], [ -158.098063584903542, 21.412152004528558 ], [ -158.096883835792113, 21.412123087129384 ], [ -158.09602713087898, 21.412948501575741 ], [ -158.095022594631558, 21.412923824432291 ], [ -158.094588403645332, 21.41292981651219 ], [ -158.093702139866451, 21.412908086368084 ], [ -158.095184384657927, 21.414580926516276 ], [ -158.096321675831319, 21.415105172683504 ], [ -158.095425423807995, 21.415372162081646 ], [ -158.096023147427445, 21.415916126781401 ], [ -158.095693033215156, 21.416209661001147 ], [ -158.09399762001965, 21.416168079254252 ], [ -158.093411731132477, 21.41645572609924 ], [ -158.095562621925723, 21.417122165397053 ], [ -158.097159566111657, 21.417964384194484 ], [ -158.095707912455566, 21.418614084007714 ], [ -158.095712381041949, 21.418898373170524 ], [ -158.095118500699868, 21.419426641701484 ], [ -158.095442710390614, 21.420024515201593 ], [ -158.094754510702415, 21.420514093019346 ], [ -158.091363995940924, 21.419953676768763 ], [ -158.090785376500492, 21.419908453728087 ], [ -158.092804500796035, 21.421045606746407 ], [ -158.093914097005609, 21.421758568332784 ], [ -158.093081596165689, 21.422131230507528 ], [ -158.092506510374562, 21.422404705234484 ], [ -158.092214414963706, 21.422397498220629 ], [ -158.090776772763661, 21.422417161931275 ], [ -158.091792063824045, 21.423341302195819 ], [ -158.091330748829677, 21.423751500306498 ], [ -158.092221175557029, 21.424162013974897 ], [ -158.092194663901239, 21.425112661430937 ], [ -158.092414127104519, 21.426193076960434 ], [ -158.092779029427135, 21.424826004532875 ], [ -158.093511787982266, 21.42417442908566 ], [ -158.094225255824085, 21.423487146611002 ], [ -158.094967381334186, 21.422827145231313 ], [ -158.095538088920222, 21.422277313788001 ], [ -158.096019710439606, 21.421848950271347 ], [ -158.097144438279344, 21.421345508965793 ], [ -158.098705133141607, 21.420249804675937 ], [ -158.099753245333261, 21.420275489424082 ], [ -158.100340817917242, 21.420267396862549 ], [ -158.100330358996644, 21.41959823212493 ], [ -158.10034934803457, 21.418920755736274 ], [ -158.100333087507039, 21.417883457310786 ], [ -158.100697889284504, 21.41626299883265 ], [ -158.101888630107567, 21.4146381671912 ], [ -158.10335492224911, 21.414311729530112 ], [ -158.104565355525807, 21.414341361405032 ], [ -158.105014391866604, 21.41433515818759 ], [ -158.104990155683566, 21.415204963865683 ], [ -158.102133304883665, 21.421292123425435 ], [ -158.096529471765649, 21.425806066177746 ], [ -158.095463000231575, 21.428295699677619 ], [ -158.095061094998215, 21.430623625321545 ], [ -158.096755801902049, 21.433747642696019 ], [ -158.099949195224269, 21.435990850550361 ], [ -158.101700884175671, 21.437383666383909 ], [ -158.102422455453933, 21.438796751206475 ], [ -158.101792437001563, 21.443209863144041 ], [ -158.100593754161679, 21.448533848005983 ], [ -158.100148519224291, 21.450691360273005 ], [ -158.100722560617697, 21.45339389756229 ], [ -158.104701744565858, 21.460727564360425 ], [ -158.108204881445545, 21.468151572181394 ], [ -158.108109378822064, 21.471577450621414 ], [ -158.105694036932647, 21.472658396819075 ], [ -158.10314597093199, 21.47259611447668 ], [ -158.101242715073965, 21.471665412972413 ], [ -158.098003492660354, 21.468472901346548 ], [ -158.093588226287238, 21.463417646379469 ], [ -158.092395908780162, 21.461082814715887 ], [ -158.091339269264125, 21.45853187513347 ], [ -158.09015981088217, 21.453885869111144 ], [ -158.089729699502641, 21.450117764958062 ], [ -158.090729996395339, 21.445188817524375 ], [ -158.090651399949735, 21.440148726657089 ], [ -158.089520841333979, 21.436210924190782 ], [ -158.089180040100103, 21.434868675346198 ], [ -158.089343786396114, 21.429024945009964 ], [ -158.089261375058697, 21.423739402003019 ], [ -158.08933145682542, 21.421235396438231 ], [ -158.090583140342062, 21.417874823464484 ], [ -158.092295310595063, 21.408846452046092 ], [ -158.094769486338606, 21.401770401487717 ], [ -158.099142623865959, 21.391183478143432 ], [ -158.100598216696994, 21.387877232265154 ], [ -158.101164541325204, 21.386861911329074 ], [ -158.102281799157396, 21.385867932613579 ], [ -158.102424503256543, 21.385730467004315 ] ], [ [ -158.091280184228367, 21.456409503299149 ], [ -158.091808418581479, 21.457057853631916 ], [ -158.092273836551158, 21.456573108276917 ], [ -158.091280184228367, 21.456409503299149 ] ], [ [ -158.096541494364629, 21.448307094445042 ], [ -158.096689887458695, 21.448175093293635 ], [ -158.097865200587421, 21.446260134880507 ], [ -158.097857109749725, 21.445736888858782 ], [ -158.098155839261381, 21.445201466830152 ], [ -158.09815158399428, 21.44492789905172 ], [ -158.098180391479531, 21.443897860717506 ], [ -158.10135556843187, 21.443592162178799 ], [ -158.100474323818986, 21.442790416196715 ], [ -158.100490056375719, 21.442230176698914 ], [ -158.100485796617733, 21.441956608734383 ], [ -158.101085075079482, 21.440882586790526 ], [ -158.100486812420968, 21.440338238244436 ], [ -158.101073370408727, 21.439816663881842 ], [ -158.101602105285281, 21.438811209396533 ], [ -158.100596263450399, 21.438347650400722 ], [ -158.09973814028038, 21.439174260815378 ], [ -158.098152559419077, 21.438398755361998 ], [ -158.097621753260682, 21.437875537637943 ], [ -158.095329954523322, 21.437339305278492 ], [ -158.094732011682879, 21.437046846206226 ], [ -158.09385742765312, 21.436643708349461 ], [ -158.092955379890952, 21.436202435958208 ], [ -158.092424600555603, 21.435679202553246 ], [ -158.09152330039953, 21.435118821616797 ], [ -158.090707196345051, 21.434314402312129 ], [ -158.09025343511405, 21.434320605809219 ], [ -158.090798182261295, 21.435325106332442 ], [ -158.091619895259186, 21.435703821047834 ], [ -158.0929500739432, 21.437015233701555 ], [ -158.094876377731765, 21.438368304682818 ], [ -158.095879889743031, 21.438679231784 ], [ -158.096158671987979, 21.439499254442286 ], [ -158.096740694919674, 21.440313369747692 ], [ -158.096322261486449, 21.440685432655712 ], [ -158.094411797067124, 21.441110570405737 ], [ -158.094126750138514, 21.441306477980167 ], [ -158.097269128634053, 21.442279933854 ], [ -158.095980691417708, 21.443425521342473 ], [ -158.096683672679632, 21.444065139426318 ], [ -158.096996630012057, 21.444456434212476 ], [ -158.095518292726069, 21.44547010932175 ], [ -158.096992494057048, 21.445449881051772 ], [ -158.097274737860488, 21.446307504731696 ], [ -158.096689273725104, 21.447356573354373 ], [ -158.096541494364629, 21.448307094445042 ], [ -158.095480498768239, 21.448985886612267 ], [ -158.095587844429957, 21.450031878135331 ], [ -158.095212870588995, 21.450320136600389 ], [ -158.094700300735241, 21.450891119751368 ], [ -158.094345135848727, 21.450855319220807 ], [ -158.093341855013023, 21.451386057281869 ], [ -158.092632551226558, 21.450577195610791 ], [ -158.092475133152988, 21.450453333045033 ], [ -158.092378086437122, 21.450122356662671 ], [ -158.092122737668575, 21.450358652084862 ], [ -158.092475133152988, 21.450453333045033 ], [ -158.092615314607315, 21.451580958306849 ], [ -158.094366447426552, 21.451936775442547 ], [ -158.09503147353584, 21.45275319864788 ], [ -158.094882822663635, 21.453658849611514 ], [ -158.093157707805801, 21.454098468324439 ], [ -158.092904159915093, 21.454316908685417 ], [ -158.094975753650857, 21.454657915008422 ], [ -158.094884096330048, 21.455215955226564 ], [ -158.092812523562685, 21.456286936085196 ], [ -158.093630325781504, 21.456540297654044 ], [ -158.094593530945048, 21.456003453258685 ], [ -158.095211330377936, 21.455770702921242 ], [ -158.095731022250845, 21.455147748303226 ], [ -158.096447117798135, 21.45525073878196 ], [ -158.097036238860795, 21.456620781201575 ], [ -158.097955177120042, 21.45649875910539 ], [ -158.09835072302829, 21.457418661442045 ], [ -158.098671893349803, 21.457375992347114 ], [ -158.098929783843573, 21.457692612771087 ], [ -158.099245719677555, 21.457650642259424 ], [ -158.099905295011212, 21.458027917268275 ], [ -158.099677067995799, 21.459418232703509 ], [ -158.100675389510769, 21.458733653602145 ], [ -158.101891737962802, 21.459588017449565 ], [ -158.101801276492409, 21.460139120454656 ], [ -158.102380429066272, 21.460562537585702 ], [ -158.102668126596797, 21.461231466393809 ], [ -158.103060096791296, 21.461518031162221 ], [ -158.102291765971188, 21.462066689231445 ], [ -158.102470453019862, 21.463245662922319 ], [ -158.102337109039979, 21.464058037507506 ], [ -158.102439977400053, 21.464736164641401 ], [ -158.102280929551398, 21.465705421109401 ], [ -158.101769876655538, 21.466070248358072 ], [ -158.101223527500366, 21.466818666842162 ], [ -158.102090088380351, 21.467156087583508 ], [ -158.102945262478926, 21.467645235518624 ], [ -158.103077224048235, 21.468398488143379 ], [ -158.102723642010261, 21.468489360909231 ], [ -158.102976097078766, 21.468728395801737 ], [ -158.103077224048235, 21.468398488143379 ], [ -158.104478000468703, 21.468539855882568 ], [ -158.105399692881377, 21.469552880490063 ], [ -158.105214946796963, 21.471560531306331 ], [ -158.106034327753235, 21.471503310213407 ], [ -158.106476011907745, 21.470158130231393 ], [ -158.106390509758398, 21.469086257542958 ], [ -158.106788411326278, 21.468427615033136 ], [ -158.105689622546407, 21.46796160023775 ], [ -158.104977467193947, 21.467178975944297 ], [ -158.104331899104466, 21.466652317973633 ], [ -158.104408066368507, 21.465825343020132 ], [ -158.104102164670877, 21.464755134119908 ], [ -158.103825544932306, 21.462064260338124 ], [ -158.103927307799466, 21.460958517912587 ], [ -158.103260107222951, 21.460414139379552 ], [ -158.102390243114201, 21.458982860161715 ], [ -158.10066938541749, 21.457960960486862 ], [ -158.100270023594334, 21.457522028555285 ], [ -158.099805830744145, 21.457143225788737 ], [ -158.099406473719029, 21.456704291921728 ], [ -158.098683043919834, 21.456114068661712 ], [ -158.098286891812307, 21.455269927774808 ], [ -158.097159507886687, 21.454945506939101 ], [ -158.096659487194387, 21.454395851491263 ], [ -158.096350038168424, 21.454143266015475 ], [ -158.095967409387981, 21.453722611270699 ], [ -158.096971068656046, 21.452236306691525 ], [ -158.096651213847821, 21.451975394491068 ], [ -158.096676968503573, 21.4516957028722 ], [ -158.096644556992771, 21.451288982720062 ], [ -158.096682878873196, 21.450873843844679 ], [ -158.096291433902252, 21.450554513939487 ], [ -158.096541494364629, 21.448307094445042 ] ], [ [ -158.091464797659597, 21.426597189198059 ], [ -158.091818283697734, 21.426506336465877 ], [ -158.091565917394433, 21.426267286746242 ], [ -158.091464797659597, 21.426597189198059 ], [ -158.090885891542854, 21.426594048049502 ], [ -158.090884213610138, 21.426865069527818 ], [ -158.090594760057314, 21.42686349818165 ], [ -158.090593081564151, 21.427134519629298 ], [ -158.090239593344251, 21.427225369688198 ], [ -158.090491958991038, 21.427464421361378 ], [ -158.090593081564151, 21.427134519629298 ], [ -158.090882535651019, 21.427136090997251 ], [ -158.090884213610138, 21.426865069527818 ], [ -158.091463120794998, 21.426868210719945 ], [ -158.091464797659597, 21.426597189198059 ] ], [ [ -158.097132614355331, 21.399253669222073 ], [ -158.097229642897673, 21.399584644024781 ], [ -158.097484892192483, 21.399348335999068 ], [ -158.097132614355331, 21.399253669222073 ] ] ] } },
{ "type": "Feature", "properties": { "ID": 19, "GRIDCODE": 2 }, "geometry": { "type": "Polygon", "coordinates": [ [ [ -157.771687407426356, 21.34921631179088 ], [ -157.77206214739212, 21.349369775789331 ], [ -157.771798097894106, 21.349832985794542 ], [ -157.771687407426356, 21.34921631179088 ] ] ] } },
{ "type": "Feature", "properties": { "ID": 20, "GRIDCODE": 2 }, "geometry": { "type": "Polygon", "coordinates": [ [ [ -157.782127303820772, 21.311079420082326 ], [ -157.781774079932205, 21.311169626467301 ], [ -157.782025450240383, 21.311409113424435 ], [ -157.782127303820772, 21.311079420082326 ], [ -157.782275821233299, 21.310947700999936 ], [ -157.782843774398117, 21.310402306399638 ], [ -157.785204386130431, 21.310742986288375 ], [ -157.785733853466695, 21.311785741720726 ], [ -157.78632164817725, 21.312055572693264 ], [ -157.78630633101136, 21.310929256922776 ], [ -157.790087352046044, 21.31147483714037 ], [ -157.79461232558711, 21.311884733136129 ], [ -157.797279658928716, 21.31254563462284 ], [ -157.797570962000407, 21.314336377954028 ], [ -157.796983981417867, 21.315384349131634 ], [ -157.79669596235243, 21.315929744474314 ], [ -157.7963989411098, 21.31619320855885 ], [ -157.79582759541421, 21.316741999885924 ], [ -157.795232979569079, 21.317269052330627 ], [ -157.795237088454513, 21.31756166671423 ], [ -157.7960565797664, 21.318310775408023 ], [ -157.796375369061138, 21.32092131140578 ], [ -157.796354735879305, 21.321615903999707 ], [ -157.796358436582892, 21.321889525817074 ], [ -157.795912601098621, 21.322284849965676 ], [ -157.795466494383362, 21.322713121400838 ], [ -157.795479206832965, 21.323647538482575 ], [ -157.796352842326826, 21.323233841111158 ], [ -157.796924984388966, 21.323248853292871 ], [ -157.798676890955477, 21.3229257206809 ], [ -157.798641241420597, 21.3241130752968 ], [ -157.798061104577641, 21.325148789894907 ], [ -157.798083596606887, 21.326791978279392 ], [ -157.797180460163759, 21.326768249725852 ], [ -157.796867941542018, 21.327648002303444 ], [ -157.794277097214859, 21.3281026568004 ], [ -157.792907289780544, 21.328530975197776 ], [ -157.793415383011279, 21.329472388358781 ], [ -157.793383200014944, 21.330540996815028 ], [ -157.794177311671064, 21.330531543442046 ], [ -157.793561351160463, 21.332175772272642 ], [ -157.794822452027717, 21.332160735131211 ], [ -157.79510713115863, 21.332721280237571 ], [ -157.795691456298215, 21.333255388701836 ], [ -157.795342905539798, 21.334185958555185 ], [ -157.796544821601913, 21.333810080645765 ], [ -157.796839102679172, 21.33381787781855 ], [ -157.797852882708014, 21.333337755736654 ], [ -157.798568692028937, 21.334377705402556 ], [ -157.799247279248789, 21.33436958647431 ], [ -157.800005538952945, 21.335471235551701 ], [ -157.800295886582887, 21.334921089474122 ], [ -157.800623390468303, 21.334386823046785 ], [ -157.802621603571311, 21.335369274514285 ], [ -157.802612030682724, 21.334669305003068 ], [ -157.802619879477533, 21.334398345993279 ], [ -157.802597602330763, 21.332757673403325 ], [ -157.80378432642803, 21.33278881846703 ], [ -157.8041772067875, 21.332411359338469 ], [ -157.803571356641925, 21.331288448969644 ], [ -157.804099030529272, 21.330346363864919 ], [ -157.804389249577895, 21.329529957196993 ], [ -157.805258160161742, 21.328759414356181 ], [ -157.806115202453611, 21.32634714085788 ], [ -157.807358581105035, 21.324359608326979 ], [ -157.808208951538859, 21.323605590249901 ], [ -157.808780281385793, 21.323056756368278 ], [ -157.809077296165754, 21.322793270230338 ], [ -157.809363099654121, 21.322518852910942 ], [ -157.809660112314731, 21.322255365627544 ], [ -157.810878994950173, 21.320738731425738 ], [ -157.811895531289451, 21.320285533731301 ], [ -157.812504467569283, 21.319131399994586 ], [ -157.816889806378271, 21.321074775482238 ], [ -157.825656563297343, 21.325747818414886 ], [ -157.829803746171336, 21.329097026056875 ], [ -157.830707637057515, 21.329991532094258 ], [ -157.831863850454937, 21.330807196750818 ], [ -157.83372465147346, 21.332292781898776 ], [ -157.832391428404236, 21.333817061802122 ], [ -157.831831623504144, 21.334877654816868 ], [ -157.831534621779156, 21.335141181551808 ], [ -157.831244537820197, 21.335957641012865 ], [ -157.830945385181565, 21.336492168510553 ], [ -157.830655293917061, 21.337308758879733 ], [ -157.830354222109719, 21.337300907184293 ], [ -157.830361765243907, 21.337845904682766 ], [ -157.830353966831183, 21.338116867232394 ], [ -157.83035950017404, 21.338523430974238 ], [ -157.830347519899647, 21.338929872793663 ], [ -157.830351287147607, 21.339202900797215 ], [ -157.830032668767956, 21.341406531303051 ], [ -157.829449233523576, 21.34244848876931 ], [ -157.830228049355298, 21.342809092943153 ], [ -157.830600780760676, 21.343542890102992 ], [ -157.832030897941593, 21.343210097137121 ], [ -157.834369294897499, 21.34247832726664 ], [ -157.836425359610075, 21.342223943705886 ], [ -157.838083892452801, 21.341437984820967 ], [ -157.837112865560727, 21.343633546324355 ], [ -157.838172601884338, 21.343301974169187 ], [ -157.839427782777051, 21.343334667655306 ], [ -157.839907234925249, 21.343328781765916 ], [ -157.842101453207448, 21.342642025192657 ], [ -157.844289682664851, 21.341419249816195 ], [ -157.852465479812366, 21.348389624286749 ], [ -157.850628876080691, 21.350018922819473 ], [ -157.849041091836597, 21.35154463385301 ], [ -157.849068247500156, 21.352336302851153 ], [ -157.849913955257591, 21.351523617055523 ], [ -157.850520195524837, 21.350985863767495 ], [ -157.851361927424193, 21.35100770062963 ], [ -157.853626360288757, 21.350165189679693 ], [ -157.854290280807277, 21.350491355125197 ], [ -157.855053837661615, 21.351993712058938 ], [ -157.854203224917313, 21.353513181937576 ], [ -157.853363991123473, 21.354257716173993 ], [ -157.853379028807552, 21.355338913103829 ], [ -157.851948001676618, 21.35697515919847 ], [ -157.851036182893552, 21.356951454963486 ], [ -157.850742585983113, 21.358044566354305 ], [ -157.850408211262163, 21.358642009862642 ], [ -157.848726226282793, 21.360133719939647 ], [ -157.848401299320216, 21.360749750175216 ], [ -157.847391721086808, 21.36072350208126 ], [ -157.846948944886577, 21.360728931218205 ], [ -157.846960337420938, 21.361547619300115 ], [ -157.846370237096863, 21.361532251259728 ], [ -157.845794833021188, 21.361804871780055 ], [ -157.844918907929639, 21.362064505519218 ], [ -157.844922957663783, 21.362340777632053 ], [ -157.844625636693792, 21.36260445560491 ], [ -157.844334819278174, 21.363155471720674 ], [ -157.842908564697751, 21.363118387342215 ], [ -157.841707090764402, 21.36395927962328 ], [ -157.84128118891644, 21.365158779051669 ], [ -157.840927863324055, 21.365249104907136 ], [ -157.841179421937767, 21.365488510589373 ], [ -157.84128118891644, 21.365158779051669 ], [ -157.84322380872166, 21.364062899452438 ], [ -157.844316436630976, 21.364778337468231 ], [ -157.844772935497929, 21.365042174547764 ], [ -157.845314936735065, 21.363986449039206 ], [ -157.847229311180257, 21.363714296077816 ], [ -157.848346739104727, 21.363355999217593 ], [ -157.84866632524492, 21.364002585201732 ], [ -157.84895393377596, 21.363715807463009 ], [ -157.849545885241241, 21.36345916955117 ], [ -157.8498260874984, 21.363179750074181 ], [ -157.850996647146047, 21.362927069858518 ], [ -157.851279244469367, 21.362376249635233 ], [ -157.851847518877264, 21.362401243927973 ], [ -157.852522238666495, 21.362072775022163 ], [ -157.85302111821926, 21.361575502542205 ], [ -157.853902357571201, 21.361320824597637 ], [ -157.854182547660486, 21.361041397224579 ], [ -157.85619391076537, 21.360607032095803 ], [ -157.85663002366752, 21.35934860422142 ], [ -157.858410604103909, 21.358576182780652 ], [ -157.859367380097041, 21.35721012552057 ], [ -157.859747967821846, 21.356112161472645 ], [ -157.861153567488969, 21.356584468887597 ], [ -157.864910221721544, 21.359389498827582 ], [ -157.866039727984401, 21.361674256223043 ], [ -157.866881335803015, 21.363190258481012 ], [ -157.868915307508047, 21.36547805672301 ], [ -157.868879922110978, 21.366185867820164 ], [ -157.86801526829143, 21.366560960810169 ], [ -157.868667859097485, 21.366831019369041 ], [ -157.869573005436706, 21.365929045790971 ], [ -157.874106669791871, 21.370820255005295 ], [ -157.875932642544143, 21.373510791327433 ], [ -157.874045058135749, 21.374184683302566 ], [ -157.873190508015597, 21.374600958654259 ], [ -157.872236225027905, 21.375014971235739 ], [ -157.871151257940568, 21.374967314656363 ], [ -157.870863257035978, 21.375528719759611 ], [ -157.870035272018526, 21.376236885677557 ], [ -157.868818377174989, 21.376588699293869 ], [ -157.867540560463027, 21.376998583944761 ], [ -157.865566226362574, 21.378395521007842 ], [ -157.86475564372688, 21.379553179571218 ], [ -157.863320657975635, 21.379490200089112 ], [ -157.86086403574177, 21.380686369812267 ], [ -157.861357879373173, 21.381575624379799 ], [ -157.860640319547912, 21.382537179348983 ], [ -157.859253047713821, 21.382476274578721 ], [ -157.858655218618878, 21.382681095675679 ], [ -157.860342762775872, 21.383194175538083 ], [ -157.862724724164934, 21.381682755662286 ], [ -157.862706478586261, 21.381155020736053 ], [ -157.863122920592872, 21.380798956327801 ], [ -157.863925137350208, 21.381203638876752 ], [ -157.865087928858344, 21.381168368171792 ], [ -157.865949905214933, 21.380309532967608 ], [ -157.867836737655836, 21.379490959425581 ], [ -157.869389536181842, 21.379042035636644 ], [ -157.870604197298093, 21.378652422519277 ], [ -157.871412618991286, 21.379060022777765 ], [ -157.871816228228226, 21.378273369320887 ], [ -157.873159249861004, 21.377983320826125 ], [ -157.873885057786083, 21.377259830903647 ], [ -157.875614977490301, 21.376886143061544 ], [ -157.877211300901052, 21.376374048713501 ], [ -157.87831575028946, 21.376054637487947 ], [ -157.88120957367218, 21.378520803943314 ], [ -157.880246922041039, 21.379811317037916 ], [ -157.879192689973223, 21.380713276490191 ], [ -157.878511025755614, 21.381392554329146 ], [ -157.877461974761673, 21.382890499893676 ], [ -157.876886273293451, 21.383382962952361 ], [ -157.876321321954862, 21.384483964426817 ], [ -157.875984544001085, 21.384771848939753 ], [ -157.876214497915612, 21.385039975017165 ], [ -157.877732114424532, 21.383966060193391 ], [ -157.878668461493021, 21.383408581391031 ], [ -157.879590741202463, 21.3824894681496 ], [ -157.882407760778051, 21.380352544233794 ], [ -157.884399419727771, 21.382394738172838 ], [ -157.892165781724515, 21.390024430507619 ], [ -157.892441484771211, 21.390376869676786 ], [ -157.891125282973491, 21.391503000223235 ], [ -157.890303099963205, 21.392322331514379 ], [ -157.888921135540699, 21.392722092148535 ], [ -157.888379408671682, 21.39326192996473 ], [ -157.887493941384264, 21.394019424108269 ], [ -157.885755931826168, 21.394318272939596 ], [ -157.885332127666544, 21.395143996101194 ], [ -157.88392390455715, 21.39598242304946 ], [ -157.882560924523034, 21.395922728016853 ], [ -157.882280006677746, 21.396202593368695 ], [ -157.881074189468904, 21.397234095290962 ], [ -157.879339103127194, 21.397532365754774 ], [ -157.878793052296174, 21.398076442259857 ], [ -157.878490665145904, 21.398335116227919 ], [ -157.877929657740538, 21.398894043239999 ], [ -157.877318902031334, 21.39941650811954 ], [ -157.877759923473121, 21.399804682457155 ], [ -157.879065858267666, 21.398880602422796 ], [ -157.879923298107457, 21.398918158956839 ], [ -157.880224871651478, 21.398617725806954 ], [ -157.885454912078387, 21.397307802182251 ], [ -157.886277719370071, 21.396487971975233 ], [ -157.886613063315139, 21.396502638367711 ], [ -157.886965980137717, 21.396491880379941 ], [ -157.888058608110981, 21.395959672076525 ], [ -157.889520516981179, 21.395437643800093 ], [ -157.890090366384641, 21.395160075415074 ], [ -157.890971472806115, 21.394905207895686 ], [ -157.891990895219749, 21.394408615820925 ], [ -157.893577117437218, 21.393285981644517 ], [ -157.894755464357246, 21.392491015170712 ], [ -157.904224966332833, 21.401255310792198 ], [ -157.903603339270404, 21.401787132888696 ], [ -157.904521211789842, 21.40175905729371 ], [ -157.90753149530255, 21.404900990654518 ], [ -157.905635234074197, 21.405829581910165 ], [ -157.904486788413749, 21.406795528086889 ], [ -157.906209992293952, 21.406375373379252 ], [ -157.908691407141959, 21.406135746043979 ], [ -157.909968403476427, 21.406905571829217 ], [ -157.904708516669757, 21.410833689628156 ], [ -157.902996381881621, 21.412603041871694 ], [ -157.899812329088746, 21.414242161033162 ], [ -157.898779753687052, 21.414177746963631 ], [ -157.897370968320445, 21.414247088812559 ], [ -157.896764802673744, 21.414873403549581 ], [ -157.896302500721845, 21.415254787909099 ], [ -157.896325679930982, 21.415668350434988 ], [ -157.896296765339486, 21.416074688459013 ], [ -157.89634300686987, 21.416898570484548 ], [ -157.895469895184647, 21.416844052066743 ], [ -157.894566839655596, 21.417425987623417 ], [ -157.893680268391023, 21.417675936256568 ], [ -157.89354267797583, 21.417818146207136 ], [ -157.89317414298992, 21.41796299900955 ], [ -157.893420689585525, 21.418440630681321 ], [ -157.89354267797583, 21.417818146207136 ], [ -157.895430387827957, 21.417700253648629 ], [ -157.897086848084683, 21.417305431584317 ], [ -157.897462667029657, 21.415530202734427 ], [ -157.898264046199017, 21.415933996457081 ], [ -157.899956130833203, 21.41636461155467 ], [ -157.901671739664266, 21.415275710467203 ], [ -157.902555846337322, 21.41531432210704 ], [ -157.902961817386512, 21.416134604403695 ], [ -157.903646260444674, 21.416113676246077 ], [ -157.903250986642803, 21.415033628211404 ], [ -157.904009924963447, 21.414384335928414 ], [ -157.905187682279603, 21.413210625033358 ], [ -157.907342042630432, 21.411927748043961 ], [ -157.908248986450957, 21.411534142877095 ], [ -157.90902121433254, 21.410764488823354 ], [ -157.910359897143508, 21.409967350075711 ], [ -157.911400350232668, 21.410491603958086 ], [ -157.91205792098728, 21.409210182094931 ], [ -157.914976275895924, 21.411695743873796 ], [ -157.92563793235135, 21.422660056823929 ], [ -157.930939194035375, 21.428372974261631 ], [ -157.92822087816424, 21.428760609574272 ], [ -157.92717518177929, 21.428715074117719 ], [ -157.927185722965135, 21.429013290806179 ], [ -157.927151418643689, 21.429704054521931 ], [ -157.922824853174546, 21.430064219100871 ], [ -157.92175676145618, 21.430584630750193 ], [ -157.922970079284653, 21.430747864961688 ], [ -157.923066728585155, 21.431078924855516 ], [ -157.923322303170295, 21.430842896143304 ], [ -157.922970079284653, 21.430747864961688 ], [ -157.923144305274832, 21.430561137093875 ], [ -157.924128698815025, 21.430641571370248 ], [ -157.924707910442436, 21.430601753583446 ], [ -157.925575771605253, 21.430672630859252 ], [ -157.926299786309215, 21.430622818957108 ], [ -157.927861487020891, 21.430750403624177 ], [ -157.92910469445178, 21.430111375804518 ], [ -157.930947443328705, 21.429860465682498 ], [ -157.931853553984325, 21.429394673750004 ], [ -157.934467594924058, 21.432274845913252 ], [ -157.941182988327, 21.437401144026243 ], [ -157.943851925495721, 21.440201132273941 ], [ -157.94301911515015, 21.440258536454724 ], [ -157.942404472807112, 21.440208337377019 ], [ -157.942481507203922, 21.441188960233184 ], [ -157.9413773743467, 21.442372529078959 ], [ -157.940096393555393, 21.442636502606678 ], [ -157.939826302611465, 21.442925928032469 ], [ -157.939023312890527, 21.443255315547635 ], [ -157.938435005631419, 21.44446734182484 ], [ -157.936628094491994, 21.444839641597255 ], [ -157.937779092392759, 21.445332021903489 ], [ -157.938363253681985, 21.445084822239931 ], [ -157.939564097604006, 21.444216645458727 ], [ -157.941997625731062, 21.443547412827105 ], [ -157.943714112953728, 21.442321454510704 ], [ -157.944387466633401, 21.441599648236128 ], [ -157.945789038419406, 21.441979878141463 ], [ -157.946223039094264, 21.442719715066872 ], [ -157.944467499496085, 21.444601568342605 ], [ -157.94326301341701, 21.445095714576954 ], [ -157.942241773031384, 21.445620719119336 ], [ -157.941822311734171, 21.445649629421524 ], [ -157.941302015340227, 21.445607168079345 ], [ -157.940472028401246, 21.446267425905731 ], [ -157.939522691611813, 21.447285086162694 ], [ -157.938232040490078, 21.447179703334498 ], [ -157.93718701249955, 21.447608317783764 ], [ -157.938040521439291, 21.448622255920412 ], [ -157.9383516205028, 21.447981217162859 ], [ -157.939761371205378, 21.448096286454582 ], [ -157.941250702256241, 21.446958772474904 ], [ -157.942340890834004, 21.447047779158702 ], [ -157.944043182931182, 21.445933816962388 ], [ -157.945336929341579, 21.446276450183909 ], [ -157.945138717176178, 21.447421284716452 ], [ -157.944785103038839, 21.447511822041996 ], [ -157.945037255477359, 21.44775108460059 ], [ -157.945138717176178, 21.447421284716452 ], [ -157.945319675467914, 21.447260646169131 ], [ -157.94616175040116, 21.44566337839931 ], [ -157.946925168553634, 21.444623930627468 ], [ -157.94778900285462, 21.444323934855728 ], [ -157.953782374990425, 21.450242729935468 ], [ -157.963150406472522, 21.460483488448233 ], [ -157.966404158409119, 21.464649548277517 ], [ -157.970970534957246, 21.470016698099183 ], [ -157.980923658933193, 21.479730119511512 ], [ -157.985053383114177, 21.485449102652897 ], [ -157.990583420742723, 21.492909056025535 ], [ -157.994322225084119, 21.500658795049368 ], [ -157.995523683590903, 21.507856857577458 ], [ -157.995996043587127, 21.517077105412209 ], [ -157.994882964514574, 21.526299248699353 ], [ -157.994198693376234, 21.533573143514907 ], [ -157.993844015333991, 21.542945262458037 ], [ -157.99517865806564, 21.551131520611239 ], [ -157.998567984009895, 21.562357738142353 ], [ -157.999575817201617, 21.566788129044543 ], [ -158.000089097112436, 21.57435405305316 ], [ -158.003332497940931, 21.585379736842746 ], [ -158.007418640436669, 21.593759402367525 ], [ -158.008657987304758, 21.604048955786268 ], [ -158.008193156693295, 21.620274696732626 ], [ -158.007189638604359, 21.633634081844885 ], [ -158.004976254911014, 21.641944224144389 ], [ -158.000022920261046, 21.646953669808997 ], [ -157.995566575246414, 21.649868945200542 ], [ -157.991050675206083, 21.650981226703394 ], [ -157.981292285561494, 21.649282922500618 ], [ -157.975951682702629, 21.64753723853158 ], [ -157.969819212264269, 21.643762256846802 ], [ -157.970540391752365, 21.643122930156188 ], [ -157.970964340444624, 21.641162405463316 ], [ -157.96967919414206, 21.641771308658249 ], [ -157.969275324929441, 21.640979772109379 ], [ -157.968806932379948, 21.642299130536234 ], [ -157.96859401266812, 21.6425633998835 ], [ -157.967896373280382, 21.640507056722935 ], [ -157.96734159501213, 21.642069960984891 ], [ -157.964428115662855, 21.640393241902053 ], [ -157.965056001038647, 21.639836660706298 ], [ -157.965424688539429, 21.638131804191904 ], [ -157.965941030968025, 21.637674038472227 ], [ -157.966231094510647, 21.636851809806927 ], [ -157.965248581420468, 21.636864486189769 ], [ -157.966246320092097, 21.635507804956312 ], [ -157.966386081424304, 21.634424607546016 ], [ -157.965958391531814, 21.6352351294064 ], [ -157.965105498766974, 21.635213543687733 ], [ -157.964416858306549, 21.635539753950937 ], [ -157.963322775059282, 21.63659046597633 ], [ -157.963334362362957, 21.637386450498923 ], [ -157.962725440660023, 21.639014372974636 ], [ -157.962145651652662, 21.63899970302241 ], [ -157.962169146796157, 21.638187594865535 ], [ -157.961777567819638, 21.636337063690764 ], [ -157.962474316317497, 21.636026332049482 ], [ -157.962760486002423, 21.635751676347255 ], [ -157.963057899662516, 21.63548794150821 ], [ -157.963347934710924, 21.634671275847651 ], [ -157.963645345050708, 21.634407539792729 ], [ -157.964618246659541, 21.633040126429222 ], [ -157.963353937160008, 21.633056396238519 ], [ -157.962789364190627, 21.632499658851639 ], [ -157.962203501083934, 21.632229352273747 ], [ -157.962505709222427, 21.63168966904913 ], [ -157.962475183844077, 21.631148040918692 ], [ -157.96139850915921, 21.632181911586763 ], [ -157.962203997269825, 21.633309186673568 ], [ -157.962188019152194, 21.633861838730137 ], [ -157.961472542765335, 21.633843673138724 ], [ -157.960835713678392, 21.633851867175849 ], [ -157.960376947228781, 21.635144265547979 ], [ -157.959631358016281, 21.634408927820125 ], [ -157.959285888328992, 21.636006395788534 ], [ -157.958985235549363, 21.636543302947466 ], [ -157.959131352476618, 21.636951271767536 ], [ -157.958623276815871, 21.636825946169438 ], [ -157.957544441812445, 21.636119542548133 ], [ -157.957253067756085, 21.635027629120344 ], [ -157.956151718521369, 21.63525123770517 ], [ -157.956069890196403, 21.634899448314837 ], [ -157.956136941411245, 21.634628853437277 ], [ -157.955974388989631, 21.633929317640305 ], [ -157.95702589864888, 21.633568962723565 ], [ -157.957743835581084, 21.632553185768685 ], [ -157.955904882788218, 21.632926531791835 ], [ -157.955270889937225, 21.631871632838877 ], [ -157.954818567817455, 21.632045915610163 ], [ -157.954700871737401, 21.631152198762951 ], [ -157.954430040830829, 21.631851458209795 ], [ -157.954818567817455, 21.632045915610163 ], [ -157.955005917747656, 21.632858487576723 ], [ -157.954093367694213, 21.633871637883367 ], [ -157.951532980555356, 21.632009078041001 ], [ -157.952928993672032, 21.630939570935805 ], [ -157.952662940861075, 21.630798085998567 ], [ -157.952101970088421, 21.630847946369464 ], [ -157.952992933913066, 21.629706573102879 ], [ -157.95293491601052, 21.629135525762376 ], [ -157.953551999433614, 21.628662751487344 ], [ -157.954299815833508, 21.627546009027974 ], [ -157.954921525759175, 21.627609203414114 ], [ -157.955303352105972, 21.627316767364494 ], [ -157.955243725787795, 21.626732013911184 ], [ -157.956152671714818, 21.626035701445893 ], [ -157.954415259793478, 21.626293086852669 ], [ -157.95351043085941, 21.626986305568533 ], [ -157.952849582266111, 21.627719961664223 ], [ -157.951862338487672, 21.628240421442563 ], [ -157.95178845969096, 21.627514379135143 ], [ -157.952798953810401, 21.626005611627352 ], [ -157.953839830439307, 21.625208114886657 ], [ -157.953566111074252, 21.625110583815403 ], [ -157.952394238074675, 21.625408956987211 ], [ -157.952128372230277, 21.625105564351429 ], [ -157.951671568853101, 21.624745917331516 ], [ -157.95249007186834, 21.623697646698005 ], [ -157.952097885104649, 21.622836406159063 ], [ -157.951257672349271, 21.624187049194436 ], [ -157.950964942096817, 21.625665270156318 ], [ -157.950646441572388, 21.625909265350451 ], [ -157.950159114169537, 21.6274244335793 ], [ -157.949346718476278, 21.627133133291917 ], [ -157.949249899937683, 21.626802088471674 ], [ -157.948994007338683, 21.627038139077865 ], [ -157.949346718476278, 21.627133133291917 ], [ -157.949506299824009, 21.628081770902906 ], [ -157.949408324272127, 21.628674197326898 ], [ -157.948901326100327, 21.628600856397384 ], [ -157.948248247810056, 21.628686909855279 ], [ -157.948459556008032, 21.629566665813989 ], [ -157.948005363067551, 21.629432386441174 ], [ -157.944791462569327, 21.627055649585404 ], [ -157.945157136586545, 21.626436672315009 ], [ -157.945645997682107, 21.625458069550941 ], [ -157.946021021325663, 21.625070994761579 ], [ -157.946564381809281, 21.625104742543439 ], [ -157.947007744043901, 21.624739337663136 ], [ -157.946904520161098, 21.622910055054646 ], [ -157.947780121459402, 21.622188434350594 ], [ -157.947374447241515, 21.62165025295576 ], [ -157.94692756989221, 21.622111643873549 ], [ -157.946020226519437, 21.622643162445225 ], [ -157.946061872071795, 21.623379787390377 ], [ -157.944576900183051, 21.624249646693386 ], [ -157.943373338037816, 21.625109635568105 ], [ -157.943434357517759, 21.624249998927937 ], [ -157.943419061982468, 21.623978886160067 ], [ -157.943456897316082, 21.623446557162616 ], [ -157.94313450646203, 21.623426577223412 ], [ -157.94255784809863, 21.624021844392367 ], [ -157.941990746175435, 21.623420163093829 ], [ -157.941603936608686, 21.62309262820817 ], [ -157.941731490471597, 21.621298557813951 ], [ -157.941416768330498, 21.62096466631548 ], [ -157.941132988639453, 21.621803827971675 ], [ -157.94082020967241, 21.622601847538235 ], [ -157.940865956115516, 21.623413001784275 ], [ -157.939167184757991, 21.622119811225012 ], [ -157.938822397967641, 21.620689818038677 ], [ -157.938515672367856, 21.62015343862549 ], [ -157.939252048610399, 21.618906808575773 ], [ -157.939714223115317, 21.617727371501445 ], [ -157.939690161556967, 21.617300845017603 ], [ -157.94115101895423, 21.616685149386996 ], [ -157.941194063071606, 21.616079541979865 ], [ -157.940592827801396, 21.616380076402216 ], [ -157.939285593941605, 21.616655728028743 ], [ -157.936759948654071, 21.619863597272545 ], [ -157.936223718980244, 21.619341956942847 ], [ -157.936509192113618, 21.617693871420141 ], [ -157.937370290440157, 21.616557816217284 ], [ -157.937696148150167, 21.614686741788642 ], [ -157.938290128661549, 21.614197267780551 ], [ -157.938569569667379, 21.613370786459022 ], [ -157.939565927696748, 21.612950834744687 ], [ -157.940028494497341, 21.61202501182969 ], [ -157.940663742900881, 21.611501517546383 ], [ -157.940603331417236, 21.610430832127403 ], [ -157.941206820012894, 21.609408969385832 ], [ -157.940228610274687, 21.610022384685998 ], [ -157.93976246146039, 21.6109553978939 ], [ -157.938947150591019, 21.61090467703881 ], [ -157.938585391105249, 21.6112027624071 ], [ -157.938305954930371, 21.612029244140768 ], [ -157.937235178455893, 21.612330937660005 ], [ -157.936586608294249, 21.613629135594266 ], [ -157.935381551679768, 21.613365629338094 ], [ -157.935253837777992, 21.612137633452985 ], [ -157.935607860518786, 21.612047134707485 ], [ -157.935355452991075, 21.611807851502089 ], [ -157.935253837777992, 21.612137633452985 ], [ -157.934587238018139, 21.612707287710165 ], [ -157.935102058106253, 21.615588336102835 ], [ -157.933827572341329, 21.616396392261819 ], [ -157.933274481899588, 21.614723085028476 ], [ -157.932395895260299, 21.615597717514685 ], [ -157.926828220929792, 21.609397949938895 ], [ -157.927889245837378, 21.607884434142143 ], [ -157.928203536845956, 21.607615775035391 ], [ -157.928166843123847, 21.606565156551948 ], [ -157.929354759327509, 21.605725353622582 ], [ -157.9296548008966, 21.60573840004287 ], [ -157.930215842699994, 21.604646235914618 ], [ -157.930831906889637, 21.604673023151193 ], [ -157.931394689449235, 21.604112773124445 ], [ -157.931697431039879, 21.603854023659302 ], [ -157.932485857963627, 21.60306912939345 ], [ -157.933154330239347, 21.602779309330547 ], [ -157.933435143585257, 21.602499772093761 ], [ -157.933992624252397, 21.602023310745484 ], [ -157.934056025120469, 21.60074730981718 ], [ -157.934031226300363, 21.600037388876256 ], [ -157.934631046579767, 21.598994550763287 ], [ -157.93477343160248, 21.598583777581585 ], [ -157.93512742121527, 21.59849327837275 ], [ -157.934875036982021, 21.598253995052854 ], [ -157.93477343160248, 21.598583777581585 ], [ -157.933445907748336, 21.599235346370047 ], [ -157.932602456810315, 21.60135234278939 ], [ -157.931854454968118, 21.601450761749117 ], [ -157.931405375801774, 21.601385748654597 ], [ -157.930811652713459, 21.602094938351232 ], [ -157.929681720405483, 21.602502004657733 ], [ -157.929109095933825, 21.602419119756071 ], [ -157.928820578663675, 21.602763773168302 ], [ -157.927910124084548, 21.603265004330897 ], [ -157.92765543638626, 21.60356931385726 ], [ -157.927162107741793, 21.603920319246502 ], [ -157.926780072194646, 21.604376715285291 ], [ -157.925344456867833, 21.605167062214196 ], [ -157.924509750980832, 21.607037269104293 ], [ -157.922313752710693, 21.604811138354894 ], [ -157.922438038044731, 21.604060168326995 ], [ -157.922337163067425, 21.603388925283689 ], [ -157.922823286413745, 21.602808226575593 ], [ -157.923316621018586, 21.602457234284444 ], [ -157.923573320006341, 21.601881929646115 ], [ -157.924155983935009, 21.601467331692373 ], [ -157.923285539560084, 21.601609052764605 ], [ -157.922741060036458, 21.601911479154094 ], [ -157.921997044352963, 21.602024700373498 ], [ -157.922525771634014, 21.598919061970808 ], [ -157.92215486127904, 21.599172456901542 ], [ -157.920566454691908, 21.60105006818695 ], [ -157.920076534643385, 21.601074215834242 ], [ -157.920135140241115, 21.600251031430211 ], [ -157.920103641138724, 21.599690469482674 ], [ -157.921334869113281, 21.597606028957124 ], [ -157.921286734308183, 21.596750193602542 ], [ -157.921969485544338, 21.59584940339909 ], [ -157.922851111143785, 21.593905138999123 ], [ -157.922781692689171, 21.592673674658002 ], [ -157.923363299961977, 21.591689118445103 ], [ -157.923484731694685, 21.589981766212805 ], [ -157.922793723720673, 21.591047528712036 ], [ -157.922812864026412, 21.591386553985892 ], [ -157.921917264948462, 21.592124526031025 ], [ -157.920831320306348, 21.594297651972898 ], [ -157.919657222520044, 21.595265053953419 ], [ -157.919281208252556, 21.595901641605632 ], [ -157.918999684870187, 21.596999090854865 ], [ -157.918691596305024, 21.597252886117786 ], [ -157.91841610674777, 21.59753732885908 ], [ -157.917948275150707, 21.597922746641903 ], [ -157.917230621478836, 21.598869475471002 ], [ -157.916508113189423, 21.599915814661006 ], [ -157.916037806717355, 21.59909289305746 ], [ -157.916113493141353, 21.598031029986029 ], [ -157.915221979785116, 21.598476537184652 ], [ -157.913783846394864, 21.596949912259269 ], [ -157.912134063782247, 21.595953400957672 ], [ -157.910789561484108, 21.594307273073831 ], [ -157.909192176243806, 21.590950883432367 ], [ -157.909751384290757, 21.590417811291168 ], [ -157.91027395328689, 21.590450412004621 ], [ -157.911918316843099, 21.589757496333466 ], [ -157.912658911601227, 21.589147325270858 ], [ -157.912960835972456, 21.5885430869202 ], [ -157.914143082295652, 21.587752380567377 ], [ -157.914119849858679, 21.587338693251073 ], [ -157.91417026642182, 21.586630320935722 ], [ -157.91327572427457, 21.587206147254992 ], [ -157.912544707683026, 21.587160615945027 ], [ -157.910859379554296, 21.587243488328209 ], [ -157.911503584424139, 21.586712685665297 ], [ -157.911550050065642, 21.586061323535208 ], [ -157.910351631960282, 21.586120245752582 ], [ -157.910392098542729, 21.585552742899893 ], [ -157.910361877096506, 21.585015610605158 ], [ -157.911853378254193, 21.583943158458645 ], [ -157.911837396820488, 21.583658210602543 ], [ -157.912163689703078, 21.583389327853642 ], [ -157.912133216864333, 21.582847099126777 ], [ -157.912695397500073, 21.582383905550763 ], [ -157.91304698543513, 21.581189394815553 ], [ -157.913003769151771, 21.580420531263673 ], [ -157.913042333059309, 21.579878753034013 ], [ -157.913000862528946, 21.579141395681219 ], [ -157.913617160468903, 21.578248804615157 ], [ -157.914942246542864, 21.576503453471446 ], [ -157.915231980793209, 21.576505340777164 ], [ -157.915236015711002, 21.575963336575843 ], [ -157.915604937082861, 21.575818453756341 ], [ -157.915358075982084, 21.575340849316042 ], [ -157.915236015711002, 21.575963336575843 ], [ -157.914946282537841, 21.575961449322168 ], [ -157.914942246542864, 21.576503453471446 ], [ -157.914266399217922, 21.576693841247053 ], [ -157.912836452755727, 21.577872189254212 ], [ -157.911613225704428, 21.58078766724023 ], [ -157.90919460244055, 21.58261740160652 ], [ -157.907845754793613, 21.582533329760508 ], [ -157.90637204927674, 21.582892133822423 ], [ -157.905957177001937, 21.582030843247846 ], [ -157.905195604161435, 21.582816980226003 ], [ -157.904624840488367, 21.582781400895552 ], [ -157.90336930822059, 21.583589487905492 ], [ -157.902634728797722, 21.583625538649045 ], [ -157.900389402254376, 21.58238295807503 ], [ -157.899380943161646, 21.580617681817046 ], [ -157.898715720601899, 21.577600766786958 ], [ -157.89914985700122, 21.577627853546755 ], [ -157.899456570329534, 21.577311227248053 ], [ -157.900603283034656, 21.577382782885667 ], [ -157.900555012360343, 21.57652376724608 ], [ -157.90201478033606, 21.576899822231191 ], [ -157.902078056658496, 21.576012627632757 ], [ -157.902039131329104, 21.575320410967834 ], [ -157.902949736507225, 21.574936761724523 ], [ -157.902633573037832, 21.574668825504716 ], [ -157.902177703922263, 21.574184797343875 ], [ -157.901495618133509, 21.573832203047608 ], [ -157.900627768182318, 21.573874844474453 ], [ -157.901837083500652, 21.573051185836913 ], [ -157.902364413911528, 21.573025283958955 ], [ -157.903225026237806, 21.573078922823289 ], [ -157.902867166890587, 21.572655884936395 ], [ -157.901934721709893, 21.571865479503593 ], [ -157.903575188790512, 21.571967792138441 ], [ -157.903528527328632, 21.571137039597343 ], [ -157.903838292074312, 21.570881826000409 ], [ -157.903808852521564, 21.570356872206066 ], [ -157.904406697188591, 21.570058030790435 ], [ -157.90501156562442, 21.569803167330608 ], [ -157.904698084138914, 21.569254511645042 ], [ -157.905131974959602, 21.568520145223491 ], [ -157.904437364797445, 21.568161129224951 ], [ -157.903617976505387, 21.56780281117064 ], [ -157.90440646082024, 21.567153089740604 ], [ -157.904480156189123, 21.566119006974755 ], [ -157.903590634533117, 21.56517439664243 ], [ -157.902972404764427, 21.564650331042159 ], [ -157.903307779052398, 21.564373981021902 ], [ -157.903262868962827, 21.563573940246044 ], [ -157.904460587088948, 21.563282286674585 ], [ -157.905326375334539, 21.563336211401484 ], [ -157.90476983374856, 21.562472002454459 ], [ -157.903909466699133, 21.56130235751445 ], [ -157.904475935075766, 21.560843980646716 ], [ -157.905074520461341, 21.560591720644254 ], [ -157.905058927366071, 21.560313391061531 ], [ -157.905078695658034, 21.560035624627645 ], [ -157.90450208938293, 21.559546773972585 ], [ -157.905021918565524, 21.558930746002329 ], [ -157.906264782440559, 21.559008182686071 ], [ -157.906231586527383, 21.558417104066983 ], [ -157.9065549835409, 21.558150592847493 ], [ -157.905117621531417, 21.557827795314932 ], [ -157.906531031016101, 21.557232120124045 ], [ -157.905393993888822, 21.556513771033693 ], [ -157.904800118889028, 21.556254072815005 ], [ -157.904528983841033, 21.555966057734381 ], [ -157.903935112713953, 21.555706356575985 ], [ -157.903663980408311, 21.555418340184932 ], [ -157.90324861986258, 21.555066252281428 ], [ -157.903892663930293, 21.553975907654362 ], [ -157.903104260987078, 21.553307475488058 ], [ -157.90306807783071, 21.552663907207528 ], [ -157.904255018948476, 21.551685710069172 ], [ -157.903857900212245, 21.551599134928875 ], [ -157.902532975825295, 21.551664258981596 ], [ -157.902240073517646, 21.55105611932639 ], [ -157.901089064994608, 21.551112650800722 ], [ -157.901453203788805, 21.550694368555575 ], [ -157.902406994483812, 21.54990831509653 ], [ -157.901747861366289, 21.549208306962804 ], [ -157.901095509681397, 21.549167617229841 ], [ -157.900081774677204, 21.549217437959843 ], [ -157.901110572129397, 21.548369624488195 ], [ -157.901059065690333, 21.547451697446999 ], [ -157.901689096279142, 21.546190824195367 ], [ -157.902851527911935, 21.545700909745939 ], [ -157.901999177343413, 21.545379026453663 ], [ -157.901131921972649, 21.54542161447608 ], [ -157.90170133281012, 21.544564812934155 ], [ -157.902262110490312, 21.544102697857276 ], [ -157.902305598684961, 21.543492339328051 ], [ -157.902282772489542, 21.543085665949242 ], [ -157.902349355434666, 21.542150254035949 ], [ -157.901026077549403, 21.541350526065393 ], [ -157.901304553172736, 21.540640085278945 ], [ -157.901658417729607, 21.540549651558784 ], [ -157.901406186645772, 21.540310322394674 ], [ -157.901304553172736, 21.540640085278945 ], [ -157.900132663908579, 21.540362602668697 ], [ -157.89984512308493, 21.541524497281266 ], [ -157.900419941081907, 21.541901529873297 ], [ -157.900656253034896, 21.542921247975904 ], [ -157.900234704441999, 21.543189483734341 ], [ -157.900360461860771, 21.543732343611268 ], [ -157.899850506051251, 21.544056897866088 ], [ -157.899387349547368, 21.545190305611563 ], [ -157.898675051662565, 21.545036001684174 ], [ -157.898200906059202, 21.545337562867935 ], [ -157.897701367473843, 21.546004454518467 ], [ -157.897041177093712, 21.545861405358675 ], [ -157.896795116645421, 21.546732967085404 ], [ -157.896333178452551, 21.546840605355243 ], [ -157.896236526580026, 21.5465095338187 ], [ -157.895980699196997, 21.546745507465442 ], [ -157.896333178452551, 21.546840605355243 ], [ -157.896476835342042, 21.547521343090501 ], [ -157.895887264584019, 21.54778408785808 ], [ -157.896369747309024, 21.549598701558445 ], [ -157.895582457290971, 21.549949658111835 ], [ -157.89559021612888, 21.550494385639198 ], [ -157.894642252802555, 21.550916856746316 ], [ -157.895071776454756, 21.551710516474024 ], [ -157.894391806194079, 21.552923985981309 ], [ -157.894984267807075, 21.553197804169102 ], [ -157.895263073660146, 21.553889296993251 ], [ -157.894391022552355, 21.554277928788579 ], [ -157.893380790348175, 21.554756285449617 ], [ -157.894100828983994, 21.555089047293496 ], [ -157.894664040926585, 21.556479747482982 ], [ -157.893686500030981, 21.557345920394777 ], [ -157.894080459735392, 21.558074107204334 ], [ -157.892662612257425, 21.558930337541511 ], [ -157.893487002268103, 21.559681896337118 ], [ -157.893478623187377, 21.559965889636125 ], [ -157.893482692087417, 21.560249965574979 ], [ -157.892889512280163, 21.560775549208959 ], [ -157.893763864013664, 21.561320141998817 ], [ -157.894043755993494, 21.561869453912038 ], [ -157.894638649160271, 21.562144349121827 ], [ -157.894608325676728, 21.563177323813314 ], [ -157.892818244047618, 21.563491900374402 ], [ -157.892005402524063, 21.563470948608092 ], [ -157.891670028530996, 21.564414819340346 ], [ -157.89064933930311, 21.563914299901413 ], [ -157.890264712999965, 21.564283588988818 ], [ -157.886846438435242, 21.564195483020789 ], [ -157.885279669326934, 21.563682151591891 ], [ -157.884828825512272, 21.55528247304952 ], [ -157.885424288001985, 21.554754948327563 ], [ -157.885988729815296, 21.55476950657842 ], [ -157.886355137146182, 21.554764941429443 ], [ -157.885994871232299, 21.55340958145722 ], [ -157.886583346208454, 21.553147329171075 ], [ -157.886871550251868, 21.552601800186842 ], [ -157.887461014134601, 21.552339088044825 ], [ -157.887012563495148, 21.551510017583048 ], [ -157.888050344785455, 21.551536792582528 ], [ -157.888038465823371, 21.550701174408225 ], [ -157.888931422779564, 21.550724198728499 ], [ -157.888919631179789, 21.549894999003588 ], [ -157.889526735132108, 21.549357015203832 ], [ -157.889511547288407, 21.548285891126937 ], [ -157.889519569861278, 21.548012349694776 ], [ -157.8887798305594, 21.54733775886714 ], [ -157.88924593872926, 21.546924682863882 ], [ -157.888454639139781, 21.545461979320365 ], [ -157.889548330567777, 21.544492859941794 ], [ -157.889254994438147, 21.543950663700905 ], [ -157.888977335140964, 21.543114531265662 ], [ -157.889560627788057, 21.54259762642981 ], [ -157.88990544154754, 21.54226664561202 ], [ -157.891555129066148, 21.542673885272944 ], [ -157.892071756423803, 21.541695617728333 ], [ -157.892461343932894, 21.54208044489172 ], [ -157.893327631769495, 21.542069654478023 ], [ -157.893921724516048, 21.542084910217028 ], [ -157.893910086944544, 21.541268744691298 ], [ -157.893926277500128, 21.540718683830644 ], [ -157.894795135277036, 21.540741051586995 ], [ -157.894787096600709, 21.540177464435502 ], [ -157.895382461006079, 21.539649832853552 ], [ -157.895370913672906, 21.538839291602471 ], [ -157.895394885593618, 21.53802640505026 ], [ -157.895383215968621, 21.537213282374072 ], [ -157.895407005137059, 21.536405753876135 ], [ -157.894728786089274, 21.535455288657442 ], [ -157.896200623496696, 21.535937524843188 ], [ -157.89670312362648, 21.535454993544931 ], [ -157.897150801868037, 21.535058246083693 ], [ -157.896859931629422, 21.534244269281388 ], [ -157.89686814029389, 21.533962721688265 ], [ -157.897735262451192, 21.533984995059303 ], [ -157.898028931045303, 21.532891823809443 ], [ -157.898326380068056, 21.532628066175793 ], [ -157.898322523342443, 21.532351864279558 ], [ -157.898620113138719, 21.532087974644547 ], [ -157.898612346602874, 21.531542451687272 ], [ -157.900002639493238, 21.531130412048405 ], [ -157.899495447360181, 21.530193135159923 ], [ -157.900051739381041, 21.529700162102511 ], [ -157.902998922438741, 21.539376486593362 ], [ -157.908024226859794, 21.552741703780601 ], [ -157.914029073396932, 21.568785344058146 ], [ -157.917955855014867, 21.575154682734489 ], [ -157.921812875932289, 21.580557197754821 ], [ -157.927076258352457, 21.585867597298794 ], [ -157.929666643929437, 21.589618942138348 ], [ -157.933035202739404, 21.591715532036407 ], [ -157.934612647992907, 21.593272332336472 ], [ -157.939312132808169, 21.598963778476239 ], [ -157.944262469951298, 21.603169874768835 ], [ -157.955003703927787, 21.610721543809486 ], [ -157.962372000528148, 21.614354875042341 ], [ -157.968802561835162, 21.615130242195246 ], [ -157.972287097561718, 21.61369740628993 ], [ -157.974547314924109, 21.610759339156726 ], [ -157.976513141835483, 21.604274288394969 ], [ -157.977305044813306, 21.595228821659802 ], [ -157.97615549774369, 21.587784952073797 ], [ -157.972205499371739, 21.574084621553446 ], [ -157.968783016548599, 21.560162432130692 ], [ -157.965987769873635, 21.548753837402149 ], [ -157.963086246284547, 21.535337494612367 ], [ -157.958905792173368, 21.522921840242983 ], [ -157.953262215388065, 21.508193848461289 ], [ -157.947770304285058, 21.498853353287796 ], [ -157.93843418569756, 21.483185652650818 ], [ -157.93038197732858, 21.475845113829866 ], [ -157.923761487489031, 21.467244879827057 ], [ -157.91825201015584, 21.46175190049248 ], [ -157.913814883236569, 21.456966223428573 ], [ -157.908193789039217, 21.452269583173216 ], [ -157.903535021139078, 21.446809157181853 ], [ -157.897470445281328, 21.442142420868088 ], [ -157.892909728545817, 21.43906793220555 ], [ -157.891566520871493, 21.437740279624393 ], [ -157.890298583330463, 21.434667246662052 ], [ -157.888040843970032, 21.433076844340345 ], [ -157.884905332463489, 21.43233907976456 ], [ -157.881172601871555, 21.431967138413462 ], [ -157.877232739107654, 21.433621855329896 ], [ -157.875646351974268, 21.435595735134065 ], [ -157.875296842000779, 21.438598525793452 ], [ -157.876582439435083, 21.442871703618586 ], [ -157.878969006273422, 21.447286369543484 ], [ -157.879857801020933, 21.451343413677911 ], [ -157.882246230076504, 21.457712797871704 ], [ -157.882799908820999, 21.459906597437243 ], [ -157.881474169599471, 21.459872396313447 ], [ -157.880855701529327, 21.45926111903638 ], [ -157.879751411703211, 21.459606657694533 ], [ -157.879186207510656, 21.459592086564637 ], [ -157.87888182142882, 21.459595869446776 ], [ -157.878913882902282, 21.458508974811053 ], [ -157.878900376463719, 21.457557812239688 ], [ -157.877806364455324, 21.458076167036445 ], [ -157.877466832883528, 21.457408721117343 ], [ -157.877177029872428, 21.457686989781035 ], [ -157.876590350349716, 21.457948641817815 ], [ -157.876106723270141, 21.458412989148464 ], [ -157.875655507193073, 21.457526375229254 ], [ -157.876025282745303, 21.456866206572844 ], [ -157.876315394812679, 21.456049680694534 ], [ -157.876618553064731, 21.455780832511163 ], [ -157.876604553439563, 21.454785203069608 ], [ -157.874728306415392, 21.45537239015465 ], [ -157.874226330174821, 21.454876208219744 ], [ -157.874718170081564, 21.453561885301948 ], [ -157.875491836424914, 21.452509553689815 ], [ -157.874158993693925, 21.452526064897029 ], [ -157.874640840746309, 21.451665507738962 ], [ -157.875200459979709, 21.451169319232928 ], [ -157.875262952010559, 21.450356689863025 ], [ -157.873430970573537, 21.451720819761775 ], [ -157.872872106830499, 21.452779749602009 ], [ -157.872274329686689, 21.453309748047673 ], [ -157.873146050066339, 21.454105114752149 ], [ -157.87342704507418, 21.455506750227027 ], [ -157.874552869518993, 21.456533748136447 ], [ -157.87483669525389, 21.460110411351753 ], [ -157.875129811204403, 21.460377973258652 ], [ -157.87542340896195, 21.461246193388064 ], [ -157.875384736943886, 21.46256462274421 ], [ -157.877091714850792, 21.461498113555781 ], [ -157.877764084962109, 21.461198328127047 ], [ -157.881410462671539, 21.461292425430997 ], [ -157.882961047816224, 21.461800886562909 ], [ -157.885129987830851, 21.466062631436621 ], [ -157.886106429912559, 21.469931390178289 ], [ -157.885964000777221, 21.474773472363093 ], [ -157.887115929469189, 21.483223543427769 ], [ -157.888795340966766, 21.495923184779794 ], [ -157.89342667555087, 21.508698697744769 ], [ -157.896191265392503, 21.516867126597315 ], [ -157.895529071592875, 21.517156390937245 ], [ -157.89555288976743, 21.516343765816135 ], [ -157.895113615614463, 21.51526195659423 ], [ -157.894663106215773, 21.516115558674617 ], [ -157.894678517835871, 21.517200583834647 ], [ -157.895795136093341, 21.519264544483057 ], [ -157.895207721945951, 21.522848769359697 ], [ -157.89549867683445, 21.524227674056945 ], [ -157.895483415245621, 21.524749820534339 ], [ -157.895782734534237, 21.525022816982354 ], [ -157.895762925415056, 21.525697644278523 ], [ -157.895768762402668, 21.526104206188265 ], [ -157.895760774242518, 21.526375168837784 ], [ -157.89576464551817, 21.526648856595397 ], [ -157.895171469726904, 21.526913298917901 ], [ -157.895179250019766, 21.527455381319186 ], [ -157.895154896073706, 21.528281830324595 ], [ -157.894144850120142, 21.528255818585929 ], [ -157.893730954848337, 21.52744307252047 ], [ -157.893148040728846, 21.527173617043644 ], [ -157.892866159492826, 21.526895173726917 ], [ -157.892570825867125, 21.526898904157186 ], [ -157.892291002187534, 21.526349325971822 ], [ -157.891995669701458, 21.526353055430846 ], [ -157.891160849695694, 21.525528377086506 ], [ -157.890266796450391, 21.52553950449412 ], [ -157.889395485788214, 21.525517033914102 ], [ -157.888525611072112, 21.525789204583727 ], [ -157.887960609929081, 21.525231037219328 ], [ -157.887362190975892, 21.52551447230465 ], [ -157.886687569524298, 21.525497070406065 ], [ -157.886204552835039, 21.526856398194276 ], [ -157.885825290365517, 21.5278695100432 ], [ -157.88619426266203, 21.528205978050362 ], [ -157.88666900720915, 21.528674953238404 ], [ -157.885864484362031, 21.529016820624683 ], [ -157.884744016262715, 21.528467305433722 ], [ -157.883871480963904, 21.528195881903397 ], [ -157.883517698848294, 21.527501091087938 ], [ -157.883990727625417, 21.526656673026608 ], [ -157.883596343524658, 21.526296938567928 ], [ -157.883314481890721, 21.526018612265577 ], [ -157.882731453420433, 21.525749054311287 ], [ -157.882755368702874, 21.524933523822476 ], [ -157.882743908385038, 21.52412040303258 ], [ -157.882764324702805, 21.523429438972919 ], [ -157.883799268867364, 21.522968175854292 ], [ -157.883486477703542, 21.522092762091965 ], [ -157.883637800382417, 21.521963427907036 ], [ -157.883920611429943, 21.521412967881503 ], [ -157.884687262123578, 21.521080713824048 ], [ -157.883614289793258, 21.520598073045708 ], [ -157.883669045622611, 21.519502536073375 ], [ -157.883066588033216, 21.519520869530307 ], [ -157.882786081410586, 21.519233553160401 ], [ -157.882200961363878, 21.519518382787886 ], [ -157.881596874751722, 21.518899524168646 ], [ -157.88164693447797, 21.520341412009682 ], [ -157.881045096767338, 21.520038243046486 ], [ -157.880605735738698, 21.520051573640039 ], [ -157.880166058473435, 21.520032347433929 ], [ -157.879749576840481, 21.520842993347969 ], [ -157.878423962995782, 21.520573397599229 ], [ -157.877333427173539, 21.520024036626701 ], [ -157.876495625413185, 21.520357034717904 ], [ -157.876113724249592, 21.52110028227273 ], [ -157.875674045014051, 21.521081044121303 ], [ -157.875172722940761, 21.521096258640636 ], [ -157.874091451105301, 21.519988170894877 ], [ -157.873504610443831, 21.520273619308675 ], [ -157.87322610590104, 21.519710655264802 ], [ -157.872646078282969, 21.519992838363507 ], [ -157.87220696894471, 21.51997359506009 ], [ -157.871772418102836, 21.519986736372108 ], [ -157.8713977758174, 21.519970308675521 ], [ -157.871829301226086, 21.521558023176333 ], [ -157.87099618914408, 21.522269822092337 ], [ -157.871772428930313, 21.522952606577981 ], [ -157.871446129454426, 21.523231339079384 ], [ -157.872027400839784, 21.523742626208179 ], [ -157.871260915249053, 21.523846881345161 ], [ -157.869934875572255, 21.522680407834837 ], [ -157.868070797225215, 21.51498801212038 ], [ -157.86803635418039, 21.513993773869309 ], [ -157.868063769346662, 21.513448424946148 ], [ -157.867735600997719, 21.511925517029539 ], [ -157.867819573706839, 21.510249054520397 ], [ -157.867504387084864, 21.509388088055438 ], [ -157.866932827658758, 21.50741366782869 ], [ -157.865841670410333, 21.505449413911855 ], [ -157.865250655322313, 21.502706541757199 ], [ -157.865541666013087, 21.501758711917407 ], [ -157.865894238055375, 21.502828158757591 ], [ -157.866687419820209, 21.502038497337267 ], [ -157.867256723334293, 21.502621771721529 ], [ -157.868107226535699, 21.502207981886759 ], [ -157.86842140858181, 21.503160977050829 ], [ -157.86872028833946, 21.503423694439277 ], [ -157.868996948221991, 21.503707301514208 ], [ -157.86943654238334, 21.503694001268229 ], [ -157.869870796158523, 21.503713018720191 ], [ -157.870465408275237, 21.503695008300458 ], [ -157.871029962804613, 21.504273474454646 ], [ -157.871609019213679, 21.504255884204515 ], [ -157.872463899759708, 21.504814803347578 ], [ -157.873042958391693, 21.504797208211667 ], [ -157.873333378173328, 21.505094994609152 ], [ -157.874152653729539, 21.504696379908694 ], [ -157.874489900981018, 21.505377513333293 ], [ -157.874785162319739, 21.505083345374352 ], [ -157.875252187405266, 21.506026971012808 ], [ -157.875902553849556, 21.505379617870034 ], [ -157.877101471437243, 21.50564837699029 ], [ -157.87768901525439, 21.505944382401676 ], [ -157.878413042132422, 21.505223606925636 ], [ -157.879122712407849, 21.505950703598209 ], [ -157.879434216762689, 21.505344267487718 ], [ -157.880866143525509, 21.505673649259112 ], [ -157.881727235241243, 21.505962541393963 ], [ -157.882162710677846, 21.505823002026233 ], [ -157.882259307863222, 21.506154080766418 ], [ -157.88251508206713, 21.505918124928961 ], [ -157.882162710677846, 21.505823002026233 ], [ -157.882024505276661, 21.505681408274967 ], [ -157.881277941150785, 21.505024675214724 ], [ -157.880560407341591, 21.504289462459994 ], [ -157.878855398470364, 21.503522477579327 ], [ -157.881041968073305, 21.503079142367127 ], [ -157.881994373702042, 21.504055115052054 ], [ -157.88347629445758, 21.503743860197794 ], [ -157.88319942324199, 21.503521147266465 ], [ -157.88217843214386, 21.503211078476042 ], [ -157.88174546408851, 21.502431856102231 ], [ -157.882525236317832, 21.501387353942736 ], [ -157.880749223150332, 21.501309560507419 ], [ -157.879730590481074, 21.501340511878521 ], [ -157.879163203934098, 21.501054574169462 ], [ -157.878563651681645, 21.501072781341811 ], [ -157.87800974121555, 21.50050519633848 ], [ -157.877710710785209, 21.500242163256999 ], [ -157.877724562833265, 21.499966411121839 ], [ -157.877714941608701, 21.499690699754442 ], [ -157.87832313918193, 21.498876181744198 ], [ -157.878304593645709, 21.498344216354713 ], [ -157.878318446248045, 21.498068199402663 ], [ -157.877150270900188, 21.497799525316474 ], [ -157.877165464911513, 21.497496389556691 ], [ -157.875721284807497, 21.497540270039419 ], [ -157.876368681650007, 21.496279933005912 ], [ -157.877165332485305, 21.495892264665773 ], [ -157.878610567896828, 21.495265787869553 ], [ -157.878659502243579, 21.494286530876206 ], [ -157.878044434609677, 21.49454309478476 ], [ -157.877189886569198, 21.494958962253442 ], [ -157.877166631367629, 21.494285767128904 ], [ -157.877628371746738, 21.493483036057984 ], [ -157.876755256615553, 21.493444813037115 ], [ -157.876031135993827, 21.493466806320249 ], [ -157.875307428225597, 21.493435072598366 ], [ -157.87426367653029, 21.493466749838525 ], [ -157.875166028594407, 21.492258155698565 ], [ -157.872953927439823, 21.491794908754898 ], [ -157.872297134674994, 21.491814892152245 ], [ -157.872277715142928, 21.491252352016783 ], [ -157.87328112144499, 21.490655491006279 ], [ -157.872863855456018, 21.489904341601736 ], [ -157.873450539523873, 21.489402725240094 ], [ -157.873095349663885, 21.489000159375014 ], [ -157.872024352952337, 21.488057878105256 ], [ -157.872433061787177, 21.487973099138095 ], [ -157.873611585602589, 21.488024783014374 ], [ -157.874497468360204, 21.487997933919328 ], [ -157.875786801471179, 21.488294566968591 ], [ -157.876871888840412, 21.488841314032925 ], [ -157.877369564207982, 21.488863118662636 ], [ -157.87780402264616, 21.488849958678738 ], [ -157.879134644759461, 21.488908249411107 ], [ -157.880265435231109, 21.488417998383959 ], [ -157.878373531301349, 21.487099658251303 ], [ -157.878407759732454, 21.486415335478512 ], [ -157.876967202661604, 21.485411452076281 ], [ -157.877246415906399, 21.485323210197667 ], [ -157.878976606368781, 21.485026094951785 ], [ -157.877894502693323, 21.484074115842283 ], [ -157.87871756753006, 21.483717315292726 ], [ -157.879291935661769, 21.482897798697113 ], [ -157.879887249337941, 21.482388937079708 ], [ -157.879876816107355, 21.48208939998085 ], [ -157.880292789434179, 21.481366280244547 ], [ -157.879315899521856, 21.480727451123716 ], [ -157.878418165785035, 21.481015140293923 ], [ -157.877859458864691, 21.480990680377623 ], [ -157.877281156878979, 21.481272236760375 ], [ -157.876852033218256, 21.480832460128447 ], [ -157.876403669424974, 21.481278977993689 ], [ -157.875669297129662, 21.48052643107405 ], [ -157.871622701575461, 21.481063358649767 ], [ -157.872675308406087, 21.480163790568064 ], [ -157.873236378530606, 21.479604899074026 ], [ -157.873539517229034, 21.479345917801375 ], [ -157.873520538074501, 21.478798928840366 ], [ -157.873547929862298, 21.478252252332538 ], [ -157.873237576863403, 21.477979145195576 ], [ -157.873264646438571, 21.477437693650078 ], [ -157.872875583700136, 21.476737219195829 ], [ -157.873261399014638, 21.476352881837109 ], [ -157.874070244085971, 21.476002292604043 ], [ -157.876627323734255, 21.473816366563973 ], [ -157.877048308821543, 21.473397188011845 ], [ -157.877350859709253, 21.473138525797122 ], [ -157.877925190814665, 21.472319011407038 ], [ -157.878517261548836, 21.472062289601116 ], [ -157.879372520510628, 21.471646016950451 ], [ -157.880533245244635, 21.471142725604835 ], [ -157.880556955005261, 21.470667084154705 ], [ -157.878793599303037, 21.470720707721206 ], [ -157.879205532351961, 21.470004376766543 ], [ -157.878821882862212, 21.469611160486625 ], [ -157.878244338461371, 21.46989233038045 ], [ -157.877652276257749, 21.470149051646704 ], [ -157.876865277712454, 21.47053209572006 ], [ -157.876217783052937, 21.469868401139372 ], [ -157.87562957751669, 21.469603753009725 ], [ -157.875054433072222, 21.469313849175055 ], [ -157.874583983026525, 21.470670460547026 ], [ -157.874175737973644, 21.470407018439108 ], [ -157.873894077802504, 21.47011822619908 ], [ -157.873073477777837, 21.470935272850159 ], [ -157.871851311432067, 21.471465092661699 ], [ -157.870534405295189, 21.472106149745152 ], [ -157.869710965659408, 21.471381759155488 ], [ -157.870227405863147, 21.470483937623182 ], [ -157.868961681073728, 21.4700993601971 ], [ -157.869417079594825, 21.46930732441233 ], [ -157.868654487623189, 21.469273913870619 ], [ -157.867523205473987, 21.469824431352713 ], [ -157.867117584357288, 21.469004270808473 ], [ -157.866946212603352, 21.46926380317187 ], [ -157.866391305466038, 21.470344103358038 ], [ -157.866075209524723, 21.469538243734501 ], [ -157.86610164272011, 21.469008963949758 ], [ -157.865501577865132, 21.468982596025953 ], [ -157.864923161471154, 21.469264110127678 ], [ -157.864622728653131, 21.468955921304282 ], [ -157.863495157681598, 21.468990078411952 ], [ -157.862546863759604, 21.468512199491137 ], [ -157.861758812037323, 21.470046316131207 ], [ -157.861298880619955, 21.470179155309403 ], [ -157.861449604992231, 21.469776372065752 ], [ -157.862035712206023, 21.467595567950315 ], [ -157.86610554476124, 21.467700957831081 ], [ -157.866093126734398, 21.466821132455195 ], [ -157.866684221169862, 21.466836387445017 ], [ -157.866680181088611, 21.466554493473932 ], [ -157.866981787520501, 21.466016094258933 ], [ -157.86638742365696, 21.46547360863639 ], [ -157.8669860662296, 21.465206716035635 ], [ -157.867274152065391, 21.464661210884316 ], [ -157.867679262608704, 21.464302026633614 ], [ -157.866695465258175, 21.46384695697936 ], [ -157.867572989693741, 21.463455773030759 ], [ -157.866423859910014, 21.463029357136154 ], [ -157.863067713629476, 21.462567567112266 ], [ -157.862607292174033, 21.462147393586658 ], [ -157.865084410381996, 21.460527738993445 ], [ -157.866748841654044, 21.458698684605139 ], [ -157.866450031996351, 21.458146159585528 ], [ -157.866466469430634, 21.457592594462088 ], [ -157.865058371249944, 21.457609977080995 ], [ -157.86385883498329, 21.45705503995125 ], [ -157.86315780737641, 21.456710912823535 ], [ -157.860963953340899, 21.457029929451448 ], [ -157.85988506982838, 21.457540923402032 ], [ -157.857768968262093, 21.457566915806765 ], [ -157.85836548319574, 21.455973348179139 ], [ -157.858382365049465, 21.455402849431628 ], [ -157.858089462232101, 21.455113227764286 ], [ -157.857796388936947, 21.454845637667496 ], [ -157.8573738699518, 21.454428091552934 ], [ -157.856690881569023, 21.453804577129588 ], [ -157.858396613549189, 21.453427566103986 ], [ -157.858389892770958, 21.452947222494782 ], [ -157.858976864315594, 21.452685570455625 ], [ -157.859262844161975, 21.452411079483138 ], [ -157.860316397696522, 21.452098942326565 ], [ -157.860868461229302, 21.451053046036979 ], [ -157.862179409663156, 21.451087042187162 ], [ -157.86275135287255, 21.450537717025 ], [ -157.863627503463618, 21.45027807915455 ], [ -157.8639134700814, 21.450003579561074 ], [ -157.864481942144977, 21.449499548128067 ], [ -157.865090159462852, 21.448644707471427 ], [ -157.866824600207622, 21.44787146748909 ], [ -157.866832735154276, 21.44758694254903 ], [ -157.866829175006671, 21.447315902444263 ], [ -157.866852199772467, 21.446531130851845 ], [ -157.866541175619886, 21.445659735537681 ], [ -157.866579872555405, 21.444346800409615 ], [ -157.865704197581209, 21.443782360873868 ], [ -157.864379562366906, 21.443369964667724 ], [ -157.863684364239617, 21.442682744299557 ], [ -157.862403291909771, 21.443289650896581 ], [ -157.861951090764535, 21.442400548450745 ], [ -157.86076983960109, 21.442675438657378 ], [ -157.859946516580806, 21.442654085565461 ], [ -157.859336609307604, 21.442926040800838 ], [ -157.858775793472148, 21.443464646225806 ], [ -157.857882959551659, 21.44372917485984 ], [ -157.857585602198668, 21.444014570167031 ], [ -157.85658110130467, 21.443988456747295 ], [ -157.856146837311172, 21.443993826445332 ], [ -157.855423280331394, 21.443975051423124 ], [ -157.854554753186704, 21.443985717519013 ], [ -157.853907226713034, 21.443968911895375 ], [ -157.851719299762152, 21.444239553701642 ], [ -157.850922614262089, 21.447204730181021 ], [ -157.850335583313949, 21.446393079535934 ], [ -157.850068805574494, 21.444217569606884 ], [ -157.849477912671972, 21.444224823240734 ], [ -157.84990711488777, 21.443458794584391 ], [ -157.849182089095507, 21.44312331333678 ], [ -157.848634236846635, 21.442581750587802 ], [ -157.848339240808315, 21.442312345432857 ], [ -157.848640858528881, 21.441773978537409 ], [ -157.848625618539927, 21.440690012506646 ], [ -157.849225915119263, 21.44095972972136 ], [ -157.849820667849542, 21.441251770796779 ], [ -157.849805270644993, 21.440150666462284 ], [ -157.851552862405839, 21.439896678334588 ], [ -157.851253312587943, 21.43934227084598 ], [ -157.851848255512834, 21.438814908417417 ], [ -157.851840650974481, 21.438269385170987 ], [ -157.852722694141789, 21.438007989787046 ], [ -157.853010773237031, 21.437462507444319 ], [ -157.854172974651874, 21.436944380837279 ], [ -157.85446649897429, 21.436388412528771 ], [ -157.854775629602528, 21.436114417061802 ], [ -157.854764124314272, 21.435306585056029 ], [ -157.855069715851869, 21.434761152128981 ], [ -157.854477483209166, 21.434220495863691 ], [ -157.85450094137903, 21.433424151128179 ], [ -157.8536217140757, 21.433401327770429 ], [ -157.852462612053984, 21.433671086292645 ], [ -157.852044936907987, 21.433258061055742 ], [ -157.851593197044224, 21.433658575189401 ], [ -157.851043785792626, 21.434185985560212 ], [ -157.849922482795023, 21.434536773898593 ], [ -157.849320242932066, 21.433941113752979 ], [ -157.848704118901594, 21.433638603006148 ], [ -157.84811355147238, 21.433645855682716 ], [ -157.848145843963039, 21.432556591657733 ], [ -157.847697049339047, 21.432544902300368 ], [ -157.847112423317867, 21.432552060164724 ], [ -157.846683727069944, 21.431709265662906 ], [ -157.845812738173407, 21.432545753360017 ], [ -157.844802668752152, 21.432519467698963 ], [ -157.843934211509264, 21.432530081704119 ], [ -157.842918490993924, 21.432503613341012 ], [ -157.841786000819468, 21.433591024703482 ], [ -157.841749951250648, 21.432535300139737 ], [ -157.842366225569265, 21.431669218006569 ], [ -157.843055957502486, 21.431057915684665 ], [ -157.842652140379698, 21.429536820180811 ], [ -157.842692492607455, 21.428182950905978 ], [ -157.841008436600021, 21.428139148540094 ], [ -157.839288123932278, 21.428677203732189 ], [ -157.838052878627082, 21.426247768222911 ], [ -157.837474479436565, 21.425436003970081 ], [ -157.837490654365098, 21.424892432815401 ], [ -157.836615066650722, 21.424346110771843 ], [ -157.836333484664124, 21.424067714603755 ], [ -157.834657268764289, 21.423291781800096 ], [ -157.833010877274546, 21.421788351022322 ], [ -157.831864518021689, 21.42017928541328 ], [ -157.831175181822402, 21.417580586472972 ], [ -157.831463674519568, 21.416987438926 ], [ -157.831765582572785, 21.416448573958341 ], [ -157.831180689417437, 21.416177847234117 ], [ -157.830899133065827, 21.415899442845422 ], [ -157.830606186434892, 21.415631809685241 ], [ -157.830140109704701, 21.415170756196655 ], [ -157.827844026766826, 21.414629619352926 ], [ -157.82600251157325, 21.41294783286104 ], [ -157.826329606323895, 21.409716810084277 ], [ -157.827478096486516, 21.409376619542492 ], [ -157.828640409836225, 21.408826243076593 ], [ -157.829508176684982, 21.408848913374463 ], [ -157.829794120486696, 21.408574337640168 ], [ -157.830091280206688, 21.408310823162616 ], [ -157.830377220818093, 21.408036378642471 ], [ -157.830964053553373, 21.40777481759034 ], [ -157.830956526523806, 21.407228765702904 ], [ -157.832701966598108, 21.406843142502503 ], [ -157.832134302591811, 21.406151395320979 ], [ -157.830717098728968, 21.406168642751645 ], [ -157.830110761451635, 21.405614707160012 ], [ -157.829832135018904, 21.40450938298919 ], [ -157.829249827150733, 21.404239727826482 ], [ -157.828678912029488, 21.403959299149854 ], [ -157.828096608612952, 21.40368964015919 ], [ -157.827544772064527, 21.403143752121128 ], [ -157.826941279882703, 21.403405119068406 ], [ -157.826365959121631, 21.403677532158774 ], [ -157.824911267254834, 21.403932929820137 ], [ -157.823797109853729, 21.40500262255372 ], [ -157.822731814878239, 21.405015522930015 ], [ -157.81861885929456, 21.401780204417623 ], [ -157.817174831686202, 21.40007876533102 ], [ -157.815441241019386, 21.397210293169216 ], [ -157.815414135025549, 21.395242603870738 ], [ -157.815977754527069, 21.394175166054296 ], [ -157.816607726575143, 21.393570426738673 ], [ -157.817469747815807, 21.393592982970706 ], [ -157.817477926740963, 21.393313821925407 ], [ -157.817466920093665, 21.39250354681149 ], [ -157.818074450583879, 21.391419273346159 ], [ -157.816986845698239, 21.390915627603196 ], [ -157.817521974864576, 21.389486585481738 ], [ -157.816066883826693, 21.38815730929845 ], [ -157.815694680300282, 21.387424742873193 ], [ -157.81466173037515, 21.386946413600384 ], [ -157.814221940117847, 21.384748460715564 ], [ -157.813782657053792, 21.384346972000635 ], [ -157.813503378005578, 21.383797542933596 ], [ -157.812599962424258, 21.383379137831387 ], [ -157.810524935599204, 21.381814046951632 ], [ -157.80934194677377, 21.380643259412476 ], [ -157.808463151804915, 21.379840255348963 ], [ -157.808040984158339, 21.379422597394267 ], [ -157.807161540834244, 21.379015185893731 ], [ -157.80718204861293, 21.378332569864071 ], [ -157.806888937101064, 21.378064765203955 ], [ -157.806609695081391, 21.377515326009302 ], [ -157.805456924170755, 21.376981372309931 ], [ -157.805453299774427, 21.376696768752023 ], [ -157.805469258524852, 21.376157765952087 ], [ -157.805168676248712, 21.376149869531076 ], [ -157.804590023851006, 21.376423907902598 ], [ -157.803729611563085, 21.375868602786745 ], [ -157.803162737486559, 21.375875411723403 ], [ -157.802858140064927, 21.375596932033218 ], [ -157.801927366719809, 21.374244881198877 ], [ -157.801136090004007, 21.374224078290442 ], [ -157.800549158907245, 21.374231132344523 ], [ -157.798833177287662, 21.373123490516132 ], [ -157.798505662676433, 21.373127431742894 ], [ -157.796239910447866, 21.372013644153366 ], [ -157.795821268406854, 21.372415705146494 ], [ -157.79450331374403, 21.371464115289172 ], [ -157.794213111426728, 21.371742703880404 ], [ -157.792871589548355, 21.371082986126385 ], [ -157.792264978912726, 21.37166524350388 ], [ -157.784697666747263, 21.368343315051202 ], [ -157.780992854214219, 21.364016642969684 ], [ -157.7743950358483, 21.357191914284019 ], [ -157.774960861384443, 21.356690475709971 ], [ -157.774946403197362, 21.355608901811127 ], [ -157.77497097810965, 21.354793728565753 ], [ -157.774606944314286, 21.353418543829779 ], [ -157.775118675030285, 21.351979480228863 ], [ -157.775570628784976, 21.351545556488464 ], [ -157.776157035027353, 21.351284243551525 ], [ -157.77644295482861, 21.351009888666489 ], [ -157.776824325284565, 21.350671915844277 ], [ -157.774999796693606, 21.35010256708642 ], [ -157.775021653493013, 21.349376167075164 ], [ -157.77442193909576, 21.349098133393206 ], [ -157.775022454127225, 21.348565848359431 ], [ -157.775310621588744, 21.348020499092485 ], [ -157.775616018049647, 21.347475340954606 ], [ -157.77387127553564, 21.34693084564179 ], [ -157.774376007135231, 21.345583833440493 ], [ -157.773884562820058, 21.345570851872399 ], [ -157.772738051698013, 21.346671473770915 ], [ -157.77214796703538, 21.346087026042614 ], [ -157.771644206631123, 21.347959057696198 ], [ -157.77096678480072, 21.34826084395247 ], [ -157.77153906120688, 21.349321554207155 ], [ -157.768939884867763, 21.348792392450829 ], [ -157.76865857396777, 21.34851389301156 ], [ -157.768365873935153, 21.348246160694071 ], [ -157.768069436852386, 21.347952463804052 ], [ -157.766926332222027, 21.347422563971605 ], [ -157.766044512900862, 21.34628969573108 ], [ -157.765493614087546, 21.345785970197991 ], [ -157.764946428041867, 21.34524415924384 ], [ -157.763942652143896, 21.344778782853044 ], [ -157.762910708676287, 21.343327864653681 ], [ -157.762621691384481, 21.342758371727182 ], [ -157.761583584681148, 21.341809063459934 ], [ -157.759430883908436, 21.339403437948846 ], [ -157.757442251916473, 21.338119106042516 ], [ -157.755559642548803, 21.337531260666701 ], [ -157.750952153812676, 21.333748113206529 ], [ -157.745953914396239, 21.331001248683108 ], [ -157.7375860050131, 21.327962922761504 ], [ -157.73362604870394, 21.326524627303343 ], [ -157.73046099026601, 21.325482881076177 ], [ -157.727959824218999, 21.325416138298106 ], [ -157.724377493884958, 21.325960721696188 ], [ -157.72345488423656, 21.325579956196602 ], [ -157.723043505088725, 21.322198082604469 ], [ -157.722107338146259, 21.320351997805396 ], [ -157.720818197278561, 21.318694571120055 ], [ -157.718012845433918, 21.317633038797943 ], [ -157.718334153428714, 21.31660471386126 ], [ -157.723572624695464, 21.317549022289619 ], [ -157.725927379529509, 21.317611936625656 ], [ -157.727561881448537, 21.317251541061196 ], [ -157.729055391030414, 21.316207378125053 ], [ -157.734243223000732, 21.316345750033008 ], [ -157.735673843797713, 21.315482079008792 ], [ -157.737492619066956, 21.314210293959253 ], [ -157.743011112945112, 21.311895828640246 ], [ -157.761068274654519, 21.30823013042486 ], [ -157.774338571665254, 21.309003943455316 ], [ -157.781974321925503, 21.310313967858661 ], [ -157.782127303820772, 21.311079420082326 ] ], [ [ -157.7369086932882, 21.322941432314483 ], [ -157.737062784181518, 21.323286712094013 ], [ -157.737572892837619, 21.323056253984138 ], [ -157.7369086932882, 21.322941432314483 ] ], [ [ -157.787937858995491, 21.343101049301655 ], [ -157.788034294227401, 21.343432175116394 ], [ -157.788289632949301, 21.343196350638067 ], [ -157.787937858995491, 21.343101049301655 ] ], [ [ -157.828730378997221, 21.342577333186568 ], [ -157.828826906811543, 21.342908439853378 ], [ -157.829082182621534, 21.342672550268805 ], [ -157.828730378997221, 21.342577333186568 ] ], [ [ -157.791923114040202, 21.350989151430689 ], [ -157.791488169875208, 21.350835959281952 ], [ -157.79083138788468, 21.351173042893961 ], [ -157.79031875618108, 21.350296563646349 ], [ -157.790641510211429, 21.350040181008168 ], [ -157.790619273705062, 21.34975471559946 ], [ -157.790982301286363, 21.348548883513622 ], [ -157.790653591201703, 21.347844303503688 ], [ -157.789077622061086, 21.348653136591352 ], [ -157.78950879264579, 21.347578872840117 ], [ -157.789014906950314, 21.34717401990854 ], [ -157.78951111513166, 21.346779875921108 ], [ -157.789489400862891, 21.346499905858423 ], [ -157.789564919586525, 21.345697466330435 ], [ -157.788112529810519, 21.346493286902245 ], [ -157.788036382120453, 21.34730246970226 ], [ -157.788089005708343, 21.347980382999356 ], [ -157.78794878348441, 21.349469945053318 ], [ -157.788060397841832, 21.35091037663458 ], [ -157.787385638317488, 21.352298551801905 ], [ -157.78581476643717, 21.35333804028512 ], [ -157.78655359872792, 21.354601579857288 ], [ -157.786527575054379, 21.3548799477859 ], [ -157.786568950422605, 21.355413472988655 ], [ -157.786230820842093, 21.355682042495435 ], [ -157.786284212043142, 21.356368761031497 ], [ -157.786207736563114, 21.357181247379064 ], [ -157.786239918331091, 21.35759600552419 ], [ -157.784857110982415, 21.359393109955708 ], [ -157.785909583785951, 21.359763772208726 ], [ -157.787086161238818, 21.36002317447171 ], [ -157.787573408269822, 21.361067407398284 ], [ -157.788228838632051, 21.361416264855794 ], [ -157.788715027840169, 21.359944617668859 ], [ -157.789385719452866, 21.359226730930043 ], [ -157.790471736642161, 21.358782118894464 ], [ -157.791445408094489, 21.357635602641647 ], [ -157.791720057893883, 21.356804424581245 ], [ -157.792582569299668, 21.356119067631074 ], [ -157.792930797318434, 21.355064776939365 ], [ -157.793698028856227, 21.353799317812179 ], [ -157.792912189093698, 21.353852823334595 ], [ -157.792615180763647, 21.35382825824243 ], [ -157.791420183089201, 21.354441617646671 ], [ -157.791490145087039, 21.353696172313605 ], [ -157.79142806933433, 21.352894197806293 ], [ -157.792371837833912, 21.351667464355167 ], [ -157.792053603761644, 21.351406667548062 ], [ -157.791923114040202, 21.350989151430689 ], [ -157.792276429554505, 21.350898928368945 ], [ -157.792024977948245, 21.350659453853268 ], [ -157.791923114040202, 21.350989151430689 ] ], [ [ -157.876027100530052, 21.399543361961619 ], [ -157.876181594983336, 21.399888529767477 ], [ -157.876691779971992, 21.399657653119185 ], [ -157.876027100530052, 21.399543361961619 ] ], [ [ -157.821175731038949, 21.382905793925765 ], [ -157.821321851899, 21.383360849797647 ], [ -157.822016788266865, 21.383951165410767 ], [ -157.823047126348939, 21.385216009593833 ], [ -157.823018821806585, 21.385610423422488 ], [ -157.824014742217656, 21.387683698313761 ], [ -157.82451330147336, 21.388558198834914 ], [ -157.824145671055675, 21.390111839693954 ], [ -157.824496534971246, 21.39072725848013 ], [ -157.824423706800928, 21.391742656352108 ], [ -157.824804951575629, 21.392411484772612 ], [ -157.824140740263033, 21.393097267886137 ], [ -157.823832089266972, 21.393351627751333 ], [ -157.823847903716938, 21.393635721790957 ], [ -157.8232861216309, 21.394586749774856 ], [ -157.823219007343738, 21.395522324424039 ], [ -157.823249667698235, 21.396069994245476 ], [ -157.822853858417005, 21.397079351868051 ], [ -157.823806935780226, 21.396602898684936 ], [ -157.82553776967535, 21.395873578407514 ], [ -157.825843339903173, 21.395262097679819 ], [ -157.826440504655267, 21.395010481465203 ], [ -157.826823322754649, 21.39424424830473 ], [ -157.827295215956696, 21.394746306417858 ], [ -157.827736808362488, 21.394724780449295 ], [ -157.828381095818315, 21.394765277495821 ], [ -157.828479990029848, 21.393383567178113 ], [ -157.825883868916662, 21.392910984238476 ], [ -157.826899184229376, 21.391571087513306 ], [ -157.826181537801517, 21.391199243159047 ], [ -157.825446543277593, 21.390877030992566 ], [ -157.825010397559879, 21.390111945189084 ], [ -157.825324159689359, 21.38985338390701 ], [ -157.826425443374973, 21.388716095115399 ], [ -157.827668234415, 21.387691607582269 ], [ -157.827063353386109, 21.387426420872686 ], [ -157.826777261078746, 21.387121976205588 ], [ -157.825923521830248, 21.38716364185105 ], [ -157.825636591625255, 21.386858329319761 ], [ -157.824292944097465, 21.386923882446276 ], [ -157.825358777938902, 21.385517387407276 ], [ -157.825644510804892, 21.384945532235111 ], [ -157.826501996285572, 21.384999437119692 ], [ -157.826523278194884, 21.384704883537555 ], [ -157.826506215695076, 21.384399475178693 ], [ -157.827378620187915, 21.383680133752598 ], [ -157.827423127619284, 21.383059346264194 ], [ -157.826527291881973, 21.383103037485263 ], [ -157.825476348948172, 21.383036993791109 ], [ -157.824781130007779, 21.383330003290084 ], [ -157.824279656449619, 21.383847809566017 ], [ -157.823037238896518, 21.383908439060821 ], [ -157.823098927855995, 21.383049577293889 ], [ -157.821175731038949, 21.382905793925765 ] ], [ [ -157.83919473949959, 21.409590977285404 ], [ -157.839387728498622, 21.410241069865187 ], [ -157.839900626472343, 21.409785297837217 ], [ -157.83919473949959, 21.409590977285404 ] ], [ [ -157.921239375351036, 21.42992366444474 ], [ -157.921336020246457, 21.430254725182806 ], [ -157.921591595989469, 21.430018699146245 ], [ -157.921239375351036, 21.42992366444474 ] ], [ [ -157.862447068401053, 21.434141902367255 ], [ -157.862350414563906, 21.433810812474427 ], [ -157.862095023782643, 21.434046745476042 ], [ -157.862447068401053, 21.434141902367255 ], [ -157.862038435830442, 21.43507438254165 ], [ -157.86391102450105, 21.43535149874106 ], [ -157.863725013699593, 21.434293498353451 ], [ -157.862447068401053, 21.434141902367255 ] ], [ [ -157.862163923591481, 21.433326930177845 ], [ -157.862260576738919, 21.433658020164316 ], [ -157.862515966558675, 21.433422086857618 ], [ -157.862163923591481, 21.433326930177845 ] ], [ [ -157.936180531245498, 21.445196416065215 ], [ -157.936534144188585, 21.44510589688722 ], [ -157.936282010569784, 21.444866622201371 ], [ -157.936180531245498, 21.445196416065215 ], [ -157.935891055070442, 21.445194575899745 ], [ -157.935889089223394, 21.445465584086961 ], [ -157.935535475068917, 21.445556101845622 ], [ -157.935787608548793, 21.445795377635584 ], [ -157.935889089223394, 21.445465584086961 ], [ -157.936178565932977, 21.445467424277929 ], [ -157.936180531245498, 21.445196416065215 ] ], [ [ -157.849492063328171, 21.425109880387858 ], [ -157.849199619408353, 21.425673060335168 ], [ -157.8500807603792, 21.426022910152792 ], [ -157.849863383600905, 21.425518953801781 ], [ -157.849999738942159, 21.425215791608299 ], [ -157.849492063328171, 21.425109880387858 ] ], [ [ -157.848055552481071, 21.423744929926215 ], [ -157.848301275976439, 21.424669964430066 ], [ -157.84874901466759, 21.424200353376424 ], [ -157.848055552481071, 21.423744929926215 ] ], [ [ -157.840032980641752, 21.413390994553648 ], [ -157.840175279653295, 21.41298029580264 ], [ -157.841025516094305, 21.411502475623706 ], [ -157.840190519914302, 21.411908845729286 ], [ -157.839188699126709, 21.411572204853421 ], [ -157.838551160642993, 21.412813424811706 ], [ -157.837044384073465, 21.412355230725485 ], [ -157.837868748590893, 21.411650593808083 ], [ -157.83789758534013, 21.411077731834233 ], [ -157.836143326689779, 21.412107867012558 ], [ -157.836113484966006, 21.41269964477171 ], [ -157.837552218753331, 21.415292147546946 ], [ -157.837251722271105, 21.41811964054606 ], [ -157.836594362849752, 21.418681323282105 ], [ -157.838074653286697, 21.418636678696988 ], [ -157.838681900114437, 21.418943001926507 ], [ -157.839236868718245, 21.418926270422538 ], [ -157.839558545865344, 21.419209372542063 ], [ -157.839834996209817, 21.419493021041891 ], [ -157.840134674798151, 21.419483980235007 ], [ -157.840411126794066, 21.419767627848543 ], [ -157.842034832477964, 21.420498941270775 ], [ -157.842439887775129, 21.420855396839769 ], [ -157.843000934683033, 21.421682640004924 ], [ -157.844676450568983, 21.422192035774994 ], [ -157.845829067549715, 21.422773308377565 ], [ -157.846465386810678, 21.422801312735164 ], [ -157.846080803000376, 21.422391611585265 ], [ -157.845327374542904, 21.421728202042527 ], [ -157.846099683373808, 21.421679400043715 ], [ -157.847920753906948, 21.421759489567616 ], [ -157.847647308501905, 21.421162314263515 ], [ -157.84704686432346, 21.420633818185564 ], [ -157.848170825607298, 21.4192822375317 ], [ -157.84660518774416, 21.4200442834941 ], [ -157.846212882944599, 21.419250966032489 ], [ -157.845502413930575, 21.419596750625168 ], [ -157.844961823855868, 21.418503471187229 ], [ -157.844361871195588, 21.419100715297539 ], [ -157.84360509888495, 21.418434298167028 ], [ -157.84363327679381, 21.417870825846517 ], [ -157.842923950583554, 21.417892262560393 ], [ -157.843375281896186, 21.416714384808849 ], [ -157.841851237030113, 21.417077098392188 ], [ -157.841306488722466, 21.417053151385506 ], [ -157.840756333336344, 21.417069724838122 ], [ -157.840297400727962, 21.416665650309032 ], [ -157.840728427385073, 21.416236305788559 ], [ -157.841031198606885, 21.415977707067803 ], [ -157.841311521511926, 21.415698308779092 ], [ -157.841892589668305, 21.41520164918656 ], [ -157.841914368360193, 21.414769405970016 ], [ -157.840158165796993, 21.415148298725565 ], [ -157.838429679160839, 21.41555971990481 ], [ -157.839059461333335, 21.414801127000242 ], [ -157.84036587332767, 21.413684229738656 ], [ -157.840032980641752, 21.413390994553648 ] ], [ [ -157.904044625169547, 21.406775367956474 ], [ -157.90414121812114, 21.407106437220584 ], [ -157.9043967781476, 21.406870436242475 ], [ -157.904044625169547, 21.406775367956474 ] ], [ [ -157.828085418554963, 21.387290448362055 ], [ -157.828239786815772, 21.387635655198284 ], [ -157.828749996100441, 21.387404925579247 ], [ -157.828085418554963, 21.387290448362055 ] ], [ [ -157.806833865603949, 21.367356605469705 ], [ -157.806511754120919, 21.367741317974144 ], [ -157.805765540418122, 21.368021184126224 ], [ -157.806650298010794, 21.368670936805223 ], [ -157.806941071731075, 21.369678455860054 ], [ -157.808962965129837, 21.369962308175854 ], [ -157.809860845299255, 21.37101932108175 ], [ -157.810165055978189, 21.371730905689631 ], [ -157.810749631554273, 21.371314698848085 ], [ -157.811857621661886, 21.369936839191165 ], [ -157.81160768612645, 21.369676626699629 ], [ -157.810993667489925, 21.369436199091954 ], [ -157.810660536971682, 21.368282159765712 ], [ -157.808759800459228, 21.368531490850032 ], [ -157.808687429105788, 21.368047306616972 ], [ -157.808804738511782, 21.367342152053293 ], [ -157.807549119109922, 21.367794146431638 ], [ -157.806833865603949, 21.367356605469705 ] ], [ [ -157.777006661381847, 21.335704485891824 ], [ -157.777160859835732, 21.336049733606021 ], [ -157.777670957832413, 21.335819153221461 ], [ -157.777006661381847, 21.335704485891824 ] ], [ [ -157.757684389244702, 21.328787470790228 ], [ -157.757505907751693, 21.329185523443773 ], [ -157.757121997859855, 21.330933608651154 ], [ -157.758118199857307, 21.331613935790099 ], [ -157.758683045177747, 21.332364647621965 ], [ -157.760671709899185, 21.331888841702607 ], [ -157.760124144650234, 21.331299309267109 ], [ -157.758591418177474, 21.331571380693813 ], [ -157.757602971397432, 21.330338768482122 ], [ -157.757909914905099, 21.328941449138977 ], [ -157.757684389244702, 21.328787470790228 ] ], [ [ -157.762578563616614, 21.331533689952245 ], [ -157.76277112578461, 21.332183855797844 ], [ -157.763283963537617, 21.331728312177919 ], [ -157.762578563616614, 21.331533689952245 ] ], [ [ -157.761421624000633, 21.331525168613123 ], [ -157.761283996414363, 21.331667269347733 ], [ -157.760749245875616, 21.332107824094397 ], [ -157.761844294304098, 21.331884713718154 ], [ -157.761421624000633, 21.331525168613123 ] ], [ [ -157.752778951774388, 21.327396089388039 ], [ -157.752545661591682, 21.327827473802195 ], [ -157.753240233037474, 21.328163186386821 ], [ -157.753453485596197, 21.327528923097997 ], [ -157.752778951774388, 21.327396089388039 ] ], [ [ -157.749021316620031, 21.327097157856592 ], [ -157.748521029629387, 21.326036318857607 ], [ -157.748731378154304, 21.324547058430323 ], [ -157.748010563869627, 21.325377089401957 ], [ -157.747431846692194, 21.32530529062436 ], [ -157.747168860314815, 21.32573975414806 ], [ -157.748190410070151, 21.326518977842017 ], [ -157.748572401632288, 21.326973330555191 ], [ -157.749021316620031, 21.327097157856592 ], [ -157.749130049650574, 21.327265628632887 ], [ -157.749775666026238, 21.327477130269809 ], [ -157.75010744931194, 21.327990720860484 ], [ -157.751731380606316, 21.327485576426302 ], [ -157.751471361788361, 21.326501758705994 ], [ -157.750401080769223, 21.326805443173171 ], [ -157.749737100209813, 21.326361237991822 ], [ -157.749380926694272, 21.326893200687699 ], [ -157.749021316620031, 21.327097157856592 ] ], [ [ -157.741529211723503, 21.323789111619579 ], [ -157.74140193971698, 21.323941131748345 ], [ -157.741032787836332, 21.324203754552968 ], [ -157.742524739426898, 21.324766270535463 ], [ -157.74282900369991, 21.324726531371187 ], [ -157.744424750227211, 21.325175408208366 ], [ -157.744656337295709, 21.323784038387092 ], [ -157.742950437085852, 21.324397674311221 ], [ -157.742555193923664, 21.323910194374381 ], [ -157.742032064470266, 21.323978665291765 ], [ -157.741529211723503, 21.323789111619579 ] ], [ [ -157.739793907536239, 21.323776113820923 ], [ -157.739948006090742, 21.324121391299357 ], [ -157.740458113693279, 21.323890924375593 ], [ -157.739793907536239, 21.323776113820923 ] ] ] } },
{ "type": "Feature", "properties": { "ID": 21, "GRIDCODE": 2 }, "geometry": { "type": "Polygon", "coordinates": [ [ [ -156.962718448047639, 21.155762643828822 ], [ -156.963424466518632, 21.155966211784225 ], [ -156.963072530025016, 21.156950603241789 ], [ -156.962718448047639, 21.155762643828822 ] ] ] } },
{ "type": "Feature", "properties": { "ID": 22, "GRIDCODE": 2 }, "geometry": { "type": "Polygon", "coordinates": [ [ [ -156.808018729442068, 21.148681413466019 ], [ -156.8080147420944, 21.148952278821717 ], [ -156.807345654988751, 21.148808150876281 ], [ -156.808018729442068, 21.148681413466019 ] ] ] } },
{ "type": "Feature", "properties": { "ID": 23, "GRIDCODE": 2 }, "geometry": { "type": "Polygon", "coordinates": [ [ [ -156.809470368145981, 21.148158378853928 ], [ -156.809966664676125, 21.147261040084331 ], [ -156.809952176256814, 21.148073604475663 ], [ -156.809470368145981, 21.148158378853928 ] ] ] } },
{ "type": "Feature", "properties": { "ID": 24, "GRIDCODE": 2 }, "geometry": { "type": "Polygon", "coordinates": [ [ [ -156.960541817845723, 21.145982691787641 ], [ -156.961297145555761, 21.146103713251925 ], [ -156.962171983873844, 21.149610370499687 ], [ -156.961036507554383, 21.149834885745157 ], [ -156.961571652417632, 21.14908521047666 ], [ -156.961259036102234, 21.148269493213469 ], [ -156.960920289742774, 21.148044084649026 ], [ -156.960692641714161, 21.147449857454959 ], [ -156.960330421820686, 21.147208752809139 ], [ -156.960791946354192, 21.146562174673928 ], [ -156.960541817845723, 21.145982691787641 ] ] ] } },
{ "type": "Feature", "properties": { "ID": 25, "GRIDCODE": 2 }, "geometry": { "type": "Polygon", "coordinates": [ [ [ -156.946113992664891, 21.124133365551128 ], [ -156.946464583584202, 21.124230354000424 ], [ -156.946208406134275, 21.124464845662139 ], [ -156.946113992664891, 21.124133365551128 ] ] ] } },
{ "type": "Feature", "properties": { "ID": 26, "GRIDCODE": 2 }, "geometry": { "type": "Polygon", "coordinates": [ [ [ -156.946113992664891, 21.124133365551128 ], [ -156.945763402263452, 21.124036376411826 ], [ -156.946019579552114, 21.12380188540962 ], [ -156.946113992664891, 21.124133365551128 ] ] ] } },
{ "type": "Feature", "properties": { "ID": 27, "GRIDCODE": 2 }, "geometry": { "type": "Polygon", "coordinates": [ [ [ -156.792844480837118, 21.120308953177627 ], [ -156.793194932551103, 21.120406249878396 ], [ -156.792938543491402, 21.120640489696065 ], [ -156.792844480837118, 21.120308953177627 ] ] ] } },
{ "type": "Feature", "properties": { "ID": 28, "GRIDCODE": 2 }, "geometry": { "type": "Polygon", "coordinates": [ [ [ -156.794945307315942, 21.114917993377475 ], [ -156.795295748507669, 21.11501528479457 ], [ -156.795039372551912, 21.115249529034863 ], [ -156.794945307315942, 21.114917993377475 ] ] ] } },
{ "type": "Feature", "properties": { "ID": 29, "GRIDCODE": 2 }, "geometry": { "type": "Polygon", "coordinates": [ [ [ -156.883036898031747, 21.09247090121119 ], [ -156.886060035946372, 21.093063967357551 ], [ -156.890326494454001, 21.094096575904917 ], [ -156.890348726222356, 21.097012915033886 ], [ -156.88976946028896, 21.097563836169549 ], [ -156.889175649557927, 21.097567820872015 ], [ -156.887177123598434, 21.095906505141894 ], [ -156.885542369031981, 21.095277726675807 ], [ -156.884766232878405, 21.093724096340175 ], [ -156.882482466958237, 21.09530608092156 ], [ -156.882572352585413, 21.094494418354131 ], [ -156.882885759566506, 21.093148981249879 ], [ -156.883036898031747, 21.09247090121119 ] ] ] } },
{ "type": "Feature", "properties": { "ID": 30, "GRIDCODE": 2 }, "geometry": { "type": "Polygon", "coordinates": [ [ [ -156.871241348054838, 21.089613961680108 ], [ -156.873679736913743, 21.089944583045881 ], [ -156.872625271591176, 21.091653227805605 ], [ -156.871934705750476, 21.090851889612242 ], [ -156.871241348054838, 21.089613961680108 ] ] ] } },
{ "type": "Feature", "properties": { "ID": 31, "GRIDCODE": 2 }, "geometry": { "type": "Polygon", "coordinates": [ [ [ -156.867793240821356, 21.088486937657809 ], [ -156.868781141785149, 21.088758508102046 ], [ -156.868451522171739, 21.08996784721386 ], [ -156.867965637408957, 21.089523467931205 ], [ -156.867793240821356, 21.088486937657809 ] ] ] } },
{ "type": "Feature", "properties": { "ID": 32, "GRIDCODE": 2 }, "geometry": { "type": "Polygon", "coordinates": [ [ [ -156.794945307315942, 21.114917993377475 ], [ -156.793910621180288, 21.115293435872296 ], [ -156.793071988464845, 21.115948029794655 ], [ -156.794014888098928, 21.11665082877099 ], [ -156.792770300822809, 21.117109910540606 ], [ -156.792470601167452, 21.117565622937288 ], [ -156.793413507106294, 21.118268425788596 ], [ -156.792399111785329, 21.118642732224252 ], [ -156.791865187727666, 21.119454141990474 ], [ -156.792597542428524, 21.119999962936735 ], [ -156.792844480837118, 21.120308953177627 ], [ -156.792107721558779, 21.120422308198105 ], [ -156.791550721050584, 21.120830283038156 ], [ -156.792946804658044, 21.121663542323056 ], [ -156.791506300257538, 21.122039960750651 ], [ -156.790946057770469, 21.122666223640266 ], [ -156.791576387977813, 21.123171430957338 ], [ -156.793053174828515, 21.123049601313241 ], [ -156.792315529077996, 21.123983628365199 ], [ -156.79236519499463, 21.124514201443471 ], [ -156.789734075354914, 21.124725995004656 ], [ -156.78888611952641, 21.125281757590766 ], [ -156.788119776126933, 21.125581820704962 ], [ -156.787126677313722, 21.127100679405014 ], [ -156.788738509478264, 21.127458195971574 ], [ -156.789372323451374, 21.127405952081755 ], [ -156.789979266281506, 21.127663624366658 ], [ -156.788524270817106, 21.128233154265967 ], [ -156.788575143302751, 21.128776508365434 ], [ -156.788180160217166, 21.129075797900114 ], [ -156.78882833932758, 21.129595337731402 ], [ -156.788428499164979, 21.130867966132566 ], [ -156.788802610179289, 21.131500665883006 ], [ -156.788064033927014, 21.132435516148782 ], [ -156.786036294629866, 21.133572634260688 ], [ -156.784050237640884, 21.133023539464467 ], [ -156.783156690086258, 21.134004553653742 ], [ -156.783551686903735, 21.134672790470745 ], [ -156.78351707908206, 21.134951982057881 ], [ -156.783551401398654, 21.135317596620794 ], [ -156.785116398326466, 21.135188600976178 ], [ -156.786391476549483, 21.135327375716269 ], [ -156.787181435871247, 21.134162307409504 ], [ -156.787627668853958, 21.134210866818858 ], [ -156.787533458299492, 21.134972310548967 ], [ -156.7878943609077, 21.135583277851726 ], [ -156.787773543496144, 21.136560325169263 ], [ -156.786954946748722, 21.136880860444922 ], [ -156.786683332467874, 21.137510875961805 ], [ -156.787254065100882, 21.137968428827005 ], [ -156.787611671607948, 21.138383906544654 ], [ -156.788852168472204, 21.137738703199034 ], [ -156.789979050932317, 21.136501430628297 ], [ -156.790617322422435, 21.136018067643384 ], [ -156.791514281197323, 21.135033021294824 ], [ -156.791903930180951, 21.135075407910691 ], [ -156.792643653452018, 21.135014415889522 ], [ -156.791563908956192, 21.135832326062513 ], [ -156.790920838585947, 21.137172160965466 ], [ -156.791439470954117, 21.137587880692362 ], [ -156.792488121894337, 21.137042400310353 ], [ -156.792397779476858, 21.137772613820484 ], [ -156.792859654196519, 21.138041615256949 ], [ -156.794423815751884, 21.137228025935205 ], [ -156.794744686005913, 21.137345176154653 ], [ -156.793117636675134, 21.138577748194542 ], [ -156.791542142935555, 21.139108090803308 ], [ -156.790207822646209, 21.140070757784741 ], [ -156.790682425323098, 21.140451445814683 ], [ -156.791015098597626, 21.140837820426977 ], [ -156.790916087787025, 21.141638359532969 ], [ -156.790084415291034, 21.142268411126832 ], [ -156.790482444885356, 21.143305941668824 ], [ -156.790129192002894, 21.143394059286614 ], [ -156.790378580112986, 21.143634895228018 ], [ -156.790482444885356, 21.143305941668824 ], [ -156.792233029311717, 21.142971558922362 ], [ -156.791576460194079, 21.145105508671126 ], [ -156.792478035682393, 21.14504941127824 ], [ -156.793206924601833, 21.145113947825038 ], [ -156.794683896322113, 21.144365961759789 ], [ -156.794627355708514, 21.144927625544188 ], [ -156.795877254033485, 21.14484979078728 ], [ -156.796652234336733, 21.144029211971048 ], [ -156.79695561128392, 21.144224310638336 ], [ -156.795379363178768, 21.146059514101946 ], [ -156.796412787583023, 21.146508384316117 ], [ -156.795686045764938, 21.147079309938754 ], [ -156.794903632327021, 21.147010051168976 ], [ -156.794448039235078, 21.147038440748108 ], [ -156.793740716550957, 21.148258589591698 ], [ -156.794601537139755, 21.148632465250902 ], [ -156.794902533341258, 21.148969674884974 ], [ -156.795748524190145, 21.148917004181978 ], [ -156.796305835282226, 21.149104763826443 ], [ -156.795434270447089, 21.149456063301098 ], [ -156.794873925259623, 21.149739783342348 ], [ -156.793833646724977, 21.150018897414899 ], [ -156.794419002713852, 21.151035979106293 ], [ -156.795374555878453, 21.151450970305941 ], [ -156.79482069977405, 21.151886304039916 ], [ -156.794181621735049, 21.153181354411359 ], [ -156.794688352168691, 21.15406195314613 ], [ -156.793897358789081, 21.155349464879134 ], [ -156.793960755937093, 21.156247895792099 ], [ -156.79455385362499, 21.156210984514775 ], [ -156.7950532705878, 21.155682147131124 ], [ -156.795524102871354, 21.155312137794013 ], [ -156.796154453803808, 21.154644650816909 ], [ -156.796529071030392, 21.153534055698088 ], [ -156.796866074862521, 21.153287636606738 ], [ -156.796812808558542, 21.15381872013366 ], [ -156.796900058378355, 21.155050418024128 ], [ -156.798294767467269, 21.154149739396946 ], [ -156.798200520144206, 21.155087391114218 ], [ -156.797647968524387, 21.15598686518268 ], [ -156.797294707732675, 21.1567025456797 ], [ -156.797463030986165, 21.15706811869418 ], [ -156.798478177734239, 21.15599330716833 ], [ -156.799073616624156, 21.156045965920384 ], [ -156.800002252655844, 21.155575610068503 ], [ -156.799912969180184, 21.156464250885431 ], [ -156.799198875717309, 21.157626657983187 ], [ -156.800638161297343, 21.156897649172819 ], [ -156.801092618838368, 21.157406365961755 ], [ -156.801552333803954, 21.157788488949908 ], [ -156.802155228691475, 21.158463692883824 ], [ -156.802707570256615, 21.158761826377692 ], [ -156.803298336886428, 21.157565061178545 ], [ -156.802810989948057, 21.15626506709971 ], [ -156.803823845673236, 21.154616279033746 ], [ -156.805497210349301, 21.153941655617569 ], [ -156.805768812422457, 21.153654155116214 ], [ -156.806373125246949, 21.153410521491832 ], [ -156.806352570699744, 21.153121149305264 ], [ -156.80737662293987, 21.152316449544294 ], [ -156.807829898991088, 21.15097170765031 ], [ -156.808149481639703, 21.150451145057559 ], [ -156.8080147420944, 21.148952278821717 ], [ -156.808386676255395, 21.14882163836722 ], [ -156.808018729442068, 21.148681413466019 ], [ -156.807616633157636, 21.147527716895777 ], [ -156.809031779628214, 21.148564168897192 ], [ -156.809321229458902, 21.148289194792934 ], [ -156.809470368145981, 21.148158378853928 ], [ -156.809706604578111, 21.149296101431545 ], [ -156.809264819278155, 21.149669771635356 ], [ -156.809306092935003, 21.151177348793325 ], [ -156.808716959214394, 21.152843240369744 ], [ -156.807446143872426, 21.154834442839821 ], [ -156.807482676312503, 21.156164564686833 ], [ -156.80658049914129, 21.158476824667066 ], [ -156.80684587163563, 21.159665195225855 ], [ -156.807951020480232, 21.15963844852331 ], [ -156.808884424535563, 21.160472487866915 ], [ -156.808193020079585, 21.160767714801537 ], [ -156.807401686518403, 21.16154712356661 ], [ -156.806796781963413, 21.162058293940579 ], [ -156.807182231594538, 21.163137301767257 ], [ -156.806980263734062, 21.166678753801509 ], [ -156.807329836509524, 21.166422689112558 ], [ -156.807786610244847, 21.165131506474143 ], [ -156.808745862132554, 21.166568104409276 ], [ -156.809074876092467, 21.165064798616051 ], [ -156.809351899501564, 21.165636148819662 ], [ -156.809644122417552, 21.166171449890761 ], [ -156.809902301325394, 21.168463696861551 ], [ -156.81096841066352, 21.168008491950147 ], [ -156.811349511416495, 21.167277200957333 ], [ -156.811657379209493, 21.166749670005242 ], [ -156.812004807676431, 21.164586829520537 ], [ -156.812262952080204, 21.164850768557667 ], [ -156.812587418065732, 21.165860256733151 ], [ -156.813682184359209, 21.166236211958989 ], [ -156.81475790831243, 21.165719923976592 ], [ -156.814031042549317, 21.16758280822571 ], [ -156.814537118595439, 21.167328751200653 ], [ -156.815982628117695, 21.166523961485726 ], [ -156.816752637111165, 21.166562545240019 ], [ -156.818675770159615, 21.166018610443484 ], [ -156.818319328050478, 21.164667094520485 ], [ -156.818335267939631, 21.164387916020033 ], [ -156.817757948535501, 21.163577501897354 ], [ -156.817488561477404, 21.163021871359078 ], [ -156.815788285773465, 21.160030142213071 ], [ -156.815395871069654, 21.158384090283906 ], [ -156.814941150071633, 21.156660045201519 ], [ -156.814997313716049, 21.155677569456866 ], [ -156.814601511804597, 21.152034710748826 ], [ -156.816121352192511, 21.148228016032284 ], [ -156.818407974654122, 21.146418562194096 ], [ -156.821367259882408, 21.14548816703601 ], [ -156.822071986625645, 21.145471046213707 ], [ -156.822793419883027, 21.145507183555289 ], [ -156.823948970171159, 21.14547905445594 ], [ -156.8248611898251, 21.145524779644774 ], [ -156.825096009172313, 21.141398591175236 ], [ -156.824767177668008, 21.139274764139266 ], [ -156.824482589028975, 21.138196423936947 ], [ -156.824524648977444, 21.137459674471081 ], [ -156.823948495302375, 21.136013207516861 ], [ -156.822885900666165, 21.134065474242369 ], [ -156.822415489042555, 21.132601843544254 ], [ -156.821579197084475, 21.130260888043281 ], [ -156.821176218164567, 21.128120890474246 ], [ -156.820615117507771, 21.126227552963226 ], [ -156.820192945838414, 21.124456580108333 ], [ -156.819781601042735, 21.124028370662806 ], [ -156.818475309138847, 21.124060163979056 ], [ -156.815832567018305, 21.123237487797599 ], [ -156.813064346879003, 21.120763632005328 ], [ -156.81205373350312, 21.119344199552845 ], [ -156.811499730659136, 21.118513969719398 ], [ -156.810922878200756, 21.117704079536672 ], [ -156.810636060145896, 21.117112898359185 ], [ -156.809813385164404, 21.116377346526498 ], [ -156.809252519236907, 21.114249710648142 ], [ -156.809539325720351, 21.113612104902877 ], [ -156.810432351380115, 21.112550293104416 ], [ -156.811322664126067, 21.111172809877562 ], [ -156.815391212862636, 21.109092355682979 ], [ -156.816253992240178, 21.108551319674124 ], [ -156.817712367460956, 21.108309505534557 ], [ -156.822412555609901, 21.106753046320705 ], [ -156.82307084393986, 21.106737030764823 ], [ -156.824025652928242, 21.106784745370764 ], [ -156.825013587699573, 21.10620399508991 ], [ -156.826575406454566, 21.104664914820876 ], [ -156.828093424280695, 21.104312387367521 ], [ -156.830177975037685, 21.104416738687867 ], [ -156.83399932944485, 21.104323542232088 ], [ -156.835083161955225, 21.105000010567352 ], [ -156.836526343182754, 21.106133346514731 ], [ -156.83894260998801, 21.106074351893032 ], [ -156.83997416363178, 21.106547329723323 ], [ -156.84081740456017, 21.106979936400858 ], [ -156.842268210262006, 21.107259018753808 ], [ -156.843454803368644, 21.108047734343181 ], [ -156.844573431833112, 21.10756959499631 ], [ -156.84618070532639, 21.106561368122463 ], [ -156.84744486349021, 21.107877015042607 ], [ -156.848014949642135, 21.108386283868164 ], [ -156.847733081001849, 21.108693445994483 ], [ -156.846275932752974, 21.109926233149753 ], [ -156.846254747221849, 21.110300070698447 ], [ -156.84686032206622, 21.110577763798133 ], [ -156.847390430650023, 21.111669647264268 ], [ -156.848207261554023, 21.11164972870997 ], [ -156.849178042916378, 21.11225549304736 ], [ -156.849683896907436, 21.112782065597319 ], [ -156.84998009033319, 21.113046429572858 ], [ -156.85144242458378, 21.114840800100751 ], [ -156.853054786426384, 21.112835395285398 ], [ -156.854317832598554, 21.112569887733979 ], [ -156.85484073964497, 21.109735110972267 ], [ -156.855245746625656, 21.109040040850491 ], [ -156.855231056102326, 21.108512425427037 ], [ -156.855247697061003, 21.10821776761594 ], [ -156.853821311405568, 21.106943509718999 ], [ -156.856416522201727, 21.107167642682317 ], [ -156.856978533638596, 21.107455993496242 ], [ -156.858986392212302, 21.107842119977061 ], [ -156.859006183573484, 21.108545742960793 ], [ -156.858247942246066, 21.109847395333855 ], [ -156.858654333247188, 21.111549912185794 ], [ -156.860286535467253, 21.109941012540922 ], [ -156.861527005403644, 21.109910635386754 ], [ -156.861573108147212, 21.111572750557382 ], [ -156.861517896064385, 21.112552702237579 ], [ -156.863501397635048, 21.113306630215948 ], [ -156.862376264122361, 21.114258800517835 ], [ -156.862077080026523, 21.115106296648158 ], [ -156.860529075896494, 21.115363368607134 ], [ -156.859310382841073, 21.116879201722661 ], [ -156.857998302312325, 21.11765104966053 ], [ -156.858558881226344, 21.118042034912069 ], [ -156.859374049222396, 21.11841566513208 ], [ -156.859700127562746, 21.119428940209652 ], [ -156.861413967276917, 21.120214546779394 ], [ -156.861429434711596, 21.120767968590322 ], [ -156.861110277309166, 21.121315776140317 ], [ -156.861136930430291, 21.122268781228179 ], [ -156.860225062289771, 21.12265849150349 ], [ -156.859939722579725, 21.123207054088027 ], [ -156.859561287869042, 21.123856565354863 ], [ -156.860576229092658, 21.124321680022767 ], [ -156.861909622640951, 21.125999785279134 ], [ -156.861572720253548, 21.126250515585429 ], [ -156.859023073143049, 21.126717487222987 ], [ -156.856121042195042, 21.126941378567942 ], [ -156.855348135011383, 21.127312710896021 ], [ -156.854929450985281, 21.126877011987059 ], [ -156.853017059544669, 21.12722714901517 ], [ -156.851485412443594, 21.126320210920543 ], [ -156.85064423935836, 21.126340822665238 ], [ -156.850060339325353, 21.126041387813046 ], [ -156.848487164076204, 21.126079879241281 ], [ -156.847138565072783, 21.12601260380962 ], [ -156.84487510396545, 21.126538358874097 ], [ -156.844536685863886, 21.126521484550633 ], [ -156.843469678827176, 21.127572870988338 ], [ -156.841775125028249, 21.128106024437365 ], [ -156.839645266909002, 21.126433954457205 ], [ -156.839711316037238, 21.12882282483115 ], [ -156.838587901268966, 21.129929810646185 ], [ -156.837602727141984, 21.130350865119219 ], [ -156.839223203070333, 21.132109657935718 ], [ -156.840603459539352, 21.133342711755301 ], [ -156.841294888584343, 21.134609768314391 ], [ -156.841560403581951, 21.13543623771135 ], [ -156.842137492084902, 21.136246042165098 ], [ -156.842972606846104, 21.137621613793925 ], [ -156.843597248747216, 21.138498229460353 ], [ -156.844570937087468, 21.143181391819486 ], [ -156.844975226025639, 21.150712430821432 ], [ -156.845382671468656, 21.151459017600864 ], [ -156.845652150353345, 21.152014611532628 ], [ -156.846763433608913, 21.152360268170675 ], [ -156.847093391710189, 21.154292406290153 ], [ -156.847014315735947, 21.155684240852374 ], [ -156.847056424486283, 21.157199320820759 ], [ -156.846712625952932, 21.159343006107676 ], [ -156.846365232080018, 21.160233564241842 ], [ -156.847926532138644, 21.159870999101674 ], [ -156.849194265728585, 21.159934285551003 ], [ -156.850466535064953, 21.159390756724108 ], [ -156.851607426744266, 21.158842770864684 ], [ -156.85525397645992, 21.158237538776778 ], [ -156.855964379684139, 21.157537422544479 ], [ -156.856350633311621, 21.157939244450752 ], [ -156.859245921052207, 21.158932479998743 ], [ -156.861116526838799, 21.159025728809841 ], [ -156.862226296802675, 21.157932119449054 ], [ -156.866392158553026, 21.157259851180918 ], [ -156.868693272019385, 21.157975235234321 ], [ -156.870455312979374, 21.158579560483343 ], [ -156.871412072793021, 21.158556084578358 ], [ -156.872127119428598, 21.158591671605397 ], [ -156.872143693093022, 21.158300450253034 ], [ -156.870769222137909, 21.156372059805957 ], [ -156.869591266025026, 21.154214235096461 ], [ -156.869109542275197, 21.152716757459828 ], [ -156.868326706564972, 21.150858308858172 ], [ -156.868993183251064, 21.146027622174202 ], [ -156.868290765942135, 21.144976083856697 ], [ -156.867743028594617, 21.144487193312354 ], [ -156.866818086033931, 21.143102854689925 ], [ -156.864282121690167, 21.14261540547604 ], [ -156.863409656891122, 21.142215600741423 ], [ -156.86290254783458, 21.141687985935814 ], [ -156.861989088712249, 21.141374569613724 ], [ -156.860689730849288, 21.140970549268079 ], [ -156.857910408956229, 21.137799134753539 ], [ -156.857428111439191, 21.136450581603793 ], [ -156.857162504686642, 21.135624129534737 ], [ -156.856324811562956, 21.133634774543204 ], [ -156.8569714062005, 21.132597363294316 ], [ -156.858079123833079, 21.132124034824834 ], [ -156.85922232831453, 21.131574817508746 ], [ -156.859957808586131, 21.131611498684325 ], [ -156.86215165813968, 21.131557658462125 ], [ -156.863994415771487, 21.132035654547717 ], [ -156.865539160093192, 21.130954965415487 ], [ -156.867622237823895, 21.130364883403939 ], [ -156.867349070556202, 21.13006333247003 ], [ -156.867052812465971, 21.129798993885924 ], [ -156.865721337191445, 21.128413832400472 ], [ -156.86510807523868, 21.128428921422358 ], [ -156.864797252451808, 21.126780071402308 ], [ -156.864122350639747, 21.126177456711858 ], [ -156.863391422125318, 21.124132660833222 ], [ -156.863896840985689, 21.123042569925097 ], [ -156.865244111545223, 21.122197569383225 ], [ -156.865868065787026, 21.122182282009103 ], [ -156.866871193507336, 21.122232223650013 ], [ -156.866888205489175, 21.121930027811594 ], [ -156.865730313282882, 21.121207503291718 ], [ -156.864610809417172, 21.119636234282822 ], [ -156.864890704300933, 21.119466267039783 ], [ -156.865483086657008, 21.119213125663642 ], [ -156.865764521487904, 21.118935427790284 ], [ -156.866513506451582, 21.118615333489782 ], [ -156.865511766118232, 21.11720919396106 ], [ -156.866007809365101, 21.115983049213074 ], [ -156.867400932186172, 21.115948734644924 ], [ -156.869223958915995, 21.116039536809492 ], [ -156.870009139134197, 21.115375005322502 ], [ -156.870455483496983, 21.114111443258537 ], [ -156.872171175448358, 21.11538047793999 ], [ -156.873047326479877, 21.114959425889754 ], [ -156.873324333938939, 21.115247852424467 ], [ -156.874507071315719, 21.115789864232436 ], [ -156.873033558286465, 21.116656644928028 ], [ -156.874459110759119, 21.117711016593443 ], [ -156.876420342029775, 21.117662722016362 ], [ -156.877176155442243, 21.118723293793103 ], [ -156.876721343857952, 21.119891059223264 ], [ -156.877031572606512, 21.120758659529784 ], [ -156.876927563127879, 21.122597753867542 ], [ -156.877843697519097, 21.121925501508382 ], [ -156.877945860448875, 21.120116213584357 ], [ -156.877416634867302, 21.118112157372948 ], [ -156.878482725768492, 21.117599929035915 ], [ -156.879370977322424, 21.117220137302795 ], [ -156.880059743768157, 21.116889040167958 ], [ -156.882702199783324, 21.11731802707363 ], [ -156.883112518575359, 21.118069396919061 ], [ -156.883434155697131, 21.118731685818151 ], [ -156.884941673910987, 21.120077704937135 ], [ -156.883925475835667, 21.121823200031368 ], [ -156.88539461800147, 21.122974603603943 ], [ -156.885933983718388, 21.122720727238427 ], [ -156.886223070643069, 21.121901232458569 ], [ -156.886526737643379, 21.121644412233795 ], [ -156.886819007715104, 21.121356030521095 ], [ -156.887396376898607, 21.121384729682887 ], [ -156.887989158488068, 21.120245571221421 ], [ -156.889996983419678, 21.118840214657418 ], [ -156.891459420077183, 21.11951028063681 ], [ -156.891731152105905, 21.120354627089814 ], [ -156.892019782828044, 21.121160687316518 ], [ -156.892281741298888, 21.122257981350511 ], [ -156.894298366805884, 21.122585213652666 ], [ -156.893725033315036, 21.12308872264768 ], [ -156.89186737569409, 21.124082453789189 ], [ -156.893387838021852, 21.125439745756932 ], [ -156.892334841920047, 21.127757253488564 ], [ -156.893625672143855, 21.13012132071395 ], [ -156.894172541186663, 21.131493085788581 ], [ -156.895010748558946, 21.133482295412513 ], [ -156.894719161175317, 21.134480101230743 ], [ -156.894411651136522, 21.135007815991376 ], [ -156.89412640380786, 21.135556444096075 ], [ -156.891217982968982, 21.135781445202063 ], [ -156.892630324470929, 21.138011240545129 ], [ -156.891579656293516, 21.138900435765557 ], [ -156.892898935335438, 21.139876027216271 ], [ -156.894010774108864, 21.140385222049868 ], [ -156.894074560407518, 21.142655836294985 ], [ -156.891717115315544, 21.142538778233618 ], [ -156.891043084524142, 21.14383369303091 ], [ -156.889354414168423, 21.144365410735222 ], [ -156.886293002257588, 21.143315721309111 ], [ -156.886097314885063, 21.143889527240908 ], [ -156.886740161957675, 21.145212903680104 ], [ -156.889541315599331, 21.145983188880731 ], [ -156.891060561674578, 21.147339638136316 ], [ -156.890538516515733, 21.149430772003804 ], [ -156.889269841085564, 21.152222518042965 ], [ -156.891107398334043, 21.152336514562641 ], [ -156.892530445020356, 21.150133311383819 ], [ -156.893551266543199, 21.149126735133486 ], [ -156.895301455899926, 21.148575635751406 ], [ -156.897616413169942, 21.149092430741351 ], [ -156.897973760446774, 21.14941132259278 ], [ -156.898338714736582, 21.149790830723266 ], [ -156.902198306852938, 21.151256278421901 ], [ -156.903117922624602, 21.152465694582329 ], [ -156.905573074797644, 21.155193034722934 ], [ -156.905973629199821, 21.156312337532086 ], [ -156.905943547183796, 21.156846747021788 ], [ -156.907079191393166, 21.156818601564904 ], [ -156.908106979098392, 21.157500967225786 ], [ -156.91009030174709, 21.158409115557568 ], [ -156.91126751230675, 21.159459753664287 ], [ -156.91321269895343, 21.161481744596554 ], [ -156.914693046326221, 21.161555036627053 ], [ -156.915126439847171, 21.161544306563414 ], [ -156.915559383206073, 21.161565716408028 ], [ -156.916213142225644, 21.161549497393757 ], [ -156.917386206047127, 21.161913855208677 ], [ -156.919433406351516, 21.162962519332261 ], [ -156.920018609702538, 21.163230330539054 ], [ -156.921102437993341, 21.163785520341133 ], [ -156.920875482118646, 21.161961086681917 ], [ -156.919779053232418, 21.159705276624166 ], [ -156.919201438114357, 21.158895696196929 ], [ -156.918836911615358, 21.156967175694909 ], [ -156.917844773996705, 21.153450057509826 ], [ -156.917274769910279, 21.152098703553275 ], [ -156.91701324272384, 21.150108147441081 ], [ -156.916169009888563, 21.148562982282499 ], [ -156.915899261989438, 21.148007478985491 ], [ -156.915400433883974, 21.147094416159263 ], [ -156.915020443357577, 21.146033394196767 ], [ -156.9145199820274, 21.143384656695396 ], [ -156.914017331334321, 21.141980811987633 ], [ -156.913924597044939, 21.13869429784101 ], [ -156.914595960001577, 21.136969826854365 ], [ -156.913709156823728, 21.134865995608937 ], [ -156.913800360100765, 21.133246227848463 ], [ -156.913547085634178, 21.130367966815648 ], [ -156.913162528511975, 21.129293922039984 ], [ -156.915478820169369, 21.129236330594861 ], [ -156.91730677803551, 21.1308678781925 ], [ -156.918694773838496, 21.133150957976497 ], [ -156.920127136241263, 21.13478383412459 ], [ -156.920961670435702, 21.136032131013135 ], [ -156.922099037221756, 21.13752769012385 ], [ -156.922543324178548, 21.137924063593687 ], [ -156.923090960171692, 21.138493285813173 ], [ -156.923535252653892, 21.138889657090846 ], [ -156.92380879181141, 21.13917426359172 ], [ -156.924545293505673, 21.139831390645718 ], [ -156.925364915386098, 21.140980466817865 ], [ -156.925780922084584, 21.142720566217612 ], [ -156.92692847251368, 21.144078971286561 ], [ -156.927768216651941, 21.145183305642611 ], [ -156.929659919564443, 21.147284163367225 ], [ -156.930040691588971, 21.148722927757355 ], [ -156.930291669310094, 21.150632847601649 ], [ -156.930876849291309, 21.15090061919901 ], [ -156.931724184314305, 21.151463164431672 ], [ -156.932699214427458, 21.151909394352806 ], [ -156.933184027130324, 21.152906380466845 ], [ -156.934015636993706, 21.1536483093399 ], [ -156.934903409161905, 21.154815312081741 ], [ -156.935436932681142, 21.155291261414391 ], [ -156.935984270471238, 21.156662926965069 ], [ -156.936276955619434, 21.157198046359134 ], [ -156.936744801241133, 21.158160289410489 ], [ -156.938913024498191, 21.162046075017464 ], [ -156.940218633894773, 21.15885105675174 ], [ -156.942002666575348, 21.157340234835768 ], [ -156.943465166051425, 21.155520086065522 ], [ -156.944681300055748, 21.154320091956183 ], [ -156.945273717357935, 21.154066672368256 ], [ -156.945558826091258, 21.153517946495892 ], [ -156.946719819466836, 21.153021127710218 ], [ -156.946751616904834, 21.152453846577956 ], [ -156.946728812852257, 21.151653200258089 ], [ -156.948004402602209, 21.15125109434651 ], [ -156.950404045211712, 21.152479744798889 ], [ -156.951416218746289, 21.15279396202774 ], [ -156.952748195829457, 21.154177927109004 ], [ -156.953802549915792, 21.155118254633866 ], [ -156.954999399333673, 21.157307689181469 ], [ -156.955305129774018, 21.159998717441518 ], [ -156.956265141291027, 21.162678007642921 ], [ -156.95696101821278, 21.165306279146037 ], [ -156.957097844083989, 21.165448559576891 ], [ -156.956744602893025, 21.165537029066659 ], [ -156.956994317921357, 21.165777644315373 ], [ -156.957097844083989, 21.165448559576891 ], [ -156.958669649737402, 21.165770359903494 ], [ -156.958694925373067, 21.165058862304544 ], [ -156.957534542952544, 21.163985911815658 ], [ -156.958080881848986, 21.163022007751259 ], [ -156.957466044443152, 21.161866081342964 ], [ -156.957925799549088, 21.160592491691602 ], [ -156.959114186261019, 21.161185022964744 ], [ -156.959742862976839, 21.160632809508876 ], [ -156.959051751749627, 21.159649603063155 ], [ -156.959073681044146, 21.159037747274443 ], [ -156.957630419874619, 21.158006961405381 ], [ -156.957351072294557, 21.15772722802831 ], [ -156.956480586040129, 21.157176627681615 ], [ -156.956509098394463, 21.156373556576828 ], [ -156.955922957736419, 21.156355229951807 ], [ -156.955354279591177, 21.156359271444014 ], [ -156.955349741228588, 21.155806695018782 ], [ -156.955753556340227, 21.155094084295587 ], [ -156.95532851399318, 21.152094958526124 ], [ -156.955698316431722, 21.151742897513916 ], [ -156.956067537849975, 21.152480857255956 ], [ -156.956852209435311, 21.15284970929229 ], [ -156.956814004357938, 21.153927767333847 ], [ -156.957367138305244, 21.154439277309777 ], [ -156.958879888488298, 21.156406214559663 ], [ -156.961048824239271, 21.156390831374598 ], [ -156.961718624120323, 21.156705823959392 ], [ -156.962401708667386, 21.157389874190656 ], [ -156.963058767996671, 21.15799747378415 ], [ -156.96229997511341, 21.160762062980215 ], [ -156.959874012160299, 21.168183632780025 ], [ -156.959242291912801, 21.169366448256788 ], [ -156.957527123629774, 21.170998274252675 ], [ -156.954889394324283, 21.171016857088571 ], [ -156.95416258674075, 21.169982729106504 ], [ -156.951882070025846, 21.165139800365179 ], [ -156.95137560853729, 21.160786265193192 ], [ -156.950418240091238, 21.15982712044854 ], [ -156.948704728123005, 21.159253629575947 ], [ -156.946823429978508, 21.159905163721159 ], [ -156.945243063019234, 21.161293098870154 ], [ -156.943971858951869, 21.163004129166243 ], [ -156.943119861529112, 21.165362128248159 ], [ -156.939945247215377, 21.170081823377878 ], [ -156.93584757854731, 21.169404717027582 ], [ -156.934169407073682, 21.168842883920679 ], [ -156.93278399015594, 21.168508120824615 ], [ -156.932116289171375, 21.16725211765592 ], [ -156.932096590207834, 21.1647526276939 ], [ -156.932989421099961, 21.164746411642561 ], [ -156.933734883646196, 21.164769809487129 ], [ -156.933005340028473, 21.163397431580893 ], [ -156.932728415768594, 21.162560411892951 ], [ -156.931868181311955, 21.161764612409776 ], [ -156.932416794690397, 21.160322993099431 ], [ -156.93191238151681, 21.159314652074006 ], [ -156.931330643390766, 21.158776520238519 ], [ -156.930774655553478, 21.157664623046088 ], [ -156.929626591031962, 21.15712465048194 ], [ -156.929101119598215, 21.156598048567862 ], [ -156.928488524535226, 21.156292495469668 ], [ -156.926753955714418, 21.156005736669734 ], [ -156.925900909332569, 21.155447991011087 ], [ -156.925036438382335, 21.154900949199028 ], [ -156.923984855087781, 21.153533387114869 ], [ -156.923793253605282, 21.154106303412771 ], [ -156.924232104479358, 21.156372675126288 ], [ -156.924713681500435, 21.1573353790636 ], [ -156.925335480152683, 21.157627829358965 ], [ -156.926396972395906, 21.158691832523079 ], [ -156.927462218608127, 21.159365815369387 ], [ -156.928598772873301, 21.161503343654619 ], [ -156.927127266873669, 21.162150871351759 ], [ -156.926559196051329, 21.165045315751701 ], [ -156.926909729082439, 21.1675204799017 ], [ -156.926577223668033, 21.169013937239789 ], [ -156.925276299982016, 21.168973041852855 ], [ -156.921772879525662, 21.168997086744945 ], [ -156.918438157315421, 21.167246209605576 ], [ -156.916797425836506, 21.166173368289243 ], [ -156.914485202767992, 21.165879359731289 ], [ -156.912825234708237, 21.164793677901606 ], [ -156.911126725946303, 21.164224891917314 ], [ -156.909891252077244, 21.163926128733657 ], [ -156.908606016908323, 21.163495708244064 ], [ -156.907303640454018, 21.163081338015886 ], [ -156.906858596096754, 21.161734410939431 ], [ -156.905578054678557, 21.161694017679292 ], [ -156.905584511077819, 21.162517866179574 ], [ -156.905272582652458, 21.163337242027271 ], [ -156.905278518344574, 21.164117758944187 ], [ -156.903017006249115, 21.164132989157995 ], [ -156.902611598483617, 21.162037785879548 ], [ -156.901292667022119, 21.161379620955753 ], [ -156.899509717829517, 21.161084573329006 ], [ -156.899567363479434, 21.159478303295234 ], [ -156.899281744886167, 21.158372057443302 ], [ -156.900184108093725, 21.157286714420476 ], [ -156.899011235588631, 21.157294639619931 ], [ -156.898737761830546, 21.156467410174503 ], [ -156.898301775036657, 21.156063736466894 ], [ -156.897699670205526, 21.155460026311886 ], [ -156.897291834104067, 21.156178712404646 ], [ -156.897307854696464, 21.158279070937883 ], [ -156.89696508060274, 21.158883737066837 ], [ -156.896504016507976, 21.160952696022619 ], [ -156.895488487376298, 21.161580077394891 ], [ -156.894725288254364, 21.16191572091704 ], [ -156.894312490757272, 21.162643727822843 ], [ -156.894021609486799, 21.163187385564939 ], [ -156.893145876297126, 21.16344198163392 ], [ -156.892570046207993, 21.163711158300188 ], [ -156.891407197291215, 21.164222577262137 ], [ -156.891110794958905, 21.164776677044507 ], [ -156.890563742368272, 21.165741052022096 ], [ -156.891269580134377, 21.167762828740674 ], [ -156.889622196680136, 21.167710724248721 ], [ -156.887608608102227, 21.167724141999059 ], [ -156.887318261794235, 21.167433183594483 ], [ -156.88618291980768, 21.166898835419584 ], [ -156.886175584134975, 21.165926224731137 ], [ -156.88763194739164, 21.165285759363471 ], [ -156.887099482230326, 21.163652155678069 ], [ -156.886792686240341, 21.163368134942555 ], [ -156.886487430547703, 21.162757314045297 ], [ -156.885164770694644, 21.161533249365696 ], [ -156.887113246749578, 21.16067642884952 ], [ -156.88714253059436, 21.159865402225147 ], [ -156.886847651426478, 21.158722712976711 ], [ -156.886893814430096, 21.157437973009163 ], [ -156.884151634608912, 21.157088780955633 ], [ -156.883222619682044, 21.155340144014961 ], [ -156.882579556960025, 21.153793779778578 ], [ -156.882636568894043, 21.152204518275628 ], [ -156.880890361866165, 21.151915366283646 ], [ -156.880033674400238, 21.151628283373253 ], [ -156.878868230254739, 21.151257225148584 ], [ -156.878903798307135, 21.150265112258083 ], [ -156.878462052044796, 21.150251107295691 ], [ -156.877466099308151, 21.1502577316787 ], [ -156.877456014397467, 21.148907538112756 ], [ -156.877770188014154, 21.148354016394052 ], [ -156.87776790897459, 21.148078563733225 ], [ -156.878104892534594, 21.14584473711788 ], [ -156.878099363252943, 21.145104514863444 ], [ -156.878147441301223, 21.143768741326394 ], [ -156.877537023677263, 21.143203558001481 ], [ -156.877575368933464, 21.142135414136145 ], [ -156.877262412251071, 21.140922374366696 ], [ -156.877746786849684, 21.138456707162053 ], [ -156.877034936907506, 21.139133497155385 ], [ -156.876587710328863, 21.139526141193365 ], [ -156.875975008471158, 21.141219415570731 ], [ -156.874979534084218, 21.140722348528652 ], [ -156.873828000798682, 21.141260652690239 ], [ -156.872668052184309, 21.141597764864549 ], [ -156.873368438494026, 21.142081745292959 ], [ -156.875230771242315, 21.142069484121865 ], [ -156.875256879188868, 21.145557389748642 ], [ -156.87415872656436, 21.146601240741767 ], [ -156.872289740323851, 21.147864845740422 ], [ -156.87276120350532, 21.15006232082969 ], [ -156.873687873171662, 21.151806345555766 ], [ -156.873369045778844, 21.152368133510731 ], [ -156.873950530575883, 21.152906577897621 ], [ -156.874650769434538, 21.153938094539949 ], [ -156.875374974813042, 21.154279102034053 ], [ -156.875660151669877, 21.154849868214061 ], [ -156.876482444354224, 21.155610993251695 ], [ -156.877362209657008, 21.157267235739507 ], [ -156.876753606299076, 21.158865044768877 ], [ -156.87702067039541, 21.159994631178801 ], [ -156.877375004885977, 21.160661510839358 ], [ -156.876861520018934, 21.161620900175421 ], [ -156.8763870158283, 21.16245721994034 ], [ -156.875781522948472, 21.164130928509596 ], [ -156.87353097039724, 21.164822023674624 ], [ -156.871808332438064, 21.164296468737206 ], [ -156.870450998391874, 21.163039912802464 ], [ -156.868956871471823, 21.161095382478063 ], [ -156.865530157759281, 21.160391857422702 ], [ -156.864241367505826, 21.160654448764973 ], [ -156.86089236319819, 21.16221967480389 ], [ -156.855704703041084, 21.162464388075247 ], [ -156.852956514164561, 21.162376869720635 ], [ -156.847320058708931, 21.164106820120669 ], [ -156.838148772614545, 21.16416536323624 ], [ -156.837097324035767, 21.163812804245477 ], [ -156.835976624279851, 21.163819896527144 ], [ -156.835668263750449, 21.163534314720078 ], [ -156.835108270114546, 21.162708962135564 ], [ -156.834291740669784, 21.16195268307894 ], [ -156.835135776176259, 21.160818295934323 ], [ -156.837290680890419, 21.157824995235728 ], [ -156.840681539140121, 21.157095372531064 ], [ -156.838829822815399, 21.155025066648733 ], [ -156.839668271737366, 21.154289751361919 ], [ -156.839004186744148, 21.153038842437365 ], [ -156.838998949864646, 21.152330981067916 ], [ -156.839033181639081, 21.151390999408001 ], [ -156.838594491568387, 21.150564827510376 ], [ -156.839340636285385, 21.149250243927295 ], [ -156.83936933796241, 21.148457821977999 ], [ -156.839082447424232, 21.147588215857805 ], [ -156.838369771165617, 21.146928002728909 ], [ -156.839971402813973, 21.145117421214195 ], [ -156.838827401531717, 21.144057889725392 ], [ -156.838866424525605, 21.142981647930032 ], [ -156.837710720510216, 21.142613352328503 ], [ -156.838000500098104, 21.142155972471919 ], [ -156.839744297033036, 21.141389617423606 ], [ -156.839176764199692, 21.141087309043986 ], [ -156.838597526607316, 21.140814415320641 ], [ -156.838088897257109, 21.139795933019702 ], [ -156.836260028130113, 21.139352820921243 ], [ -156.835482047380737, 21.137794801302597 ], [ -156.834889551588191, 21.137775847314984 ], [ -156.834497035292628, 21.138860131807604 ], [ -156.834017326487356, 21.138046655300297 ], [ -156.833742202901135, 21.137495869359181 ], [ -156.83331236756996, 21.136685741437173 ], [ -156.83288982941724, 21.135839526029951 ], [ -156.832084576049596, 21.135093576180385 ], [ -156.830448843049851, 21.133186033375814 ], [ -156.829416123977694, 21.13253167543153 ], [ -156.828360273727355, 21.131472089931766 ], [ -156.828694180917836, 21.132921655134272 ], [ -156.829731456230036, 21.133882713211545 ], [ -156.830541415352002, 21.135505057665132 ], [ -156.831450111855617, 21.136660969196402 ], [ -156.831420982950902, 21.137461054908261 ], [ -156.832566116636656, 21.139618084165527 ], [ -156.832241529164207, 21.140741991117249 ], [ -156.832897002032666, 21.141976803220153 ], [ -156.832213865391907, 21.14289484583508 ], [ -156.832218916260075, 21.143574791116272 ], [ -156.832184572149345, 21.144519992955889 ], [ -156.832504020822853, 21.144815840156042 ], [ -156.832446624124174, 21.146395517931943 ], [ -156.832737151016914, 21.148136344041284 ], [ -156.832681720275417, 21.149658304103497 ], [ -156.833078922664043, 21.1504065044379 ], [ -156.831790695560272, 21.15396480970178 ], [ -156.83146708005782, 21.154534713058311 ], [ -156.831172051659593, 21.155349114306116 ], [ -156.830585041234087, 21.155607083189469 ], [ -156.829202101432969, 21.156253147483035 ], [ -156.825707846386706, 21.153382532939659 ], [ -156.824480555380404, 21.151888869514575 ], [ -156.822688647692388, 21.1504933644399 ], [ -156.82109990099076, 21.149960308572883 ], [ -156.819399067650551, 21.150707497838223 ], [ -156.819769230590026, 21.153278255515264 ], [ -156.820232243921737, 21.154150552859491 ], [ -156.820175259094981, 21.15571156835707 ], [ -156.820466798985905, 21.156295193810344 ], [ -156.820763147433894, 21.156569798280216 ], [ -156.820743373380282, 21.157111314382004 ], [ -156.821030193230712, 21.157651621321783 ], [ -156.821301332550121, 21.158473293349186 ], [ -156.821591842312586, 21.158742530147059 ], [ -156.821876810860147, 21.159313369883915 ], [ -156.822717191982207, 21.160091705240671 ], [ -156.823002167113401, 21.160662543591616 ], [ -156.823567622397519, 21.161186326406309 ], [ -156.824103879973478, 21.162260498758684 ], [ -156.824710613565969, 21.163125442357561 ], [ -156.824643712844193, 21.164961882354302 ], [ -156.825397896418878, 21.167124977982628 ], [ -156.821108273282817, 21.168440814069822 ], [ -156.818988681929909, 21.168896652733842 ], [ -156.817675056539059, 21.169805094822635 ], [ -156.817087967757715, 21.170063009465785 ], [ -156.816224012771329, 21.170466363669146 ], [ -156.813015458954851, 21.170913808155966 ], [ -156.810721238194304, 21.171617361294327 ], [ -156.809414489392879, 21.171575365578231 ], [ -156.808114620785346, 21.171583385985624 ], [ -156.806989718557986, 21.171547300903416 ], [ -156.805261311469991, 21.17207721888385 ], [ -156.804931329005171, 21.171807442052266 ], [ -156.804656267623471, 21.171256614723333 ], [ -156.799473220284113, 21.170237386236092 ], [ -156.79775477237132, 21.169427596591323 ], [ -156.797748208081913, 21.168461185577705 ], [ -156.799404783197986, 21.167980675817411 ], [ -156.800087844937565, 21.167680750427831 ], [ -156.800518666073003, 21.167271846836872 ], [ -156.800966164343805, 21.166879429661986 ], [ -156.801402985237729, 21.166064227993363 ], [ -156.801856480462163, 21.165265512352704 ], [ -156.802147688111745, 21.164722042564133 ], [ -156.803029744713683, 21.163168992002305 ], [ -156.803061376100374, 21.162306519727068 ], [ -156.799986902109453, 21.162967319940211 ], [ -156.799270238438197, 21.16359553243214 ], [ -156.79813969778732, 21.164669238762592 ], [ -156.7978164396267, 21.164671246453018 ], [ -156.796178545913307, 21.164121372054286 ], [ -156.794631823506052, 21.165166015683589 ], [ -156.793710821385503, 21.166885116286387 ], [ -156.792520092349093, 21.16761981432742 ], [ -156.788862478472026, 21.167501910677604 ], [ -156.788527548432995, 21.167795429622473 ], [ -156.787679283421767, 21.168600645065798 ], [ -156.783875004756084, 21.168841445147979 ], [ -156.782727996649413, 21.16934495076152 ], [ -156.781626801670541, 21.169858837971613 ], [ -156.7765840169873, 21.170889733622108 ], [ -156.772874659203779, 21.170551740306809 ], [ -156.769383095130877, 21.169704415175783 ], [ -156.759786150275232, 21.16485723016228 ], [ -156.75857449971943, 21.162572435239991 ], [ -156.75905701150532, 21.160759711779516 ], [ -156.761692188977662, 21.158258396008268 ], [ -156.76297562807045, 21.157982837641072 ], [ -156.763516094307704, 21.157469857708953 ], [ -156.764137249251746, 21.157180041619071 ], [ -156.765451023985207, 21.156799172022858 ], [ -156.766157990673292, 21.156128123900743 ], [ -156.767334936795919, 21.155786967660397 ], [ -156.76635523888848, 21.15497432962238 ], [ -156.765321037218371, 21.154486641930347 ], [ -156.766147235730784, 21.153762734384898 ], [ -156.764243308566819, 21.153123203825878 ], [ -156.763035200710902, 21.153643630843646 ], [ -156.761695488270306, 21.154569466740227 ], [ -156.759329318682887, 21.151738955237757 ], [ -156.758746921987751, 21.148237318269796 ], [ -156.759189519815919, 21.141406857987175 ], [ -156.761080334639473, 21.135195375665937 ], [ -156.764976085116075, 21.125242569613814 ], [ -156.770181775017164, 21.115194828507285 ], [ -156.771460227018764, 21.113622814829359 ], [ -156.772021606038521, 21.113130702083012 ], [ -156.772441282401161, 21.112347291592801 ], [ -156.777705929967084, 21.106034337513417 ], [ -156.780865229567098, 21.103782618902223 ], [ -156.783708608229091, 21.102295001145841 ], [ -156.792732823791937, 21.098772320688042 ], [ -156.803413743077016, 21.094599255714268 ], [ -156.818554015706098, 21.089243778599251 ], [ -156.831014247691229, 21.086150555819611 ], [ -156.84388264597041, 21.084258894243796 ], [ -156.851385174589069, 21.084674628452206 ], [ -156.852985272954186, 21.0851843535903 ], [ -156.853524746334415, 21.086819508332965 ], [ -156.854349017429001, 21.088372278470437 ], [ -156.854357382168104, 21.08953664672951 ], [ -156.854342807652671, 21.089942849544649 ], [ -156.85435588545991, 21.091701380344233 ], [ -156.853836672839094, 21.091264081896103 ], [ -156.851771456189567, 21.088688490221021 ], [ -156.851192387513862, 21.088415521222551 ], [ -156.849177930768832, 21.086784415724399 ], [ -156.849187650413768, 21.088106484998463 ], [ -156.848006643161114, 21.088836147521715 ], [ -156.84805260509566, 21.087563467219873 ], [ -156.847481717938109, 21.087545242772418 ], [ -156.847432493492107, 21.088907042641733 ], [ -156.847436216205779, 21.089431211249504 ], [ -156.847114549705623, 21.090546276351784 ], [ -156.847128381552807, 21.092422546403572 ], [ -156.846215538394461, 21.091014268610252 ], [ -156.844885013459788, 21.086980869498063 ], [ -156.844760021847094, 21.088219206448212 ], [ -156.8453701880604, 21.091221141711411 ], [ -156.84537695820535, 21.092139298814061 ], [ -156.844758684382185, 21.093762538386798 ], [ -156.844772412314342, 21.095643699169639 ], [ -156.84322653782155, 21.094341521673176 ], [ -156.842445429956996, 21.091973573768257 ], [ -156.841191945694419, 21.09117937796999 ], [ -156.839861007138467, 21.089445481727942 ], [ -156.839191979250813, 21.090696061630968 ], [ -156.838758036266398, 21.089883054938973 ], [ -156.838349541612786, 21.089065080332311 ], [ -156.838176649237312, 21.090141937136899 ], [ -156.838181757667712, 21.090821293171466 ], [ -156.838137731584936, 21.092032078775205 ], [ -156.83871330228223, 21.092565254497501 ], [ -156.839047546170576, 21.094209469755416 ], [ -156.838395684239202, 21.094213595557928 ], [ -156.837827969941202, 21.093643743029862 ], [ -156.836690574834876, 21.093107762793029 ], [ -156.834922328886819, 21.091730583140244 ], [ -156.834974493111417, 21.092002171344273 ], [ -156.835257057471097, 21.092813253993508 ], [ -156.835504638908645, 21.095260005746745 ], [ -156.835882221917473, 21.096343222976952 ], [ -156.834634804200107, 21.095519821021441 ], [ -156.833301275733135, 21.094181379012667 ], [ -156.832637943107017, 21.093868775556079 ], [ -156.831176279375882, 21.092911384415636 ], [ -156.831192241501128, 21.095151057360045 ], [ -156.830550643278116, 21.096350222275692 ], [ -156.828836224271981, 21.097613035066185 ], [ -156.826860128599719, 21.098315419265205 ], [ -156.825912721781549, 21.099737644055139 ], [ -156.825578566434757, 21.10036171427387 ], [ -156.824449877942754, 21.099982918350957 ], [ -156.823163075957183, 21.101205912422355 ], [ -156.821556354402873, 21.102615406625162 ], [ -156.821244661091811, 21.103475884005732 ], [ -156.820797417023158, 21.103868444866595 ], [ -156.820237618413103, 21.104400175900725 ], [ -156.818059930783846, 21.103705835563492 ], [ -156.817379176499713, 21.103022682045097 ], [ -156.815356587678167, 21.101384470016889 ], [ -156.814620024712724, 21.102030710967156 ], [ -156.81380975295653, 21.102800477409577 ], [ -156.813161659451993, 21.10310338278488 ], [ -156.812746761599925, 21.101845293836593 ], [ -156.811001064771688, 21.101401300096423 ], [ -156.809713073633219, 21.101967375069517 ], [ -156.808263482265261, 21.10276681605529 ], [ -156.807109791389735, 21.102729802497418 ], [ -156.807099326828251, 21.103019898752272 ], [ -156.807103082242321, 21.103570249791321 ], [ -156.805978533336116, 21.103008040111877 ], [ -156.804220980250278, 21.103773296579689 ], [ -156.805339537671927, 21.104896192595046 ], [ -156.805929486870212, 21.105443021062175 ], [ -156.804091452814362, 21.105755085151383 ], [ -156.803593353639968, 21.106228159991691 ], [ -156.802717853846616, 21.106482437249007 ], [ -156.802426785087761, 21.107025789336173 ], [ -156.801839931448626, 21.10728380431204 ], [ -156.801263911697816, 21.107552672646381 ], [ -156.800969984924507, 21.107543302909296 ], [ -156.800676002984773, 21.108092433978921 ], [ -156.799848049105464, 21.108065812497475 ], [ -156.798929438312825, 21.108871528689708 ], [ -156.797421302110564, 21.110534579183927 ], [ -156.796876859596267, 21.111012187881435 ], [ -156.796585760064119, 21.111555527021899 ], [ -156.796283538748185, 21.112088138148266 ], [ -156.795992434663617, 21.112631475831197 ], [ -156.794242653089555, 21.113813673501664 ], [ -156.794515457768881, 21.114508669600429 ], [ -156.794805834676509, 21.114778074267289 ], [ -156.794945307315942, 21.114917993377475 ] ], [ [ -156.772449791214456, 21.113269143150074 ], [ -156.772543804487981, 21.113600686863322 ], [ -156.772800209290352, 21.113366479516806 ], [ -156.772449791214456, 21.113269143150074 ] ], [ [ -156.789608246040018, 21.143836355105009 ], [ -156.789690629090614, 21.144422979838282 ], [ -156.790247546386468, 21.143932275221999 ], [ -156.789608246040018, 21.143836355105009 ] ] ] } }
]
}
