{
"type": "FeatureCollection",
"name": "depfenz",
"crs": { "type": "name", "properties": { "name": "urn:ogc:def:crs:OGC:1.3:CRS84" } },
"features": [
{ "type": "Feature", "properties": { "ID": 1, "GRIDCODE": 2 }, "geometry": { "type": "Polygon", "coordinates": [ [ [ -159.58688220160991, 22.197495211005076 ], [ -159.587308134036221, 22.197846850355642 ], [ -159.58733023027952, 22.198171146342712 ], [ -159.587281465463434, 22.198985875735261 ], [ -159.58909554415942, 22.199294406408121 ], [ -159.589049648335504, 22.200062076777581 ], [ -159.589122154401196, 22.201125341657114 ], [ -159.588242372954596, 22.201863042383909 ], [ -159.588195941641743, 22.202639853624838 ], [ -159.588224093077486, 22.203052398288744 ], [ -159.587670786543555, 22.204009326749652 ], [ -159.587630728768943, 22.204679391470055 ], [ -159.588010758724806, 22.205980617733662 ], [ -159.58700447412275, 22.206824408584957 ], [ -159.587080222713865, 22.207935194722321 ], [ -159.586139476414388, 22.209199665176772 ], [ -159.586618309918919, 22.210012654078934 ], [ -159.585636064996294, 22.210836214657512 ], [ -159.58593340102351, 22.211509137730793 ], [ -159.58683455024098, 22.212253035950962 ], [ -159.585074823387714, 22.213541235699818 ], [ -159.584607827973031, 22.214969057395457 ], [ -159.584044304220924, 22.215002361078113 ], [ -159.583607607113407, 22.214979698137647 ], [ -159.583272561795326, 22.214999496299846 ], [ -159.583335712017572, 22.21394523667005 ], [ -159.582778771683792, 22.213369313108682 ], [ -159.581096001893115, 22.212892050367834 ], [ -159.582759338860711, 22.212173970969179 ], [ -159.582693225576833, 22.211203624962916 ], [ -159.583017839464844, 22.210931442619874 ], [ -159.582998926937393, 22.2106536379865 ], [ -159.583030170646708, 22.210132159190568 ], [ -159.582639948998263, 22.209469580988088 ], [ -159.582991556440732, 22.208748902832262 ], [ -159.583301784037616, 22.208212421910353 ], [ -159.582689900910196, 22.207403455381101 ], [ -159.583000126838215, 22.206866974985051 ], [ -159.583269169568496, 22.205495667550768 ], [ -159.583647840370588, 22.204500825020091 ], [ -159.582678193660882, 22.203344865571655 ], [ -159.581747120785451, 22.201993093674709 ], [ -159.580638617054603, 22.202794868155369 ], [ -159.5803650967365, 22.203082106889809 ], [ -159.578633688184908, 22.204349575073195 ], [ -159.578286239229158, 22.20541184812474 ], [ -159.574145137922471, 22.209786272470737 ], [ -159.573702008680755, 22.210694292615099 ], [ -159.573395831620019, 22.211223674089275 ], [ -159.573415099825212, 22.211506193305635 ], [ -159.573094555849167, 22.212348088394116 ], [ -159.573149116305018, 22.2131494501003 ], [ -159.571496286118304, 22.21386282777706 ], [ -159.571080354452278, 22.21421153245257 ], [ -159.570770530477375, 22.216109760908843 ], [ -159.569057922668662, 22.21580942353118 ], [ -159.56846428316581, 22.215319246261519 ], [ -159.568512226429647, 22.214519720632975 ], [ -159.567934850424734, 22.214042986635725 ], [ -159.567873373216003, 22.213140177587924 ], [ -159.568321631170789, 22.212365179680969 ], [ -159.566727133978873, 22.211912790644558 ], [ -159.566424448749132, 22.210433516322958 ], [ -159.565217291013823, 22.209724490776836 ], [ -159.565255726988056, 22.209083981389501 ], [ -159.564777232877475, 22.208271281771534 ], [ -159.566976264780152, 22.206958207418143 ], [ -159.56670027068995, 22.206638268073267 ], [ -159.565532197158404, 22.205673708875775 ], [ -159.566096396957363, 22.205285265603454 ], [ -159.56671160841239, 22.205019726184993 ], [ -159.56665648546192, 22.204209688684646 ], [ -159.567901105165419, 22.203466479898825 ], [ -159.567540949907425, 22.202854787864098 ], [ -159.567572651519242, 22.202327192630957 ], [ -159.567087228627258, 22.201502770173207 ], [ -159.568176420107221, 22.201764634340478 ], [ -159.570690133923364, 22.204364693988541 ], [ -159.573021619468847, 22.204937398326734 ], [ -159.574487262098529, 22.205013560807167 ], [ -159.57607010289837, 22.204068258645908 ], [ -159.5767369561012, 22.203509151331833 ], [ -159.578028671805271, 22.202152574336434 ], [ -159.579761046739861, 22.201713913964685 ], [ -159.583631887034954, 22.201277629317186 ], [ -159.58553088443702, 22.200143370653812 ], [ -159.586648071840045, 22.198211072335695 ], [ -159.58688220160991, 22.197495211005076 ] ] ] } },
{ "type": "Feature", "properties": { "ID": 2, "GRIDCODE": 2 }, "geometry": { "type": "Polygon", "coordinates": [ [ [ -159.609581188672905, 22.197140805971699 ], [ -159.609960117167049, 22.197290123499634 ], [ -159.609700442946092, 22.197756261324724 ], [ -159.609581188672905, 22.197140805971699 ] ] ] } },
{ "type": "Feature", "properties": { "ID": 3, "GRIDCODE": 2 }, "geometry": { "type": "Polygon", "coordinates": [ [ [ -159.61626178301691, 22.194134450209834 ], [ -159.617534185763816, 22.194740916931881 ], [ -159.617214256719308, 22.195313335362837 ], [ -159.616399178737367, 22.194700434064117 ], [ -159.61626178301691, 22.194134450209834 ] ] ] } },
{ "type": "Feature", "properties": { "ID": 4, "GRIDCODE": 2 }, "geometry": { "type": "Polygon", "coordinates": [ [ [ -159.345253985269323, 22.16972886655811 ], [ -159.345632572391708, 22.169878805341604 ], [ -159.345372066615028, 22.170344533181357 ], [ -159.345253985269323, 22.16972886655811 ] ] ] } },
{ "type": "Feature", "properties": { "ID": 5, "GRIDCODE": 2 }, "geometry": { "type": "Polygon", "coordinates": [ [ [ -159.345543642054139, 22.169186197082858 ], [ -159.345898643001902, 22.169278221296381 ], [ -159.345644047824919, 22.169516431780817 ], [ -159.345543642054139, 22.169186197082858 ] ] ] } },
{ "type": "Feature", "properties": { "ID": 6, "GRIDCODE": 2 }, "geometry": { "type": "Polygon", "coordinates": [ [ [ -159.365620541544985, 22.168871376717032 ], [ -159.365999147227086, 22.169021267959916 ], [ -159.365738710556826, 22.169487027484543 ], [ -159.365620541544985, 22.168871376717032 ] ] ] } },
{ "type": "Feature", "properties": { "ID": 7, "GRIDCODE": 2 }, "geometry": { "type": "Polygon", "coordinates": [ [ [ -159.365328862657208, 22.168601003161747 ], [ -159.365619840893345, 22.168600350818412 ], [ -159.365620541544985, 22.168871376717032 ], [ -159.365329562751214, 22.168872029069167 ], [ -159.365328862657208, 22.168601003161747 ] ] ] } },
{ "type": "Feature", "properties": { "ID": 8, "GRIDCODE": 2 }, "geometry": { "type": "Polygon", "coordinates": [ [ [ -159.365037184884613, 22.168330629060495 ], [ -159.365328162573974, 22.168329977245303 ], [ -159.365328862657208, 22.168601003161747 ], [ -159.365037884410242, 22.168601654985732 ], [ -159.365037184884613, 22.168330629060495 ] ] ] } },
{ "type": "Feature", "properties": { "ID": 9, "GRIDCODE": 2 }, "geometry": { "type": "Polygon", "coordinates": [ [ [ -159.662982247868769, 22.165494075727199 ], [ -159.663337430319785, 22.165585404841828 ], [ -159.663083387558942, 22.165824100504224 ], [ -159.662982247868769, 22.165494075727199 ] ] ] } },
{ "type": "Feature", "properties": { "ID": 10, "GRIDCODE": 2 }, "geometry": { "type": "Polygon", "coordinates": [ [ [ -159.384505409090167, 22.158257865977497 ], [ -159.385165711410366, 22.158401085118651 ], [ -159.384894383597924, 22.159219853198902 ], [ -159.385620211386424, 22.160050318394671 ], [ -159.384628632992161, 22.160340593676015 ], [ -159.384398415656563, 22.159716585917657 ], [ -159.38390452271301, 22.159434687578763 ], [ -159.384505409090167, 22.158257865977497 ] ] ] } },
{ "type": "Feature", "properties": { "ID": 11, "GRIDCODE": 2 }, "geometry": { "type": "Polygon", "coordinates": [ [ [ -159.37926746693563, 22.157999104212742 ], [ -159.381124473995044, 22.158112125326742 ], [ -159.380485250503597, 22.158514882220807 ], [ -159.379378871911769, 22.158166541710223 ], [ -159.37926746693563, 22.157999104212742 ] ] ] } },
{ "type": "Feature", "properties": { "ID": 12, "GRIDCODE": 2 }, "geometry": { "type": "Polygon", "coordinates": [ [ [ -159.37810291877031, 22.157730780809892 ], [ -159.379076471784458, 22.157846326086883 ], [ -159.378300970352001, 22.158078981646977 ], [ -159.37810291877031, 22.157730780809892 ] ] ] } },
{ "type": "Feature", "properties": { "ID": 13, "GRIDCODE": 2 }, "geometry": { "type": "Polygon", "coordinates": [ [ [ -159.376647419940554, 22.157463121245957 ], [ -159.377316852411496, 22.157571430626707 ], [ -159.376806457794174, 22.157806881489492 ], [ -159.376647419940554, 22.157463121245957 ] ] ] } },
{ "type": "Feature", "properties": { "ID": 14, "GRIDCODE": 2 }, "geometry": { "type": "Polygon", "coordinates": [ [ [ -159.39060426837608, 22.154177962379677 ], [ -159.39277895897294, 22.154443585255013 ], [ -159.391497014621478, 22.155387819085625 ], [ -159.390187422131504, 22.155070030469645 ], [ -159.39076351923282, 22.154588042494304 ], [ -159.39060426837608, 22.154177962379677 ] ] ] } },
{ "type": "Feature", "properties": { "ID": 15, "GRIDCODE": 2 }, "geometry": { "type": "Polygon", "coordinates": [ [ [ -159.392056003888314, 22.153090369774645 ], [ -159.39241099291948, 22.153182293046989 ], [ -159.392156505746897, 22.153420575136316 ], [ -159.392056003888314, 22.153090369774645 ] ] ] } },
{ "type": "Feature", "properties": { "ID": 16, "GRIDCODE": 2 }, "geometry": { "type": "Polygon", "coordinates": [ [ [ -159.652150576119055, 22.151173749003366 ], [ -159.652441505518112, 22.151172585589304 ], [ -159.652297640387218, 22.151520272192105 ], [ -159.652150576119055, 22.151173749003366 ] ] ] } },
{ "type": "Feature", "properties": { "ID": 17, "GRIDCODE": 2 }, "geometry": { "type": "Polygon", "coordinates": [ [ [ -159.652150576119055, 22.151173749003366 ], [ -159.651795436641436, 22.151082394301838 ], [ -159.652049473172639, 22.150843715978361 ], [ -159.652150576119055, 22.151173749003366 ] ] ] } },
{ "type": "Feature", "properties": { "ID": 18, "GRIDCODE": 2 }, "geometry": { "type": "Polygon", "coordinates": [ [ [ -159.365037184884613, 22.168330629060495 ], [ -159.364606172557984, 22.168187676416252 ], [ -159.36430202531136, 22.168205245962781 ], [ -159.363749708616353, 22.167632175165171 ], [ -159.363138998366225, 22.167943041396548 ], [ -159.362848991289894, 22.167075651200999 ], [ -159.361660253552998, 22.16714429603454 ], [ -159.362259028651835, 22.166112072469218 ], [ -159.361427371256838, 22.165192144654398 ], [ -159.360416741016422, 22.165706603382489 ], [ -159.359786029858185, 22.165052238088077 ], [ -159.35860829200206, 22.165558857681539 ], [ -159.357376263371833, 22.166849325115816 ], [ -159.356905055464807, 22.166509513199109 ], [ -159.35732887594682, 22.165779056386064 ], [ -159.357296903948878, 22.165299129090236 ], [ -159.357599810949836, 22.164680613000968 ], [ -159.358487272911191, 22.163608713168575 ], [ -159.35846881029741, 22.163331191783513 ], [ -159.358520385990914, 22.162491262703011 ], [ -159.357886970598713, 22.162527831246344 ], [ -159.357317382156964, 22.162241162955631 ], [ -159.356438073531365, 22.162291920128979 ], [ -159.355557168888993, 22.162244944551361 ], [ -159.355091595737349, 22.163661055845992 ], [ -159.353255284806494, 22.162954291163704 ], [ -159.353231117975724, 22.16334692375565 ], [ -159.353590101935652, 22.164894316332735 ], [ -159.35325220452512, 22.165248258425496 ], [ -159.352706343853896, 22.165219143117575 ], [ -159.352323959117342, 22.165538870959985 ], [ -159.351801495384137, 22.166605674262144 ], [ -159.35149481751904, 22.166862111649213 ], [ -159.351177227456077, 22.168789650930833 ], [ -159.350489254264374, 22.168752943793372 ], [ -159.34983208423796, 22.168790839250303 ], [ -159.350639898061587, 22.16681998338079 ], [ -159.351492940488328, 22.166106772801889 ], [ -159.350939403302306, 22.165447210728395 ], [ -159.350620420839306, 22.166098494637371 ], [ -159.349747735515081, 22.166051925166144 ], [ -159.349223687444521, 22.166600786579842 ], [ -159.346408870036981, 22.168762037691799 ], [ -159.345952501041921, 22.168788341240692 ], [ -159.345994793752823, 22.168101128608466 ], [ -159.345949802336804, 22.167423654294499 ], [ -159.345983622817641, 22.166874181895412 ], [ -159.345085132154196, 22.166617837105875 ], [ -159.345404670890474, 22.166067031869943 ], [ -159.344524001048683, 22.165337430622081 ], [ -159.344871911015105, 22.164535703344388 ], [ -159.345550239762929, 22.163366707588448 ], [ -159.344794459723033, 22.163624083683153 ], [ -159.342772940962618, 22.165001724294662 ], [ -159.341599539491142, 22.164711629162646 ], [ -159.341322480243548, 22.165001781371451 ], [ -159.340724814388238, 22.165258807636938 ], [ -159.340450870030025, 22.165545659959498 ], [ -159.339853200260677, 22.165802683061798 ], [ -159.339334499543924, 22.166345819696751 ], [ -159.338915426321591, 22.166043505173825 ], [ -159.340428777394379, 22.164778352771773 ], [ -159.340449149504025, 22.164447076600055 ], [ -159.339573568795771, 22.163721647463532 ], [ -159.340143291658563, 22.163633191311558 ], [ -159.340706976999599, 22.163663304070486 ], [ -159.341584634612161, 22.163216679859509 ], [ -159.342481117278226, 22.162831126746006 ], [ -159.34275439566656, 22.162273244255292 ], [ -159.343650296944134, 22.161739864476026 ], [ -159.343041186434647, 22.160931552884072 ], [ -159.343058272678604, 22.160654062066602 ], [ -159.343022293064365, 22.160112081311016 ], [ -159.343638737888199, 22.159846975903445 ], [ -159.343619789432239, 22.159561918415289 ], [ -159.344182525576684, 22.159091428022801 ], [ -159.342762044060635, 22.158686123966699 ], [ -159.34332580503704, 22.157935590511748 ], [ -159.344140267558089, 22.157254607536288 ], [ -159.343339512614705, 22.156851448393148 ], [ -159.342449691514673, 22.156597542852065 ], [ -159.342128638456501, 22.155636673014129 ], [ -159.341286928304328, 22.156065011801481 ], [ -159.340943274824355, 22.155036479277708 ], [ -159.3395378419564, 22.154961389550685 ], [ -159.338764733626419, 22.155354808995487 ], [ -159.338262702007455, 22.154833777047127 ], [ -159.336595160047892, 22.15604310035296 ], [ -159.336661501219083, 22.154966243766282 ], [ -159.336053041862641, 22.155001286164985 ], [ -159.335422611996933, 22.154967580451277 ], [ -159.333812088138501, 22.155787113373687 ], [ -159.333419866349317, 22.155527060600431 ], [ -159.334323891535519, 22.154315878947024 ], [ -159.334292369171294, 22.153841593868066 ], [ -159.335098503439809, 22.151734298300752 ], [ -159.334582994057371, 22.151991133204742 ], [ -159.333714405750868, 22.152558980998688 ], [ -159.333434626405705, 22.151721570965275 ], [ -159.332278599277799, 22.151788122250391 ], [ -159.331917326796912, 22.151058987498576 ], [ -159.330613532267023, 22.15172240017657 ], [ -159.329706294480303, 22.151774615993542 ], [ -159.329146977950245, 22.151311072786982 ], [ -159.32903288134608, 22.149591153253382 ], [ -159.330774884480491, 22.148912068155713 ], [ -159.331167805666723, 22.150088320837298 ], [ -159.331677303209773, 22.150115573013295 ], [ -159.331975592808845, 22.150098399150611 ], [ -159.332478011924564, 22.150619971460035 ], [ -159.333722208956516, 22.1509276647528 ], [ -159.334117581947709, 22.150120485389483 ], [ -159.334870193993737, 22.150077148086204 ], [ -159.335686216431696, 22.150924131175554 ], [ -159.336574199245405, 22.150872988878994 ], [ -159.337201234131584, 22.151188726626991 ], [ -159.338066846119233, 22.151138863108006 ], [ -159.338761185040738, 22.15215090978678 ], [ -159.339530395181583, 22.152538219248541 ], [ -159.340711132158106, 22.152791533759761 ], [ -159.341279013791308, 22.153077445889984 ], [ -159.341845204932213, 22.15304481340868 ], [ -159.34244182201823, 22.15334521841298 ], [ -159.343331622570389, 22.153599124359037 ], [ -159.34393785209457, 22.154228297568331 ], [ -159.345212903413938, 22.152892901438175 ], [ -159.345868275225712, 22.15357307076664 ], [ -159.347389495178248, 22.153654286169171 ], [ -159.348086872882419, 22.152923873064541 ], [ -159.349135563076203, 22.153602891498018 ], [ -159.349441385823468, 22.15358525596503 ], [ -159.349768496697834, 22.155197242590425 ], [ -159.350601260029691, 22.155241690172321 ], [ -159.351466606918706, 22.155191772460441 ], [ -159.3518951913953, 22.155636455150375 ], [ -159.352511044913825, 22.156146694210836 ], [ -159.353163048103369, 22.156823259296992 ], [ -159.353814555331866, 22.157100087709409 ], [ -159.354951972075838, 22.157672624430177 ], [ -159.356307754314372, 22.157594384205421 ], [ -159.357304138096708, 22.157924951352495 ], [ -159.357880336949876, 22.157321409894273 ], [ -159.359002580068164, 22.158485832575117 ], [ -159.360005857303776, 22.157975104370415 ], [ -159.361620664205077, 22.157881864501519 ], [ -159.361968547655266, 22.158170011055958 ], [ -159.361634007673644, 22.159044927374676 ], [ -159.361954003783353, 22.16062084053706 ], [ -159.362451672745209, 22.161033083942229 ], [ -159.361656629917974, 22.161697985598209 ], [ -159.361973769971797, 22.161960683707477 ], [ -159.362249823294434, 22.162517378107832 ], [ -159.362836129389024, 22.163003011275627 ], [ -159.363126199110496, 22.163870567302975 ], [ -159.363759907912311, 22.164139777110286 ], [ -159.363709928041061, 22.164952971559273 ], [ -159.364344638374433, 22.165222582040887 ], [ -159.364280550649767, 22.166266456098388 ], [ -159.364760410018874, 22.167502922387225 ], [ -159.365037184884613, 22.168330629060495 ] ] ] } },
{ "type": "Feature", "properties": { "ID": 19, "GRIDCODE": 2 }, "geometry": { "type": "Polygon", "coordinates": [ [ [ -159.38971053287105, 22.146591329266354 ], [ -159.389888668306924, 22.146744324433033 ], [ -159.391573533417585, 22.152672109523625 ], [ -159.39104060027438, 22.152139041821449 ], [ -159.390737856267805, 22.151879078734471 ], [ -159.390438473047737, 22.151292026274991 ], [ -159.389861614167074, 22.150796693167777 ], [ -159.389872775364267, 22.150516391875424 ], [ -159.389565936514714, 22.149979519706065 ], [ -159.390022564841189, 22.149170515367921 ], [ -159.388985466807725, 22.149433680301165 ], [ -159.387326770341332, 22.149979682245615 ], [ -159.387729421490263, 22.148908717490617 ], [ -159.388116706359909, 22.148893495808672 ], [ -159.388413000522462, 22.148903725022407 ], [ -159.388709354496456, 22.148314852498373 ], [ -159.389303662772505, 22.147799253739173 ], [ -159.38971053287105, 22.146591329266354 ] ] ] } },
{ "type": "Feature", "properties": { "ID": 20, "GRIDCODE": 2 }, "geometry": { "type": "Polygon", "coordinates": [ [ [ -159.325413634810246, 22.146461216213602 ], [ -159.326082979049772, 22.146569737187708 ], [ -159.325572536218544, 22.146805028638937 ], [ -159.325413634810246, 22.146461216213602 ] ] ] } },
{ "type": "Feature", "properties": { "ID": 21, "GRIDCODE": 2 }, "geometry": { "type": "Polygon", "coordinates": [ [ [ -159.387381592109023, 22.146054820326729 ], [ -159.388050977973563, 22.146163086456795 ], [ -159.387540642587652, 22.146398570394947 ], [ -159.387381592109023, 22.146054820326729 ] ] ] } },
{ "type": "Feature", "properties": { "ID": 22, "GRIDCODE": 2 }, "geometry": { "type": "Polygon", "coordinates": [ [ [ -159.38592693623437, 22.146058267740106 ], [ -159.386281903797936, 22.146150204741893 ], [ -159.386027418593414, 22.146388477440585 ], [ -159.38592693623437, 22.146058267740106 ] ] ] } },
{ "type": "Feature", "properties": { "ID": 23, "GRIDCODE": 2 }, "geometry": { "type": "Polygon", "coordinates": [ [ [ -159.389126433931949, 22.145779640391012 ], [ -159.389795819706904, 22.145887899365231 ], [ -159.389285488298214, 22.146123388712983 ], [ -159.389126433931949, 22.145779640391012 ] ] ] } },
{ "type": "Feature", "properties": { "ID": 24, "GRIDCODE": 2 }, "geometry": { "type": "Polygon", "coordinates": [ [ [ -159.386194216140211, 22.137384742375044 ], [ -159.386822630615825, 22.137563903619071 ], [ -159.387206859057756, 22.138338566949358 ], [ -159.387805725496548, 22.138592920983537 ], [ -159.388275380514528, 22.139539831340983 ], [ -159.388663624647847, 22.139132935949185 ], [ -159.389278421096805, 22.138875694580232 ], [ -159.389245727002532, 22.139410202432693 ], [ -159.389461960514069, 22.142650614864944 ], [ -159.388395583302497, 22.142114062045206 ], [ -159.388098171165637, 22.142131295375638 ], [ -159.387802586463778, 22.142115588247034 ], [ -159.386357989385232, 22.142406701018555 ], [ -159.384938527720408, 22.142331256917988 ], [ -159.384612274762958, 22.141039730488913 ], [ -159.384200107768038, 22.140698376427245 ], [ -159.385774482783575, 22.140782071245972 ], [ -159.386049065886027, 22.140494281801598 ], [ -159.386937643528313, 22.139964810872279 ], [ -159.386918610668744, 22.139679543832884 ], [ -159.387532044679489, 22.139415513366274 ], [ -159.386403841953694, 22.138750816971758 ], [ -159.386058753079226, 22.138055006998353 ], [ -159.385741623350981, 22.137792354822185 ], [ -159.38605731729848, 22.137528206266101 ], [ -159.386194216140211, 22.137384742375044 ] ] ] } },
{ "type": "Feature", "properties": { "ID": 25, "GRIDCODE": 2 }, "geometry": { "type": "Polygon", "coordinates": [ [ [ -159.636947856368778, 22.134701588085385 ], [ -159.637302945785109, 22.134792976501267 ], [ -159.637048911811746, 22.135031632235641 ], [ -159.636947856368778, 22.134701588085385 ] ] ] } },
{ "type": "Feature", "properties": { "ID": 26, "GRIDCODE": 2 }, "geometry": { "type": "Polygon", "coordinates": [ [ [ -159.389387557678447, 22.134937902403596 ], [ -159.390359258621942, 22.135388970954907 ], [ -159.389148243001614, 22.135389381530718 ], [ -159.389387557678447, 22.134937902403596 ] ] ] } },
{ "type": "Feature", "properties": { "ID": 27, "GRIDCODE": 2 }, "geometry": { "type": "Polygon", "coordinates": [ [ [ -159.651175602137613, 22.128954022302445 ], [ -159.651530685366623, 22.129045379954785 ], [ -159.651276686010902, 22.129284057176395 ], [ -159.651175602137613, 22.128954022302445 ] ] ] } },
{ "type": "Feature", "properties": { "ID": 28, "GRIDCODE": 2 }, "geometry": { "type": "Polygon", "coordinates": [ [ [ -159.65030046318978, 22.128415470447095 ], [ -159.650175442899439, 22.129600920777548 ], [ -159.649919221567558, 22.128628086348542 ], [ -159.65030046318978, 22.128415470447095 ] ] ] } },
{ "type": "Feature", "properties": { "ID": 29, "GRIDCODE": 2 }, "geometry": { "type": "Polygon", "coordinates": [ [ [ -159.662222841282357, 22.127554483279976 ], [ -159.66212482111419, 22.127885318518661 ], [ -159.661868622142975, 22.127648694063424 ], [ -159.662222841282357, 22.127554483279976 ] ] ] } },
{ "type": "Feature", "properties": { "ID": 30, "GRIDCODE": 2 }, "geometry": { "type": "Polygon", "coordinates": [ [ [ -159.638370590935466, 22.127649494995214 ], [ -159.63853077852437, 22.12729662767488 ], [ -159.639031119116595, 22.127538355317967 ], [ -159.638370590935466, 22.127649494995214 ] ] ] } },
{ "type": "Feature", "properties": { "ID": 31, "GRIDCODE": 2 }, "geometry": { "type": "Polygon", "coordinates": [ [ [ -159.655526321142759, 22.126226409476654 ], [ -159.655881400026999, 22.126317757793842 ], [ -159.655627412949428, 22.126556441566589 ], [ -159.655526321142759, 22.126226409476654 ] ] ] } },
{ "type": "Feature", "properties": { "ID": 32, "GRIDCODE": 2 }, "geometry": { "type": "Polygon", "coordinates": [ [ [ -159.645626582479707, 22.124097694753694 ], [ -159.645528525453813, 22.124428521050472 ], [ -159.645272359874895, 22.124191869624884 ], [ -159.645626582479707, 22.124097694753694 ] ] ] } },
{ "type": "Feature", "properties": { "ID": 33, "GRIDCODE": 2 }, "geometry": { "type": "Polygon", "coordinates": [ [ [ -159.610707534299081, 22.120979776585987 ], [ -159.610709869373949, 22.121521811682495 ], [ -159.610128127640508, 22.121523986374989 ], [ -159.61012579478961, 22.120981951219697 ], [ -159.610707534299081, 22.120979776585987 ] ] ] } },
{ "type": "Feature", "properties": { "ID": 34, "GRIDCODE": 2 }, "geometry": { "type": "Polygon", "coordinates": [ [ [ -159.594075700740831, 22.108574086372496 ], [ -159.593977532391676, 22.108904884854493 ], [ -159.593721479448789, 22.10866814950128 ], [ -159.594075700740831, 22.108574086372496 ] ] ] } },
{ "type": "Feature", "properties": { "ID": 35, "GRIDCODE": 2 }, "geometry": { "type": "Polygon", "coordinates": [ [ [ -159.393379796404957, 22.105928286139559 ], [ -159.394349668689387, 22.106197853747211 ], [ -159.39508966195578, 22.107732414432821 ], [ -159.396245018103116, 22.107643091922327 ], [ -159.396718488337939, 22.107128247058917 ], [ -159.397872050914287, 22.107211792597681 ], [ -159.398176793568439, 22.109048558483895 ], [ -159.39376666685277, 22.113429255327411 ], [ -159.392168951947099, 22.116788898240639 ], [ -159.391292227044374, 22.12420364838399 ], [ -159.391642931310656, 22.128142874714637 ], [ -159.391139185391012, 22.127601008562049 ], [ -159.390684620004492, 22.1266583614265 ], [ -159.389319421814349, 22.126372811326686 ], [ -159.388779877784344, 22.125254053755672 ], [ -159.387772796497813, 22.125601354830092 ], [ -159.386509503675768, 22.125958999867215 ], [ -159.386641269794836, 22.124380729667276 ], [ -159.385286669366565, 22.124847867872088 ], [ -159.38482108206415, 22.123882368110255 ], [ -159.384873974220511, 22.12324879034238 ], [ -159.383944398086385, 22.123734931174162 ], [ -159.383371751923448, 22.123118852975288 ], [ -159.382822555557766, 22.123715836981841 ], [ -159.38147575493619, 22.123969852650944 ], [ -159.381975657185336, 22.123130164403545 ], [ -159.38134643421904, 22.123178747544728 ], [ -159.381054704185004, 22.12286484416239 ], [ -159.380422783946528, 22.122913636808349 ], [ -159.380492759688792, 22.122075913459405 ], [ -159.379575219793765, 22.121543410678139 ], [ -159.380198043998917, 22.121282711134352 ], [ -159.381037057371486, 22.120843973177525 ], [ -159.381941136418988, 22.120465557352844 ], [ -159.382407691565504, 22.119958461962259 ], [ -159.382910785131656, 22.11965020049163 ], [ -159.384104378032362, 22.120267013250587 ], [ -159.385527091011511, 22.120157120142629 ], [ -159.385989462622064, 22.119579240145217 ], [ -159.384798856417859, 22.119671196257855 ], [ -159.385146735314635, 22.119086739828841 ], [ -159.384032185334831, 22.118626461974433 ], [ -159.383675111751018, 22.117179007927511 ], [ -159.383020788784592, 22.117521199026708 ], [ -159.382206166576395, 22.117462132628162 ], [ -159.381348257650444, 22.117757978727237 ], [ -159.380931321742935, 22.11772774473069 ], [ -159.380109444461254, 22.116843307329354 ], [ -159.378205170656514, 22.116990331000864 ], [ -159.37961431247578, 22.115853410295795 ], [ -159.379166112253074, 22.115495384406998 ], [ -159.377835596535789, 22.115598101996952 ], [ -159.377564186931806, 22.115306021989735 ], [ -159.376669327589667, 22.115057224210702 ], [ -159.376399173416587, 22.114728506392833 ], [ -159.377563056683385, 22.114241370655641 ], [ -159.377503101852426, 22.113566872942489 ], [ -159.379599864338758, 22.113718975151055 ], [ -159.379545466376641, 22.113107764443612 ], [ -159.380471005183665, 22.113174890369905 ], [ -159.380418579817245, 22.112585593903944 ], [ -159.380891184639353, 22.112619868268379 ], [ -159.381335981552724, 22.112585522570807 ], [ -159.382208557977691, 22.113158931705101 ], [ -159.382479318953926, 22.112313267916246 ], [ -159.38297206060011, 22.111915652514046 ], [ -159.382320547695173, 22.111395277494768 ], [ -159.381780576358778, 22.110814168767472 ], [ -159.381310824432433, 22.11043896170964 ], [ -159.381040043008596, 22.109877370348421 ], [ -159.380436068906164, 22.109627913969845 ], [ -159.380165117451043, 22.109000995877949 ], [ -159.381327423414973, 22.109085291233672 ], [ -159.381598598838565, 22.108790436636674 ], [ -159.382373752759889, 22.108846654577551 ], [ -159.384161240791684, 22.110770126737236 ], [ -159.385850274367272, 22.11175037099639 ], [ -159.386936722038172, 22.110569286929366 ], [ -159.389048620240118, 22.110116926079542 ], [ -159.388132255732586, 22.108595519325203 ], [ -159.389178887803666, 22.107981146493277 ], [ -159.38945734189744, 22.107395679744819 ], [ -159.390570348884637, 22.107476338026395 ], [ -159.391490574653943, 22.106865048310656 ], [ -159.392139600095845, 22.107200466583706 ], [ -159.393149487799093, 22.107122408176146 ], [ -159.393379796404957, 22.105928286139559 ] ] ] } },
{ "type": "Feature", "properties": { "ID": 36, "GRIDCODE": 2 }, "geometry": { "type": "Polygon", "coordinates": [ [ [ -159.394528872296576, 22.100775964932271 ], [ -159.394430241228235, 22.10110665202804 ], [ -159.394174529208186, 22.100869605798049 ], [ -159.394528872296576, 22.100775964932271 ] ] ] } },
{ "type": "Feature", "properties": { "ID": 37, "GRIDCODE": 2 }, "geometry": { "type": "Polygon", "coordinates": [ [ [ -159.394528872296576, 22.100775964932271 ], [ -159.3952567646717, 22.100066261676346 ], [ -159.397281082843961, 22.10009984691947 ], [ -159.397582313854741, 22.099551431909372 ], [ -159.397575433874778, 22.09927530804212 ], [ -159.397871488177714, 22.099008885121446 ], [ -159.398554653348469, 22.098032266951304 ], [ -159.3991819869957, 22.098591007025512 ], [ -159.399610671061509, 22.099004641698627 ], [ -159.400056778884732, 22.099401954923945 ], [ -159.40102793642555, 22.100338945344802 ], [ -159.401944093398839, 22.100354113555284 ], [ -159.402380325169361, 22.100344752324077 ], [ -159.403107456464738, 22.100356789658285 ], [ -159.403691654639459, 22.100344231135438 ], [ -159.404782929322607, 22.100689283660657 ], [ -159.405433305217827, 22.100055110898673 ], [ -159.406145040469028, 22.100741767308222 ], [ -159.406890452201736, 22.100070794155915 ], [ -159.407191524862924, 22.099777212732789 ], [ -159.40849204804627, 22.099798697791751 ], [ -159.409190607955168, 22.098447711925502 ], [ -159.410964336454754, 22.099244155792618 ], [ -159.40429616957627, 22.104197841506998 ], [ -159.400333895370096, 22.107399339952604 ], [ -159.400192499981983, 22.10676428083746 ], [ -159.400216633884213, 22.105502467424063 ], [ -159.399145069167673, 22.10518133963614 ], [ -159.400498872985338, 22.104565209620358 ], [ -159.400212669251971, 22.10414729181301 ], [ -159.39875111498074, 22.103614233287026 ], [ -159.398339462961786, 22.102442504705081 ], [ -159.397586604387016, 22.102806217443288 ], [ -159.39729890963082, 22.102257200239368 ], [ -159.396710662730442, 22.101993026323527 ], [ -159.396424115368973, 22.101446237887188 ], [ -159.394528872296576, 22.100775964932271 ] ] ] } },
{ "type": "Feature", "properties": { "ID": 38, "GRIDCODE": 2 }, "geometry": { "type": "Polygon", "coordinates": [ [ [ -159.413708352905132, 22.09530796112314 ], [ -159.413353496409769, 22.095216073257827 ], [ -159.41360784461645, 22.094977766820111 ], [ -159.413708352905132, 22.09530796112314 ] ] ] } },
{ "type": "Feature", "properties": { "ID": 39, "GRIDCODE": 2 }, "geometry": { "type": "Polygon", "coordinates": [ [ [ -159.413708352905132, 22.09530796112314 ], [ -159.414518563740017, 22.095111999712095 ], [ -159.41440084993431, 22.094628634909377 ], [ -159.414468114291253, 22.094345326618331 ], [ -159.414089662456263, 22.093806908051786 ], [ -159.415020444662503, 22.093204509085602 ], [ -159.41527698209407, 22.093838138379766 ], [ -159.415645890741189, 22.094074152382287 ], [ -159.41446532526885, 22.095748946429453 ], [ -159.414145689523821, 22.095683025087762 ], [ -159.413831339349912, 22.095749527251563 ], [ -159.413708352905132, 22.09530796112314 ] ] ] } },
{ "type": "Feature", "properties": { "ID": 40, "GRIDCODE": 2 }, "geometry": { "type": "Polygon", "coordinates": [ [ [ -159.584670395549466, 22.084757936688714 ], [ -159.584572220203427, 22.085088730598962 ], [ -159.584316226577926, 22.084851986806505 ], [ -159.584670395549466, 22.084757936688714 ] ] ] } },
{ "type": "Feature", "properties": { "ID": 41, "GRIDCODE": 2 }, "geometry": { "type": "Polygon", "coordinates": [ [ [ -159.584960076155767, 22.084485876548566 ], [ -159.584961192423208, 22.084756896588139 ], [ -159.584670395549466, 22.084757936688714 ], [ -159.584669279836902, 22.084486916635061 ], [ -159.584960076155767, 22.084485876548566 ] ] ] } },
{ "type": "Feature", "properties": { "ID": 42, "GRIDCODE": 2 }, "geometry": { "type": "Polygon", "coordinates": [ [ [ -159.583506094388838, 22.084491071809914 ], [ -159.584175321111331, 22.084598537579563 ], [ -159.583665543936746, 22.084834625868762 ], [ -159.583506094388838, 22.084491071809914 ] ] ] } },
{ "type": "Feature", "properties": { "ID": 43, "GRIDCODE": 2 }, "geometry": { "type": "Polygon", "coordinates": [ [ [ -159.584665932802778, 22.083673856419921 ], [ -159.585358124828673, 22.084186431453105 ], [ -159.584960076155767, 22.084485876548566 ], [ -159.584765478482865, 22.084124501427986 ], [ -159.584665932802778, 22.083673856419921 ] ] ] } },
{ "type": "Feature", "properties": { "ID": 44, "GRIDCODE": 2 }, "geometry": { "type": "Polygon", "coordinates": [ [ [ -159.586694778117334, 22.082040445168992 ], [ -159.586226055205856, 22.082157490097398 ], [ -159.586394837274497, 22.082937832521914 ], [ -159.584785568007248, 22.083244527704327 ], [ -159.584665932802778, 22.083673856419921 ], [ -159.58426603513044, 22.083454814086291 ], [ -159.584480403453369, 22.08296232053144 ], [ -159.585929489498113, 22.082720749314959 ], [ -159.585557050361956, 22.081722500145503 ], [ -159.586536178959108, 22.081405189399803 ], [ -159.586694778117334, 22.082040445168992 ] ] ] } },
{ "type": "Feature", "properties": { "ID": 45, "GRIDCODE": 2 }, "geometry": { "type": "Polygon", "coordinates": [ [ [ -159.593642052206178, 22.074426701426678 ], [ -159.593543904418738, 22.074757500520722 ], [ -159.593287915251523, 22.074520770394997 ], [ -159.593642052206178, 22.074426701426678 ] ] ] } },
{ "type": "Feature", "properties": { "ID": 46, "GRIDCODE": 2 }, "geometry": { "type": "Polygon", "coordinates": [ [ [ -159.593932827462595, 22.074425645838499 ], [ -159.593642052206178, 22.074426701426678 ], [ -159.59378480749217, 22.073796230950133 ], [ -159.593932827462595, 22.074425645838499 ] ] ] } },
{ "type": "Feature", "properties": { "ID": 47, "GRIDCODE": 2 }, "geometry": { "type": "Polygon", "coordinates": [ [ [ -159.596253342871904, 22.073062083294193 ], [ -159.595898433028111, 22.072970592566019 ], [ -159.59615242959481, 22.072732008243264 ], [ -159.596253342871904, 22.073062083294193 ] ] ] } },
{ "type": "Feature", "properties": { "ID": 48, "GRIDCODE": 2 }, "geometry": { "type": "Polygon", "coordinates": [ [ [ -159.597118827185398, 22.071432782121345 ], [ -159.596763920928765, 22.071341293174619 ], [ -159.597017913165928, 22.071102707558058 ], [ -159.597118827185398, 22.071432782121345 ] ] ] } },
{ "type": "Feature", "properties": { "ID": 49, "GRIDCODE": 2 }, "geometry": { "type": "Polygon", "coordinates": [ [ [ -159.589807990102457, 22.061431400020879 ], [ -159.590186532487479, 22.061580766195327 ], [ -159.58992702955598, 22.062046880309357 ], [ -159.589807990102457, 22.061431400020879 ] ] ] } },
{ "type": "Feature", "properties": { "ID": 50, "GRIDCODE": 2 }, "geometry": { "type": "Polygon", "coordinates": [ [ [ -159.589516117560436, 22.061161427102046 ], [ -159.589806865900272, 22.061160379445173 ], [ -159.589807990102457, 22.061431400020879 ], [ -159.58951724120854, 22.061432447691939 ], [ -159.589516117560436, 22.061161427102046 ] ] ] } },
{ "type": "Feature", "properties": { "ID": 51, "GRIDCODE": 2 }, "geometry": { "type": "Polygon", "coordinates": [ [ [ -159.588930130842812, 22.060079438302989 ], [ -159.588931253313177, 22.060350458957345 ], [ -159.589803493398108, 22.060347317663911 ], [ -159.589706567068362, 22.060527644277656 ], [ -159.589283342287075, 22.060729128917359 ], [ -159.589516117560436, 22.061161427102046 ], [ -159.589072887335846, 22.061314978312303 ], [ -159.588798311018877, 22.060747400261143 ], [ -159.588215382431542, 22.06028284576961 ], [ -159.588930130842812, 22.060079438302989 ] ] ] } },
{ "type": "Feature", "properties": { "ID": 52, "GRIDCODE": 2 }, "geometry": { "type": "Polygon", "coordinates": [ [ [ -159.588930130842812, 22.060079438302989 ], [ -159.588927885954234, 22.059537396967205 ], [ -159.588637140886675, 22.059538442989535 ], [ -159.588930908815229, 22.059153213838666 ], [ -159.589505286579026, 22.059935784211415 ], [ -159.588930130842812, 22.060079438302989 ] ] ] } },
{ "type": "Feature", "properties": { "ID": 53, "GRIDCODE": 2 }, "geometry": { "type": "Polygon", "coordinates": [ [ [ -159.588637140886675, 22.059538442989535 ], [ -159.588316560176509, 22.059928681001562 ], [ -159.587955172221911, 22.059291357855535 ], [ -159.588637140886675, 22.059538442989535 ] ] ] } },
{ "type": "Feature", "properties": { "ID": 54, "GRIDCODE": 2 }, "geometry": { "type": "Polygon", "coordinates": [ [ [ -159.58396184807907, 22.053863667863869 ], [ -159.584316702889652, 22.053955185916632 ], [ -159.584062718739602, 22.054193752108858 ], [ -159.58396184807907, 22.053863667863869 ] ] ] } },
{ "type": "Feature", "properties": { "ID": 55, "GRIDCODE": 2 }, "geometry": { "type": "Polygon", "coordinates": [ [ [ -159.583670002266786, 22.053593683686305 ], [ -159.58396073544148, 22.053592646753046 ], [ -159.58396184807907, 22.053863667863869 ], [ -159.583671114350523, 22.053864704811172 ], [ -159.583670002266786, 22.053593683686305 ] ] ] } },
{ "type": "Feature", "properties": { "ID": 56, "GRIDCODE": 2 }, "geometry": { "type": "Polygon", "coordinates": [ [ [ -159.608561742330778, 22.027484668742968 ], [ -159.608342762619515, 22.028155418717855 ], [ -159.607570495390121, 22.027774078533547 ], [ -159.608561742330778, 22.027484668742968 ] ] ] } },
{ "type": "Feature", "properties": { "ID": 57, "GRIDCODE": 2 }, "geometry": { "type": "Polygon", "coordinates": [ [ [ -159.608561742330778, 22.027484668742968 ], [ -159.608659825204484, 22.027153860268768 ], [ -159.608915752060625, 22.027390569062259 ], [ -159.608561742330778, 22.027484668742968 ] ] ] } },
{ "type": "Feature", "properties": { "ID": 58, "GRIDCODE": 2 }, "geometry": { "type": "Polygon", "coordinates": [ [ [ -159.610010491959343, 22.026395181111575 ], [ -159.610695333348787, 22.026529879431781 ], [ -159.609650895480939, 22.027305555097453 ], [ -159.609039208029429, 22.027019005699234 ], [ -159.609908341033162, 22.026570625968311 ], [ -159.610010491959343, 22.026395181111575 ] ] ] } },
{ "type": "Feature", "properties": { "ID": 59, "GRIDCODE": 2 }, "geometry": { "type": "Polygon", "coordinates": [ [ [ -159.622647073777017, 22.057786439578344 ], [ -159.621543138126555, 22.056321229147141 ], [ -159.621650907293912, 22.057510981443656 ], [ -159.622647073777017, 22.057786439578344 ], [ -159.624319180510668, 22.059590735948657 ], [ -159.623414607219246, 22.063533932268996 ], [ -159.623762304894456, 22.067370719406263 ], [ -159.622585276344125, 22.067778710344655 ], [ -159.620813658028567, 22.068237881348193 ], [ -159.619204227980418, 22.068369418284671 ], [ -159.619044712908959, 22.068025899710555 ], [ -159.618535055248344, 22.06826209451302 ], [ -159.619204227980418, 22.068369418284671 ], [ -159.619615909917002, 22.068765594271916 ], [ -159.621283814169004, 22.068790996192654 ], [ -159.624218929199628, 22.068219002063493 ], [ -159.624585473126359, 22.068210638959286 ], [ -159.62623303005185, 22.069242462986097 ], [ -159.62943179853508, 22.070437565677015 ], [ -159.634182797129199, 22.071854310120699 ], [ -159.634253898006278, 22.07455135791643 ], [ -159.632052421075571, 22.079023977636847 ], [ -159.631617078058127, 22.08146385289449 ], [ -159.631353232066658, 22.08635991567014 ], [ -159.630768787764424, 22.086887574985273 ], [ -159.629933016489531, 22.087705055295775 ], [ -159.628164566056853, 22.088513066263243 ], [ -159.629414845687165, 22.08857887474834 ], [ -159.630489851342247, 22.088249188082305 ], [ -159.631814153186127, 22.087606898628334 ], [ -159.633479207926968, 22.08877425063336 ], [ -159.637325818518917, 22.088398009046699 ], [ -159.643126970925977, 22.086031789131869 ], [ -159.645009358289428, 22.086513632293851 ], [ -159.645093286185784, 22.089688261655919 ], [ -159.643614927540909, 22.093126605221666 ], [ -159.643556598842309, 22.09648534178508 ], [ -159.644452632332275, 22.098188117944403 ], [ -159.64678392030234, 22.099822140140365 ], [ -159.648819086116362, 22.09985278036768 ], [ -159.650023150344254, 22.099013543347255 ], [ -159.654119314013457, 22.09553367430971 ], [ -159.656221849092759, 22.095022523884104 ], [ -159.658598609930692, 22.095552375771298 ], [ -159.661892569096324, 22.097860726865292 ], [ -159.664494511030995, 22.098678895057191 ], [ -159.665996345345491, 22.097813948725328 ], [ -159.66603140969255, 22.095776569167413 ], [ -159.665165565166234, 22.093756752956608 ], [ -159.662959311179009, 22.090116048905639 ], [ -159.658137722077186, 22.079923351468487 ], [ -159.654555104495955, 22.072700950649054 ], [ -159.651121412725246, 22.065946695067733 ], [ -159.650032601027107, 22.062495043469806 ], [ -159.651311705020561, 22.061603295450187 ], [ -159.651286639654501, 22.060656223025493 ], [ -159.651307684414917, 22.059439251380756 ], [ -159.651000484410588, 22.059706070365191 ], [ -159.650166189187757, 22.0605224543357 ], [ -159.649448494975161, 22.060216301500009 ], [ -159.648329862821839, 22.055233104347046 ], [ -159.648951023079263, 22.048792777332256 ], [ -159.650124476894007, 22.04422073111342 ], [ -159.652900080766329, 22.040236994984127 ], [ -159.660477462133287, 22.03338528557877 ], [ -159.666612453891247, 22.028873621568923 ], [ -159.671221949250423, 22.027225605187112 ], [ -159.676468866637407, 22.026102451121151 ], [ -159.680102197643919, 22.026638503319099 ], [ -159.685164955837166, 22.028670141266531 ], [ -159.689758824045271, 22.032642746245674 ], [ -159.698485623738605, 22.037277742274313 ], [ -159.701133649434325, 22.039628003357844 ], [ -159.705897054299925, 22.047126943262619 ], [ -159.713162842253695, 22.060047863367181 ], [ -159.717770021525411, 22.074002707076783 ], [ -159.720040794811183, 22.086067195436144 ], [ -159.719793874781402, 22.097235623589434 ], [ -159.718051800877618, 22.106772431792653 ], [ -159.716664920615642, 22.113906475670383 ], [ -159.714072818322933, 22.113652236221395 ], [ -159.712966371228191, 22.113127224605275 ], [ -159.710387408571592, 22.113089423721394 ], [ -159.709423704810973, 22.113401477030234 ], [ -159.707389306026613, 22.113719133049752 ], [ -159.708257195443082, 22.113948576086948 ], [ -159.711168059177851, 22.114464954172181 ], [ -159.711175696638492, 22.114748916008324 ], [ -159.708398865404519, 22.115392485563369 ], [ -159.705658737207926, 22.116645856160993 ], [ -159.705998306217737, 22.116673146249823 ], [ -159.708726767283991, 22.116609437516665 ], [ -159.710579094766899, 22.117191221991366 ], [ -159.711893076190364, 22.117160505148821 ], [ -159.71380686414372, 22.117442225552942 ], [ -159.71439546483461, 22.117721521071633 ], [ -159.71523340879375, 22.117701915510569 ], [ -159.715944239665447, 22.118019402178284 ], [ -159.714813763925974, 22.123553215414603 ], [ -159.713122570217166, 22.12968869734225 ], [ -159.711290375691618, 22.129113318227034 ], [ -159.70979311430969, 22.129091367157422 ], [ -159.710683095364146, 22.129670379981096 ], [ -159.712697896323817, 22.130269830634813 ], [ -159.712730074057589, 22.131464167375512 ], [ -159.711451414260495, 22.13595277497965 ], [ -159.708567566968981, 22.143821568687496 ], [ -159.706294790785336, 22.148999949179895 ], [ -159.704236672362725, 22.151014100750672 ], [ -159.701346446376277, 22.152416873848349 ], [ -159.698989017187927, 22.15299047454689 ], [ -159.696250294115544, 22.153054261351603 ], [ -159.695081601402364, 22.151931472640236 ], [ -159.694187435721432, 22.1511384879418 ], [ -159.693900977967473, 22.15086326343804 ], [ -159.692730148783625, 22.15060264782117 ], [ -159.692442369199057, 22.150056408469815 ], [ -159.692144321725351, 22.149792081220532 ], [ -159.691857763575257, 22.149516745844444 ], [ -159.691561256417828, 22.149523643832058 ], [ -159.691191098866824, 22.149167979885018 ], [ -159.689338813755455, 22.149877025390474 ], [ -159.688068951048081, 22.148987840406793 ], [ -159.687640788523822, 22.149819530980938 ], [ -159.686337047920603, 22.149800234002274 ], [ -159.68575817930477, 22.150366614080969 ], [ -159.685169031726019, 22.150087013617568 ], [ -159.68371184023664, 22.150120835053446 ], [ -159.681992658719565, 22.150095353787211 ], [ -159.681249666146414, 22.150766327206703 ], [ -159.682561372347806, 22.152266198709146 ], [ -159.682855899215156, 22.153098887534011 ], [ -159.68344070500882, 22.153617606988128 ], [ -159.683727148695851, 22.153892850149749 ], [ -159.68417421075543, 22.154289372222667 ], [ -159.684666394003727, 22.154762274764721 ], [ -159.687811347409536, 22.156167253921897 ], [ -159.686320850154118, 22.156713302706127 ], [ -159.68332231237909, 22.155290287930306 ], [ -159.680878763982577, 22.15471782031662 ], [ -159.679652735147414, 22.154989949137832 ], [ -159.681309197581697, 22.155991763014434 ], [ -159.682870181435021, 22.157376310625786 ], [ -159.682879150315784, 22.157711398076206 ], [ -159.682003726980412, 22.15850194655653 ], [ -159.681719940672281, 22.158779576769579 ], [ -159.681133508009395, 22.159047619613638 ], [ -159.68084961285652, 22.159325356327965 ], [ -159.680546849489872, 22.159320863670306 ], [ -159.680568589124817, 22.160133826849794 ], [ -159.68026882691521, 22.160140776261532 ], [ -159.679975261280163, 22.160136426165863 ], [ -159.678931237566189, 22.160474164619252 ], [ -159.678229785259163, 22.160141263831633 ], [ -159.677896280788957, 22.161771289725291 ], [ -159.677653888358805, 22.161506704917713 ], [ -159.676781546803568, 22.160420722498934 ], [ -159.676487820762844, 22.160427524130714 ], [ -159.675905873911518, 22.160418879303386 ], [ -159.675618544623319, 22.160976861465485 ], [ -159.675179139800861, 22.160554636682104 ], [ -159.674479313974274, 22.161239188946709 ], [ -159.673871521989014, 22.161516954759886 ], [ -159.672252288288888, 22.162440773320331 ], [ -159.671837368473632, 22.162072703391246 ], [ -159.671851026258139, 22.161276497904204 ], [ -159.671547178080402, 22.160984507593383 ], [ -159.671249037852903, 22.160720035021768 ], [ -159.671267734081567, 22.159630119977702 ], [ -159.670953163218513, 22.159637394416205 ], [ -159.670385474893806, 22.159091836706867 ], [ -159.669781265116711, 22.159105807687315 ], [ -159.669205127743282, 22.158552150173637 ], [ -159.668436307939288, 22.159304119302359 ], [ -159.668044207348714, 22.158559622952488 ], [ -159.667189565870785, 22.158579374009118 ], [ -159.666873427834645, 22.158298929578333 ], [ -159.666031686152621, 22.157489975432437 ], [ -159.665708716380408, 22.157485157193257 ], [ -159.665417800764004, 22.157491869399884 ], [ -159.664544897906069, 22.157478837500786 ], [ -159.66340740738525, 22.157505097010777 ], [ -159.662206193589043, 22.156968272390447 ], [ -159.661512612782076, 22.156301670395372 ], [ -159.660176149090745, 22.155881584231913 ], [ -159.659296271375894, 22.155619550284861 ], [ -159.658004862385269, 22.154811708668596 ], [ -159.658228298538376, 22.156233880112413 ], [ -159.658719441129222, 22.156705956937191 ], [ -159.659299183264125, 22.157220318479339 ], [ -159.659874522913469, 22.158312910006106 ], [ -159.661613794522253, 22.159855991167397 ], [ -159.662288570407185, 22.161137290615638 ], [ -159.663696755624699, 22.162100807071756 ], [ -159.663692037098883, 22.162374474964089 ], [ -159.663702858958032, 22.1627809587394 ], [ -159.663695828197035, 22.163190120475672 ], [ -159.664216124081349, 22.163651697450899 ], [ -159.665450926042865, 22.165153788801629 ], [ -159.664748001263291, 22.165397932907336 ], [ -159.663704836189368, 22.165087320822146 ], [ -159.663266451828065, 22.164666010656006 ], [ -159.662982247868769, 22.165494075727199 ], [ -159.662686709126831, 22.165760878381111 ], [ -159.662264756551593, 22.166990306373563 ], [ -159.662107555204074, 22.167256537709001 ], [ -159.66144772988261, 22.166003704458351 ], [ -159.660513550957347, 22.166456763427718 ], [ -159.65993324639436, 22.16618127978585 ], [ -159.659320950847587, 22.165907652005888 ], [ -159.658472868127404, 22.165927199428534 ], [ -159.658179590995616, 22.164827254535613 ], [ -159.657599191472968, 22.165659665787185 ], [ -159.657018216885149, 22.165650966580383 ], [ -159.65672451354348, 22.165657732750866 ], [ -159.656288894935415, 22.165239080339589 ], [ -159.655857177411633, 22.1656612242374 ], [ -159.65556342218585, 22.165656822896867 ], [ -159.655263681257225, 22.165663726505983 ], [ -159.655278484634664, 22.166221741699989 ], [ -159.655881365597025, 22.166756623906362 ], [ -159.654841030683599, 22.166741030466195 ], [ -159.65430284226764, 22.166753422392897 ], [ -159.654704860011293, 22.167832078812559 ], [ -159.654113643360887, 22.168651982875172 ], [ -159.654127917622731, 22.169188595260945 ], [ -159.654118386021622, 22.169738792868337 ], [ -159.653257271094589, 22.169725878080833 ], [ -159.652864780370408, 22.170109678901685 ], [ -159.652370640937988, 22.169171263172615 ], [ -159.652379608827005, 22.168651380367066 ], [ -159.652267238153655, 22.168114688752564 ], [ -159.651507679093072, 22.16920388569082 ], [ -159.650714226553049, 22.16882716704708 ], [ -159.650337346921759, 22.168111390715655 ], [ -159.649170323551601, 22.168138224608146 ], [ -159.649175267024987, 22.167853299239209 ], [ -159.649164450574204, 22.167446813884695 ], [ -159.649180969428073, 22.166495576383095 ], [ -159.648578613700352, 22.165961146461232 ], [ -159.648583619055927, 22.165673954555075 ], [ -159.649994067504707, 22.165029613185272 ], [ -159.648567990473254, 22.164604828022572 ], [ -159.649021876337827, 22.164195153358097 ], [ -159.648562823987731, 22.163787846117049 ], [ -159.648572272623312, 22.163245770311534 ], [ -159.647805672722484, 22.162565596219185 ], [ -159.646653162280273, 22.161903615011575 ], [ -159.644808498494655, 22.163079012757887 ], [ -159.64419692880989, 22.161091471139819 ], [ -159.643034529788821, 22.161920299645772 ], [ -159.642464547098456, 22.161372385689727 ], [ -159.641577777194414, 22.16139274152896 ], [ -159.640412452017245, 22.161375173182684 ], [ -159.640129253462675, 22.162477417658916 ], [ -159.639305264650318, 22.161317461669558 ], [ -159.63848601903851, 22.162118429223167 ], [ -159.638076829574771, 22.16247401557132 ], [ -159.637369234466718, 22.161129955995357 ], [ -159.635814172190493, 22.163710093249122 ], [ -159.635471258400827, 22.162739769214802 ], [ -159.634886584994177, 22.162220874935507 ], [ -159.63434780819054, 22.161702883377014 ], [ -159.6331193398957, 22.160861986606886 ], [ -159.63219563648633, 22.160883129530081 ], [ -159.631696765052993, 22.163317343207908 ], [ -159.631399773040926, 22.163859929334009 ], [ -159.632587535505223, 22.164124773527583 ], [ -159.631987783933596, 22.164665995905263 ], [ -159.631995389055675, 22.164953139123 ], [ -159.633922909054888, 22.165814931769344 ], [ -159.632287364055031, 22.166561864472964 ], [ -159.631132703373424, 22.167320070709156 ], [ -159.632951652626161, 22.167725635339465 ], [ -159.632588023515353, 22.16872885478227 ], [ -159.632306541305866, 22.169548431165101 ], [ -159.632011743232965, 22.170361640487066 ], [ -159.632894518179199, 22.170895821130983 ], [ -159.633185053027063, 22.171447740203703 ], [ -159.634512500203613, 22.171417343827116 ], [ -159.63376221625856, 22.172787935555409 ], [ -159.634079964049135, 22.173069897927448 ], [ -159.634065501004585, 22.173900153545098 ], [ -159.635526513291637, 22.173866685514529 ], [ -159.635813050767496, 22.174142116285637 ], [ -159.636127310724845, 22.174420978245589 ], [ -159.636692085752799, 22.175493780685049 ], [ -159.637281068860347, 22.175757080395073 ], [ -159.637745076682165, 22.177922470996563 ], [ -159.636150189143706, 22.178905318016593 ], [ -159.63393924986201, 22.179727454747649 ], [ -159.631702795018271, 22.181490895832198 ], [ -159.630610981467981, 22.181474373448111 ], [ -159.630008444022877, 22.181488159391233 ], [ -159.630054692940433, 22.18324091680531 ], [ -159.629160345156635, 22.183649276370812 ], [ -159.629558819125407, 22.184362330175173 ], [ -159.626724905909583, 22.184803199761628 ], [ -159.625235482319908, 22.18433479994977 ], [ -159.624812028395752, 22.18556747885054 ], [ -159.623991873846052, 22.187065243801179 ], [ -159.623663150055677, 22.189659352253994 ], [ -159.622725270766153, 22.187877710184789 ], [ -159.622183442352394, 22.183403965905981 ], [ -159.621569628839211, 22.182859187317248 ], [ -159.620993794022439, 22.18287232538535 ], [ -159.620136473522052, 22.183710203133288 ], [ -159.62015710596873, 22.184493949767319 ], [ -159.619277142912267, 22.18558319452573 ], [ -159.618993587204528, 22.186408355636971 ], [ -159.618410607518513, 22.186399486701024 ], [ -159.617828648273615, 22.18641275703288 ], [ -159.617246592218862, 22.186403901104175 ], [ -159.616953339219947, 22.186410586482921 ], [ -159.61514845001102, 22.186130896559177 ], [ -159.613744843634748, 22.186162868067107 ], [ -159.613759489567173, 22.186721352591036 ], [ -159.615232124834705, 22.189357320463863 ], [ -159.615221874294662, 22.189940185928318 ], [ -159.615520011177637, 22.190204765085802 ], [ -159.616006248215371, 22.190672227846548 ], [ -159.615518890996867, 22.191562029413944 ], [ -159.615826226065138, 22.19238731646713 ], [ -159.615812407222336, 22.193177839149158 ], [ -159.61626178301691, 22.194134450209834 ], [ -159.615821761206035, 22.194003313612733 ], [ -159.615244343981573, 22.193729059084173 ], [ -159.614113953883987, 22.193392160677419 ], [ -159.613493461211391, 22.190494665777525 ], [ -159.612896466901702, 22.190485569675172 ], [ -159.612309767456964, 22.190769853890611 ], [ -159.611187422645003, 22.189690763824451 ], [ -159.610438519396553, 22.189679337878214 ], [ -159.609707983085713, 22.192129178497499 ], [ -159.608717404338677, 22.192739299087837 ], [ -159.609137642465129, 22.193491526096388 ], [ -159.609123603001251, 22.194288988894382 ], [ -159.60970288219707, 22.195325872939875 ], [ -159.609746852113659, 22.197001967341237 ], [ -159.609431019792936, 22.196737547506327 ], [ -159.608136058815944, 22.195492438083768 ], [ -159.607687193828241, 22.195931005272104 ], [ -159.60710046130518, 22.196198795724662 ], [ -159.606810790297317, 22.196481845523362 ], [ -159.605652634351344, 22.196464148037236 ], [ -159.605645200083671, 22.19688447196695 ], [ -159.605662955524679, 22.197561954939363 ], [ -159.605070255534457, 22.197832469123984 ], [ -159.604787398223976, 22.198380976482255 ], [ -159.60364089290826, 22.198732135271019 ], [ -159.603623164714378, 22.199737685557416 ], [ -159.603630291688233, 22.20000867872605 ], [ -159.603618337998171, 22.200686271970589 ], [ -159.603657312586961, 22.202174026226391 ], [ -159.603341479543758, 22.201909594750354 ], [ -159.602980562181415, 22.200887834541863 ], [ -159.601875966913781, 22.20055855176037 ], [ -159.602750264005408, 22.199770094482901 ], [ -159.602460297050413, 22.198655204778582 ], [ -159.601863964094065, 22.198125895193463 ], [ -159.601878048265405, 22.19732934224724 ], [ -159.601573323534296, 22.196750279316642 ], [ -159.600385228905196, 22.196777247369464 ], [ -159.600419081210219, 22.194862594207549 ], [ -159.598954709371242, 22.194895817704722 ], [ -159.598658525573967, 22.194332907650804 ], [ -159.59720156012807, 22.193898519005181 ], [ -159.598106434161735, 22.192448027147041 ], [ -159.59893018266547, 22.192429339265615 ], [ -159.600639694511642, 22.193241533737183 ], [ -159.603617678195292, 22.192851598689682 ], [ -159.606375455671099, 22.19115310989838 ], [ -159.60916193419726, 22.189041081820523 ], [ -159.615396948038835, 22.184575552746178 ], [ -159.62218430788252, 22.178452289794084 ], [ -159.624424473303833, 22.175485424481888 ], [ -159.625037966719105, 22.176075262360076 ], [ -159.62678575012481, 22.175277206353211 ], [ -159.627242679490962, 22.174442597620136 ], [ -159.625913803461202, 22.172825335323218 ], [ -159.625590211403647, 22.169869780421649 ], [ -159.62358005944742, 22.165590598875269 ], [ -159.622232252877495, 22.160383333791483 ], [ -159.621674346249137, 22.154561303790917 ], [ -159.622335660580546, 22.153353366167327 ], [ -159.622343327955548, 22.152916319757587 ], [ -159.622332508372466, 22.152507225025925 ], [ -159.622628239837752, 22.152240394139945 ], [ -159.623170536554824, 22.151188085822159 ], [ -159.62363116657869, 22.150737819930537 ], [ -159.624074541771193, 22.150337723826535 ], [ -159.624358427489568, 22.150060191319355 ], [ -159.625235864701693, 22.149791235816227 ], [ -159.626314453998361, 22.149442690183324 ], [ -159.630468473191343, 22.149505658632211 ], [ -159.631195729521096, 22.149489017325113 ], [ -159.631634643400901, 22.149495663739067 ], [ -159.633066156601217, 22.149147981385198 ], [ -159.634543374662712, 22.150568356160196 ], [ -159.634990291947986, 22.150965016825999 ], [ -159.635419811836556, 22.151378004510317 ], [ -159.635717759730028, 22.151642437879111 ], [ -159.636005326623632, 22.152188782502385 ], [ -159.636594210268271, 22.152452079496637 ], [ -159.637171496206577, 22.152726271001605 ], [ -159.638461515372683, 22.153303065619344 ], [ -159.639115033978243, 22.155152419490857 ], [ -159.642382577619315, 22.153690576627877 ], [ -159.642751222830498, 22.15189131957592 ], [ -159.645826842819702, 22.152197053277785 ], [ -159.646192899017223, 22.153232819018033 ], [ -159.646928996315864, 22.153561893342676 ], [ -159.647664922232565, 22.154597817212853 ], [ -159.649410163310478, 22.155653789734668 ], [ -159.64969654674249, 22.155929094132802 ], [ -159.64999453040852, 22.156193500404779 ], [ -159.650280916070415, 22.156468803704719 ], [ -159.651742665520061, 22.15672856217655 ], [ -159.652608663524546, 22.157139758039808 ], [ -159.653492064968304, 22.157534618957744 ], [ -159.654357859205106, 22.157945698582989 ], [ -159.654374335421863, 22.156992649046373 ], [ -159.65335504661482, 22.156689060248535 ], [ -159.65261048868544, 22.155641014960683 ], [ -159.65096393746029, 22.154905005158962 ], [ -159.649692490611926, 22.153776785899748 ], [ -159.650566443287005, 22.1540230655398 ], [ -159.652170013936967, 22.15462152533685 ], [ -159.652895342585339, 22.15429014652933 ], [ -159.652887960952313, 22.15401419431776 ], [ -159.653499315336177, 22.151751818412485 ], [ -159.652441505518112, 22.151172585589304 ], [ -159.652578142150503, 22.151028903597343 ], [ -159.654357041194942, 22.150763370867644 ], [ -159.654301445258227, 22.149953174327312 ], [ -159.654627221610923, 22.150207635150434 ], [ -159.655410793306032, 22.151017546511696 ], [ -159.656084440676352, 22.15075907060044 ], [ -159.656457652310849, 22.150366589425875 ], [ -159.657675216523273, 22.150976581232889 ], [ -159.658119299270595, 22.150207321556 ], [ -159.658072368438866, 22.149523850764371 ], [ -159.658145382855878, 22.148293449201169 ], [ -159.656439631437934, 22.148395056322645 ], [ -159.656340454356723, 22.14695003274689 ], [ -159.65676927808434, 22.146207263248048 ], [ -159.655477989062462, 22.145449469939077 ], [ -159.655753770289664, 22.145323959762429 ], [ -159.656051156171145, 22.14533927283216 ], [ -159.656559704109384, 22.145308982124057 ], [ -159.657224177700868, 22.145589864741435 ], [ -159.657637997946267, 22.146420336050756 ], [ -159.660404545841402, 22.147332476848732 ], [ -159.66172199016691, 22.146762702631264 ], [ -159.661016677217845, 22.146180763275765 ], [ -159.660715187961188, 22.145575764314838 ], [ -159.659659329921112, 22.145129473950583 ], [ -159.659210675982393, 22.144759272656081 ], [ -159.66043581283202, 22.144229424913874 ], [ -159.660385481454853, 22.14349630177577 ], [ -159.661795889097874, 22.143084298101012 ], [ -159.661189443492304, 22.141867360079388 ], [ -159.660114401949215, 22.141512906522898 ], [ -159.658933240151583, 22.14126191266163 ], [ -159.658657335313933, 22.140976755680402 ], [ -159.657492148753079, 22.140646700036196 ], [ -159.658173404254512, 22.140393801516527 ], [ -159.659775439741395, 22.140476260190479 ], [ -159.660247274038966, 22.139658903205593 ], [ -159.660059301151904, 22.136921050078701 ], [ -159.66096815732547, 22.13744415920042 ], [ -159.661351449190079, 22.139312084670269 ], [ -159.663243139384321, 22.139409422166825 ], [ -159.663684057363952, 22.138645569632256 ], [ -159.663299169560105, 22.138247759755064 ], [ -159.662406703078631, 22.137724035008471 ], [ -159.662516504441527, 22.135871711325574 ], [ -159.661506193260237, 22.135278810553213 ], [ -159.662685517458925, 22.134934284291042 ], [ -159.662062853298181, 22.134412182408575 ], [ -159.66037573298226, 22.134512726205674 ], [ -159.660338588419165, 22.133971647813787 ], [ -159.660851289401649, 22.133432347157044 ], [ -159.662620792039888, 22.133326882220956 ], [ -159.664955478457131, 22.133723056473926 ], [ -159.66638831218819, 22.134440904315422 ], [ -159.666515606385815, 22.133699100894127 ], [ -159.666185248858312, 22.133357655714033 ], [ -159.66450700901666, 22.133001067068982 ], [ -159.66388188347338, 22.131399973838839 ], [ -159.665225767385493, 22.13027137772373 ], [ -159.665569307444628, 22.129565895586914 ], [ -159.66587624321204, 22.129308098318685 ], [ -159.665841098719966, 22.128796209225413 ], [ -159.667907676897045, 22.128487518394948 ], [ -159.668764942175443, 22.128196960371636 ], [ -159.669825736780837, 22.128251508079636 ], [ -159.668457518089838, 22.127122544636336 ], [ -159.669041693758146, 22.126631898048849 ], [ -159.667572704373413, 22.125769834871711 ], [ -159.668383474405488, 22.125419091903424 ], [ -159.668746012981273, 22.124674561433359 ], [ -159.669325474017626, 22.12418788669838 ], [ -159.668890376667918, 22.123671533333493 ], [ -159.667812367537948, 22.12278202275812 ], [ -159.667884235686955, 22.121568988397286 ], [ -159.667853700711959, 22.121124537701061 ], [ -159.669011305701019, 22.119253081199297 ], [ -159.669317293750026, 22.118996059078331 ], [ -159.66958791165149, 22.118166638948381 ], [ -159.670514149171254, 22.116182156227286 ], [ -159.670415129524372, 22.114741430015087 ], [ -159.670746768269339, 22.11356701923166 ], [ -159.670709210161675, 22.113020286960381 ], [ -159.670787360999952, 22.1117000921105 ], [ -159.670069957184126, 22.110482694003633 ], [ -159.670224070082554, 22.107880524128699 ], [ -159.669831408968946, 22.10813790315483 ], [ -159.669421707780856, 22.108568981603437 ], [ -159.668604770475184, 22.109255187320723 ], [ -159.668770861610597, 22.111673134830706 ], [ -159.668666477979684, 22.113435192106998 ], [ -159.668748020333055, 22.114622133700347 ], [ -159.668389629305068, 22.11682896229695 ], [ -159.664316630559568, 22.12024983894101 ], [ -159.66370628607703, 22.121307320071335 ], [ -159.663888966929818, 22.123967878579425 ], [ -159.663510534911154, 22.125903790857805 ], [ -159.662620148426754, 22.127220820693495 ], [ -159.662222841282357, 22.127554483279976 ], [ -159.662067794132099, 22.12714802006704 ], [ -159.663148573882381, 22.124812812199277 ], [ -159.662293062960629, 22.122133396307863 ], [ -159.66143003132251, 22.121464919147904 ], [ -159.660875478024877, 22.122027466599551 ], [ -159.660306700996557, 22.120917086837032 ], [ -159.659981990409534, 22.120657718075194 ], [ -159.659098368639263, 22.122421982876507 ], [ -159.659144730826711, 22.121197970747009 ], [ -159.659131731353625, 22.120922206021817 ], [ -159.659432887939829, 22.120659936444017 ], [ -159.659711367058691, 22.120377452940893 ], [ -159.660012097074144, 22.120115556236023 ], [ -159.660284263049277, 22.118477996763012 ], [ -159.660594782710092, 22.117925429065764 ], [ -159.660544281721513, 22.1168559936715 ], [ -159.660584564226582, 22.115793047504688 ], [ -159.660465563508694, 22.11550638034673 ], [ -159.658902486912496, 22.11709198557061 ], [ -159.65845782690829, 22.117401290336524 ], [ -159.658957826370624, 22.115591432623155 ], [ -159.660258729163615, 22.114458510212042 ], [ -159.660689624350709, 22.113598084800859 ], [ -159.660439717918393, 22.11306730251804 ], [ -159.659693491024228, 22.114154399337437 ], [ -159.658592032125455, 22.114823476072768 ], [ -159.658234751229202, 22.115536874022599 ], [ -159.657367360756467, 22.115508342640378 ], [ -159.657036511976344, 22.115521890041151 ], [ -159.657094709616359, 22.116756341760986 ], [ -159.656189610226988, 22.11631472604196 ], [ -159.656216220001966, 22.116878238565505 ], [ -159.655624093693802, 22.117393858184855 ], [ -159.655650619559424, 22.11795499736208 ], [ -159.655338356982838, 22.118226898867729 ], [ -159.655060101211404, 22.118558759630879 ], [ -159.655650571492487, 22.11958768644422 ], [ -159.654843981969918, 22.120290035829981 ], [ -159.654483105254968, 22.119585430365611 ], [ -159.654233360957392, 22.119325749381058 ], [ -159.653907605205802, 22.120953581343048 ], [ -159.653377974717415, 22.12093614075572 ], [ -159.652744524249016, 22.121027122969224 ], [ -159.653525675479301, 22.1230755247575 ], [ -159.652743048851818, 22.122295212498578 ], [ -159.652269471660532, 22.123240655601787 ], [ -159.652757065129862, 22.123658015936542 ], [ -159.652742434318327, 22.12404317494596 ], [ -159.650828856558292, 22.124616079121321 ], [ -159.650436116761597, 22.125075313509257 ], [ -159.651889112993587, 22.125015848792835 ], [ -159.652943203296502, 22.125355349654054 ], [ -159.653919100985121, 22.125831493950361 ], [ -159.655104418901118, 22.126089540952311 ], [ -159.654624361551242, 22.126507574332233 ], [ -159.651575429917472, 22.125925963283773 ], [ -159.649911412106007, 22.12700264946908 ], [ -159.650447066381588, 22.127461146377488 ], [ -159.650972371201078, 22.127984882045414 ], [ -159.651175602137613, 22.128954022302445 ], [ -159.650884718300517, 22.128955182355813 ], [ -159.650882228696901, 22.128413151957719 ], [ -159.65030046318978, 22.128415470447095 ], [ -159.649769895178906, 22.127905326090293 ], [ -159.648117777037896, 22.128827968105082 ], [ -159.64783398042951, 22.129105540548686 ], [ -159.647390738952822, 22.129505699075384 ], [ -159.646918709443412, 22.130880793205382 ], [ -159.646963580820284, 22.128295931444303 ], [ -159.645903056634495, 22.128619039668155 ], [ -159.645349397275822, 22.12969393829658 ], [ -159.643476057327092, 22.13029962459013 ], [ -159.643923939532584, 22.12971430610024 ], [ -159.645141784992859, 22.129157904050999 ], [ -159.64452218626252, 22.127494512206265 ], [ -159.644917355674465, 22.127485441651707 ], [ -159.646109881637045, 22.127860475815012 ], [ -159.64833106461893, 22.126845591339571 ], [ -159.648697356739689, 22.125834311012603 ], [ -159.648672621893979, 22.124898682726482 ], [ -159.648693635549392, 22.12368682346656 ], [ -159.648383887869045, 22.123411930225828 ], [ -159.647541784416404, 22.122602210641492 ], [ -159.6463452827889, 22.122872546122068 ], [ -159.646058638057752, 22.123707609575501 ], [ -159.645626582479707, 22.124097694753694 ], [ -159.645885051278015, 22.123016287497009 ], [ -159.644617470506489, 22.122524489022346 ], [ -159.644917299000468, 22.122291323086831 ], [ -159.645622833317276, 22.122370259635282 ], [ -159.647199551271939, 22.121743833312156 ], [ -159.64652203873726, 22.120786059976258 ], [ -159.644604678544681, 22.119711285933299 ], [ -159.644939428942166, 22.119585024069661 ], [ -159.64604289793462, 22.11970848897095 ], [ -159.647481974868839, 22.119535907610551 ], [ -159.64797762650042, 22.120619041166254 ], [ -159.649091686559842, 22.121223254781334 ], [ -159.649644696186158, 22.120608538433579 ], [ -159.650098433288122, 22.119593127021986 ], [ -159.650570259122816, 22.118837935454387 ], [ -159.64868749234364, 22.118107529232823 ], [ -159.648626093088922, 22.117663163014058 ], [ -159.650251974671392, 22.11784586922105 ], [ -159.650353047765577, 22.118175905356935 ], [ -159.650607029333628, 22.117937229694959 ], [ -159.650251974671392, 22.11784586922105 ], [ -159.650110195324714, 22.117434733542076 ], [ -159.64951150679525, 22.117174365980372 ], [ -159.649883346800152, 22.116512795111905 ], [ -159.650687935051565, 22.116905411524478 ], [ -159.651027892633607, 22.115889838687398 ], [ -159.652427148342639, 22.115267668449121 ], [ -159.652705158885226, 22.114882523678872 ], [ -159.651103716660145, 22.114417110833806 ], [ -159.650093965490612, 22.113894657478582 ], [ -159.651836716789774, 22.113372881770566 ], [ -159.652130495498625, 22.112201435592826 ], [ -159.652108542480562, 22.111735706473397 ], [ -159.652409693388847, 22.111473449713436 ], [ -159.652685675024799, 22.110648946588515 ], [ -159.653390449242352, 22.110035216036152 ], [ -159.652862241620767, 22.109114684667318 ], [ -159.65335547240997, 22.108685173620771 ], [ -159.652931176864598, 22.107677076168216 ], [ -159.652394735007192, 22.108221260813377 ], [ -159.651190541362098, 22.108581821407771 ], [ -159.650059139253955, 22.108217354249994 ], [ -159.649151802419198, 22.109380393568198 ], [ -159.648610108588315, 22.109852117337102 ], [ -159.648331626905048, 22.11013458230725 ], [ -159.647516116744072, 22.110497171008799 ], [ -159.646363307638012, 22.109347672628036 ], [ -159.646006097561809, 22.110414816327587 ], [ -159.645409270355117, 22.110680173657773 ], [ -159.646308667824343, 22.112035998239612 ], [ -159.645785414696348, 22.112491635723586 ], [ -159.644849276301159, 22.112034793738133 ], [ -159.644264906042878, 22.112058686712707 ], [ -159.643606066534943, 22.111116788026056 ], [ -159.64281069800478, 22.111289870443446 ], [ -159.64359144087544, 22.112650808924457 ], [ -159.641935487762822, 22.113387017586 ], [ -159.641963222294322, 22.113976392485178 ], [ -159.640794073870183, 22.113937817639631 ], [ -159.640496597625344, 22.11410777707745 ], [ -159.641680115958735, 22.114622544499074 ], [ -159.64164374966424, 22.115577918815102 ], [ -159.642545502074711, 22.115840035023144 ], [ -159.642217515946413, 22.116423563454646 ], [ -159.641077750513176, 22.116385958999949 ], [ -159.640782237845229, 22.116975750589965 ], [ -159.639923959183676, 22.116119859907858 ], [ -159.639563187322068, 22.115860590701018 ], [ -159.639639450215725, 22.117481248652965 ], [ -159.639622056818951, 22.117938772157899 ], [ -159.638468567386667, 22.117205802357002 ], [ -159.637894760196701, 22.11764123328129 ], [ -159.638769072892245, 22.118021527944311 ], [ -159.639688907399233, 22.118606005233357 ], [ -159.639625050207286, 22.120286513789715 ], [ -159.638478362497352, 22.119917082064248 ], [ -159.638161173019, 22.120238744958893 ], [ -159.638203905451064, 22.119114760763402 ], [ -159.637294663365793, 22.118579668951767 ], [ -159.637332746171609, 22.119389762952125 ], [ -159.636225147737747, 22.119657584681306 ], [ -159.635279940577448, 22.118306159119047 ], [ -159.634942249934653, 22.118046789924808 ], [ -159.635005744075983, 22.119396479215077 ], [ -159.634974731727539, 22.120209662991115 ], [ -159.635580523156534, 22.12047315798101 ], [ -159.636152442330228, 22.120752290576483 ], [ -159.636758238175446, 22.121015781072764 ], [ -159.636726666064988, 22.121844417058789 ], [ -159.63616279881569, 22.121825796972843 ], [ -159.635726565958862, 22.121843607654078 ], [ -159.635290188553029, 22.121829194292108 ], [ -159.634853955512483, 22.121847002644802 ], [ -159.634416299661211, 22.121832542290548 ], [ -159.63355073403099, 22.121886851724938 ], [ -159.634765564957945, 22.123517167317491 ], [ -159.634710923876128, 22.124953555751851 ], [ -159.63474279019286, 22.125630984096208 ], [ -159.634711140944717, 22.126460951398535 ], [ -159.635371831079169, 22.126433974066803 ], [ -159.63650075627146, 22.125289168622917 ], [ -159.636462268049399, 22.126301842087283 ], [ -159.636504040724503, 22.127190651864478 ], [ -159.638370590935466, 22.127649494995214 ], [ -159.638197731486031, 22.127838011125679 ], [ -159.637353064704314, 22.127778096506137 ], [ -159.636115171780887, 22.127875624855985 ], [ -159.636206169087274, 22.128877537489984 ], [ -159.636175336765604, 22.129254851849357 ], [ -159.634961290428038, 22.128844834414899 ], [ -159.634462656090079, 22.129491332453647 ], [ -159.635046520643073, 22.129956053511577 ], [ -159.635431167659078, 22.130750274715709 ], [ -159.634609250892112, 22.131095829322589 ], [ -159.632737588377609, 22.130963027454513 ], [ -159.634001210887817, 22.131482466187197 ], [ -159.634465065660379, 22.132440244841387 ], [ -159.635375572612446, 22.132368526158032 ], [ -159.635031596366332, 22.13294862053159 ], [ -159.635710610163244, 22.133833047074823 ], [ -159.636811330442072, 22.13428550784754 ], [ -159.636947856368778, 22.134701588085385 ], [ -159.636213022253827, 22.134832338666818 ], [ -159.635932868972674, 22.135407331001137 ], [ -159.635230251342449, 22.133996704216063 ], [ -159.634435458791302, 22.134043937318438 ], [ -159.633606365535314, 22.133186645855563 ], [ -159.630684218520457, 22.130788484756696 ], [ -159.629499858883236, 22.129994608318604 ], [ -159.629531444047899, 22.129463006573701 ], [ -159.62906717318981, 22.128769693018445 ], [ -159.629841703511687, 22.128675660459358 ], [ -159.630034952782296, 22.128182605764955 ], [ -159.629168601133159, 22.128580957107808 ], [ -159.62906717318981, 22.128769693018445 ], [ -159.627468588192556, 22.128632146541666 ], [ -159.627085547100904, 22.128654899407838 ], [ -159.623829075279161, 22.127022291781458 ], [ -159.618388066938991, 22.125193341459788 ], [ -159.61844047347455, 22.124313646376116 ], [ -159.61770323536939, 22.124357386517762 ], [ -159.61712134210822, 22.124327280700527 ], [ -159.615723044576242, 22.124410232063443 ], [ -159.613781760681377, 22.12372327151585 ], [ -159.614932228578368, 22.123530324245277 ], [ -159.615490677931206, 22.12355922778027 ], [ -159.615556209009327, 22.122459816125037 ], [ -159.61463371247541, 22.122719061316015 ], [ -159.613529243762741, 22.123283653093726 ], [ -159.613044384131257, 22.123258552377976 ], [ -159.61252937050574, 22.123289094354728 ], [ -159.612626641872055, 22.121657768369563 ], [ -159.611721472037914, 22.12191693212527 ], [ -159.610839494476352, 22.12236778224278 ], [ -159.610866051805488, 22.12192230977799 ], [ -159.610709869373949, 22.121521811682495 ], [ -159.611114542562518, 22.121249275797464 ], [ -159.610707534299081, 22.120979776585987 ], [ -159.611025773353703, 22.120606427199686 ], [ -159.611581312624281, 22.121247528258703 ], [ -159.611227072487537, 22.121341629661583 ], [ -159.611483177379597, 22.121578336030424 ], [ -159.611581312624281, 22.121247528258703 ], [ -159.612043770006125, 22.121135097409365 ], [ -159.61227882473537, 22.120542546892374 ], [ -159.613039693487053, 22.12031829596739 ], [ -159.613443687072703, 22.120858822495855 ], [ -159.614277928171276, 22.121146111780067 ], [ -159.614634729900274, 22.12107017366203 ], [ -159.61492586314543, 22.121129835812724 ], [ -159.615216469279773, 22.121067982957388 ], [ -159.616089870349981, 22.121246964705829 ], [ -159.61740880426143, 22.120966230479365 ], [ -159.61827250531357, 22.121493352106103 ], [ -159.618373507324037, 22.121823409582323 ], [ -159.618627550452032, 22.121584782345789 ], [ -159.61827250531357, 22.121493352106103 ], [ -159.618480077204822, 22.120841495452016 ], [ -159.62016985084324, 22.12054766382867 ], [ -159.620437856948342, 22.120255459671966 ], [ -159.621017546746685, 22.11978626334416 ], [ -159.620745565940695, 22.119170203873598 ], [ -159.617342747149763, 22.118891900304895 ], [ -159.616914451747988, 22.118007131706282 ], [ -159.615194003027995, 22.118378146446823 ], [ -159.613770795735718, 22.118746827049033 ], [ -159.613738130760851, 22.118386163498847 ], [ -159.614160837365262, 22.117673514075516 ], [ -159.612200627149917, 22.118451394173057 ], [ -159.609325191323819, 22.117878269598783 ], [ -159.608105609817159, 22.118157666934739 ], [ -159.606071038765265, 22.119225324914765 ], [ -159.601525753055, 22.118991272869962 ], [ -159.601244396342679, 22.118689426972445 ], [ -159.60089859733489, 22.119066374349583 ], [ -159.599504949482053, 22.118493051249327 ], [ -159.599208293798796, 22.117880129624364 ], [ -159.598836690433302, 22.118285247284341 ], [ -159.597738778665217, 22.117650065680174 ], [ -159.597309534235563, 22.116763154062028 ], [ -159.596132255298699, 22.116855623876702 ], [ -159.592513368833579, 22.114929005494531 ], [ -159.593361678643788, 22.114099235315134 ], [ -159.594230117976139, 22.114161079586193 ], [ -159.594254981595157, 22.113858379596739 ], [ -159.594157814282056, 22.112784724310114 ], [ -159.595148365189658, 22.113315984456932 ], [ -159.595083042210007, 22.114112963757844 ], [ -159.595418172160322, 22.114136828228002 ], [ -159.5956849226624, 22.113299463393549 ], [ -159.596131641758348, 22.113331273105238 ], [ -159.597664962315804, 22.113210827585423 ], [ -159.598748948352778, 22.114373930469753 ], [ -159.600072364618057, 22.114118215736081 ], [ -159.60049703781803, 22.113655235157694 ], [ -159.60121067010229, 22.113280797652848 ], [ -159.602986647906107, 22.112897955943783 ], [ -159.603824897799342, 22.112458087066269 ], [ -159.604900388869709, 22.112152019703 ], [ -159.604057010212614, 22.111053003629589 ], [ -159.605001508168641, 22.111120200045846 ], [ -159.605755216768301, 22.110724693912232 ], [ -159.606231580961492, 22.112178150278588 ], [ -159.608438935488522, 22.111667863679667 ], [ -159.609362815743452, 22.111347816340501 ], [ -159.609900066565416, 22.111924223142594 ], [ -159.611579437678841, 22.11157632942556 ], [ -159.612754372764726, 22.111973397632639 ], [ -159.614171826365123, 22.111028867832413 ], [ -159.61643913908523, 22.111597903421309 ], [ -159.617567519801156, 22.111329781914218 ], [ -159.616653233503143, 22.110601787442469 ], [ -159.617550150616552, 22.109623760338966 ], [ -159.618378458887662, 22.109964441489264 ], [ -159.618681307668368, 22.110289301958129 ], [ -159.620726528926724, 22.111852689373976 ], [ -159.621314628902923, 22.111317433400995 ], [ -159.620688477957685, 22.111059932885681 ], [ -159.620415570937524, 22.110227739374679 ], [ -159.61925075726765, 22.109905771505268 ], [ -159.619730027193754, 22.10754028622879 ], [ -159.620695744856903, 22.107787477503376 ], [ -159.622263155642969, 22.108594580650333 ], [ -159.622752171831053, 22.108332249062428 ], [ -159.621828645980685, 22.107798106630867 ], [ -159.62226460304683, 22.107062972047114 ], [ -159.621569645746973, 22.106509678386626 ], [ -159.621538681925841, 22.106168223101538 ], [ -159.621560926379118, 22.105897116461076 ], [ -159.621518697760905, 22.105431706124087 ], [ -159.623569706189528, 22.104847746143488 ], [ -159.622957302130999, 22.104497260682681 ], [ -159.620092459504775, 22.104829658039012 ], [ -159.619352914694502, 22.104777105705601 ], [ -159.618941320304202, 22.10564612152708 ], [ -159.617755772923175, 22.105901829952778 ], [ -159.617781880164728, 22.106190014843285 ], [ -159.617470175767721, 22.106715612114915 ], [ -159.616767430005694, 22.10892296811538 ], [ -159.614987187462248, 22.109857306809801 ], [ -159.614574769494766, 22.109414874851677 ], [ -159.613857331439789, 22.10947130862786 ], [ -159.613091837918489, 22.109416890502715 ], [ -159.613166776367962, 22.110243885318297 ], [ -159.611977358057544, 22.110552004899837 ], [ -159.611535049218702, 22.110520552748522 ], [ -159.610904418693593, 22.110570147718324 ], [ -159.610214409863886, 22.110286328750252 ], [ -159.609345285147157, 22.109168008021381 ], [ -159.608843190184501, 22.110227973935331 ], [ -159.607926609630908, 22.110708976792793 ], [ -159.607319650496379, 22.109454885850415 ], [ -159.606740810127604, 22.109758636891634 ], [ -159.606441772633303, 22.109737366101871 ], [ -159.6061415068028, 22.109760969219067 ], [ -159.604913974468644, 22.108294489340707 ], [ -159.605020241652852, 22.10946907541004 ], [ -159.604695628287402, 22.109494585644264 ], [ -159.603681602864185, 22.109422441755701 ], [ -159.602667814754341, 22.109773622864957 ], [ -159.602224444325174, 22.109742074889922 ], [ -159.601788312156316, 22.109776344106436 ], [ -159.601489275132195, 22.109755064234474 ], [ -159.600851117914715, 22.110089913332825 ], [ -159.599671345704166, 22.109763641790131 ], [ -159.599778777958221, 22.108452797014884 ], [ -159.599105134672953, 22.108404849053109 ], [ -159.599184015612337, 22.109276856297772 ], [ -159.598532889502479, 22.109803737721329 ], [ -159.598625397236589, 22.110826110820184 ], [ -159.597876781109306, 22.110884921309076 ], [ -159.596544542070717, 22.110336820436729 ], [ -159.595968619133998, 22.110040142433402 ], [ -159.595462723443944, 22.110591625664252 ], [ -159.595089161458503, 22.110071105886092 ], [ -159.594743344555269, 22.108342865773675 ], [ -159.594075700740831, 22.108574086372496 ], [ -159.594213860210488, 22.108161880156047 ], [ -159.594621039127276, 22.107437996136419 ], [ -159.594179037011543, 22.10615439555972 ], [ -159.592438734227159, 22.106547358303089 ], [ -159.592500727333771, 22.107874375475316 ], [ -159.591595956033188, 22.10791107730935 ], [ -159.590514650307199, 22.107382901431905 ], [ -159.590154145123108, 22.10845836299977 ], [ -159.589316984707381, 22.108430468168244 ], [ -159.588980909945036, 22.108722876149752 ], [ -159.58870125070024, 22.109280644423205 ], [ -159.588112319654101, 22.108992959175822 ], [ -159.587540244192098, 22.109825447808074 ], [ -159.586458543143493, 22.109476511633943 ], [ -159.586965727947387, 22.110361437276314 ], [ -159.586662687605155, 22.110900122330321 ], [ -159.5867000823159, 22.111700353111836 ], [ -159.586085808053696, 22.111725253793299 ], [ -159.584484025078069, 22.111118891605187 ], [ -159.580504380172584, 22.109960431900156 ], [ -159.577692262960454, 22.108282351553452 ], [ -159.576476998689117, 22.106649990486449 ], [ -159.577046316752842, 22.105231177622851 ], [ -159.57763355088656, 22.105250789098324 ], [ -159.578714873807456, 22.104893328461475 ], [ -159.580802877524832, 22.105913448233249 ], [ -159.581168497548902, 22.104458581157125 ], [ -159.582572273003308, 22.103606749419939 ], [ -159.583140862381697, 22.103030458741209 ], [ -159.584528145953442, 22.103076732336131 ], [ -159.585186439527916, 22.102784337683172 ], [ -159.585968698119586, 22.101991515274445 ], [ -159.586711536984353, 22.101661534088414 ], [ -159.588361545252582, 22.099640344675443 ], [ -159.587628017404626, 22.099128876430331 ], [ -159.58458810833568, 22.098465594601823 ], [ -159.58456210070679, 22.097908984243436 ], [ -159.584875100470583, 22.097896301552154 ], [ -159.585416597294255, 22.098436806914371 ], [ -159.586330738089316, 22.098172828411826 ], [ -159.586628343130883, 22.097871159851685 ], [ -159.588363137070019, 22.097352453654231 ], [ -159.588933317812405, 22.097068673852284 ], [ -159.590072355564757, 22.09710663156125 ], [ -159.590395935083478, 22.096531341222885 ], [ -159.590357978827228, 22.095719119234552 ], [ -159.590684034074542, 22.09597864246566 ], [ -159.591550668841364, 22.097218751885872 ], [ -159.592847815476517, 22.096573084085644 ], [ -159.592145840194775, 22.097821122231608 ], [ -159.59268826071866, 22.098457360999916 ], [ -159.59388940441886, 22.097859508440379 ], [ -159.594263811396871, 22.098946921831182 ], [ -159.594766906210083, 22.098684390572469 ], [ -159.596034806848195, 22.097060265313992 ], [ -159.596644826603807, 22.097035509333939 ], [ -159.597085884244677, 22.097050175849432 ], [ -159.59877843524427, 22.096207623038826 ], [ -159.599407743115336, 22.096228557701583 ], [ -159.60115195787094, 22.09593892048159 ], [ -159.601706199393476, 22.096491962142302 ], [ -159.602168130397814, 22.096473206119196 ], [ -159.603248792531787, 22.096509120085287 ], [ -159.602252454420267, 22.095914754028247 ], [ -159.601450791532386, 22.095114776997505 ], [ -159.600277765789855, 22.09516242921606 ], [ -159.601009070225871, 22.094069958762429 ], [ -159.601866968090945, 22.094035107667821 ], [ -159.602565146971529, 22.094058307651409 ], [ -159.603016322395348, 22.093665625463196 ], [ -159.602163687474217, 22.092814807701298 ], [ -159.601708770092216, 22.09242508404607 ], [ -159.601740285763412, 22.091602304113131 ], [ -159.600841081205715, 22.090831977977725 ], [ -159.60277575603817, 22.090735429802255 ], [ -159.603705219847569, 22.091189401096454 ], [ -159.605519707589224, 22.090779513288847 ], [ -159.604027619160746, 22.09051973376426 ], [ -159.603434824292066, 22.090230205904003 ], [ -159.602595264562297, 22.090264318988115 ], [ -159.602267736361995, 22.08969287690422 ], [ -159.603032051717889, 22.089027620531088 ], [ -159.60241403693729, 22.088498191197949 ], [ -159.601732412687227, 22.087817965525417 ], [ -159.601399974560849, 22.088079889923279 ], [ -159.600863402638254, 22.088623909573279 ], [ -159.60051377370354, 22.087239226602787 ], [ -159.600553863266924, 22.086192684811348 ], [ -159.599646045535195, 22.085928467208984 ], [ -159.599074337045352, 22.085649217319872 ], [ -159.59790970009243, 22.085310251240831 ], [ -159.599297572274111, 22.085065493570141 ], [ -159.601399572376721, 22.085369657575132 ], [ -159.601976833381968, 22.085651624798555 ], [ -159.602552465293087, 22.085365032428935 ], [ -159.60312342881133, 22.085384001714004 ], [ -159.603714501782576, 22.085089722508279 ], [ -159.604285464242793, 22.085108687757288 ], [ -159.6048765335658, 22.084814404420868 ], [ -159.605466879733399, 22.084834021698146 ], [ -159.605740050767281, 22.082914424839021 ], [ -159.606135072045959, 22.081850537560271 ], [ -159.604290905705625, 22.081448346540014 ], [ -159.604588801106104, 22.08128209051344 ], [ -159.605743973502911, 22.081320477228093 ], [ -159.606312379850124, 22.080744116735538 ], [ -159.607764481645205, 22.080309694277098 ], [ -159.607484286673611, 22.080197720750647 ], [ -159.606018167742747, 22.079942459218255 ], [ -159.605737257045689, 22.079662154331338 ], [ -159.604863267162955, 22.079281665387416 ], [ -159.605142302551656, 22.079122309992005 ], [ -159.607385936691912, 22.078714438045797 ], [ -159.607956214927867, 22.077700199409435 ], [ -159.607362027225889, 22.077107194311004 ], [ -159.606769815427157, 22.078288883909483 ], [ -159.604803378626457, 22.078588315472661 ], [ -159.603698720382482, 22.079138347963966 ], [ -159.603397665898683, 22.07912834282212 ], [ -159.603120997587354, 22.080230313862387 ], [ -159.602241069013587, 22.079670716349831 ], [ -159.601957885076217, 22.079957852288661 ], [ -159.601376576823924, 22.079938519541901 ], [ -159.601658673095699, 22.080500603561696 ], [ -159.602531593840496, 22.081248460918861 ], [ -159.602560559203994, 22.081867602548741 ], [ -159.601664748114331, 22.081297953577447 ], [ -159.6013738562566, 22.081878389380861 ], [ -159.600269917469603, 22.08077673077236 ], [ -159.599591033168849, 22.081053818064518 ], [ -159.599684213174982, 22.083046469183028 ], [ -159.599114104999785, 22.081931976189615 ], [ -159.598512520813927, 22.081331588252912 ], [ -159.597880291768263, 22.081056326710069 ], [ -159.597921421673504, 22.079982602181879 ], [ -159.597007170160595, 22.080778352680209 ], [ -159.596462802916449, 22.081864434079289 ], [ -159.596137833985694, 22.0816045867276 ], [ -159.596168931153869, 22.080792990135972 ], [ -159.595704137686283, 22.08077752991672 ], [ -159.595122651297288, 22.080801118613547 ], [ -159.594681218210894, 22.080786430651944 ], [ -159.594179004494066, 22.081295598780773 ], [ -159.592502538585933, 22.081363631431966 ], [ -159.59183643676306, 22.080061310855562 ], [ -159.589469454316941, 22.07998243553358 ], [ -159.588865096865447, 22.080807874840165 ], [ -159.58831943294004, 22.082435982939611 ], [ -159.586835217368076, 22.082180614358602 ], [ -159.586694778117334, 22.082040445168992 ], [ -159.587977175620637, 22.08188969055789 ], [ -159.588268019321589, 22.080255685010616 ], [ -159.588948925417725, 22.079194414149697 ], [ -159.588165423679186, 22.078898849318183 ], [ -159.587596003653829, 22.078216669446267 ], [ -159.5880189495943, 22.077557422794271 ], [ -159.587456589379713, 22.07715608351981 ], [ -159.58712742584936, 22.076647705587604 ], [ -159.587906995869417, 22.076082394352586 ], [ -159.588252452865191, 22.076496306908346 ], [ -159.589350316540333, 22.076728475079758 ], [ -159.589711341022451, 22.075897228499603 ], [ -159.590294185204868, 22.076222062089727 ], [ -159.590607501964428, 22.076177756371802 ], [ -159.591533540823093, 22.076693828478575 ], [ -159.592035976569576, 22.077295727137699 ], [ -159.594323061419516, 22.077649304624707 ], [ -159.595399596011504, 22.077497040479823 ], [ -159.596314780038199, 22.077619689929953 ], [ -159.597230461391831, 22.077100321539071 ], [ -159.598300160058415, 22.075764848497116 ], [ -159.599053259176543, 22.075651392969032 ], [ -159.599580218117637, 22.075328812315345 ], [ -159.60084793838854, 22.074881364511803 ], [ -159.601320290876515, 22.074238329208285 ], [ -159.602826466161332, 22.074011387326575 ], [ -159.603416891174248, 22.073207569555564 ], [ -159.604703022306126, 22.072372859482957 ], [ -159.603867206486825, 22.072110382210706 ], [ -159.602531095593491, 22.072928380532808 ], [ -159.601770461023676, 22.07315257844904 ], [ -159.601320245378389, 22.07254993896607 ], [ -159.599718797494774, 22.072890743745944 ], [ -159.599986935572019, 22.073985451852174 ], [ -159.598984683193493, 22.074523547045199 ], [ -159.599055689886114, 22.074813499562904 ], [ -159.5989505823066, 22.075258615706652 ], [ -159.598418252216106, 22.0756040915706 ], [ -159.598300160058415, 22.075764848497116 ], [ -159.59727238011331, 22.075926068067059 ], [ -159.596654227358755, 22.075581587658291 ], [ -159.596044486671161, 22.075667844116342 ], [ -159.595294885857555, 22.07476997850058 ], [ -159.594565619349027, 22.075183616865147 ], [ -159.593932827462595, 22.074425645838499 ], [ -159.594986302728842, 22.074180403275751 ], [ -159.596826888075299, 22.074704844420673 ], [ -159.597247516506087, 22.073794045576513 ], [ -159.596373918265044, 22.073492992726731 ], [ -159.596253342871904, 22.073062083294193 ], [ -159.597064773297177, 22.073419259178142 ], [ -159.59780932974175, 22.072864070367118 ], [ -159.597224774078853, 22.072149507315789 ], [ -159.597118827185398, 22.071432782121345 ], [ -159.598015343542983, 22.071969950591587 ], [ -159.598550659684264, 22.071156525345284 ], [ -159.598087667979655, 22.070465258100572 ], [ -159.599513372766125, 22.070186418392336 ], [ -159.599632405310814, 22.069526419820615 ], [ -159.599523056000521, 22.068947850812023 ], [ -159.601013378695171, 22.06918138126473 ], [ -159.600618928179415, 22.067357851050755 ], [ -159.599487324771815, 22.068016419291144 ], [ -159.599551730176131, 22.067196345378029 ], [ -159.599875576138999, 22.067247083636691 ], [ -159.600422326494851, 22.066928894334687 ], [ -159.601479882895603, 22.066657476188475 ], [ -159.601894141870929, 22.065210380880753 ], [ -159.602491356198357, 22.064792896077925 ], [ -159.602611262124782, 22.0638239702376 ], [ -159.603254578731026, 22.063700446183223 ], [ -159.603481220547025, 22.063278715905358 ], [ -159.603771972474703, 22.063277643339941 ], [ -159.603770821550967, 22.063006623516781 ], [ -159.6041249224902, 22.062912532522578 ], [ -159.603868937968798, 22.062675818530352 ], [ -159.603770821550967, 22.063006623516781 ], [ -159.603480070177511, 22.063007696067679 ], [ -159.603481220547025, 22.063278715905358 ], [ -159.602608964657264, 22.063281930502257 ], [ -159.602611262124782, 22.0638239702376 ], [ -159.601886807046753, 22.064249185476683 ], [ -159.601299609223474, 22.063946640750824 ], [ -159.601024670679038, 22.064246415937035 ], [ -159.600713397251496, 22.064498434981257 ], [ -159.600434711521331, 22.064802325372579 ], [ -159.600153467501571, 22.064500489689202 ], [ -159.599840074941199, 22.064250762861008 ], [ -159.599262047263466, 22.06363032249655 ], [ -159.596694029766013, 22.064162285866697 ], [ -159.598076529922338, 22.063043200416789 ], [ -159.598125955807546, 22.062440510142558 ], [ -159.595766023985846, 22.063432426125779 ], [ -159.594917196328538, 22.06387789753391 ], [ -159.59547186601381, 22.062620423753831 ], [ -159.595783144963548, 22.062368414507777 ], [ -159.596049959547003, 22.061805245913813 ], [ -159.59662738166017, 22.060831612546274 ], [ -159.596308904392146, 22.060381589817013 ], [ -159.594626061605823, 22.060817491423919 ], [ -159.594206325852184, 22.059949865076792 ], [ -159.593105677326349, 22.059871445377212 ], [ -159.591918387960277, 22.06020934712291 ], [ -159.59141377961808, 22.060759639005592 ], [ -159.590968079016591, 22.060727883873763 ], [ -159.590523720113168, 22.060762770521741 ], [ -159.589803493398108, 22.060347317663911 ], [ -159.590036650818377, 22.059913506026987 ], [ -159.590964227254005, 22.059801080922831 ], [ -159.591065118618758, 22.060131160163447 ], [ -159.591319101098406, 22.05989258330138 ], [ -159.590964227254005, 22.059801080922831 ], [ -159.591220456474332, 22.058361494941192 ], [ -159.593134971895466, 22.058011204695607 ], [ -159.59393312495277, 22.05811819883218 ], [ -159.595150447312164, 22.057193725660255 ], [ -159.596310688407016, 22.056541121295599 ], [ -159.595999157708235, 22.056340261322482 ], [ -159.595183488691276, 22.056455665646034 ], [ -159.592856414071719, 22.055860691055113 ], [ -159.593107355809053, 22.055303969545552 ], [ -159.593665073383136, 22.05489947994484 ], [ -159.593757128293277, 22.054302441739814 ], [ -159.593121563291618, 22.054217238606594 ], [ -159.591978022033885, 22.054379007391841 ], [ -159.592517980520427, 22.053408930835406 ], [ -159.593423277799417, 22.052356455974596 ], [ -159.59354700457294, 22.051660993546964 ], [ -159.593901084790247, 22.05156692502506 ], [ -159.593645137782971, 22.051330193877185 ], [ -159.59354700457294, 22.051660993546964 ], [ -159.592574116277149, 22.05192412900427 ], [ -159.592054411911448, 22.05308635108409 ], [ -159.5914677681059, 22.053686218570586 ], [ -159.591096927409268, 22.052874483605127 ], [ -159.590713702737048, 22.052634816295598 ], [ -159.590197919612166, 22.053788383612101 ], [ -159.589227159697003, 22.053679378478733 ], [ -159.588772198013544, 22.05315388665117 ], [ -159.588397706819336, 22.052914182455524 ], [ -159.58790572653561, 22.054542099803992 ], [ -159.587679372879336, 22.054783963376181 ], [ -159.587317418712018, 22.052888087812356 ], [ -159.586630149442641, 22.052621016002885 ], [ -159.586743988445647, 22.051740107481766 ], [ -159.587594650844153, 22.051835646912128 ], [ -159.588442740672491, 22.051583559913848 ], [ -159.587774208858121, 22.050748222374764 ], [ -159.58731082885879, 22.051291935558019 ], [ -159.585551453603415, 22.051653396180182 ], [ -159.585271147214343, 22.050185165819876 ], [ -159.585015912605712, 22.049945027157996 ], [ -159.58463996927253, 22.052837244250686 ], [ -159.583797526476275, 22.053171704168733 ], [ -159.583670002266786, 22.053593683686305 ], [ -159.582895097743517, 22.053505397447633 ], [ -159.582505959544875, 22.053326805066153 ], [ -159.58236393767703, 22.052722549122699 ], [ -159.581820143207665, 22.052979528391351 ], [ -159.582505959544875, 22.053326805066153 ], [ -159.582310640805503, 22.05423334329592 ], [ -159.583262702773254, 22.0550795371074 ], [ -159.582656730949964, 22.055356243858135 ], [ -159.582373985594273, 22.055904825313466 ], [ -159.582077617098349, 22.055900255255466 ], [ -159.581790790099575, 22.056180637322143 ], [ -159.580947256977737, 22.055368407729471 ], [ -159.58005219181868, 22.055354560370343 ], [ -159.580037452548851, 22.056178721608184 ], [ -159.580620485879564, 22.056696918702187 ], [ -159.580642041639919, 22.05752584748836 ], [ -159.580049105813288, 22.057539231673665 ], [ -159.57950601519218, 22.05701637521781 ], [ -159.577987531422878, 22.05699286225849 ], [ -159.578027421161437, 22.058529115076862 ], [ -159.576728920296802, 22.058948537939383 ], [ -159.576138040136726, 22.057823972147258 ], [ -159.57598075501042, 22.058090125173909 ], [ -159.575680805944131, 22.059551844891921 ], [ -159.572395747111017, 22.053662114141272 ], [ -159.572761846562173, 22.052951939129368 ], [ -159.574160420471344, 22.051977855539178 ], [ -159.574499673679526, 22.051319696486662 ], [ -159.575367009586472, 22.050117167420165 ], [ -159.574406522515545, 22.050311287077605 ], [ -159.573921871045542, 22.050785097989486 ], [ -159.572756390487285, 22.051596830646947 ], [ -159.572196539532541, 22.052682890647741 ], [ -159.571418853697025, 22.052341234046565 ], [ -159.566966596667555, 22.045408353415315 ], [ -159.562676397329994, 22.039214545657188 ], [ -159.55797452962355, 22.035033658448533 ], [ -159.557283594781893, 22.033794389776787 ], [ -159.558490492560281, 22.032988547420818 ], [ -159.560200207540248, 22.032671303494045 ], [ -159.561043355255862, 22.03184705064184 ], [ -159.56178200921849, 22.031180517373901 ], [ -159.562207675720771, 22.030764378517947 ], [ -159.564535794207444, 22.029948718666162 ], [ -159.565110249553243, 22.029670285812919 ], [ -159.565696384461717, 22.029402662294672 ], [ -159.566052950500733, 22.028710862332638 ], [ -159.567742851624985, 22.028300824295176 ], [ -159.568308078621982, 22.028309617050745 ], [ -159.568818972078475, 22.027810140706496 ], [ -159.570915669701861, 22.026132240868325 ], [ -159.571708374755644, 22.024594151184878 ], [ -159.572943710657682, 22.025182061552112 ], [ -159.573811359059647, 22.024761468797134 ], [ -159.57438707556264, 22.024770402600495 ], [ -159.574984013354765, 22.02448100521697 ], [ -159.576437495958572, 22.024503556970355 ], [ -159.577726385855556, 22.02324328806748 ], [ -159.578265420158999, 22.023762496978698 ], [ -159.579589659304816, 22.023120499934166 ], [ -159.581078303194801, 22.023380828321073 ], [ -159.581899554120724, 22.023771616598086 ], [ -159.582522517411604, 22.022562622308776 ], [ -159.582817919831683, 22.022295971633824 ], [ -159.583351994582387, 22.021773705764176 ], [ -159.585310865229076, 22.021140701072486 ], [ -159.586478177635371, 22.021696114509211 ], [ -159.592079581030589, 22.020655589366406 ], [ -159.592697488677089, 22.020097756096792 ], [ -159.593381351214532, 22.019428899279426 ], [ -159.594851165045128, 22.020350127305196 ], [ -159.596694715224402, 22.01959807155194 ], [ -159.59718420362455, 22.019119313806449 ], [ -159.597774937178514, 22.018585960392539 ], [ -159.598211696446754, 22.018158738633968 ], [ -159.599802080405169, 22.018183181643462 ], [ -159.601391357662862, 22.018147118840304 ], [ -159.601413444919928, 22.018992007782327 ], [ -159.600532592912458, 22.019787355778938 ], [ -159.599681550297078, 22.020619809777106 ], [ -159.598647762130014, 22.021553205286466 ], [ -159.597961724154203, 22.022224258592065 ], [ -159.596775514087255, 22.022251162646523 ], [ -159.596187319986541, 22.021971327059742 ], [ -159.595603333887453, 22.021984566885667 ], [ -159.594199485947399, 22.02196294766695 ], [ -159.593566831100389, 22.022251964638436 ], [ -159.592793806824801, 22.022626844284243 ], [ -159.590372844023022, 22.023076580089207 ], [ -159.590089137652768, 22.023354053633327 ], [ -159.589503075365656, 22.023621763075568 ], [ -159.588928693940403, 22.023900280095088 ], [ -159.587471726194565, 22.024442136018752 ], [ -159.586897337349654, 22.024720646050252 ], [ -159.586135454746568, 22.025068656615957 ], [ -159.585733257202691, 22.025803489315148 ], [ -159.585444947455642, 22.026363064049185 ], [ -159.584284062832523, 22.026345107596953 ], [ -159.583996809662693, 22.027181342915121 ], [ -159.582968281382563, 22.027165436387364 ], [ -159.583666338559681, 22.028417074743942 ], [ -159.582832742136333, 22.028797831015964 ], [ -159.582860376349032, 22.029862333228571 ], [ -159.582286332135993, 22.030423630138767 ], [ -159.580727523841091, 22.030901374313768 ], [ -159.579390671638919, 22.033343554774895 ], [ -159.581084923346225, 22.032135471664485 ], [ -159.582560630300407, 22.031777271511434 ], [ -159.582856593691503, 22.031781843066913 ], [ -159.583146127250302, 22.031498736703519 ], [ -159.584012368577618, 22.031512126790744 ], [ -159.584017326607835, 22.03123284533822 ], [ -159.583996262641108, 22.0304228866909 ], [ -159.584301686040249, 22.030415991370045 ], [ -159.584892187688297, 22.030425116303164 ], [ -159.584877269061906, 22.029851191665117 ], [ -159.585752473524991, 22.029061156970975 ], [ -159.586133955448247, 22.028688075017147 ], [ -159.586914363472971, 22.029059380815127 ], [ -159.587198658215613, 22.028231869106811 ], [ -159.588071692957897, 22.028245362621895 ], [ -159.588455885387987, 22.027499721001348 ], [ -159.589088527936241, 22.028108959356082 ], [ -159.589520041372992, 22.027686989849887 ], [ -159.590252405336145, 22.027698281529265 ], [ -159.590814768950963, 22.026606792123353 ], [ -159.592125695289013, 22.026577114361086 ], [ -159.592719200033685, 22.02741408263056 ], [ -159.593298102291811, 22.0265837910157 ], [ -159.594166442425291, 22.026597153434121 ], [ -159.594588323651408, 22.026184552075218 ], [ -159.596788170622375, 22.026576674339086 ], [ -159.597367780834901, 22.026852403010277 ], [ -159.599060023256641, 22.026031758659482 ], [ -159.599403125281924, 22.026296103509804 ], [ -159.599959208914385, 22.027354167295332 ], [ -159.601079445766658, 22.028719496862184 ], [ -159.600000263716851, 22.028743997875058 ], [ -159.598858157725573, 22.028200699980125 ], [ -159.598075818976753, 22.028541727409685 ], [ -159.596941143736302, 22.029091969240934 ], [ -159.596030224015266, 22.028658640941003 ], [ -159.595629842448034, 22.029020118920371 ], [ -159.595346135009322, 22.029297601402959 ], [ -159.594469375378594, 22.02956638480417 ], [ -159.593605425947118, 22.030116994276629 ], [ -159.59273501351106, 22.030514608373259 ], [ -159.59385426618735, 22.030701119771688 ], [ -159.59432394017611, 22.030241763297976 ], [ -159.595639084970628, 22.029838587513169 ], [ -159.59619540320665, 22.029294513057245 ], [ -159.596509979098101, 22.029558967622414 ], [ -159.596991173107455, 22.030022311938016 ], [ -159.598540673517419, 22.029270924920063 ], [ -159.599736333848199, 22.029839702074707 ], [ -159.602016626918186, 22.029787948764621 ], [ -159.602904950557189, 22.030896110246065 ], [ -159.603850349210603, 22.031469019766593 ], [ -159.603421389507901, 22.033055461964999 ], [ -159.603940145863788, 22.033063425819464 ], [ -159.604364107478489, 22.032240433313046 ], [ -159.604938747268875, 22.031721588065302 ], [ -159.605508332371045, 22.030615814265747 ], [ -159.605813541205805, 22.030608879638596 ], [ -159.606386583491172, 22.030617660765127 ], [ -159.60753617596319, 22.030060086412693 ], [ -159.607848743214959, 22.030064865587313 ], [ -159.608973750229154, 22.029519216628067 ], [ -159.609587781465393, 22.029505237829984 ], [ -159.610171962002113, 22.029514179397719 ], [ -159.610892887477519, 22.028809001609471 ], [ -159.611894559358291, 22.029773254498586 ], [ -159.611915097289256, 22.029234701121482 ], [ -159.611893705398671, 22.028418232496854 ], [ -159.612490570478627, 22.027879278993453 ], [ -159.612836492891887, 22.026532753013822 ], [ -159.61364451542957, 22.026514361228024 ], [ -159.6141684995726, 22.026522372813456 ], [ -159.615855732716682, 22.026208688526339 ], [ -159.616818253420718, 22.024339720966424 ], [ -159.617134357373288, 22.024885311465642 ], [ -159.617122570703572, 22.025555473996583 ], [ -159.617154268431335, 22.026761931044135 ], [ -159.615688981660014, 22.028085166203496 ], [ -159.615981381803294, 22.02949927155683 ], [ -159.616846086449385, 22.028128537609348 ], [ -159.617881193812138, 22.027811033286596 ], [ -159.618595137871836, 22.026506017920525 ], [ -159.618566136907191, 22.025400407981081 ], [ -159.619456185847667, 22.025413968044599 ], [ -159.619738729107723, 22.024865325137846 ], [ -159.620048909290801, 22.02458520331901 ], [ -159.619060153853894, 22.023706605940959 ], [ -159.619542900787962, 22.02276913054844 ], [ -159.622809622902963, 22.022311369734986 ], [ -159.627483050246269, 22.023705733912674 ], [ -159.629977499553206, 22.025216953082843 ], [ -159.633852558690165, 22.030499798972812 ], [ -159.634886243270074, 22.032351625535902 ], [ -159.634915289344946, 22.033454218322891 ], [ -159.634601531630153, 22.034027902644596 ], [ -159.635723580247372, 22.034362579713083 ], [ -159.636308172073456, 22.036968169166439 ], [ -159.634161054393758, 22.037302588701923 ], [ -159.634922474863288, 22.03837561162905 ], [ -159.636370589766443, 22.039023680354351 ], [ -159.636027879689578, 22.041219816715515 ], [ -159.634499015745661, 22.04567512293724 ], [ -159.633265390832861, 22.048070890593312 ], [ -159.631227526168118, 22.050064639480603 ], [ -159.627393129950974, 22.053527386646458 ], [ -159.62618467981352, 22.055024777361361 ], [ -159.624644360935349, 22.058315317686677 ], [ -159.623377415206278, 22.057916458292922 ], [ -159.622647073777017, 22.057786439578344 ] ], [ [ -159.604249499292791, 22.1071816599902 ], [ -159.604350457824097, 22.107511727687807 ], [ -159.604604500114789, 22.107273121894949 ], [ -159.604249499292791, 22.1071816599902 ] ], [ [ -159.605748850651878, 22.117745980595206 ], [ -159.605868012427123, 22.118361442457299 ], [ -159.606127560592341, 22.117895313366745 ], [ -159.605748850651878, 22.117745980595206 ] ], [ [ -159.624678814951409, 22.123095098180958 ], [ -159.624577797377867, 22.122765045017623 ], [ -159.624323762451979, 22.123003681294822 ], [ -159.624678814951409, 22.123095098180958 ], [ -159.624680009314858, 22.123366114947544 ], [ -159.624970883170164, 22.123365001852122 ], [ -159.625071902117583, 22.123695054716869 ], [ -159.625325936960593, 22.123456417296186 ], [ -159.624970883170164, 22.123365001852122 ], [ -159.624969688250673, 22.123093985100578 ], [ -159.624678814951409, 22.123095098180958 ] ], [ [ -159.623222065067182, 22.122558622100886 ], [ -159.623381654965272, 22.12290213266348 ], [ -159.623891497962234, 22.122665919948727 ], [ -159.623222065067182, 22.122558622100886 ] ], [ [ -159.621749874106513, 22.118498911522046 ], [ -159.621527195201253, 22.119021298741021 ], [ -159.622059778071815, 22.119697428573954 ], [ -159.622747199710005, 22.118649041552889 ], [ -159.621749874106513, 22.118498911522046 ] ], [ [ -159.60894485482703, 22.116921028571831 ], [ -159.609299085639549, 22.116826932285989 ], [ -159.609042993095528, 22.116590222076717 ], [ -159.60894485482703, 22.116921028571831 ], [ -159.608590623525913, 22.117015124098913 ], [ -159.608846716119274, 22.11725183500505 ], [ -159.60894485482703, 22.116921028571831 ] ], [ [ -159.610978549354797, 22.116371388960495 ], [ -159.611079530539371, 22.116701451626181 ], [ -159.611333577293237, 22.116462835517517 ], [ -159.610978549354797, 22.116371388960495 ] ], [ [ -159.663912272660042, 22.115622746614182 ], [ -159.663742002875438, 22.116005156164746 ], [ -159.663502870503919, 22.11717324768113 ], [ -159.662589800249833, 22.116519792167583 ], [ -159.662124506975346, 22.118240218554096 ], [ -159.662630072860594, 22.118990892047535 ], [ -159.663804876529781, 22.118134857753059 ], [ -159.664327525068643, 22.116815835651725 ], [ -159.664773440415388, 22.116171622355019 ], [ -159.663912272660042, 22.115622746614182 ] ], [ [ -159.661565197624157, 22.111295946747187 ], [ -159.66143254562931, 22.11171309661097 ], [ -159.66099146151177, 22.112457317937434 ], [ -159.662284171605791, 22.111868091227198 ], [ -159.661565197624157, 22.111295946747187 ] ], [ [ -159.654478010770788, 22.151164427164119 ], [ -159.654278121163344, 22.152329219135307 ], [ -159.654453356783563, 22.152637688802209 ], [ -159.655310399736464, 22.151594130436639 ], [ -159.654478010770788, 22.151164427164119 ] ], [ [ -159.664903086504324, 22.140823541359683 ], [ -159.665050658597636, 22.141349677304561 ], [ -159.666308383021459, 22.141741563545104 ], [ -159.666155089123379, 22.141117434404855 ], [ -159.664903086504324, 22.140823541359683 ] ], [ [ -159.670371328279117, 22.128334284694454 ], [ -159.670472456040983, 22.128664306613892 ], [ -159.670726421132514, 22.128425600330626 ], [ -159.670371328279117, 22.128334284694454 ] ], [ [ -159.668902850162397, 22.125359093632607 ], [ -159.669022256679284, 22.125974502259265 ], [ -159.669281607646667, 22.12550827785163 ], [ -159.668902850162397, 22.125359093632607 ] ], [ [ -159.670563507940585, 22.107464975363268 ], [ -159.670723157721994, 22.107808438070002 ], [ -159.671232864156366, 22.107572080363017 ], [ -159.670563507940585, 22.107464975363268 ] ], [ [ -159.65311066085286, 22.106993637490408 ], [ -159.653230016930223, 22.107609060962236 ], [ -159.65348938865705, 22.107142860142886 ], [ -159.65311066085286, 22.106993637490408 ] ], [ [ -159.671719162757114, 22.10583410746802 ], [ -159.671350291181909, 22.106547886721813 ], [ -159.671656360287528, 22.107011948206342 ], [ -159.672257767069027, 22.105936427778335 ], [ -159.671719162757114, 22.10583410746802 ] ], [ [ -159.666072479761908, 22.080110255747044 ], [ -159.666321449152633, 22.081297489815661 ], [ -159.666796823736576, 22.080730301731723 ], [ -159.666072479761908, 22.080110255747044 ] ], [ [ -159.587544733225315, 22.076616911106512 ], [ -159.587645629629918, 22.076946991693539 ], [ -159.587899647319176, 22.076708419839083 ], [ -159.587544733225315, 22.076616911106512 ] ], [ [ -159.588888611656301, 22.050051667748328 ], [ -159.588989490745803, 22.050381748918277 ], [ -159.589243459795114, 22.050143175302264 ], [ -159.588888611656301, 22.050051667748328 ] ] ] } },
{ "type": "Feature", "properties": { "ID": 60, "GRIDCODE": 2 }, "geometry": { "type": "Polygon", "coordinates": [ [ [ -159.578093775242365, 21.969053150698201 ], [ -159.578191892531436, 21.96872235742638 ], [ -159.578447662739876, 21.968959118890908 ], [ -159.578093775242365, 21.969053150698201 ] ] ] } },
{ "type": "Feature", "properties": { "ID": 61, "GRIDCODE": 2 }, "geometry": { "type": "Polygon", "coordinates": [ [ [ -159.453392591844079, 21.953996025730856 ], [ -159.453747119148318, 21.954087817259481 ], [ -159.453493086315461, 21.954326201411117 ], [ -159.453392591844079, 21.953996025730856 ] ] ] } },
{ "type": "Feature", "properties": { "ID": 62, "GRIDCODE": 2 }, "geometry": { "type": "Polygon", "coordinates": [ [ [ -159.453392591844079, 21.953996025730856 ], [ -159.453038064981286, 21.953904233428311 ], [ -159.453292097850692, 21.95366584996798 ], [ -159.453392591844079, 21.953996025730856 ] ] ] } },
{ "type": "Feature", "properties": { "ID": 63, "GRIDCODE": 2 }, "geometry": { "type": "Polygon", "coordinates": [ [ [ -159.578093775242365, 21.969053150698201 ], [ -159.578237803930421, 21.969461898511266 ], [ -159.578536356112494, 21.969997476962615 ], [ -159.578846126447189, 21.970587406112823 ], [ -159.578822783153896, 21.971899304083195 ], [ -159.579283497507618, 21.971888911705083 ], [ -159.580099262188696, 21.968715563432117 ], [ -159.581264171748387, 21.969837953056455 ], [ -159.583503188868434, 21.972451639126422 ], [ -159.583481680250969, 21.973663813669653 ], [ -159.582618319241675, 21.974861542620751 ], [ -159.582330376597838, 21.975420566452218 ], [ -159.580410564558889, 21.9762977182491 ], [ -159.582837749069768, 21.976757957341697 ], [ -159.584365082131029, 21.975668416578852 ], [ -159.584972273414081, 21.975390991468046 ], [ -159.585538318326655, 21.974837274017563 ], [ -159.58648081731053, 21.975745285891314 ], [ -159.58756815494948, 21.977299242946636 ], [ -159.586408005228577, 21.97782935122806 ], [ -159.586123948700248, 21.978002057371945 ], [ -159.588274396769009, 21.978385620180859 ], [ -159.589502484635432, 21.980118177504608 ], [ -159.588265846847577, 21.98123494490947 ], [ -159.58601795387554, 21.981924178136399 ], [ -159.584692617079753, 21.98327251234425 ], [ -159.586718923941959, 21.983226703833537 ], [ -159.587068868057116, 21.984219638003989 ], [ -159.588225941500809, 21.983482096519413 ], [ -159.590214680579436, 21.983512804356305 ], [ -159.591196231270203, 21.983036743690043 ], [ -159.592548540760333, 21.984339360233601 ], [ -159.592538822382721, 21.98488656093642 ], [ -159.591670989614698, 21.985670251576092 ], [ -159.591388481357257, 21.986218749901205 ], [ -159.59071670863139, 21.987150740801056 ], [ -159.589644927938764, 21.988118591292327 ], [ -159.590150493413631, 21.989025236801627 ], [ -159.594160293778458, 21.987491449447091 ], [ -159.594876797732923, 21.987832401001867 ], [ -159.59520639080614, 21.987824936217766 ], [ -159.597191925542376, 21.989737339792715 ], [ -159.596024670307628, 21.989719368282596 ], [ -159.594647985243057, 21.991066131596163 ], [ -159.594019432448732, 21.991353330848078 ], [ -159.593452156208571, 21.9919082890925 ], [ -159.592713852807549, 21.992574960590797 ], [ -159.591721099049437, 21.993546112071815 ], [ -159.588806656933627, 21.996177738061927 ], [ -159.588822512772936, 21.996787491404138 ], [ -159.588369279027063, 21.997615779261508 ], [ -159.58886767650722, 21.997604511994851 ], [ -159.590554599601376, 21.996786375841108 ], [ -159.591431167107203, 21.996517616631952 ], [ -159.592296404510876, 21.996237942796846 ], [ -159.593068413468956, 21.996249842713887 ], [ -159.594616456609572, 21.995145541598713 ], [ -159.595493005902767, 21.994876761023939 ], [ -159.596675354755718, 21.994303282252297 ], [ -159.59810582229801, 21.994325301189722 ], [ -159.599559546486006, 21.993972195709357 ], [ -159.599546017373285, 21.994737319270527 ], [ -159.598685041811365, 21.995130742647113 ], [ -159.598401406203976, 21.995408229912268 ], [ -159.597525994729409, 21.995948048323054 ], [ -159.597100535069387, 21.996364276125696 ], [ -159.596657550825199, 21.996764289129057 ], [ -159.596049703023198, 21.997358922972275 ], [ -159.59611504655814, 21.997850367647242 ], [ -159.597241265721323, 21.997304118433128 ], [ -159.597816870674023, 21.997312972395875 ], [ -159.599263768590077, 21.996611152587331 ], [ -159.601021561772967, 21.995807902926614 ], [ -159.602465312583917, 21.995107555654762 ], [ -159.602756880898966, 21.995886793506173 ], [ -159.600727321992991, 21.997020460682762 ], [ -159.600301868771595, 21.997436696597379 ], [ -159.599577071152567, 21.998091240207884 ], [ -159.599287330490938, 21.998757359141706 ], [ -159.601490975072977, 21.998044911926065 ], [ -159.602209184691304, 21.998386633997754 ], [ -159.602837132514026, 21.999581563575227 ], [ -159.603368695372524, 21.998033102068508 ], [ -159.604800648049775, 21.996739891275766 ], [ -159.605167085815481, 21.99638139520539 ], [ -159.60717851591744, 21.997133625626589 ], [ -159.606582767474691, 21.99877804889471 ], [ -159.60828894458507, 21.997804479279207 ], [ -159.609171507713285, 21.998082568585591 ], [ -159.609161981817635, 21.998626574835935 ], [ -159.610023127813321, 21.998606980946754 ], [ -159.611025061642891, 21.998922646367156 ], [ -159.611782510066206, 21.999721750948684 ], [ -159.610315252430581, 22.001046930381321 ], [ -159.610946538370911, 22.001329633392146 ], [ -159.611501632390627, 22.001317010665822 ], [ -159.612082929887208, 22.001325908791916 ], [ -159.613360127710507, 22.001296820061054 ], [ -159.614119456739616, 22.002493693845739 ], [ -159.612947405878003, 22.003216584788483 ], [ -159.61238924189459, 22.004300457052842 ], [ -159.611513831617231, 22.004840349587017 ], [ -159.611088387879988, 22.005256612906006 ], [ -159.610441212755916, 22.005841123328842 ], [ -159.611234826643482, 22.006196518255994 ], [ -159.612103263397501, 22.006740755667938 ], [ -159.613367753432669, 22.007507106569467 ], [ -159.612565096352739, 22.007873933986669 ], [ -159.610930705274029, 22.008365856762094 ], [ -159.610369882976187, 22.007825894283211 ], [ -159.609740686196062, 22.007291609861795 ], [ -159.607606528748818, 22.007981662475085 ], [ -159.606281815487819, 22.007564312672944 ], [ -159.606310370008771, 22.00865580376535 ], [ -159.605421391955531, 22.009204018745685 ], [ -159.60892813111775, 22.009546174033762 ], [ -159.608917624357929, 22.010143084800777 ], [ -159.610672130522801, 22.010535024663348 ], [ -159.610959302208329, 22.011081431564037 ], [ -159.611379065835365, 22.011454495229948 ], [ -159.60935728627905, 22.014259719281085 ], [ -159.606891201160437, 22.013798245766772 ], [ -159.605747117445873, 22.014353180228003 ], [ -159.605408185368333, 22.014347980947978 ], [ -159.603710447190025, 22.013813117450095 ], [ -159.600506348369635, 22.013559286486704 ], [ -159.599811102624585, 22.013228525050099 ], [ -159.597885998599594, 22.01385084146883 ], [ -159.596586550190551, 22.013830845421026 ], [ -159.595548774612979, 22.013854370331391 ], [ -159.59558164301535, 22.015114213920235 ], [ -159.594410572150338, 22.015473260012932 ], [ -159.594128018443342, 22.016021762156825 ], [ -159.59362657080456, 22.016474483890853 ], [ -159.592204016999915, 22.015797664551535 ], [ -159.591685068565766, 22.016805100830791 ], [ -159.590348139466499, 22.017114098041606 ], [ -159.589966699052411, 22.0174871894028 ], [ -159.589187414142458, 22.017116405369446 ], [ -159.588617756963487, 22.017673539538094 ], [ -159.586570986599071, 22.017641937187197 ], [ -159.586590886322966, 22.018407766301259 ], [ -159.585092332064875, 22.01793548546749 ], [ -159.583847684721547, 22.017963612256214 ], [ -159.5829628575801, 22.019232598740569 ], [ -159.580839315102622, 22.019626959682498 ], [ -159.580187222667604, 22.021525295591164 ], [ -159.578158280471712, 22.021493873421168 ], [ -159.577583671852096, 22.021772451044772 ], [ -159.575869270355923, 22.022555419102954 ], [ -159.573222163075286, 22.022866445259922 ], [ -159.572654681748133, 22.023421333931744 ], [ -159.570901139126988, 22.02395865391809 ], [ -159.569586202313701, 22.024383433508884 ], [ -159.56900703655117, 22.026068939929651 ], [ -159.567076900821405, 22.027146288776862 ], [ -159.56539340338756, 22.027772123113504 ], [ -159.56418383240802, 22.028634482933462 ], [ -159.56036800002687, 22.030764163948277 ], [ -159.559601587062275, 22.031862833730074 ], [ -159.557103661476759, 22.032791256958582 ], [ -159.556104817603057, 22.029701101340468 ], [ -159.553921317651685, 22.02306049605836 ], [ -159.550679455586334, 22.015440391594272 ], [ -159.544890948267323, 22.003822412100398 ], [ -159.540177137873684, 21.992327341333549 ], [ -159.535943625238616, 21.986199373889651 ], [ -159.534408361783477, 21.984505752089511 ], [ -159.535034646563389, 21.98451563830109 ], [ -159.535879417114614, 21.985329988382791 ], [ -159.536160060938784, 21.983963819593171 ], [ -159.53705055676653, 21.982882217757599 ], [ -159.537888564061006, 21.983689995926031 ], [ -159.539362406268253, 21.983953325455108 ], [ -159.540212814291777, 21.984358378234088 ], [ -159.540513830845299, 21.982594392713267 ], [ -159.541099822621334, 21.982326858644477 ], [ -159.541614186508951, 21.981823963646764 ], [ -159.542842984265974, 21.982594893248617 ], [ -159.543138280474153, 21.982022016328784 ], [ -159.543124878935316, 21.981501756165521 ], [ -159.54357412155133, 21.981096339286804 ], [ -159.543121805624224, 21.980693907201101 ], [ -159.543129430608502, 21.98027388980843 ], [ -159.543996426767848, 21.97987802325294 ], [ -159.544359466633239, 21.97882186820199 ], [ -159.543693514089171, 21.97852328708251 ], [ -159.543987273849751, 21.977438396616616 ], [ -159.543980202430959, 21.977165075202493 ], [ -159.544009564746631, 21.975542823914203 ], [ -159.542739184114993, 21.975258432197627 ], [ -159.543109619233491, 21.973890118232056 ], [ -159.544301309856223, 21.972814561097429 ], [ -159.54570276128689, 21.972836574735386 ], [ -159.545996600988587, 21.972521707617361 ], [ -159.545409443321574, 21.971467813922786 ], [ -159.545860274319466, 21.971060896865065 ], [ -159.546283146351414, 21.971468531809506 ], [ -159.546580547347389, 21.971733145109823 ], [ -159.546929566555377, 21.972398124533797 ], [ -159.546542132774363, 21.973466426029514 ], [ -159.54748148556186, 21.974711461578757 ], [ -159.54744689090964, 21.973366969781768 ], [ -159.54775277473226, 21.972808242548712 ], [ -159.547739020872285, 21.972274055020804 ], [ -159.547744293314878, 21.971984034441284 ], [ -159.548470618552841, 21.971328436983491 ], [ -159.548896150298702, 21.970912332569142 ], [ -159.549292032896744, 21.970645405442582 ], [ -159.550069918101798, 21.973895147775259 ], [ -159.550852249182356, 21.97459120443423 ], [ -159.551240637681133, 21.976075281841247 ], [ -159.550661492451667, 21.976598026359941 ], [ -159.550378841989584, 21.977146457670667 ], [ -159.549799265155656, 21.977669597671373 ], [ -159.549235895990819, 21.979308871750387 ], [ -159.54861156636332, 21.979857235496002 ], [ -159.54724374431126, 21.979205817744891 ], [ -159.546345732402898, 21.980948131248088 ], [ -159.545448548084863, 21.981222954824531 ], [ -159.545463208784383, 21.981792043299635 ], [ -159.54720336827495, 21.982572273144413 ], [ -159.547188505813011, 21.983396078383493 ], [ -159.546476943827997, 21.983384917891556 ], [ -159.546032291158497, 21.983394851113783 ], [ -159.546052883806595, 21.984197116060798 ], [ -159.545750774554222, 21.984748912668671 ], [ -159.546062013582713, 21.985025820537778 ], [ -159.546047367642331, 21.985833744245895 ], [ -159.546547903988852, 21.98627904997538 ], [ -159.546050278052888, 21.987187884825467 ], [ -159.546640728577927, 21.987452613231692 ], [ -159.547216614702165, 21.988007622089025 ], [ -159.545471197180234, 21.988542273764242 ], [ -159.546946838879961, 21.989554875918557 ], [ -159.546935776043114, 21.990167125374697 ], [ -159.547236400544335, 21.990706591643917 ], [ -159.546939014369968, 21.990974988961952 ], [ -159.546658398956339, 21.99206546360201 ], [ -159.546363251331115, 21.992604483781108 ], [ -159.546416361065951, 21.992873929144313 ], [ -159.548117575975255, 21.992049412260481 ], [ -159.548107637634104, 21.992602138740306 ], [ -159.548427325887445, 21.994222359890045 ], [ -159.54926219244868, 21.993406167642096 ], [ -159.549712120748751, 21.993413212896979 ], [ -159.550293302314827, 21.993400214111617 ], [ -159.551233532529892, 21.993414939552981 ], [ -159.552274538431789, 21.994884127900097 ], [ -159.552770139229722, 21.995855208410269 ], [ -159.552187598050295, 21.996380963955566 ], [ -159.552932551368031, 21.996917516281439 ], [ -159.553362623610411, 21.996083081634076 ], [ -159.554058568947937, 21.995454972635621 ], [ -159.553322802130282, 21.994450530120112 ], [ -159.55334667820523, 21.99312444005718 ], [ -159.553330563823437, 21.992500206691126 ], [ -159.551754399019956, 21.99141872280407 ], [ -159.553238743802524, 21.99074093421557 ], [ -159.551861009159779, 21.990329123214195 ], [ -159.551893609608527, 21.988521855124709 ], [ -159.55186556875023, 21.987435172855264 ], [ -159.552451699651073, 21.987167548329033 ], [ -159.552737248154386, 21.986613512859204 ], [ -159.553337715246698, 21.986622919722169 ], [ -159.553892484820807, 21.985515264331916 ], [ -159.55330927429992, 21.984996432007378 ], [ -159.552731703456203, 21.984430548858626 ], [ -159.554687024809311, 21.982010468476467 ], [ -159.55505004764214, 21.983377699546253 ], [ -159.555909621054724, 21.982537222358275 ], [ -159.556798908365238, 21.982551130268039 ], [ -159.556777511830433, 21.98172182369041 ], [ -159.557368602180787, 21.981188297988705 ], [ -159.557652291762764, 21.980910880069761 ], [ -159.558819414471145, 21.980641307731737 ], [ -159.559200842005993, 21.98026828751409 ], [ -159.5599759395744, 21.980637365756877 ], [ -159.560563970959606, 21.980900960756031 ], [ -159.561141549498956, 21.981175970409957 ], [ -159.561430873511625, 21.981142558100483 ], [ -159.560822132164901, 21.980050336339453 ], [ -159.560262270949153, 21.979552275349423 ], [ -159.559683609302994, 21.978709271123822 ], [ -159.560262616156649, 21.977651452977867 ], [ -159.559681978638878, 21.977134900160401 ], [ -159.559367554439433, 21.976535984094962 ], [ -159.559383982505949, 21.975622646234534 ], [ -159.559373451487829, 21.975216139398121 ], [ -159.559383185670072, 21.974676662910618 ], [ -159.559067957980034, 21.974396270098691 ], [ -159.55908253032635, 21.973588279499179 ], [ -159.558199273652974, 21.973324276396234 ], [ -159.559100446030214, 21.972510803827721 ], [ -159.55819638610356, 21.97224056879821 ], [ -159.558790411358927, 21.971416711250377 ], [ -159.557908113545551, 21.970631786674659 ], [ -159.557364151865016, 21.969087509953265 ], [ -159.555654591554827, 21.968576440682078 ], [ -159.556972445561911, 21.967764099958629 ], [ -159.557599787884811, 21.966264430667078 ], [ -159.558746563895909, 21.966282368320407 ], [ -159.55992781030443, 21.965900717365756 ], [ -159.559916354006106, 21.965457257793862 ], [ -159.559921250535098, 21.965186212304026 ], [ -159.559913729851473, 21.96489623514298 ], [ -159.559139738414501, 21.964207619788688 ], [ -159.560791352317352, 21.963285446045614 ], [ -159.560770430090372, 21.962473026476847 ], [ -159.56078515454746, 21.961651916200807 ], [ -159.55960292893559, 21.961121864263607 ], [ -159.559612713432472, 21.960577258595258 ], [ -159.559308251528392, 21.960030944215966 ], [ -159.559318383794647, 21.959466155687618 ], [ -159.559894642774339, 21.958413293219714 ], [ -159.56017615878784, 21.957593820412765 ], [ -159.560763710010121, 21.957325451502818 ], [ -159.560462324932843, 21.956513856162136 ], [ -159.560469779836268, 21.95609954532403 ], [ -159.559587675413752, 21.955704048560012 ], [ -159.559300731083056, 21.955136135903743 ], [ -159.560708379743772, 21.953183613078625 ], [ -159.561032904069862, 21.953801915245414 ], [ -159.561845111660119, 21.954877829932482 ], [ -159.562193940646864, 21.953521491096389 ], [ -159.56248924225676, 21.953254877043562 ], [ -159.562778520180245, 21.952971906225464 ], [ -159.56364464008567, 21.952985413061786 ], [ -159.563967407069754, 21.952669670787458 ], [ -159.565973098271655, 21.952700952954938 ], [ -159.567085852423816, 21.952341357084009 ], [ -159.567421033466388, 21.952886095494797 ], [ -159.565971906534429, 21.9537795478712 ], [ -159.565685101370576, 21.954614498980739 ], [ -159.565099734081315, 21.955143021834758 ], [ -159.565114212611036, 21.955701373698194 ], [ -159.565702823984964, 21.95622506173051 ], [ -159.565688298488908, 21.95703558472157 ], [ -159.566737701305925, 21.957506069315727 ], [ -159.567728219087201, 21.957025734671358 ], [ -159.56834977169629, 21.957035429513606 ], [ -159.569183951718003, 21.957839308144976 ], [ -159.57066133911141, 21.958103027088093 ], [ -159.570641457279464, 21.95921718535979 ], [ -159.569903306237563, 21.960566057842755 ], [ -159.568610077167733, 21.961363411474398 ], [ -159.5700764975048, 21.961625187828215 ], [ -159.571150168273363, 21.962298664824971 ], [ -159.571873107492848, 21.96126176105226 ], [ -159.572988494072376, 21.960254618040519 ], [ -159.573569270666439, 21.960263641087131 ], [ -159.574137261899864, 21.961345439529136 ], [ -159.575302744374625, 21.962936365684989 ], [ -159.575660593052618, 21.963952096507011 ], [ -159.575245196558143, 21.964711319748151 ], [ -159.573861932438064, 21.965135373385912 ], [ -159.573207252974839, 21.965452889208304 ], [ -159.570971322088894, 21.969163746103494 ], [ -159.570983148525897, 21.969620089216395 ], [ -159.570975774814826, 21.970029270944327 ], [ -159.571276420888324, 21.970296639692929 ], [ -159.570978062106747, 21.970565992898656 ], [ -159.570695501892033, 21.971114457689495 ], [ -159.570396998902964, 21.971383926160097 ], [ -159.57072602163467, 21.971650982198799 ], [ -159.571560275642412, 21.97083499528911 ], [ -159.571855594350495, 21.970568364561466 ], [ -159.572158703539003, 21.969980009031811 ], [ -159.573012416243984, 21.969209190144973 ], [ -159.573569016074714, 21.96866477669511 ], [ -159.574508078867837, 21.968376900738431 ], [ -159.575708069765369, 21.967794943096145 ], [ -159.577360791024262, 21.968146932146183 ], [ -159.576647014190115, 21.970116329643108 ], [ -159.578093775242365, 21.969053150698201 ] ] ] } },
{ "type": "Feature", "properties": { "ID": 64, "GRIDCODE": 2 }, "geometry": { "type": "Polygon", "coordinates": [ [ [ -159.511178985997674, 21.945424422209967 ], [ -159.511375834637789, 21.945550293097011 ], [ -159.511992784184883, 21.946427800041974 ], [ -159.511848361597117, 21.947038532775149 ], [ -159.512176563962782, 21.947478861732343 ], [ -159.512758946725683, 21.947851300960942 ], [ -159.512506002497986, 21.94832292023008 ], [ -159.509748559515941, 21.946610292237914 ], [ -159.510137909534706, 21.946080421311148 ], [ -159.510892483672848, 21.945814357812676 ], [ -159.511178985997674, 21.945424422209967 ] ] ] } },
{ "type": "Feature", "properties": { "ID": 65, "GRIDCODE": 2 }, "geometry": { "type": "Polygon", "coordinates": [ [ [ -159.45888320466554, 21.94476567904422 ], [ -159.459274558430565, 21.944956611267493 ], [ -159.459010476702645, 21.945658354618782 ], [ -159.45888320466554, 21.94476567904422 ] ] ] } },
{ "type": "Feature", "properties": { "ID": 66, "GRIDCODE": 2 }, "geometry": { "type": "Polygon", "coordinates": [ [ [ -159.458587473620355, 21.943140309066727 ], [ -159.458941976986381, 21.943232089912868 ], [ -159.458687971899536, 21.943470481929111 ], [ -159.458587473620355, 21.943140309066727 ] ] ] } },
{ "type": "Feature", "properties": { "ID": 67, "GRIDCODE": 2 }, "geometry": { "type": "Polygon", "coordinates": [ [ [ -159.542835915896063, 21.942883627845362 ], [ -159.542934098788464, 21.942552853249666 ], [ -159.543189764115738, 21.942789689118406 ], [ -159.542835915896063, 21.942883627845362 ] ] ] } },
{ "type": "Feature", "properties": { "ID": 68, "GRIDCODE": 2 }, "geometry": { "type": "Polygon", "coordinates": [ [ [ -159.491704110407284, 21.942502500361389 ], [ -159.49251297379945, 21.942569986808508 ], [ -159.492941723442328, 21.942981568064504 ], [ -159.491779641430412, 21.942975388746223 ], [ -159.491704110407284, 21.942502500361389 ] ] ] } },
{ "type": "Feature", "properties": { "ID": 69, "GRIDCODE": 2 }, "geometry": { "type": "Polygon", "coordinates": [ [ [ -159.49838208825787, 21.941398259145465 ], [ -159.498729426704585, 21.941646731847726 ], [ -159.498881937735717, 21.942588096784501 ], [ -159.498103548838913, 21.942697818266684 ], [ -159.497622748136848, 21.942353868409644 ], [ -159.49838208825787, 21.941398259145465 ] ] ] } },
{ "type": "Feature", "properties": { "ID": 70, "GRIDCODE": 2 }, "geometry": { "type": "Polygon", "coordinates": [ [ [ -159.542835915896063, 21.942883627845362 ], [ -159.542181779696818, 21.943898080614208 ], [ -159.541818806086724, 21.944954184208104 ], [ -159.541832618324179, 21.945492228594979 ], [ -159.542504264353369, 21.946698001810685 ], [ -159.541639583220842, 21.947897098297055 ], [ -159.541220818449887, 21.950351444685083 ], [ -159.541879346058607, 21.950336735010556 ], [ -159.542723752028166, 21.949510965984164 ], [ -159.543584590310445, 21.94953994773708 ], [ -159.543005521616749, 21.950062648756525 ], [ -159.542433394338758, 21.95088305405665 ], [ -159.542138059260992, 21.951149632809152 ], [ -159.541029539983526, 21.952905816501431 ], [ -159.53953582264603, 21.953587906505845 ], [ -159.539250897116176, 21.95441691891779 ], [ -159.53894515847108, 21.954975432462582 ], [ -159.538969114776222, 21.95591112132502 ], [ -159.538066913264856, 21.956323105087034 ], [ -159.536686691791061, 21.956301351099505 ], [ -159.535761004052205, 21.956600282470557 ], [ -159.535781618838939, 21.957406886372954 ], [ -159.53577180493437, 21.957948978055445 ], [ -159.535778779233368, 21.958219985128636 ], [ -159.535752859393625, 21.959650420155494 ], [ -159.535099480687023, 21.960843665096657 ], [ -159.535499327344638, 21.961199511049415 ], [ -159.535788430604839, 21.962289171566258 ], [ -159.537251759042078, 21.962004593947611 ], [ -159.537225612134762, 21.963446128964804 ], [ -159.535213114407725, 21.963910740953931 ], [ -159.534931442642318, 21.964730173539287 ], [ -159.53463693831759, 21.965267981054939 ], [ -159.534657695105579, 21.966075675672851 ], [ -159.534350578338803, 21.966352816540862 ], [ -159.534057601494908, 21.966921155181897 ], [ -159.533482953095387, 21.967439756071176 ], [ -159.533199241724361, 21.967717133085376 ], [ -159.532001359587468, 21.96855142727691 ], [ -159.533344618344131, 21.968521511573044 ], [ -159.533783259413468, 21.968528423488909 ], [ -159.534691877391253, 21.967949562436718 ], [ -159.535834585981775, 21.967427863929881 ], [ -159.536957033090516, 21.966330435018126 ], [ -159.537268728684865, 21.966630915935571 ], [ -159.537244470418131, 21.967970923735212 ], [ -159.538431352579465, 21.968236692391436 ], [ -159.538740349961984, 21.968534565484113 ], [ -159.538716271125168, 21.969862033298618 ], [ -159.539019633966177, 21.970131967709388 ], [ -159.539424755427575, 21.970522508100313 ], [ -159.538716788945692, 21.971504104661079 ], [ -159.53873732768389, 21.972303841612316 ], [ -159.538729639553225, 21.972729384757589 ], [ -159.537282659123036, 21.973390013008533 ], [ -159.536709449203812, 21.973955203477672 ], [ -159.537590088167264, 21.974738842677255 ], [ -159.537205035279669, 21.97544196039194 ], [ -159.536099827703538, 21.976122997798001 ], [ -159.535546517065001, 21.976663884805738 ], [ -159.533809977664816, 21.977195752358718 ], [ -159.532696267190232, 21.977735473866073 ], [ -159.53170445639978, 21.978015674251207 ], [ -159.532070315972192, 21.976664767998397 ], [ -159.532343647207171, 21.973597531125264 ], [ -159.530694131700812, 21.969152769795357 ], [ -159.526518258011976, 21.961655275398265 ], [ -159.518572511233685, 21.952239984052177 ], [ -159.517291628512623, 21.951099685328426 ], [ -159.517762517639028, 21.949801972863749 ], [ -159.517722914399229, 21.948247542123632 ], [ -159.51811383599977, 21.946435677751477 ], [ -159.518589654200213, 21.946894584980196 ], [ -159.519800158700917, 21.947725820575901 ], [ -159.520340616710712, 21.948247015180666 ], [ -159.52105276005571, 21.947550804923647 ], [ -159.521791177937132, 21.946884449943276 ], [ -159.522216717822943, 21.946468413322261 ], [ -159.523599682738762, 21.946044894361386 ], [ -159.524835742885955, 21.946064474483578 ], [ -159.525997729313502, 21.946038625425878 ], [ -159.527023405300923, 21.946054892204746 ], [ -159.526993978611472, 21.947673989994616 ], [ -159.527924422220707, 21.947943555559377 ], [ -159.529117856784495, 21.947365133786356 ], [ -159.529918857765523, 21.946581983751088 ], [ -159.530214206896119, 21.946315426546118 ], [ -159.530494866752861, 21.945224973245654 ], [ -159.53080215881829, 21.944947656986351 ], [ -159.531388690421608, 21.944956910980366 ], [ -159.531948469865455, 21.945496730542235 ], [ -159.532406935370915, 21.945760850246547 ], [ -159.532817838558515, 21.944909339429486 ], [ -159.532230774128436, 21.943327275632118 ], [ -159.532238842183745, 21.942884145196142 ], [ -159.534653977321739, 21.942436146256849 ], [ -159.535167882750955, 21.940439098424381 ], [ -159.536024877786673, 21.94006287799672 ], [ -159.535979393442688, 21.942574788311649 ], [ -159.535146879260822, 21.944095496053375 ], [ -159.534858426520231, 21.945216254724297 ], [ -159.534564101469101, 21.945753847066197 ], [ -159.534281446808166, 21.946302252736317 ], [ -159.533690554275125, 21.947121564690143 ], [ -159.534904774929572, 21.948202299764834 ], [ -159.535745211004581, 21.948183548650118 ], [ -159.535447826236549, 21.949003332095508 ], [ -159.535167916282319, 21.950285814173366 ], [ -159.536343427678986, 21.951720570884625 ], [ -159.535169476572122, 21.952256599970376 ], [ -159.534595268334272, 21.95253492538329 ], [ -159.534005348507804, 21.952804267758783 ], [ -159.534372930366686, 21.953131405307001 ], [ -159.535752565927652, 21.952796759539371 ], [ -159.537538549539761, 21.952384413727099 ], [ -159.537486180625621, 21.950340776782955 ], [ -159.536615234956287, 21.950360199099389 ], [ -159.53603867099892, 21.950064120144368 ], [ -159.53790784879277, 21.947472109262147 ], [ -159.539937375903207, 21.946058227244041 ], [ -159.540369296372262, 21.944379709518255 ], [ -159.54078341497825, 21.943623155207902 ], [ -159.540060554377334, 21.941675319212166 ], [ -159.54151107211581, 21.940781228603747 ], [ -159.541854840192258, 21.942708307143217 ], [ -159.542835915896063, 21.942883627845362 ] ] ] } },
{ "type": "Feature", "properties": { "ID": 71, "GRIDCODE": 2 }, "geometry": { "type": "Polygon", "coordinates": [ [ [ -159.49518180073386, 21.940052774208148 ], [ -159.4955777635831, 21.940335978752358 ], [ -159.495667996338454, 21.94089325366528 ], [ -159.494368352058984, 21.941076422079725 ], [ -159.49518180073386, 21.940052774208148 ] ] ] } },
{ "type": "Feature", "properties": { "ID": 72, "GRIDCODE": 2 }, "geometry": { "type": "Polygon", "coordinates": [ [ [ -159.457992562212524, 21.938805444874163 ], [ -159.459550186940021, 21.938930327617022 ], [ -159.459929841022017, 21.939766714414645 ], [ -159.459102370138254, 21.940058257261693 ], [ -159.458886068313632, 21.940971214496958 ], [ -159.459168096610938, 21.942128734076149 ], [ -159.458491280565113, 21.942272260647556 ], [ -159.458405752975551, 21.941921169182315 ], [ -159.458566355297563, 21.941243139501911 ], [ -159.458368421733837, 21.940430593559022 ], [ -159.458563662490207, 21.939606495942435 ], [ -159.457992562212524, 21.938805444874163 ] ] ] } },
{ "type": "Feature", "properties": { "ID": 73, "GRIDCODE": 2 }, "geometry": { "type": "Polygon", "coordinates": [ [ [ -159.496912599998069, 21.936524138905572 ], [ -159.497267109746076, 21.936615837013441 ], [ -159.497013181276515, 21.936854287078511 ], [ -159.496912599998069, 21.936524138905572 ] ] ] } },
{ "type": "Feature", "properties": { "ID": 74, "GRIDCODE": 2 }, "geometry": { "type": "Polygon", "coordinates": [ [ [ -159.367055484548132, 21.935781250991838 ], [ -159.367409914343312, 21.935873230519196 ], [ -159.36715576709301, 21.936111483425794 ], [ -159.367055484548132, 21.935781250991838 ] ] ] } },
{ "type": "Feature", "properties": { "ID": 75, "GRIDCODE": 2 }, "geometry": { "type": "Polygon", "coordinates": [ [ [ -159.438800906895551, 21.932895064688292 ], [ -159.440082476871737, 21.933198272216462 ], [ -159.439240155765162, 21.933644031085141 ], [ -159.438800906895551, 21.932895064688292 ] ] ] } },
{ "type": "Feature", "properties": { "ID": 76, "GRIDCODE": 2 }, "geometry": { "type": "Polygon", "coordinates": [ [ [ -159.438509582503627, 21.932624808488097 ], [ -159.438800075894534, 21.932624033424126 ], [ -159.438800906895551, 21.932895064688292 ], [ -159.438510412954514, 21.932895839762814 ], [ -159.438509582503627, 21.932624808488097 ] ] ] } },
{ "type": "Feature", "properties": { "ID": 77, "GRIDCODE": 2 }, "geometry": { "type": "Polygon", "coordinates": [ [ [ -159.426592071957913, 21.930216858496895 ], [ -159.426970100517423, 21.93036661339119 ], [ -159.426710288211865, 21.930832498708 ], [ -159.426592071957913, 21.930216858496895 ] ] ] } },
{ "type": "Feature", "properties": { "ID": 78, "GRIDCODE": 2 }, "geometry": { "type": "Polygon", "coordinates": [ [ [ -159.438509582503627, 21.932624808488097 ], [ -159.437193178810276, 21.932477743837321 ], [ -159.436621848742959, 21.932785068155304 ], [ -159.43544221410491, 21.93215885093705 ], [ -159.434578999759395, 21.932243252263053 ], [ -159.433514408537803, 21.9318731930443 ], [ -159.430820928380314, 21.93132338341761 ], [ -159.431084064840547, 21.931141221533931 ], [ -159.43198160245106, 21.930892910669197 ], [ -159.432287916569948, 21.92990874810928 ], [ -159.433564979130466, 21.930586708491344 ], [ -159.434575440235704, 21.930043197666222 ], [ -159.43573668359457, 21.930342787421022 ], [ -159.436089976304885, 21.930308269333683 ], [ -159.436602635068851, 21.930880704711875 ], [ -159.437211174123462, 21.931125042678779 ], [ -159.437476590096054, 21.931691482345684 ], [ -159.438376456232447, 21.932206073983565 ], [ -159.438509582503627, 21.932624808488097 ] ] ] } },
{ "type": "Feature", "properties": { "ID": 79, "GRIDCODE": 2 }, "geometry": { "type": "Polygon", "coordinates": [ [ [ -159.426592071957913, 21.930216858496895 ], [ -159.426137264020184, 21.930099956813287 ], [ -159.425292110916331, 21.929792467606628 ], [ -159.424981892275298, 21.929836081954846 ], [ -159.424422678363669, 21.929523283159376 ], [ -159.423584818873167, 21.929641043434959 ], [ -159.423163401635577, 21.929134568404621 ], [ -159.422011481938881, 21.928978752960791 ], [ -159.421491795457399, 21.929610458434922 ], [ -159.420925483239614, 21.929533861142222 ], [ -159.420620225930008, 21.929576726696791 ], [ -159.42018351722308, 21.92905178836266 ], [ -159.419471338177203, 21.928955442888721 ], [ -159.417457464038108, 21.929238351623138 ], [ -159.417845262226933, 21.928876009807219 ], [ -159.419937385902273, 21.928458537497164 ], [ -159.421434819016469, 21.926638195674492 ], [ -159.421779441676676, 21.927417759332204 ], [ -159.422706509337701, 21.926892731682873 ], [ -159.423495936035465, 21.926781784001289 ], [ -159.424403137989373, 21.927405715082497 ], [ -159.425046712490172, 21.927041240424753 ], [ -159.425997462533473, 21.927401427106012 ], [ -159.426462672140588, 21.929251139622398 ], [ -159.426592071957913, 21.930216858496895 ] ] ] } },
{ "type": "Feature", "properties": { "ID": 80, "GRIDCODE": 2 }, "geometry": { "type": "Polygon", "coordinates": [ [ [ -159.380103606434602, 21.926536409647355 ], [ -159.380552147600525, 21.926661295068474 ], [ -159.380480394018889, 21.927521448328875 ], [ -159.381394998344092, 21.927450743662316 ], [ -159.382566668276155, 21.928302516781002 ], [ -159.383519223122079, 21.928551150778013 ], [ -159.384580206442763, 21.927396277806295 ], [ -159.388113902081074, 21.927652856501272 ], [ -159.388073652374487, 21.928135798579458 ], [ -159.386634158057063, 21.928543856061005 ], [ -159.385783577247309, 21.929109561492023 ], [ -159.385484447320323, 21.929087831193158 ], [ -159.385005621358033, 21.929124850615658 ], [ -159.384383125866322, 21.930435327584238 ], [ -159.383966727382528, 21.930718385911977 ], [ -159.383464716237739, 21.930177487641949 ], [ -159.382471938742782, 21.929928947076089 ], [ -159.381432058917937, 21.930473432632894 ], [ -159.380830184224067, 21.930725680718403 ], [ -159.3796900061011, 21.931563060413477 ], [ -159.3793906590181, 21.931541319586426 ], [ -159.378955005444794, 21.9315749795058 ], [ -159.378083352574919, 21.931511675808128 ], [ -159.376969612778225, 21.931597740531988 ], [ -159.376497986147001, 21.932111015215323 ], [ -159.376186590749967, 21.932362580984847 ], [ -159.375049774641099, 21.933740535393557 ], [ -159.374062409833101, 21.934020337736953 ], [ -159.372570484215913, 21.936448218446433 ], [ -159.372816217044146, 21.939217200162226 ], [ -159.371341468393837, 21.939110000477466 ], [ -159.370707049587821, 21.939442120268829 ], [ -159.369271004689296, 21.939849026767067 ], [ -159.369876278418957, 21.93883111937787 ], [ -159.369797526434496, 21.937943385745484 ], [ -159.369859235425167, 21.93720425305434 ], [ -159.368617056818209, 21.936210645376175 ], [ -159.368671961473723, 21.935553645979361 ], [ -159.371278517551644, 21.935103973075254 ], [ -159.37122956747325, 21.93455222025251 ], [ -159.371286178932735, 21.93387450472316 ], [ -159.371195804414555, 21.932855547995953 ], [ -159.369476086554215, 21.932144248875744 ], [ -159.370176951721788, 21.931217275131765 ], [ -159.371402280921274, 21.931634000907387 ], [ -159.372534238738695, 21.931243216560055 ], [ -159.374119580403288, 21.932286569301208 ], [ -159.374440783463115, 21.931282425974924 ], [ -159.375012973130453, 21.930820176940831 ], [ -159.375406259313792, 21.929992377544096 ], [ -159.375265727146257, 21.928408935946305 ], [ -159.374138790474319, 21.927507479753718 ], [ -159.374177505779926, 21.927043601141779 ], [ -159.375596261342451, 21.927777905382268 ], [ -159.37645754933709, 21.927711353232748 ], [ -159.377077111118268, 21.928629243044512 ], [ -159.378299313479943, 21.928534789347978 ], [ -159.379367669434998, 21.926934570749385 ], [ -159.379969530964132, 21.926682328093136 ], [ -159.380103606434602, 21.926536409647355 ] ] ] } },
{ "type": "Feature", "properties": { "ID": 81, "GRIDCODE": 2 }, "geometry": { "type": "Polygon", "coordinates": [ [ [ -159.401002424168382, 21.920795045947031 ], [ -159.401906602793076, 21.921046669496185 ], [ -159.403876492833518, 21.923301238772826 ], [ -159.405054319494269, 21.923788169756023 ], [ -159.405865712535984, 21.925472823646952 ], [ -159.40727332690247, 21.926054721253017 ], [ -159.408659828228338, 21.927062300946837 ], [ -159.411740212864828, 21.92768115222874 ], [ -159.416839661947137, 21.927942250183289 ], [ -159.41716797866286, 21.92848782011913 ], [ -159.415393102266734, 21.928744753749047 ], [ -159.414365293011912, 21.929099870198836 ], [ -159.411822329505355, 21.928738317906969 ], [ -159.410930495266427, 21.928807447477503 ], [ -159.409016584898126, 21.928488579492136 ], [ -159.408721339546929, 21.928511480751904 ], [ -159.405235951903592, 21.92822717034478 ], [ -159.404749264639065, 21.928264895162101 ], [ -159.400419616985147, 21.927863517571677 ], [ -159.3998321232298, 21.927230569927879 ], [ -159.397824699390668, 21.927084966777269 ], [ -159.396372582382753, 21.927197357107538 ], [ -159.395674737317279, 21.927146729882494 ], [ -159.394786832388291, 21.92761172726172 ], [ -159.39539431844301, 21.92660619508041 ], [ -159.396124648315322, 21.926659193596372 ], [ -159.398473172221202, 21.9247614046633 ], [ -159.398841550314927, 21.922836965406958 ], [ -159.3987457171269, 21.921758749131705 ], [ -159.400456927184877, 21.921273465096089 ], [ -159.400868375563363, 21.920940981137448 ], [ -159.401002424168382, 21.920795045947031 ] ] ] } },
{ "type": "Feature", "properties": { "ID": 82, "GRIDCODE": 2 }, "geometry": { "type": "Polygon", "coordinates": [ [ [ -159.398961577758996, 21.918089659727737 ], [ -159.39935808022588, 21.918299351821513 ], [ -159.398841383809554, 21.919543554737736 ], [ -159.398350028240486, 21.919269806427472 ], [ -159.398961577758996, 21.918089659727737 ] ] ] } },
{ "type": "Feature", "properties": { "ID": 83, "GRIDCODE": 2 }, "geometry": { "type": "Polygon", "coordinates": [ [ [ -157.989197608231166, 21.648519619253705 ], [ -157.98830114155308, 21.648888531293647 ], [ -157.988798326904259, 21.647904951257981 ], [ -157.989197608231166, 21.648519619253705 ] ] ] } },
{ "type": "Feature", "properties": { "ID": 84, "GRIDCODE": 2 }, "geometry": { "type": "Polygon", "coordinates": [ [ [ -157.984870185051619, 21.645512038325606 ], [ -157.985294302204807, 21.645871067643849 ], [ -157.984588064097551, 21.64670845483603 ], [ -157.984870185051619, 21.645512038325606 ] ] ] } },
{ "type": "Feature", "properties": { "ID": 85, "GRIDCODE": 2 }, "geometry": { "type": "Polygon", "coordinates": [ [ [ -157.979690463232259, 21.640059961992197 ], [ -157.979539207603295, 21.640697008991317 ], [ -157.979026680281578, 21.640394854893728 ], [ -157.979690463232259, 21.640059961992197 ] ] ] } },
{ "type": "Feature", "properties": { "ID": 86, "GRIDCODE": 2 }, "geometry": { "type": "Polygon", "coordinates": [ [ [ -158.003179076837256, 21.638847437360806 ], [ -158.003015449034791, 21.63919872722499 ], [ -158.002519620867758, 21.638952059688577 ], [ -158.003179076837256, 21.638847437360806 ] ] ] } },
{ "type": "Feature", "properties": { "ID": 87, "GRIDCODE": 2 }, "geometry": { "type": "Polygon", "coordinates": [ [ [ -158.000280412693826, 21.638830023739963 ], [ -158.00099990042753, 21.63899043792928 ], [ -158.002131425002773, 21.638841083298193 ], [ -158.002430954611441, 21.639537962787085 ], [ -158.002822061287446, 21.640153013844145 ], [ -158.003605648328403, 21.640049531890764 ], [ -158.003954914983836, 21.640099927575214 ], [ -158.003870290296447, 21.640613204719642 ], [ -158.003942321980986, 21.641089970595193 ], [ -158.004774504684491, 21.641414211516363 ], [ -158.005112087183193, 21.642199647021609 ], [ -158.004944328749218, 21.643215823088454 ], [ -158.004432403951768, 21.643580312280445 ], [ -158.004177796692488, 21.643884741143225 ], [ -158.003288853430064, 21.644218647062573 ], [ -158.002999295914691, 21.643221961570465 ], [ -158.002408616936805, 21.642790053023965 ], [ -158.002147603184, 21.641595633046613 ], [ -158.000950916174503, 21.640720533983597 ], [ -158.001092849022996, 21.639861353045614 ], [ -158.000280412693826, 21.638830023739963 ] ] ] } },
{ "type": "Feature", "properties": { "ID": 88, "GRIDCODE": 2 }, "geometry": { "type": "Polygon", "coordinates": [ [ [ -158.003179076837256, 21.638847437360806 ], [ -158.003280561196988, 21.638517609580671 ], [ -158.003533129632672, 21.638756795129996 ], [ -158.003179076837256, 21.638847437360806 ] ] ] } },
{ "type": "Feature", "properties": { "ID": 89, "GRIDCODE": 2 }, "geometry": { "type": "Polygon", "coordinates": [ [ [ -157.999158290116213, 21.633402895891845 ], [ -157.999511054104801, 21.633497785467092 ], [ -157.999255227403069, 21.633733916021843 ], [ -157.999158290116213, 21.633402895891845 ] ] ] } },
{ "type": "Feature", "properties": { "ID": 90, "GRIDCODE": 2 }, "geometry": { "type": "Polygon", "coordinates": [ [ [ -157.997435987980083, 21.630953347625436 ], [ -157.997819112920382, 21.630441542866496 ], [ -157.999008814120742, 21.630199726152714 ], [ -157.998723474786516, 21.63065270519434 ], [ -157.997435987980083, 21.630953347625436 ] ] ] } },
{ "type": "Feature", "properties": { "ID": 91, "GRIDCODE": 2 }, "geometry": { "type": "Polygon", "coordinates": [ [ [ -157.994846081610518, 21.628227520277225 ], [ -157.994947576184416, 21.627897697614351 ], [ -157.995200112648973, 21.628136894889867 ], [ -157.994846081610518, 21.628227520277225 ] ] ] } },
{ "type": "Feature", "properties": { "ID": 92, "GRIDCODE": 2 }, "geometry": { "type": "Polygon", "coordinates": [ [ [ -157.993686703304263, 21.628220506026761 ], [ -157.993332671258599, 21.628311128145196 ], [ -157.993585205644564, 21.628550327787604 ], [ -157.993686703304263, 21.628220506026761 ], [ -157.994846081610518, 21.628227520277225 ], [ -157.994453871854432, 21.628947158825252 ], [ -157.993842179914736, 21.629231811765067 ], [ -157.993577786928569, 21.629887245899159 ], [ -157.994155197378632, 21.629627926951301 ], [ -157.994249512157893, 21.63066307917132 ], [ -157.993895474391081, 21.630753702245624 ], [ -157.994148013808768, 21.630992901163935 ], [ -157.994249512157893, 21.63066307917132 ], [ -157.994703784645566, 21.630547785910466 ], [ -157.995149050492472, 21.630015587037317 ], [ -157.995817991561438, 21.629741464855289 ], [ -157.996404142815607, 21.631105457623018 ], [ -157.997435987980083, 21.630953347625436 ], [ -157.997298944489614, 21.631369106371739 ], [ -157.996949843154795, 21.631646752732884 ], [ -157.997817240895131, 21.632354674996648 ], [ -157.998741449113197, 21.633754244658547 ], [ -157.998647547435098, 21.634338327660725 ], [ -157.998151819223835, 21.633793302828924 ], [ -157.997818828406878, 21.633540391279972 ], [ -157.997860873738063, 21.634072624772305 ], [ -157.997813019014615, 21.634587774485379 ], [ -157.998166117696229, 21.635188579261044 ], [ -157.999915091768372, 21.635067772182456 ], [ -157.999842785149127, 21.635846185045583 ], [ -157.999879374351735, 21.636308579469464 ], [ -157.998326138514813, 21.636182506805341 ], [ -157.997554352692674, 21.636362921274419 ], [ -157.99900767783015, 21.637226223816455 ], [ -157.998968689414426, 21.637646411869586 ], [ -157.999571239476779, 21.63813815185706 ], [ -157.999835570468264, 21.638723663744145 ], [ -157.998977173865512, 21.638653982499491 ], [ -157.997438445903697, 21.638760299175694 ], [ -157.996377043389913, 21.63838858622816 ], [ -157.996080089012167, 21.638409090627146 ], [ -157.995754302087022, 21.638382574299801 ], [ -157.995800629192132, 21.638970082794437 ], [ -157.996531476572841, 21.638919645716115 ], [ -157.996929575982762, 21.639768452502683 ], [ -157.997394050851852, 21.640147545190214 ], [ -157.997876592165539, 21.640678002473937 ], [ -157.997724303400958, 21.642317023166481 ], [ -157.996054014530301, 21.642181354852696 ], [ -157.99573014569242, 21.642203746897028 ], [ -157.99577987052399, 21.642832166645515 ], [ -157.996941708428182, 21.644385365427969 ], [ -157.996869380915797, 21.64516351069037 ], [ -157.998658914145182, 21.647142762234896 ], [ -157.998612894071783, 21.647637675434961 ], [ -157.999652501824073, 21.647937189421231 ], [ -157.999078635567315, 21.648884347701468 ], [ -158.000393169412348, 21.649262928630122 ], [ -157.998793493518349, 21.649918797565196 ], [ -157.999201477073854, 21.650612829071985 ], [ -157.998837506237322, 21.651213346702374 ], [ -157.998902605311656, 21.652036652354518 ], [ -157.999472273914563, 21.652501530492039 ], [ -157.999736778115675, 21.653065274641708 ], [ -158.000115012538458, 21.653373969453678 ], [ -157.999724263579026, 21.654675758921737 ], [ -157.999797835158546, 21.655605643239159 ], [ -158.000317688500502, 21.656029857205663 ], [ -158.000709670638031, 21.656460777021017 ], [ -158.000189900070154, 21.657113160192914 ], [ -157.999405374928841, 21.656250850741888 ], [ -157.999489315277657, 21.655347985024893 ], [ -157.998498054768703, 21.654927344587392 ], [ -157.998013831816166, 21.653792910340133 ], [ -157.998802094909337, 21.653166303206703 ], [ -157.997999462556209, 21.652511509065736 ], [ -157.998038141389088, 21.652096415143934 ], [ -157.997987888935313, 21.651460780994892 ], [ -157.998330548352925, 21.65060552801511 ], [ -157.997976154070841, 21.6500027306171 ], [ -157.998049239014563, 21.649217046779707 ], [ -157.997246396874374, 21.649272479863836 ], [ -157.996821033878518, 21.647920246543023 ], [ -157.9971866860717, 21.647629535031506 ], [ -157.997457444267297, 21.647285118249869 ], [ -157.996608823164024, 21.646592656547231 ], [ -157.996198985830773, 21.645289677175452 ], [ -157.99430954735729, 21.644745411055865 ], [ -157.993736396715349, 21.643523285520669 ], [ -157.993070709353901, 21.642726312789254 ], [ -157.993167782246189, 21.643955216343581 ], [ -157.992258162518993, 21.644328041473539 ], [ -157.992285875453291, 21.644679156674506 ], [ -157.992855494029868, 21.645144055980015 ], [ -157.993189490773375, 21.646560786386495 ], [ -157.994002939814834, 21.646504642697089 ], [ -157.994564529875419, 21.646802086556161 ], [ -157.994870706949058, 21.646780913423836 ], [ -157.995568820307227, 21.647150639809059 ], [ -157.995047049599691, 21.648012015839914 ], [ -157.994223216567093, 21.648666842130865 ], [ -157.994570180424745, 21.648949951701262 ], [ -157.994544179758577, 21.649229612433803 ], [ -157.994565516418845, 21.649500759544662 ], [ -157.994515193569725, 21.650042490823555 ], [ -157.994558796827334, 21.650593590768484 ], [ -157.99424394682552, 21.650843845053718 ], [ -157.9939726542367, 21.651263285529453 ], [ -157.994598946405745, 21.652890009031236 ], [ -157.993318571482291, 21.652441584749745 ], [ -157.993432847588309, 21.651210853395458 ], [ -157.993240960647199, 21.650712317119027 ], [ -157.993595047975163, 21.650621697552001 ], [ -157.99334247679829, 21.650382497063571 ], [ -157.993240960647199, 21.650712317119027 ], [ -157.992784092510192, 21.650825140112925 ], [ -157.992412859002172, 21.651285325853323 ], [ -157.991219756882401, 21.651725302698409 ], [ -157.990400493198763, 21.651147786782399 ], [ -157.990558699163927, 21.650320543219312 ], [ -157.989564732010706, 21.650887368405382 ], [ -157.988506720457877, 21.650141519265706 ], [ -157.989065266866533, 21.649758309329638 ], [ -157.989197608231166, 21.648519619253705 ], [ -157.989696383813424, 21.648343871900444 ], [ -157.990478354044654, 21.648439604884103 ], [ -157.990523782322015, 21.648115268394175 ], [ -157.990081015511691, 21.646629125460716 ], [ -157.990287747228791, 21.645153546793303 ], [ -157.989638232908533, 21.645390576155275 ], [ -157.988943727553334, 21.645766543280871 ], [ -157.98829954827201, 21.645277820130321 ], [ -157.988817441138309, 21.644042403479499 ], [ -157.988249853132714, 21.643126049528522 ], [ -157.988845569763384, 21.642686030010033 ], [ -157.988538197791115, 21.641315042679167 ], [ -157.987937873115357, 21.641381126610298 ], [ -157.987664290487174, 21.640464113219288 ], [ -157.987064677237555, 21.640530132271074 ], [ -157.986702376741164, 21.639711363111225 ], [ -157.986022433835672, 21.64003182790659 ], [ -157.986479625545485, 21.64106509335118 ], [ -157.987166033285007, 21.641340428954589 ], [ -157.986793919957762, 21.642151081097868 ], [ -157.986176722826599, 21.642930329650024 ], [ -157.985914842923791, 21.643500806255613 ], [ -157.985429382057902, 21.643859375654309 ], [ -157.985018418491194, 21.644332866537177 ], [ -157.984753661272634, 21.643734692683864 ], [ -157.984413490038804, 21.643476615881656 ], [ -157.984837344252412, 21.643163592544767 ], [ -157.984472359494276, 21.641535388985751 ], [ -157.984176696972156, 21.64187605892598 ], [ -157.983410958427385, 21.641448903203564 ], [ -157.983279700358253, 21.642385611555934 ], [ -157.983329978422745, 21.642785762642692 ], [ -157.982446967367991, 21.643803024316895 ], [ -157.982146689994067, 21.643447724292894 ], [ -157.98040943373249, 21.64315414489117 ], [ -157.980669137552781, 21.642896631062573 ], [ -157.982099804002587, 21.642523688532211 ], [ -157.982196055141998, 21.641836941984693 ], [ -157.98139885522707, 21.641517104791081 ], [ -157.981841927989166, 21.641006700261215 ], [ -157.982716095120736, 21.640360977343288 ], [ -157.982438714161759, 21.639587051029824 ], [ -157.981577330619643, 21.6396818836261 ], [ -157.98106072056737, 21.639618571315115 ], [ -157.980142103218697, 21.639942245703637 ], [ -157.979690463232259, 21.640059961992197 ], [ -157.979865930527239, 21.639300655655941 ], [ -157.979831444256718, 21.638326210521623 ], [ -157.980134051352792, 21.638024893715734 ], [ -157.980740796111263, 21.637506166650411 ], [ -157.980702777894834, 21.636429075585802 ], [ -157.981306806399346, 21.636134964333539 ], [ -157.98432822799623, 21.635852995692421 ], [ -157.987502661464219, 21.634207683064474 ], [ -157.990393421031541, 21.631233415227047 ], [ -157.992145778449753, 21.627659275093951 ], [ -157.992747479857314, 21.624812859814043 ], [ -157.99446002670652, 21.624886746274786 ], [ -157.995725365339297, 21.623626309448404 ], [ -157.996184949274493, 21.624029658087768 ], [ -157.996461804755512, 21.624312670259659 ], [ -157.996823903760799, 21.624630536888368 ], [ -157.996381044815564, 21.626170342419023 ], [ -157.997386329518037, 21.627052653871722 ], [ -157.995869149459793, 21.626987255188205 ], [ -157.994994586817512, 21.62701439212049 ], [ -157.994108715152237, 21.626569224549339 ], [ -157.994142941698158, 21.627533810707035 ], [ -157.993686703304263, 21.628220506026761 ] ] ] } },
{ "type": "Feature", "properties": { "ID": 93, "GRIDCODE": 2 }, "geometry": { "type": "Polygon", "coordinates": [ [ [ -157.93238759249337, 21.607783016341926 ], [ -157.932740245011587, 21.607878043649226 ], [ -157.932484361534136, 21.608114069639971 ], [ -157.93238759249337, 21.607783016341926 ] ] ] } },
{ "type": "Feature", "properties": { "ID": 94, "GRIDCODE": 2 }, "geometry": { "type": "Polygon", "coordinates": [ [ [ -157.994416334458379, 21.606543404330882 ], [ -157.995445797605413, 21.60667011328994 ], [ -157.996004869400906, 21.607331649656359 ], [ -157.996583295598697, 21.606665001516848 ], [ -157.997432914353482, 21.607138982010827 ], [ -157.997747548897905, 21.607849921897053 ], [ -157.999698004839559, 21.608632372920859 ], [ -158.000368858396882, 21.608558460784618 ], [ -158.000323469150885, 21.608882670481528 ], [ -158.000357549688744, 21.609153894863134 ], [ -158.000244589839639, 21.60996164304149 ], [ -158.001535600883017, 21.610315251360333 ], [ -158.001421012535161, 21.611134239008226 ], [ -158.000616468137679, 21.611035714952081 ], [ -158.000206754558405, 21.611080893046523 ], [ -157.998803436465352, 21.608888813813728 ], [ -157.996928623549252, 21.60813671588684 ], [ -157.996589844314911, 21.608875212137082 ], [ -157.996064415958301, 21.609263551194665 ], [ -157.99686416755543, 21.609870427768044 ], [ -157.996983379066876, 21.610744681110582 ], [ -157.996001087118486, 21.610196716675841 ], [ -157.995353190995473, 21.609936805626557 ], [ -157.995430744635485, 21.609382928423077 ], [ -157.994775858013213, 21.608886095862836 ], [ -157.994856837347669, 21.608307691724121 ], [ -157.994733819567927, 21.607330987853949 ], [ -157.994416334458379, 21.606543404330882 ] ] ] } },
{ "type": "Feature", "properties": { "ID": 95, "GRIDCODE": 2 }, "geometry": { "type": "Polygon", "coordinates": [ [ [ -157.994722987725169, 21.604106083291956 ], [ -157.995397723532022, 21.604430406158873 ], [ -157.994824485931645, 21.604899639956873 ], [ -157.994722987725169, 21.604106083291956 ] ] ] } },
{ "type": "Feature", "properties": { "ID": 96, "GRIDCODE": 2 }, "geometry": { "type": "Polygon", "coordinates": [ [ [ -158.007787884106335, 21.600661243499896 ], [ -158.008453598247002, 21.600775048873569 ], [ -158.007943027244977, 21.601006303388424 ], [ -158.007787884106335, 21.600661243499896 ] ] ] } },
{ "type": "Feature", "properties": { "ID": 97, "GRIDCODE": 2 }, "geometry": { "type": "Polygon", "coordinates": [ [ [ -158.007210151163747, 21.600386777460475 ], [ -158.007789731734988, 21.600390234213634 ], [ -158.007787884106335, 21.600661243499896 ], [ -158.007208302456291, 21.600657786699117 ], [ -158.007210151163747, 21.600386777460475 ] ] ] } },
{ "type": "Feature", "properties": { "ID": 98, "GRIDCODE": 2 }, "geometry": { "type": "Polygon", "coordinates": [ [ [ -158.006922210139464, 21.600114039103392 ], [ -158.007211999842241, 21.600115768212856 ], [ -158.007210151163747, 21.600386777460475 ], [ -158.006920360921583, 21.600385048327183 ], [ -158.006922210139464, 21.600114039103392 ] ] ] } },
{ "type": "Feature", "properties": { "ID": 99, "GRIDCODE": 2 }, "geometry": { "type": "Polygon", "coordinates": [ [ [ -157.994476258685381, 21.597871144310155 ], [ -157.994902987314902, 21.59802061254328 ], [ -157.995207928428442, 21.597999560182995 ], [ -157.995920617686181, 21.598377109107457 ], [ -157.996509613256563, 21.599024928937553 ], [ -157.996914082730427, 21.600002733861295 ], [ -157.995418686807, 21.599610276113985 ], [ -157.994624188539404, 21.599665160615597 ], [ -157.994476258685381, 21.597871144310155 ] ] ] } },
{ "type": "Feature", "properties": { "ID": 100, "GRIDCODE": 2 }, "geometry": { "type": "Polygon", "coordinates": [ [ [ -157.994190219925656, 21.597327376689339 ], [ -157.994855905899414, 21.597441235513671 ], [ -157.994345327057374, 21.59767244801267 ], [ -157.994190219925656, 21.597327376689339 ] ] ] } },
{ "type": "Feature", "properties": { "ID": 101, "GRIDCODE": 2 }, "geometry": { "type": "Polygon", "coordinates": [ [ [ -157.994487491133043, 21.596245094533213 ], [ -157.994386020795076, 21.596574918964958 ], [ -157.994133538228141, 21.596335721734331 ], [ -157.994487491133043, 21.596245094533213 ] ] ] } },
{ "type": "Feature", "properties": { "ID": 102, "GRIDCODE": 2 }, "geometry": { "type": "Polygon", "coordinates": [ [ [ -157.994489363104947, 21.595974086205651 ], [ -157.994859567064196, 21.596111832191117 ], [ -157.994487491133043, 21.596245094533213 ], [ -157.994489363104947, 21.595974086205651 ] ] ] } },
{ "type": "Feature", "properties": { "ID": 103, "GRIDCODE": 2 }, "geometry": { "type": "Polygon", "coordinates": [ [ [ -158.009567199702531, 21.594709392285797 ], [ -158.010568008604139, 21.595336455673507 ], [ -158.012517740681915, 21.594939849468012 ], [ -158.012067635479013, 21.596190053750089 ], [ -158.011181312083039, 21.595642749000181 ], [ -158.00974409896736, 21.595371388372371 ], [ -158.009567199702531, 21.594709392285797 ] ] ] } },
{ "type": "Feature", "properties": { "ID": 104, "GRIDCODE": 2 }, "geometry": { "type": "Polygon", "coordinates": [ [ [ -157.916006402705619, 21.589248091715167 ], [ -157.917185535814383, 21.590111553361393 ], [ -157.916703183508133, 21.590454726667499 ], [ -157.91582663750583, 21.591804094223722 ], [ -157.915533042889024, 21.591005612641911 ], [ -157.915873006958407, 21.590213242819566 ], [ -157.916006402705619, 21.589248091715167 ] ] ] } },
{ "type": "Feature", "properties": { "ID": 105, "GRIDCODE": 2 }, "geometry": { "type": "Polygon", "coordinates": [ [ [ -157.915720678772772, 21.588704201238688 ], [ -157.916073273090916, 21.5887992617135 ], [ -157.915817398811839, 21.589035262874003 ], [ -157.915720678772772, 21.588704201238688 ] ] ] } },
{ "type": "Feature", "properties": { "ID": 106, "GRIDCODE": 2 }, "geometry": { "type": "Polygon", "coordinates": [ [ [ -158.009629871209569, 21.585495059962184 ], [ -158.010005479237435, 21.585648022621513 ], [ -158.009741701484046, 21.586111609480891 ], [ -158.009629871209569, 21.585495059962184 ] ] ] } },
{ "type": "Feature", "properties": { "ID": 107, "GRIDCODE": 2 }, "geometry": { "type": "Polygon", "coordinates": [ [ [ -157.999798490099749, 21.582455067482318 ], [ -158.000151132492817, 21.582549951527049 ], [ -157.999895400021643, 21.582786087981599 ], [ -157.999798490099749, 21.582455067482318 ] ] ] } },
{ "type": "Feature", "properties": { "ID": 108, "GRIDCODE": 2 }, "geometry": { "type": "Polygon", "coordinates": [ [ [ -158.002118378846689, 21.582197965252949 ], [ -158.002471022352438, 21.582292844421122 ], [ -158.002215293955317, 21.582528984608572 ], [ -158.002118378846689, 21.582197965252949 ] ] ] } },
{ "type": "Feature", "properties": { "ID": 109, "GRIDCODE": 2 }, "geometry": { "type": "Polygon", "coordinates": [ [ [ -158.00066961114689, 21.582189277165032 ], [ -158.001022253552918, 21.582284159364718 ], [ -158.00076652292077, 21.582520297237213 ], [ -158.00066961114689, 21.582189277165032 ] ] ] } },
{ "type": "Feature", "properties": { "ID": 110, "GRIDCODE": 2 }, "geometry": { "type": "Polygon", "coordinates": [ [ [ -157.998061831124232, 21.582173606854813 ], [ -157.998707560548439, 21.582299569136396 ], [ -157.998970882683949, 21.582812160611109 ], [ -157.997822928798143, 21.582616017863835 ], [ -157.998061831124232, 21.582173606854813 ] ] ] } },
{ "type": "Feature", "properties": { "ID": 111, "GRIDCODE": 2 }, "geometry": { "type": "Polygon", "coordinates": [ [ [ -157.996317710606945, 21.5829761640634 ], [ -157.996598640794389, 21.581978999512394 ], [ -157.998188016422063, 21.581024514703778 ], [ -157.997948042742678, 21.58152018406965 ], [ -157.997250029229008, 21.582351341413567 ], [ -157.997370822685667, 21.58287055377097 ], [ -157.996317710606945, 21.5829761640634 ] ] ] } },
{ "type": "Feature", "properties": { "ID": 112, "GRIDCODE": 2 }, "geometry": { "type": "Polygon", "coordinates": [ [ [ -157.996317710606945, 21.5829761640634 ], [ -157.996180053006071, 21.583118453553158 ], [ -157.995037325270118, 21.583600667342871 ], [ -157.994724812986703, 21.583923594733395 ], [ -157.994168434727186, 21.583889202446457 ], [ -157.992551478286003, 21.584506756117179 ], [ -157.99299492250114, 21.585281871772324 ], [ -157.992378187289972, 21.585790471322113 ], [ -157.992102185767294, 21.586172304394438 ], [ -157.993598736314169, 21.585680274713578 ], [ -157.993543864418399, 21.584714103719755 ], [ -157.993898070836707, 21.584459781150759 ], [ -157.994441933610744, 21.585036668145776 ], [ -157.995316072855445, 21.584993246106784 ], [ -157.995222139535485, 21.586324091557412 ], [ -157.995916030121919, 21.586895924331706 ], [ -157.995854831195345, 21.585819084333437 ], [ -157.995907351330743, 21.585076279419393 ], [ -157.996953655887665, 21.584749236374133 ], [ -157.997308162008267, 21.58584815625316 ], [ -157.997858938824322, 21.585278995067085 ], [ -157.998192571870533, 21.585299595743557 ], [ -157.998469596963531, 21.58501330333031 ], [ -157.998911423320465, 21.585040574507723 ], [ -157.999674030288702, 21.585002678624857 ], [ -157.998442312706061, 21.586388487355133 ], [ -157.998472863939611, 21.586925021124674 ], [ -157.998142592651789, 21.587484725942762 ], [ -157.998806983307702, 21.587451735277519 ], [ -157.999330399637927, 21.586910922797934 ], [ -158.0002187908118, 21.587369371961664 ], [ -158.000178773136753, 21.586665047982613 ], [ -158.000539495788416, 21.586367476980978 ], [ -158.001100694620959, 21.586402141907616 ], [ -158.001053525298346, 21.587069947842064 ], [ -158.001076628924039, 21.587476616936431 ], [ -158.00104700470888, 21.587896798557967 ], [ -158.001112379377759, 21.588824323673997 ], [ -158.001634653468983, 21.588284555734916 ], [ -158.002745611130564, 21.588353146602461 ], [ -158.003145560584358, 21.586417573709511 ], [ -158.003937298988745, 21.588058691044186 ], [ -158.004546016897592, 21.588573869781051 ], [ -158.004817414823549, 21.588861731279653 ], [ -158.00529980760038, 21.58927002015837 ], [ -158.006647306600343, 21.588826938453899 ], [ -158.007402543395642, 21.588046369808179 ], [ -158.007735336032852, 21.588066946586448 ], [ -158.009140477699162, 21.587363555025117 ], [ -158.009468973065538, 21.586705161136219 ], [ -158.009772910774302, 21.586723974069251 ], [ -158.01046006807465, 21.586379953849086 ], [ -158.01147004372919, 21.585336144104797 ], [ -158.012360299595912, 21.585795466878842 ], [ -158.012672444690992, 21.587087116299976 ], [ -158.013320447307876, 21.588219506386597 ], [ -158.013213073896253, 21.589740848724098 ], [ -158.012499107322526, 21.589696782454247 ], [ -158.01206428889455, 21.589718419816581 ], [ -158.011457389229861, 21.589681005654793 ], [ -158.011490133941663, 21.590255862239363 ], [ -158.010844329671897, 21.590779577180719 ], [ -158.01025640728642, 21.590156228560158 ], [ -158.008984491096072, 21.590574579663677 ], [ -158.008186149998636, 21.590162632469525 ], [ -158.006576947022694, 21.590242759932469 ], [ -158.005985600237778, 21.589937574100414 ], [ -158.004654381666512, 21.58967381802843 ], [ -158.005112589047599, 21.590474399980277 ], [ -158.005382030035236, 21.591049414184965 ], [ -158.004231589095468, 21.590978420542662 ], [ -158.003355432669224, 21.591022008555839 ], [ -158.002790879265518, 21.590730668507128 ], [ -158.002059664889458, 21.590767045549622 ], [ -158.001335515155034, 21.590722340950091 ], [ -158.000900693276833, 21.590743948965105 ], [ -158.000409205331977, 21.590713605300571 ], [ -157.999898588951254, 21.590172137318788 ], [ -157.999014626897974, 21.58991102275397 ], [ -157.998376752877817, 21.589234664555505 ], [ -157.997252956946625, 21.589797067852558 ], [ -157.997290565755463, 21.590458765794928 ], [ -157.997867921493906, 21.590430019097045 ], [ -157.99814595458443, 21.591006485320403 ], [ -157.998733078431798, 21.590977331306433 ], [ -157.999036637486142, 21.591299206708619 ], [ -157.998991650807852, 21.591935925951649 ], [ -157.999048079121195, 21.592928042429627 ], [ -158.00074557817905, 21.59342946540897 ], [ -158.001233731936964, 21.593947174649596 ], [ -158.002411508158531, 21.594657593264383 ], [ -158.004513535721628, 21.593966425670303 ], [ -158.005182645445871, 21.594675899468189 ], [ -158.006529791728582, 21.594001696847407 ], [ -158.008526288634272, 21.59517251841649 ], [ -158.00812544813661, 21.596725851166905 ], [ -158.007208787031487, 21.595358733061666 ], [ -158.006632120044571, 21.595387449524718 ], [ -158.006170744746697, 21.596311894509583 ], [ -158.005365331124665, 21.595896318042705 ], [ -158.004771104251205, 21.595636963994746 ], [ -158.004495761045831, 21.595344910119334 ], [ -158.003443604824099, 21.595690886993943 ], [ -158.002187563210015, 21.595042798664259 ], [ -158.001891571313706, 21.595348700582157 ], [ -158.001583623933897, 21.595602655266962 ], [ -158.00130829340381, 21.595887241880924 ], [ -158.001000343872988, 21.596141195387133 ], [ -158.000709335447596, 21.596441897729179 ], [ -158.000129569597931, 21.596406060052015 ], [ -157.999849504136904, 21.596967259770295 ], [ -157.999410044693803, 21.596816801266996 ], [ -157.999313127955702, 21.596485780716257 ], [ -157.99905736870582, 21.596721914497234 ], [ -157.999410044693803, 21.596816801266996 ], [ -157.999239773984414, 21.597214367312077 ], [ -157.999303652917689, 21.597637624487543 ], [ -158.000661808222276, 21.598026444021055 ], [ -158.002229427660382, 21.597460990944931 ], [ -158.003179523166636, 21.597598092006844 ], [ -158.002495269496791, 21.598643797936951 ], [ -158.003987731963434, 21.599735427909049 ], [ -158.004461916616521, 21.599672759969021 ], [ -158.005040946110682, 21.59975635118499 ], [ -158.006752709665562, 21.599530228066477 ], [ -158.006922210139464, 21.600114039103392 ], [ -158.006457637931732, 21.600219515346076 ], [ -158.006192410131035, 21.600889659417739 ], [ -158.005324436791966, 21.600679620323319 ], [ -158.004730740888817, 21.600815749100619 ], [ -158.004100800308862, 21.600416897027841 ], [ -158.003296355915523, 21.600601318370341 ], [ -158.002870178974575, 21.599480741462099 ], [ -158.001588159735206, 21.599170473228675 ], [ -158.000855982776244, 21.600185976610483 ], [ -158.000193828859153, 21.599884909999542 ], [ -157.99928424147177, 21.598279393451623 ], [ -157.998937648393394, 21.598060810704403 ], [ -157.998662778722576, 21.597001676819165 ], [ -157.997787838845568, 21.596698791435543 ], [ -157.997673216558724, 21.596535330475977 ], [ -157.998027168083553, 21.596444695681399 ], [ -157.997774679504488, 21.596205503748898 ], [ -157.997673216558724, 21.596535330475977 ], [ -157.996866616657002, 21.596336535535045 ], [ -157.996990344660873, 21.5958354711472 ], [ -157.996638746460775, 21.595605340640311 ], [ -157.996406247188958, 21.595012274107191 ], [ -157.996066662678999, 21.594517811816985 ], [ -157.995792866071866, 21.593819819294911 ], [ -157.995521864200839, 21.596203435651315 ], [ -157.995241521524406, 21.595818306190296 ], [ -157.994773855567303, 21.595594087802027 ], [ -157.994489363104947, 21.595974086205651 ], [ -157.994047369759414, 21.595843514725985 ], [ -157.992368348225142, 21.589584688602645 ], [ -157.990440932585074, 21.58358159697346 ], [ -157.991250180736557, 21.583631627326113 ], [ -157.991615782883713, 21.582548835965518 ], [ -157.991835713536489, 21.582805969149106 ], [ -157.992113291044348, 21.583381515608203 ], [ -157.99239880956361, 21.582809377422986 ], [ -157.993001464147028, 21.582555104118402 ], [ -157.992627740135731, 21.581560735892374 ], [ -157.993491168996883, 21.580668533798118 ], [ -157.993878689030595, 21.58064923890776 ], [ -157.994146502533766, 21.581758426368822 ], [ -157.995231202684295, 21.581215589941028 ], [ -157.995374288917901, 21.581619542761739 ], [ -157.994923777793531, 21.582770644704667 ], [ -157.996165508708259, 21.582847345720516 ], [ -157.996317710606945, 21.5829761640634 ] ] ] } },
{ "type": "Feature", "properties": { "ID": 113, "GRIDCODE": 2 }, "geometry": { "type": "Polygon", "coordinates": [ [ [ -157.904195605452145, 21.579956282501566 ], [ -157.904093946221707, 21.580286044644417 ], [ -157.903841645371301, 21.5800467172023 ], [ -157.904195605452145, 21.579956282501566 ] ] ] } },
{ "type": "Feature", "properties": { "ID": 114, "GRIDCODE": 2 }, "geometry": { "type": "Polygon", "coordinates": [ [ [ -157.904195605452145, 21.579956282501566 ], [ -157.904297264189211, 21.579626520264359 ], [ -157.904549565127098, 21.579865847028795 ], [ -157.904195605452145, 21.579956282501566 ] ] ] } },
{ "type": "Feature", "properties": { "ID": 115, "GRIDCODE": 2 }, "geometry": { "type": "Polygon", "coordinates": [ [ [ -157.905075009160356, 21.57860699444198 ], [ -157.905427571316352, 21.578702076256643 ], [ -157.905171699099213, 21.578938061355931 ], [ -157.905075009160356, 21.57860699444198 ] ] ] } },
{ "type": "Feature", "properties": { "ID": 116, "GRIDCODE": 2 }, "geometry": { "type": "Polygon", "coordinates": [ [ [ -157.907974416578014, 21.578355016846711 ], [ -157.908660592594089, 21.57850653495062 ], [ -157.908103778312039, 21.579254659841521 ], [ -157.907974416578014, 21.578355016846711 ] ] ] } },
{ "type": "Feature", "properties": { "ID": 117, "GRIDCODE": 2 }, "geometry": { "type": "Polygon", "coordinates": [ [ [ -157.905370854670025, 21.577795895653239 ], [ -157.905723415111822, 21.577890976775773 ], [ -157.905467544840207, 21.578126962432677 ], [ -157.905370854670025, 21.577795895653239 ] ] ] } },
{ "type": "Feature", "properties": { "ID": 118, "GRIDCODE": 2 }, "geometry": { "type": "Polygon", "coordinates": [ [ [ -157.907119433771726, 21.576452305780158 ], [ -157.907828185133951, 21.57666729571358 ], [ -157.907845299792712, 21.577158622143539 ], [ -157.90724967605675, 21.577667565515998 ], [ -157.906887187260594, 21.578028304003698 ], [ -157.905822466747736, 21.577549749563119 ], [ -157.906976996477198, 21.576863054027079 ], [ -157.907119433771726, 21.576452305780158 ] ] ] } },
{ "type": "Feature", "properties": { "ID": 119, "GRIDCODE": 2 }, "geometry": { "type": "Polygon", "coordinates": [ [ [ -158.001875040914001, 21.575420991084638 ], [ -158.002843478115125, 21.575544569205245 ], [ -158.002069020348557, 21.575770788229569 ], [ -158.001875040914001, 21.575420991084638 ] ] ] } },
{ "type": "Feature", "properties": { "ID": 120, "GRIDCODE": 2 }, "geometry": { "type": "Polygon", "coordinates": [ [ [ -158.000140319676774, 21.574868545478353 ], [ -158.000492944177836, 21.574963428184084 ], [ -158.000237226097909, 21.575199565910577 ], [ -158.000140319676774, 21.574868545478353 ] ] ] } },
{ "type": "Feature", "properties": { "ID": 121, "GRIDCODE": 2 }, "geometry": { "type": "Polygon", "coordinates": [ [ [ -157.999272964255454, 21.574592316076032 ], [ -157.999625587450055, 21.574687200573759 ], [ -157.999369868527737, 21.574923336940579 ], [ -157.999272964255454, 21.574592316076032 ] ] ] } },
{ "type": "Feature", "properties": { "ID": 122, "GRIDCODE": 2 }, "geometry": { "type": "Polygon", "coordinates": [ [ [ -157.999272964255454, 21.574592316076032 ], [ -157.998920341550331, 21.574497430848382 ], [ -157.999176060392699, 21.574261295159182 ], [ -157.999272964255454, 21.574592316076032 ] ] ] } },
{ "type": "Feature", "properties": { "ID": 123, "GRIDCODE": 2 }, "geometry": { "type": "Polygon", "coordinates": [ [ [ -157.996962520384727, 21.573494337145693 ], [ -157.997735021011039, 21.573407941041967 ], [ -157.998369210332669, 21.572942961514308 ], [ -157.999034299339883, 21.57325179140711 ], [ -157.998451707450585, 21.573928884718452 ], [ -157.99730052843708, 21.57412945911133 ], [ -157.996962520384727, 21.573494337145693 ] ] ] } },
{ "type": "Feature", "properties": { "ID": 124, "GRIDCODE": 2 }, "geometry": { "type": "Polygon", "coordinates": [ [ [ -158.015225092639895, 21.572248196986656 ], [ -158.015613551614649, 21.572442510743947 ], [ -158.015343130863499, 21.573141889851822 ], [ -158.015225092639895, 21.572248196986656 ] ] ] } },
{ "type": "Feature", "properties": { "ID": 125, "GRIDCODE": 2 }, "geometry": { "type": "Polygon", "coordinates": [ [ [ -158.014067986221249, 21.571970331017589 ], [ -158.014420614150936, 21.572065184345977 ], [ -158.014164922997679, 21.572301344597019 ], [ -158.014067986221249, 21.571970331017589 ] ] ] } },
{ "type": "Feature", "properties": { "ID": 126, "GRIDCODE": 2 }, "geometry": { "type": "Polygon", "coordinates": [ [ [ -158.014067986221249, 21.571970331017589 ], [ -158.012497141862951, 21.571367703863711 ], [ -158.012899794315786, 21.570781399150789 ], [ -158.013944661733689, 21.571545600517624 ], [ -158.014067986221249, 21.571970331017589 ] ] ] } },
{ "type": "Feature", "properties": { "ID": 127, "GRIDCODE": 2 }, "geometry": { "type": "Polygon", "coordinates": [ [ [ -157.996962520384727, 21.573494337145693 ], [ -157.99651883060443, 21.573619565871955 ], [ -157.996227860327451, 21.57392026256209 ], [ -157.995648609643638, 21.573884481415192 ], [ -157.995080342410745, 21.574471793762687 ], [ -157.994791748095309, 21.573873556203488 ], [ -157.994181991062476, 21.574178677114606 ], [ -157.992926175502674, 21.573530459867857 ], [ -157.991039383069761, 21.574251113962141 ], [ -157.989407338273139, 21.5736921002825 ], [ -157.988419323263258, 21.574048896675947 ], [ -157.989575947464175, 21.574390655657862 ], [ -157.991115121401634, 21.575000451030526 ], [ -157.992712693564329, 21.574921059032565 ], [ -157.993856278220932, 21.575678636042088 ], [ -157.995939812243194, 21.576055392616603 ], [ -157.995918489493619, 21.576357449121396 ], [ -157.995349411839726, 21.576322257292819 ], [ -157.994914632849941, 21.576343851338709 ], [ -157.994474389788223, 21.576316646137712 ], [ -157.993573373039283, 21.576612859689845 ], [ -157.992762041257066, 21.576562696910592 ], [ -157.992164903607005, 21.576861600279116 ], [ -157.991868768068628, 21.576843266311798 ], [ -157.991244195329074, 21.576874288513469 ], [ -157.991303958740701, 21.576027911275165 ], [ -157.990953320871739, 21.575769324091247 ], [ -157.99042792024153, 21.576312348872278 ], [ -157.989358318078217, 21.575946046083256 ], [ -157.98898386661935, 21.576204272961718 ], [ -157.989885244880185, 21.577428273119462 ], [ -157.989746715294331, 21.578185971075321 ], [ -157.98849892287231, 21.577541871266554 ], [ -157.986514818259707, 21.571372048277823 ], [ -157.987039993268297, 21.570596192424819 ], [ -157.987553864711117, 21.5711413562329 ], [ -157.987858229312394, 21.57139900734094 ], [ -157.988326426656926, 21.572369742177859 ], [ -157.989877448154289, 21.570327182763037 ], [ -157.990219878023282, 21.570073456920341 ], [ -157.990111491286314, 21.57160734574698 ], [ -157.991042945167436, 21.571141152682976 ], [ -157.991726715828548, 21.572161221477916 ], [ -157.991311089045524, 21.572504031076242 ], [ -157.990569248582744, 21.573270647880339 ], [ -157.991427091729605, 21.573588814171046 ], [ -157.993866340441969, 21.572786733016038 ], [ -157.994221156131601, 21.572808725843313 ], [ -157.994796125775792, 21.572520928913043 ], [ -157.995395554902842, 21.57283036931949 ], [ -157.996098091156398, 21.572795433775426 ], [ -157.996750026490872, 21.572835687191411 ], [ -157.996962520384727, 21.573494337145693 ] ] ] } },
{ "type": "Feature", "properties": { "ID": 128, "GRIDCODE": 2 }, "geometry": { "type": "Polygon", "coordinates": [ [ [ -158.014975647672543, 21.566284244334852 ], [ -158.01497381661045, 21.56655525531966 ], [ -158.014684092978598, 21.566553542256941 ], [ -158.014685924579055, 21.566282531295759 ], [ -158.014975647672543, 21.566284244334852 ] ] ] } },
{ "type": "Feature", "properties": { "ID": 129, "GRIDCODE": 2 }, "geometry": { "type": "Polygon", "coordinates": [ [ [ -158.014975647672543, 21.566284244334852 ], [ -158.015077047830943, 21.565954403577731 ], [ -158.015329515712068, 21.566193569207183 ], [ -158.014975647672543, 21.566284244334852 ] ] ] } },
{ "type": "Feature", "properties": { "ID": 130, "GRIDCODE": 2 }, "geometry": { "type": "Polygon", "coordinates": [ [ [ -157.886070466217177, 21.563033195936317 ], [ -157.886271032321702, 21.563129814828113 ], [ -157.886687107585431, 21.563941401826895 ], [ -157.886162273841848, 21.563755807075129 ], [ -157.886070466217177, 21.563033195936317 ] ] ] } },
{ "type": "Feature", "properties": { "ID": 131, "GRIDCODE": 2 }, "geometry": { "type": "Polygon", "coordinates": [ [ [ -158.013290491502715, 21.558414640205303 ], [ -158.013391889180724, 21.558084800103831 ], [ -158.013644341121648, 21.558323967884711 ], [ -158.013290491502715, 21.558414640205303 ] ] ] } },
{ "type": "Feature", "properties": { "ID": 132, "GRIDCODE": 2 }, "geometry": { "type": "Polygon", "coordinates": [ [ [ -158.014452983565036, 21.557879474247084 ], [ -158.015165141941281, 21.558084634489727 ], [ -158.014242940939255, 21.558816751726653 ], [ -158.013846123616844, 21.558399600335402 ], [ -158.01431789749671, 21.558024243892579 ], [ -158.014452983565036, 21.557879474247084 ] ] ] } },
{ "type": "Feature", "properties": { "ID": 133, "GRIDCODE": 2 }, "geometry": { "type": "Polygon", "coordinates": [ [ [ -158.010978346924588, 21.557587870322845 ], [ -158.011078727505236, 21.557137468621992 ], [ -158.01146472548669, 21.556957665535453 ], [ -158.011909881906149, 21.556147239273947 ], [ -158.01311192355422, 21.556371588466728 ], [ -158.012775745516677, 21.556924411976535 ], [ -158.011947841424444, 21.557142622966946 ], [ -158.011461052030626, 21.557499687527219 ], [ -158.010978346924588, 21.557587870322845 ] ] ] } },
{ "type": "Feature", "properties": { "ID": 134, "GRIDCODE": 2 }, "geometry": { "type": "Polygon", "coordinates": [ [ [ -157.886070466217177, 21.563033195936317 ], [ -157.884488736949862, 21.563589784880524 ], [ -157.884805360106839, 21.563050207801631 ], [ -157.885365181949794, 21.562636978790184 ], [ -157.88562935914851, 21.561795665423499 ], [ -157.885953867044037, 21.561556132705913 ], [ -157.88747281714609, 21.559805219342149 ], [ -157.887281747144726, 21.558279027289274 ], [ -157.887980040091549, 21.557475145156346 ], [ -157.888797676597676, 21.557159232364231 ], [ -157.889202001151403, 21.555074205572687 ], [ -157.889690422836281, 21.555505484835141 ], [ -157.888839347280708, 21.558039776567043 ], [ -157.889942336875805, 21.560712473289982 ], [ -157.888822279771546, 21.561003944616967 ], [ -157.888543932606012, 21.561609686298102 ], [ -157.88718942150598, 21.561442908180744 ], [ -157.886786099143876, 21.562074410522651 ], [ -157.88652399737478, 21.562644726042116 ], [ -157.886200483609969, 21.56288353861115 ], [ -157.886070466217177, 21.563033195936317 ] ] ] } },
{ "type": "Feature", "properties": { "ID": 135, "GRIDCODE": 2 }, "geometry": { "type": "Polygon", "coordinates": [ [ [ -158.012439718791342, 21.555699381763489 ], [ -158.012792306618792, 21.555794237179846 ], [ -158.012536642620688, 21.556030396373117 ], [ -158.012439718791342, 21.555699381763489 ] ] ] } },
{ "type": "Feature", "properties": { "ID": 136, "GRIDCODE": 2 }, "geometry": { "type": "Polygon", "coordinates": [ [ [ -157.861238508720305, 21.552295873116872 ], [ -157.861136634540998, 21.552625605779912 ], [ -157.860884735961093, 21.552386219556322 ], [ -157.861238508720305, 21.552295873116872 ] ] ] } },
{ "type": "Feature", "properties": { "ID": 137, "GRIDCODE": 2 }, "geometry": { "type": "Polygon", "coordinates": [ [ [ -158.008407843064646, 21.552152161823798 ], [ -158.009073337839169, 21.552265956907537 ], [ -158.008562941076434, 21.552497221191452 ], [ -158.008407843064646, 21.552152161823798 ] ] ] } },
{ "type": "Feature", "properties": { "ID": 138, "GRIDCODE": 2 }, "geometry": { "type": "Polygon", "coordinates": [ [ [ -158.011046320683931, 21.547560459249027 ], [ -158.012301650470192, 21.547675620967748 ], [ -158.011844755282539, 21.548469306190931 ], [ -158.011138744508912, 21.548283027395001 ], [ -158.011046320683931, 21.547560459249027 ] ] ] } },
{ "type": "Feature", "properties": { "ID": 139, "GRIDCODE": 2 }, "geometry": { "type": "Polygon", "coordinates": [ [ [ -158.010177264076191, 21.547555302381916 ], [ -158.010591085028551, 21.547858092851449 ], [ -158.009906186771758, 21.548188437770971 ], [ -158.010177264076191, 21.547555302381916 ] ] ] } },
{ "type": "Feature", "properties": { "ID": 140, "GRIDCODE": 2 }, "geometry": { "type": "Polygon", "coordinates": [ [ [ -157.854332990153893, 21.546286294175186 ], [ -157.854685295341397, 21.54638147792587 ], [ -157.854429687050555, 21.546617386832629 ], [ -157.854332990153893, 21.546286294175186 ] ] ] } },
{ "type": "Feature", "properties": { "ID": 141, "GRIDCODE": 2 }, "geometry": { "type": "Polygon", "coordinates": [ [ [ -157.98758940444452, 21.546335597105603 ], [ -157.987941951425995, 21.5464305036894 ], [ -157.987686265966488, 21.546666624105566 ], [ -157.98758940444452, 21.546335597105603 ] ] ] } },
{ "type": "Feature", "properties": { "ID": 142, "GRIDCODE": 2 }, "geometry": { "type": "Polygon", "coordinates": [ [ [ -157.988176282239976, 21.545255076074287 ], [ -157.988852068676891, 21.545387010381447 ], [ -157.988616491536334, 21.546089865408394 ], [ -157.988176282239976, 21.545255076074287 ] ] ] } },
{ "type": "Feature", "properties": { "ID": 143, "GRIDCODE": 2 }, "geometry": { "type": "Polygon", "coordinates": [ [ [ -158.004715751061639, 21.5412892874017 ], [ -158.005345266677494, 21.541444434271252 ], [ -158.005519655161805, 21.542194291674797 ], [ -158.004629133814205, 21.542375505011861 ], [ -158.004533629107527, 21.541964630489179 ], [ -158.004715751061639, 21.5412892874017 ] ] ] } },
{ "type": "Feature", "properties": { "ID": 144, "GRIDCODE": 2 }, "geometry": { "type": "Polygon", "coordinates": [ [ [ -157.993360598168721, 21.549622791184891 ], [ -157.993248858850677, 21.549006231768654 ], [ -157.992985100418423, 21.549469794603812 ], [ -157.993360598168721, 21.549622791184891 ], [ -157.99349368801299, 21.549769162644722 ], [ -157.994092835572673, 21.550023684877239 ], [ -157.994362167305042, 21.550598318096412 ], [ -157.995232223090397, 21.550029099815518 ], [ -157.995564175404866, 21.550056045117881 ], [ -157.995502457847266, 21.550719794170064 ], [ -157.995545658833407, 21.551266331411039 ], [ -157.9979764756809, 21.551098337798727 ], [ -157.999559793122472, 21.552337301720769 ], [ -157.997539764639527, 21.553944346318293 ], [ -157.997486690932845, 21.554380466458628 ], [ -157.998973739280672, 21.553305318158898 ], [ -157.999845771446843, 21.552881060365859 ], [ -157.999259717114228, 21.553849077736313 ], [ -157.999122761056242, 21.554264844777485 ], [ -157.998768913723268, 21.554355486340118 ], [ -157.999021334523945, 21.554594675207021 ], [ -157.999122761056242, 21.554264844777485 ], [ -157.999623199859997, 21.554127177119419 ], [ -158.000542792846062, 21.553141440668149 ], [ -158.002185466616311, 21.552802645484977 ], [ -158.002457076508989, 21.552511612791356 ], [ -158.003064726858355, 21.552560969446169 ], [ -158.004476743872118, 21.553517520117641 ], [ -158.003605175743473, 21.553875108501583 ], [ -158.003199896779023, 21.554309456250724 ], [ -158.002716160327026, 21.554694303532134 ], [ -158.003138608940645, 21.554956404943198 ], [ -158.004198189656563, 21.554411696407044 ], [ -158.004473983619789, 21.554999917471065 ], [ -158.005727429855085, 21.553656326799835 ], [ -158.006788854850498, 21.554333988851656 ], [ -158.005691929038107, 21.556145993808101 ], [ -158.003988243339279, 21.557501449995904 ], [ -158.002864752012471, 21.55781054907283 ], [ -158.002767849376454, 21.557479529704963 ], [ -158.002512166746186, 21.557715672735942 ], [ -158.002864752012471, 21.55781054907283 ], [ -158.002474137798941, 21.558229168176538 ], [ -158.001626250830896, 21.558160306087164 ], [ -158.001994024443405, 21.558743854633214 ], [ -158.003631562877587, 21.558192420977935 ], [ -158.004174200552825, 21.558236423120725 ], [ -158.005029915880698, 21.557676464505402 ], [ -158.005337428673215, 21.557701392358577 ], [ -158.005864551997178, 21.557136490401088 ], [ -158.006200905793776, 21.557163838339534 ], [ -158.006835665952707, 21.557119915176713 ], [ -158.006773540576916, 21.556333873411688 ], [ -158.007377856576426, 21.556085904877804 ], [ -158.007783128713669, 21.555651546771589 ], [ -158.009175873808715, 21.555268318744144 ], [ -158.009804005706513, 21.55459489364371 ], [ -158.010257056177096, 21.555560982375571 ], [ -158.010766099116609, 21.556427555600816 ], [ -158.009087481667393, 21.556889490781085 ], [ -158.009115621770434, 21.557245109455469 ], [ -158.010265265888989, 21.557165591604736 ], [ -158.010978346924588, 21.557587870322845 ], [ -158.00993951351785, 21.55878568521198 ], [ -158.008342981142476, 21.559966214083417 ], [ -158.008653770900679, 21.560404767833155 ], [ -158.00964314781703, 21.5598686067854 ], [ -158.010256172961391, 21.55963126676836 ], [ -158.011530079622617, 21.558690449298574 ], [ -158.013290491502715, 21.558414640205303 ], [ -158.013448681844125, 21.558807089578188 ], [ -158.013708228732384, 21.56025650226621 ], [ -158.014561421815785, 21.560903903182279 ], [ -158.012911253492376, 21.561106799554256 ], [ -158.012563906933849, 21.560695628548359 ], [ -158.012260800440544, 21.560729099595132 ], [ -158.011971317238334, 21.560693638220091 ], [ -158.011673165824817, 21.560726542063222 ], [ -158.010466767933508, 21.560284531024507 ], [ -158.009698712374615, 21.560852383080967 ], [ -158.011648870789031, 21.563163145553613 ], [ -158.011359156430956, 21.563161096142927 ], [ -158.009780008802522, 21.562067633374706 ], [ -158.008209101687243, 21.56242849795785 ], [ -158.008518779193594, 21.562968876947949 ], [ -158.00960390888639, 21.56379236455027 ], [ -158.007895532653976, 21.563583236828155 ], [ -158.006735745854087, 21.563711176784924 ], [ -158.004890406470679, 21.563485321802851 ], [ -158.003821185642551, 21.563899227912767 ], [ -158.003399252947844, 21.564385681176759 ], [ -158.002344367237754, 21.563137144386282 ], [ -158.001814728435761, 21.563072304741226 ], [ -158.001510341297688, 21.563105880640137 ], [ -158.001254982394897, 21.562528761355249 ], [ -158.000934948506824, 21.562285861821888 ], [ -158.000681125257046, 21.561712257794454 ], [ -157.999619507661976, 21.561286255645271 ], [ -158.000366132978769, 21.560734269205813 ], [ -157.999633759100021, 21.55964175408895 ], [ -157.997498337515907, 21.559251703328652 ], [ -157.996758906687404, 21.559333271288452 ], [ -157.99577142851436, 21.558971410727747 ], [ -157.993677608808554, 21.558398345358871 ], [ -157.993058445116588, 21.559112188723429 ], [ -157.991689663681854, 21.558944516591673 ], [ -157.991405887271668, 21.559271716384078 ], [ -157.99098203975268, 21.558313565027447 ], [ -157.990114016552724, 21.558783917026698 ], [ -157.989083619744633, 21.558657643157847 ], [ -157.988387790601223, 21.559713682697989 ], [ -157.987746144708098, 21.558954026263702 ], [ -157.987502337426349, 21.560532350472744 ], [ -157.98848617970873, 21.560927188797329 ], [ -157.986977885067432, 21.560843523095009 ], [ -157.986622475723181, 21.560422789493476 ], [ -157.987000039120232, 21.560260990583977 ], [ -157.986673896390243, 21.559720672606929 ], [ -157.986048710531747, 21.559606238847984 ], [ -157.985761632909032, 21.559226347315452 ], [ -157.98546929603819, 21.559602712715893 ], [ -157.985095274932831, 21.559784049017605 ], [ -157.985337090837021, 21.560508462545453 ], [ -157.98546929603819, 21.559602712715893 ], [ -157.986048710531747, 21.559606238847984 ], [ -157.986622475723181, 21.560422789493476 ], [ -157.986458128255606, 21.560539832098144 ], [ -157.986202497786934, 21.561008195634955 ], [ -157.9883182435523, 21.561439295111644 ], [ -157.988774538573125, 21.560736194042398 ], [ -157.987811802316969, 21.560031691348822 ], [ -157.988818542920654, 21.559776045667654 ], [ -157.989383995703491, 21.559099806964444 ], [ -157.989943816752401, 21.559787501006586 ], [ -157.990538654777367, 21.559708925456466 ], [ -157.990805402751334, 21.560330129911424 ], [ -157.991223868954989, 21.560839768303367 ], [ -157.992002996801489, 21.559907952949359 ], [ -157.99254528085504, 21.561170591284235 ], [ -157.993998054192332, 21.560362798388862 ], [ -157.995667612473966, 21.561536418221237 ], [ -157.996619559005126, 21.56141067831933 ], [ -157.998830372379302, 21.562239088885011 ], [ -157.99915290845226, 21.563868806269507 ], [ -157.997165118513891, 21.563581864396049 ], [ -157.99690366570232, 21.563707927245233 ], [ -157.997569605208554, 21.564195219886681 ], [ -157.997306319558902, 21.565636808281042 ], [ -157.996564379467287, 21.565461564368956 ], [ -157.996139453352214, 21.566029365795284 ], [ -157.997122735091267, 21.566288442596914 ], [ -157.997306319558902, 21.565636808281042 ], [ -157.997465464643199, 21.565514761104431 ], [ -157.997732479654928, 21.565217953432896 ], [ -157.998089867991382, 21.565254178873804 ], [ -157.998729671313782, 21.564543021909092 ], [ -157.999182203681187, 21.565536594540784 ], [ -157.999776694013008, 21.565222892442119 ], [ -158.000046067795694, 21.565530267959328 ], [ -158.001230142363482, 21.56578337948277 ], [ -158.001604240323502, 21.566210150501739 ], [ -158.001193548030955, 21.566871015590539 ], [ -158.001235972438394, 21.567286535422912 ], [ -158.001187556541907, 21.567704223535298 ], [ -158.002044300123174, 21.568057992568576 ], [ -158.001103083307527, 21.568779860710276 ], [ -158.0033563436657, 21.569048363769955 ], [ -158.004083812301189, 21.568239650768692 ], [ -158.005222801662541, 21.56778566639732 ], [ -158.00564761259335, 21.567313451972868 ], [ -158.007274434456605, 21.568285953490989 ], [ -158.007725444195358, 21.568245631459494 ], [ -158.008520548450946, 21.567056706381496 ], [ -158.009429265630956, 21.567550691115486 ], [ -158.0105231487548, 21.567173552714753 ], [ -158.011187598005336, 21.567931540723563 ], [ -158.012633147938431, 21.5682905361423 ], [ -158.013834733017376, 21.567656159781556 ], [ -158.014239814605105, 21.566394362249913 ], [ -158.014684092978598, 21.566553542256941 ], [ -158.01484400513786, 21.567048824702844 ], [ -158.016654333398122, 21.566958613548145 ], [ -158.017440172201731, 21.566146213714205 ], [ -158.017718368180994, 21.566514951148466 ], [ -158.016796603028666, 21.568078080090935 ], [ -158.016259792129205, 21.568044937509598 ], [ -158.015630198721936, 21.56930720026071 ], [ -158.015697478121211, 21.570489744856197 ], [ -158.015050878564722, 21.570748938659872 ], [ -158.014510651960023, 21.569629301271657 ], [ -158.013646229913917, 21.569672355543286 ], [ -158.01104598937934, 21.569369509459484 ], [ -158.010608542891731, 21.569391261752642 ], [ -158.009397601552905, 21.569316509079986 ], [ -158.010758095358938, 21.569910438667009 ], [ -158.011319203402735, 21.570200009507221 ], [ -158.011913341164245, 21.570459337440621 ], [ -158.01218277591218, 21.571034341611067 ], [ -158.010488031148952, 21.570929796846471 ], [ -158.009875202470198, 21.571818421984446 ], [ -158.009156657928628, 21.571774118438139 ], [ -158.0086592373396, 21.570232901524427 ], [ -158.007416892048468, 21.569865951111662 ], [ -158.006516096463571, 21.569910802726586 ], [ -158.006111178029556, 21.570722377353121 ], [ -158.005813542520968, 21.570406836208328 ], [ -158.005233436369025, 21.57043572907677 ], [ -158.004820235062056, 21.56957890962326 ], [ -158.003820091764368, 21.569628711252278 ], [ -158.003002846795852, 21.569206902768457 ], [ -158.002350421099891, 21.569881078878787 ], [ -158.001748168089449, 21.569570256884255 ], [ -158.001190567274307, 21.569598013426223 ], [ -158.000756140590653, 21.569571191147428 ], [ -158.00031359799695, 21.569593216597333 ], [ -158.000027780905924, 21.569000694430372 ], [ -157.999306236277846, 21.569746433215553 ], [ -157.998882914516514, 21.569297460015576 ], [ -157.998578533754028, 21.569039828402182 ], [ -157.998306340907106, 21.568751092718834 ], [ -157.998009144346071, 21.568765847373768 ], [ -157.996838380090878, 21.568693495060597 ], [ -157.996872952993954, 21.569302507153971 ], [ -157.996550387225966, 21.569282567161846 ], [ -157.995710954957019, 21.569702699031378 ], [ -157.995411787471596, 21.568463503905512 ], [ -157.995232896361557, 21.568206623024832 ], [ -157.994723196436524, 21.569228278525454 ], [ -157.994073491374678, 21.568539262685899 ], [ -157.993274511857777, 21.569697786534178 ], [ -157.992794294388005, 21.568702113012776 ], [ -157.99194063207247, 21.568744524134615 ], [ -157.991067780772596, 21.568166233754162 ], [ -157.990093046172802, 21.567878191836279 ], [ -157.98960819328488, 21.567902314500415 ], [ -157.988889407783233, 21.567754106770263 ], [ -157.988792531631134, 21.567423080638829 ], [ -157.988536809163719, 21.567659200389539 ], [ -157.988889407783233, 21.567754106770263 ], [ -157.988653918312565, 21.568418053155796 ], [ -157.987589236057346, 21.568431900089781 ], [ -157.986444934728894, 21.567871654152306 ], [ -157.985565461580364, 21.567883041861347 ], [ -157.984547554599772, 21.565041122615185 ], [ -157.983481070214623, 21.561319409408359 ], [ -157.979655308451214, 21.543270479430873 ], [ -157.979625419454663, 21.541253192670791 ], [ -157.98068674182224, 21.541772941116616 ], [ -157.981111288781676, 21.541013951840906 ], [ -157.981538594789811, 21.540203500084271 ], [ -157.982231739029373, 21.540620879070858 ], [ -157.982628308986733, 21.542108883462681 ], [ -157.981972815293858, 21.542092311582476 ], [ -157.98253508591759, 21.542658097476007 ], [ -157.983709882239509, 21.54183539250775 ], [ -157.984862286255748, 21.54266460451592 ], [ -157.985452514798652, 21.542384669956643 ], [ -157.987169109980925, 21.54242785700341 ], [ -157.987480418467129, 21.541594452473138 ], [ -157.987476290619469, 21.541312687392889 ], [ -157.988061495862752, 21.541327421549521 ], [ -157.988478714684391, 21.540926332457047 ], [ -157.98980884172795, 21.542137579897339 ], [ -157.989234286625589, 21.54264742401055 ], [ -157.988624160534783, 21.543737998454688 ], [ -157.990714842394311, 21.543463300762348 ], [ -157.991379684248756, 21.542824243616607 ], [ -157.991814083536184, 21.543252722933538 ], [ -157.992393510980861, 21.543245108846328 ], [ -157.993080179328331, 21.544238920496696 ], [ -157.993558337988873, 21.543779231544061 ], [ -157.994710876547146, 21.543264652750103 ], [ -157.995070272464886, 21.542919175806116 ], [ -157.996157266561426, 21.543274556747903 ], [ -157.997611147102702, 21.54246156977614 ], [ -157.997897199493963, 21.542743640039241 ], [ -157.999016020367151, 21.542212881695225 ], [ -157.999926886934162, 21.542200944415434 ], [ -158.000448701667182, 21.542715546839887 ], [ -158.000804921774233, 21.541385400689606 ], [ -158.001794040251895, 21.542361007556391 ], [ -158.002522959156607, 21.541714149052023 ], [ -158.003308897680967, 21.540608161033845 ], [ -158.004257241739197, 21.540595695876068 ], [ -158.00309723407554, 21.543060848144183 ], [ -158.004271932773321, 21.54304543552292 ], [ -158.005332093248711, 21.543564493989312 ], [ -158.007449093138689, 21.543617536062783 ], [ -158.008251688516793, 21.542845901543146 ], [ -158.008606000103214, 21.543889881992548 ], [ -158.009634158492446, 21.544208831387699 ], [ -158.006895014390835, 21.544140202654859 ], [ -158.00628492310355, 21.54441268507933 ], [ -158.00483646376145, 21.545222670948124 ], [ -158.003961596245063, 21.545200707088135 ], [ -158.003969869012195, 21.545750277039922 ], [ -158.002759561393418, 21.546129725463448 ], [ -158.001930439175936, 21.545747213525058 ], [ -158.001211444256342, 21.545395264922401 ], [ -158.00033740547633, 21.545809925522587 ], [ -157.998723176221972, 21.544900231835591 ], [ -157.997355842157049, 21.543551597866191 ], [ -157.996896065150622, 21.543911165194196 ], [ -157.99614993452397, 21.54462856084281 ], [ -157.995286529526396, 21.544606819112406 ], [ -157.994989355751443, 21.544892459112258 ], [ -157.994381085664173, 21.545164047915069 ], [ -157.993568438788202, 21.545945212381561 ], [ -157.992369245645364, 21.545960863917379 ], [ -157.991797311152226, 21.54568082766394 ], [ -157.991192837401343, 21.545401916000891 ], [ -157.990627636636447, 21.544844278864197 ], [ -157.989201263099375, 21.544862899624327 ], [ -157.988069118311358, 21.544308565617708 ], [ -157.987741773178016, 21.544843194832371 ], [ -157.987395011933216, 21.546137172332795 ], [ -157.986867057494379, 21.545656370650278 ], [ -157.986037613943722, 21.544838266825643 ], [ -157.984424207648516, 21.545410983979266 ], [ -157.984950719890861, 21.546382546053731 ], [ -157.983424850577904, 21.545635420696232 ], [ -157.982805579846229, 21.545899025464642 ], [ -157.9831031434625, 21.546170074428442 ], [ -157.983388933362448, 21.546730333747057 ], [ -157.984542154949764, 21.54671532727669 ], [ -157.985377219214428, 21.547539030684391 ], [ -157.985423891452371, 21.54719418687257 ], [ -157.98540083429927, 21.545647918782553 ], [ -157.98600403613122, 21.545640074888915 ], [ -157.985988189446147, 21.546190356981118 ], [ -157.986583491024192, 21.546464996828927 ], [ -157.986552722247808, 21.547534799007583 ], [ -157.987438769999216, 21.547557121013622 ], [ -157.989242694838453, 21.54621282960106 ], [ -157.990345969023167, 21.54648577063741 ], [ -157.989894669720769, 21.547292527012047 ], [ -157.990334794250515, 21.547303595979603 ], [ -157.990627345336151, 21.547299743036859 ], [ -157.990911253350959, 21.548136690335291 ], [ -157.992212178726362, 21.548119679809151 ], [ -157.992646648741896, 21.548130642413135 ], [ -157.993226095196576, 21.548123092354324 ], [ -157.99407481189823, 21.548144425969966 ], [ -157.995001516655805, 21.547583887123089 ], [ -157.995804766923669, 21.546811856529711 ], [ -157.99755992605742, 21.546788937112424 ], [ -157.998148929971762, 21.547325322709629 ], [ -157.998629350717749, 21.548266858502505 ], [ -157.999573554779658, 21.547359218688769 ], [ -158.001385958479631, 21.547695229835426 ], [ -158.002201736003485, 21.548437813933354 ], [ -158.001915708502708, 21.548728363267553 ], [ -158.000754551318352, 21.549073220047934 ], [ -158.002493230146683, 21.549002841094076 ], [ -158.002897801158639, 21.548235403482032 ], [ -158.004457411633041, 21.547871406525914 ], [ -158.004818423934296, 21.548200031770008 ], [ -158.004367770670171, 21.549005708633707 ], [ -158.005349441755925, 21.549030293317731 ], [ -158.00597133064818, 21.548752592090029 ], [ -158.006257243640874, 21.548477716536706 ], [ -158.006552549845139, 21.548485166757974 ], [ -158.006975298655107, 21.547683088850377 ], [ -158.009540508338688, 21.547649382813756 ], [ -158.009081292514907, 21.549282579217824 ], [ -158.010014947332422, 21.549713119515335 ], [ -158.009587424091649, 21.551511791421923 ], [ -158.006916948403187, 21.552349200184675 ], [ -158.005942467265555, 21.551722741932451 ], [ -158.005071010287736, 21.551734217514404 ], [ -158.003697240186682, 21.551061692611675 ], [ -158.001897544205121, 21.550618722480525 ], [ -158.001513575586984, 21.551701766388121 ], [ -158.000153358085015, 21.551428018329396 ], [ -157.999738800618417, 21.550615511083201 ], [ -157.999292724280508, 21.550604298543838 ], [ -157.998719067267217, 21.550611837984629 ], [ -157.99775223983778, 21.549990209416663 ], [ -157.996248860919366, 21.550461473301688 ], [ -157.99554733430918, 21.549769505522267 ], [ -157.993360598168721, 21.549622791184891 ] ], [ [ -157.982087359761238, 21.546031079131119 ], [ -157.982184208486501, 21.546362108841421 ], [ -157.982439901915114, 21.546125997183875 ], [ -157.982087359761238, 21.546031079131119 ] ], [ [ -157.98517015953388, 21.560955992453607 ], [ -157.985267023725839, 21.561287020453854 ], [ -157.985522739625509, 21.561050905314179 ], [ -157.98517015953388, 21.560955992453607 ] ] ] } },
{ "type": "Feature", "properties": { "ID": 145, "GRIDCODE": 2 }, "geometry": { "type": "Polygon", "coordinates": [ [ [ -157.994010958464543, 21.539327909757326 ], [ -157.994363493502476, 21.539422802344241 ], [ -157.99410783077613, 21.539658933687303 ], [ -157.994010958464543, 21.539327909757326 ] ] ] } },
{ "type": "Feature", "properties": { "ID": 146, "GRIDCODE": 2 }, "geometry": { "type": "Polygon", "coordinates": [ [ [ -158.160297271620436, 21.538079744404431 ], [ -158.160649925913276, 21.538174289176364 ], [ -158.160394524194828, 21.538410685036258 ], [ -158.160297271620436, 21.538079744404431 ] ] ] } },
{ "type": "Feature", "properties": { "ID": 147, "GRIDCODE": 2 }, "geometry": { "type": "Polygon", "coordinates": [ [ [ -157.859923471189802, 21.535213095760092 ], [ -157.859571188618105, 21.535117923993312 ], [ -157.859826767918264, 21.534882005628475 ], [ -157.859923471189802, 21.535213095760092 ] ] ] } },
{ "type": "Feature", "properties": { "ID": 148, "GRIDCODE": 2 }, "geometry": { "type": "Polygon", "coordinates": [ [ [ -157.999852583206888, 21.532316473402997 ], [ -158.000517980047306, 21.532430299155894 ], [ -158.000007641628514, 21.532661539943881 ], [ -157.999852583206888, 21.532316473402997 ] ] ] } },
{ "type": "Feature", "properties": { "ID": 149, "GRIDCODE": 2 }, "geometry": { "type": "Polygon", "coordinates": [ [ [ -157.84200841003593, 21.52966945702401 ], [ -157.842360666307883, 21.529764664851726 ], [ -157.8421050695259, 21.530000555736034 ], [ -157.84200841003593, 21.52966945702401 ] ] ] } },
{ "type": "Feature", "properties": { "ID": 150, "GRIDCODE": 2 }, "geometry": { "type": "Polygon", "coordinates": [ [ [ -157.867806973517105, 21.527136387153416 ], [ -157.867582442970757, 21.528478815427238 ], [ -157.86766240691, 21.530788530747301 ], [ -157.866760926545169, 21.532354631434909 ], [ -157.866733142652123, 21.532909503953249 ], [ -157.86702779783846, 21.533505074874892 ], [ -157.867601506769176, 21.534009643702042 ], [ -157.867630882940603, 21.534854113204258 ], [ -157.867010720603218, 21.53512276805813 ], [ -157.867559473686697, 21.536110373249436 ], [ -157.867591119237858, 21.537026912031937 ], [ -157.867577382532858, 21.537302662096756 ], [ -157.86787688807118, 21.537566048399469 ], [ -157.867862834565074, 21.537846229416605 ], [ -157.868160234638111, 21.538381408209265 ], [ -157.868110051000684, 21.539381222953612 ], [ -157.868425613644774, 21.540018882371221 ], [ -157.870350748573628, 21.540735271038923 ], [ -157.869284169912191, 21.541369449933693 ], [ -157.868709784076344, 21.54218891589619 ], [ -157.868395394398931, 21.542457465173971 ], [ -157.868433286008468, 21.543554147737094 ], [ -157.867541637291424, 21.543515012168864 ], [ -157.867506838255252, 21.544208188117096 ], [ -157.867530151870056, 21.544885879006522 ], [ -157.867516733922969, 21.545156800884349 ], [ -157.867526191602025, 21.545432708182318 ], [ -157.867222899838254, 21.545691670052761 ], [ -157.866842578932733, 21.546070330144968 ], [ -157.865914920874417, 21.545602983760251 ], [ -157.864730319829874, 21.547291796012864 ], [ -157.863809266881532, 21.545430977333542 ], [ -157.863460007047905, 21.546760436593946 ], [ -157.862872685190553, 21.547780801587482 ], [ -157.863431806102227, 21.548928345461437 ], [ -157.863854201829497, 21.549688021911688 ], [ -157.862936482793941, 21.550085571344464 ], [ -157.862540929805789, 21.550854755792656 ], [ -157.861964491971776, 21.551347126524185 ], [ -157.861663438062692, 21.551932815990511 ], [ -157.861238508720305, 21.552295873116872 ], [ -157.861649658346238, 21.550689412782077 ], [ -157.860736017062067, 21.550019733911828 ], [ -157.861363866300564, 21.549573240068089 ], [ -157.861431257512351, 21.549166652318817 ], [ -157.860938717807272, 21.548805532999538 ], [ -157.860438828951828, 21.548190354094142 ], [ -157.859946295025367, 21.547829232054465 ], [ -157.860082272684821, 21.547008589223406 ], [ -157.859085171791094, 21.54674147568938 ], [ -157.859177793146387, 21.546184006540621 ], [ -157.858517555607108, 21.545925943145754 ], [ -157.858267621091414, 21.545618284409667 ], [ -157.857652794437143, 21.545377996250313 ], [ -157.857404984297517, 21.544799338546614 ], [ -157.857075046745308, 21.544557427370474 ], [ -157.857209244412275, 21.543748883080472 ], [ -157.856502894508765, 21.54425113023451 ], [ -157.856248172226231, 21.544555330695466 ], [ -157.855337860972611, 21.545056173447069 ], [ -157.855006594041555, 21.546137947559821 ], [ -157.854452622787221, 21.545893897206593 ], [ -157.854804101936566, 21.544796383496269 ], [ -157.854477097328328, 21.544001148997083 ], [ -157.854231429403086, 21.543151489614754 ], [ -157.853576073708439, 21.54267099398162 ], [ -157.853954584216467, 21.542093592634117 ], [ -157.853909953329946, 21.541797064856453 ], [ -157.854825362163069, 21.541293419043846 ], [ -157.855082206740548, 21.540718222833995 ], [ -157.855700710394558, 21.54048639065914 ], [ -157.856536861535545, 21.539915165721197 ], [ -157.858396192055494, 21.539632740498529 ], [ -157.858241870202818, 21.538603146473047 ], [ -157.858797139994408, 21.538208036813476 ], [ -157.858987120660629, 21.537064347854503 ], [ -157.858510967235304, 21.536313687847546 ], [ -157.85888588083165, 21.535866065059722 ], [ -157.859794005829514, 21.535636197632456 ], [ -157.859923471189802, 21.535213095760092 ], [ -157.86120723849146, 21.535419434436381 ], [ -157.861503049288814, 21.535066278586637 ], [ -157.861807076097676, 21.535110500625773 ], [ -157.862877148492316, 21.534969985467459 ], [ -157.862343854361768, 21.533672950304293 ], [ -157.862438533034947, 21.533102589531342 ], [ -157.863886885367407, 21.533312940586871 ], [ -157.863785233279913, 21.532635244767008 ], [ -157.864432553870785, 21.53272930636145 ], [ -157.865072207217253, 21.532645328553293 ], [ -157.864992878462516, 21.532115532302001 ], [ -157.865616437851145, 21.531881710599546 ], [ -157.865871117885376, 21.531577493541469 ], [ -157.866364331942037, 21.531226662518993 ], [ -157.866850557018381, 21.530646122424024 ], [ -157.86663970038839, 21.529240197522792 ], [ -157.866138492334102, 21.528872750164904 ], [ -157.866246212642693, 21.528223208736094 ], [ -157.866806539630971, 21.527824597251531 ], [ -157.867061209777603, 21.527520377812124 ], [ -157.867806973517105, 21.527136387153416 ] ] ] } },
{ "type": "Feature", "properties": { "ID": 151, "GRIDCODE": 2 }, "geometry": { "type": "Polygon", "coordinates": [ [ [ -157.867806973517105, 21.527136387153416 ], [ -157.867929183392391, 21.526513937995979 ], [ -157.868175810992057, 21.526991605198436 ], [ -157.867806973517105, 21.527136387153416 ] ] ] } },
{ "type": "Feature", "properties": { "ID": 152, "GRIDCODE": 2 }, "geometry": { "type": "Polygon", "coordinates": [ [ [ -157.867527846128155, 21.525779424998102 ], [ -157.867880112506811, 21.525874579302201 ], [ -157.867624562093937, 21.526110511521473 ], [ -157.867527846128155, 21.525779424998102 ] ] ] } },
{ "type": "Feature", "properties": { "ID": 153, "GRIDCODE": 2 }, "geometry": { "type": "Polygon", "coordinates": [ [ [ -157.984275362293232, 21.523007640966441 ], [ -157.984627851161548, 21.523102552520736 ], [ -157.984372203111747, 21.523338669898955 ], [ -157.984275362293232, 21.523007640966441 ] ] ] } },
{ "type": "Feature", "properties": { "ID": 154, "GRIDCODE": 2 }, "geometry": { "type": "Polygon", "coordinates": [ [ [ -157.986257671595808, 21.529524206055459 ], [ -157.986063787450547, 21.529174392470804 ], [ -157.985289556479444, 21.529400543340579 ], [ -157.986257671595808, 21.529524206055459 ], [ -157.986660936859835, 21.529967991628467 ], [ -157.987268695507453, 21.529925960174417 ], [ -157.98761501815477, 21.529954131882107 ], [ -157.987489226391858, 21.531308673405192 ], [ -157.987838602260211, 21.531284524947587 ], [ -157.988445732952243, 21.531333928795796 ], [ -157.988991629460628, 21.530748811774462 ], [ -157.989300495060377, 21.530773907874348 ], [ -157.98957325489792, 21.530211814317227 ], [ -157.990345784471373, 21.529965584501561 ], [ -157.990727967797255, 21.530780961267929 ], [ -157.991125258648594, 21.531457410978302 ], [ -157.99255101971363, 21.530524398736802 ], [ -157.993105067353611, 21.531134035113773 ], [ -157.99299445078131, 21.532325637439687 ], [ -157.992163268466356, 21.532666673532216 ], [ -157.991622934621574, 21.533245747217173 ], [ -157.990995455601052, 21.533744957271207 ], [ -157.991021865841788, 21.53407813718216 ], [ -157.992063077997472, 21.534006221742487 ], [ -157.992449901503107, 21.533208859876968 ], [ -157.993029618995422, 21.53325596441822 ], [ -157.993794514607004, 21.532436001782351 ], [ -157.995040542829742, 21.532093155966937 ], [ -157.995750284042373, 21.532874169045403 ], [ -157.997158897042397, 21.534024427650653 ], [ -157.996438280323162, 21.534597669383388 ], [ -157.997673323533235, 21.534868044153828 ], [ -157.998870010271986, 21.535287321128134 ], [ -157.999827628904939, 21.535794813349458 ], [ -158.000382429223095, 21.536405159182749 ], [ -158.001191066280967, 21.537065391864726 ], [ -157.999699561833495, 21.537372999012419 ], [ -157.998776799783457, 21.538732099351964 ], [ -157.997916870444953, 21.53866228952818 ], [ -157.997601390306869, 21.539000428034925 ], [ -157.996180102225225, 21.539583548625082 ], [ -157.995235608112125, 21.538544459642353 ], [ -157.994014693293138, 21.538785889473377 ], [ -157.993917821686495, 21.538454865485992 ], [ -157.993662160034546, 21.538690996210669 ], [ -157.994014693293138, 21.538785889473377 ], [ -157.994010958464543, 21.539327909757326 ], [ -157.992739363595945, 21.540045825891767 ], [ -157.992420532495515, 21.539719680246062 ], [ -157.991256373323125, 21.538909901642121 ], [ -157.990492178209308, 21.538128143233791 ], [ -157.988427007699329, 21.538039009452802 ], [ -157.987663460497288, 21.53841106708046 ], [ -157.987221546510426, 21.537520022923076 ], [ -157.985765890475363, 21.536979458132745 ], [ -157.984674798328598, 21.53643077834743 ], [ -157.98431299693857, 21.536694038536428 ], [ -157.985832999528668, 21.538028947525071 ], [ -157.985175335492158, 21.538591669541869 ], [ -157.984611021496363, 21.539154163088096 ], [ -157.983101108859358, 21.538056183135879 ], [ -157.981725276990574, 21.537996774492143 ], [ -157.980853068309671, 21.539242535701892 ], [ -157.979619440939189, 21.538688518827513 ], [ -157.979016540714156, 21.537605643659056 ], [ -157.978534316609228, 21.532981777236614 ], [ -157.978025261178686, 21.52309877478492 ], [ -157.978771214777169, 21.523131065230352 ], [ -157.979756339549795, 21.523100566278991 ], [ -157.980078379066526, 21.523383414686457 ], [ -157.980406915331457, 21.524377070758131 ], [ -157.981505219430915, 21.524870239224953 ], [ -157.980919904614751, 21.525306678026226 ], [ -157.980065210827405, 21.525269762188639 ], [ -157.980526866032136, 21.526218906996426 ], [ -157.98091924002523, 21.525827741000608 ], [ -157.981803322467528, 21.525301153050801 ], [ -157.981787726340997, 21.524860251608043 ], [ -157.982956152290427, 21.524485062259636 ], [ -157.983837908561867, 21.52422973467236 ], [ -157.984405012955278, 21.52366447890526 ], [ -157.98469767151397, 21.523963946407974 ], [ -157.985286165029834, 21.524228224985787 ], [ -157.986377170541601, 21.524776898071053 ], [ -157.986732399350558, 21.524518356076488 ], [ -157.987013383543911, 21.524238321400485 ], [ -157.988019077057714, 21.524281741474088 ], [ -157.99014524122336, 21.523948565815157 ], [ -157.990609146132584, 21.524355986049944 ], [ -157.989912509402046, 21.525351096886521 ], [ -157.989617712519561, 21.525338394595547 ], [ -157.989327998784972, 21.525347359301719 ], [ -157.989038433379079, 21.525334886175472 ], [ -157.988748719660862, 21.525343849874655 ], [ -157.987885538640029, 21.525306591766778 ], [ -157.988449813026705, 21.525883882704985 ], [ -157.988749102354063, 21.526146726925429 ], [ -157.988722941394968, 21.526677362891313 ], [ -157.989319973462216, 21.526977608381316 ], [ -157.989610289841778, 21.526411650572928 ], [ -157.990450148758129, 21.526447898706753 ], [ -157.990927334261954, 21.52603955470801 ], [ -157.991422359394875, 21.525546093449769 ], [ -157.992510287283267, 21.525910234075248 ], [ -157.994014917150764, 21.525427025880035 ], [ -157.994528541158161, 21.526462664407831 ], [ -157.995406706732069, 21.526728653340175 ], [ -157.995684124665416, 21.52785027354663 ], [ -157.996534670316862, 21.52859719415833 ], [ -157.996949693801412, 21.529433862739555 ], [ -157.998861992261368, 21.52973066224094 ], [ -158.000464273929964, 21.530357677769928 ], [ -158.001456931528566, 21.529873849786959 ], [ -158.001087614966451, 21.532131854789046 ], [ -157.998296015846051, 21.532218602462375 ], [ -157.9979781709402, 21.531893531901961 ], [ -157.997081486276869, 21.531106044741467 ], [ -157.996251004904707, 21.530256621582328 ], [ -157.995811326617513, 21.530270253026284 ], [ -157.995087386701186, 21.530239030252169 ], [ -157.994502563391364, 21.530257209683882 ], [ -157.99416176617035, 21.529570058141303 ], [ -157.991968935893539, 21.529018287935553 ], [ -157.991487372086681, 21.529957270386848 ], [ -157.991320021898105, 21.529695559311648 ], [ -157.990780743932021, 21.528608212120258 ], [ -157.989584078210584, 21.529403711972279 ], [ -157.989303088371798, 21.529683750611134 ], [ -157.98900305133526, 21.529670816707469 ], [ -157.988590428391177, 21.530475358768332 ], [ -157.988128397650996, 21.530489694581487 ], [ -157.987743551107258, 21.52932612376684 ], [ -157.986257671595808, 21.529524206055459 ] ] ] } },
{ "type": "Feature", "properties": { "ID": 155, "GRIDCODE": 2 }, "geometry": { "type": "Polygon", "coordinates": [ [ [ -157.981093164227588, 21.522446200617019 ], [ -157.981795029128619, 21.522959972223177 ], [ -157.981251456252267, 21.523354187857375 ], [ -157.981093164227588, 21.522446200617019 ] ] ] } },
{ "type": "Feature", "properties": { "ID": 156, "GRIDCODE": 2 }, "geometry": { "type": "Polygon", "coordinates": [ [ [ -157.854837306878011, 21.518917494352923 ], [ -157.854059599115715, 21.520022144929111 ], [ -157.854129725347036, 21.520421338181297 ], [ -157.853116315837696, 21.520670899966333 ], [ -157.852668173204819, 21.52122612192094 ], [ -157.85152673737025, 21.521641529817998 ], [ -157.851213690225052, 21.522029154375598 ], [ -157.850583399218181, 21.522258576099819 ], [ -157.850756669449282, 21.523244174801572 ], [ -157.848841811579945, 21.523599053587233 ], [ -157.848467340696345, 21.524062735629123 ], [ -157.847966533244431, 21.52440605039039 ], [ -157.847714745604492, 21.524986167879227 ], [ -157.846511993952305, 21.525209038994792 ], [ -157.84625591862843, 21.526331148562051 ], [ -157.844949477219274, 21.526573206561867 ], [ -157.845095922879892, 21.527405385490926 ], [ -157.844175693057707, 21.527631980527985 ], [ -157.843921739619105, 21.52848308818006 ], [ -157.843008586677996, 21.528707939003205 ], [ -157.842212988986091, 21.529161009529751 ], [ -157.842135855429518, 21.528721800462421 ], [ -157.842213748228801, 21.528315823353594 ], [ -157.8419915388248, 21.527052184208703 ], [ -157.843411911453842, 21.526282810339858 ], [ -157.843237867341401, 21.52529376014045 ], [ -157.843926604818705, 21.525187706750639 ], [ -157.845030242514866, 21.525373399310645 ], [ -157.845111953627963, 21.524948258881 ], [ -157.844962812557469, 21.524099453733964 ], [ -157.846717850426415, 21.523460924554442 ], [ -157.847163190474106, 21.522798579168214 ], [ -157.84681253621909, 21.521964461083872 ], [ -157.847849316204474, 21.521587136360719 ], [ -157.847396875396839, 21.520891528077417 ], [ -157.847799844911464, 21.520615226010698 ], [ -157.847665040931588, 21.519847706036444 ], [ -157.848712076036861, 21.520464180507261 ], [ -157.849467902986873, 21.520347781021176 ], [ -157.849995556381373, 21.520436572190526 ], [ -157.850809836452385, 21.519972540427712 ], [ -157.851789092959137, 21.519821740804844 ], [ -157.852086815966686, 21.519871824681953 ], [ -157.852928443210203, 21.519562002922331 ], [ -157.853841525754689, 21.519337094335043 ], [ -157.854380767883413, 21.519029952109591 ], [ -157.854837306878011, 21.518917494352923 ] ] ] } },
{ "type": "Feature", "properties": { "ID": 157, "GRIDCODE": 2 }, "geometry": { "type": "Polygon", "coordinates": [ [ [ -157.855129043881334, 21.518648482747807 ], [ -157.855126920886704, 21.518919481153802 ], [ -157.854837306878011, 21.518917494352923 ], [ -157.854839430409385, 21.518646495974384 ], [ -157.855129043881334, 21.518648482747807 ] ] ] } },
{ "type": "Feature", "properties": { "ID": 158, "GRIDCODE": 2 }, "geometry": { "type": "Polygon", "coordinates": [ [ [ -157.855420779811141, 21.51837947057653 ], [ -157.855418657386622, 21.518650469018951 ], [ -157.855129043881334, 21.518648482747807 ], [ -157.855131166842597, 21.518377484332834 ], [ -157.855420779811141, 21.51837947057653 ] ] ] } },
{ "type": "Feature", "properties": { "ID": 159, "GRIDCODE": 2 }, "geometry": { "type": "Polygon", "coordinates": [ [ [ -157.855420779811141, 21.51837947057653 ], [ -157.855522638923389, 21.518049739593714 ], [ -157.855774471904454, 21.518289131874202 ], [ -157.855420779811141, 21.51837947057653 ] ] ] } },
{ "type": "Feature", "properties": { "ID": 160, "GRIDCODE": 2 }, "geometry": { "type": "Polygon", "coordinates": [ [ [ -157.878606559258827, 21.516368737429911 ], [ -157.878958953045014, 21.516463868724937 ], [ -157.878703154072582, 21.516699817771034 ], [ -157.878606559258827, 21.516368737429911 ] ] ] } },
{ "type": "Feature", "properties": { "ID": 161, "GRIDCODE": 2 }, "geometry": { "type": "Polygon", "coordinates": [ [ [ -157.878606559258827, 21.516368737429911 ], [ -157.878254165965302, 21.516273605409673 ], [ -157.87850996484832, 21.516037657039032 ], [ -157.878606559258827, 21.516368737429911 ] ] ] } },
{ "type": "Feature", "properties": { "ID": 162, "GRIDCODE": 2 }, "geometry": { "type": "Polygon", "coordinates": [ [ [ -157.872237208895399, 21.516054812703246 ], [ -157.872135388604676, 21.516384555685079 ], [ -157.871883530705077, 21.516145187005939 ], [ -157.872237208895399, 21.516054812703246 ] ] ] } },
{ "type": "Feature", "properties": { "ID": 163, "GRIDCODE": 2 }, "geometry": { "type": "Polygon", "coordinates": [ [ [ -157.986355438095757, 21.515431684274322 ], [ -157.986456861751549, 21.515101860078705 ], [ -157.986709196562117, 21.515341065251203 ], [ -157.986355438095757, 21.515431684274322 ] ] ] } },
{ "type": "Feature", "properties": { "ID": 164, "GRIDCODE": 2 }, "geometry": { "type": "Polygon", "coordinates": [ [ [ -157.978537611508756, 21.515113009380812 ], [ -157.979223579979049, 21.515264229055717 ], [ -157.97866737293495, 21.516012619722368 ], [ -157.978537611508756, 21.515113009380812 ] ] ] } },
{ "type": "Feature", "properties": { "ID": 165, "GRIDCODE": 2 }, "geometry": { "type": "Polygon", "coordinates": [ [ [ -157.986355438095757, 21.515431684274322 ], [ -157.986487295203517, 21.516117648312935 ], [ -157.98692806749446, 21.516490927494566 ], [ -157.987947468559156, 21.515833716479595 ], [ -157.988695054185797, 21.51662689676823 ], [ -157.989980722650017, 21.51529783364446 ], [ -157.990252371282907, 21.516140465387387 ], [ -157.990556630516153, 21.516398108942521 ], [ -157.991069772253496, 21.516942659548999 ], [ -157.992772989113149, 21.515723950453179 ], [ -157.993163977332671, 21.515319775966475 ], [ -157.993738889050263, 21.516177994327677 ], [ -157.9949667174713, 21.516116907810353 ], [ -157.995465360759596, 21.516201162957429 ], [ -157.99430344943525, 21.516691746590524 ], [ -157.993738637575916, 21.516974583390478 ], [ -157.991973786282131, 21.517347640341129 ], [ -157.99112471319674, 21.517772731546717 ], [ -157.990059678722474, 21.517706806495255 ], [ -157.989387205584364, 21.51797289800831 ], [ -157.991211445459186, 21.518381731650599 ], [ -157.992673841322528, 21.517900659492604 ], [ -157.992125411893369, 21.518718884193284 ], [ -157.991771648001532, 21.518809514472046 ], [ -157.992023998001969, 21.519048712095778 ], [ -157.992125411893369, 21.518718884193284 ], [ -157.992576662900433, 21.518601117395121 ], [ -157.993415655267938, 21.51830511700345 ], [ -157.994748289663079, 21.517957299210735 ], [ -157.995750287628454, 21.518080050127971 ], [ -157.996097323851103, 21.518041775485987 ], [ -157.995980421918858, 21.518877628350594 ], [ -157.996627921891047, 21.519137524106721 ], [ -157.997994803628899, 21.519900442374233 ], [ -157.998318662240251, 21.521345897374772 ], [ -157.998999772236004, 21.521863046967013 ], [ -157.99831329480844, 21.522128891738426 ], [ -157.997691318758626, 21.523073338019074 ], [ -157.997145458757842, 21.523476988894281 ], [ -157.996884214962819, 21.523995296823369 ], [ -157.99833039331611, 21.524297171698628 ], [ -157.998875645123803, 21.524601505808086 ], [ -158.000310060192561, 21.52517722686132 ], [ -158.000893322977419, 21.52604605907489 ], [ -157.999458209804146, 21.52565329174784 ], [ -157.998882280578272, 21.525965456571829 ], [ -157.997989018732255, 21.525466882621608 ], [ -157.998078250777297, 21.524829232841405 ], [ -157.99772072503319, 21.524868639075446 ], [ -157.996913980923864, 21.52441835218703 ], [ -157.996271709617304, 21.523414501147901 ], [ -157.995121524511433, 21.522952810374768 ], [ -157.994797041497463, 21.52256860677371 ], [ -157.993642884675808, 21.522130834831451 ], [ -157.993735544543824, 21.522866646336468 ], [ -157.99251461768182, 21.522185166347587 ], [ -157.991974249010383, 21.521545306508937 ], [ -157.991356163141347, 21.521613430070303 ], [ -157.991439469476404, 21.521018426616191 ], [ -157.991331538039674, 21.520161104554916 ], [ -157.990666751561662, 21.520234369250343 ], [ -157.990087957945832, 21.520163509642487 ], [ -157.989508233487442, 21.520227359261998 ], [ -157.989062834529506, 21.520172786845123 ], [ -157.98821725815273, 21.520742922389744 ], [ -157.987517013437667, 21.521013998392934 ], [ -157.986722058599099, 21.521930686821083 ], [ -157.986172946154568, 21.520088428878392 ], [ -157.985474165314969, 21.519557821536647 ], [ -157.98473323377047, 21.519639532326568 ], [ -157.98442900328763, 21.51960221578879 ], [ -157.984163163640517, 21.520450848290444 ], [ -157.983858931670028, 21.520413530656192 ], [ -157.982699475918679, 21.520541316615262 ], [ -157.981541898049727, 21.520399408030475 ], [ -157.981107102008281, 21.520447306112359 ], [ -157.980464302407938, 21.520368545594486 ], [ -157.980115394687317, 21.519579486540351 ], [ -157.97864911256255, 21.519273297168603 ], [ -157.978069192610349, 21.520538107416098 ], [ -157.977750444139048, 21.518391145818633 ], [ -157.97789304736898, 21.517373241876069 ], [ -157.978673601251728, 21.51746899957384 ], [ -157.978954638712196, 21.516290691634083 ], [ -157.97950965782934, 21.516948016886708 ], [ -157.979833006892619, 21.516575287974113 ], [ -157.980401546824226, 21.517464344748202 ], [ -157.980679700178541, 21.517143742615112 ], [ -157.981002963064014, 21.51690473496673 ], [ -157.981268389833133, 21.515792229750186 ], [ -157.981660573063266, 21.514855575875146 ], [ -157.982178436020519, 21.514472713797471 ], [ -157.982440075797058, 21.513902225856558 ], [ -157.982822439596106, 21.51366357447716 ], [ -157.983326172525835, 21.514803001231463 ], [ -157.984476722336836, 21.514179495267438 ], [ -157.985043617373321, 21.514351074110238 ], [ -157.984100728237252, 21.515048301127411 ], [ -157.984198426110822, 21.515825105053018 ], [ -157.984124319298104, 21.516354389999233 ], [ -157.984480522195838, 21.516624866023378 ], [ -157.984738897615159, 21.516930873734783 ], [ -157.985583840567784, 21.516837752088744 ], [ -157.985924152012217, 21.515750572273326 ], [ -157.986355438095757, 21.515431684274322 ] ], [ [ -157.988943269620592, 21.51815759573854 ], [ -157.989040118414465, 21.518488622440234 ], [ -157.989295750403613, 21.51825249714685 ], [ -157.988943269620592, 21.51815759573854 ] ] ] } },
{ "type": "Feature", "properties": { "ID": 166, "GRIDCODE": 2 }, "geometry": { "type": "Polygon", "coordinates": [ [ [ -157.977415156389469, 21.509956734335109 ], [ -157.978093491949096, 21.510124055974561 ], [ -157.977123212916212, 21.51142075026905 ], [ -157.976642458824216, 21.5103405345859 ], [ -157.97729581612785, 21.510116326786648 ], [ -157.977415156389469, 21.509956734335109 ] ] ] } },
{ "type": "Feature", "properties": { "ID": 167, "GRIDCODE": 2 }, "geometry": { "type": "Polygon", "coordinates": [ [ [ -157.871426958475524, 21.508460936326209 ], [ -157.871578970396172, 21.508589861866721 ], [ -157.872391693540493, 21.508640675818924 ], [ -157.873842793288276, 21.509603717867865 ], [ -157.875030701025935, 21.509009882785456 ], [ -157.874443918100411, 21.510506301008228 ], [ -157.874160470892832, 21.51183564288824 ], [ -157.875717827070901, 21.514231542161301 ], [ -157.876744468657165, 21.515102378310203 ], [ -157.876711982403805, 21.515557247156533 ], [ -157.875720484810955, 21.515044338948826 ], [ -157.875000160388225, 21.515404389561763 ], [ -157.874436740014971, 21.515369096703306 ], [ -157.873841340011296, 21.515666730087439 ], [ -157.872664525968958, 21.515914582950842 ], [ -157.872237208895399, 21.516054812703246 ], [ -157.872573345603058, 21.514865043962605 ], [ -157.873065914599607, 21.514551635142396 ], [ -157.872901682474179, 21.51384242202413 ], [ -157.873352178598111, 21.512858933489589 ], [ -157.873215041092976, 21.512267215065386 ], [ -157.87332012757895, 21.511843207085487 ], [ -157.872780955070766, 21.511489419116643 ], [ -157.872677763212266, 21.511044023182937 ], [ -157.872748987034214, 21.510756882076677 ], [ -157.872430700171748, 21.509560509311019 ], [ -157.871569054528948, 21.50899519166099 ], [ -157.871426958475524, 21.508460936326209 ] ] ] } },
{ "type": "Feature", "properties": { "ID": 168, "GRIDCODE": 2 }, "geometry": { "type": "Polygon", "coordinates": [ [ [ -157.871426958475524, 21.508460936326209 ], [ -157.871074730822727, 21.508365791051926 ], [ -157.871330243464968, 21.508129851454981 ], [ -157.871426958475524, 21.508460936326209 ] ] ] } },
{ "type": "Feature", "properties": { "ID": 169, "GRIDCODE": 2 }, "geometry": { "type": "Polygon", "coordinates": [ [ [ -157.988724886667598, 21.507857440581923 ], [ -157.989077342749141, 21.507952341587593 ], [ -157.988821729180614, 21.508188467525155 ], [ -157.988724886667598, 21.507857440581923 ] ] ] } },
{ "type": "Feature", "properties": { "ID": 170, "GRIDCODE": 2 }, "geometry": { "type": "Polygon", "coordinates": [ [ [ -157.984960025659348, 21.507834597418629 ], [ -157.985953878603254, 21.507998842214519 ], [ -157.985226994932816, 21.508754624105471 ], [ -157.984960025659348, 21.507834597418629 ] ] ] } },
{ "type": "Feature", "properties": { "ID": 171, "GRIDCODE": 2 }, "geometry": { "type": "Polygon", "coordinates": [ [ [ -157.982364902067332, 21.506192671994011 ], [ -157.982765809076824, 21.5064363610092 ], [ -157.982468334358828, 21.507383190798045 ], [ -157.981112265715183, 21.507126661974205 ], [ -157.982136492378118, 21.506521786132932 ], [ -157.982364902067332, 21.506192671994011 ] ] ] } },
{ "type": "Feature", "properties": { "ID": 172, "GRIDCODE": 2 }, "geometry": { "type": "Polygon", "coordinates": [ [ [ -157.981236702608584, 21.50184944550157 ], [ -157.981901943980006, 21.50196333988259 ], [ -157.98139168719257, 21.50219452758904 ], [ -157.981236702608584, 21.50184944550157 ] ] ] } },
{ "type": "Feature", "properties": { "ID": 173, "GRIDCODE": 2 }, "geometry": { "type": "Polygon", "coordinates": [ [ [ -157.974288396000105, 21.501535897180993 ], [ -157.974663751332173, 21.501688931077734 ], [ -157.974400027427038, 21.502152468160293 ], [ -157.974288396000105, 21.501535897180993 ] ] ] } },
{ "type": "Feature", "properties": { "ID": 174, "GRIDCODE": 2 }, "geometry": { "type": "Polygon", "coordinates": [ [ [ -157.97574014702829, 21.501002763457304 ], [ -157.976458591137458, 21.501151015545066 ], [ -157.977035169039851, 21.501122390553142 ], [ -157.977569123329005, 21.501689009041009 ], [ -157.976413516315176, 21.50306582103827 ], [ -157.977029144411148, 21.503035252132047 ], [ -157.977875679713293, 21.503087678640441 ], [ -157.979623521880171, 21.501280814078726 ], [ -157.981089762017774, 21.500978976780395 ], [ -157.979659676037414, 21.502159142594529 ], [ -157.981383147539958, 21.502791305691815 ], [ -157.981942386625292, 21.503304270944948 ], [ -157.980202699489638, 21.503597166998592 ], [ -157.978765002467412, 21.504465165731208 ], [ -157.980502413875399, 21.504378845859829 ], [ -157.981061940217387, 21.504972738554969 ], [ -157.981664359129496, 21.50523592167254 ], [ -157.981054493367282, 21.50604156126856 ], [ -157.980192539075375, 21.507406625990583 ], [ -157.979225538179008, 21.508198563466621 ], [ -157.978455026578303, 21.507380787129577 ], [ -157.977387298118316, 21.507065051850386 ], [ -157.976327177879938, 21.507117643802779 ], [ -157.975863784116797, 21.505196744310854 ], [ -157.974608708343652, 21.502561340193758 ], [ -157.975015774099859, 21.502225525330864 ], [ -157.975292867638416, 21.501669964307833 ], [ -157.97574014702829, 21.501002763457304 ] ] ] } },
{ "type": "Feature", "properties": { "ID": 175, "GRIDCODE": 2 }, "geometry": { "type": "Polygon", "coordinates": [ [ [ -157.980377371149302, 21.500489092859759 ], [ -157.980729803476578, 21.500584010654624 ], [ -157.980474190418704, 21.500820123994679 ], [ -157.980377371149302, 21.500489092859759 ] ] ] } },
{ "type": "Feature", "properties": { "ID": 176, "GRIDCODE": 2 }, "geometry": { "type": "Polygon", "coordinates": [ [ [ -158.10608013090615, 21.498227826445692 ], [ -158.106432650546822, 21.49832248179208 ], [ -158.106177236444466, 21.498558795192096 ], [ -158.10608013090615, 21.498227826445692 ] ] ] } },
{ "type": "Feature", "properties": { "ID": 177, "GRIDCODE": 2 }, "geometry": { "type": "Polygon", "coordinates": [ [ [ -157.972579400716228, 21.497460073258988 ], [ -157.973300919447638, 21.497630655606546 ], [ -157.973772609354143, 21.497534766205671 ], [ -157.974433154864926, 21.497749962925681 ], [ -157.973721823135037, 21.49820314139146 ], [ -157.97315423749086, 21.49808041973214 ], [ -157.972719221604507, 21.498168857440518 ], [ -157.972297204135145, 21.49807759735635 ], [ -157.972579400716228, 21.497460073258988 ] ] ] } },
{ "type": "Feature", "properties": { "ID": 178, "GRIDCODE": 2 }, "geometry": { "type": "Polygon", "coordinates": [ [ [ -157.970874308061781, 21.49284221433577 ], [ -157.971605735375419, 21.493047999160311 ], [ -157.972437266841212, 21.495168022597433 ], [ -157.9728232468307, 21.495416406464912 ], [ -157.973440615477358, 21.494730075676298 ], [ -157.974769435713455, 21.493710788413363 ], [ -157.975071306459512, 21.495025732492802 ], [ -157.975937986993046, 21.495708469184503 ], [ -157.975894351193716, 21.496084098654283 ], [ -157.973683398546569, 21.495859456232743 ], [ -157.973300320789662, 21.496285271281145 ], [ -157.972394150808725, 21.496193218857691 ], [ -157.972803551042233, 21.496872430116106 ], [ -157.972005799789912, 21.49730852803194 ], [ -157.970570122913898, 21.494153695731054 ], [ -157.971200208418139, 21.493670453056765 ], [ -157.970874308061781, 21.49284221433577 ] ] ] } },
{ "type": "Feature", "properties": { "ID": 179, "GRIDCODE": 2 }, "geometry": { "type": "Polygon", "coordinates": [ [ [ -157.957416842635553, 21.471348126498729 ], [ -157.958426056811192, 21.471539089087443 ], [ -157.957360744581138, 21.473370179904368 ], [ -157.956392060464111, 21.47338259703271 ], [ -157.956387988963769, 21.473100765226793 ], [ -157.956959238699909, 21.472593849303468 ], [ -157.957271992459766, 21.471756467978594 ], [ -157.957416842635553, 21.471348126498729 ] ] ] } },
{ "type": "Feature", "properties": { "ID": 180, "GRIDCODE": 2 }, "geometry": { "type": "Polygon", "coordinates": [ [ [ -157.949933748852885, 21.465067820259474 ], [ -157.950395393485024, 21.464960020269768 ], [ -157.951579544833749, 21.464048119567416 ], [ -157.953143800605005, 21.464386636736748 ], [ -157.952250119920819, 21.464693350188671 ], [ -157.951841038220238, 21.465240107565808 ], [ -157.951324797124954, 21.465568964838994 ], [ -157.950920276789844, 21.466109660919994 ], [ -157.950168066521115, 21.4659468672284 ], [ -157.949933748852885, 21.465067820259474 ] ] ] } },
{ "type": "Feature", "properties": { "ID": 181, "GRIDCODE": 2 }, "geometry": { "type": "Polygon", "coordinates": [ [ [ -157.949933748852885, 21.465067820259474 ], [ -157.949232270307306, 21.464553926957528 ], [ -157.949573222620387, 21.463592409107498 ], [ -157.950155631777562, 21.463854184218448 ], [ -157.949933748852885, 21.465067820259474 ] ] ] } },
{ "type": "Feature", "properties": { "ID": 182, "GRIDCODE": 2 }, "geometry": { "type": "Polygon", "coordinates": [ [ [ -157.862874732178369, 21.453657947474092 ], [ -157.863539641691972, 21.453772300468746 ], [ -157.863029245654786, 21.454003126377632 ], [ -157.862874732178369, 21.453657947474092 ] ] ] } },
{ "type": "Feature", "properties": { "ID": 183, "GRIDCODE": 2 }, "geometry": { "type": "Polygon", "coordinates": [ [ [ -157.92722858289639, 21.442158056026194 ], [ -157.928164451833311, 21.442274616349756 ], [ -157.927330721165788, 21.442649206888422 ], [ -157.92722858289639, 21.442158056026194 ] ] ] } },
{ "type": "Feature", "properties": { "ID": 184, "GRIDCODE": 2 }, "geometry": { "type": "Polygon", "coordinates": [ [ [ -157.925781236543799, 21.442148774039634 ], [ -157.927051416796473, 21.442958137204052 ], [ -157.926079762424735, 21.4432692430765 ], [ -157.92559348597311, 21.442559458748764 ], [ -157.925781236543799, 21.442148774039634 ] ] ] } },
{ "type": "Feature", "properties": { "ID": 185, "GRIDCODE": 2 }, "geometry": { "type": "Polygon", "coordinates": [ [ [ -157.856615904767068, 21.439522497217769 ], [ -157.856951014459469, 21.439796859912875 ], [ -157.85760382822977, 21.440911447826636 ], [ -157.856369759063199, 21.441326284530167 ], [ -157.855276514707754, 21.441009949651722 ], [ -157.856615904767068, 21.439522497217769 ] ] ] } },
{ "type": "Feature", "properties": { "ID": 186, "GRIDCODE": 2 }, "geometry": { "type": "Polygon", "coordinates": [ [ [ -158.079227895704804, 21.439268763676331 ], [ -158.079124944293198, 21.439456581467631 ], [ -158.07814940479264, 21.439895936443691 ], [ -158.077684142382168, 21.439120582575359 ], [ -158.07854634260201, 21.438946937881425 ], [ -158.079227895704804, 21.439268763676331 ] ] ] } },
{ "type": "Feature", "properties": { "ID": 187, "GRIDCODE": 2 }, "geometry": { "type": "Polygon", "coordinates": [ [ [ -157.850322152854034, 21.429993858583828 ], [ -157.851607955912129, 21.43108555183834 ], [ -157.849968825354523, 21.43089479500259 ], [ -157.850322152854034, 21.429993858583828 ] ] ] } },
{ "type": "Feature", "properties": { "ID": 188, "GRIDCODE": 2 }, "geometry": { "type": "Polygon", "coordinates": [ [ [ -157.917805990407032, 21.424481111320304 ], [ -157.917704486378994, 21.424810893624514 ], [ -157.917452418103466, 21.424571592754273 ], [ -157.917805990407032, 21.424481111320304 ] ] ] } },
{ "type": "Feature", "properties": { "ID": 189, "GRIDCODE": 2 }, "geometry": { "type": "Polygon", "coordinates": [ [ [ -157.917805990407032, 21.424481111320304 ], [ -157.917907493946416, 21.424151328922591 ], [ -157.918159562308063, 21.424390629120509 ], [ -157.917805990407032, 21.424481111320304 ] ] ] } },
{ "type": "Feature", "properties": { "ID": 190, "GRIDCODE": 2 }, "geometry": { "type": "Polygon", "coordinates": [ [ [ -157.914913658467924, 21.424191379601485 ], [ -157.915265860796865, 21.42428642691943 ], [ -157.915010285770876, 21.424522443451735 ], [ -157.914913658467924, 21.424191379601485 ] ] ] } },
{ "type": "Feature", "properties": { "ID": 191, "GRIDCODE": 2 }, "geometry": { "type": "Polygon", "coordinates": [ [ [ -157.907677849681079, 21.424144349736082 ], [ -157.90896526995553, 21.424367848866918 ], [ -157.908031548983445, 21.425082718625298 ], [ -157.907509436358112, 21.424555140124216 ], [ -157.907677849681079, 21.424144349736082 ] ] ] } },
{ "type": "Feature", "properties": { "ID": 192, "GRIDCODE": 2 }, "geometry": { "type": "Polygon", "coordinates": [ [ [ -157.913757932277406, 21.42391286891818 ], [ -157.914110133081493, 21.424007918609853 ], [ -157.913854556789261, 21.424243933328 ], [ -157.913757932277406, 21.42391286891818 ] ] ] } },
{ "type": "Feature", "properties": { "ID": 193, "GRIDCODE": 2 }, "geometry": { "type": "Polygon", "coordinates": [ [ [ -157.913191101168707, 21.422283072800212 ], [ -157.914763266653694, 21.422433870222552 ], [ -157.914077285996115, 21.423193918025191 ], [ -157.913365700507796, 21.423287693761381 ], [ -157.913191101168707, 21.422283072800212 ] ] ] } },
{ "type": "Feature", "properties": { "ID": 194, "GRIDCODE": 2 }, "geometry": { "type": "Polygon", "coordinates": [ [ [ -157.908904023003515, 21.414937670950295 ], [ -157.909939587436043, 21.415077075741223 ], [ -157.909317885744287, 21.415346895182136 ], [ -157.909377214224776, 21.417044860792643 ], [ -157.908153867614431, 21.417773331080841 ], [ -157.907862239187438, 21.419551254141517 ], [ -157.909274537390445, 21.418863253961078 ], [ -157.910679853134098, 21.418924536758826 ], [ -157.911338834290177, 21.418603411004181 ], [ -157.911756952695413, 21.419031845727776 ], [ -157.912332639752009, 21.419538387055702 ], [ -157.910740557786767, 21.420229346759491 ], [ -157.910170644416496, 21.420506982058747 ], [ -157.909289410664115, 21.420761944611673 ], [ -157.90842842244885, 21.421258940528467 ], [ -157.910260201371102, 21.421598789715013 ], [ -157.911477459184283, 21.42156151171854 ], [ -157.912461408650728, 21.422360582626247 ], [ -157.910937845210185, 21.422669807542679 ], [ -157.909290371173938, 21.422117049289568 ], [ -157.906664989760628, 21.421839237202224 ], [ -157.906683854551972, 21.422380671471071 ], [ -157.906169821504506, 21.423275001449731 ], [ -157.903937344584449, 21.42098704881645 ], [ -157.904300030930642, 21.419655630181083 ], [ -157.904658530607634, 21.420742052140582 ], [ -157.905400418237406, 21.421549637526279 ], [ -157.905957565630757, 21.420464038170149 ], [ -157.906566376684793, 21.419404578812323 ], [ -157.907021976350137, 21.418516812972854 ], [ -157.906995869038184, 21.41777094165646 ], [ -157.907009473448625, 21.417500010755585 ], [ -157.90699979780689, 21.417223899291145 ], [ -157.908061448537296, 21.416916727251795 ], [ -157.90854499264475, 21.415974616957364 ], [ -157.908904023003515, 21.414937670950295 ] ] ] } },
{ "type": "Feature", "properties": { "ID": 195, "GRIDCODE": 2 }, "geometry": { "type": "Polygon", "coordinates": [ [ [ -157.897934772904676, 21.41107161562001 ], [ -157.898622774769592, 21.411232623138698 ], [ -157.898766480530867, 21.411724922323387 ], [ -157.896377941639969, 21.41147623615532 ], [ -157.897820626176866, 21.411236083450468 ], [ -157.897934772904676, 21.41107161562001 ] ] ] } },
{ "type": "Feature", "properties": { "ID": 196, "GRIDCODE": 2 }, "geometry": { "type": "Polygon", "coordinates": [ [ [ -157.850322152854034, 21.429993858583828 ], [ -157.849601128175948, 21.430129906480069 ], [ -157.849308100754143, 21.430117042056562 ], [ -157.848066605037104, 21.430154558179385 ], [ -157.846111248574772, 21.42956002837666 ], [ -157.846138736836025, 21.429011703283674 ], [ -157.845828537048192, 21.428738550623805 ], [ -157.845866738238101, 21.427978171814225 ], [ -157.84528293878239, 21.427379383293022 ], [ -157.844683271824437, 21.427109393583411 ], [ -157.844712424458919, 21.426529717649501 ], [ -157.843273049090214, 21.426573178686667 ], [ -157.842645489311309, 21.426256739409368 ], [ -157.841222797742773, 21.426299702691111 ], [ -157.8406688669549, 21.425178991758401 ], [ -157.840368611420985, 21.425188029077319 ], [ -157.840094573030882, 21.424633383060339 ], [ -157.839795900683924, 21.424370621545975 ], [ -157.839304668603177, 21.423866542222239 ], [ -157.838656015087338, 21.423539355979162 ], [ -157.837340027863831, 21.423139187532033 ], [ -157.836925348971477, 21.422713906976821 ], [ -157.836625663880284, 21.4227229417302 ], [ -157.83629089576209, 21.422379532295924 ], [ -157.83488996434096, 21.422712863054237 ], [ -157.834230938509393, 21.421379737814259 ], [ -157.833168541032848, 21.421332906421075 ], [ -157.83259518709221, 21.421350150962585 ], [ -157.832877774703888, 21.420789050482089 ], [ -157.833657628387186, 21.419433719044232 ], [ -157.834066320878208, 21.418367458939855 ], [ -157.834052056817114, 21.417956735481667 ], [ -157.834073844654569, 21.417526347025259 ], [ -157.83338084261041, 21.416916107085147 ], [ -157.833805293770354, 21.416178270988311 ], [ -157.83293856104649, 21.415414903743642 ], [ -157.83264704049779, 21.414825123287233 ], [ -157.832059869528422, 21.41430818144185 ], [ -157.832074972567824, 21.414008225386372 ], [ -157.830041789630059, 21.413462202308889 ], [ -157.829765931860635, 21.413178939742789 ], [ -157.828599095349063, 21.412910094432757 ], [ -157.828033840177426, 21.412624805888541 ], [ -157.827147672422569, 21.412355266797864 ], [ -157.827459280303316, 21.412089079749229 ], [ -157.827739620038869, 21.411809704880536 ], [ -157.828627610454333, 21.411424875421375 ], [ -157.829483345423142, 21.411008453246463 ], [ -157.831026535813209, 21.41107652434394 ], [ -157.832911772376974, 21.410532085764796 ], [ -157.833262351875987, 21.410232480353116 ], [ -157.833824706895825, 21.409672530100188 ], [ -157.834573977220344, 21.409705531792699 ], [ -157.835131734406474, 21.408619394705958 ], [ -157.835877561860627, 21.409157806827842 ], [ -157.834978987394322, 21.412735430584405 ], [ -157.835306963555382, 21.417676187545197 ], [ -157.836424163220016, 21.419936032612164 ], [ -157.840485825997462, 21.421332899176914 ], [ -157.844227723511978, 21.423899856002059 ], [ -157.848078496439797, 21.427918433205875 ], [ -157.849631769464935, 21.429285774457203 ], [ -157.850322152854034, 21.429993858583828 ] ] ] } },
{ "type": "Feature", "properties": { "ID": 197, "GRIDCODE": 2 }, "geometry": { "type": "Polygon", "coordinates": [ [ [ -157.895933368002261, 21.407806212150721 ], [ -157.896285517335656, 21.407901297351433 ], [ -157.896029943014696, 21.408137285294501 ], [ -157.895933368002261, 21.407806212150721 ] ] ] } },
{ "type": "Feature", "properties": { "ID": 198, "GRIDCODE": 2 }, "geometry": { "type": "Polygon", "coordinates": [ [ [ -157.893907578367333, 21.407792855452239 ], [ -157.894062073048531, 21.407919327144054 ], [ -157.894336333362389, 21.408505918546528 ], [ -157.895597659937096, 21.408419351583035 ], [ -157.893095385815599, 21.41035211653611 ], [ -157.892432744646328, 21.409621426420024 ], [ -157.893474963030968, 21.409019642892144 ], [ -157.893749155804301, 21.408188281133963 ], [ -157.893907578367333, 21.407792855452239 ] ] ] } },
{ "type": "Feature", "properties": { "ID": 199, "GRIDCODE": 2 }, "geometry": { "type": "Polygon", "coordinates": [ [ [ -157.896516234598749, 21.407268012119932 ], [ -157.898362102406111, 21.407397534530386 ], [ -157.896666620408837, 21.407885610687931 ], [ -157.896516234598749, 21.407268012119932 ] ] ] } },
{ "type": "Feature", "properties": { "ID": 200, "GRIDCODE": 2 }, "geometry": { "type": "Polygon", "coordinates": [ [ [ -157.836326524635837, 21.406318905351192 ], [ -157.836678484236558, 21.406414112975462 ], [ -157.836423104114459, 21.40665000787536 ], [ -157.836326524635837, 21.406318905351192 ] ] ] } },
{ "type": "Feature", "properties": { "ID": 201, "GRIDCODE": 2 }, "geometry": { "type": "Polygon", "coordinates": [ [ [ -157.893369585858125, 21.402368921621839 ], [ -157.894075663028218, 21.402563016696508 ], [ -157.893562809772334, 21.403018962506316 ], [ -157.893369585858125, 21.402368921621839 ] ] ] } },
{ "type": "Feature", "properties": { "ID": 202, "GRIDCODE": 2 }, "geometry": { "type": "Polygon", "coordinates": [ [ [ -157.890186323351799, 21.402347877929792 ], [ -157.890433442683218, 21.401471944063896 ], [ -157.891760100091005, 21.401202620359257 ], [ -157.890993846395872, 21.401943782044221 ], [ -157.890186323351799, 21.402347877929792 ] ] ] } },
{ "type": "Feature", "properties": { "ID": 203, "GRIDCODE": 2 }, "geometry": { "type": "Polygon", "coordinates": [ [ [ -157.891936944979648, 21.40046232428347 ], [ -157.892350106610763, 21.400765385576523 ], [ -157.891665667456465, 21.401095269063298 ], [ -157.891936944979648, 21.40046232428347 ] ] ] } },
{ "type": "Feature", "properties": { "ID": 204, "GRIDCODE": 2 }, "geometry": { "type": "Polygon", "coordinates": [ [ [ -157.832035203330179, 21.400055713897057 ], [ -157.833002155552549, 21.400180222593793 ], [ -157.832228555319375, 21.400405688290107 ], [ -157.832035203330179, 21.400055713897057 ] ] ] } },
{ "type": "Feature", "properties": { "ID": 205, "GRIDCODE": 2 }, "geometry": { "type": "Polygon", "coordinates": [ [ [ -157.889921489187714, 21.39909389609684 ], [ -157.889782346081745, 21.399780579772862 ], [ -157.889176113905108, 21.400569506508663 ], [ -157.888612526656743, 21.401398942826109 ], [ -157.888152626680778, 21.401764838972731 ], [ -157.886566148274369, 21.401634812555091 ], [ -157.885609862466083, 21.402126164245523 ], [ -157.8860473275966, 21.402484188281093 ], [ -157.886857592787976, 21.402428630976068 ], [ -157.887134037883357, 21.403020210117241 ], [ -157.888291569605599, 21.402731794480356 ], [ -157.890186323351799, 21.402347877929792 ], [ -157.889995321623815, 21.402846767752255 ], [ -157.891764710148749, 21.403384235536794 ], [ -157.891484843132673, 21.403581216198745 ], [ -157.889160131583765, 21.403863048171022 ], [ -157.888567881847052, 21.404369797094919 ], [ -157.889148765159803, 21.404881013924154 ], [ -157.88763614309886, 21.404977048078837 ], [ -157.883692054627147, 21.400799665926808 ], [ -157.884638689056544, 21.400220391477049 ], [ -157.886410261376909, 21.400667743404224 ], [ -157.888029918876356, 21.399753747700206 ], [ -157.8889110562572, 21.399498892496485 ], [ -157.889480922828767, 21.399221327047606 ], [ -157.889921489187714, 21.39909389609684 ] ] ] } },
{ "type": "Feature", "properties": { "ID": 206, "GRIDCODE": 2 }, "geometry": { "type": "Polygon", "coordinates": [ [ [ -157.889921489187714, 21.39909389609684 ], [ -157.890023034169474, 21.398764131542112 ], [ -157.890275013532744, 21.39900347058995 ], [ -157.889921489187714, 21.39909389609684 ] ] ] } },
{ "type": "Feature", "properties": { "ID": 207, "GRIDCODE": 2 }, "geometry": { "type": "Polygon", "coordinates": [ [ [ -157.878685250141217, 21.392514682444375 ], [ -157.879349900676317, 21.392628961854783 ], [ -157.878839885689331, 21.392859848978496 ], [ -157.878685250141217, 21.392514682444375 ] ] ] } },
{ "type": "Feature", "properties": { "ID": 208, "GRIDCODE": 2 }, "geometry": { "type": "Polygon", "coordinates": [ [ [ -157.876083020596326, 21.392226244427103 ], [ -157.877176631370418, 21.392713476440822 ], [ -157.878477754542729, 21.392449444126949 ], [ -157.877201492699584, 21.393862096577504 ], [ -157.875831260371314, 21.392776320124185 ], [ -157.876083020596326, 21.392226244427103 ] ] ] } },
{ "type": "Feature", "properties": { "ID": 209, "GRIDCODE": 2 }, "geometry": { "type": "Polygon", "coordinates": [ [ [ -157.875820577517885, 21.388701246332186 ], [ -157.875718867899053, 21.389031000638131 ], [ -157.87546721217285, 21.388791643110348 ], [ -157.875820577517885, 21.388701246332186 ] ] ] } },
{ "type": "Feature", "properties": { "ID": 210, "GRIDCODE": 2 }, "geometry": { "type": "Polygon", "coordinates": [ [ [ -157.875820577517885, 21.388701246332186 ], [ -157.875922286646755, 21.388371491931814 ], [ -157.876173942463055, 21.388610848789352 ], [ -157.875820577517885, 21.388701246332186 ] ] ] } },
{ "type": "Feature", "properties": { "ID": 211, "GRIDCODE": 2 }, "geometry": { "type": "Polygon", "coordinates": [ [ [ -157.879299081535322, 21.387911468853069 ], [ -157.879515235367364, 21.38808210115597 ], [ -157.878996710337134, 21.390192264290732 ], [ -157.880277344278767, 21.389516655625343 ], [ -157.880887820000538, 21.388838286855034 ], [ -157.881156167270746, 21.389429423914972 ], [ -157.88169317434614, 21.389381792325949 ], [ -157.882022631434694, 21.389499515781594 ], [ -157.881440485693133, 21.389945898735998 ], [ -157.881175717490038, 21.390240162484467 ], [ -157.880278912259485, 21.39048018523852 ], [ -157.879973588366198, 21.391127042997063 ], [ -157.878623263844077, 21.390988994682971 ], [ -157.877405733980225, 21.391299044695877 ], [ -157.875930329010345, 21.391535169681646 ], [ -157.875185224429401, 21.391928099721184 ], [ -157.873130069407836, 21.390244722467095 ], [ -157.873943595436884, 21.38992074317013 ], [ -157.874623149713756, 21.389562314441594 ], [ -157.875076040082433, 21.389724086314928 ], [ -157.874493873541468, 21.390170444177695 ], [ -157.874225547205185, 21.390890917576598 ], [ -157.875070524897154, 21.390445331309088 ], [ -157.875677692429008, 21.390203395324438 ], [ -157.876562229374997, 21.389220661102229 ], [ -157.87775982055814, 21.389873803260258 ], [ -157.877654315751101, 21.388830840393062 ], [ -157.878000927520816, 21.388866242744378 ], [ -157.87826783670431, 21.388569616427034 ], [ -157.879166697442116, 21.388058599117421 ], [ -157.879299081535322, 21.387911468853069 ] ] ] } },
{ "type": "Feature", "properties": { "ID": 212, "GRIDCODE": 2 }, "geometry": { "type": "Polygon", "coordinates": [ [ [ -157.871525920450694, 21.38271000511817 ], [ -157.870826592972321, 21.384728011488829 ], [ -157.869695314674772, 21.38521875908927 ], [ -157.868370592464913, 21.386059471844138 ], [ -157.867456296926207, 21.385121743197193 ], [ -157.868193461912398, 21.384730248783271 ], [ -157.871080200447153, 21.3828324581796 ], [ -157.871525920450694, 21.38271000511817 ] ] ] } },
{ "type": "Feature", "properties": { "ID": 213, "GRIDCODE": 2 }, "geometry": { "type": "Polygon", "coordinates": [ [ [ -157.832035203330179, 21.400055713897057 ], [ -157.830441860932467, 21.399911811482081 ], [ -157.829291926463043, 21.399627212751319 ], [ -157.828997418665182, 21.399630846239866 ], [ -157.827783181924787, 21.399330305428865 ], [ -157.826687119748101, 21.399343612945263 ], [ -157.82639524632873, 21.399335945983662 ], [ -157.825529998272145, 21.399606591791681 ], [ -157.825235299094601, 21.399598836830858 ], [ -157.824668841944259, 21.400142784439922 ], [ -157.824045817296877, 21.400126505706556 ], [ -157.822358092961508, 21.40174689828924 ], [ -157.821747551206926, 21.401477019585592 ], [ -157.821200286657529, 21.400400165067246 ], [ -157.820059647968066, 21.399839724636831 ], [ -157.819303827520343, 21.399819979381004 ], [ -157.817738870538079, 21.399838857688263 ], [ -157.81772024475265, 21.398464799007161 ], [ -157.817728075410372, 21.398193840168254 ], [ -157.817724602448209, 21.397922801613305 ], [ -157.817732433016459, 21.397651842755359 ], [ -157.817728698695191, 21.397378155719078 ], [ -157.818616775208, 21.397115187731796 ], [ -157.818605517186228, 21.396300345591854 ], [ -157.818919177354104, 21.39602234403862 ], [ -157.819484782080337, 21.39495133468386 ], [ -157.820067122352441, 21.394435107067594 ], [ -157.820079861008622, 21.394009685641191 ], [ -157.820067566943095, 21.393111533195942 ], [ -157.820374613703621, 21.39224745291213 ], [ -157.820968074924423, 21.391188145867769 ], [ -157.820962151192447, 21.390763717719228 ], [ -157.820974169050174, 21.39035728040988 ], [ -157.820968667186122, 21.389950719916285 ], [ -157.820980987564099, 21.389541770396864 ], [ -157.820689720325561, 21.389002722090176 ], [ -157.820698149548377, 21.3887267382045 ], [ -157.820405492133517, 21.388185165387558 ], [ -157.820709092170887, 21.387643616955376 ], [ -157.820124333232513, 21.387372856928174 ], [ -157.819329515330054, 21.386586443154002 ], [ -157.818399110927999, 21.386005639982049 ], [ -157.81811763470273, 21.385727216908109 ], [ -157.817535140988127, 21.385457456719173 ], [ -157.817589611692654, 21.383637160691489 ], [ -157.817271374440878, 21.383011107600215 ], [ -157.816696878001011, 21.382486266563973 ], [ -157.817481169890669, 21.382433041591259 ], [ -157.82098246036648, 21.387065927385979 ], [ -157.822120404961595, 21.39105722903993 ], [ -157.821449325717111, 21.394997707309688 ], [ -157.820338062250443, 21.397509214695017 ], [ -157.821459879898669, 21.398441304968305 ], [ -157.826297698883906, 21.397961067917088 ], [ -157.829805042296243, 21.398787843373135 ], [ -157.831894438825429, 21.399916512880264 ], [ -157.832035203330179, 21.400055713897057 ] ] ] } },
{ "type": "Feature", "properties": { "ID": 214, "GRIDCODE": 2 }, "geometry": { "type": "Polygon", "coordinates": [ [ [ -157.816844318424671, 21.381791243846465 ], [ -157.817196205400137, 21.381886489370633 ], [ -157.816940840229194, 21.382122355788958 ], [ -157.816844318424671, 21.381791243846465 ] ] ] } },
{ "type": "Feature", "properties": { "ID": 215, "GRIDCODE": 2 }, "geometry": { "type": "Polygon", "coordinates": [ [ [ -157.867456296926207, 21.385121743197193 ], [ -157.866208658157205, 21.384172030801469 ], [ -157.867937877814342, 21.383204179988191 ], [ -157.867867868008858, 21.38264407109595 ], [ -157.869495513776343, 21.381762791190923 ], [ -157.869314357892449, 21.382575021974059 ], [ -157.867654156168868, 21.384490924140298 ], [ -157.867456296926207, 21.385121743197193 ] ] ] } },
{ "type": "Feature", "properties": { "ID": 216, "GRIDCODE": 2 }, "geometry": { "type": "Polygon", "coordinates": [ [ [ -157.871525920450694, 21.38271000511817 ], [ -157.872525803397764, 21.381514613035701 ], [ -157.872985429861046, 21.382232366868035 ], [ -157.871979494790651, 21.382595014312567 ], [ -157.871525920450694, 21.38271000511817 ] ] ] } },
{ "type": "Feature", "properties": { "ID": 217, "GRIDCODE": 2 }, "geometry": { "type": "Polygon", "coordinates": [ [ [ -158.176759018367449, 21.495609739302473 ], [ -158.176661753302824, 21.495278806252234 ], [ -158.176406454083917, 21.495515231058747 ], [ -158.176759018367449, 21.495609739302473 ], [ -158.176589352686364, 21.496007512119149 ], [ -158.176652490765747, 21.496422313083347 ], [ -158.176583372619035, 21.496844005574953 ], [ -158.177203793642491, 21.497085142639293 ], [ -158.177592537208938, 21.497561629158596 ], [ -158.177423402196069, 21.498594373983998 ], [ -158.177485315473405, 21.499001228154395 ], [ -158.177402136043185, 21.499509468348087 ], [ -158.178296378970174, 21.500650672608618 ], [ -158.176806483431903, 21.502278267517642 ], [ -158.176932353685231, 21.503105617033988 ], [ -158.176261040193424, 21.503585282875257 ], [ -158.176005510742556, 21.50416102544305 ], [ -158.17567226487634, 21.504399048942648 ], [ -158.175776857862701, 21.505086410459754 ], [ -158.175342910549602, 21.506103617932474 ], [ -158.17541531799651, 21.506579936644961 ], [ -158.175318503611408, 21.507171614305079 ], [ -158.17460519601218, 21.507069364460623 ], [ -158.174245426035242, 21.508121144999684 ], [ -158.175255779384941, 21.508513960751273 ], [ -158.17591713420893, 21.508425911262101 ], [ -158.176551345491106, 21.508788144791094 ], [ -158.176821778849785, 21.508178728604666 ], [ -158.177391850792191, 21.508504381591315 ], [ -158.178120941443126, 21.508744066492817 ], [ -158.177570799016593, 21.507414052513379 ], [ -158.177890404261603, 21.506609608573466 ], [ -158.179058455659828, 21.507276790954258 ], [ -158.179295437813778, 21.508089730437991 ], [ -158.178941800164097, 21.508180762458988 ], [ -158.179194450092098, 21.508419687461931 ], [ -158.179295437813778, 21.508089730437991 ], [ -158.179759204588464, 21.507954838514646 ], [ -158.179692845962109, 21.506145422091773 ], [ -158.179858014284235, 21.505793877503574 ], [ -158.180602826768478, 21.506885767309921 ], [ -158.181181543135864, 21.506602751011421 ], [ -158.18149343993403, 21.506615859791832 ], [ -158.181420527424848, 21.50463443490634 ], [ -158.182346897105589, 21.505579912331207 ], [ -158.182656651009438, 21.504103518310149 ], [ -158.18328852936645, 21.503642425774999 ], [ -158.184463382126609, 21.504231589220261 ], [ -158.185186154794565, 21.504969209063013 ], [ -158.184675418902685, 21.503105812429393 ], [ -158.184692207141552, 21.50275783918477 ], [ -158.185323363757249, 21.502297198217136 ], [ -158.186415716628119, 21.502844986153814 ], [ -158.186710196293546, 21.502835502276394 ], [ -158.187307254372342, 21.502860575565585 ], [ -158.186807098431501, 21.5019647769968 ], [ -158.187886298531396, 21.501494528473682 ], [ -158.187360239532921, 21.500552352508148 ], [ -158.188758385854868, 21.500145518520345 ], [ -158.188724096266839, 21.499214204032782 ], [ -158.191667497130879, 21.497720452023966 ], [ -158.193025709242164, 21.496855423007936 ], [ -158.196447169533997, 21.494425993239542 ], [ -158.198472667796381, 21.493836549637898 ], [ -158.200158337366958, 21.494258524061294 ], [ -158.201010940075577, 21.495128642446222 ], [ -158.200347532520112, 21.497209836979536 ], [ -158.199633417259207, 21.499560892477628 ], [ -158.199166281771028, 21.503392962096317 ], [ -158.200449790115442, 21.506184222139272 ], [ -158.203206184911835, 21.508598785467662 ], [ -158.202565085576509, 21.509461167209576 ], [ -158.20434123747313, 21.509403734384858 ], [ -158.205282329680699, 21.509443154020346 ], [ -158.21062115113773, 21.511724757841385 ], [ -158.211265129972247, 21.513441483038427 ], [ -158.210368786373692, 21.515454517072801 ], [ -158.209179965917144, 21.51597269448224 ], [ -158.208645203752042, 21.515950309238036 ], [ -158.208364219852882, 21.516231127482634 ], [ -158.206686829389611, 21.516160964518235 ], [ -158.206047374496109, 21.516249239566754 ], [ -158.206937540987695, 21.517028854987629 ], [ -158.207474319850945, 21.518140617805436 ], [ -158.205519058141874, 21.518709651739094 ], [ -158.203750622489736, 21.517823211599012 ], [ -158.203281557119766, 21.517838310089182 ], [ -158.202847182057042, 21.517820156927566 ], [ -158.202412631657182, 21.517834160559456 ], [ -158.200933184776972, 21.517772229941972 ], [ -158.199948080812817, 21.518090025242103 ], [ -158.199369662928405, 21.517800006896287 ], [ -158.198789021821312, 21.518380379292783 ], [ -158.197930254141312, 21.517504131438876 ], [ -158.197253165245854, 21.518829045443216 ], [ -158.196756697479032, 21.518322440083754 ], [ -158.196182387011248, 21.518340982292056 ], [ -158.195892803649656, 21.518328867980589 ], [ -158.195603102362156, 21.518338191744828 ], [ -158.195313519089893, 21.518326076429961 ], [ -158.194684465461336, 21.518346334674263 ], [ -158.194136371558614, 21.51889409308248 ], [ -158.193278224500034, 21.518858120017235 ], [ -158.192556957358278, 21.519210826552001 ], [ -158.191445278210011, 21.51865352004662 ], [ -158.190870433505609, 21.519228135188992 ], [ -158.190093728804385, 21.518838728802294 ], [ -158.189809768073729, 21.519394106204228 ], [ -158.189437592240552, 21.520044141117481 ], [ -158.188649040084584, 21.519648781356914 ], [ -158.188064822206911, 21.519667644321327 ], [ -158.18748027986581, 21.519643096075423 ], [ -158.187198451196309, 21.520194508849347 ], [ -158.186894387596226, 21.520725498523149 ], [ -158.186904709951449, 21.521005514406298 ], [ -158.186569105058311, 21.521536283531852 ], [ -158.185736834333028, 21.520686902706359 ], [ -158.184059565795906, 21.520740911554306 ], [ -158.183711967398722, 21.522075118762238 ], [ -158.183417005224868, 21.522062757818773 ], [ -158.182531752287161, 21.522091244558005 ], [ -158.182551650889536, 21.52262996592631 ], [ -158.181951206498098, 21.52314506884456 ], [ -158.182567528948425, 21.523685124459014 ], [ -158.181929512970584, 21.523963088343621 ], [ -158.182543868620883, 21.524501347852709 ], [ -158.182231208467726, 21.525047372716607 ], [ -158.183119630672962, 21.525315345168352 ], [ -158.182799828402693, 21.525873974562828 ], [ -158.182824856221742, 21.526557897764018 ], [ -158.18368533629021, 21.526943049988745 ], [ -158.183658437940295, 21.527504370756205 ], [ -158.184258176591186, 21.528029781977878 ], [ -158.184818985444053, 21.529398403623947 ], [ -158.185678111285398, 21.529370770983565 ], [ -158.185976411948673, 21.529675086640221 ], [ -158.186562791831989, 21.529656176453393 ], [ -158.186841985472512, 21.530496705345758 ], [ -158.18742872794931, 21.530209805427756 ], [ -158.187720001107635, 21.530507069832556 ], [ -158.188299169500027, 21.530488383197827 ], [ -158.18909158630413, 21.530885683352004 ], [ -158.189446887651854, 21.531599796342878 ], [ -158.189880734878727, 21.530750956892089 ], [ -158.191072111497675, 21.530800938958894 ], [ -158.191479881743675, 21.531620181792462 ], [ -158.192868679218691, 21.531575425909523 ], [ -158.194348850210673, 21.532068863949419 ], [ -158.194649938251047, 21.532974994948113 ], [ -158.195520614616299, 21.532420587810886 ], [ -158.195853780400626, 21.532434567808188 ], [ -158.196671829664155, 21.533269208248583 ], [ -158.197335197574745, 21.53231875758572 ], [ -158.198326822548751, 21.532815764986665 ], [ -158.198706420429545, 21.532436316339783 ], [ -158.19904393901831, 21.53214672230548 ], [ -158.199872045843847, 21.53218139878933 ], [ -158.200686766634789, 21.532155130498207 ], [ -158.201604199229394, 21.53246092846847 ], [ -158.201898597173454, 21.53245141898093 ], [ -158.203340825382298, 21.532518196039174 ], [ -158.202057707124169, 21.533619157058826 ], [ -158.201014888520177, 21.534073585299808 ], [ -158.200442065098258, 21.534894262006141 ], [ -158.19955703535507, 21.535151786763283 ], [ -158.199903800759046, 21.536092602768868 ], [ -158.197676471160378, 21.536366502345313 ], [ -158.197579134483846, 21.536035580739437 ], [ -158.197323794381788, 21.536272035221764 ], [ -158.197676471160378, 21.536366502345313 ], [ -158.198107929280297, 21.537054429969952 ], [ -158.199246681628495, 21.537038196626135 ], [ -158.199852442959809, 21.537333840017666 ], [ -158.199829935069857, 21.538162975751639 ], [ -158.198646443823947, 21.539215883060006 ], [ -158.200692186015601, 21.539537492721259 ], [ -158.200112765786628, 21.540576695331271 ], [ -158.200117415364616, 21.540864028122506 ], [ -158.201273031935358, 21.540847531748199 ], [ -158.201697382787103, 21.541676557283903 ], [ -158.202334963228481, 21.541667432617484 ], [ -158.202708217551418, 21.542762744471563 ], [ -158.203291480283582, 21.542754349134274 ], [ -158.203614484200699, 21.543702058193247 ], [ -158.204473366325573, 21.543293256060132 ], [ -158.204435884809982, 21.544668025909932 ], [ -158.204758222604454, 21.54493523635103 ], [ -158.206388627530998, 21.544159284549551 ], [ -158.20675161582642, 21.545224167042871 ], [ -158.20781630901925, 21.544556410338426 ], [ -158.20819540314713, 21.546044325959489 ], [ -158.209068620213429, 21.545496544873345 ], [ -158.209968118223657, 21.54578937690486 ], [ -158.210510832821257, 21.546323161323741 ], [ -158.211094453062572, 21.546591530544369 ], [ -158.211385442723127, 21.54687770339822 ], [ -158.212175071956892, 21.546116508767486 ], [ -158.216656029401463, 21.546750686308453 ], [ -158.222465206432247, 21.549134464022256 ], [ -158.224138008100482, 21.550779640340807 ], [ -158.225002879505837, 21.553315801115446 ], [ -158.224931995361771, 21.555927145663276 ], [ -158.223982740274067, 21.557630185905964 ], [ -158.22004894159781, 21.558125239187959 ], [ -158.212087555904446, 21.557241346532049 ], [ -158.205389984926313, 21.556024248700481 ], [ -158.200901642770276, 21.554785926417278 ], [ -158.200917017296604, 21.554226003548127 ], [ -158.200893735383602, 21.553595225790449 ], [ -158.200333972859539, 21.554134606084769 ], [ -158.199971040496621, 21.554457560760095 ], [ -158.196631435570794, 21.553639784768659 ], [ -158.196423758552356, 21.553435509766786 ], [ -158.196777497244142, 21.553344444274799 ], [ -158.19652474250293, 21.553105543829179 ], [ -158.196423758552356, 21.553435509766786 ], [ -158.193858645864367, 21.553167577110088 ], [ -158.193379984630326, 21.552748391359856 ], [ -158.19310085558007, 21.551626651674702 ], [ -158.192125875151305, 21.552600847422291 ], [ -158.190775174798574, 21.55219357169441 ], [ -158.190788615244031, 21.551912745785682 ], [ -158.189947745111738, 21.551176293998473 ], [ -158.189555742311342, 21.550388687759671 ], [ -158.189045460397097, 21.551386761101782 ], [ -158.188769274501027, 21.550276410466076 ], [ -158.188473000157131, 21.549472195747221 ], [ -158.188071878857755, 21.547859469595835 ], [ -158.187328238554215, 21.548924556372651 ], [ -158.186733326358137, 21.549724428323721 ], [ -158.186203323406829, 21.551262540753871 ], [ -158.182980031403758, 21.550290489922336 ], [ -158.182683052186263, 21.549693638470742 ], [ -158.182098148101431, 21.549712473878735 ], [ -158.181820897483504, 21.549155221124295 ], [ -158.180645782617745, 21.549534095423592 ], [ -158.180676543385601, 21.548892862892668 ], [ -158.18036993077834, 21.548879974716929 ], [ -158.179541958054557, 21.548906605263451 ], [ -158.17950097122457, 21.547793097118213 ], [ -158.179881180976764, 21.546464557871349 ], [ -158.178203030826268, 21.545843629800338 ], [ -158.177603502626056, 21.544770179469491 ], [ -158.178392857843988, 21.543709067625098 ], [ -158.177403768399728, 21.543740849767655 ], [ -158.176466038454521, 21.542366507199105 ], [ -158.176158074224986, 21.543021721214245 ], [ -158.17552897281783, 21.545435595003479 ], [ -158.174894101410985, 21.544787696865139 ], [ -158.174267483294102, 21.544507211684621 ], [ -158.173739931271967, 21.543968888427475 ], [ -158.173291059049177, 21.543575600671868 ], [ -158.172618795281124, 21.542889527422378 ], [ -158.172492473370625, 21.544362301939135 ], [ -158.172575794593797, 21.546632204156122 ], [ -158.172139939779981, 21.547484357727335 ], [ -158.171394382712833, 21.546948914835795 ], [ -158.171120256052177, 21.546123739800226 ], [ -158.170564229072056, 21.546141553744672 ], [ -158.170241757299721, 21.545859059124588 ], [ -158.169960782778304, 21.545294292104476 ], [ -158.169670682476834, 21.545861576209653 ], [ -158.168561391918018, 21.545139299081953 ], [ -158.168176347083062, 21.546256506212405 ], [ -158.166330553596396, 21.545128359784187 ], [ -158.165602027437103, 21.544490016936049 ], [ -158.165628995696721, 21.543929562713334 ], [ -158.16532408723765, 21.54310137959077 ], [ -158.166240245815828, 21.542315565915654 ], [ -158.165590658056118, 21.542024743819983 ], [ -158.16506272560764, 21.541485995139926 ], [ -158.164483655336255, 21.541504534117465 ], [ -158.165141694212338, 21.540193104524402 ], [ -158.166638325474253, 21.539757980278551 ], [ -158.16739078867036, 21.537783198054964 ], [ -158.16681033875625, 21.53797172860218 ], [ -158.165662528747333, 21.538532668352051 ], [ -158.165371426795986, 21.538235565847813 ], [ -158.164965943901109, 21.537880256495459 ], [ -158.165377564722149, 21.537161794933308 ], [ -158.165944260724331, 21.535517797951599 ], [ -158.166556609765706, 21.534992625641074 ], [ -158.165755104724781, 21.534633817325581 ], [ -158.166426213909745, 21.532288477535037 ], [ -158.164807387899117, 21.53362521466812 ], [ -158.163941592094318, 21.534986355728375 ], [ -158.163639393507452, 21.535245549450224 ], [ -158.163066359838609, 21.536066090867347 ], [ -158.162471372829799, 21.536865874902887 ], [ -158.161694746430129, 21.538702614500316 ], [ -158.161317472201148, 21.537944200551134 ], [ -158.160716870530223, 21.537675310051956 ], [ -158.160756056284612, 21.536862414805128 ], [ -158.160736001669505, 21.536315620382361 ], [ -158.161488224589164, 21.535304493211836 ], [ -158.161030418403499, 21.534383955139255 ], [ -158.160276072451921, 21.533722962787049 ], [ -158.160772754448431, 21.531987780555365 ], [ -158.160746213354372, 21.53126520655217 ], [ -158.161060356797464, 21.530354041857461 ], [ -158.161383536453741, 21.529789849503803 ], [ -158.161056629033368, 21.527111972509257 ], [ -158.160435011280299, 21.527997372852322 ], [ -158.159884420272334, 21.52907402774764 ], [ -158.158836975368644, 21.529972297369543 ], [ -158.157962315413755, 21.531148087353415 ], [ -158.157308230983602, 21.53304544133097 ], [ -158.156729896397991, 21.531056040893461 ], [ -158.156713528106707, 21.530608320621219 ], [ -158.156738586465224, 21.530089809685997 ], [ -158.15634282080029, 21.529014669868278 ], [ -158.156729486951662, 21.527892931526299 ], [ -158.157193358202136, 21.52667550357701 ], [ -158.156707573083082, 21.526249695824475 ], [ -158.156897789184313, 21.524782087257428 ], [ -158.157251479393892, 21.524691103860565 ], [ -158.156998839415138, 21.524452146354708 ], [ -158.156897789184313, 21.524782087257428 ], [ -158.156255696565182, 21.524899998779969 ], [ -158.155730950345713, 21.525857797463626 ], [ -158.155155174575015, 21.525586367020736 ], [ -158.155057941444426, 21.525255423497651 ], [ -158.154802554365148, 21.5254918115998 ], [ -158.155155174575015, 21.525586367020736 ], [ -158.154997263326095, 21.527603278341527 ], [ -158.154404775132889, 21.527359287144648 ], [ -158.153470196164761, 21.526838888705111 ], [ -158.153677158878594, 21.528467843390473 ], [ -158.153189028047564, 21.530033387782535 ], [ -158.152524562669072, 21.529054145028546 ], [ -158.151951871233251, 21.527763111910268 ], [ -158.15083206903671, 21.526016759860525 ], [ -158.150231065081584, 21.525561365168713 ], [ -158.15013384322836, 21.52523041914208 ], [ -158.149878448509071, 21.525466799448033 ], [ -158.150231065081584, 21.525561365168713 ], [ -158.150077761917146, 21.526507140335578 ], [ -158.150082113453379, 21.526780244349283 ], [ -158.150074596488707, 21.527051236647036 ], [ -158.150078959930624, 21.527322289447582 ], [ -158.15006768435876, 21.527728777862499 ], [ -158.1500764111602, 21.528270883412656 ], [ -158.150057946483599, 21.528940557675153 ], [ -158.150357420289822, 21.529491951946522 ], [ -158.149954497106734, 21.5302141916188 ], [ -158.150932346340937, 21.531102798909636 ], [ -158.150914088493863, 21.531761754729558 ], [ -158.152574770680332, 21.533832769547534 ], [ -158.152065811810161, 21.533839910331668 ], [ -158.15177617426184, 21.533832879679888 ], [ -158.151486472172991, 21.533836964680383 ], [ -158.150620387918593, 21.533816014942296 ], [ -158.150898000898934, 21.534918025929386 ], [ -158.151480368588864, 21.535447301585727 ], [ -158.15147249453716, 21.535731327311225 ], [ -158.15148123130183, 21.536272506115282 ], [ -158.15025679187687, 21.537014650312258 ], [ -158.151168096057802, 21.538287164116536 ], [ -158.149613146801585, 21.538700478666406 ], [ -158.146748217392144, 21.538413229427796 ], [ -158.147183911899191, 21.536857828650696 ], [ -158.146835973133477, 21.536515210528105 ], [ -158.145433541704222, 21.537866027096641 ], [ -158.145378377250296, 21.537600140359718 ], [ -158.145105497429654, 21.535696105997186 ], [ -158.143363963067799, 21.534113199595598 ], [ -158.143403086556219, 21.532700087388413 ], [ -158.142657902846082, 21.532710486023628 ], [ -158.141665113437455, 21.53268639055193 ], [ -158.141619834062453, 21.534325769598325 ], [ -158.141658552612483, 21.536762524737249 ], [ -158.141330733267523, 21.536224005278868 ], [ -158.141338297518189, 21.535947919333072 ], [ -158.140814775915715, 21.535472046381596 ], [ -158.140478718231662, 21.533234120398202 ], [ -158.14136202768799, 21.531887886386919 ], [ -158.141649252778194, 21.531341878471117 ], [ -158.142234760245032, 21.530292663181278 ], [ -158.141952535874481, 21.529988155947596 ], [ -158.141083878316721, 21.530000295009749 ], [ -158.14107498310571, 21.529444425918498 ], [ -158.141120028640671, 21.527821190356036 ], [ -158.140053912538662, 21.529086681957612 ], [ -158.139534876167545, 21.531503689326403 ], [ -158.138750077870327, 21.531876805486636 ], [ -158.138470205317759, 21.531054462991335 ], [ -158.137918432314649, 21.53055289416395 ], [ -158.137896261222551, 21.529157002306345 ], [ -158.137907570896886, 21.528750515910598 ], [ -158.137896718926982, 21.528072885083038 ], [ -158.137911813040063, 21.527528388782457 ], [ -158.137619386691881, 21.526989846758543 ], [ -158.13762747133336, 21.526698478420109 ], [ -158.137048080833864, 21.525631743613999 ], [ -158.137063020835058, 21.525089827127516 ], [ -158.136763372638484, 21.524817379756826 ], [ -158.13643369058326, 21.523189494264077 ], [ -158.135897658202225, 21.524265413640798 ], [ -158.135607220021058, 21.525353455026636 ], [ -158.135305383062445, 21.526430981815928 ], [ -158.135309691694715, 21.526706665826055 ], [ -158.135002071356666, 21.527804541953106 ], [ -158.135010407626623, 21.528331491906201 ], [ -158.134700050252007, 21.528887558170911 ], [ -158.134715705086961, 21.529874092200316 ], [ -158.134336603696397, 21.532649385382623 ], [ -158.133141029856887, 21.532666005893269 ], [ -158.132683381866372, 21.529940362763227 ], [ -158.132108226633108, 21.527236472102917 ], [ -158.132166700851599, 21.525131002710037 ], [ -158.131256000054663, 21.52641497840979 ], [ -158.130947876315304, 21.526689035459118 ], [ -158.130375746253378, 21.528307600205697 ], [ -158.13007709339081, 21.528842875040908 ], [ -158.130081392046407, 21.529118558778109 ], [ -158.12977613028221, 21.530738908706446 ], [ -158.129784568779485, 21.531269233375777 ], [ -158.129213117911718, 21.531819493100965 ], [ -158.12836893910108, 21.53109370756297 ], [ -158.128337512038456, 21.529107340275971 ], [ -158.128345069545645, 21.52883635037416 ], [ -158.128340746518944, 21.528565298399467 ], [ -158.128362530297835, 21.527782695672677 ], [ -158.127775337501731, 21.527204483884688 ], [ -158.127187323105801, 21.526669871385391 ], [ -158.127202644833091, 21.526117570308298 ], [ -158.126910401557751, 21.525579210089873 ], [ -158.126625742098639, 21.524742597908308 ], [ -158.126045483062313, 21.525845711991504 ], [ -158.125735240467179, 21.52640156301068 ], [ -158.125750038631026, 21.527332112752998 ], [ -158.125734914320276, 21.527874092087675 ], [ -158.125745473717188, 21.528543912613539 ], [ -158.125441084499101, 21.529089470980825 ], [ -158.125059953690425, 21.530167685631724 ], [ -158.123770477625499, 21.530185533648584 ], [ -158.121961569403936, 21.529625761021723 ], [ -158.121969339092857, 21.529344979840133 ], [ -158.121960716756007, 21.528802876385875 ], [ -158.122005970861608, 21.527180182347795 ], [ -158.121686935120891, 21.527172415814348 ], [ -158.121389200313587, 21.52773838166318 ], [ -158.120662849449161, 21.52838407226956 ], [ -158.119812253749387, 21.529203195200168 ], [ -158.119359865157747, 21.528791882692961 ], [ -158.118836069195936, 21.527252338459032 ], [ -158.118505473891702, 21.526605376777297 ], [ -158.118162454742048, 21.528509103924655 ], [ -158.116176610945018, 21.528026215563514 ], [ -158.116233004825119, 21.525998760951882 ], [ -158.115915911299567, 21.524431783894393 ], [ -158.115625494148844, 21.523622584406304 ], [ -158.115485976713842, 21.523212588770743 ], [ -158.115839685509712, 21.523121693871328 ], [ -158.115587118284822, 21.522882675988953 ], [ -158.115485976713842, 21.523212588770743 ], [ -158.115339129178409, 21.523079008917822 ], [ -158.11481527450573, 21.522563155614321 ], [ -158.114744427480218, 21.525105858604579 ], [ -158.114755046504854, 21.525780906263286 ], [ -158.114452156214384, 21.526050195599364 ], [ -158.113872118818165, 21.526867745841638 ], [ -158.113148695106787, 21.526514132756482 ], [ -158.11187264684736, 21.527120601232742 ], [ -158.111550664913239, 21.526853284523188 ], [ -158.111257244786572, 21.526564283544221 ], [ -158.110121698506362, 21.526579935242939 ], [ -158.109816050995704, 21.526301983014601 ], [ -158.109250450524769, 21.525744865149665 ], [ -158.107953191730559, 21.526557637591868 ], [ -158.106941757427791, 21.525821126074423 ], [ -158.106925552820314, 21.524793169624484 ], [ -158.106959579385148, 21.523576436900623 ], [ -158.106060564844341, 21.524650311235867 ], [ -158.105185375480829, 21.526011746113227 ], [ -158.104317232073555, 21.525990546399314 ], [ -158.102598644892169, 21.526014132917023 ], [ -158.102221597685599, 21.525642617323598 ], [ -158.100302993834816, 21.526245538026156 ], [ -158.095624829644379, 21.525954647955359 ], [ -158.095347583288941, 21.524863608465683 ], [ -158.095053923520283, 21.524596414408201 ], [ -158.094500617347023, 21.524051357674104 ], [ -158.093574531542913, 21.524321658887928 ], [ -158.092293258777772, 21.525555029606313 ], [ -158.091438228547077, 21.523039534040556 ], [ -158.090417208684585, 21.52238379750867 ], [ -158.088126058779153, 21.521674272748488 ], [ -158.088766127373049, 21.520842784282554 ], [ -158.089865635533073, 21.520497360850154 ], [ -158.091031498893869, 21.52023811238902 ], [ -158.09157942264693, 21.519710751966805 ], [ -158.093287607673432, 21.51968741880447 ], [ -158.095609034348087, 21.52025755264572 ], [ -158.099962174191489, 21.519924697208513 ], [ -158.101756456343651, 21.518941033797894 ], [ -158.102043799464155, 21.518395097405485 ], [ -158.102346695308626, 21.518125830589607 ], [ -158.102336132803089, 21.517450783531444 ], [ -158.102347554990189, 21.517041721827443 ], [ -158.101109665099727, 21.515589730552964 ], [ -158.101524697581453, 21.513389131213653 ], [ -158.100935922007181, 21.51107136813015 ], [ -158.099889527442684, 21.509765243747939 ], [ -158.100945887566155, 21.509450676646168 ], [ -158.101561445645814, 21.509158147913308 ], [ -158.103267814990687, 21.508650076547607 ], [ -158.103555130813561, 21.508104135989562 ], [ -158.103852030105571, 21.507840126747404 ], [ -158.104536461626026, 21.506875346917703 ], [ -158.105301794749721, 21.507571446084235 ], [ -158.105843134135171, 21.508104691383917 ], [ -158.106949709077014, 21.508131721097428 ], [ -158.105599532510581, 21.506244761430651 ], [ -158.105885309634743, 21.505948265835855 ], [ -158.106458949526569, 21.50596232023155 ], [ -158.107140148989401, 21.505638492387043 ], [ -158.108328631874002, 21.507536619614221 ], [ -158.109638105669461, 21.507963847329165 ], [ -158.10935969694853, 21.507051080395232 ], [ -158.108771830653211, 21.506516406824911 ], [ -158.108787215606156, 21.505964306933059 ], [ -158.1084938192148, 21.504866978871448 ], [ -158.109659615117749, 21.504895430930311 ], [ -158.109949762412384, 21.504343802752665 ], [ -158.1103869517531, 21.50435453562654 ], [ -158.110824101967665, 21.504348460161012 ], [ -158.11153035161783, 21.504693718362571 ], [ -158.112276363232525, 21.504359891390244 ], [ -158.111825617072867, 21.503950090729642 ], [ -158.112286284740406, 21.503540702434453 ], [ -158.11168393498167, 21.502992926671237 ], [ -158.111713785845751, 21.501919687525756 ], [ -158.111401593278259, 21.501912071651855 ], [ -158.1105614921795, 21.502721018695567 ], [ -158.110176092439985, 21.501706179263564 ], [ -158.111129411302244, 21.500858730456244 ], [ -158.110754120302943, 21.50008857377729 ], [ -158.10998230329767, 21.500831911050536 ], [ -158.109250042802756, 21.50081397971649 ], [ -158.108562725644617, 21.500823480602957 ], [ -158.107656011775191, 21.500542713321067 ], [ -158.107375408150716, 21.499993729784833 ], [ -158.10679116815615, 21.498917143218513 ], [ -158.1071074229842, 21.498350704913978 ], [ -158.107094897486434, 21.497553100057022 ], [ -158.10795365709609, 21.49678972757852 ], [ -158.108270261742888, 21.496187557124752 ], [ -158.11084970640411, 21.496250601962561 ], [ -158.111169227664362, 21.495678283477062 ], [ -158.109788872367062, 21.495250957236415 ], [ -158.109429768434381, 21.494589335439166 ], [ -158.109437388083364, 21.494313185386826 ], [ -158.108558375454464, 21.494040975079365 ], [ -158.108573576335488, 21.493495490336084 ], [ -158.107418297305969, 21.49296327656711 ], [ -158.107993562179047, 21.492679240226575 ], [ -158.108582416005532, 21.492415720646072 ], [ -158.108285969301761, 21.491869499228851 ], [ -158.108590929077621, 21.491598442743872 ], [ -158.10858247879338, 21.491058919232746 ], [ -158.108594762840937, 21.49062074536463 ], [ -158.106279006489899, 21.490184759483157 ], [ -158.107157945180717, 21.488610129087665 ], [ -158.106282499100814, 21.488339051683852 ], [ -158.10574291456112, 21.487807538470427 ], [ -158.104558395073838, 21.487071546796514 ], [ -158.105452953089298, 21.486411468419796 ], [ -158.106892065286075, 21.485767463641746 ], [ -158.10688138404177, 21.485084671326597 ], [ -158.107180024569743, 21.484549435057403 ], [ -158.107467275169171, 21.48400348406631 ], [ -158.108049014994748, 21.483486233757802 ], [ -158.108064400445386, 21.482933536935803 ], [ -158.107346984497866, 21.482582780988349 ], [ -158.106409670809825, 21.483002248908367 ], [ -158.105887519735859, 21.483995040395211 ], [ -158.105096349555993, 21.483704954547541 ], [ -158.105640489395824, 21.481288848263738 ], [ -158.104792348072266, 21.481878442566703 ], [ -158.103825033444082, 21.482809951962231 ], [ -158.102715679363484, 21.482298797551824 ], [ -158.103724268624774, 21.480491963363203 ], [ -158.102562900513277, 21.480995897634482 ], [ -158.101760706699309, 21.481377223476098 ], [ -158.10140055278265, 21.480713528523424 ], [ -158.10142231105695, 21.479932715350813 ], [ -158.100994793109237, 21.47909569086665 ], [ -158.099977232079766, 21.479828002997433 ], [ -158.099956220800749, 21.480578051069415 ], [ -158.0999710497004, 21.481524020775023 ], [ -158.098796903626493, 21.481252090977826 ], [ -158.097935295563076, 21.480970855898168 ], [ -158.097395132954944, 21.480978262372176 ], [ -158.095092306114367, 21.480356922425315 ], [ -158.094762136192344, 21.479056629931868 ], [ -158.093883385393355, 21.478784413021732 ], [ -158.093898637466168, 21.478238864319234 ], [ -158.09266510862426, 21.477950292950318 ], [ -158.093043046106999, 21.476602359444623 ], [ -158.091597801998006, 21.476622105287692 ], [ -158.092460179181217, 21.475791799584343 ], [ -158.094039031114647, 21.475085403985954 ], [ -158.093337184364714, 21.474446837866939 ], [ -158.092954105322548, 21.47406931580224 ], [ -158.091307022355892, 21.474972448663319 ], [ -158.090020492904813, 21.475778538349676 ], [ -158.09015219518821, 21.47442411004824 ], [ -158.090980467825489, 21.474053568250138 ], [ -158.090448584525689, 21.473073290242411 ], [ -158.090748829695457, 21.472535379432287 ], [ -158.090742461625581, 21.47212628666378 ], [ -158.090761716901255, 21.471438496076587 ], [ -158.089017046394758, 21.472531643733273 ], [ -158.088431803485832, 21.472245382346269 ], [ -158.087528009346414, 21.472529479655751 ], [ -158.087581461357018, 21.470621121159567 ], [ -158.086967868573538, 21.470892837286009 ], [ -158.086138062519524, 21.471691928886507 ], [ -158.086081648566164, 21.470128440054481 ], [ -158.087004134753244, 21.468476205519131 ], [ -158.086726106907861, 21.467354178115013 ], [ -158.086293293367532, 21.467770995879352 ], [ -158.085847883286959, 21.468166966447036 ], [ -158.085008843057267, 21.468974802997213 ], [ -158.084406937395357, 21.468983022012186 ], [ -158.084398358462352, 21.468432778431243 ], [ -158.084409805283116, 21.468026297727199 ], [ -158.084401316770482, 21.467484193390014 ], [ -158.084427865018085, 21.466538781169774 ], [ -158.083834170382659, 21.466524215011152 ], [ -158.082978268074839, 21.468151255557135 ], [ -158.082664666305732, 21.46788393267413 ], [ -158.081912139031886, 21.466795687910764 ], [ -158.081220430077252, 21.46732852096542 ], [ -158.080661010913445, 21.467867040944761 ], [ -158.08035122344225, 21.467871292886272 ], [ -158.079485978173551, 21.467849990262366 ], [ -158.079477968688366, 21.468134737998046 ], [ -158.079497911621786, 21.46941614618493 ], [ -158.078026763611291, 21.46893572682518 ], [ -158.077739720534538, 21.469211987965618 ], [ -158.077442714970005, 21.469476084671157 ], [ -158.077446913757882, 21.469752297506172 ], [ -158.07656570685927, 21.470826253780256 ], [ -158.076039397831295, 21.4718264689748 ], [ -158.073965510532645, 21.470811874250494 ], [ -158.073030032309106, 21.470380628845973 ], [ -158.073667098248194, 21.469239633810254 ], [ -158.073695342291302, 21.468238322165437 ], [ -158.073684781255537, 21.467560692851315 ], [ -158.073700083027575, 21.467018720913458 ], [ -158.073688034470649, 21.466240903343927 ], [ -158.074290034880221, 21.465096732861088 ], [ -158.075769343023694, 21.463781863263808 ], [ -158.074369364162379, 21.463347992742563 ], [ -158.075148232483173, 21.461952891183909 ], [ -158.073445762907653, 21.461425299519153 ], [ -158.074891776753532, 21.460788948259101 ], [ -158.075789900839084, 21.460521560714724 ], [ -158.074751694986873, 21.459576683467038 ], [ -158.074328661547241, 21.459159661422984 ], [ -158.073894325590544, 21.458764279257281 ], [ -158.074601940927579, 21.4580829477209 ], [ -158.074911707426764, 21.458078705687466 ], [ -158.075487838208375, 21.458092940740308 ], [ -158.075205757757686, 21.457809368867299 ], [ -158.073764537797217, 21.456796816440235 ], [ -158.074341680251905, 21.456448454105711 ], [ -158.075777869764067, 21.456801466042222 ], [ -158.075795159390367, 21.456189166145382 ], [ -158.075790947209356, 21.455915467292968 ], [ -158.076674895436469, 21.455379878136906 ], [ -158.074076203500908, 21.454678152028062 ], [ -158.07406586959695, 21.454008794044185 ], [ -158.074362848513488, 21.453744701945588 ], [ -158.074934181590436, 21.453194621312626 ], [ -158.075530364168401, 21.453209297343658 ], [ -158.075513604370315, 21.452123037862879 ], [ -158.076780474148535, 21.451745920141065 ], [ -158.076267068630898, 21.450799315673926 ], [ -158.078431945336689, 21.450317894145254 ], [ -158.078152007637044, 21.449694758602643 ], [ -158.07730121956601, 21.449302516734733 ], [ -158.077282930790176, 21.448120038067231 ], [ -158.077619162567686, 21.446556393529082 ], [ -158.078861373656679, 21.446000597607689 ], [ -158.077891273255318, 21.445117719149447 ], [ -158.078466499031464, 21.444817964266054 ], [ -158.079916011155007, 21.444495555248071 ], [ -158.079123547258973, 21.443440495193542 ], [ -158.07733257517998, 21.442182217086341 ], [ -158.077326729077441, 21.441808129954861 ], [ -158.079353567126304, 21.441857998350528 ], [ -158.079073244358455, 21.441297921336524 ], [ -158.078672677556909, 21.440933307961888 ], [ -158.079475823406625, 21.439494441094723 ], [ -158.079227895704804, 21.439268763676331 ], [ -158.079504368311603, 21.438526739297945 ], [ -158.078514705195886, 21.438042493852187 ], [ -158.077855803601722, 21.437738655805006 ], [ -158.078233414487016, 21.436670380221578 ], [ -158.078918394999874, 21.436061421807217 ], [ -158.078462875068766, 21.435221343811484 ], [ -158.079405904368542, 21.434799408108866 ], [ -158.078831195679328, 21.433739655133408 ], [ -158.079390994081763, 21.432105901989623 ], [ -158.080011844199902, 21.431554020454406 ], [ -158.079516153769077, 21.431102866618449 ], [ -158.081777141125599, 21.421125146654749 ], [ -158.082682933818376, 21.417732700956108 ], [ -158.085129718628593, 21.409004809984115 ], [ -158.085990377209811, 21.400502996400629 ], [ -158.088034363494586, 21.388648627268953 ], [ -158.090086050813682, 21.384745755555223 ], [ -158.09194320919508, 21.383704643133296 ], [ -158.096443816658109, 21.382511018355441 ], [ -158.10105559424602, 21.38156540832555 ], [ -158.104542372315393, 21.381517354531155 ], [ -158.106895015679925, 21.382601916762848 ], [ -158.108015920822112, 21.384001886308102 ], [ -158.108360329106091, 21.385623892861592 ], [ -158.108616105695717, 21.390238235408798 ], [ -158.109091324364641, 21.394366200475115 ], [ -158.108451271486842, 21.39498314321893 ], [ -158.106644335546036, 21.396590656132343 ], [ -158.105690404322843, 21.398300697648907 ], [ -158.105230574308024, 21.400344286397026 ], [ -158.105791859963745, 21.404273541950403 ], [ -158.106983202459361, 21.406943828855397 ], [ -158.110487411977886, 21.411844482082987 ], [ -158.111076688534041, 21.414049016937998 ], [ -158.109947099372135, 21.415325063322118 ], [ -158.105932313325354, 21.417912238105945 ], [ -158.105485033681646, 21.41911361241139 ], [ -158.105546025391732, 21.423000091390669 ], [ -158.104907596395009, 21.42330377530579 ], [ -158.102370793117274, 21.424059622984796 ], [ -158.100675895841732, 21.425303124935922 ], [ -158.099131896537102, 21.427656358116405 ], [ -158.099467780282282, 21.430619521972801 ], [ -158.101570300427767, 21.432692066433965 ], [ -158.103734798104483, 21.433582663619113 ], [ -158.104566408406953, 21.433571231946576 ], [ -158.105441016070841, 21.434366965534497 ], [ -158.105634258682244, 21.446678269043723 ], [ -158.103338527041046, 21.449810165462168 ], [ -158.103612269605634, 21.45146467999356 ], [ -158.103900974970941, 21.45254531939301 ], [ -158.103885931410503, 21.453087035107711 ], [ -158.104444612490113, 21.453595296861774 ], [ -158.105543952442815, 21.455621466083894 ], [ -158.107569182218725, 21.461265295033595 ], [ -158.107883908751774, 21.463141821307662 ], [ -158.108461902715902, 21.463667642343768 ], [ -158.109019709435159, 21.465863605066097 ], [ -158.110748448805765, 21.466660090784817 ], [ -158.111626305638936, 21.468589363342851 ], [ -158.111611469709743, 21.469124199002049 ], [ -158.112034129870466, 21.469508771374215 ], [ -158.110444977385185, 21.471446105791177 ], [ -158.111314575727619, 21.471290996500684 ], [ -158.113219312372337, 21.470936382189105 ], [ -158.114528484892588, 21.471877170671608 ], [ -158.116755886254708, 21.471846404090702 ], [ -158.117679661144592, 21.47213236950676 ], [ -158.118557487428404, 21.472418749394723 ], [ -158.119953914044515, 21.472399438538048 ], [ -158.121041910671892, 21.473075327270511 ], [ -158.120276465582833, 21.473755958644933 ], [ -158.120249239305053, 21.474734529956294 ], [ -158.122517859582331, 21.474203000619756 ], [ -158.124607148116723, 21.474884648211805 ], [ -158.124902105669236, 21.474880501712661 ], [ -158.125477839243672, 21.475447742862102 ], [ -158.126909221620622, 21.475427895853706 ], [ -158.127787087335662, 21.475714228454365 ], [ -158.128949375007664, 21.475985893230629 ], [ -158.130845675902492, 21.476604457638171 ], [ -158.131548237657682, 21.476270312206527 ], [ -158.131840444919447, 21.476277454275742 ], [ -158.134866545767181, 21.476235308574996 ], [ -158.137219562498302, 21.477118064328081 ], [ -158.138190276334598, 21.479291587954894 ], [ -158.140225205525581, 21.481141851992987 ], [ -158.140201148422278, 21.482012191994869 ], [ -158.140784519167312, 21.482280863562231 ], [ -158.141932334693536, 21.483105280572836 ], [ -158.142805141308173, 21.483375364758896 ], [ -158.143926315094745, 21.483923174336887 ], [ -158.144251371861913, 21.48365923324042 ], [ -158.144541345089578, 21.483107670105287 ], [ -158.145408399756036, 21.483128648053629 ], [ -158.146452566536993, 21.481825275824594 ], [ -158.146853425271331, 21.483401503734257 ], [ -158.147435480859201, 21.484214856239223 ], [ -158.146735087686466, 21.485170811175511 ], [ -158.147572166843162, 21.485995258206113 ], [ -158.148879766415661, 21.484495962228383 ], [ -158.149269092843099, 21.483755385821262 ], [ -158.15147652089945, 21.486129931882612 ], [ -158.151828966639471, 21.487165361130778 ], [ -158.152753075149008, 21.486274835869136 ], [ -158.154480565834973, 21.486809172551663 ], [ -158.15550092423581, 21.487736674786717 ], [ -158.156074618909145, 21.488858837663891 ], [ -158.158153535826841, 21.489368642363825 ], [ -158.158987827652652, 21.488626512132669 ], [ -158.159282204502318, 21.48752209431645 ], [ -158.159871039809786, 21.487809718941133 ], [ -158.159850606800546, 21.486541004849379 ], [ -158.165030384114146, 21.486135998678662 ], [ -158.166713608081295, 21.485115123847155 ], [ -158.168260540799025, 21.482170847280255 ], [ -158.169388524268186, 21.481634059543698 ], [ -158.171719253615407, 21.481087281053561 ], [ -158.174613402116677, 21.481848063393517 ], [ -158.17546118423391, 21.483031996726918 ], [ -158.17714609341391, 21.488988077343937 ], [ -158.1791780989806, 21.492960872759888 ], [ -158.180666964271808, 21.495409861207197 ], [ -158.179791641632761, 21.495537178611819 ], [ -158.177524280991861, 21.49516374993992 ], [ -158.177196987124489, 21.495479093398831 ], [ -158.176759018367449, 21.495609739302473 ] ], [ [ -158.131069135749613, 21.484266084641238 ], [ -158.130929029973942, 21.484406032871455 ], [ -158.130022586001814, 21.485183442235805 ], [ -158.128709261504554, 21.4864952950096 ], [ -158.12800397534042, 21.4893187124596 ], [ -158.129120024088991, 21.491319612019417 ], [ -158.130724273155892, 21.493527773974147 ], [ -158.134755116763358, 21.495592412574851 ], [ -158.135989931465758, 21.496853445741227 ], [ -158.136366733527126, 21.498371340332003 ], [ -158.136310818183404, 21.499531004637802 ], [ -158.1353180045231, 21.50086533937143 ], [ -158.133128810536874, 21.501341396995951 ], [ -158.13202613146214, 21.501880113448166 ], [ -158.131376146825318, 21.503150696304438 ], [ -158.131407029073898, 21.503998885470235 ], [ -158.132522389668907, 21.505998304075785 ], [ -158.132807506256285, 21.507616636904679 ], [ -158.130921901877997, 21.510150653225068 ], [ -158.129889004323331, 21.513209117304893 ], [ -158.130792408829848, 21.514828489574789 ], [ -158.131495872377457, 21.515445210526373 ], [ -158.13267073582378, 21.515844298949819 ], [ -158.135204123384227, 21.514885941819209 ], [ -158.140333552774138, 21.513649654725661 ], [ -158.14180446766369, 21.514018375839285 ], [ -158.142780256370287, 21.515014741655381 ], [ -158.143761525629799, 21.516453936957557 ], [ -158.144739083573143, 21.517660521702126 ], [ -158.145986996465382, 21.518081198669819 ], [ -158.148975566234441, 21.515744065168256 ], [ -158.15130936295364, 21.515408356867795 ], [ -158.153440063594331, 21.515072313715411 ], [ -158.157456129368342, 21.513456450945593 ], [ -158.160238326051257, 21.512973930168904 ], [ -158.160587942733542, 21.511739702240558 ], [ -158.158804437184699, 21.509407239304299 ], [ -158.154382417915684, 21.506337520679274 ], [ -158.153828521342518, 21.504668956730935 ], [ -158.154274672620318, 21.503498025980765 ], [ -158.154559811511888, 21.502364657233251 ], [ -158.153359150617206, 21.500712733549527 ], [ -158.152573284917139, 21.499132252467234 ], [ -158.151930042497099, 21.497979485865827 ], [ -158.146540910498658, 21.49613819396836 ], [ -158.145040489101945, 21.495862137524757 ], [ -158.144011636775502, 21.495518741700771 ], [ -158.140153935037574, 21.492433685955731 ], [ -158.137365502587471, 21.490264960036566 ], [ -158.135009402694266, 21.487858562638046 ], [ -158.133869715411663, 21.485565438388697 ], [ -158.133050630840188, 21.484438093429947 ], [ -158.131069135749613, 21.484266084641238 ] ], [ [ -158.090229724129699, 21.439057881697355 ], [ -158.09032675963573, 21.439388859326613 ], [ -158.090582091377939, 21.439152565765795 ], [ -158.090229724129699, 21.439057881697355 ] ], [ [ -158.089662537334533, 21.437157587417929 ], [ -158.089759570464594, 21.43748856536018 ], [ -158.09001489965479, 21.437252272526759 ], [ -158.089662537334533, 21.437157587417929 ] ] ] } },
{ "type": "Feature", "properties": { "ID": 218, "GRIDCODE": 2 }, "geometry": { "type": "Polygon", "coordinates": [ [ [ -157.85453464977985, 21.372296193259093 ], [ -157.856410951362875, 21.372500077532823 ], [ -157.855465305748851, 21.37321682977133 ], [ -157.85453464977985, 21.372296193259093 ] ] ] } },
{ "type": "Feature", "properties": { "ID": 219, "GRIDCODE": 2 }, "geometry": { "type": "Polygon", "coordinates": [ [ [ -157.86582459924756, 21.37155981513353 ], [ -157.866353840006497, 21.371705384259158 ], [ -157.865977945829059, 21.372524435136693 ], [ -157.86533144127884, 21.373002088771045 ], [ -157.864633529045108, 21.373806585476085 ], [ -157.863602811022247, 21.374383396250288 ], [ -157.864188031534781, 21.37533155442679 ], [ -157.863365625380254, 21.376374658837008 ], [ -157.862015959825925, 21.376208101232724 ], [ -157.860411017475059, 21.377335007571162 ], [ -157.860100317085141, 21.378012161739029 ], [ -157.858204862674086, 21.376916064105995 ], [ -157.858713288402555, 21.376540455550234 ], [ -157.858974844651783, 21.37597015941267 ], [ -157.85958758683563, 21.375733346599802 ], [ -157.859847039419066, 21.375434052325446 ], [ -157.860170447134408, 21.375195271155118 ], [ -157.860434092788267, 21.374353968721419 ], [ -157.861046826035164, 21.374117150129866 ], [ -157.861306272750483, 21.373817853283274 ], [ -157.862659076249855, 21.373465493165881 ], [ -157.863048521407222, 21.373016611732012 ], [ -157.863661245256594, 21.372779783120944 ], [ -157.865082166133533, 21.371946303849469 ], [ -157.865694882545341, 21.37170946743942 ], [ -157.86582459924756, 21.37155981513353 ] ] ] } },
{ "type": "Feature", "properties": { "ID": 220, "GRIDCODE": 2 }, "geometry": { "type": "Polygon", "coordinates": [ [ [ -157.867858204833368, 21.370489471635317 ], [ -157.869419401792243, 21.370627035154278 ], [ -157.868065854843934, 21.371412176141767 ], [ -157.867560581393036, 21.371126037735539 ], [ -157.867858204833368, 21.370489471635317 ] ] ] } },
{ "type": "Feature", "properties": { "ID": 221, "GRIDCODE": 2 }, "geometry": { "type": "Polygon", "coordinates": [ [ [ -157.86988554263425, 21.370232115901182 ], [ -157.870298574347061, 21.370535226881678 ], [ -157.869614234252026, 21.370865025533863 ], [ -157.86988554263425, 21.370232115901182 ] ] ] } },
{ "type": "Feature", "properties": { "ID": 222, "GRIDCODE": 2 }, "geometry": { "type": "Polygon", "coordinates": [ [ [ -157.860367288191043, 21.366373505518332 ], [ -157.860803056954211, 21.366509259582802 ], [ -157.861095799167316, 21.36679867339711 ], [ -157.862239665111332, 21.366784529173415 ], [ -157.862529686686003, 21.36698764097957 ], [ -157.861073971159129, 21.367867577844972 ], [ -157.861369526207625, 21.368414861284215 ], [ -157.860491318579278, 21.36867528802372 ], [ -157.859915909584345, 21.368947956650061 ], [ -157.858000306193816, 21.368898278159897 ], [ -157.855798668511142, 21.369478914572138 ], [ -157.853877918352396, 21.371324423491444 ], [ -157.852149913656461, 21.370077619368999 ], [ -157.853259401998685, 21.369582735905588 ], [ -157.854212294048949, 21.369131239706604 ], [ -157.85528780989992, 21.368097846515816 ], [ -157.855874156805783, 21.367836252118096 ], [ -157.856449284568072, 21.367563727856062 ], [ -157.858555453676217, 21.367302942893286 ], [ -157.859748703228718, 21.367333814000975 ], [ -157.860367288191043, 21.366373505518332 ] ] ] } },
{ "type": "Feature", "properties": { "ID": 223, "GRIDCODE": 2 }, "geometry": { "type": "Polygon", "coordinates": [ [ [ -157.816844318424671, 21.381791243846465 ], [ -157.816116367241364, 21.381655762166794 ], [ -157.81584059396161, 21.381372479613525 ], [ -157.814528323865204, 21.380565651803856 ], [ -157.81411766464592, 21.379734223807997 ], [ -157.812979934443064, 21.379221533334409 ], [ -157.812539384180155, 21.378769350078766 ], [ -157.812091589800701, 21.378374810858947 ], [ -157.812116810066414, 21.377875703834128 ], [ -157.811283645259067, 21.377020700397548 ], [ -157.810658346305729, 21.376738903342893 ], [ -157.809978324247254, 21.375362138877314 ], [ -157.809512550489586, 21.375376104360399 ], [ -157.809225590284882, 21.375081550344188 ], [ -157.808646765447349, 21.375098945800012 ], [ -157.807841380610228, 21.374272243978801 ], [ -157.806071242410525, 21.372901810652042 ], [ -157.80490477357344, 21.372632815965051 ], [ -157.804629038836737, 21.372349516475243 ], [ -157.803742571010389, 21.371804480671152 ], [ -157.80377488670058, 21.371165552311712 ], [ -157.801323643572516, 21.369928170695289 ], [ -157.799732699931866, 21.369604434029274 ], [ -157.797119706102734, 21.369325036187938 ], [ -157.796745029980599, 21.368566278694825 ], [ -157.793964861171304, 21.367312672695867 ], [ -157.794244413413338, 21.367125977411842 ], [ -157.795284654396625, 21.366825711236469 ], [ -157.79724623703143, 21.365871446930413 ], [ -157.800321350588717, 21.36546436863577 ], [ -157.801363706367169, 21.367574818562922 ], [ -157.803436130080797, 21.369702137125092 ], [ -157.810172369899192, 21.374741955369778 ], [ -157.814985670132529, 21.379740356708918 ], [ -157.816844318424671, 21.381791243846465 ] ] ] } },
{ "type": "Feature", "properties": { "ID": 224, "GRIDCODE": 2 }, "geometry": { "type": "Polygon", "coordinates": [ [ [ -157.853721519614425, 21.365244185728784 ], [ -157.854527816849668, 21.365691284133526 ], [ -157.851712459272477, 21.36859964682537 ], [ -157.851022205428393, 21.368633432129332 ], [ -157.850092840883377, 21.367844121664501 ], [ -157.851999842326791, 21.366747300133881 ], [ -157.853497239378498, 21.366325401232935 ], [ -157.853721519614425, 21.365244185728784 ] ] ] } },
{ "type": "Feature", "properties": { "ID": 225, "GRIDCODE": 2 }, "geometry": { "type": "Polygon", "coordinates": [ [ [ -157.861568524549114, 21.360690273331734 ], [ -157.862107262346427, 21.361100452826271 ], [ -157.861364181050618, 21.361649758716464 ], [ -157.861432023067522, 21.362193909516478 ], [ -157.859886523340634, 21.36259649927262 ], [ -157.858492813931633, 21.363500060749836 ], [ -157.858016714448723, 21.36404885000475 ], [ -157.857039967331133, 21.364303229748337 ], [ -157.856051428943715, 21.364838532276661 ], [ -157.855877038660054, 21.364591667791256 ], [ -157.855916799996209, 21.364310598985455 ], [ -157.855847627435367, 21.363758431612073 ], [ -157.857658563070402, 21.363524161214045 ], [ -157.859434897439627, 21.362211386174668 ], [ -157.85995403370282, 21.36161286267826 ], [ -157.86100578222721, 21.361338925372262 ], [ -157.861568524549114, 21.360690273331734 ] ] ] } },
{ "type": "Feature", "properties": { "ID": 226, "GRIDCODE": 2 }, "geometry": { "type": "Polygon", "coordinates": [ [ [ -157.749039302210974, 21.359076549260159 ], [ -157.749637420217425, 21.359241585838799 ], [ -157.750517091090188, 21.360287778823849 ], [ -157.75126971432698, 21.360591383492071 ], [ -157.753195874244824, 21.361707074943077 ], [ -157.752862997030604, 21.362381202190363 ], [ -157.751191205725092, 21.361920576007407 ], [ -157.749896299519008, 21.362061728240082 ], [ -157.749255735633341, 21.36060524034416 ], [ -157.748325182833753, 21.359895704112017 ], [ -157.748585943183258, 21.359464666818976 ], [ -157.74890948334351, 21.35922610645996 ], [ -157.749039302210974, 21.359076549260159 ] ] ] } },
{ "type": "Feature", "properties": { "ID": 227, "GRIDCODE": 2 }, "geometry": { "type": "Polygon", "coordinates": [ [ [ -157.840766541649685, 21.357024720327885 ], [ -157.84096846441696, 21.357107366306337 ], [ -157.841138942960242, 21.357488072548357 ], [ -157.841715708120006, 21.357724030866947 ], [ -157.840864398765461, 21.357909641648167 ], [ -157.840766541649685, 21.357024720327885 ] ] ] } },
{ "type": "Feature", "properties": { "ID": 228, "GRIDCODE": 2 }, "geometry": { "type": "Polygon", "coordinates": [ [ [ -157.845980192752961, 21.356247578741829 ], [ -157.846950375936558, 21.356755056306795 ], [ -157.844767132098696, 21.357278578800084 ], [ -157.844398098156461, 21.357753429566298 ], [ -157.842928583937152, 21.358014988910774 ], [ -157.842639709440704, 21.357959403432201 ], [ -157.842104130940839, 21.358054695902652 ], [ -157.842030424305591, 21.357690868642987 ], [ -157.84377295619808, 21.357272993542406 ], [ -157.844296399369199, 21.356599119958279 ], [ -157.844951441870933, 21.356725042009757 ], [ -157.845858041264847, 21.356404612173272 ], [ -157.845980192752961, 21.356247578741829 ] ] ] } },
{ "type": "Feature", "properties": { "ID": 229, "GRIDCODE": 2 }, "geometry": { "type": "Polygon", "coordinates": [ [ [ -157.748201367626876, 21.355547172272924 ], [ -157.748953541064253, 21.356100025033921 ], [ -157.749334448372991, 21.358654765179228 ], [ -157.748773944689958, 21.358019709993467 ], [ -157.74831915842006, 21.356514053450741 ], [ -157.748201367626876, 21.355547172272924 ] ] ] } },
{ "type": "Feature", "properties": { "ID": 230, "GRIDCODE": 2 }, "geometry": { "type": "Polygon", "coordinates": [ [ [ -157.783222469490227, 21.353636475176607 ], [ -157.783371683877562, 21.353767901761405 ], [ -157.783836285317108, 21.354709291836006 ], [ -157.784317360204483, 21.356668223253862 ], [ -157.783893918216279, 21.359194125071038 ], [ -157.783909168165081, 21.359639924511434 ], [ -157.786371304881754, 21.360750193758076 ], [ -157.788105331170669, 21.363001090624287 ], [ -157.789183611993906, 21.363295366606962 ], [ -157.792004581482672, 21.361178349066218 ], [ -157.794583431826027, 21.361053437221599 ], [ -157.793712401535061, 21.361430874516188 ], [ -157.793407119081905, 21.362311194729649 ], [ -157.793440570903215, 21.363297828577657 ], [ -157.792814018984046, 21.364387103960436 ], [ -157.793110936695172, 21.365770175916623 ], [ -157.792656924090579, 21.366559108740653 ], [ -157.791038501424907, 21.366836536693462 ], [ -157.790471319812895, 21.367401273790556 ], [ -157.788862816365764, 21.367329928420158 ], [ -157.788353122567941, 21.366297645002867 ], [ -157.787007645965303, 21.367636970761716 ], [ -157.786278947368032, 21.367604641718817 ], [ -157.786742849902822, 21.365996872195304 ], [ -157.78672803581037, 21.365565764794635 ], [ -157.78586976053171, 21.365178646211287 ], [ -157.785895760747508, 21.364663671816668 ], [ -157.785593871365307, 21.363549449262681 ], [ -157.78563502646324, 21.362738428870518 ], [ -157.784964374047433, 21.361529038525951 ], [ -157.783588847998942, 21.362198197966681 ], [ -157.783306795108416, 21.361626802616399 ], [ -157.782707515380707, 21.361356606916388 ], [ -157.782735201276921, 21.360809753802634 ], [ -157.781419660273059, 21.36040904242331 ], [ -157.780867764596962, 21.359842367391131 ], [ -157.780219571385175, 21.35927082273907 ], [ -157.782428211959086, 21.357957263201762 ], [ -157.78275496230151, 21.357015586761879 ], [ -157.78313765610153, 21.356688725219975 ], [ -157.782688439862227, 21.355457971967297 ], [ -157.783373867905738, 21.354872281917874 ], [ -157.783004187629615, 21.354205502707671 ], [ -157.783222469490227, 21.353636475176607 ] ] ] } },
{ "type": "Feature", "properties": { "ID": 231, "GRIDCODE": 2 }, "geometry": { "type": "Polygon", "coordinates": [ [ [ -157.782937664515543, 21.353092385683208 ], [ -157.78328945816483, 21.353187698363726 ], [ -157.78303409367831, 21.353423513761044 ], [ -157.782937664515543, 21.353092385683208 ] ] ] } },
{ "type": "Feature", "properties": { "ID": 232, "GRIDCODE": 2 }, "geometry": { "type": "Polygon", "coordinates": [ [ [ -157.782937664515543, 21.353092385683208 ], [ -157.782562902645594, 21.352938945026889 ], [ -157.78282692532801, 21.352475716908089 ], [ -157.782937664515543, 21.353092385683208 ] ] ] } },
{ "type": "Feature", "properties": { "ID": 233, "GRIDCODE": 2 }, "geometry": { "type": "Polygon", "coordinates": [ [ [ -157.841402647811805, 21.349711647606945 ], [ -157.841261208514823, 21.350669289529289 ], [ -157.840642668793322, 21.351473771927029 ], [ -157.841351438805162, 21.351733866228741 ], [ -157.842960368951992, 21.350907490323134 ], [ -157.843833630290675, 21.350979272998661 ], [ -157.845091170676852, 21.350070461519312 ], [ -157.845582769503892, 21.350211930162349 ], [ -157.844687832777254, 21.350923615977422 ], [ -157.8441462192595, 21.351503741626267 ], [ -157.843840449427688, 21.351478611229535 ], [ -157.84221867655549, 21.352105415492328 ], [ -157.841513220454914, 21.352861066515196 ], [ -157.840673265561463, 21.352792015626704 ], [ -157.839383283291937, 21.353724255113185 ], [ -157.837492910681959, 21.351219228042936 ], [ -157.836925842669018, 21.350152209322403 ], [ -157.839814101127644, 21.350389738672895 ], [ -157.840376318009476, 21.350101033727949 ], [ -157.841402647811805, 21.349711647606945 ] ] ] } },
{ "type": "Feature", "properties": { "ID": 234, "GRIDCODE": 2 }, "geometry": { "type": "Polygon", "coordinates": [ [ [ -157.841694056166943, 21.349442640099422 ], [ -157.841691926815258, 21.3497136426925 ], [ -157.841402647811805, 21.349711647606945 ], [ -157.841404777694976, 21.349440645041618 ], [ -157.841694056166943, 21.349442640099422 ] ] ] } },
{ "type": "Feature", "properties": { "ID": 235, "GRIDCODE": 2 }, "geometry": { "type": "Polygon", "coordinates": [ [ [ -157.841694056166943, 21.349442640099422 ], [ -157.841795809070419, 21.349112907078165 ], [ -157.842047342966112, 21.349352310724338 ], [ -157.841694056166943, 21.349442640099422 ] ] ] } },
{ "type": "Feature", "properties": { "ID": 236, "GRIDCODE": 2 }, "geometry": { "type": "Polygon", "coordinates": [ [ [ -157.838526940268935, 21.34752365081372 ], [ -157.839929927995428, 21.347661774257709 ], [ -157.8394590993924, 21.348687805078821 ], [ -157.837193190906305, 21.349532031440319 ], [ -157.836204688301422, 21.350067219251699 ], [ -157.835911611044764, 21.349651781788882 ], [ -157.83763350262717, 21.348688217010594 ], [ -157.838071705356811, 21.348183025565348 ], [ -157.838395084116371, 21.347944284483159 ], [ -157.838526940268935, 21.34752365081372 ] ] ] } },
{ "type": "Feature", "properties": { "ID": 237, "GRIDCODE": 2 }, "geometry": { "type": "Polygon", "coordinates": [ [ [ -157.840849659041112, 21.346455625234103 ], [ -157.841201480937428, 21.346550817668714 ], [ -157.840946216523974, 21.346786726144298 ], [ -157.840849659041112, 21.346455625234103 ] ] ] } },
{ "type": "Feature", "properties": { "ID": 238, "GRIDCODE": 2 }, "geometry": { "type": "Polygon", "coordinates": [ [ [ -157.825895989763922, 21.335240105198356 ], [ -157.826717854603203, 21.335687437890275 ], [ -157.825728481498487, 21.336446004011393 ], [ -157.825463425667095, 21.336740179060513 ], [ -157.824496791264465, 21.337125057652614 ], [ -157.823899633636472, 21.337582652775698 ], [ -157.824004600456874, 21.338625172705139 ], [ -157.82368427290757, 21.338870855014441 ], [ -157.823082885478186, 21.339538692958303 ], [ -157.822269939312662, 21.338185525091816 ], [ -157.823015499543317, 21.337044222650441 ], [ -157.824602148022933, 21.335921107888435 ], [ -157.824867203943199, 21.335626934181306 ], [ -157.825763463288297, 21.335387192992876 ], [ -157.825895989763922, 21.335240105198356 ] ] ] } },
{ "type": "Feature", "properties": { "ID": 239, "GRIDCODE": 2 }, "geometry": { "type": "Polygon", "coordinates": [ [ [ -157.765154462715657, 21.334804780141429 ], [ -157.765506199837716, 21.334900127619505 ], [ -157.765250841664795, 21.335135916636261 ], [ -157.765154462715657, 21.334804780141429 ] ] ] } },
{ "type": "Feature", "properties": { "ID": 240, "GRIDCODE": 2 }, "geometry": { "type": "Polygon", "coordinates": [ [ [ -157.817922930013737, 21.319465271873682 ], [ -157.818547046833515, 21.319655253930744 ], [ -157.8189136352145, 21.321460724298699 ], [ -157.817025471834313, 21.323601951731884 ], [ -157.816290775539215, 21.323920399211005 ], [ -157.816011144116146, 21.324130823379711 ], [ -157.818053742677961, 21.324752665979297 ], [ -157.81799965551042, 21.325827881805331 ], [ -157.818256479975815, 21.326102357730345 ], [ -157.820044215073068, 21.324759832157596 ], [ -157.820465452648705, 21.324502093341373 ], [ -157.819432673913838, 21.326808673787703 ], [ -157.819455589883944, 21.327475127422982 ], [ -157.819075930930836, 21.328465944798975 ], [ -157.817762959656619, 21.329035338391581 ], [ -157.816834648525372, 21.329647393475369 ], [ -157.818778256364993, 21.3295888752906 ], [ -157.819432930333505, 21.329919276229212 ], [ -157.82001726179908, 21.329085054591328 ], [ -157.821644299247936, 21.329156877375222 ], [ -157.822767204252898, 21.327554260723495 ], [ -157.823506726223087, 21.327233569340006 ], [ -157.824334466639669, 21.326830519108711 ], [ -157.824648044119357, 21.327783586167861 ], [ -157.826071347610679, 21.32811179081477 ], [ -157.825509359034669, 21.328592334348869 ], [ -157.825224867241729, 21.329413718595813 ], [ -157.824750236938371, 21.33023873535242 ], [ -157.823532065430726, 21.330184956276501 ], [ -157.822167607636914, 21.330622287129788 ], [ -157.820568912127584, 21.332904327928684 ], [ -157.820115253997955, 21.333292185400524 ], [ -157.819243346634181, 21.334160579077281 ], [ -157.817891598953651, 21.332406146343263 ], [ -157.815890988565116, 21.331009591454347 ], [ -157.812750419351715, 21.329745172181966 ], [ -157.809016039976711, 21.329299594096987 ], [ -157.809031193379127, 21.328996992425175 ], [ -157.809909368822787, 21.329035831667948 ], [ -157.809885788064122, 21.328352104526285 ], [ -157.809932520705871, 21.327425847622354 ], [ -157.808907258963956, 21.326153229467849 ], [ -157.809345278384995, 21.325778789340937 ], [ -157.809625477973754, 21.325499435910658 ], [ -157.809928105976354, 21.325240884500854 ], [ -157.810316374389544, 21.32448490730199 ], [ -157.811251636311738, 21.324166184456963 ], [ -157.811777485369191, 21.325230939399386 ], [ -157.812300025450241, 21.323723995643682 ], [ -157.813706221905761, 21.323114212028742 ], [ -157.813641707242198, 21.321230340416534 ], [ -157.814303530564246, 21.320664524695111 ], [ -157.815126124698736, 21.319845033434024 ], [ -157.815605846124072, 21.319866211611849 ], [ -157.817580119571858, 21.319806793326865 ], [ -157.817922930013737, 21.319465271873682 ] ] ] } },
{ "type": "Feature", "properties": { "ID": 241, "GRIDCODE": 2 }, "geometry": { "type": "Polygon", "coordinates": [ [ [ -157.788745507883306, 21.315192424358465 ], [ -157.789478226479787, 21.315323149747368 ], [ -157.790005300200534, 21.315905230472445 ], [ -157.791019245476349, 21.31556449072659 ], [ -157.790567465150616, 21.317065783829083 ], [ -157.787980943586149, 21.316154522598147 ], [ -157.788745507883306, 21.315192424358465 ] ] ] } },
{ "type": "Feature", "properties": { "ID": 242, "GRIDCODE": 2 }, "geometry": { "type": "Polygon", "coordinates": [ [ [ -157.793675293241222, 21.313601766062657 ], [ -157.793552995638237, 21.314224170226304 ], [ -157.793306937433755, 21.313746408741732 ], [ -157.793675293241222, 21.313601766062657 ] ] ] } },
{ "type": "Feature", "properties": { "ID": 243, "GRIDCODE": 2 }, "geometry": { "type": "Polygon", "coordinates": [ [ [ -157.793675293241222, 21.313601766062657 ], [ -157.793984586189367, 21.312665488899405 ], [ -157.794673245293268, 21.313072117556761 ], [ -157.793675293241222, 21.313601766062657 ] ] ] } },
{ "type": "Feature", "properties": { "ID": 244, "GRIDCODE": 2 }, "geometry": { "type": "Polygon", "coordinates": [ [ [ -157.751176551085365, 21.311665523799579 ], [ -157.751442863902099, 21.311868708497936 ], [ -157.752374544179929, 21.315020112930732 ], [ -157.74812353343458, 21.315485754175921 ], [ -157.748404662215705, 21.314140993585976 ], [ -157.74900634660554, 21.313697004012557 ], [ -157.749464717692803, 21.312699403203293 ], [ -157.751046778702488, 21.311815085624588 ], [ -157.751176551085365, 21.311665523799579 ] ] ] } },
{ "type": "Feature", "properties": { "ID": 245, "GRIDCODE": 2 }, "geometry": { "type": "Polygon", "coordinates": [ [ [ -157.794874116438052, 21.308461073215469 ], [ -157.795669768198735, 21.308663878991897 ], [ -157.79520683656807, 21.310744721082042 ], [ -157.794497104937022, 21.310429517323403 ], [ -157.794399091428943, 21.309946069299738 ], [ -157.794751954763029, 21.308618069682574 ], [ -157.794874116438052, 21.308461073215469 ] ] ] } },
{ "type": "Feature", "properties": { "ID": 246, "GRIDCODE": 2 }, "geometry": { "type": "Polygon", "coordinates": [ [ [ -157.776666229729244, 21.306974586202553 ], [ -157.777127400611789, 21.307115099997965 ], [ -157.777086190490849, 21.307931018005313 ], [ -157.777490503403385, 21.308287544951682 ], [ -157.777075288896953, 21.309009105393493 ], [ -157.77737437943756, 21.309828621624639 ], [ -157.776487974493421, 21.310355801423405 ], [ -157.77620325497881, 21.311177093238975 ], [ -157.775318809499566, 21.311432406783101 ], [ -157.775619271843482, 21.31225610412455 ], [ -157.774445339161815, 21.312509106778624 ], [ -157.774463715746521, 21.313051532358127 ], [ -157.774149675408495, 21.313319926571058 ], [ -157.773601065878012, 21.314387806591579 ], [ -157.76984931270357, 21.314499686279643 ], [ -157.770703915295769, 21.313014501911546 ], [ -157.77067711624909, 21.312230114437543 ], [ -157.771004389729285, 21.31166163132681 ], [ -157.770986222855754, 21.311129462973046 ], [ -157.771302603819123, 21.310579756609176 ], [ -157.771276937678437, 21.309828526028493 ], [ -157.771896925524402, 21.309211231109877 ], [ -157.773042353279322, 21.308714945643825 ], [ -157.773621416117521, 21.30843313485482 ], [ -157.77389799474156, 21.309274260803083 ], [ -157.774622894240309, 21.309252613314648 ], [ -157.775061914171943, 21.309272087328971 ], [ -157.775347207083314, 21.308450007566829 ], [ -157.776455903289843, 21.308499229730693 ], [ -157.776526118896186, 21.30711423517576 ], [ -157.776666229729244, 21.306974586202553 ] ] ] } },
{ "type": "Feature", "properties": { "ID": 247, "GRIDCODE": 2 }, "geometry": { "type": "Polygon", "coordinates": [ [ [ -157.765154462715657, 21.334804780141429 ], [ -157.764144043091051, 21.334938350722854 ], [ -157.763707209148464, 21.334918927416318 ], [ -157.763268408282329, 21.334931975537049 ], [ -157.762701894690451, 21.334645678039681 ], [ -157.762263094694731, 21.334658723570467 ], [ -157.761540217633865, 21.334626535236257 ], [ -157.760816889810656, 21.334648066454747 ], [ -157.760378080966149, 21.334628553815502 ], [ -157.759810633546095, 21.335193452335204 ], [ -157.759512368723648, 21.334887024520643 ], [ -157.758919963944521, 21.335731811854934 ], [ -157.757919873214718, 21.334704490811934 ], [ -157.756902058741332, 21.335145298976762 ], [ -157.756188979817779, 21.335492152598459 ], [ -157.756915088522248, 21.333598922606331 ], [ -157.756155859831239, 21.333121615751832 ], [ -157.754319393281406, 21.332697395408537 ], [ -157.754010844579966, 21.332072033618111 ], [ -157.753173898149271, 21.331333845159048 ], [ -157.752634262566573, 21.330779217302013 ], [ -157.749131523848376, 21.330490777560932 ], [ -157.746157210569947, 21.32831826257852 ], [ -157.744817417849987, 21.328258508113166 ], [ -157.743002399350871, 21.328312367862551 ], [ -157.741632316212218, 21.327995708737426 ], [ -157.739709845280288, 21.32687278422971 ], [ -157.739039109260261, 21.326892632456854 ], [ -157.738763026310664, 21.326608832360019 ], [ -157.7370186237479, 21.326335047695363 ], [ -157.73645304205877, 21.326049068873893 ], [ -157.736154122513625, 21.326057937611978 ], [ -157.735041246460924, 21.325495373178239 ], [ -157.73471746587316, 21.325504912483943 ], [ -157.734283773670768, 21.325485569937573 ], [ -157.73384500260957, 21.325498542495044 ], [ -157.733218401777208, 21.325181724066539 ], [ -157.732112859241994, 21.325214412289842 ], [ -157.73080989287493, 21.324884013921228 ], [ -157.728648087315179, 21.325459322861462 ], [ -157.728349643250255, 21.325445950083708 ], [ -157.728068729094844, 21.3257255532484 ], [ -157.727476744560619, 21.325981761304099 ], [ -157.726686415974342, 21.326768162259995 ], [ -157.725454051759783, 21.327060797816259 ], [ -157.723994390338902, 21.327310412432581 ], [ -157.722208782426122, 21.327981848699658 ], [ -157.721596935688297, 21.326876751997414 ], [ -157.721986260514257, 21.32539809439093 ], [ -157.72239949222481, 21.324680771645198 ], [ -157.721707394154805, 21.324070107210424 ], [ -157.721743124808398, 21.323368838360736 ], [ -157.721715707617307, 21.322555602428768 ], [ -157.721750382203737, 21.321878343072584 ], [ -157.721139849998565, 21.321602691432595 ], [ -157.721179985519768, 21.320816964220846 ], [ -157.720856356285026, 21.320484276365271 ], [ -157.719719150659358, 21.319970787856303 ], [ -157.719750462094225, 21.319356558086209 ], [ -157.718263775559706, 21.318855550791813 ], [ -157.717705237708145, 21.318872002084767 ], [ -157.716621174200327, 21.318323897821212 ], [ -157.716268820787803, 21.318308107879798 ], [ -157.715945056842799, 21.318317611763934 ], [ -157.714827541074868, 21.317752567527961 ], [ -157.713729271270296, 21.318286320473767 ], [ -157.713376690305807, 21.31829672377642 ], [ -157.712943025172507, 21.318277327357311 ], [ -157.707294951086482, 21.318443678808276 ], [ -157.705295957760626, 21.316945497319345 ], [ -157.705646676344173, 21.315536056883484 ], [ -157.707204442536892, 21.315490211016119 ], [ -157.707984371228321, 21.317413707103814 ], [ -157.709040573081722, 21.317461053695087 ], [ -157.709331762845721, 21.317171174039299 ], [ -157.710219318131436, 21.316413324081932 ], [ -157.710181671504415, 21.315290957060146 ], [ -157.711048630964086, 21.315661308216679 ], [ -157.711406994887056, 21.317123636555412 ], [ -157.711950506855288, 21.316659556175878 ], [ -157.712241489178183, 21.315291457453554 ], [ -157.713017036632749, 21.315683594554976 ], [ -157.713548676637231, 21.315154576676786 ], [ -157.714259985219712, 21.31588583791617 ], [ -157.714820221824596, 21.314796623089027 ], [ -157.715705608483432, 21.314770502667667 ], [ -157.716506190074227, 21.315175320185602 ], [ -157.717552056621287, 21.314134924620834 ], [ -157.718616319317817, 21.315074100901999 ], [ -157.719471788079943, 21.316185825866235 ], [ -157.72004726694496, 21.316168835544492 ], [ -157.720620399118587, 21.316194501417151 ], [ -157.721183069534504, 21.315634464790048 ], [ -157.721538240763408, 21.315650397931652 ], [ -157.721437820809655, 21.312666810762291 ], [ -157.721816260963521, 21.312930374839251 ], [ -157.722273129265119, 21.313400239127425 ], [ -157.723241474698767, 21.314035559248175 ], [ -157.724134446202299, 21.3144387267414 ], [ -157.724062698333398, 21.31584536796618 ], [ -157.724514042087975, 21.316760471514264 ], [ -157.72525436096106, 21.318097445827267 ], [ -157.725225804181292, 21.318657046746416 ], [ -157.725521993758662, 21.319191717095276 ], [ -157.725864256957891, 21.319886258577323 ], [ -157.727045243697717, 21.318305601378508 ], [ -157.726655928141724, 21.31723707500619 ], [ -157.72698710295586, 21.315679688087222 ], [ -157.727579045905486, 21.315423479428834 ], [ -157.727870196856685, 21.315133565566015 ], [ -157.729014765299695, 21.315184762809018 ], [ -157.729029753014089, 21.314887267949551 ], [ -157.729005717722004, 21.314168539325209 ], [ -157.729539182708635, 21.312632324831032 ], [ -157.729920345024539, 21.311891381161328 ], [ -157.730197316147326, 21.313610774038988 ], [ -157.731341082536204, 21.311386746579572 ], [ -157.731945053326939, 21.312194009941084 ], [ -157.732545993535751, 21.316152404440487 ], [ -157.733060258143837, 21.317081326719062 ], [ -157.733032744907206, 21.317621551923658 ], [ -157.733376912387286, 21.317636980410356 ], [ -157.734602053192447, 21.313858608377409 ], [ -157.735395903924143, 21.313835069548173 ], [ -157.735991618888619, 21.313861712672278 ], [ -157.735965465862392, 21.31308944038657 ], [ -157.736290129151115, 21.31142208135017 ], [ -157.73628065192699, 21.311143324392198 ], [ -157.736588845120252, 21.310608051128426 ], [ -157.736285678186533, 21.31006064275525 ], [ -157.736882119902475, 21.309802382227041 ], [ -157.737164734658677, 21.309252160819739 ], [ -157.737467447512643, 21.308993743870705 ], [ -157.738014856036671, 21.307928496379485 ], [ -157.738626534871116, 21.307405882775008 ], [ -157.738355928886165, 21.306550989612159 ], [ -157.73798183628719, 21.305875817367742 ], [ -157.738370279190889, 21.305201203185124 ], [ -157.737797887944595, 21.304167385995903 ], [ -157.739263549308077, 21.305138293681416 ], [ -157.738705207625685, 21.30659337354404 ], [ -157.739207469589985, 21.307109716931283 ], [ -157.739506005950744, 21.307372974077801 ], [ -157.739478870767812, 21.307905198891877 ], [ -157.73979678783175, 21.308479178364468 ], [ -157.739168890567214, 21.309015767694355 ], [ -157.739195929048492, 21.309818681439413 ], [ -157.738728846097132, 21.31103591988456 ], [ -157.73918184699312, 21.311435378201381 ], [ -157.739305716067776, 21.313203038017345 ], [ -157.738952465867015, 21.313293152910656 ], [ -157.739203766590776, 21.31353270060513 ], [ -157.739305716067776, 21.313203038017345 ], [ -157.739720533644203, 21.312848526142727 ], [ -157.740616515938484, 21.311446125665764 ], [ -157.740942103413147, 21.311187873717653 ], [ -157.740893959138845, 21.312130890984566 ], [ -157.740912496972982, 21.312673051698685 ], [ -157.740884718172907, 21.313214865668293 ], [ -157.740926916949121, 21.314460204191857 ], [ -157.741407375480577, 21.315517209657223 ], [ -157.741872261595546, 21.313330501026147 ], [ -157.742941560103134, 21.311473111071663 ], [ -157.742914019930993, 21.310660401066556 ], [ -157.743777771960339, 21.310286273497574 ], [ -157.744107573596807, 21.309033125362006 ], [ -157.744602619004269, 21.307743164525 ], [ -157.744979657233444, 21.308507932605405 ], [ -157.745275625798456, 21.309041841451108 ], [ -157.745537321054002, 21.310951194679259 ], [ -157.745586789186348, 21.311212253236985 ], [ -157.747027631773875, 21.308197799314321 ], [ -157.747001873985198, 21.307438629474181 ], [ -157.748170257916712, 21.306440230461344 ], [ -157.748761479637437, 21.304193100092181 ], [ -157.749645239902236, 21.3039848320579 ], [ -157.748938963701676, 21.305212434500937 ], [ -157.749050995102209, 21.30852522187385 ], [ -157.747423258963551, 21.310369168846591 ], [ -157.746891917318322, 21.313342301431245 ], [ -157.746967089913824, 21.315567391130241 ], [ -157.743180051955761, 21.316072488116188 ], [ -157.739252654030508, 21.316904160380897 ], [ -157.734541636233416, 21.319194927347667 ], [ -157.730424885138518, 21.319499814456421 ], [ -157.729405784873677, 21.319995430745543 ], [ -157.72763591808544, 21.321245855807213 ], [ -157.724619666619503, 21.321894970590638 ], [ -157.724306274130669, 21.322206874091496 ], [ -157.724338419572746, 21.323161010108286 ], [ -157.725242473705549, 21.324413411841064 ], [ -157.728083727076921, 21.323657299705772 ], [ -157.731926839831715, 21.32319472647098 ], [ -157.735987374388458, 21.323793325253725 ], [ -157.74422921198763, 21.326811062165671 ], [ -157.751687652250581, 21.329449422056907 ], [ -157.754622353579975, 21.331073571948803 ], [ -157.758058401890708, 21.332845353192194 ], [ -157.761888653022112, 21.333364622840904 ], [ -157.764783928364466, 21.334424188516458 ], [ -157.765154462715657, 21.334804780141429 ] ] ] } },
{ "type": "Feature", "properties": { "ID": 248, "GRIDCODE": 2 }, "geometry": { "type": "Polygon", "coordinates": [ [ [ -157.761671632772561, 21.301715643320268 ], [ -157.762112515829926, 21.301846784683114 ], [ -157.762642676186289, 21.302952137189489 ], [ -157.763230063381656, 21.302923637618267 ], [ -157.763852073719619, 21.303246397188289 ], [ -157.76381470048446, 21.303763998283745 ], [ -157.763829942344813, 21.304035123247935 ], [ -157.76380984110105, 21.304311083266345 ], [ -157.76405533381245, 21.305113221936995 ], [ -157.765280340523674, 21.302663248736209 ], [ -157.765608151306679, 21.303686717033148 ], [ -157.765542993450936, 21.304589726306798 ], [ -157.7655655786198, 21.304996411641696 ], [ -157.765526918440713, 21.305533456399765 ], [ -157.764585011121767, 21.30793429705021 ], [ -157.76465467129097, 21.309195852267994 ], [ -157.764325687353391, 21.31003419786072 ], [ -157.764422065928812, 21.311781668070779 ], [ -157.762053750189381, 21.314286206843036 ], [ -157.758216669259042, 21.314738345798865 ], [ -157.758249278218017, 21.314286414284791 ], [ -157.757946458320959, 21.313754328238307 ], [ -157.757978426653011, 21.313311456639784 ], [ -157.758838104531833, 21.312949395149925 ], [ -157.759685843229533, 21.31172153633182 ], [ -157.760055173862185, 21.310286093405228 ], [ -157.760007591412204, 21.309427249660601 ], [ -157.760046877646317, 21.308885514165542 ], [ -157.760009355260394, 21.308207706212734 ], [ -157.760048358505429, 21.307665968543059 ], [ -157.759967209367147, 21.306196437145264 ], [ -157.760632410283819, 21.305916298957705 ], [ -157.760907615625371, 21.305632095304198 ], [ -157.761216177127977, 21.305377844928664 ], [ -157.761200483988517, 21.305093748254851 ], [ -157.761512181942521, 21.304566191778619 ], [ -157.761496481577296, 21.304282889015987 ], [ -157.761810182836143, 21.303751839812367 ], [ -157.761422300631352, 21.302350913466611 ], [ -157.761671632772561, 21.301715643320268 ] ] ] } },
{ "type": "Feature", "properties": { "ID": 249, "GRIDCODE": 2 }, "geometry": { "type": "Polygon", "coordinates": [ [ [ -157.765435457936604, 21.301201273091571 ], [ -157.765302217124969, 21.302106826607918 ], [ -157.765062005141658, 21.301382141591706 ], [ -157.765435457936604, 21.301201273091571 ] ] ] } },
{ "type": "Feature", "properties": { "ID": 250, "GRIDCODE": 2 }, "geometry": { "type": "Polygon", "coordinates": [ [ [ -157.765435457936604, 21.301201273091571 ], [ -157.765537339705048, 21.300871590850967 ], [ -157.76578866574809, 21.301111100244672 ], [ -157.765435457936604, 21.301201273091571 ] ] ] } },
{ "type": "Feature", "properties": { "ID": 251, "GRIDCODE": 2 }, "geometry": { "type": "Polygon", "coordinates": [ [ [ -157.765731423712793, 21.300390404527125 ], [ -157.766083080510725, 21.300485747224112 ], [ -157.765827785768607, 21.30072154098751 ], [ -157.765731423712793, 21.300390404527125 ] ] ] } },
{ "type": "Feature", "properties": { "ID": 252, "GRIDCODE": 2 }, "geometry": { "type": "Polygon", "coordinates": [ [ [ -157.773839560698832, 21.299094609493306 ], [ -157.775338532710094, 21.29923970802384 ], [ -157.776233639745698, 21.3006551484021 ], [ -157.774035640368623, 21.301875981192023 ], [ -157.772491655230226, 21.302454987234672 ], [ -157.771551860892913, 21.30370057424329 ], [ -157.771032237081414, 21.304070415813683 ], [ -157.77077553286162, 21.304645502954532 ], [ -157.770444852618709, 21.305150178338966 ], [ -157.770188144053833, 21.305725264310272 ], [ -157.769077256190997, 21.306992940985506 ], [ -157.768721891729484, 21.308153659629873 ], [ -157.768163123202726, 21.309455540247789 ], [ -157.768444782375411, 21.311343578655311 ], [ -157.767966173524542, 21.312074243992726 ], [ -157.768189248390485, 21.313570287065794 ], [ -157.767316564954655, 21.314612745432154 ], [ -157.763753654141425, 21.314332520461274 ], [ -157.764597149783668, 21.314047128095392 ], [ -157.765848527969155, 21.314229800197111 ], [ -157.765743687372662, 21.313526686852441 ], [ -157.766314305470644, 21.312197113885528 ], [ -157.766637950817312, 21.31081358947629 ], [ -157.767264635919048, 21.309498053221777 ], [ -157.767525884810738, 21.308380979724515 ], [ -157.768924564237153, 21.306641875201578 ], [ -157.769419666327025, 21.305487934208227 ], [ -157.769287800058748, 21.304603264979828 ], [ -157.76966452594155, 21.304335006745163 ], [ -157.7695754600675, 21.303736882027746 ], [ -157.770208443769093, 21.303286291666669 ], [ -157.770462892652091, 21.302982202333983 ], [ -157.771817967139356, 21.302639304516489 ], [ -157.771614651764963, 21.301277128176697 ], [ -157.772607596536233, 21.300090682424955 ], [ -157.773418672267979, 21.299786544670447 ], [ -157.773839560698832, 21.299094609493306 ] ] ] } },
{ "type": "Feature", "properties": { "ID": 253, "GRIDCODE": 2 }, "geometry": { "type": "Polygon", "coordinates": [ [ [ -156.760019786210478, 21.171892872380987 ], [ -156.759523105857738, 21.172790028305513 ], [ -156.759537885323169, 21.171977494884249 ], [ -156.760019786210478, 21.171892872380987 ] ] ] } },
{ "type": "Feature", "properties": { "ID": 254, "GRIDCODE": 2 }, "geometry": { "type": "Polygon", "coordinates": [ [ [ -156.802252835375441, 21.167570736514453 ], [ -156.803457322789967, 21.168422815121179 ], [ -156.805250717992408, 21.169201508614073 ], [ -156.801935551491709, 21.169859341492884 ], [ -156.800314111182018, 21.169584203119413 ], [ -156.802028057379005, 21.16823749751055 ], [ -156.802252835375441, 21.167570736514453 ] ] ] } },
{ "type": "Feature", "properties": { "ID": 255, "GRIDCODE": 2 }, "geometry": { "type": "Polygon", "coordinates": [ [ [ -156.822201855378381, 21.166203357616144 ], [ -156.823201806222528, 21.166391775278594 ], [ -156.822841874458845, 21.167376628674294 ], [ -156.820461556486492, 21.16782165581532 ], [ -156.81723222268451, 21.168344055210515 ], [ -156.815364228504592, 21.169663668582757 ], [ -156.807133503109156, 21.170729273932498 ], [ -156.806129554733815, 21.169645349151473 ], [ -156.80581148409405, 21.169371363483176 ], [ -156.810868018950487, 21.169118705261411 ], [ -156.813156767385351, 21.168650342962124 ], [ -156.816108447613317, 21.167194877454733 ], [ -156.817707921119961, 21.166815105286656 ], [ -156.821876861342844, 21.166535372184967 ], [ -156.822201855378381, 21.166203357616144 ] ] ] } },
{ "type": "Feature", "properties": { "ID": 256, "GRIDCODE": 2 }, "geometry": { "type": "Polygon", "coordinates": [ [ [ -156.842525910828755, 21.158878110662148 ], [ -156.842986627220341, 21.159004829998462 ], [ -156.842027287935394, 21.161715695041366 ], [ -156.842371403936625, 21.162881753080665 ], [ -156.840281418071072, 21.163424564114411 ], [ -156.839486077952699, 21.162430530765011 ], [ -156.838779945278304, 21.162519200873973 ], [ -156.83744272867952, 21.162151417481663 ], [ -156.837740593203193, 21.161567746433043 ], [ -156.83883310118415, 21.160276846540317 ], [ -156.840637899379885, 21.159286789503447 ], [ -156.84239792571131, 21.159029400441604 ], [ -156.842525910828755, 21.158878110662148 ] ] ] } },
{ "type": "Feature", "properties": { "ID": 257, "GRIDCODE": 2 }, "geometry": { "type": "Polygon", "coordinates": [ [ [ -156.874336323475688, 21.15602978268598 ], [ -156.875567878050276, 21.156394560634393 ], [ -156.875630397487555, 21.157270695304174 ], [ -156.874955098260301, 21.159469105716056 ], [ -156.875020660181406, 21.160388668824503 ], [ -156.874704610651463, 21.161327513133092 ], [ -156.874007826857508, 21.162223736306213 ], [ -156.87411565131751, 21.163738331777299 ], [ -156.872666502000158, 21.163319540789388 ], [ -156.872619761084053, 21.162662871980352 ], [ -156.874035270714074, 21.161013515622862 ], [ -156.874615945437796, 21.159122615451206 ], [ -156.874336323475688, 21.15602978268598 ] ] ] } },
{ "type": "Feature", "properties": { "ID": 258, "GRIDCODE": 2 }, "geometry": { "type": "Polygon", "coordinates": [ [ [ -156.893402325836234, 21.155726440497403 ], [ -156.894364235131604, 21.156554376292089 ], [ -156.893037149785386, 21.159825763712497 ], [ -156.89204382424478, 21.160458361382069 ], [ -156.891153689101827, 21.160973906875192 ], [ -156.889853181846235, 21.162303195170225 ], [ -156.889137443371993, 21.162334280418769 ], [ -156.891134595697622, 21.16011193887902 ], [ -156.891256652462744, 21.158544447912014 ], [ -156.891163281744582, 21.156654131521641 ], [ -156.89288174151713, 21.156179661241893 ], [ -156.893264097406814, 21.155867789704661 ], [ -156.893402325836234, 21.155726440497403 ] ] ] } },
{ "type": "Feature", "properties": { "ID": 259, "GRIDCODE": 2 }, "geometry": { "type": "Polygon", "coordinates": [ [ [ -156.761773288800725, 21.151326910505194 ], [ -156.761669354948623, 21.151655840039918 ], [ -156.761420005415886, 21.151414964877585 ], [ -156.761773288800725, 21.151326910505194 ] ] ] } },
{ "type": "Feature", "properties": { "ID": 260, "GRIDCODE": 2 }, "geometry": { "type": "Polygon", "coordinates": [ [ [ -156.886537390675556, 21.151035046390387 ], [ -156.886993124689212, 21.151176665369139 ], [ -156.887660123199225, 21.152549487065691 ], [ -156.88839959958068, 21.153903698899228 ], [ -156.887209500652801, 21.15415394650098 ], [ -156.885554129689069, 21.154675118394362 ], [ -156.88577339830664, 21.153594150319471 ], [ -156.886537390675556, 21.151035046390387 ] ] ] } },
{ "type": "Feature", "properties": { "ID": 261, "GRIDCODE": 2 }, "geometry": { "type": "Polygon", "coordinates": [ [ [ -156.759231790329807, 21.147500522508981 ], [ -156.759582275306343, 21.14759789227449 ], [ -156.759325787362485, 21.147832071637136 ], [ -156.759231790329807, 21.147500522508981 ] ] ] } },
{ "type": "Feature", "properties": { "ID": 262, "GRIDCODE": 2 }, "geometry": { "type": "Polygon", "coordinates": [ [ [ -156.871045490703324, 21.143796756348952 ], [ -156.872770770352219, 21.144693602273051 ], [ -156.871668442494382, 21.145950036627813 ], [ -156.871045490703324, 21.143796756348952 ] ] ] } },
{ "type": "Feature", "properties": { "ID": 263, "GRIDCODE": 2 }, "geometry": { "type": "Polygon", "coordinates": [ [ [ -156.871045490703324, 21.143796756348952 ], [ -156.870694918828377, 21.143699612078123 ], [ -156.870951240317055, 21.143465247911259 ], [ -156.871045490703324, 21.143796756348952 ] ] ] } },
{ "type": "Feature", "properties": { "ID": 264, "GRIDCODE": 2 }, "geometry": { "type": "Polygon", "coordinates": [ [ [ -156.841614333461223, 21.142069349778183 ], [ -156.841836146712126, 21.142253542531083 ], [ -156.84271453147025, 21.144596018061513 ], [ -156.84362249028473, 21.148500900870413 ], [ -156.844118509761046, 21.15399781899232 ], [ -156.84352408842048, 21.156307032221751 ], [ -156.841513279433826, 21.154741842946898 ], [ -156.842018494497637, 21.153918658000848 ], [ -156.840781445554597, 21.152891085351108 ], [ -156.840714484114471, 21.151946503905609 ], [ -156.840768585422666, 21.151405351776742 ], [ -156.840712835858568, 21.150621111445652 ], [ -156.841381889133316, 21.148981367124051 ], [ -156.841362224048112, 21.148703712761364 ], [ -156.841390245859884, 21.148424351763396 ], [ -156.841058907982784, 21.148149202950655 ], [ -156.841112313872628, 21.147616838449402 ], [ -156.841072754403541, 21.147057955035059 ], [ -156.84173042587841, 21.144917558194855 ], [ -156.841440407003603, 21.143290181451036 ], [ -156.841481314921424, 21.142880418312689 ], [ -156.841452051573725, 21.142467180589026 ], [ -156.841614333461223, 21.142069349778183 ] ] ] } },
{ "type": "Feature", "properties": { "ID": 265, "GRIDCODE": 2 }, "geometry": { "type": "Polygon", "coordinates": [ [ [ -156.828364529885704, 21.139732495809078 ], [ -156.829032412250513, 21.140287401452341 ], [ -156.82909465651241, 21.141163663181622 ], [ -156.828708138672908, 21.142722778404217 ], [ -156.828765457192731, 21.143530519222988 ], [ -156.828697783442806, 21.144206950772475 ], [ -156.828736581666163, 21.144756828639299 ], [ -156.828415923660089, 21.14527947331959 ], [ -156.828454720727308, 21.14582935112087 ], [ -156.828390360757197, 21.146471695189643 ], [ -156.828666314888153, 21.14800947865486 ], [ -156.829139415837801, 21.148831020504009 ], [ -156.829329163018173, 21.151504422827635 ], [ -156.828821453623476, 21.152533368938382 ], [ -156.826605625337834, 21.150692217085808 ], [ -156.826207423049425, 21.150246592671834 ], [ -156.824147626228552, 21.149003294202529 ], [ -156.822560276735061, 21.14843316490315 ], [ -156.820699710854996, 21.148726892544101 ], [ -156.818849447839511, 21.149337288528042 ], [ -156.819867500838882, 21.147684154194554 ], [ -156.822494962394813, 21.146766662032849 ], [ -156.824936184274009, 21.146279370358631 ], [ -156.826821956399442, 21.144796939460985 ], [ -156.827761703832408, 21.142781008918508 ], [ -156.828212967481761, 21.140959744609447 ], [ -156.828364529885704, 21.139732495809078 ] ] ] } },
{ "type": "Feature", "properties": { "ID": 266, "GRIDCODE": 2 }, "geometry": { "type": "Polygon", "coordinates": [ [ [ -156.84049476476585, 21.139616773965518 ], [ -156.840845301514634, 21.139713978383874 ], [ -156.840588944071897, 21.139948293530747 ], [ -156.84049476476585, 21.139616773965518 ] ] ] } },
{ "type": "Feature", "properties": { "ID": 267, "GRIDCODE": 2 }, "geometry": { "type": "Polygon", "coordinates": [ [ [ -156.75651999835614, 21.135815450240816 ], [ -156.756192927368573, 21.136187585256081 ], [ -156.755562546464375, 21.136252709928193 ], [ -156.755464570057796, 21.135418705891343 ], [ -156.75651999835614, 21.135815450240816 ] ] ] } },
{ "type": "Feature", "properties": { "ID": 268, "GRIDCODE": 2 }, "geometry": { "type": "Polygon", "coordinates": [ [ [ -156.871909226563673, 21.123759102513105 ], [ -156.871742138619481, 21.125587341849641 ], [ -156.870517870623559, 21.126586336927566 ], [ -156.871622370026529, 21.127537483322921 ], [ -156.871991237430905, 21.129649270333722 ], [ -156.871940149415735, 21.130304380367015 ], [ -156.872475808392807, 21.132012469132668 ], [ -156.873182830430778, 21.132621278616117 ], [ -156.872790514832388, 21.133395659210134 ], [ -156.872195328589214, 21.133881283689508 ], [ -156.871890357931846, 21.135568686754436 ], [ -156.871019535869152, 21.135508989399707 ], [ -156.86939362231891, 21.135579415858231 ], [ -156.868719909926426, 21.135224870483057 ], [ -156.868211143015543, 21.135246906490988 ], [ -156.867080985184714, 21.1342737836917 ], [ -156.866980284530626, 21.132226552878254 ], [ -156.867694131686278, 21.128887472314311 ], [ -156.86968296666015, 21.125575738928283 ], [ -156.871909226563673, 21.123759102513105 ] ] ] } },
{ "type": "Feature", "properties": { "ID": 269, "GRIDCODE": 2 }, "geometry": { "type": "Polygon", "coordinates": [ [ [ -156.871909226563673, 21.123759102513105 ], [ -156.872012897952885, 21.123430081521953 ], [ -156.872262399994838, 21.123670805769496 ], [ -156.871909226563673, 21.123759102513105 ] ] ] } },
{ "type": "Feature", "properties": { "ID": 270, "GRIDCODE": 2 }, "geometry": { "type": "Polygon", "coordinates": [ [ [ -156.886286579974893, 21.128003064928752 ], [ -156.886639758056845, 21.12791473835021 ], [ -156.886390224303454, 21.127674032857538 ], [ -156.886286579974893, 21.128003064928752 ], [ -156.88514082780253, 21.127805671683877 ], [ -156.88463626761208, 21.127175230363719 ], [ -156.883213622453411, 21.127354365367463 ], [ -156.881929943248622, 21.126842562349307 ], [ -156.881529061400215, 21.126200048410027 ], [ -156.881289617817458, 21.125349346650363 ], [ -156.880847333644141, 21.12468395673422 ], [ -156.881200505810057, 21.124595641084937 ], [ -156.880950986658462, 21.124354928690458 ], [ -156.880847333644141, 21.12468395673422 ], [ -156.880698277085685, 21.124814843302829 ], [ -156.880325463968518, 21.127097713562883 ], [ -156.879217945795347, 21.12778193410626 ], [ -156.87834240867636, 21.128036469857378 ], [ -156.87642899410335, 21.128736830805739 ], [ -156.875367088677535, 21.128236887736577 ], [ -156.87403289920951, 21.126898715234283 ], [ -156.872949156672689, 21.125895127617131 ], [ -156.872573686641346, 21.123237503585063 ], [ -156.875285101202962, 21.12217705156926 ], [ -156.879347907900552, 21.121579092232658 ], [ -156.882417820537768, 21.121558697535992 ], [ -156.886814425033549, 21.122017683695862 ], [ -156.889570340926412, 21.123762611475168 ], [ -156.891051108759058, 21.125133384657389 ], [ -156.891903617205344, 21.12718310752846 ], [ -156.891985340722727, 21.137893277264556 ], [ -156.890835988369616, 21.141071627075323 ], [ -156.88860011888508, 21.145013676163337 ], [ -156.887857791309102, 21.146667019637466 ], [ -156.887292432317793, 21.148230032067499 ], [ -156.883343249737436, 21.148105007936092 ], [ -156.881577281315714, 21.148930612368726 ], [ -156.881246503743967, 21.147579575932593 ], [ -156.880671266615764, 21.14675998903698 ], [ -156.884723209898624, 21.146398212293555 ], [ -156.884171714167763, 21.144620964533015 ], [ -156.88345549208853, 21.143957841072286 ], [ -156.882772856274585, 21.143273505974449 ], [ -156.882048961213201, 21.142932734761285 ], [ -156.881321426699941, 21.141896342031391 ], [ -156.881368935288577, 21.140578482966816 ], [ -156.880784181842415, 21.139477863953527 ], [ -156.881317183823199, 21.138922772984735 ], [ -156.882193759884785, 21.138916941946405 ], [ -156.885111742418815, 21.139771036308598 ], [ -156.885679644230464, 21.140054482509811 ], [ -156.886547713302804, 21.140330827565229 ], [ -156.887661126133935, 21.140886582079705 ], [ -156.887702923883097, 21.140345380447105 ], [ -156.887038699307539, 21.1400327591804 ], [ -156.884687829612119, 21.137132464537832 ], [ -156.885727599588876, 21.13667516730716 ], [ -156.88532598354098, 21.136459150077762 ], [ -156.883735095738245, 21.135710424492437 ], [ -156.883301345771343, 21.135275393965834 ], [ -156.882730462980959, 21.134746839129779 ], [ -156.886266202037604, 21.134252076396002 ], [ -156.884446718039271, 21.132861284821928 ], [ -156.885809608677931, 21.13246510461596 ], [ -156.886515955431548, 21.131793494923112 ], [ -156.886967987231998, 21.131396581334275 ], [ -156.885806475964671, 21.131115453591807 ], [ -156.885480162958117, 21.130462435352388 ], [ -156.882628562555425, 21.131617597599259 ], [ -156.881464291212751, 21.131868537181326 ], [ -156.880129226546103, 21.132171833018759 ], [ -156.88081764460938, 21.130957905522045 ], [ -156.880264320542125, 21.130445636763078 ], [ -156.881500654417323, 21.129706998053329 ], [ -156.882065221386654, 21.129170155364672 ], [ -156.88324446146575, 21.128916023744004 ], [ -156.884440585368765, 21.128644301678943 ], [ -156.885574534224418, 21.128680160108928 ], [ -156.886286579974893, 21.128003064928752 ] ] ] } },
{ "type": "Feature", "properties": { "ID": 271, "GRIDCODE": 2 }, "geometry": { "type": "Polygon", "coordinates": [ [ [ -156.918458404038233, 21.119460819588092 ], [ -156.918808960897849, 21.119557862984866 ], [ -156.918552752558412, 21.119792309992448 ], [ -156.918458404038233, 21.119460819588092 ] ] ] } },
{ "type": "Feature", "properties": { "ID": 272, "GRIDCODE": 2 }, "geometry": { "type": "Polygon", "coordinates": [ [ [ -156.918458404038233, 21.119460819588092 ], [ -156.918107847697456, 21.11936377550207 ], [ -156.918364055873468, 21.119129329153782 ], [ -156.918458404038233, 21.119460819588092 ] ] ] } },
{ "type": "Feature", "properties": { "ID": 273, "GRIDCODE": 2 }, "geometry": { "type": "Polygon", "coordinates": [ [ [ -156.780099999336016, 21.10361663690885 ], [ -156.780450401942431, 21.103713955980986 ], [ -156.780194026117073, 21.103948177688757 ], [ -156.780099999336016, 21.10361663690885 ] ] ] } },
{ "type": "Feature", "properties": { "ID": 274, "GRIDCODE": 2 }, "geometry": { "type": "Polygon", "coordinates": [ [ [ -156.820684349881617, 21.092222850429486 ], [ -156.821346534187626, 21.092341156517318 ], [ -156.820836047541178, 21.092568741774571 ], [ -156.820684349881617, 21.092222850429486 ] ] ] } },
{ "type": "Feature", "properties": { "ID": 275, "GRIDCODE": 2 }, "geometry": { "type": "Polygon", "coordinates": [ [ [ -156.760019786210478, 21.171892872380987 ], [ -156.760190243960523, 21.170950121118526 ], [ -156.760134452542758, 21.170159801246349 ], [ -156.760732425473691, 21.169690257219859 ], [ -156.76085442828844, 21.168480780932946 ], [ -156.760454504201618, 21.167167760940362 ], [ -156.760175124622833, 21.167777245285713 ], [ -156.760245763144098, 21.168780402487705 ], [ -156.758811570775094, 21.169358046056058 ], [ -156.758735293592935, 21.170114933933828 ], [ -156.758771086489446, 21.170622173656266 ], [ -156.75816099480852, 21.170660051575442 ], [ -156.75759341377767, 21.170609665098489 ], [ -156.756814356841829, 21.171433950136844 ], [ -156.75670104626758, 21.17090531077406 ], [ -156.756742493742706, 21.17049486682825 ], [ -156.75670441642157, 21.169952542680601 ], [ -156.756771440547482, 21.169286211660143 ], [ -156.755851935529847, 21.169642408191578 ], [ -156.75524066597211, 21.170636974553233 ], [ -156.755294993627587, 21.171410408931244 ], [ -156.754962419971605, 21.171431059553239 ], [ -156.754702743993164, 21.170864098556351 ], [ -156.754295432997594, 21.170155819368961 ], [ -156.75479551702503, 21.167390073572975 ], [ -156.754158377609656, 21.16733352778974 ], [ -156.753883790570114, 21.167623938275 ], [ -156.753577613786661, 21.167596787624692 ], [ -156.75269009996353, 21.168169405099686 ], [ -156.751989864453492, 21.168107250167473 ], [ -156.751520094132218, 21.168136388069247 ], [ -156.751607000580606, 21.167275675518841 ], [ -156.750716305652077, 21.167330894258907 ], [ -156.750638282663601, 21.166223469380867 ], [ -156.751438069299809, 21.165595262597293 ], [ -156.752210048782928, 21.164604301392455 ], [ -156.750474790981883, 21.163960172144751 ], [ -156.751705758346702, 21.163764300705278 ], [ -156.752387101357073, 21.163824815230935 ], [ -156.753193429020001, 21.163191658743752 ], [ -156.751894303390287, 21.161589548516371 ], [ -156.752909122114573, 21.161679626167505 ], [ -156.753979270599359, 21.161392773473974 ], [ -156.755259337386263, 21.160744930085034 ], [ -156.755716146643834, 21.161124816278495 ], [ -156.756077378753929, 21.161914096701295 ], [ -156.756577226303875, 21.161385258611848 ], [ -156.75739601373445, 21.161457893368233 ], [ -156.757453409700901, 21.160887005736161 ], [ -156.757398553931864, 21.160110322813598 ], [ -156.758236133677087, 21.160058395791769 ], [ -156.760401532094903, 21.160456345717222 ], [ -156.763243660014354, 21.15989009856651 ], [ -156.7643815878466, 21.159614127104636 ], [ -156.766099858974002, 21.159343499156233 ], [ -156.767038820664197, 21.158605866395924 ], [ -156.767590305396169, 21.157489221888074 ], [ -156.768142541112326, 21.157055418981276 ], [ -156.768206162500633, 21.156423757104676 ], [ -156.768186404817527, 21.156142663944415 ], [ -156.771947106182239, 21.1558328345733 ], [ -156.771682527912446, 21.155646801275001 ], [ -156.769643675990437, 21.155369125208757 ], [ -156.76852263231487, 21.154521498874601 ], [ -156.767881254625422, 21.154242786818649 ], [ -156.767962098089725, 21.153440511213095 ], [ -156.767914657189976, 21.152767434896788 ], [ -156.769869919945904, 21.150621099815531 ], [ -156.770223198173994, 21.150533027165611 ], [ -156.76997383521973, 21.150292163531375 ], [ -156.769869919945904, 21.150621099815531 ], [ -156.769408663018169, 21.150725672173802 ], [ -156.767726186415558, 21.152058038507075 ], [ -156.767370562884622, 21.151832039591206 ], [ -156.767133665797388, 21.151211491744505 ], [ -156.765959051952819, 21.151907126808879 ], [ -156.764541068206626, 21.151474158426268 ], [ -156.761773288800725, 21.151326910505194 ], [ -156.762118566953291, 21.149988962146356 ], [ -156.761352384756236, 21.150397890781168 ], [ -156.760512710591172, 21.149805206808377 ], [ -156.759614361969625, 21.149551372299346 ], [ -156.759676230845855, 21.149131870336888 ], [ -156.759603745025458, 21.148513888229481 ], [ -156.761122293492519, 21.147676017224367 ], [ -156.761252845057896, 21.147527275443821 ], [ -156.761541567420238, 21.147531095324606 ], [ -156.761545638963497, 21.147260238465282 ], [ -156.761898912186524, 21.147172182908008 ], [ -156.761649569030311, 21.146931308600724 ], [ -156.761545638963497, 21.147260238465282 ], [ -156.761256917125195, 21.147256418638005 ], [ -156.761252845057896, 21.147527275443821 ], [ -156.76021169073249, 21.147393914973467 ], [ -156.760766636879652, 21.146122040641064 ], [ -156.759367477721156, 21.147066785888288 ], [ -156.759231790329807, 21.147500522508981 ], [ -156.758238775675267, 21.147279291939395 ], [ -156.757439886417671, 21.148942779548385 ], [ -156.756231370723413, 21.149042171574344 ], [ -156.755880522273344, 21.148126835148307 ], [ -156.756428805391721, 21.147711603066011 ], [ -156.75664067879768, 21.146002572914487 ], [ -156.755602086389331, 21.146542393238338 ], [ -156.754805875635668, 21.146455504699571 ], [ -156.75386192474889, 21.14694617059941 ], [ -156.753920694274512, 21.146471337548675 ], [ -156.753550385203084, 21.146174347199192 ], [ -156.753648289950632, 21.145385934660986 ], [ -156.753250110244579, 21.144712104716522 ], [ -156.753693881916263, 21.144008511595022 ], [ -156.75362491939336, 21.143270795769268 ], [ -156.755744818564324, 21.142441547523671 ], [ -156.753894124608479, 21.141763134141225 ], [ -156.754294627064638, 21.140804986057002 ], [ -156.754215953936608, 21.139962970595846 ], [ -156.754724122686781, 21.140018325686601 ], [ -156.755157806287627, 21.139982674625234 ], [ -156.755995932499786, 21.14007408310135 ], [ -156.755431015639573, 21.13860066170432 ], [ -156.756090081043538, 21.138672498061087 ], [ -156.755966201384325, 21.137348845647516 ], [ -156.756786683918705, 21.137281410981782 ], [ -156.757761902447811, 21.137387722160906 ], [ -156.758101386851308, 21.137015153201641 ], [ -156.759377560638342, 21.137154277907278 ], [ -156.758943733578036, 21.136806324907056 ], [ -156.75898677232189, 21.13645714480888 ], [ -156.75651999835614, 21.135815450240816 ], [ -156.756654620486756, 21.135395854976171 ], [ -156.756999045140844, 21.135144522415299 ], [ -156.756304701590892, 21.134607455828437 ], [ -156.757228695921441, 21.134256457521566 ], [ -156.755960840518782, 21.133735336821257 ], [ -156.757300393329331, 21.132996244860962 ], [ -156.757430934058476, 21.132847504987666 ], [ -156.75778417378001, 21.132759455062562 ], [ -156.757534859681869, 21.132518577049186 ], [ -156.757430934058476, 21.132847504987666 ], [ -156.756552908832731, 21.1325993546155 ], [ -156.757335718259128, 21.131623243934353 ], [ -156.756884166032819, 21.13127399400117 ], [ -156.757571563134121, 21.130491532772954 ], [ -156.75833113735564, 21.130590351384772 ], [ -156.758909527603407, 21.130530677326437 ], [ -156.759353058607786, 21.130588401527906 ], [ -156.76021494351852, 21.130015058226512 ], [ -156.761041959424091, 21.130486068999019 ], [ -156.763118993467799, 21.130093199704127 ], [ -156.763380058268126, 21.129795709270894 ], [ -156.764243338746923, 21.129165679858424 ], [ -156.762604485080487, 21.129334979777617 ], [ -156.761370994295504, 21.128986452649389 ], [ -156.761118966141595, 21.128682181466242 ], [ -156.759102315645663, 21.12837950082314 ], [ -156.760203316893779, 21.127861439458119 ], [ -156.763125738620516, 21.127501706019775 ], [ -156.762875472310697, 21.127079928949708 ], [ -156.761980900645824, 21.126827224664595 ], [ -156.761725823925474, 21.126519541049433 ], [ -156.761410653861191, 21.12655214902075 ], [ -156.761155578819285, 21.126244464683325 ], [ -156.760539329061316, 21.125991199768112 ], [ -156.760716433920351, 21.125576394107824 ], [ -156.761069654712458, 21.125488335545654 ], [ -156.760820345794144, 21.125247462793521 ], [ -156.760716433920351, 21.125576394107824 ], [ -156.759703030144237, 21.125163899489376 ], [ -156.7597249700855, 21.124886003208339 ], [ -156.759685997241007, 21.124083204564123 ], [ -156.760161698232963, 21.124062908268687 ], [ -156.760601109689759, 21.124093323465566 ], [ -156.761461996324101, 21.123545950224891 ], [ -156.7617645136622, 21.123566880516805 ], [ -156.762042850074295, 21.123282715369449 ], [ -156.762482823943117, 21.12331313296248 ], [ -156.763417575244745, 21.123273228922024 ], [ -156.764610767018468, 21.123692836424269 ], [ -156.764671422923755, 21.122919527703555 ], [ -156.764651406428442, 21.122505554182041 ], [ -156.765538461864139, 21.122261295378298 ], [ -156.766246911003236, 21.121912158211643 ], [ -156.76726668039592, 21.122539786796356 ], [ -156.767528759895185, 21.123378267601954 ], [ -156.768299987092973, 21.122998268026752 ], [ -156.770003207551667, 21.123516427871323 ], [ -156.770417213169821, 21.123963765149217 ], [ -156.770712224736315, 21.123110265816514 ], [ -156.771860335133084, 21.123189597075562 ], [ -156.770734836191394, 21.12231455910123 ], [ -156.769827367824831, 21.121756025046839 ], [ -156.769269311037874, 21.120571965956241 ], [ -156.768289174087926, 21.119726739795812 ], [ -156.767398041394586, 21.11849304698536 ], [ -156.767900792531918, 21.118755372567264 ], [ -156.768742113750108, 21.119323494130107 ], [ -156.769662750214621, 21.119603621195861 ], [ -156.770645860235959, 21.120665424025916 ], [ -156.771608330429871, 21.120731927973278 ], [ -156.771344573154238, 21.120155281333634 ], [ -156.770874958066685, 21.119750338731389 ], [ -156.771492641679913, 21.119246999395905 ], [ -156.771040905371763, 21.118759021323765 ], [ -156.76987882187143, 21.118239997596365 ], [ -156.76996933470852, 21.117089413441292 ], [ -156.768521843018647, 21.1158412585802 ], [ -156.769930502714203, 21.115764168172017 ], [ -156.770502373216942, 21.116381910391471 ], [ -156.771104479549422, 21.116901168276346 ], [ -156.771860880144658, 21.117718368031561 ], [ -156.772238593467449, 21.117744500883088 ], [ -156.773397046844337, 21.117694979944524 ], [ -156.776540590991232, 21.118261892944318 ], [ -156.776579946404183, 21.117759208703042 ], [ -156.775642371913506, 21.116950760961654 ], [ -156.776129168105825, 21.115541933047886 ], [ -156.777919355969772, 21.114799245227434 ], [ -156.777466189672964, 21.113990216046719 ], [ -156.778360393657124, 21.113261428412194 ], [ -156.777519697311817, 21.112650767532347 ], [ -156.776929839286311, 21.112387460073624 ], [ -156.776441476118265, 21.111859860258093 ], [ -156.775791696219073, 21.111814954172665 ], [ -156.775495182636803, 21.111827596790437 ], [ -156.775207398566749, 21.111217040644895 ], [ -156.773805842738454, 21.110008359151475 ], [ -156.774856831754789, 21.109579680406213 ], [ -156.775938602509939, 21.110149731603517 ], [ -156.777825112955611, 21.11028017586418 ], [ -156.779564925297933, 21.109924259155918 ], [ -156.779295995611619, 21.109694003030228 ], [ -156.777848257009424, 21.108877626448134 ], [ -156.777580218409298, 21.10858785259985 ], [ -156.777279025193081, 21.108328332994461 ], [ -156.777006403451082, 21.107456853486724 ], [ -156.775835063365122, 21.106446854808055 ], [ -156.77627483607094, 21.105712110361843 ], [ -156.775575366600066, 21.104463050654058 ], [ -156.776482817214742, 21.104525754621168 ], [ -156.777784302570666, 21.104217013053397 ], [ -156.779331429003804, 21.105551119814162 ], [ -156.779696917343472, 21.106719199764438 ], [ -156.779922293566557, 21.106465524533021 ], [ -156.779908662983445, 21.106187817496501 ], [ -156.779930169065523, 21.10591718485961 ], [ -156.779916721921069, 21.105646094334595 ], [ -156.779938227811897, 21.105375461672523 ], [ -156.779885961042709, 21.104302495720987 ], [ -156.780378809880744, 21.104281436167607 ], [ -156.780818736587008, 21.104311801532116 ], [ -156.781343482894101, 21.103776048656272 ], [ -156.7827453696639, 21.105437740866776 ], [ -156.783160685681224, 21.106764544965216 ], [ -156.783408693090138, 21.105916947092247 ], [ -156.783358836195617, 21.10488885571716 ], [ -156.783695960612306, 21.104874480479488 ], [ -156.78480410003317, 21.105263989529437 ], [ -156.785145362501652, 21.104590897361671 ], [ -156.786571612987842, 21.10468942882299 ], [ -156.786019415766532, 21.10409276398947 ], [ -156.784332513796443, 21.10305492076035 ], [ -156.783729077249376, 21.101637955992302 ], [ -156.783766635774327, 21.101159054485844 ], [ -156.78347391999182, 21.100537599095198 ], [ -156.782613551050645, 21.100153441828997 ], [ -156.783312031375488, 21.099953305952468 ], [ -156.784917099639244, 21.100556464106603 ], [ -156.785204356951766, 21.101166205243302 ], [ -156.785766936869607, 21.10165122847711 ], [ -156.786040254774235, 21.101946614646796 ], [ -156.78686244942071, 21.101541189791327 ], [ -156.787285835547777, 21.102439759426662 ], [ -156.788010652742571, 21.101699440011316 ], [ -156.788645394342666, 21.101672270273369 ], [ -156.78892283322179, 21.102260845229775 ], [ -156.789210241467913, 21.101967089528365 ], [ -156.789686528469247, 21.101578965086397 ], [ -156.788380737300628, 21.100601690092876 ], [ -156.787244339518338, 21.10025615211411 ], [ -156.787208030314275, 21.099510395880475 ], [ -156.787823305805631, 21.099255183072774 ], [ -156.788115573919981, 21.098956597817789 ], [ -156.788685040574535, 21.098995907423483 ], [ -156.78942584163525, 21.098964164600872 ], [ -156.7904132245759, 21.099815448219644 ], [ -156.790681276083461, 21.100105202840684 ], [ -156.790831877825696, 21.100234951193315 ], [ -156.790925927679467, 21.100566488050553 ], [ -156.791182281931185, 21.100332248014386 ], [ -156.790831877825696, 21.100234951193315 ], [ -156.790951548568586, 21.098930346204082 ], [ -156.7914251804213, 21.099159017949827 ], [ -156.791777113663244, 21.099781762498665 ], [ -156.792102740242456, 21.099305021937823 ], [ -156.7914251804213, 21.099159017949827 ], [ -156.791578573405957, 21.098757023234395 ], [ -156.791574207606686, 21.098137351473508 ], [ -156.793361075663881, 21.098592128143874 ], [ -156.792920312638785, 21.097760942024557 ], [ -156.794367999313948, 21.098484854059745 ], [ -156.796147418721318, 21.099082371579051 ], [ -156.796675570254422, 21.098673998743593 ], [ -156.795472141064863, 21.096261243007589 ], [ -156.793662847140638, 21.094444472326249 ], [ -156.793093288793727, 21.093916392163624 ], [ -156.793675220330442, 21.09335898281407 ], [ -156.794474461920061, 21.093758691324282 ], [ -156.79654636720386, 21.094285794033564 ], [ -156.796268478356779, 21.093936525248651 ], [ -156.795978135386804, 21.093667125804487 ], [ -156.795703222232561, 21.093116426975925 ], [ -156.795133660581399, 21.092588353407329 ], [ -156.795420957066426, 21.092300006734533 ], [ -156.796007758070971, 21.092042009385391 ], [ -156.797123070651679, 21.091521150083722 ], [ -156.798302692022844, 21.091513849898583 ], [ -156.799142799587941, 21.091933777524421 ], [ -156.799568027519399, 21.090759455996672 ], [ -156.800908700750085, 21.092105640211148 ], [ -156.801053875596239, 21.092240336039968 ], [ -156.801147945460457, 21.092571869060954 ], [ -156.801404270215812, 21.09233761073968 ], [ -156.801053875596239, 21.092240336039968 ], [ -156.800810924695099, 21.09051339261682 ], [ -156.803536882610132, 21.089811238572654 ], [ -156.804567736128149, 21.091332098598734 ], [ -156.805034886435664, 21.089239588311294 ], [ -156.806763095860646, 21.088847633208566 ], [ -156.807584568519644, 21.090019448107842 ], [ -156.808881473910873, 21.091932641115466 ], [ -156.809062844662549, 21.091541438186749 ], [ -156.808688606494968, 21.088457415541797 ], [ -156.810423786084442, 21.087646566158359 ], [ -156.813605537565735, 21.086787548124398 ], [ -156.81451892769141, 21.087633906213693 ], [ -156.814827830858434, 21.08821650097271 ], [ -156.815122803505716, 21.08880724979355 ], [ -156.816253159893677, 21.08985495494349 ], [ -156.815667771648265, 21.09088638197289 ], [ -156.815635582877434, 21.091776509716723 ], [ -156.817650887235203, 21.091763831315657 ], [ -156.81766293292381, 21.093466759890873 ], [ -156.811869090166937, 21.095402552573489 ], [ -156.792399950159762, 21.103895022196529 ], [ -156.787600458895525, 21.106909870528863 ], [ -156.784639171409992, 21.109935513739256 ], [ -156.781444223283216, 21.114483516370615 ], [ -156.776631930468255, 21.125184018737322 ], [ -156.775300297599728, 21.130598616853135 ], [ -156.77498305996437, 21.139248448785093 ], [ -156.776171241395275, 21.144453474431394 ], [ -156.778389321696579, 21.150477683622388 ], [ -156.782003375872648, 21.155401278228108 ], [ -156.785328088458527, 21.159087425927897 ], [ -156.789613768370828, 21.161737348505092 ], [ -156.793812194322953, 21.163263418601691 ], [ -156.793208096585801, 21.163792867850791 ], [ -156.7929208779411, 21.164065457484082 ], [ -156.792622539411354, 21.164327054221623 ], [ -156.79145295093312, 21.165671777666414 ], [ -156.788250199163429, 21.165923382439399 ], [ -156.78651827195003, 21.16695639570883 ], [ -156.785665138437793, 21.167766232911088 ], [ -156.782744146612629, 21.168261510391218 ], [ -156.78187936674118, 21.168526503599089 ], [ -156.780957291923499, 21.168793848754781 ], [ -156.779845870213819, 21.169312550543314 ], [ -156.779258730864854, 21.169570328168643 ], [ -156.778344914091463, 21.170133878685785 ], [ -156.777199866465025, 21.170636576576506 ], [ -156.776096307406533, 21.1716840832221 ], [ -156.773794496496521, 21.171697901879533 ], [ -156.772626491018627, 21.171113972285742 ], [ -156.770563221085666, 21.171623173693231 ], [ -156.769520737695018, 21.171942571276684 ], [ -156.76863830769139, 21.17150134387456 ], [ -156.766227596699963, 21.171836849665027 ], [ -156.764079495821051, 21.172621182219203 ], [ -156.763038119834704, 21.172340727338071 ], [ -156.763418267283981, 21.172007648689377 ], [ -156.763027033072518, 21.170883776517602 ], [ -156.763380831030844, 21.169601699714043 ], [ -156.764262725595245, 21.168050007245917 ], [ -156.76250835731696, 21.169082131997474 ], [ -156.762515489609257, 21.170145496227995 ], [ -156.762210751818117, 21.170434596007965 ], [ -156.761912350766551, 21.170696132440142 ], [ -156.761101421456516, 21.171465649877341 ], [ -156.760457758817608, 21.171765932083336 ], [ -156.760019786210478, 21.171892872380987 ] ], [ [ -156.756599498534712, 21.168867512662754 ], [ -156.756693498245511, 21.169199063161788 ], [ -156.756950030187227, 21.16896489198373 ], [ -156.756599498534712, 21.168867512662754 ] ], [ [ -156.764420531347668, 21.128876273561016 ], [ -156.764526887495407, 21.129493313833496 ], [ -156.764793508949538, 21.129031865720492 ], [ -156.764420531347668, 21.128876273561016 ] ], [ [ -156.808850698387488, 21.092070348465096 ], [ -156.808944785934074, 21.092401878667324 ], [ -156.809201099300907, 21.092167607451199 ], [ -156.808850698387488, 21.092070348465096 ] ] ] } },
{ "type": "Feature", "properties": { "ID": 276, "GRIDCODE": 2 }, "geometry": { "type": "Polygon", "coordinates": [ [ [ -157.007746520944892, 21.157924588170754 ], [ -157.007393318559281, 21.158013167426276 ], [ -157.007643110798398, 21.158253713573021 ], [ -157.007746520944892, 21.157924588170754 ], [ -157.00818746131543, 21.157771554705391 ], [ -157.009626689930116, 21.15887934411673 ], [ -157.012430514599572, 21.16286513026596 ], [ -157.013001309738968, 21.164986792962086 ], [ -157.013110540493614, 21.167199740128343 ], [ -157.012757317773435, 21.167288329017335 ], [ -157.013007133635142, 21.167528868901467 ], [ -157.013110540493614, 21.167199740128343 ], [ -157.013812447918127, 21.167848366676228 ], [ -157.014362971162598, 21.170540183796167 ], [ -157.013939965106005, 21.175410531593627 ], [ -157.012045813977437, 21.177594635102896 ], [ -157.009696351680304, 21.178130037930607 ], [ -157.005310803406104, 21.177812822322416 ], [ -157.004742498965015, 21.17752974908089 ], [ -157.003295774127878, 21.177180735576325 ], [ -157.001545316341321, 21.175902117072518 ], [ -156.99827793951053, 21.175471002644297 ], [ -156.996151704268584, 21.175853280101105 ], [ -156.993266496197862, 21.175763753482471 ], [ -156.989451906790237, 21.175999353344093 ], [ -156.987622715184585, 21.175942594684258 ], [ -156.985251288862116, 21.176347544517192 ], [ -156.984552837885303, 21.177012067690757 ], [ -156.982266423756045, 21.177532686625213 ], [ -156.979899668699062, 21.177549727731876 ], [ -156.977710984247096, 21.177188653149365 ], [ -156.975000530252544, 21.176634104959103 ], [ -156.974706839772665, 21.176636208756022 ], [ -156.973049503284642, 21.175810144470717 ], [ -156.972265614787943, 21.17578572750346 ], [ -156.971682187582388, 21.175789906584633 ], [ -156.971267526760897, 21.174961534586309 ], [ -156.969569765529741, 21.175756211205577 ], [ -156.969522346969342, 21.175489599255702 ], [ -156.969550693307781, 21.174694458489533 ], [ -156.969254317675905, 21.174397735787821 ], [ -156.968210036582292, 21.174065963301121 ], [ -156.967825056111224, 21.173296811670891 ], [ -156.967474339402884, 21.172972445120035 ], [ -156.968035534799469, 21.171022570204652 ], [ -156.967567546913642, 21.170589769178829 ], [ -156.967291859501671, 21.170039156611278 ], [ -156.966715517514842, 21.169506095296974 ], [ -156.966725638336982, 21.16921966933057 ], [ -156.96615932536281, 21.168696186013587 ], [ -156.965873765282538, 21.168125542702665 ], [ -156.965317427170106, 21.167079485680841 ], [ -156.96530869645764, 21.166026589492205 ], [ -156.965659351741493, 21.163692653518176 ], [ -156.964755454376103, 21.162362745913033 ], [ -156.963756349400001, 21.164652359756751 ], [ -156.962765786348342, 21.165986116721637 ], [ -156.962657425547576, 21.169037808833924 ], [ -156.962669632295331, 21.170535647539573 ], [ -156.961775243154733, 21.172113774416069 ], [ -156.962046838074144, 21.172961740400201 ], [ -156.962330228446405, 21.173772541597714 ], [ -156.962602191201455, 21.17459405277102 ], [ -156.962885586984783, 21.175404853386123 ], [ -156.963157555051566, 21.176226364005643 ], [ -156.963720785702435, 21.177285013207978 ], [ -156.963276983407752, 21.178154785284974 ], [ -156.960864110492821, 21.178079522196864 ], [ -156.958696477652239, 21.178572804929829 ], [ -156.957121595673755, 21.17778766947778 ], [ -156.955514466278601, 21.177276968416699 ], [ -156.954850336961385, 21.17594951316747 ], [ -156.954076705111447, 21.174811165906419 ], [ -156.952774543441222, 21.174199025806864 ], [ -156.953580620364875, 21.173491098496605 ], [ -156.952953962778679, 21.172312721941193 ], [ -156.952540512945689, 21.171486773536564 ], [ -156.952115694710443, 21.170687806639055 ], [ -156.952557244867563, 21.169861364762713 ], [ -156.953129164594429, 21.169358962971081 ], [ -156.953159405709386, 21.168514177442983 ], [ -156.952773080351392, 21.167787976207116 ], [ -156.953594537524452, 21.167066539882114 ], [ -156.952590266897772, 21.165760825224027 ], [ -156.951763321162275, 21.164996147509157 ], [ -156.952050493797628, 21.164707457280421 ], [ -156.952366281461423, 21.164430027108828 ], [ -156.952357887585208, 21.163359214704805 ], [ -156.952367572267633, 21.16308588298692 ], [ -156.952079966176285, 21.162545556790956 ], [ -156.952113917869326, 21.161595180390332 ], [ -156.952106377696907, 21.160646815032784 ], [ -156.952124431007121, 21.160134267087059 ], [ -156.951007669326458, 21.157374147652725 ], [ -156.949863234134767, 21.155745517233953 ], [ -156.949317815221576, 21.154655165254649 ], [ -156.949008183782581, 21.154916922864452 ], [ -156.948011031881691, 21.155865472698309 ], [ -156.946065732699708, 21.157335842464011 ], [ -156.944914843759506, 21.158936689842569 ], [ -156.944616758180445, 21.159198578413349 ], [ -156.944329802226974, 21.159471449608407 ], [ -156.943768462691878, 21.159964426259936 ], [ -156.943442923379962, 21.160538981963956 ], [ -156.943152218658469, 21.161082739527895 ], [ -156.942699461274145, 21.161881899522523 ], [ -156.942252156720315, 21.163510198610751 ], [ -156.941351068937905, 21.166294826071372 ], [ -156.941335214217531, 21.166747534574021 ], [ -156.941337351701833, 21.167021140362007 ], [ -156.939857320097644, 21.167672511393043 ], [ -156.939869084780611, 21.169165369757312 ], [ -156.937410100419015, 21.168685730626958 ], [ -156.935538785797291, 21.167752461529268 ], [ -156.934683455244794, 21.167758420269397 ], [ -156.935105506336555, 21.166960895893496 ], [ -156.938160009945022, 21.16659884661 ], [ -156.937886357584375, 21.165604710509914 ], [ -156.93731460242924, 21.165075647852508 ], [ -156.937039039960069, 21.164524995521237 ], [ -156.936748291968541, 21.164255938919549 ], [ -156.936468976211671, 21.163976173464299 ], [ -156.935672258077631, 21.163601523256332 ], [ -156.935326904309221, 21.162612991299905 ], [ -156.934781366259926, 21.160704373601888 ], [ -156.934206858247933, 21.159623877189446 ], [ -156.934226644991043, 21.159072132079995 ], [ -156.933935632108643, 21.158802936053089 ], [ -156.933663852830932, 21.157981392551029 ], [ -156.932890992702568, 21.157617937216081 ], [ -156.932523802234442, 21.156883729410726 ], [ -156.931666823797315, 21.15579494491374 ], [ -156.931391297094137, 21.155244285931197 ], [ -156.930260901654208, 21.1547126045288 ], [ -156.92967152078964, 21.153873874957895 ], [ -156.92969125717616, 21.153326760758034 ], [ -156.92854068251134, 21.153334703241352 ], [ -156.928244992467455, 21.153038321758558 ], [ -156.926533700205965, 21.152703099005347 ], [ -156.926525343575008, 21.151662724442645 ], [ -156.927520987766229, 21.150322840154033 ], [ -156.926557463734071, 21.148951014865709 ], [ -156.926586199575297, 21.148143067206057 ], [ -156.925712096661101, 21.14786499361248 ], [ -156.925159173609273, 21.146498128700138 ], [ -156.924568521833493, 21.146220284008777 ], [ -156.924023046913902, 21.145129533198229 ], [ -156.923443611047816, 21.144856915858082 ], [ -156.922875607896259, 21.144573589122064 ], [ -156.922296176569034, 21.144300968185277 ], [ -156.922024482314413, 21.143479412120634 ], [ -156.921582333609024, 21.143070296617548 ], [ -156.922191065559133, 21.142535906801065 ], [ -156.921492206365684, 21.141889351998792 ], [ -156.921182774628591, 21.141307042958783 ], [ -156.920773694632203, 21.140489221983902 ], [ -156.920612931017018, 21.140752755146853 ], [ -156.920223062527128, 21.141831692872582 ], [ -156.918871617012968, 21.140317150839241 ], [ -156.918915043774859, 21.13910609828071 ], [ -156.918335161567086, 21.139110014204885 ], [ -156.918048270328853, 21.138288266623672 ], [ -156.917749206291063, 21.136743531529262 ], [ -156.917189431959656, 21.137730612570699 ], [ -156.917192739695281, 21.138139564281516 ], [ -156.917173323445382, 21.138681188661529 ], [ -156.917178496249619, 21.139360168864489 ], [ -156.915146226658777, 21.139706489767832 ], [ -156.915711869814942, 21.140156034531927 ], [ -156.917153699159428, 21.140710222255979 ], [ -156.917682403005131, 21.142310104404043 ], [ -156.917989907493904, 21.142888161964887 ], [ -156.917979851202318, 21.143163732341161 ], [ -156.918302903776208, 21.14474831712343 ], [ -156.917457439669874, 21.14549064959699 ], [ -156.91823100982765, 21.145876600992274 ], [ -156.918810438266178, 21.14614923570231 ], [ -156.919085902797775, 21.146699910519512 ], [ -156.920233533650759, 21.148070067117775 ], [ -156.920204866921694, 21.148870603845214 ], [ -156.920779513775813, 21.149951339215875 ], [ -156.920749869096227, 21.150781629495977 ], [ -156.92075600411556, 21.151594500126489 ], [ -156.920727171482696, 21.152406940942736 ], [ -156.920735444244059, 21.15349076939102 ], [ -156.920707655410666, 21.154268761076139 ], [ -156.92098991095682, 21.155122198823722 ], [ -156.921561815296116, 21.155936597695714 ], [ -156.921837305157254, 21.156487269770544 ], [ -156.922124228452077, 21.1570272341026 ], [ -156.922399722123117, 21.157577905532566 ], [ -156.922690429922852, 21.157846983813279 ], [ -156.922975801438184, 21.158417685607628 ], [ -156.923816755104582, 21.159195562337228 ], [ -156.924102133223272, 21.159766262713845 ], [ -156.925317635150833, 21.160890900358883 ], [ -156.924925001170692, 21.163298476096401 ], [ -156.924603977931156, 21.164413189079621 ], [ -156.924613163202736, 21.16559485837729 ], [ -156.924579350039409, 21.166542704746295 ], [ -156.924591974029028, 21.168165209279909 ], [ -156.923797580720048, 21.168170603859547 ], [ -156.921374811796341, 21.167770025755573 ], [ -156.919960809105618, 21.166759597298554 ], [ -156.918822734091208, 21.165927376464666 ], [ -156.91795823525996, 21.165380296206759 ], [ -156.916714426827468, 21.164566868876936 ], [ -156.915517870032772, 21.164529171242279 ], [ -156.914557064827363, 21.164535713409514 ], [ -156.909429057399194, 21.162774188693099 ], [ -156.908638377172821, 21.161193204434944 ], [ -156.907341733780356, 21.160372512063468 ], [ -156.90623916812379, 21.159651380212647 ], [ -156.905318404959985, 21.160081959635132 ], [ -156.904441320689557, 21.16005429399797 ], [ -156.902747447962582, 21.161664826404206 ], [ -156.901572781491922, 21.160237204590839 ], [ -156.901885642059113, 21.158132059040444 ], [ -156.903342000578306, 21.157261990822548 ], [ -156.903080707228213, 21.155708514841702 ], [ -156.901065869136829, 21.155221174707066 ], [ -156.901466121080688, 21.154738917736452 ], [ -156.904376760958229, 21.155664979237333 ], [ -156.906126283925545, 21.156488056140724 ], [ -156.909035296199249, 21.158478493506959 ], [ -156.911490902020148, 21.160464544303931 ], [ -156.914206753386622, 21.162240852216136 ], [ -156.917059961894353, 21.163196362598779 ], [ -156.919637234096825, 21.162848875636101 ], [ -156.92032116773666, 21.161642792709674 ], [ -156.919844365743955, 21.159128961618602 ], [ -156.918848594705679, 21.155485994278603 ], [ -156.917294707475008, 21.151278283829001 ], [ -156.915680094065749, 21.147203429003447 ], [ -156.914838770035601, 21.143075320458795 ], [ -156.914825424125979, 21.141328985695107 ], [ -156.915277810603556, 21.137175404581168 ], [ -156.91662984877749, 21.135294800663484 ], [ -156.918899510099038, 21.134887677503542 ], [ -156.920845295047428, 21.135802962634987 ], [ -156.923883991049507, 21.138614734046204 ], [ -156.926823176883801, 21.141897651776613 ], [ -156.930904294106512, 21.147707635281456 ], [ -156.93340070228237, 21.151540337807511 ], [ -156.93566039450775, 21.156058502545541 ], [ -156.936499964049801, 21.156899803160453 ], [ -156.937678979399408, 21.1574878653384 ], [ -156.93881685892589, 21.157523496727936 ], [ -156.94050480095089, 21.156780599264177 ], [ -156.944457201925871, 21.153309632391011 ], [ -156.946451098498301, 21.151052926038176 ], [ -156.946513256508439, 21.149306691814179 ], [ -156.946084410430586, 21.147558599225164 ], [ -156.944433255692871, 21.144664959778023 ], [ -156.934706371008616, 21.13314495571791 ], [ -156.929380606068406, 21.128499835242742 ], [ -156.930527447741639, 21.126776532240523 ], [ -156.928886640898924, 21.126787892788425 ], [ -156.928925892220548, 21.125687837845089 ], [ -156.928038586677616, 21.125942494051447 ], [ -156.927256997498461, 21.126686000100964 ], [ -156.921649662292623, 21.1218622642672 ], [ -156.919917496777799, 21.1206242526073 ], [ -156.920338125004236, 21.119882500761101 ], [ -156.920329761208563, 21.118803893285826 ], [ -156.92115963338162, 21.118075033573767 ], [ -156.920401211772258, 21.1159039523545 ], [ -156.920392297653223, 21.11474325088184 ], [ -156.920421064980133, 21.113933716213452 ], [ -156.919848917400941, 21.113915712663584 ], [ -156.918963115219384, 21.114188203164574 ], [ -156.918588123508101, 21.113438400236166 ], [ -156.916406308119917, 21.112707530569061 ], [ -156.913789158087724, 21.113469073359937 ], [ -156.913728510718272, 21.115164428899405 ], [ -156.914177986432321, 21.116010407574304 ], [ -156.913303504263041, 21.116016439967947 ], [ -156.912890413457689, 21.115190222011446 ], [ -156.912019056543755, 21.114912919632776 ], [ -156.912697275221007, 21.114000399698927 ], [ -156.911752416427134, 21.113555901341879 ], [ -156.91178160233153, 21.112739894246168 ], [ -156.91002985740451, 21.112450142944677 ], [ -156.910058705159258, 21.111638762711504 ], [ -156.909481214521861, 21.111620658892409 ], [ -156.908519898830093, 21.112070358238679 ], [ -156.908022485766907, 21.111609799546446 ], [ -156.908613179823334, 21.111349731727543 ], [ -156.909481248314137, 21.110813289005481 ], [ -156.911795626135557, 21.110488873404137 ], [ -156.911475292869397, 21.110269026918804 ], [ -156.909483045018533, 21.110282560739794 ], [ -156.90865834159527, 21.109455357337843 ], [ -156.906894534058864, 21.109968563911675 ], [ -156.906332701385196, 21.110502956240126 ], [ -156.905737988295414, 21.110506984285923 ], [ -156.905733954187696, 21.10997076101572 ], [ -156.906318936885555, 21.109414167281898 ], [ -156.907494236111006, 21.108382132742651 ], [ -156.907219242838011, 21.10780512488537 ], [ -156.906351310984576, 21.107528765228317 ], [ -156.905783479498524, 21.107245526719122 ], [ -156.904636453954396, 21.106705626612921 ], [ -156.905359162485098, 21.106018315259426 ], [ -156.906464500705965, 21.105047598054206 ], [ -156.906117757491018, 21.103998483527697 ], [ -156.905556011887796, 21.102940891227494 ], [ -156.905553756011443, 21.102639505381401 ], [ -156.905591952024281, 21.101564983879175 ], [ -156.904991958055547, 21.10154606031621 ], [ -156.903310714011269, 21.101928230200375 ], [ -156.902430971531601, 21.100167805456714 ], [ -156.900114632093732, 21.099820705698509 ], [ -156.900103462972197, 21.100133698457274 ], [ -156.900111532041421, 21.101203629896077 ], [ -156.899335307443806, 21.101566806337331 ], [ -156.898503420701331, 21.100796620452691 ], [ -156.897816721007956, 21.100108002463884 ], [ -156.897417405528813, 21.100774819386675 ], [ -156.89690369727586, 21.101736148738031 ], [ -156.896348964753031, 21.100626363316657 ], [ -156.896062230193365, 21.100086236455859 ], [ -156.895639316025267, 21.09880637284251 ], [ -156.894630483909765, 21.099250379898045 ], [ -156.894027718015053, 21.100088490100358 ], [ -156.892078410284398, 21.100026824497849 ], [ -156.891715075119208, 21.101657804323274 ], [ -156.891128367983242, 21.101916143861235 ], [ -156.890836457792375, 21.102461910943379 ], [ -156.890264200566264, 21.102176319674427 ], [ -156.884133730243462, 21.099702693468465 ], [ -156.878777593688994, 21.097432484759906 ], [ -156.878213693116351, 21.096601665168826 ], [ -156.87681236254852, 21.096610976689849 ], [ -156.865731553296285, 21.092475555693749 ], [ -156.849538151757315, 21.089275453987817 ], [ -156.843086437017945, 21.089069964509601 ], [ -156.835994031529566, 21.089444465808189 ], [ -156.824121283253419, 21.091461104593442 ], [ -156.822881524843524, 21.090216524772472 ], [ -156.822017839982465, 21.08966888474767 ], [ -156.821738882290362, 21.089389089940429 ], [ -156.82088413151979, 21.088596831615614 ], [ -156.820611031565051, 21.087181573149447 ], [ -156.819780279626229, 21.085615352928535 ], [ -156.819774965107115, 21.084897769057569 ], [ -156.830252998273835, 21.08212025012562 ], [ -156.830125110270274, 21.085646549935436 ], [ -156.831039200800944, 21.086994859831883 ], [ -156.831024365078065, 21.084929420405285 ], [ -156.832125122799425, 21.083574463680552 ], [ -156.833352911221283, 21.083566736283824 ], [ -156.834078465498408, 21.08460135324821 ], [ -156.834985206640482, 21.086848038795363 ], [ -156.83540392601401, 21.086861452778514 ], [ -156.835072642133809, 21.085230367384096 ], [ -156.834809367360577, 21.083867103521978 ], [ -156.834268074373028, 21.082314163277726 ], [ -156.834258965661093, 21.081056004170893 ], [ -156.840269839459722, 21.080256369136634 ], [ -156.840901578147992, 21.081777374062749 ], [ -156.841183714560287, 21.084219274056654 ], [ -156.841797974555448, 21.081936280625385 ], [ -156.841783778106105, 21.079991483909062 ], [ -156.844337526234938, 21.07961597967039 ], [ -156.845252654582026, 21.080215224318145 ], [ -156.845829746671029, 21.079136079327451 ], [ -156.846997539344869, 21.079416535907619 ], [ -156.847710349416673, 21.079834612508243 ], [ -156.847702546922761, 21.080376361910815 ], [ -156.847991156186339, 21.080380023245954 ], [ -156.848085327973564, 21.080711539012697 ], [ -156.848341563842894, 21.080477201260202 ], [ -156.847991156186339, 21.080380023245954 ], [ -156.84799895763598, 21.079838273740538 ], [ -156.847710349416673, 21.079834612508243 ], [ -156.847947857699694, 21.079178041410003 ], [ -156.853765294560986, 21.079140349408952 ], [ -156.861412310940921, 21.080240850846838 ], [ -156.863779342710274, 21.080994951283603 ], [ -156.869191108428623, 21.084228015902635 ], [ -156.872426408118997, 21.084713381804967 ], [ -156.876308328879162, 21.0842541716823 ], [ -156.88191443565907, 21.082299446980482 ], [ -156.884648407368843, 21.081678066740789 ], [ -156.885346275901611, 21.082324403309112 ], [ -156.88623581716115, 21.08749597531547 ], [ -156.886439811608369, 21.087224942707817 ], [ -156.886432287991681, 21.086242334089611 ], [ -156.886802103196374, 21.082977403302678 ], [ -156.886789139646424, 21.081282743235008 ], [ -156.888853433878495, 21.081268890521912 ], [ -156.891674927470689, 21.081674391473349 ], [ -156.896222287936723, 21.083279965019337 ], [ -156.899896062771575, 21.085009148793844 ], [ -156.906361569088347, 21.089345667122586 ], [ -156.911743671553722, 21.092395189866771 ], [ -156.920397245152259, 21.095852748216654 ], [ -156.934537573626955, 21.100350765094927 ], [ -156.947000143944877, 21.105970753975896 ], [ -156.958443346102001, 21.113624192800646 ], [ -156.968516204541402, 21.12263973711952 ], [ -156.976700750094551, 21.129976668226799 ], [ -156.979638192976012, 21.132532023082149 ], [ -156.988329131826333, 21.140084520331136 ], [ -156.996156288947333, 21.147002095410325 ], [ -157.004886604040138, 21.154730660697584 ], [ -157.002761287956815, 21.155488179091645 ], [ -157.001556729591442, 21.156635047403451 ], [ -157.000972168757698, 21.157148790318121 ], [ -157.002161492497947, 21.156906517874663 ], [ -157.004354475926277, 21.155879261808117 ], [ -157.006457442771051, 21.155863839256316 ], [ -157.007614048331277, 21.157242959731409 ], [ -157.007746520944892, 21.157924588170754 ] ], [ [ -156.878999801402273, 21.092149524811642 ], [ -156.878802988011785, 21.092509005769696 ], [ -156.878594374037561, 21.093540366975969 ], [ -156.879463943825812, 21.093155302796266 ], [ -156.879669497295566, 21.092478039645062 ], [ -156.878999801402273, 21.092149524811642 ] ] ] } },
{ "type": "Feature", "properties": { "ID": 277, "GRIDCODE": 2 }, "geometry": { "type": "Polygon", "coordinates": [ [ [ -156.593185302087903, 20.986479233658603 ], [ -156.593535276176908, 20.986576903059415 ], [ -156.593278857437269, 20.986810836865313 ], [ -156.593185302087903, 20.986479233658603 ] ] ] } },
{ "type": "Feature", "properties": { "ID": 278, "GRIDCODE": 2 }, "geometry": { "type": "Polygon", "coordinates": [ [ [ -156.593185302087903, 20.986479233658603 ], [ -156.592835328526434, 20.986381563580586 ], [ -156.593091747077608, 20.986147630428583 ], [ -156.593185302087903, 20.986479233658603 ] ] ] } },
{ "type": "Feature", "properties": { "ID": 279, "GRIDCODE": 2 }, "geometry": { "type": "Polygon", "coordinates": [ [ [ -156.588575624926051, 20.986143111104358 ], [ -156.58892559421497, 20.986240789628582 ], [ -156.588669169679491, 20.986474715854314 ], [ -156.588575624926051, 20.986143111104358 ] ] ] } },
{ "type": "Feature", "properties": { "ID": 280, "GRIDCODE": 2 }, "geometry": { "type": "Polygon", "coordinates": [ [ [ -156.603911485478818, 20.983108935548451 ], [ -156.604261461335909, 20.983206582829546 ], [ -156.604005063891975, 20.983440535054051 ], [ -156.603911485478818, 20.983108935548451 ] ] ] } },
{ "type": "Feature", "properties": { "ID": 281, "GRIDCODE": 2 }, "geometry": { "type": "Polygon", "coordinates": [ [ [ -156.620693012612975, 20.979822633903513 ], [ -156.620588936091877, 20.980151465404685 ], [ -156.620340092775081, 20.979910425822062 ], [ -156.620693012612975, 20.979822633903513 ] ] ] } },
{ "type": "Feature", "properties": { "ID": 282, "GRIDCODE": 2 }, "geometry": { "type": "Polygon", "coordinates": [ [ [ -156.620701592577802, 20.979280963461594 ], [ -156.621278331148289, 20.979289020627714 ], [ -156.621269753258446, 20.979830691296812 ], [ -156.620693012612975, 20.979822633903513 ], [ -156.620701592577802, 20.979280963461594 ] ] ] } },
{ "type": "Feature", "properties": { "ID": 283, "GRIDCODE": 2 }, "geometry": { "type": "Polygon", "coordinates": [ [ [ -156.633212466803855, 20.9724119804495 ], [ -156.633562444053467, 20.972509567008238 ], [ -156.633306107588453, 20.972743569759462 ], [ -156.633212466803855, 20.9724119804495 ] ] ] } },
{ "type": "Feature", "properties": { "ID": 284, "GRIDCODE": 2 }, "geometry": { "type": "Polygon", "coordinates": [ [ [ -156.551046280811988, 20.970437839045914 ], [ -156.551455313876488, 20.970743835343452 ], [ -156.550770412645818, 20.97106836261413 ], [ -156.551046280811988, 20.970437839045914 ] ] ] } },
{ "type": "Feature", "properties": { "ID": 285, "GRIDCODE": 2 }, "geometry": { "type": "Polygon", "coordinates": [ [ [ -156.587522187838914, 20.979897712710809 ], [ -156.58742864819655, 20.979566107738776 ], [ -156.587172234122903, 20.979800032752099 ], [ -156.587522187838914, 20.979897712710809 ], [ -156.58939289926613, 20.982012099167928 ], [ -156.589343710643419, 20.982496968615326 ], [ -156.589362455530136, 20.982768124448608 ], [ -156.589304562482141, 20.983338978813535 ], [ -156.588486911392891, 20.983265497281561 ], [ -156.588150796112558, 20.983621041565613 ], [ -156.587011660116531, 20.984079223276563 ], [ -156.586739497632152, 20.984398634936646 ], [ -156.588781735840399, 20.985007841553522 ], [ -156.588575624926051, 20.986143111104358 ], [ -156.587848414273083, 20.985892076494594 ], [ -156.587871921043757, 20.986795949806982 ], [ -156.587543814418183, 20.987073169044816 ], [ -156.58783255484218, 20.988474831183794 ], [ -156.587795278233585, 20.98911184692529 ], [ -156.587820142483793, 20.990053833125561 ], [ -156.587263883247175, 20.990066715850382 ], [ -156.586344224214315, 20.989642978096459 ], [ -156.586399099707791, 20.988700138986427 ], [ -156.585810142467807, 20.988171700102495 ], [ -156.58579838659918, 20.98772908890275 ], [ -156.585822459752251, 20.987318069343353 ], [ -156.585238071394485, 20.987048943736486 ], [ -156.58526214576051, 20.986637924364565 ], [ -156.585251295202823, 20.986226674125881 ], [ -156.585719037899509, 20.985831735035568 ], [ -156.585253378033059, 20.985414034426075 ], [ -156.585284894720104, 20.984872966446986 ], [ -156.584972748152467, 20.984297924500559 ], [ -156.585018301181663, 20.983514604039325 ], [ -156.584154832038848, 20.982297239289728 ], [ -156.584193317066195, 20.981638285330533 ], [ -156.583888876546922, 20.981320220452783 ], [ -156.583311519710037, 20.98133345487533 ], [ -156.583039202596609, 20.98076968958323 ], [ -156.582741554897297, 20.981062411206011 ], [ -156.582393755255907, 20.979973518813342 ], [ -156.581879571542657, 20.979947170992702 ], [ -156.581894071272643, 20.980498679135717 ], [ -156.581570670497769, 20.981848400621981 ], [ -156.581867768213186, 20.982114911938226 ], [ -156.582135984081503, 20.982670816691886 ], [ -156.582448357896283, 20.98295090341124 ], [ -156.581553709148864, 20.983706290831638 ], [ -156.582109821756376, 20.984295781207866 ], [ -156.58267848471985, 20.984805821622317 ], [ -156.582338639164448, 20.9848496714128 ], [ -156.581818531379952, 20.984822841102542 ], [ -156.581529985162348, 20.984829588621896 ], [ -156.581236439783368, 20.984814440058575 ], [ -156.580939031319701, 20.985913346953225 ], [ -156.580542063539269, 20.985498859137671 ], [ -156.57949147053202, 20.986385874324938 ], [ -156.579759207740437, 20.98697127190432 ], [ -156.58006203978519, 20.987528994585851 ], [ -156.579178854959963, 20.987483502268727 ], [ -156.578586109563275, 20.988851207777454 ], [ -156.578292557215008, 20.988836053404849 ], [ -156.577733205162815, 20.988848993482783 ], [ -156.577717931828261, 20.988259249646589 ], [ -156.578454584009961, 20.986998616894684 ], [ -156.577733488382108, 20.986666413356218 ], [ -156.578337616422289, 20.986409145745661 ], [ -156.578323671483361, 20.985876561132589 ], [ -156.578647813514323, 20.985321934487409 ], [ -156.578048072471773, 20.985045557138353 ], [ -156.578088915692121, 20.98434695959757 ], [ -156.577007374233006, 20.98486488280237 ], [ -156.576306278658762, 20.984132049270119 ], [ -156.576350434931811, 20.985829037343205 ], [ -156.575735244765411, 20.98609103426314 ], [ -156.575314066136485, 20.986897700873239 ], [ -156.574877106112041, 20.985541929751104 ], [ -156.575399182862043, 20.984208151294901 ], [ -156.574860505267338, 20.984180374158626 ], [ -156.573537870554503, 20.985480917915652 ], [ -156.574046734875651, 20.984181081830851 ], [ -156.574595124741478, 20.981235445983085 ], [ -156.575572599630306, 20.980410247157931 ], [ -156.574961701107242, 20.98012867577059 ], [ -156.575447477702369, 20.979297267515875 ], [ -156.574414506684349, 20.979321047429032 ], [ -156.574406820542464, 20.979029547847656 ], [ -156.575301061645547, 20.977967988114155 ], [ -156.575286788051557, 20.977421378503461 ], [ -156.575349808056842, 20.976343880284368 ], [ -156.574743324531767, 20.976819219699326 ], [ -156.574435700627674, 20.977956193883543 ], [ -156.572441857679252, 20.978284249943155 ], [ -156.572383785476774, 20.97928073439639 ], [ -156.572859718782297, 20.980157323241052 ], [ -156.572373434739546, 20.980635688053397 ], [ -156.57206930993695, 20.980892319630591 ], [ -156.572077140290332, 20.981192021660402 ], [ -156.571479448939357, 20.981696571354366 ], [ -156.571507017292788, 20.982761336622197 ], [ -156.571017834086746, 20.983174313949263 ], [ -156.569536128912063, 20.985460870933206 ], [ -156.569403776949969, 20.985197617401219 ], [ -156.569461411924607, 20.984212373014028 ], [ -156.568549605860994, 20.984648936666087 ], [ -156.567991881243984, 20.983240637149059 ], [ -156.567424942902164, 20.982732163983467 ], [ -156.567152396916015, 20.982447065773211 ], [ -156.566557163824797, 20.982172831196475 ], [ -156.566665465838668, 20.980321289137262 ], [ -156.566055511516652, 20.979774104362139 ], [ -156.566033432213743, 20.978929118545356 ], [ -156.566597179030225, 20.977964335987703 ], [ -156.566669287328978, 20.976729575834835 ], [ -156.565537720491307, 20.976755597875535 ], [ -156.565516213166205, 20.975927550643071 ], [ -156.565543941828309, 20.975450455659097 ], [ -156.565205394817497, 20.974389976759948 ], [ -156.563806071414518, 20.975366481303325 ], [ -156.562921140213518, 20.975885277081296 ], [ -156.562638922772237, 20.976162838777821 ], [ -156.562178234638083, 20.976139050042576 ], [ -156.562693477529706, 20.977088311066421 ], [ -156.561475895455658, 20.977606833963733 ], [ -156.562905942370236, 20.978054798011144 ], [ -156.562593243053442, 20.978318563845566 ], [ -156.562172565386788, 20.979872784695264 ], [ -156.561409046531168, 20.980197814703793 ], [ -156.561118592002884, 20.981016630600813 ], [ -156.56081473737774, 20.981272847411983 ], [ -156.560533074838986, 20.981550015438412 ], [ -156.55994085699416, 20.981802098855141 ], [ -156.55939785485225, 20.982336088404072 ], [ -156.559363554498589, 20.981794882961147 ], [ -156.560075977695249, 20.980853420740683 ], [ -156.559106128065736, 20.979627279603903 ], [ -156.559882617029672, 20.978972038967793 ], [ -156.559110013288802, 20.97827885735477 ], [ -156.56031739907138, 20.977764571380991 ], [ -156.559746387710248, 20.976712129258118 ], [ -156.560038488055625, 20.976103910589615 ], [ -156.560921307904266, 20.976149491211252 ], [ -156.560901052004454, 20.975367360651319 ], [ -156.561759722639152, 20.974523083028391 ], [ -156.563040344150465, 20.974162328678688 ], [ -156.563547789339736, 20.97373402685125 ], [ -156.562984150390889, 20.972695191480561 ], [ -156.563275373812075, 20.971827044225506 ], [ -156.563858482144155, 20.971334878937022 ], [ -156.563892724042688, 20.970751533243288 ], [ -156.56318242732695, 20.970767695198365 ], [ -156.562626173094799, 20.969743117897359 ], [ -156.563611048320951, 20.968911743202813 ], [ -156.561920336360657, 20.969449961861713 ], [ -156.561503594294521, 20.9709890292851 ], [ -156.561011960893751, 20.969818686518035 ], [ -156.561296531600107, 20.969360745603208 ], [ -156.563068681278367, 20.967499817956387 ], [ -156.563049303646949, 20.96674944328964 ], [ -156.563653880714412, 20.965591741526531 ], [ -156.564368879840657, 20.964988367885617 ], [ -156.563974532090214, 20.964261863572148 ], [ -156.563998645241213, 20.96385138047545 ], [ -156.563982095987541, 20.963221542903852 ], [ -156.564803182492312, 20.962414136542371 ], [ -156.56644556217779, 20.966560962773585 ], [ -156.567916200549064, 20.96809816640766 ], [ -156.573347846529714, 20.972380344302763 ], [ -156.579563853113825, 20.974186050405816 ], [ -156.583737521185412, 20.974654555830238 ], [ -156.586344408975066, 20.974225265107744 ], [ -156.588872571923815, 20.973014288691424 ], [ -156.58945802279888, 20.974408244472183 ], [ -156.589478235822497, 20.975184828061945 ], [ -156.589403581179312, 20.976467195150608 ], [ -156.589736258546168, 20.977079555844121 ], [ -156.590004497971734, 20.977635450440832 ], [ -156.590295598309609, 20.97817103398102 ], [ -156.590563841411608, 20.978726928019821 ], [ -156.591006731881834, 20.979124054296008 ], [ -156.59140287057474, 20.980364142175503 ], [ -156.59171476554269, 20.980938508967515 ], [ -156.591653716550269, 20.981987876517866 ], [ -156.59166784113296, 20.982529857890686 ], [ -156.591644148306585, 20.982935858939104 ], [ -156.591658554181407, 20.983477844246497 ], [ -156.591621684947853, 20.984108254796134 ], [ -156.591910121374298, 20.984705569565168 ], [ -156.592291522621622, 20.985407766872395 ], [ -156.59164271893323, 20.98604592360147 ], [ -156.591027342699277, 20.985776511335875 ], [ -156.591076333531561, 20.984935036272393 ], [ -156.590756100213468, 20.982457173013909 ], [ -156.590252150315024, 20.980879325754739 ], [ -156.589668335125452, 20.980610489292509 ], [ -156.589020815068579, 20.978975979550448 ], [ -156.588809902882474, 20.979533953477638 ], [ -156.588826679591619, 20.980173323150577 ], [ -156.587522187838914, 20.979897712710809 ] ] ] } },
{ "type": "Feature", "properties": { "ID": 286, "GRIDCODE": 2 }, "geometry": { "type": "Polygon", "coordinates": [ [ [ -156.546409760646327, 20.954118047845423 ], [ -156.546670937664231, 20.954352350239152 ], [ -156.547655051033729, 20.956985418519267 ], [ -156.549213699222804, 20.958772427333994 ], [ -156.55289663590716, 20.961082245748926 ], [ -156.556211347342526, 20.961432180158116 ], [ -156.561727705577709, 20.960698144424573 ], [ -156.562899147704229, 20.960758550576436 ], [ -156.562834827213919, 20.961859828723775 ], [ -156.561410832961201, 20.963062017909529 ], [ -156.561093997897387, 20.964763090617954 ], [ -156.56045898950191, 20.965556342457624 ], [ -156.560617304866497, 20.962846700878476 ], [ -156.559793785967742, 20.962865595714032 ], [ -156.559381614876941, 20.963655024706515 ], [ -156.559028206876235, 20.964259456568918 ], [ -156.558454249424585, 20.964744066135523 ], [ -156.558481741799852, 20.965808429391757 ], [ -156.55724452075745, 20.968285677271361 ], [ -156.557271207074308, 20.969312331605298 ], [ -156.556947385769519, 20.970139656883156 ], [ -156.55697762380953, 20.971311460420154 ], [ -156.556154682018786, 20.971725030964986 ], [ -156.55577869320598, 20.970546812159274 ], [ -156.555836478252957, 20.969556818493022 ], [ -156.554941465944552, 20.969276527969793 ], [ -156.55497347276409, 20.968728734931172 ], [ -156.554649524072516, 20.968438120959245 ], [ -156.554009525002783, 20.967112201907906 ], [ -156.553535476214506, 20.968447521527136 ], [ -156.552524386767686, 20.968395302052276 ], [ -156.553545822402896, 20.969836222418937 ], [ -156.553483802985994, 20.97089506494531 ], [ -156.552875393551375, 20.970863707746808 ], [ -156.552351720934013, 20.970316000671382 ], [ -156.550895090375434, 20.969967965518507 ], [ -156.550923191025078, 20.969487971892466 ], [ -156.550916126524612, 20.969212885001198 ], [ -156.551250843670516, 20.968358218613531 ], [ -156.551218034247285, 20.96708757627114 ], [ -156.551868443717325, 20.965974496005188 ], [ -156.551847307310169, 20.965162594669451 ], [ -156.552160768864098, 20.964626385975816 ], [ -156.551414941047085, 20.964353381447108 ], [ -156.550621910209031, 20.965871266830941 ], [ -156.549811651155238, 20.966216210860676 ], [ -156.548710037787288, 20.967916541055981 ], [ -156.548355582671121, 20.967545984263438 ], [ -156.547742451843391, 20.967839524093588 ], [ -156.547794776079314, 20.966945617404523 ], [ -156.548385518630113, 20.965935127255083 ], [ -156.548673923029355, 20.965243812135096 ], [ -156.547159850334822, 20.965968805832247 ], [ -156.545762667888766, 20.967934155848656 ], [ -156.544874677792592, 20.968312211874945 ], [ -156.544283396688343, 20.968595207315751 ], [ -156.543449878764278, 20.968552239311041 ], [ -156.542835033569389, 20.968846529135856 ], [ -156.542875661090932, 20.96815310761836 ], [ -156.542857311211634, 20.967449444400749 ], [ -156.541706388720769, 20.967475695420006 ], [ -156.540887036050094, 20.966619078751449 ], [ -156.540296662457166, 20.966089422954379 ], [ -156.540042410231251, 20.964691522245943 ], [ -156.540707515771601, 20.96413025771524 ], [ -156.540345143151484, 20.963109345842717 ], [ -156.540416224272121, 20.961897612269176 ], [ -156.541592254866885, 20.959885335453496 ], [ -156.540695747889089, 20.959323093238122 ], [ -156.540288530987937, 20.958478905244323 ], [ -156.541598518092286, 20.957710815546246 ], [ -156.542483401758659, 20.957157340037011 ], [ -156.542469976567872, 20.956634689406897 ], [ -156.542488419505588, 20.956316058122855 ], [ -156.543926835702621, 20.956390360893401 ], [ -156.544221610111776, 20.95582612171517 ], [ -156.546224379303766, 20.955262142048028 ], [ -156.546409760646327, 20.954118047845423 ] ] ] } },
{ "type": "Feature", "properties": { "ID": 287, "GRIDCODE": 2 }, "geometry": { "type": "Polygon", "coordinates": [ [ [ -156.548054320515263, 20.941680996410103 ], [ -156.548761055353452, 20.941892071909638 ], [ -156.548189141430242, 20.942911971074125 ], [ -156.54613411063022, 20.945828153014066 ], [ -156.545213453077878, 20.94856210571632 ], [ -156.545440653518881, 20.950998974330712 ], [ -156.546410834023362, 20.953603408752848 ], [ -156.545395640721978, 20.954257803508899 ], [ -156.545105829733899, 20.953931822134553 ], [ -156.544043369761027, 20.953996671310634 ], [ -156.543664968902618, 20.953680918601414 ], [ -156.543764555155178, 20.952704365924362 ], [ -156.541944503468812, 20.953393698149743 ], [ -156.541575316281893, 20.9525835256097 ], [ -156.541100655808322, 20.952540834793073 ], [ -156.540523342694826, 20.952576022109088 ], [ -156.539939580191032, 20.95252342103058 ], [ -156.538894332444926, 20.953051555232808 ], [ -156.538785369222637, 20.952241431429446 ], [ -156.539116036125165, 20.951704305788883 ], [ -156.53851263646294, 20.951440846979018 ], [ -156.538133252583833, 20.95101422916364 ], [ -156.537489892315648, 20.95231477993967 ], [ -156.536795704923122, 20.9519377086589 ], [ -156.53591351859265, 20.951674180283071 ], [ -156.535384550152173, 20.95107926710816 ], [ -156.534480048164653, 20.951662315417003 ], [ -156.534167315669322, 20.951310590941763 ], [ -156.533043864685965, 20.950820027137748 ], [ -156.532781737146536, 20.950525246282236 ], [ -156.532253918609285, 20.950084432313112 ], [ -156.533131400611268, 20.948658860648372 ], [ -156.532712202868879, 20.948308900346255 ], [ -156.533754158559333, 20.947207509823524 ], [ -156.534985061362022, 20.947652401226165 ], [ -156.537290006769013, 20.947511911584982 ], [ -156.539960154147963, 20.947752299948416 ], [ -156.540547589708638, 20.947131181334719 ], [ -156.541516581960508, 20.946872288285146 ], [ -156.541468318374143, 20.94617242548048 ], [ -156.542374822442838, 20.945808002045176 ], [ -156.542655899815998, 20.944977708114585 ], [ -156.543245259429256, 20.945030774960962 ], [ -156.54356982173735, 20.944072012021447 ], [ -156.545283346341307, 20.944226178318182 ], [ -156.545560268720408, 20.943666702919593 ], [ -156.546030923075762, 20.943297306471433 ], [ -156.546438370097491, 20.942866684839057 ], [ -156.547236282551069, 20.942545905933162 ], [ -156.548054320515263, 20.941680996410103 ] ] ] } },
{ "type": "Feature", "properties": { "ID": 288, "GRIDCODE": 2 }, "geometry": { "type": "Polygon", "coordinates": [ [ [ -156.549282408919481, 20.937093595234632 ], [ -156.549983965772498, 20.937292950056587 ], [ -156.549209799716692, 20.940463675009621 ], [ -156.547996707796472, 20.939824577177294 ], [ -156.547680107841103, 20.939087259111517 ], [ -156.547259226588693, 20.938390502329543 ], [ -156.548971988109741, 20.937446656052813 ], [ -156.549282408919481, 20.937093595234632 ] ] ] } },
{ "type": "Feature", "properties": { "ID": 289, "GRIDCODE": 2 }, "geometry": { "type": "Polygon", "coordinates": [ [ [ -156.542088867522068, 20.936177431155723 ], [ -156.542193069490793, 20.935848659852567 ], [ -156.542441709658959, 20.936089795469858 ], [ -156.542088867522068, 20.936177431155723 ] ] ] } },
{ "type": "Feature", "properties": { "ID": 290, "GRIDCODE": 2 }, "geometry": { "type": "Polygon", "coordinates": [ [ [ -156.542088867522068, 20.936177431155723 ], [ -156.541925639037657, 20.936844618679938 ], [ -156.541627679260927, 20.938226887653158 ], [ -156.541039564739322, 20.938185474977914 ], [ -156.540497500648058, 20.938737944974811 ], [ -156.539892508955262, 20.938695358937611 ], [ -156.539600138249, 20.93899350522728 ], [ -156.53827214126386, 20.93935778566679 ], [ -156.537534473249167, 20.940109922859374 ], [ -156.536700241908505, 20.938950455734286 ], [ -156.536762211967499, 20.93817480878004 ], [ -156.535857967103453, 20.93811108853556 ], [ -156.53556294948504, 20.938123359383397 ], [ -156.535004067013716, 20.937827469329381 ], [ -156.534709050050623, 20.937839738747311 ], [ -156.533989032473983, 20.937788988412958 ], [ -156.532701613000228, 20.937842322781631 ], [ -156.532676412281091, 20.937301117962267 ], [ -156.533225090508807, 20.936741495765993 ], [ -156.533874589685325, 20.936472862105624 ], [ -156.534151217782437, 20.936190635151252 ], [ -156.534993210597179, 20.935842244725439 ], [ -156.535053729019495, 20.935086814724354 ], [ -156.534032601634777, 20.935129195137463 ], [ -156.533600599043922, 20.935098744358086 ], [ -156.532996206208708, 20.935123864638228 ], [ -156.533455042188791, 20.934358588591731 ], [ -156.532742629841948, 20.933741708618534 ], [ -156.53348951929334, 20.932769631771386 ], [ -156.533052803764321, 20.932391381531357 ], [ -156.534236201301553, 20.931001430761938 ], [ -156.533370712167937, 20.931032567688714 ], [ -156.531068319360145, 20.931771438729822 ], [ -156.531364506486511, 20.930450408553614 ], [ -156.533973837537985, 20.929415986053801 ], [ -156.535682158922981, 20.928827212847207 ], [ -156.534296155422595, 20.92833711032543 ], [ -156.53286005048551, 20.928001290049679 ], [ -156.533135688284005, 20.927778569316423 ], [ -156.534032912772716, 20.927407302227685 ], [ -156.534000972392818, 20.926726986414241 ], [ -156.535209414603855, 20.925385927695743 ], [ -156.535490448594231, 20.924832876144432 ], [ -156.536074856395913, 20.924357348444747 ], [ -156.535354218155163, 20.92419351158405 ], [ -156.531698021531213, 20.925992275344612 ], [ -156.531782009169547, 20.924939056043463 ], [ -156.530597460642525, 20.925319248854912 ], [ -156.52971220504088, 20.925561975672142 ], [ -156.527697967215488, 20.926315163024828 ], [ -156.528064167276142, 20.925652652773692 ], [ -156.529439066951113, 20.924533613108885 ], [ -156.527909052817137, 20.924175761695817 ], [ -156.530344052562185, 20.922193945155062 ], [ -156.529909031362138, 20.921954991530633 ], [ -156.527577047991031, 20.922051638872702 ], [ -156.526884746287692, 20.921740965304942 ], [ -156.527298979930237, 20.921050317614544 ], [ -156.526925261449918, 20.920644927547222 ], [ -156.526060601067854, 20.920680805873637 ], [ -156.52709667732384, 20.919344053019504 ], [ -156.528377606853354, 20.919041462622811 ], [ -156.530127526000427, 20.918811253766997 ], [ -156.531799277861978, 20.917749522024359 ], [ -156.533721016558445, 20.917358673120191 ], [ -156.534322807781251, 20.916868718576797 ], [ -156.532479303012309, 20.916041333009328 ], [ -156.533524253589349, 20.915206219409566 ], [ -156.5347896589752, 20.914800051292662 ], [ -156.536235945810432, 20.914505869145561 ], [ -156.534675446072725, 20.913847794940281 ], [ -156.53124738065921, 20.91399004355732 ], [ -156.52950941412351, 20.913614790474604 ], [ -156.527163796796287, 20.913915466159732 ], [ -156.526601279904639, 20.912715062635765 ], [ -156.524857736249857, 20.913572807293146 ], [ -156.525039748524762, 20.911901079840657 ], [ -156.526201129932929, 20.911982987062995 ], [ -156.527100006966407, 20.911694572518304 ], [ -156.528360655578865, 20.911783457973044 ], [ -156.529370352159674, 20.911741594107376 ], [ -156.529664212406999, 20.911762379677697 ], [ -156.533548212497806, 20.910473108590878 ], [ -156.534148279726793, 20.91044817995131 ], [ -156.534745843275431, 20.910490272713098 ], [ -156.536410718737415, 20.910151625022849 ], [ -156.537938211435318, 20.909519328820949 ], [ -156.538665780255826, 20.908927073438878 ], [ -156.53921918562844, 20.90836272624578 ], [ -156.539949972631746, 20.908245485308516 ], [ -156.539945553602081, 20.908516306572832 ], [ -156.540521986687423, 20.908524610309421 ], [ -156.540517568620146, 20.908795431681654 ], [ -156.540805785785068, 20.908799582880523 ], [ -156.540899193063041, 20.90913120155718 ], [ -156.541155538687349, 20.908897339675939 ], [ -156.540805785785068, 20.908799582880523 ], [ -156.540810203335894, 20.908528761449613 ], [ -156.540521986687423, 20.908524610309421 ], [ -156.540526404684186, 20.908253788927727 ], [ -156.539949972631746, 20.908245485308516 ], [ -156.539272234420139, 20.907561814468099 ], [ -156.53894949973818, 20.907551079075461 ], [ -156.53808155299248, 20.90808576000768 ], [ -156.537495156448529, 20.908342898325454 ], [ -156.536908496668758, 20.908616035055044 ], [ -156.536052560785862, 20.908587284894871 ], [ -156.535201437306881, 20.908591402310755 ], [ -156.534297941904896, 20.908286178879735 ], [ -156.533462870752601, 20.908290122740244 ], [ -156.533174747031552, 20.908280405327819 ], [ -156.530402910560809, 20.908293510585672 ], [ -156.531452621057639, 20.907990057042667 ], [ -156.532907583689422, 20.906920935723164 ], [ -156.534586885175912, 20.907488280029529 ], [ -156.536323728516436, 20.90649911825281 ], [ -156.536958542623722, 20.905897198238041 ], [ -156.537545466897456, 20.905383072079101 ], [ -156.53784970776087, 20.904284741120453 ], [ -156.538457353786782, 20.904018250805425 ], [ -156.539226827090602, 20.903288638685193 ], [ -156.541047622036274, 20.902981680080533 ], [ -156.541890854103229, 20.90218182364978 ], [ -156.543015879975712, 20.90217645169977 ], [ -156.543860946896842, 20.906897757144403 ], [ -156.543459885208193, 20.910415615353486 ], [ -156.542928254885567, 20.911406193950288 ], [ -156.542045400621674, 20.912957953898612 ], [ -156.541983293469713, 20.914591100009805 ], [ -156.542836988680961, 20.916659101491476 ], [ -156.54228269219945, 20.918933936582278 ], [ -156.54106194464029, 20.919776757615921 ], [ -156.538828589376863, 20.921283106427644 ], [ -156.538114051996956, 20.923744487577522 ], [ -156.53835596962162, 20.926238975061747 ], [ -156.538668724731338, 20.92813782467525 ], [ -156.538304055423424, 20.929759720357382 ], [ -156.537412399436562, 20.933233557598722 ], [ -156.537289026324089, 20.936472462584714 ], [ -156.538418960635909, 20.937611724768104 ], [ -156.540748456718944, 20.937131072031853 ], [ -156.542088867522068, 20.936177431155723 ] ] ] } },
{ "type": "Feature", "properties": { "ID": 291, "GRIDCODE": 2 }, "geometry": { "type": "Polygon", "coordinates": [ [ [ -156.542373402729197, 20.883358904883007 ], [ -156.54295932729633, 20.883885027901787 ], [ -156.543793620866467, 20.885062570398294 ], [ -156.544213756796694, 20.886246460006397 ], [ -156.541071673183467, 20.887585072617838 ], [ -156.537653263775098, 20.889777135008863 ], [ -156.536047851175397, 20.891574000696728 ], [ -156.536470257592271, 20.893753651010528 ], [ -156.538289014070898, 20.895997208318533 ], [ -156.54140915246839, 20.898798611172595 ], [ -156.542810917009319, 20.901382803015352 ], [ -156.541925994872258, 20.901632093431882 ], [ -156.539772108928787, 20.902478680836186 ], [ -156.538558580171838, 20.902059365812558 ], [ -156.538166089842377, 20.902390595495376 ], [ -156.537884553707244, 20.902667738850521 ], [ -156.53690402610215, 20.90294392886782 ], [ -156.53569488924785, 20.904444127137413 ], [ -156.53494524684865, 20.904803128883934 ], [ -156.533641868184077, 20.903439810237675 ], [ -156.531959440071603, 20.903083646554766 ], [ -156.530763675676724, 20.903420442435579 ], [ -156.530238508437861, 20.904425884484677 ], [ -156.52948995292536, 20.904442965873532 ], [ -156.52905790773579, 20.904420578719911 ], [ -156.528620547159363, 20.904430519034698 ], [ -156.527883574886175, 20.904050165813128 ], [ -156.526502407203338, 20.905013969967257 ], [ -156.525578976677167, 20.904588051790522 ], [ -156.526916459984619, 20.902820496699011 ], [ -156.526644787397316, 20.9024950212468 ], [ -156.524344033323473, 20.902165541322049 ], [ -156.524834306046273, 20.901744234339777 ], [ -156.527062801564654, 20.900677242456737 ], [ -156.528111182609592, 20.900348787584893 ], [ -156.528908025270908, 20.900390077662728 ], [ -156.529566567293898, 20.900109673603744 ], [ -156.530052111213195, 20.899632067668765 ], [ -156.531885449335874, 20.899330544529246 ], [ -156.532455185206345, 20.899057574887713 ], [ -156.533326046990567, 20.898686576635921 ], [ -156.532763499130795, 20.898520260248002 ], [ -156.529984624415334, 20.898063061655055 ], [ -156.531916016542169, 20.896774121927731 ], [ -156.531469474460209, 20.896503531616808 ], [ -156.528992731570554, 20.897075228711074 ], [ -156.527880749181975, 20.896562344547757 ], [ -156.528659605581055, 20.894572805434066 ], [ -156.527048263178955, 20.8954682173847 ], [ -156.525010969789406, 20.895970163853548 ], [ -156.524544019548614, 20.896429639548121 ], [ -156.523156035579376, 20.897297693646191 ], [ -156.52241307484806, 20.896873585757806 ], [ -156.52283765378283, 20.892565857220461 ], [ -156.526235509681612, 20.891608797850154 ], [ -156.525390368582407, 20.891099764424062 ], [ -156.523144910022751, 20.890173236972533 ], [ -156.523932024652055, 20.887955944270409 ], [ -156.525149799588689, 20.887574402332344 ], [ -156.52587429346579, 20.887611875436122 ], [ -156.527434590570408, 20.887576392578385 ], [ -156.527950164270948, 20.888115830903399 ], [ -156.528594116511897, 20.88844800985537 ], [ -156.528887256105918, 20.888441270881852 ], [ -156.529329943213554, 20.888464205262885 ], [ -156.530127044232472, 20.886937852979688 ], [ -156.53240722170014, 20.88846144931173 ], [ -156.532360322800457, 20.886646984721583 ], [ -156.532740400402787, 20.885919312061755 ], [ -156.534956153176012, 20.887734654148051 ], [ -156.535349910651263, 20.885306735218304 ], [ -156.536125659867878, 20.886118406643817 ], [ -156.536709011132785, 20.886387383847801 ], [ -156.537752363426847, 20.8870846582073 ], [ -156.537149605154013, 20.884778740197298 ], [ -156.537879375966412, 20.885320708241572 ], [ -156.539977317286088, 20.886976231674073 ], [ -156.540172871645268, 20.886169299850053 ], [ -156.539163961156532, 20.884308574982011 ], [ -156.540491359166111, 20.884002037037213 ], [ -156.541056328832184, 20.884293617303118 ], [ -156.541353966998543, 20.884286788604783 ], [ -156.542214401903408, 20.884584202604554 ], [ -156.542373402729197, 20.883358904883007 ] ] ] } },
{ "type": "Feature", "properties": { "ID": 292, "GRIDCODE": 2 }, "geometry": { "type": "Polygon", "coordinates": [ [ [ -156.630069830341739, 20.933900878758806 ], [ -156.62991871323527, 20.933554866199756 ], [ -156.629408561224665, 20.933781903275928 ], [ -156.630069830341739, 20.933900878758806 ], [ -156.630198411583393, 20.934050679940928 ], [ -156.631227137878682, 20.934349886554795 ], [ -156.632458989930115, 20.934249130825044 ], [ -156.632992681393887, 20.934871084099935 ], [ -156.63457901881128, 20.935543747015128 ], [ -156.635909564599189, 20.935434943959319 ], [ -156.6379610620493, 20.936290609886548 ], [ -156.640193892362504, 20.937885400948982 ], [ -156.64190198786244, 20.938609552828801 ], [ -156.642828793625, 20.938533739469033 ], [ -156.643472550904477, 20.938604407465299 ], [ -156.643324009469154, 20.939800371278075 ], [ -156.643677848384328, 20.940726424484225 ], [ -156.643302194079013, 20.941625334533246 ], [ -156.642159432851486, 20.941499883050643 ], [ -156.642211474853383, 20.942060655116258 ], [ -156.642176363181704, 20.942342576894855 ], [ -156.642920776605024, 20.942658158322544 ], [ -156.642660122500672, 20.944754289737794 ], [ -156.639582039609223, 20.945225729606101 ], [ -156.641862547142182, 20.945835853304924 ], [ -156.642823492255985, 20.946190277370555 ], [ -156.642025644181643, 20.94872633270003 ], [ -156.641201700627335, 20.949350383999704 ], [ -156.641315885487671, 20.950581591052106 ], [ -156.63961500071099, 20.950394955520387 ], [ -156.639181874519238, 20.950430360239277 ], [ -156.637789122713002, 20.950277470679058 ], [ -156.638610382949508, 20.95093791982988 ], [ -156.638891649563107, 20.951265623985766 ], [ -156.639675568207281, 20.951201479610074 ], [ -156.640935696316234, 20.951551328445532 ], [ -156.640700438826315, 20.953443173919034 ], [ -156.639039166097149, 20.953260782050901 ], [ -156.637732668350935, 20.951738455199944 ], [ -156.637237629300415, 20.9513404588279 ], [ -156.635450688855656, 20.951486581638932 ], [ -156.634857988360181, 20.951156800630812 ], [ -156.633759056855297, 20.950837187776976 ], [ -156.632547922987271, 20.951348544193497 ], [ -156.634268650458068, 20.951849016140461 ], [ -156.635162206850168, 20.952890244402308 ], [ -156.636586246618862, 20.952773750980715 ], [ -156.637095131258462, 20.95392193797316 ], [ -156.637521141604054, 20.954645035396915 ], [ -156.637078506517696, 20.954980168251602 ], [ -156.636945252196966, 20.95512633612433 ], [ -156.63659239782254, 20.955214168398125 ], [ -156.636841233140615, 20.955455183445761 ], [ -156.636945252196966, 20.95512633612433 ], [ -156.637949085535979, 20.955281122160478 ], [ -156.638529175013502, 20.955267599066929 ], [ -156.639133912501308, 20.955298595114378 ], [ -156.639084933541199, 20.956140241683396 ], [ -156.638484695488586, 20.956647532869763 ], [ -156.639558380338258, 20.957610153582976 ], [ -156.63929028520846, 20.95881080093616 ], [ -156.637631364803696, 20.957704221294261 ], [ -156.637047532775767, 20.957435547199175 ], [ -156.6364834785862, 20.957145055694252 ], [ -156.63561907639945, 20.95729272182329 ], [ -156.636478039785374, 20.957688231404767 ], [ -156.636742177025866, 20.958514905774255 ], [ -156.637037679020949, 20.95877958377687 ], [ -156.637373456442617, 20.959474447204052 ], [ -156.63851385675855, 20.960188794972197 ], [ -156.637524404948522, 20.960138309025123 ], [ -156.635884458308823, 20.959293878628294 ], [ -156.635004861774206, 20.959314478712919 ], [ -156.634423185303518, 20.959284712770049 ], [ -156.634118565409807, 20.959868310974358 ], [ -156.633475764587956, 20.960411630779198 ], [ -156.635828036766924, 20.960356714107942 ], [ -156.637001525007832, 20.96158197795911 ], [ -156.636967217164312, 20.962169991114468 ], [ -156.636978008426411, 20.962576487755886 ], [ -156.636954008978194, 20.962992422505419 ], [ -156.636104126030489, 20.962554843423657 ], [ -156.635813726177901, 20.963111657779841 ], [ -156.635243787207173, 20.962818169107123 ], [ -156.634277153597225, 20.962515864958817 ], [ -156.632631188846631, 20.962554248863292 ], [ -156.632650361483599, 20.963286255530708 ], [ -156.634365980322087, 20.963618677812988 ], [ -156.634630112503032, 20.964445354820445 ], [ -156.63492135984967, 20.964980875562532 ], [ -156.635189757552411, 20.965536713592098 ], [ -156.636350308697018, 20.965813397748672 ], [ -156.636908358216971, 20.966290712454782 ], [ -156.635482223772129, 20.96669327819551 ], [ -156.636132052451586, 20.967889457190182 ], [ -156.635630214903216, 20.969585921025303 ], [ -156.633517736070303, 20.968498131781303 ], [ -156.634780165585653, 20.970821334145096 ], [ -156.633169792073744, 20.971187191433401 ], [ -156.632770898133998, 20.969939595697909 ], [ -156.63196870641346, 20.969333875150074 ], [ -156.632529285146035, 20.970365599480942 ], [ -156.632631897428752, 20.971450614067042 ], [ -156.63223666341662, 20.970632429588523 ], [ -156.631918591983862, 20.970047590184674 ], [ -156.629363050991685, 20.969248297674106 ], [ -156.626569593700793, 20.968124758763924 ], [ -156.62477083203143, 20.967829852140135 ], [ -156.624085248031264, 20.966799141619955 ], [ -156.622786663976541, 20.965635011265675 ], [ -156.622531164239433, 20.964266649879171 ], [ -156.621572452042386, 20.963055667827586 ], [ -156.620824094001733, 20.962790859132788 ], [ -156.621702381198759, 20.96402902875878 ], [ -156.621581566866467, 20.966111043350818 ], [ -156.623052171319301, 20.967795564923016 ], [ -156.623340714329515, 20.96839283643704 ], [ -156.623309390005005, 20.968931016545415 ], [ -156.624198364459033, 20.969728062165483 ], [ -156.625035190303521, 20.969708514107346 ], [ -156.625801800039284, 20.969747770972024 ], [ -156.628577593664374, 20.971599377405965 ], [ -156.629331753572046, 20.971946511433281 ], [ -156.629624589989675, 20.972862878768648 ], [ -156.629552566038967, 20.974107498280738 ], [ -156.629870019657915, 20.97439207182444 ], [ -156.630164022114599, 20.974699201933589 ], [ -156.630125732475022, 20.975358847517661 ], [ -156.628980766207064, 20.974769241209859 ], [ -156.629014636737082, 20.97604985735822 ], [ -156.627820204230915, 20.975988648920307 ], [ -156.626963900935408, 20.976008597848455 ], [ -156.625711215285321, 20.974126215855279 ], [ -156.623828708550889, 20.972692840214357 ], [ -156.623504243596102, 20.972353926677822 ], [ -156.622978405113656, 20.972459418640067 ], [ -156.623978484749813, 20.974300198787244 ], [ -156.623501961816658, 20.975116025971094 ], [ -156.623162692011419, 20.976371459021113 ], [ -156.621711094460949, 20.97540319287484 ], [ -156.621760222099823, 20.977264036124087 ], [ -156.621718799348884, 20.977976806634977 ], [ -156.620269110286557, 20.978594772514729 ], [ -156.620701592577802, 20.979280963461594 ], [ -156.619476707780706, 20.979665028900811 ], [ -156.618544525814627, 20.977576368959948 ], [ -156.618580952356922, 20.976948714306193 ], [ -156.618570214194705, 20.976542221770089 ], [ -156.618610445333559, 20.975852187395446 ], [ -156.618026958767331, 20.974778305203554 ], [ -156.618074178070685, 20.97396733901822 ], [ -156.61748057164337, 20.972875060491109 ], [ -156.616936762408926, 20.971502661868829 ], [ -156.61664557239007, 20.970967115635933 ], [ -156.616390125802212, 20.969598750292413 ], [ -156.615794832296331, 20.969324683833658 ], [ -156.615873085829946, 20.967978183502993 ], [ -156.615257054070668, 20.967946546070969 ], [ -156.614674667176473, 20.96796008568554 ], [ -156.614406070252329, 20.967403821609771 ], [ -156.61339329935339, 20.967259348726035 ], [ -156.613287621627393, 20.966642271378767 ], [ -156.613020899754218, 20.967103473083387 ], [ -156.61339329935339, 20.967259348726035 ], [ -156.613833929063674, 20.967925296818823 ], [ -156.614075952540958, 20.968505395417477 ], [ -156.614979747384865, 20.968755480282134 ], [ -156.614860409513312, 20.969442421425263 ], [ -156.615300376192835, 20.970541418357559 ], [ -156.615142886024643, 20.971449382303664 ], [ -156.616029740184473, 20.972608733612137 ], [ -156.61575726764903, 20.973946827015368 ], [ -156.61538441223135, 20.974208930502996 ], [ -156.615459108044945, 20.974737876671146 ], [ -156.615367659028919, 20.975264496693747 ], [ -156.615980334626869, 20.975722536494793 ], [ -156.615714287950311, 20.976655170768627 ], [ -156.615280002271874, 20.97730886638233 ], [ -156.61573564670158, 20.978042481312919 ], [ -156.616014927008081, 20.98002109023945 ], [ -156.615654104866849, 20.980446850436728 ], [ -156.615324816168538, 20.980678213714306 ], [ -156.614951707294978, 20.982569248009177 ], [ -156.61443764142598, 20.982055178070276 ], [ -156.614025321611166, 20.98057998538129 ], [ -156.613305292025331, 20.980974384142971 ], [ -156.613067936644626, 20.979833910718231 ], [ -156.612585249552268, 20.979473183105018 ], [ -156.612014973961351, 20.978757529647684 ], [ -156.611482425563963, 20.978610116873874 ], [ -156.611388832031452, 20.978278520014328 ], [ -156.611132453787746, 20.978512484977749 ], [ -156.611482425563963, 20.978610116873874 ], [ -156.611944840623522, 20.979820413101585 ], [ -156.611583616845621, 20.980093648088307 ], [ -156.611889367927716, 20.981183495693458 ], [ -156.611768257266249, 20.98215717347432 ], [ -156.612176374372524, 20.982850184507321 ], [ -156.611777810877669, 20.984425910349092 ], [ -156.611524882904149, 20.984176600349219 ], [ -156.610539825758565, 20.982832384342839 ], [ -156.609789709169689, 20.98251432299039 ], [ -156.609863942521457, 20.981920669174013 ], [ -156.609260985250643, 20.981435892242605 ], [ -156.60902251651541, 20.979128627088713 ], [ -156.608328012195216, 20.980573206598603 ], [ -156.607663211929975, 20.979798277130296 ], [ -156.60717733347343, 20.979744890640227 ], [ -156.607809842663443, 20.981998831351099 ], [ -156.606977338644583, 20.982733147414017 ], [ -156.606301345163331, 20.982218631013456 ], [ -156.60641763877382, 20.981284309379571 ], [ -156.605074277024102, 20.98139385646062 ], [ -156.604355369233275, 20.980815768304133 ], [ -156.605188742805694, 20.979761908439439 ], [ -156.604256019394541, 20.979592178779694 ], [ -156.603905137450255, 20.978969135717509 ], [ -156.603579251116656, 20.979445490284721 ], [ -156.604256019394541, 20.979592178779694 ], [ -156.604108130233271, 20.979999082593999 ], [ -156.603782103539629, 20.980572390624513 ], [ -156.603791195261039, 20.982156473209681 ], [ -156.603187891435368, 20.981606461415296 ], [ -156.603248816425804, 20.979994926303885 ], [ -156.602431690204696, 20.978018262438749 ], [ -156.602423969686186, 20.976719509811112 ], [ -156.602933424698222, 20.975824058451355 ], [ -156.602152690693259, 20.975098139451468 ], [ -156.602746848107444, 20.974577945279915 ], [ -156.60246333704734, 20.974552658895082 ], [ -156.602028980123379, 20.974554877208757 ], [ -156.601576028574527, 20.97453976951542 ], [ -156.601583722113759, 20.975875160723955 ], [ -156.601262163335178, 20.977244802413711 ], [ -156.600909802456187, 20.978814268117819 ], [ -156.600105473292643, 20.978066446779795 ], [ -156.599553418081314, 20.976955124764491 ], [ -156.599497936778306, 20.977642154693481 ], [ -156.599795699046041, 20.979120385589784 ], [ -156.600056710867818, 20.980483815678269 ], [ -156.600440070677251, 20.981982167239181 ], [ -156.599203986515363, 20.980736999576617 ], [ -156.59862679250304, 20.980739971481455 ], [ -156.597473929335933, 20.976776202778449 ], [ -156.597911628747056, 20.975631615473187 ], [ -156.596890358668361, 20.974960084371439 ], [ -156.596002618825963, 20.977403305205446 ], [ -156.594970038389107, 20.974904540387033 ], [ -156.594964328778332, 20.97390634101329 ], [ -156.596421907130406, 20.973660257165388 ], [ -156.598601306487581, 20.973101067061503 ], [ -156.601829717749496, 20.972409930732596 ], [ -156.607298671495016, 20.97039270804293 ], [ -156.608020761542974, 20.969760138101112 ], [ -156.61184191755774, 20.963132397722358 ], [ -156.613855891941455, 20.962549512024154 ], [ -156.615037741034371, 20.961514356055105 ], [ -156.61819760000526, 20.955530335728898 ], [ -156.622321325963128, 20.940517587618238 ], [ -156.622256976660225, 20.926350438422354 ], [ -156.621746079624472, 20.91959814714971 ], [ -156.618921557858556, 20.906491841249121 ], [ -156.616350899399833, 20.896994440848101 ], [ -156.617530124368955, 20.8970335091084 ], [ -156.617827149796284, 20.896479323087323 ], [ -156.618403396921366, 20.896498335970605 ], [ -156.618015010390337, 20.896099274092315 ], [ -156.617551684969754, 20.89566821438401 ], [ -156.617009541365178, 20.894577462796118 ], [ -156.616707072960708, 20.894567423761146 ], [ -156.616145124738949, 20.894570430446372 ], [ -156.615838007114235, 20.89428453419875 ], [ -156.615858387120056, 20.893743025204529 ], [ -156.615093050394165, 20.893380892749207 ], [ -156.613154175236701, 20.889294341294367 ], [ -156.61231633046819, 20.885136123760681 ], [ -156.613974178119065, 20.884362591000684 ], [ -156.616014794899115, 20.883467132248271 ], [ -156.615574497084879, 20.8830064975688 ], [ -156.614029067427339, 20.881797907223671 ], [ -156.613164262465205, 20.881802368182825 ], [ -156.612884904766702, 20.881240272126096 ], [ -156.612307115728726, 20.880966597035115 ], [ -156.611173838609773, 20.88039786024196 ], [ -156.610586892103811, 20.88040090043749 ], [ -156.610020256184129, 20.880116659919484 ], [ -156.608309069702472, 20.879568131416757 ], [ -156.606810651073033, 20.876731326819062 ], [ -156.607281032327393, 20.874632911691887 ], [ -156.608602150721111, 20.873378526043577 ], [ -156.610594200773505, 20.872448977141961 ], [ -156.613030369642672, 20.87203710562666 ], [ -156.614181753099757, 20.871776985557482 ], [ -156.615704314426608, 20.871450472759648 ], [ -156.615355418464105, 20.870443896597532 ], [ -156.615383575674372, 20.869694295380508 ], [ -156.615099736291654, 20.868525135392183 ], [ -156.614032066011049, 20.867531813182307 ], [ -156.61317277582404, 20.866301448477607 ], [ -156.612826605094313, 20.864874540509348 ], [ -156.611708086744613, 20.864162637296054 ], [ -156.611325650392502, 20.863393019034937 ], [ -156.610281960403995, 20.863058471589387 ], [ -156.610777311344094, 20.86218656367333 ], [ -156.608896260589205, 20.862762655969512 ], [ -156.608559898466126, 20.862764303166713 ], [ -156.608276214415781, 20.862478461989252 ], [ -156.60741433712721, 20.862482943859955 ], [ -156.606838226978169, 20.862463774244691 ], [ -156.606253321523724, 20.862466833841694 ], [ -156.605625579846588, 20.86183385025388 ], [ -156.6045367108199, 20.862167279079181 ], [ -156.603964573648938, 20.8618799052261 ], [ -156.603411357933595, 20.862405084934551 ], [ -156.602513388218597, 20.862680064234581 ], [ -156.599349786762986, 20.862331204309104 ], [ -156.598619151323845, 20.863694471434709 ], [ -156.588953574808585, 20.863743954088193 ], [ -156.58388619182449, 20.86315394828156 ], [ -156.578951650264571, 20.860599591769581 ], [ -156.577786696190117, 20.859075207090893 ], [ -156.576117694143761, 20.857148052609311 ], [ -156.576104357759192, 20.854785100261342 ], [ -156.577039503885004, 20.851135482722416 ], [ -156.577106625537681, 20.849352487118448 ], [ -156.575997453528117, 20.848234034512 ], [ -156.574644873172389, 20.847887634149789 ], [ -156.573341473324149, 20.848265047851356 ], [ -156.57193479877094, 20.849132505577423 ], [ -156.570220676946235, 20.849656971913465 ], [ -156.567717249247437, 20.84916058110867 ], [ -156.563578960708753, 20.847081552727705 ], [ -156.561355029327927, 20.846027961020553 ], [ -156.561865406331208, 20.845580750216822 ], [ -156.562163761413899, 20.84529784038352 ], [ -156.563019359248358, 20.845326424880188 ], [ -156.563307549708298, 20.845324972131731 ], [ -156.56388048027685, 20.845344105260558 ], [ -156.563900035661646, 20.844828792742906 ], [ -156.563443785070575, 20.843436103425077 ], [ -156.563006696597483, 20.843719289733112 ], [ -156.562217654711674, 20.84446821380369 ], [ -156.559877253681861, 20.844479708192075 ], [ -156.559000682932236, 20.84390268140011 ], [ -156.55819590480769, 20.844666439520982 ], [ -156.557595596804219, 20.842316958107173 ], [ -156.557917374350296, 20.840077319799423 ], [ -156.559667954255985, 20.83854347404117 ], [ -156.559376183602211, 20.838209433081047 ], [ -156.557660637681522, 20.838217906455707 ], [ -156.557107715241642, 20.83683917033752 ], [ -156.556380811110955, 20.835797091195644 ], [ -156.55746755975224, 20.832047919333942 ], [ -156.555909935057429, 20.832283492485526 ], [ -156.55484390556316, 20.833563332396508 ], [ -156.554849860088723, 20.834623032985856 ], [ -156.554542653874705, 20.834914534378576 ], [ -156.554117369250264, 20.834485461122078 ], [ -156.553681276533666, 20.834899321476684 ], [ -156.553383278382228, 20.835160662260961 ], [ -156.553090820935296, 20.835705800595143 ], [ -156.552508565310063, 20.835413231594544 ], [ -156.552513707652054, 20.836348056329051 ], [ -156.550661375917514, 20.837211878407864 ], [ -156.549660752308483, 20.836202629842379 ], [ -156.548762185510697, 20.836172574265166 ], [ -156.548198329795923, 20.836707468319506 ], [ -156.547571144726021, 20.836982601721232 ], [ -156.549293758965888, 20.8385865640745 ], [ -156.548997452513504, 20.839437445574184 ], [ -156.548399448457189, 20.839699771893436 ], [ -156.548406852191334, 20.841049026989484 ], [ -156.547529444740633, 20.840770863488913 ], [ -156.546959745101503, 20.840484539219688 ], [ -156.546670804958154, 20.840758561606297 ], [ -156.546233705376636, 20.84088509597834 ], [ -156.546140311451609, 20.840553480847532 ], [ -156.54588410069681, 20.840787364182354 ], [ -156.546233705376636, 20.84088509597834 ], [ -156.546511687915341, 20.841165390595975 ], [ -156.547502188882902, 20.842087744382397 ], [ -156.547783254944562, 20.842889884412354 ], [ -156.546044475102917, 20.843183076343493 ], [ -156.546338879623903, 20.843457390258187 ], [ -156.54690039133456, 20.844023614275528 ], [ -156.54544827223225, 20.843974890191234 ], [ -156.546028819446349, 20.844807383411283 ], [ -156.546304536366591, 20.845227719552607 ], [ -156.544569523505885, 20.845599118944516 ], [ -156.54427685320212, 20.845876653705634 ], [ -156.54326882435916, 20.845842877713043 ], [ -156.542402280133416, 20.847458537529509 ], [ -156.545404283370345, 20.847778190098612 ], [ -156.546398573468309, 20.8487811591372 ], [ -156.550765786106041, 20.850473007430239 ], [ -156.551679830502309, 20.851394910646754 ], [ -156.552257379690047, 20.851668769770086 ], [ -156.552953030990579, 20.852018254682815 ], [ -156.553456652549954, 20.853556742080531 ], [ -156.553288602906775, 20.857993442295953 ], [ -156.552527746893333, 20.859983401969028 ], [ -156.543159409380905, 20.865166460369959 ], [ -156.541377062063049, 20.865681960765155 ], [ -156.537043456506382, 20.865536415059118 ], [ -156.536705131330365, 20.865538024015091 ], [ -156.534890071089251, 20.866384050496674 ], [ -156.533749676216615, 20.87107172406348 ], [ -156.534058390537467, 20.872281270414778 ], [ -156.535845306300246, 20.872854753068115 ], [ -156.540532590469127, 20.8735387411188 ], [ -156.546411960485784, 20.873510515733848 ], [ -156.549742087275007, 20.872166267996757 ], [ -156.553959785171401, 20.867820621471235 ], [ -156.55662774790639, 20.866650738362544 ], [ -156.564483925487252, 20.866476557466321 ], [ -156.567929617358715, 20.867079670449176 ], [ -156.570610213084734, 20.868426190352562 ], [ -156.571672187877169, 20.869999952412648 ], [ -156.572107593767754, 20.873293065708705 ], [ -156.571983725554901, 20.87656858105429 ], [ -156.570066409204856, 20.88158389474879 ], [ -156.567498147799199, 20.884205736642212 ], [ -156.562610079471256, 20.887504355109847 ], [ -156.558580490378091, 20.888568217911537 ], [ -156.556199214314717, 20.888836813357877 ], [ -156.553327104308522, 20.887866656377273 ], [ -156.551119314043234, 20.886326106781645 ], [ -156.549167794535038, 20.885699879342276 ], [ -156.545144481363025, 20.885719249398029 ], [ -156.544810282480256, 20.884339383421899 ], [ -156.543780974882367, 20.882864216382909 ], [ -156.544282963366186, 20.882424890262602 ], [ -156.545694096648106, 20.882472141043912 ], [ -156.546003994479321, 20.882178456617464 ], [ -156.546886232761409, 20.882208050872169 ], [ -156.548863328088004, 20.883509371017574 ], [ -156.54885808656698, 20.882531960108228 ], [ -156.549195550735391, 20.881649538314395 ], [ -156.552058607234528, 20.881745456031723 ], [ -156.552056358593887, 20.881345970635355 ], [ -156.549481258962089, 20.88034840317038 ], [ -156.54891399036589, 20.880128771989281 ], [ -156.550360169470252, 20.879819225960581 ], [ -156.550935347804113, 20.879551289165665 ], [ -156.551521609086961, 20.879294090531367 ], [ -156.552389336452336, 20.878759450739054 ], [ -156.553268142844587, 20.87823554609977 ], [ -156.553619617928916, 20.877580551604385 ], [ -156.555535277952032, 20.877026496163229 ], [ -156.555886740311053, 20.876371495668518 ], [ -156.556203092727429, 20.876094415773967 ], [ -156.557319640822271, 20.876131799383067 ], [ -156.557621338972723, 20.876047091979441 ], [ -156.556271818875558, 20.875569626235546 ], [ -156.554735263894827, 20.876631209449737 ], [ -156.553578584674227, 20.876864386776859 ], [ -156.554445422488016, 20.876105260507863 ], [ -156.554747261669206, 20.875542538215296 ], [ -156.555193228205582, 20.874874340926414 ], [ -156.555616366468911, 20.875059880680411 ], [ -156.556696415469645, 20.874760516332486 ], [ -156.555444384406286, 20.874503741280101 ], [ -156.555193228205582, 20.874874340926414 ], [ -156.554098144788355, 20.875059067237657 ], [ -156.553324315742486, 20.875793466113112 ], [ -156.552433231767878, 20.876051202925645 ], [ -156.550965891655608, 20.877130009434154 ], [ -156.549822054725894, 20.877091663567949 ], [ -156.549826413716232, 20.877898567885733 ], [ -156.547248211848483, 20.87791106621809 ], [ -156.54667052970359, 20.877328333250674 ], [ -156.546265103587359, 20.877664165379297 ], [ -156.545232502715805, 20.878644003032321 ], [ -156.542552960247718, 20.879331263376969 ], [ -156.542641570201141, 20.876999583360377 ], [ -156.542325735420377, 20.877260638744275 ], [ -156.542034303799312, 20.877803511826666 ], [ -156.541428696479187, 20.878868162624126 ], [ -156.54143320912118, 20.879680091633638 ], [ -156.540846103067821, 20.879953643121844 ], [ -156.540275865141666, 20.879934592854745 ], [ -156.539138234097521, 20.880464620053115 ], [ -156.538817608055268, 20.880466220613808 ], [ -156.538385499938641, 20.880451665704683 ], [ -156.537600405344193, 20.880455436760581 ], [ -156.538284283182719, 20.877544141764915 ], [ -156.538317729852054, 20.876666494099599 ], [ -156.537220960502992, 20.878109484696832 ], [ -156.536824253415745, 20.878806774648609 ], [ -156.536253234768793, 20.879870976013194 ], [ -156.535649952969777, 20.880152079420071 ], [ -156.535056897651287, 20.877703051143239 ], [ -156.534606564334894, 20.878201953557198 ], [ -156.534089682915777, 20.880069661586415 ], [ -156.533080793089795, 20.878748562801604 ], [ -156.531568006956491, 20.881168917768843 ], [ -156.5313137341507, 20.880899652072692 ], [ -156.530931711109702, 20.878459217941998 ], [ -156.530057102801237, 20.878429785752644 ], [ -156.529179747479532, 20.880064764827999 ], [ -156.528160252720483, 20.880030450261067 ], [ -156.527572491358143, 20.88003332516017 ], [ -156.526895383650071, 20.878668715218332 ], [ -156.526153541887339, 20.879194458036988 ], [ -156.525591434665841, 20.879727560531958 ], [ -156.525258991755834, 20.879729096933481 ], [ -156.523565476125299, 20.879156853273425 ], [ -156.523019101305437, 20.879159386430498 ], [ -156.523010425146992, 20.877526290542328 ], [ -156.523020495357343, 20.877255553308771 ], [ -156.523016418262955, 20.87644019943659 ], [ -156.524240916351459, 20.875368053547184 ], [ -156.522763122688929, 20.875374953247327 ], [ -156.523068211841917, 20.874003001005125 ], [ -156.524237860851798, 20.872978865253636 ], [ -156.523955478720893, 20.872932186316866 ], [ -156.522803099596388, 20.872937583771687 ], [ -156.523148144322732, 20.86912825937798 ], [ -156.523448260348317, 20.868865293581749 ], [ -156.522887315974401, 20.867801808925105 ], [ -156.52322805381371, 20.864253514683323 ], [ -156.523820241453166, 20.863993850325109 ], [ -156.522956453721036, 20.863584409314889 ], [ -156.524327011441869, 20.860065964683091 ], [ -156.525807264623381, 20.858661799315648 ], [ -156.52649526505158, 20.858341210799058 ], [ -156.526785824325572, 20.858350966587718 ], [ -156.527653264530414, 20.858346838295681 ], [ -156.528214746173035, 20.858913253563642 ], [ -156.528504151198348, 20.859183028345349 ], [ -156.528785724678443, 20.859467106784273 ], [ -156.529364534363708, 20.858388489307025 ], [ -156.529667097683244, 20.858387038522267 ], [ -156.530240342042475, 20.858406292918392 ], [ -156.530808636049272, 20.857867170801015 ], [ -156.531114926351194, 20.858137185097796 ], [ -156.531529448439443, 20.860310245627808 ], [ -156.531948523441343, 20.860050697827479 ], [ -156.531944226786464, 20.859262450539809 ], [ -156.532928161251618, 20.857897746873505 ], [ -156.533703576559788, 20.858445406196395 ], [ -156.533989867308804, 20.858734174174703 ], [ -156.53457815908817, 20.858176147824956 ], [ -156.535433808872028, 20.858204877054575 ], [ -156.535722018960939, 20.858203473271669 ], [ -156.536154062608546, 20.858218028590059 ], [ -156.536586377993444, 20.858215920914173 ], [ -156.537159625205959, 20.858235152126383 ], [ -156.53686705328559, 20.857934262160867 ], [ -156.535728450518093, 20.857394612652467 ], [ -156.53617955537527, 20.856999277953946 ], [ -156.536610041659713, 20.856591079492098 ], [ -156.538218955315727, 20.856246794098897 ], [ -156.538950902625544, 20.855264515395731 ], [ -156.538219414801745, 20.855268013321385 ], [ -156.537784565157011, 20.85525342355205 ], [ -156.537491860841641, 20.855531075552001 ], [ -156.536916091428481, 20.855511810014345 ], [ -156.535764192832687, 20.855771665443022 ], [ -156.535470822577224, 20.855761884825604 ], [ -156.534926278399098, 20.856278484423132 ], [ -156.532908837711517, 20.856288161616785 ], [ -156.531725914792929, 20.855534500123987 ], [ -156.531760376788469, 20.854630283497951 ], [ -156.530586148486378, 20.854878935733968 ], [ -156.529717835641151, 20.855144297229376 ], [ -156.529446301965748, 20.854315025052962 ], [ -156.528019369204742, 20.854321796391048 ], [ -156.52772265804748, 20.853759339589477 ], [ -156.527425416013955, 20.852850862211678 ], [ -156.526336864153734, 20.850787361235579 ], [ -156.526327329677031, 20.848996053539501 ], [ -156.526964712411456, 20.847241870057942 ], [ -156.527791083817363, 20.845407744814281 ], [ -156.52874109733915, 20.841619154429878 ], [ -156.529084535889666, 20.841318307868026 ], [ -156.529055129463984, 20.835881532396265 ], [ -156.529583134314151, 20.832685086017147 ], [ -156.5321316373755, 20.827592988595846 ], [ -156.538750866865968, 20.822529073844681 ], [ -156.547794160511188, 20.818610104956665 ], [ -156.556333673705296, 20.816418160322499 ], [ -156.568052605691094, 20.817099005092672 ], [ -156.57117571011085, 20.818398157730318 ], [ -156.573492279954849, 20.821360396854303 ], [ -156.575059582889224, 20.823412030856165 ], [ -156.576318726251571, 20.824924387099916 ], [ -156.575721750081527, 20.825726236917891 ], [ -156.575279146085194, 20.826551829469846 ], [ -156.57398323970628, 20.826508614596712 ], [ -156.573540619718813, 20.827334465909779 ], [ -156.572815043716787, 20.827310298009714 ], [ -156.572384735144368, 20.827718739019875 ], [ -156.571928676550897, 20.828118480632181 ], [ -156.572510888085077, 20.828660580044151 ], [ -156.5727856535282, 20.829213797152402 ], [ -156.57354998220373, 20.828857176128849 ], [ -156.574008553694966, 20.829283898312212 ], [ -156.573637045727963, 20.83030717938745 ], [ -156.572191887097375, 20.830725577413613 ], [ -156.572177737321937, 20.831099043532419 ], [ -156.57259010608422, 20.831880263479437 ], [ -156.571000917175951, 20.832978863695498 ], [ -156.570119228081495, 20.832949425643829 ], [ -156.570706763243635, 20.833791598707407 ], [ -156.57010483647224, 20.834319154351778 ], [ -156.570976887289874, 20.834598978206273 ], [ -156.570565081393852, 20.835676173379266 ], [ -156.571366236654256, 20.835376832366471 ], [ -156.572131515578377, 20.834349221751168 ], [ -156.573097653654088, 20.833008456770841 ], [ -156.573589659331077, 20.833281029309695 ], [ -156.573549584012852, 20.834341543158576 ], [ -156.57385004103881, 20.834644469036309 ], [ -156.574399564500823, 20.835156207888915 ], [ -156.574410427553715, 20.837059351732446 ], [ -156.573806967914436, 20.83812114283041 ], [ -156.573766035887246, 20.839199765302379 ], [ -156.575565836578363, 20.83762252531622 ], [ -156.575556646927424, 20.836018073344629 ], [ -156.575864750570162, 20.83521161029142 ], [ -156.575236884341024, 20.834021668264633 ], [ -156.575633681938967, 20.832983133881534 ], [ -156.575621866532487, 20.830909741014132 ], [ -156.576493566237417, 20.829699490127798 ], [ -156.57812228598246, 20.828939610297233 ], [ -156.578863408153438, 20.829311983519045 ], [ -156.578852641733022, 20.827433834648751 ], [ -156.579161811532771, 20.826857398051377 ], [ -156.580649611037785, 20.827165844347824 ], [ -156.581578810368342, 20.827161108596851 ], [ -156.582925732233718, 20.829438270466337 ], [ -156.583693979149359, 20.830985848781118 ], [ -156.584296985362641, 20.829963821383469 ], [ -156.584308862679649, 20.829642699481653 ], [ -156.584305037498183, 20.828965411329307 ], [ -156.584330784520319, 20.828286423825048 ], [ -156.583990288107969, 20.826224522674742 ], [ -156.585471391291236, 20.824818185267205 ], [ -156.58722730568951, 20.823998760476666 ], [ -156.589798459780297, 20.823985613685252 ], [ -156.592106106278692, 20.825644755176931 ], [ -156.594049663724661, 20.82797863956532 ], [ -156.594439570592186, 20.831898207057538 ], [ -156.59586949752233, 20.834314809131715 ], [ -156.595460562840316, 20.834673083288713 ], [ -156.595462365438379, 20.834949294728784 ], [ -156.594298757120242, 20.835198688748193 ], [ -156.594661272442579, 20.837000048028081 ], [ -156.593999841319743, 20.837628046539024 ], [ -156.593386601503596, 20.83789733397909 ], [ -156.593391126030014, 20.838674500597037 ], [ -156.592364527924957, 20.839649204128534 ], [ -156.591917606090419, 20.840041192179314 ], [ -156.591615983760136, 20.840604002756017 ], [ -156.591036067356981, 20.841112368931967 ], [ -156.590638728464285, 20.841853853466247 ], [ -156.589214760730584, 20.843604010608818 ], [ -156.588391374170101, 20.844325863886358 ], [ -156.587432196292241, 20.846115220512665 ], [ -156.586065344282048, 20.846714984261428 ], [ -156.585750604992285, 20.847268601690221 ], [ -156.585756755021549, 20.848311390008266 ], [ -156.585432227501911, 20.849160496552685 ], [ -156.58543675626575, 20.849952076877575 ], [ -156.584821401666346, 20.85131889160245 ], [ -156.584822944638688, 20.851592319730642 ], [ -156.584801782729443, 20.852159600471474 ], [ -156.585399310805514, 20.851592251884579 ], [ -156.586570274738136, 20.851631255486431 ], [ -156.586177605398831, 20.851265804925063 ], [ -156.586869979176811, 20.849727587229673 ], [ -156.587172230667392, 20.848633856514724 ], [ -156.588874932253191, 20.847886703237528 ], [ -156.5892094337282, 20.847593405180973 ], [ -156.589796355963813, 20.845976306489867 ], [ -156.590671643624091, 20.846254231912308 ], [ -156.590953324045785, 20.846538217483523 ], [ -156.591527012797485, 20.845468004150792 ], [ -156.591841241352768, 20.845192403838212 ], [ -156.592278025834133, 20.84437753135305 ], [ -156.592911720575103, 20.844398612166422 ], [ -156.593306394977304, 20.8433114559109 ], [ -156.593604349460207, 20.843050040603803 ], [ -156.593912753100938, 20.841423715782028 ], [ -156.594496659940773, 20.840911691570636 ], [ -156.594507456030527, 20.840622033320532 ], [ -156.594504529424427, 20.840115783774614 ], [ -156.595674549075, 20.839004855257578 ], [ -156.596270596336126, 20.839304224723168 ], [ -156.597272597918248, 20.838352827132027 ], [ -156.598001449935765, 20.837713856317851 ], [ -156.598588105813377, 20.836618925932509 ], [ -156.599249174636611, 20.836615497117361 ], [ -156.604800594797439, 20.837012810957123 ], [ -156.607394270943217, 20.838509639051129 ], [ -156.613844756683818, 20.846392724350814 ], [ -156.615914658106306, 20.849889932232045 ], [ -156.616236747694046, 20.851488324533381 ], [ -156.616742410574574, 20.854706988512138 ], [ -156.617549582198222, 20.856331976039272 ], [ -156.618489594370487, 20.857279183972295 ], [ -156.622743546487442, 20.860970868786769 ], [ -156.626453791334171, 20.864993808000051 ], [ -156.62885051990105, 20.869991595988115 ], [ -156.629118813988612, 20.876856419515303 ], [ -156.630700084263879, 20.880038126008586 ], [ -156.634504035615919, 20.883870570553235 ], [ -156.637769654751196, 20.886318384876656 ], [ -156.638653755391488, 20.887584044872291 ], [ -156.639242193514207, 20.889881599048486 ], [ -156.639252808901432, 20.891632411885649 ], [ -156.639213482581255, 20.89268861733035 ], [ -156.639486865992495, 20.89434200179134 ], [ -156.639766898967792, 20.896452357348053 ], [ -156.640271281395712, 20.899500470260101 ], [ -156.640260779750918, 20.899775854960687 ], [ -156.64061433510895, 20.900444496997928 ], [ -156.64237104440781, 20.906479221417563 ], [ -156.64344857199265, 20.911139743801726 ], [ -156.644336217583231, 20.916080976807173 ], [ -156.645640585668247, 20.924502173402985 ], [ -156.646820245317457, 20.93209836210076 ], [ -156.64610707484448, 20.93155201453817 ], [ -156.645562054695233, 20.931003222999127 ], [ -156.645244589309215, 20.930992757051392 ], [ -156.645249746920172, 20.931833438409068 ], [ -156.643189307753431, 20.931765569440298 ], [ -156.644925121376986, 20.93337896026723 ], [ -156.644349112639503, 20.933694949790663 ], [ -156.643471073038995, 20.933949357789338 ], [ -156.644264852379706, 20.935084925520293 ], [ -156.643148834287501, 20.935574669009519 ], [ -156.644013145697642, 20.936378143695173 ], [ -156.641379356754953, 20.936056163996323 ], [ -156.639988734827341, 20.935398306447624 ], [ -156.63913881045093, 20.934972128356964 ], [ -156.637984193588693, 20.934690537015733 ], [ -156.636841009079632, 20.93439851457412 ], [ -156.633380118120101, 20.9340849289263 ], [ -156.632249162787758, 20.933517650980797 ], [ -156.631355318593222, 20.933791352144421 ], [ -156.630790463409653, 20.933772661841616 ], [ -156.630069830341739, 20.933900878758806 ] ], [ [ -156.539374167739084, 20.855143624776154 ], [ -156.539479509943078, 20.855760717972402 ], [ -156.539746209403631, 20.855299628529295 ], [ -156.539374167739084, 20.855143624776154 ] ], [ [ -156.581411373418064, 20.839489408985266 ], [ -156.580550778738683, 20.84116490727375 ], [ -156.580957609830648, 20.8415046426035 ], [ -156.581213868469689, 20.842162480157299 ], [ -156.580622144279545, 20.843125259033943 ], [ -156.580337777546106, 20.844224916173129 ], [ -156.580019948844779, 20.844742103436161 ], [ -156.579583036930757, 20.846035760859309 ], [ -156.578633700145417, 20.84678144161397 ], [ -156.57922129258543, 20.847168843461812 ], [ -156.581168328501548, 20.844341942179867 ], [ -156.582083709069565, 20.843166013615651 ], [ -156.582376716066733, 20.841524688105139 ], [ -156.582819800512254, 20.84044102277829 ], [ -156.581411373418064, 20.839489408985266 ] ], [ [ -156.599113050677317, 20.976539933724855 ], [ -156.59920661568583, 20.976871534688883 ], [ -156.599463007481802, 20.976637589171975 ], [ -156.599113050677317, 20.976539933724855 ] ], [ [ -156.599462580787559, 20.845974044293943 ], [ -156.598958713852852, 20.847063389606916 ], [ -156.595776609613807, 20.848838137328165 ], [ -156.595818104339656, 20.8497154249307 ], [ -156.59574667235745, 20.850615067511487 ], [ -156.596665522045981, 20.85226273424438 ], [ -156.59769449147575, 20.854455717557478 ], [ -156.59879240322627, 20.854843608300548 ], [ -156.601061934953094, 20.854380738905 ], [ -156.60525668954989, 20.851398657831975 ], [ -156.605601212222325, 20.850257856844994 ], [ -156.605263818114111, 20.849331189478928 ], [ -156.605385481548865, 20.847797062979694 ], [ -156.604136620235607, 20.848092810317848 ], [ -156.602564078736009, 20.847982564864093 ], [ -156.601852707653251, 20.848333176508739 ], [ -156.601298916978749, 20.848294332151507 ], [ -156.600778217079693, 20.848316134206673 ], [ -156.599524658920075, 20.847541823117652 ], [ -156.60016699864093, 20.846469232021136 ], [ -156.599900878217738, 20.846107966278463 ], [ -156.599462580787559, 20.845974044293943 ] ] ] } },
{ "type": "Feature", "properties": { "ID": 293, "GRIDCODE": 1 }, "geometry": { "type": "Polygon", "coordinates": [ [ [ -156.290749601602641, 20.787467746355272 ], [ -156.290400343308733, 20.787369522710314 ], [ -156.29065680302719, 20.787136052454429 ], [ -156.290749601602641, 20.787467746355272 ] ] ] } },
{ "type": "Feature", "properties": { "ID": 294, "GRIDCODE": 1 }, "geometry": { "type": "Polygon", "coordinates": [ [ [ -156.29778530441115, 20.780536640136489 ], [ -156.297572746375948, 20.782128103043036 ], [ -156.296363105529622, 20.78777756713755 ], [ -156.296616167837726, 20.792547729627231 ], [ -156.297183459531936, 20.796210882850676 ], [ -156.297814559047879, 20.798835817197034 ], [ -156.300332221926851, 20.804527602665306 ], [ -156.303479235742259, 20.808390982856288 ], [ -156.313693904586131, 20.820874974770121 ], [ -156.317982838806017, 20.826777386206171 ], [ -156.321762764304623, 20.833590776673038 ], [ -156.323979766009131, 20.838923326266809 ], [ -156.327334062040791, 20.846557221704426 ], [ -156.33307220485969, 20.860242571443802 ], [ -156.333982069103939, 20.863826517676497 ], [ -156.331642725923018, 20.864351448028156 ], [ -156.33078878374755, 20.863977206206027 ], [ -156.330206604117649, 20.862190119279923 ], [ -156.329695970972864, 20.861673770312212 ], [ -156.327307709549075, 20.862181612275375 ], [ -156.328157797319363, 20.862677217126329 ], [ -156.329300833342785, 20.863220771544231 ], [ -156.328979801702019, 20.865398580950675 ], [ -156.328681394626813, 20.865659482499261 ], [ -156.328394052901189, 20.865931136455547 ], [ -156.326610241611604, 20.86622965874238 ], [ -156.325783042800367, 20.866952178521363 ], [ -156.325738735780988, 20.868072055995789 ], [ -156.32689621696403, 20.869152665913454 ], [ -156.327312587358136, 20.869573519854409 ], [ -156.3285910744533, 20.870767103377723 ], [ -156.327726870561349, 20.871066904267369 ], [ -156.325976303203475, 20.87135985003388 ], [ -156.325980151031047, 20.872366479162938 ], [ -156.325101165461462, 20.873198215355561 ], [ -156.323646525255754, 20.872464862387329 ], [ -156.323651541032234, 20.873706387259578 ], [ -156.322492309239351, 20.87342267521969 ], [ -156.321638531864096, 20.873133161018171 ], [ -156.320485218075561, 20.872849528778158 ], [ -156.319353324501321, 20.872278975100347 ], [ -156.318339856617257, 20.87228252325929 ], [ -156.316633065240666, 20.871155679751542 ], [ -156.316051331247593, 20.871157790452113 ], [ -156.315334153457997, 20.871132777111864 ], [ -156.315611615727931, 20.871418828145952 ], [ -156.316476810201294, 20.87169796971952 ], [ -156.316918535430943, 20.872591116881143 ], [ -156.317887524941085, 20.873079647589957 ], [ -156.318769246803299, 20.873363931332083 ], [ -156.319590889167927, 20.874195186126531 ], [ -156.320540453559516, 20.875081740057009 ], [ -156.31984183639338, 20.876626064471246 ], [ -156.319543955003638, 20.877441748607648 ], [ -156.318640763934383, 20.876986261317143 ], [ -156.317514016647635, 20.878960417729484 ], [ -156.317479217887609, 20.879841854104743 ], [ -156.317481000655704, 20.880359248299801 ], [ -156.317101180668999, 20.881065061876971 ], [ -156.31433287977282, 20.881685748479512 ], [ -156.3134167093001, 20.881405790049904 ], [ -156.312851024133636, 20.881120757681948 ], [ -156.311735056761705, 20.880760811856216 ], [ -156.310791076110121, 20.879356802289458 ], [ -156.308876953490142, 20.880245684372298 ], [ -156.307146265628091, 20.879480205309935 ], [ -156.306572314755783, 20.878318733727074 ], [ -156.305970234184372, 20.878576523143501 ], [ -156.306263106006327, 20.878850267929845 ], [ -156.3065309993504, 20.879672324758584 ], [ -156.307054749683346, 20.880161439196687 ], [ -156.307940515409399, 20.881434944376714 ], [ -156.307195345196135, 20.882519163070771 ], [ -156.30463999622188, 20.882969132330118 ], [ -156.303849946869718, 20.882593512014793 ], [ -156.303924686017808, 20.880709467945767 ], [ -156.303640248087277, 20.880168442899141 ], [ -156.303511145165402, 20.879486641473562 ], [ -156.303884966549788, 20.879308975441866 ], [ -156.303652524737061, 20.878582827286689 ], [ -156.303511145165402, 20.879486641473562 ], [ -156.302774222128875, 20.879698648859058 ], [ -156.302780900198769, 20.881498675041993 ], [ -156.302165928288019, 20.882035821808604 ], [ -156.301731901701572, 20.882841512589724 ], [ -156.300715310735001, 20.882559901924651 ], [ -156.300736719287073, 20.882023703068654 ], [ -156.300394582489474, 20.881373317505254 ], [ -156.300754419526754, 20.880388450549567 ], [ -156.30134942956073, 20.879346196095032 ], [ -156.300306950068148, 20.8796165833764 ], [ -156.299895627486336, 20.880380175857773 ], [ -156.298722846872153, 20.881168895939869 ], [ -156.298725075199343, 20.881704938519086 ], [ -156.297699151188596, 20.882181349626062 ], [ -156.296699227950768, 20.881677007207344 ], [ -156.295819629444424, 20.882217216762516 ], [ -156.29496431382168, 20.88218728240334 ], [ -156.294911900774679, 20.883510135115856 ], [ -156.295279592400107, 20.884209601981244 ], [ -156.294338403510665, 20.884620545427762 ], [ -156.292529438561161, 20.885946124504894 ], [ -156.287991851948732, 20.885547251362624 ], [ -156.28798987424986, 20.885062132080265 ], [ -156.288577357090531, 20.882126012033286 ], [ -156.28873053737729, 20.878266646994895 ], [ -156.287347228353298, 20.866692642763212 ], [ -156.286906457657977, 20.864362568758928 ], [ -156.282917242874305, 20.854363937260235 ], [ -156.277514185794757, 20.844046137057639 ], [ -156.272387718732205, 20.836089554419043 ], [ -156.262611830695448, 20.820403877987477 ], [ -156.260118206929491, 20.817202516177954 ], [ -156.26096417100365, 20.816390026017782 ], [ -156.261855689566943, 20.816387215311607 ], [ -156.26240488271074, 20.816943230176161 ], [ -156.262720156965599, 20.816682714547262 ], [ -156.263030130953211, 20.815314277282393 ], [ -156.26413128615664, 20.816429119643413 ], [ -156.265881662218618, 20.81594221931104 ], [ -156.266206425602689, 20.815373710857187 ], [ -156.266199634308776, 20.813520945076842 ], [ -156.267837658920371, 20.815674010306459 ], [ -156.268746835263698, 20.815705961458779 ], [ -156.269931182817146, 20.815188834599098 ], [ -156.270252738807159, 20.814625687884462 ], [ -156.270248717655022, 20.813553092572164 ], [ -156.270553950986795, 20.813552135637028 ], [ -156.27139082429656, 20.8139743742815 ], [ -156.273383223370587, 20.813104287176436 ], [ -156.274023404668554, 20.81254527512959 ], [ -156.273756053710343, 20.811707328840477 ], [ -156.272899234502148, 20.811299464423271 ], [ -156.273774560810921, 20.811163421412651 ], [ -156.274326274171131, 20.811721821122923 ], [ -156.274905228887093, 20.811719919346945 ], [ -156.276035914952018, 20.811759583703708 ], [ -156.276352569424887, 20.811483059409102 ], [ -156.276783534692044, 20.811075573277176 ], [ -156.27752401211086, 20.810428607309817 ], [ -156.277523072739058, 20.810136455134227 ], [ -156.278386964626691, 20.810166706946681 ], [ -156.278955282725036, 20.809629014464484 ], [ -156.279263605808467, 20.809627958017604 ], [ -156.279813480916602, 20.809647266027564 ], [ -156.280444319650172, 20.809371619477517 ], [ -156.28101863554221, 20.808828327583537 ], [ -156.28217029178191, 20.808325267538375 ], [ -156.28274555103124, 20.808058252162063 ], [ -156.284813406100767, 20.807271076225312 ], [ -156.284535855814966, 20.804565752519565 ], [ -156.285640552578997, 20.804247863510799 ], [ -156.284565730547769, 20.803243600495865 ], [ -156.284849478436854, 20.803216222607098 ], [ -156.286000070787338, 20.803256527323146 ], [ -156.286302964127628, 20.802426828142305 ], [ -156.288037791186895, 20.802058059916639 ], [ -156.287764676568173, 20.801066760728325 ], [ -156.286916444802841, 20.800273993535136 ], [ -156.287297331554839, 20.798967575453059 ], [ -156.286365286585038, 20.798096511512853 ], [ -156.288437763247259, 20.797812824139005 ], [ -156.288998102816976, 20.79732336715583 ], [ -156.288988997453401, 20.794922096605923 ], [ -156.289902778545013, 20.794123732122507 ], [ -156.290210943447505, 20.793279821910499 ], [ -156.290795550316858, 20.792768918898368 ], [ -156.290807237111522, 20.792476831123622 ], [ -156.290521340582615, 20.791932867285031 ], [ -156.291696604500345, 20.790177427719012 ], [ -156.290837888613964, 20.789768703687333 ], [ -156.291655907585778, 20.789054114407666 ], [ -156.290749601602641, 20.787467746355272 ], [ -156.293401172776157, 20.787255551111237 ], [ -156.293776078339761, 20.786736035685085 ], [ -156.293209628792965, 20.785742495817001 ], [ -156.293531666318643, 20.785490349937543 ], [ -156.293803411016881, 20.785203686190172 ], [ -156.29426835557021, 20.784839396369534 ], [ -156.295512804022337, 20.784340596930321 ], [ -156.295852672405516, 20.783340057179107 ], [ -156.296444244972804, 20.782876848972442 ], [ -156.297111050032754, 20.780716064603478 ], [ -156.29778530441115, 20.780536640136489 ] ] ] } },
{ "type": "Feature", "properties": { "ID": 295, "GRIDCODE": 1 }, "geometry": { "type": "Polygon", "coordinates": [ [ [ -156.29778530441115, 20.780536640136489 ], [ -156.297913077176958, 20.779915751583776 ], [ -156.298153444839528, 20.780395242287742 ], [ -156.29778530441115, 20.780536640136489 ] ] ] } },
{ "type": "Feature", "properties": { "ID": 296, "GRIDCODE": 1 }, "geometry": { "type": "Polygon", "coordinates": [ [ [ -156.298716526981281, 20.776759408813689 ], [ -156.299100274807984, 20.776957344700449 ], [ -156.298823799481227, 20.777653525640233 ], [ -156.298716526981281, 20.776759408813689 ] ] ] } },
{ "type": "Feature", "properties": { "ID": 297, "GRIDCODE": 2 }, "geometry": { "type": "Polygon", "coordinates": [ [ [ -156.860294505564411, 20.783596470765932 ], [ -156.863089453222244, 20.784089423127252 ], [ -156.865304795156419, 20.785106540392068 ], [ -156.867087454080774, 20.786964527853495 ], [ -156.869317577075179, 20.788617182594187 ], [ -156.871872955354235, 20.789570710957872 ], [ -156.873357795280754, 20.789922763842277 ], [ -156.875661380662137, 20.791983584057661 ], [ -156.878979723038583, 20.79643211595052 ], [ -156.881268968322615, 20.799149133447337 ], [ -156.88403162022135, 20.802790347126169 ], [ -156.890327798013999, 20.810333511540723 ], [ -156.895173872023008, 20.815914757118662 ], [ -156.898290772869501, 20.818123551893311 ], [ -156.901333956505027, 20.821861506922783 ], [ -156.90468156624982, 20.824517136869915 ], [ -156.907517475734409, 20.827613483093398 ], [ -156.909074844651002, 20.829574977315247 ], [ -156.912454784139271, 20.835439279602014 ], [ -156.914999654568646, 20.838644294874172 ], [ -156.916115306004713, 20.840690054891436 ], [ -156.915574581034775, 20.8423690408585 ], [ -156.913874766397441, 20.842905961343746 ], [ -156.912198938824702, 20.842947978195607 ], [ -156.90588225507193, 20.842635354934107 ], [ -156.902640314967357, 20.843841088767753 ], [ -156.898023619787438, 20.843956321737718 ], [ -156.894767933545438, 20.842462681004253 ], [ -156.893922037631739, 20.841581523512524 ], [ -156.89342859757258, 20.8411403408106 ], [ -156.892488900220116, 20.839417034771525 ], [ -156.89174472972428, 20.837882665522525 ], [ -156.890847552835538, 20.836948079272691 ], [ -156.891055465486602, 20.839660004907888 ], [ -156.891553296497278, 20.840573005384393 ], [ -156.891985096298612, 20.84178152871581 ], [ -156.889641470642999, 20.844704250392805 ], [ -156.886492858062894, 20.845283085877103 ], [ -156.882781338050933, 20.844170022396504 ], [ -156.878394077599353, 20.841111750059817 ], [ -156.877239248333154, 20.839208038627465 ], [ -156.876446282740233, 20.83809383108828 ], [ -156.876386280021222, 20.835951406998859 ], [ -156.876462050355087, 20.834602832473298 ], [ -156.875544706936012, 20.835935810381393 ], [ -156.8752448556003, 20.837568016322024 ], [ -156.874365493325769, 20.837817719341594 ], [ -156.871552383286229, 20.838863339898364 ], [ -156.870453794549093, 20.83889069223142 ], [ -156.867639017707575, 20.838014157827736 ], [ -156.863991400942552, 20.83395285876313 ], [ -156.861261504610724, 20.830145445085027 ], [ -156.858884684499657, 20.827668629655729 ], [ -156.854272919063732, 20.823542717164038 ], [ -156.851121766010095, 20.819664939905849 ], [ -156.849475280965237, 20.815519194188163 ], [ -156.848128495514317, 20.810565331196216 ], [ -156.847971538800238, 20.804951980177606 ], [ -156.848898959697891, 20.800311472787708 ], [ -156.850229364608879, 20.792563722763202 ], [ -156.851455866317337, 20.789479635091521 ], [ -156.853443794795794, 20.787000901419727 ], [ -156.856551616553276, 20.784686281745536 ], [ -156.860154127322659, 20.78373534682316 ], [ -156.860294505564411, 20.783596470765932 ] ], [ [ -156.866292371674746, 20.807784310524653 ], [ -156.865218051759456, 20.809041733980212 ], [ -156.864259359772433, 20.810838753049339 ], [ -156.863721685420813, 20.816602753962847 ], [ -156.865062124780081, 20.819131016403755 ], [ -156.870968995401967, 20.825491419374508 ], [ -156.87454123892536, 20.82590129507939 ], [ -156.877285515794881, 20.827097242172659 ], [ -156.882811699426668, 20.831698635864015 ], [ -156.886421704566231, 20.834397014880864 ], [ -156.893601636076966, 20.835077611440845 ], [ -156.895770241018539, 20.834281534678109 ], [ -156.897020982223239, 20.83253805175401 ], [ -156.897574856910438, 20.830044896305704 ], [ -156.897550293045327, 20.826908835638346 ], [ -156.896521318634086, 20.824969082577244 ], [ -156.894027992572376, 20.82306015022731 ], [ -156.890719773545811, 20.822584346369609 ], [ -156.888727405406883, 20.822175101124163 ], [ -156.885746889265846, 20.820684716174025 ], [ -156.881678400522844, 20.818295667224639 ], [ -156.872624383321096, 20.81025537069862 ], [ -156.868570635406172, 20.80797404445789 ], [ -156.866292371674746, 20.807784310524653 ] ] ] } },
{ "type": "Feature", "properties": { "ID": 298, "GRIDCODE": 1 }, "geometry": { "type": "Polygon", "coordinates": [ [ [ -156.304974144758177, 20.764940357229325 ], [ -156.304835983398277, 20.765357028771913 ], [ -156.301532546689856, 20.771509569477541 ], [ -156.299989989192255, 20.774735511287172 ], [ -156.29892369284633, 20.774220808824282 ], [ -156.298892440871583, 20.773875010057978 ], [ -156.299654764675864, 20.773960140319769 ], [ -156.300199642025177, 20.772830428243122 ], [ -156.30094764729742, 20.771648362293266 ], [ -156.300141094497178, 20.770271112363343 ], [ -156.300414639944108, 20.769596041082604 ], [ -156.301186612516659, 20.769295405706078 ], [ -156.302175700562543, 20.7677277740137 ], [ -156.303084600137396, 20.76668378013138 ], [ -156.303356126886825, 20.766121216232936 ], [ -156.304974144758177, 20.764940357229325 ] ] ] } },
{ "type": "Feature", "properties": { "ID": 299, "GRIDCODE": 1 }, "geometry": { "type": "Polygon", "coordinates": [ [ [ -156.305569138123445, 20.763866291354947 ], [ -156.305318813769304, 20.764724510329938 ], [ -156.304974144758177, 20.764940357229325 ], [ -156.305105309975602, 20.764077888258765 ], [ -156.305569138123445, 20.763866291354947 ] ] ] } },
{ "type": "Feature", "properties": { "ID": 300, "GRIDCODE": 1 }, "geometry": { "type": "Polygon", "coordinates": [ [ [ -156.305569138123445, 20.763866291354947 ], [ -156.305673674463748, 20.763537699734151 ], [ -156.305921645530788, 20.763779114406226 ], [ -156.305569138123445, 20.763866291354947 ] ] ] } },
{ "type": "Feature", "properties": { "ID": 301, "GRIDCODE": 1 }, "geometry": { "type": "Polygon", "coordinates": [ [ [ -156.308870212697911, 20.756334213626698 ], [ -156.308521007287226, 20.756236033159993 ], [ -156.308777383877555, 20.756002526210857 ], [ -156.308870212697911, 20.756334213626698 ] ] ] } },
{ "type": "Feature", "properties": { "ID": 302, "GRIDCODE": 1 }, "geometry": { "type": "Polygon", "coordinates": [ [ [ -156.31003609118892, 20.755539921341562 ], [ -156.309863349221331, 20.75616409012633 ], [ -156.30929078923586, 20.756975479814727 ], [ -156.308870212697911, 20.756334213626698 ], [ -156.31003609118892, 20.755539921341562 ] ] ] } },
{ "type": "Feature", "properties": { "ID": 303, "GRIDCODE": 1 }, "geometry": { "type": "Polygon", "coordinates": [ [ [ -156.310333549635374, 20.755002875511916 ], [ -156.310323964525594, 20.755544429587033 ], [ -156.31003609118892, 20.755539921341562 ], [ -156.310045677321568, 20.754998367394656 ], [ -156.310333549635374, 20.755002875511916 ] ] ] } },
{ "type": "Feature", "properties": { "ID": 304, "GRIDCODE": 1 }, "geometry": { "type": "Polygon", "coordinates": [ [ [ -156.310333549635374, 20.755002875511916 ], [ -156.310461237743112, 20.754381967987708 ], [ -156.31070161678619, 20.754861442278632 ], [ -156.310333549635374, 20.755002875511916 ] ] ] } },
{ "type": "Feature", "properties": { "ID": 305, "GRIDCODE": 1 }, "geometry": { "type": "Polygon", "coordinates": [ [ [ -156.311532940142598, 20.752313129655139 ], [ -156.311882139548658, 20.752411303256391 ], [ -156.311625773909697, 20.75264481611843 ], [ -156.311532940142598, 20.752313129655139 ] ] ] } },
{ "type": "Feature", "properties": { "ID": 306, "GRIDCODE": 1 }, "geometry": { "type": "Polygon", "coordinates": [ [ [ -156.311830385879148, 20.751776079779862 ], [ -156.312179584359967, 20.751874252667093 ], [ -156.311923220132712, 20.752107766135801 ], [ -156.311830385879148, 20.751776079779862 ] ] ] } },
{ "type": "Feature", "properties": { "ID": 307, "GRIDCODE": 1 }, "geometry": { "type": "Polygon", "coordinates": [ [ [ -156.312127829340028, 20.751239029128914 ], [ -156.312477026895635, 20.751337201302135 ], [ -156.31222066408003, 20.751570715377483 ], [ -156.312127829340028, 20.751239029128914 ] ] ] } },
{ "type": "Feature", "properties": { "ID": 308, "GRIDCODE": 1 }, "geometry": { "type": "Polygon", "coordinates": [ [ [ -156.312425270525324, 20.75070197770232 ], [ -156.31277446715572, 20.750800149161577 ], [ -156.312518105751707, 20.751033663843529 ], [ -156.312425270525324, 20.75070197770232 ] ] ] } },
{ "type": "Feature", "properties": { "ID": 309, "GRIDCODE": 1 }, "geometry": { "type": "Polygon", "coordinates": [ [ [ -156.312722709435121, 20.750164925500137 ], [ -156.313071905140362, 20.750263096245451 ], [ -156.312815545147856, 20.750496611533972 ], [ -156.312722709435121, 20.750164925500137 ] ] ] } },
{ "type": "Feature", "properties": { "ID": 310, "GRIDCODE": 1 }, "geometry": { "type": "Polygon", "coordinates": [ [ [ -156.313327151626055, 20.748549262952928 ], [ -156.313850790169369, 20.748657301275941 ], [ -156.313404517438215, 20.749454020633166 ], [ -156.313103165951873, 20.748955874532676 ], [ -156.313327151626055, 20.748549262952928 ] ] ] } },
{ "type": "Feature", "properties": { "ID": 311, "GRIDCODE": 1 }, "geometry": { "type": "Polygon", "coordinates": [ [ [ -156.318934987825457, 20.740782106277511 ], [ -156.31867909123801, 20.74150114030822 ], [ -156.31523301060173, 20.746562337751545 ], [ -156.314961532995596, 20.745996551519823 ], [ -156.314237867429767, 20.744971526555002 ], [ -156.314696195982123, 20.744096036723786 ], [ -156.315480247793943, 20.744137515235941 ], [ -156.316735567297485, 20.743079395090319 ], [ -156.317042018184566, 20.741694997597037 ], [ -156.317771841832865, 20.741733634117416 ], [ -156.318207450823962, 20.740901023889936 ], [ -156.318934987825457, 20.740782106277511 ] ] ] } },
{ "type": "Feature", "properties": { "ID": 312, "GRIDCODE": 1 }, "geometry": { "type": "Polygon", "coordinates": [ [ [ -156.012449072164941, 20.734373567026207 ], [ -156.012598593156355, 20.734503896862119 ], [ -156.012737317962603, 20.74130909866351 ], [ -156.013659112595633, 20.748851456460429 ], [ -156.014992240719067, 20.75256004777345 ], [ -156.013702422949649, 20.751583479618066 ], [ -156.013115558436226, 20.751317813391147 ], [ -156.012716754413191, 20.750881803034794 ], [ -156.012268151871012, 20.750490676072371 ], [ -156.012002287040332, 20.750199913490572 ], [ -156.010858397218357, 20.749681914457007 ], [ -156.010584643832885, 20.749092049345332 ], [ -156.009463998717649, 20.747521926922275 ], [ -156.009880578924168, 20.743694619232276 ], [ -156.010502066585701, 20.742154816890991 ], [ -156.009908714689686, 20.741506368247528 ], [ -156.008509351620177, 20.741174320420772 ], [ -156.009422661565139, 20.740248107158774 ], [ -156.010972126608465, 20.738993265050393 ], [ -156.008448583001041, 20.738504542638086 ], [ -156.009123090832645, 20.738227501561411 ], [ -156.009640838980687, 20.737702053437442 ], [ -156.010459262062881, 20.737039426396141 ], [ -156.011412881184953, 20.735561986404274 ], [ -156.012319848647962, 20.735886107816278 ], [ -156.012272959816471, 20.734809894412436 ], [ -156.012449072164941, 20.734373567026207 ] ] ] } },
{ "type": "Feature", "properties": { "ID": 313, "GRIDCODE": 1 }, "geometry": { "type": "Polygon", "coordinates": [ [ [ -156.321880217664045, 20.73703606596424 ], [ -156.321435589074866, 20.737728095376962 ], [ -156.319322950775017, 20.740466651404784 ], [ -156.318934987825457, 20.740782106277511 ], [ -156.319181649240733, 20.739900917732502 ], [ -156.318616784324547, 20.739054548435476 ], [ -156.319428538226447, 20.738783263797323 ], [ -156.319673955213034, 20.738195655985045 ], [ -156.320018539228045, 20.737979902253635 ], [ -156.320650645778045, 20.737148230971254 ], [ -156.321880217664045, 20.73703606596424 ] ] ] } },
{ "type": "Feature", "properties": { "ID": 314, "GRIDCODE": 1 }, "geometry": { "type": "Polygon", "coordinates": [ [ [ -156.321880217664045, 20.73703606596424 ], [ -156.321984694284538, 20.73670745761904 ], [ -156.322232655648804, 20.736948847433496 ], [ -156.321880217664045, 20.73703606596424 ] ] ] } },
{ "type": "Feature", "properties": { "ID": 315, "GRIDCODE": 1 }, "geometry": { "type": "Polygon", "coordinates": [ [ [ -156.012805938429921, 20.730859368968986 ], [ -156.013154817316206, 20.730958122311105 ], [ -156.012898091651778, 20.731191140259902 ], [ -156.012805938429921, 20.730859368968986 ] ] ] } },
{ "type": "Feature", "properties": { "ID": 316, "GRIDCODE": 1 }, "geometry": { "type": "Polygon", "coordinates": [ [ [ -156.012832514389657, 20.729505830150639 ], [ -156.013232555447047, 20.729776176688496 ], [ -156.01290603172248, 20.730700849689732 ], [ -156.012640054081572, 20.730188212889455 ], [ -156.012832514389657, 20.729505830150639 ] ] ] } },
{ "type": "Feature", "properties": { "ID": 317, "GRIDCODE": 1 }, "geometry": { "type": "Polygon", "coordinates": [ [ [ -156.012890973999191, 20.726528043886667 ], [ -156.013489221943132, 20.72669605138201 ], [ -156.012961140473124, 20.729325724681448 ], [ -156.012684052792309, 20.727302999114006 ], [ -156.012890973999191, 20.726528043886667 ] ] ] } },
{ "type": "Feature", "properties": { "ID": 318, "GRIDCODE": 1 }, "geometry": { "type": "Polygon", "coordinates": [ [ [ -156.324570792745817, 20.731390011986267 ], [ -156.324221628603425, 20.731291868367158 ], [ -156.324477937110146, 20.731058330128086 ], [ -156.324570792745817, 20.731390011986267 ] ] ] } },
{ "type": "Feature", "properties": { "ID": 319, "GRIDCODE": 1 }, "geometry": { "type": "Polygon", "coordinates": [ [ [ -156.013194658294481, 20.725720919119091 ], [ -156.013543526201772, 20.725819670316834 ], [ -156.013286810820063, 20.726052690096161 ], [ -156.013194658294481, 20.725720919119091 ] ] ] } },
{ "type": "Feature", "properties": { "ID": 320, "GRIDCODE": 1 }, "geometry": { "type": "Polygon", "coordinates": [ [ [ -156.324570792745817, 20.731390011986267 ], [ -156.325449826918572, 20.73114314966282 ], [ -156.325886675057717, 20.729915622469662 ], [ -156.326448027249995, 20.729442552467724 ], [ -156.327096652866118, 20.728530564520135 ], [ -156.327657996133325, 20.728057489527732 ], [ -156.328443599781963, 20.727285696864435 ], [ -156.330199913740927, 20.726471840106203 ], [ -156.327618403290984, 20.729671692112099 ], [ -156.323177805568861, 20.735487358147886 ], [ -156.323251859069615, 20.734250885001781 ], [ -156.324893516454949, 20.732304408658653 ], [ -156.324570792745817, 20.731390011986267 ] ] ] } },
{ "type": "Feature", "properties": { "ID": 321, "GRIDCODE": 1 }, "geometry": { "type": "Polygon", "coordinates": [ [ [ -156.018755713205451, 20.706319725107281 ], [ -156.019104543490101, 20.706418460223652 ], [ -156.018847872336352, 20.706651493790886 ], [ -156.018755713205451, 20.706319725107281 ] ] ] } },
{ "type": "Feature", "properties": { "ID": 322, "GRIDCODE": 1 }, "geometry": { "type": "Polygon", "coordinates": [ [ [ -156.01935231536325, 20.705246853517931 ], [ -156.019723331106093, 20.70540388712914 ], [ -156.019455473880782, 20.705864027228749 ], [ -156.01935231536325, 20.705246853517931 ] ] ] } },
{ "type": "Feature", "properties": { "ID": 323, "GRIDCODE": 1 }, "geometry": { "type": "Polygon", "coordinates": [ [ [ -156.02085436689751, 20.702023239247342 ], [ -156.021531632958556, 20.702199321388875 ], [ -156.019892143953854, 20.704978129226379 ], [ -156.018869408059402, 20.704287111201623 ], [ -156.01921696645411, 20.703459437734118 ], [ -156.020455937580692, 20.703253992004431 ], [ -156.020733794371012, 20.702181411849129 ], [ -156.02085436689751, 20.702023239247342 ] ] ] } },
{ "type": "Feature", "properties": { "ID": 324, "GRIDCODE": 1 }, "geometry": { "type": "Polygon", "coordinates": [ [ [ -156.047789690993682, 20.678385550873674 ], [ -156.047684700494074, 20.678713930650229 ], [ -156.047437309216264, 20.678472204664779 ], [ -156.047789690993682, 20.678385550873674 ] ] ] } },
{ "type": "Feature", "properties": { "ID": 325, "GRIDCODE": 1 }, "geometry": { "type": "Polygon", "coordinates": [ [ [ -156.05905555308621, 20.676140974127506 ], [ -156.058950588139993, 20.676469363965367 ], [ -156.058703179943677, 20.67622765241455 ], [ -156.05905555308621, 20.676140974127506 ] ] ] } },
{ "type": "Feature", "properties": { "ID": 326, "GRIDCODE": 1 }, "geometry": { "type": "Polygon", "coordinates": [ [ [ -156.063951012520391, 20.67595366667074 ], [ -156.063846057904499, 20.676282060785059 ], [ -156.063598641250366, 20.676040355374031 ], [ -156.063951012520391, 20.67595366667074 ] ] ] } },
{ "type": "Feature", "properties": { "ID": 327, "GRIDCODE": 1 }, "geometry": { "type": "Polygon", "coordinates": [ [ [ -156.141340156243558, 20.676984399681299 ], [ -156.141235361126206, 20.677312860618795 ], [ -156.140987805379893, 20.67707125182649 ], [ -156.141340156243558, 20.676984399681299 ] ] ] } },
{ "type": "Feature", "properties": { "ID": 328, "GRIDCODE": 1 }, "geometry": { "type": "Polygon", "coordinates": [ [ [ -156.361167713825409, 20.679679315727267 ], [ -156.361163030453781, 20.679950106371425 ], [ -156.36079670241017, 20.679809063596188 ], [ -156.361167713825409, 20.679679315727267 ] ] ] } },
{ "type": "Feature", "properties": { "ID": 329, "GRIDCODE": 1 }, "geometry": { "type": "Polygon", "coordinates": [ [ [ -156.047789690993682, 20.678385550873674 ], [ -156.047928414979339, 20.677693454382677 ], [ -156.048797545930086, 20.677375919334406 ], [ -156.049724211552842, 20.67672773063855 ], [ -156.049668075944737, 20.676317383443799 ], [ -156.050632047581018, 20.675643117037382 ], [ -156.051325868583717, 20.674828287517109 ], [ -156.051755415350016, 20.674776002846887 ], [ -156.052683105211202, 20.675324501773559 ], [ -156.054225077050148, 20.675757220738056 ], [ -156.054374133845357, 20.676842608938951 ], [ -156.051061517809359, 20.677441401425302 ], [ -156.04876158240927, 20.678247230848825 ], [ -156.047789690993682, 20.678385550873674 ] ] ] } },
{ "type": "Feature", "properties": { "ID": 330, "GRIDCODE": 1 }, "geometry": { "type": "Polygon", "coordinates": [ [ [ -156.05905555308621, 20.676140974127506 ], [ -156.059204658858476, 20.674907420197943 ], [ -156.059932257482757, 20.674641491336434 ], [ -156.059359904698084, 20.673194631521245 ], [ -156.060988550907155, 20.673854620449148 ], [ -156.061520899586725, 20.674169420382455 ], [ -156.062128756382464, 20.674415688168413 ], [ -156.062650686890379, 20.675271928558146 ], [ -156.063196359127062, 20.675683348256022 ], [ -156.063252797424354, 20.676094493337096 ], [ -156.05905555308621, 20.676140974127506 ] ] ] } },
{ "type": "Feature", "properties": { "ID": 331, "GRIDCODE": 1 }, "geometry": { "type": "Polygon", "coordinates": [ [ [ -156.213382264023437, 20.671664677432208 ], [ -156.213277623626368, 20.671993200740175 ], [ -156.213029947718496, 20.671751683306987 ], [ -156.213382264023437, 20.671664677432208 ] ] ] } },
{ "type": "Feature", "properties": { "ID": 332, "GRIDCODE": 1 }, "geometry": { "type": "Polygon", "coordinates": [ [ [ -156.078349766866751, 20.675386021517994 ], [ -156.078165617798135, 20.675566570266433 ], [ -156.068993229403219, 20.675909278177503 ], [ -156.063951012520391, 20.67595366667074 ], [ -156.062998531571509, 20.674690353225319 ], [ -156.062724696996582, 20.673076688791532 ], [ -156.062158042024976, 20.67261717516778 ], [ -156.063346981808564, 20.672222632546905 ], [ -156.065163100608402, 20.67242812297475 ], [ -156.064785154029124, 20.670674503851437 ], [ -156.063808353115093, 20.669347179213265 ], [ -156.06523601832771, 20.668416784404336 ], [ -156.066752921021276, 20.668588463221933 ], [ -156.067162649707853, 20.668279666472845 ], [ -156.06709774758454, 20.667547978909518 ], [ -156.069150419830805, 20.667226666930869 ], [ -156.06944903318302, 20.667260439568853 ], [ -156.070833397294052, 20.666797491674224 ], [ -156.07171907642919, 20.667838668276989 ], [ -156.072542656660744, 20.668191705457232 ], [ -156.073625947790447, 20.669464861614514 ], [ -156.074785395151764, 20.669961644016752 ], [ -156.07514587699464, 20.670579869253203 ], [ -156.075396269328422, 20.671150869577453 ], [ -156.075982907913129, 20.671948140745268 ], [ -156.076515777628146, 20.672794746697441 ], [ -156.077076117972808, 20.673249085454582 ], [ -156.07741294406938, 20.674017519642334 ], [ -156.07819508272172, 20.675260553622632 ], [ -156.078349766866751, 20.675386021517994 ] ] ] } },
{ "type": "Feature", "properties": { "ID": 333, "GRIDCODE": 1 }, "geometry": { "type": "Polygon", "coordinates": [ [ [ -156.361163030453781, 20.679950106371425 ], [ -156.361534042011328, 20.679820357717947 ], [ -156.361167713825409, 20.679679315727267 ], [ -156.361846255627285, 20.67896216160711 ], [ -156.363099969678018, 20.677978448770414 ], [ -156.363914196269207, 20.677118010631819 ], [ -156.364777817401119, 20.676440309293941 ], [ -156.365401945155071, 20.675535690587228 ], [ -156.366012445110186, 20.674752537413298 ], [ -156.366293189402825, 20.673924135466656 ], [ -156.366980540576293, 20.672807408346429 ], [ -156.366653667462799, 20.670950146519498 ], [ -156.366078523865326, 20.669603969130375 ], [ -156.366120773101471, 20.669191442232922 ], [ -156.366093220523737, 20.668784725978906 ], [ -156.366120932646169, 20.668514286003241 ], [ -156.366066471786354, 20.667712369715318 ], [ -156.366897496790841, 20.666362284402485 ], [ -156.368217989432424, 20.663680821707064 ], [ -156.368526690237417, 20.661227654881856 ], [ -156.369102455396501, 20.660775787817204 ], [ -156.369408473759506, 20.66015765477664 ], [ -156.370009558286228, 20.659916063722285 ], [ -156.370280920234421, 20.659629235262813 ], [ -156.370906056386701, 20.659377955965351 ], [ -156.370851334438811, 20.658573257099743 ], [ -156.371188349467417, 20.658308853687021 ], [ -156.372053747933876, 20.656947618669399 ], [ -156.372367114737074, 20.656701632642825 ], [ -156.372661751639527, 20.655060829742474 ], [ -156.373250301021784, 20.654598823873155 ], [ -156.373585128525917, 20.653610795826257 ], [ -156.374593570118748, 20.652148295193033 ], [ -156.376172291036625, 20.651727005701936 ], [ -156.37575831911937, 20.64863551216089 ], [ -156.375373363172514, 20.648600558224043 ], [ -156.375077426166968, 20.648618406688232 ], [ -156.374525617292107, 20.648317585058223 ], [ -156.371077704578624, 20.647769102604489 ], [ -156.370468493666124, 20.646819990407298 ], [ -156.369670956782983, 20.646151698938301 ], [ -156.370006124254729, 20.644800766340399 ], [ -156.372029718024152, 20.643654107985959 ], [ -156.372586647815751, 20.643704780886573 ], [ -156.373437281794622, 20.643425442102348 ], [ -156.375073247966355, 20.643101706834294 ], [ -156.374629496353435, 20.641025901969861 ], [ -156.374517433155802, 20.639795250189419 ], [ -156.374805103244285, 20.639799627031582 ], [ -156.374809752548657, 20.639528832150575 ], [ -156.375097422203908, 20.639533208451844 ], [ -156.375106719572216, 20.638991618536323 ], [ -156.375458906760997, 20.638904262230028 ], [ -156.375210992252306, 20.638662954839589 ], [ -156.375106719572216, 20.638991618536323 ], [ -156.374819050933041, 20.638987242360095 ], [ -156.374809752548657, 20.639528832150575 ], [ -156.374522082968213, 20.639524455370939 ], [ -156.374517433155802, 20.639795250189419 ], [ -156.373812195479644, 20.639136451345465 ], [ -156.374299703985315, 20.637337879330776 ], [ -156.374850716092197, 20.636815376162925 ], [ -156.375579328978603, 20.636177332505024 ], [ -156.37613666051999, 20.635138582276291 ], [ -156.376950733868398, 20.634366397668096 ], [ -156.378915308159264, 20.633947092997612 ], [ -156.380261095342803, 20.631889338128985 ], [ -156.381161901738324, 20.630808430579744 ], [ -156.381764898296382, 20.629150185312088 ], [ -156.386671518368018, 20.631151558370366 ], [ -156.389017444757911, 20.633869950002754 ], [ -156.389666984206883, 20.637120008719997 ], [ -156.389075383755255, 20.644399099074427 ], [ -156.388093429240399, 20.649552013774588 ], [ -156.38608596112104, 20.657543264454596 ], [ -156.383142590126198, 20.665634532806283 ], [ -156.379066380834189, 20.673484311466058 ], [ -156.375740261549311, 20.677326050780422 ], [ -156.372330103960337, 20.681337039748069 ], [ -156.363005776777555, 20.691004200534987 ], [ -156.354940684018459, 20.69868217640775 ], [ -156.348076115847107, 20.705206279029117 ], [ -156.330643532121513, 20.725929211786131 ], [ -156.331198571875575, 20.722687550883016 ], [ -156.331496663469466, 20.722426610112393 ], [ -156.331802680318077, 20.721071785365265 ], [ -156.33269665288779, 20.720000373317621 ], [ -156.332693333195238, 20.719194893490315 ], [ -156.33327949407095, 20.718682238887343 ], [ -156.333581726348285, 20.718119949901851 ], [ -156.334028840796719, 20.717728662210352 ], [ -156.334459371651832, 20.717320981114138 ], [ -156.334757446694567, 20.717060032788151 ], [ -156.335474710145149, 20.716380511333266 ], [ -156.336369195650406, 20.715598058928027 ], [ -156.336943221438418, 20.715054385966152 ], [ -156.337662397932633, 20.714425139848768 ], [ -156.33828758395731, 20.713559551541287 ], [ -156.339099815163365, 20.71284907844715 ], [ -156.339858059303026, 20.711832918487193 ], [ -156.340636525646431, 20.710108708920501 ], [ -156.340932971787225, 20.709295425198103 ], [ -156.341235745656633, 20.708763677161556 ], [ -156.341537926038512, 20.708201368271759 ], [ -156.342714380398434, 20.707172210159214 ], [ -156.343846313286178, 20.706099769048691 ], [ -156.345015971520581, 20.705587870282763 ], [ -156.345330899950341, 20.705034874948701 ], [ -156.345627308788664, 20.704221578911064 ], [ -156.345943034816344, 20.703945272735929 ], [ -156.345938391674423, 20.702872212175198 ], [ -156.346241416945588, 20.702340323800055 ], [ -156.346542528775956, 20.701256238113576 ], [ -156.347434960221648, 20.699920985253435 ], [ -156.347872470739958, 20.699107079791602 ], [ -156.348477916854705, 20.698043812153404 ], [ -156.349182979158343, 20.696731450520634 ], [ -156.349505085049969, 20.696426402010051 ], [ -156.349803092174682, 20.696165419793047 ], [ -156.350094748105249, 20.695622898565833 ], [ -156.352168785956337, 20.693433302300932 ], [ -156.35274662798841, 20.692418656743808 ], [ -156.353167820096672, 20.691262467085796 ], [ -156.354520193786954, 20.689737304325789 ], [ -156.354881753451707, 20.687285666371995 ], [ -156.355573058938688, 20.686630503221782 ], [ -156.356043707341257, 20.686218607989598 ], [ -156.356036849538668, 20.684635920934504 ], [ -156.356339792468987, 20.684071867592301 ], [ -156.356638043576851, 20.683810873632069 ], [ -156.356636645485537, 20.683534700372274 ], [ -156.357233141178511, 20.683012842643496 ], [ -156.357812396828791, 20.682463737632567 ], [ -156.35922649480176, 20.682512534612297 ], [ -156.360929314194522, 20.680592204928729 ], [ -156.361163030453781, 20.679950106371425 ] ] ] } },
{ "type": "Feature", "properties": { "ID": 334, "GRIDCODE": 1 }, "geometry": { "type": "Polygon", "coordinates": [ [ [ -156.213382264023437, 20.671664677432208 ], [ -156.213264007757971, 20.670707163337017 ], [ -156.212665650419837, 20.67018635961503 ], [ -156.211894959117956, 20.66934617205667 ], [ -156.211245267889268, 20.669805260924417 ], [ -156.211261449831994, 20.670165492999207 ], [ -156.210396462734309, 20.670102959201909 ], [ -156.210104093833735, 20.670400537443346 ], [ -156.208735679298769, 20.67077405358107 ], [ -156.208069609525438, 20.671451728134674 ], [ -156.207465630663165, 20.671408086792258 ], [ -156.206771485126922, 20.672114526450279 ], [ -156.206308491144227, 20.672490396903587 ], [ -156.205835340667107, 20.674265113065555 ], [ -156.205436095077857, 20.673829637877915 ], [ -156.204280762751893, 20.673875695381774 ], [ -156.203806814298787, 20.671796401042137 ], [ -156.203159047126633, 20.672455440009525 ], [ -156.201779609945589, 20.672355549537532 ], [ -156.201115162772282, 20.673218625539434 ], [ -156.200828586810843, 20.674041816577272 ], [ -156.200358122992668, 20.674823800410781 ], [ -156.199657881369319, 20.676196747743735 ], [ -156.198201197186222, 20.67587895490507 ], [ -156.197902235967859, 20.675890887780962 ], [ -156.197333920871529, 20.675588063180999 ], [ -156.196919364636415, 20.676400435020042 ], [ -156.196754756412815, 20.675600593266672 ], [ -156.196513216570025, 20.673955522046217 ], [ -156.196211166524733, 20.673967534323378 ], [ -156.19476409535406, 20.673373086257637 ], [ -156.194107837536308, 20.67465970690148 ], [ -156.193312665134584, 20.674987546077684 ], [ -156.192960531901065, 20.676606812916162 ], [ -156.191965683653564, 20.675276898428908 ], [ -156.191538449287265, 20.673890640113424 ], [ -156.190715770338812, 20.674415060772013 ], [ -156.190748685396301, 20.675145975234162 ], [ -156.189876940434203, 20.677174382242505 ], [ -156.189554052798428, 20.676822109996653 ], [ -156.188735315918109, 20.67610931992883 ], [ -156.188260872534471, 20.675090449695237 ], [ -156.187272172660329, 20.675716878691766 ], [ -156.186273693409049, 20.675989260387592 ], [ -156.185778483904699, 20.678672438987014 ], [ -156.185476769435382, 20.67865058278494 ], [ -156.184660836476581, 20.67905063976179 ], [ -156.184338193325658, 20.677832836335526 ], [ -156.184436142929798, 20.676636850247785 ], [ -156.183734402481235, 20.67512905841895 ], [ -156.182966524547737, 20.675073394060099 ], [ -156.182409458037739, 20.675639803094036 ], [ -156.181793694130249, 20.675595216617637 ], [ -156.181320430960653, 20.677770924141601 ], [ -156.180575758257049, 20.677493064191928 ], [ -156.17979240951189, 20.675810687214625 ], [ -156.178039589794224, 20.676920852624619 ], [ -156.176962143740298, 20.676842633776225 ], [ -156.17658152520508, 20.677151660614747 ], [ -156.176297789855141, 20.677707582759872 ], [ -156.175119668347833, 20.677389799124057 ], [ -156.175151266762441, 20.678096619498898 ], [ -156.174239005084644, 20.679281088316152 ], [ -156.174311767328504, 20.680906074938189 ], [ -156.17392681249919, 20.680644269089704 ], [ -156.173665725424939, 20.680082984522286 ], [ -156.172768232508673, 20.679301521097031 ], [ -156.171956154280423, 20.678415530804987 ], [ -156.171554708787198, 20.680589994828228 ], [ -156.170771342958489, 20.680050148919076 ], [ -156.170837475447655, 20.679242183557964 ], [ -156.170500683152426, 20.679217741413183 ], [ -156.170213094737818, 20.67951029544675 ], [ -156.169385433405154, 20.67811689389033 ], [ -156.168882633890064, 20.677679112646921 ], [ -156.168525873249848, 20.677034789719404 ], [ -156.168274860584546, 20.675932005806239 ], [ -156.167975617625757, 20.675671597526073 ], [ -156.167520023684546, 20.675174287470615 ], [ -156.166307868123454, 20.675768481569222 ], [ -156.165868445300276, 20.674824459697703 ], [ -156.164769833242048, 20.675176129513282 ], [ -156.163277995310239, 20.676120632003858 ], [ -156.163063438254625, 20.675840451849126 ], [ -156.163122602261609, 20.675122037404595 ], [ -156.161949296149146, 20.674759946764311 ], [ -156.161445244615578, 20.674209986327416 ], [ -156.160516197012072, 20.674450166217461 ], [ -156.159579304563948, 20.674749322851614 ], [ -156.15827934349926, 20.674654890099674 ], [ -156.15776259158531, 20.675074295213804 ], [ -156.15677116802533, 20.676082532591892 ], [ -156.156285874779627, 20.675039612961406 ], [ -156.155914875699949, 20.674634785621524 ], [ -156.155024949794267, 20.676016942711502 ], [ -156.154620332572506, 20.674702276483515 ], [ -156.153308346472954, 20.676036193492262 ], [ -156.152984444947464, 20.674613628505742 ], [ -156.152446183855915, 20.675160933200516 ], [ -156.151871419996866, 20.675119166178014 ], [ -156.151438859074887, 20.675558984594627 ], [ -156.150787501529038, 20.67484813794454 ], [ -156.150427933601719, 20.676194736526103 ], [ -156.150119184253072, 20.67644511603233 ], [ -156.14982669724202, 20.676742576669039 ], [ -156.148253383967131, 20.676628204604235 ], [ -156.146952384470609, 20.676679527791286 ], [ -156.145817136923114, 20.676373235776794 ], [ -156.145524089709824, 20.676384778203158 ], [ -156.145236707894497, 20.676363883209113 ], [ -156.144948722668232, 20.676375244052565 ], [ -156.144655446268274, 20.676353985930866 ], [ -156.14356953291221, 20.676700434960829 ], [ -156.143211236082436, 20.676309414405136 ], [ -156.142069904947022, 20.676868764693438 ], [ -156.141340156243558, 20.676984399681299 ], [ -156.14109372999954, 20.676607529686596 ], [ -156.139545135273067, 20.676989383188278 ], [ -156.138855440306173, 20.676557544071962 ], [ -156.138955755357586, 20.676243424620012 ], [ -156.138305230939608, 20.676015881403597 ], [ -156.138052528497383, 20.675629514746575 ], [ -156.137195166009519, 20.675387423641212 ], [ -156.136013028959354, 20.675724687348399 ], [ -156.135904672310517, 20.67526917675567 ], [ -156.13627265123597, 20.675128112517918 ], [ -156.136032947064933, 20.674648467153357 ], [ -156.135904672310517, 20.67526917675567 ], [ -156.135138531362998, 20.675108199711957 ], [ -156.134181037380188, 20.675110656520317 ], [ -156.133746867037559, 20.675095102989737 ], [ -156.133339522599414, 20.677525868164075 ], [ -156.133084339047144, 20.677197374187031 ], [ -156.132028081070558, 20.675052747076297 ], [ -156.131728457879888, 20.675608712052277 ], [ -156.131120168991259, 20.675586946904119 ], [ -156.129967712549927, 20.676676432885394 ], [ -156.128984902388197, 20.675679118500391 ], [ -156.128258172183934, 20.676366146113669 ], [ -156.127907412260214, 20.676010001726169 ], [ -156.126805963986271, 20.676344445264697 ], [ -156.125842139582716, 20.676309854978719 ], [ -156.124778280796988, 20.677930125360547 ], [ -156.12392926067443, 20.679065093239767 ], [ -156.123533584693035, 20.680808247378714 ], [ -156.122117651548422, 20.681677195216942 ], [ -156.121238851010219, 20.68219886219585 ], [ -156.119361882842384, 20.683490376088599 ], [ -156.116550351452531, 20.683983381809021 ], [ -156.116040497396654, 20.683465999339077 ], [ -156.114615034021938, 20.682785306596202 ], [ -156.115565014420241, 20.675348905472131 ], [ -156.113892955981044, 20.675288769684808 ], [ -156.112455970914453, 20.6766469555985 ], [ -156.11165672526738, 20.676618217940074 ], [ -156.110106640107176, 20.677684755484574 ], [ -156.109672473000046, 20.677669140628215 ], [ -156.108210519035396, 20.677672771690609 ], [ -156.105462952676902, 20.677184034963258 ], [ -156.079559205426392, 20.675535190851271 ], [ -156.07879228325794, 20.675536998490031 ], [ -156.078349766866751, 20.675386021517994 ], [ -156.078183884133722, 20.674098960162997 ], [ -156.077270464547524, 20.672242518470952 ], [ -156.076421158616114, 20.670619495120629 ], [ -156.075845312682247, 20.669449644043869 ], [ -156.074581453598796, 20.667260366735398 ], [ -156.073303404685305, 20.666062191733932 ], [ -156.07383308104059, 20.665079968448815 ], [ -156.07494620653091, 20.665440950281088 ], [ -156.075949862186604, 20.666764311351457 ], [ -156.076640972918995, 20.667094585499264 ], [ -156.077374755743961, 20.66819028504478 ], [ -156.077633057253991, 20.66651371763863 ], [ -156.076964299638632, 20.665236111887126 ], [ -156.077330930193625, 20.663595629963119 ], [ -156.078000000000515, 20.663594147333065 ], [ -156.078434113232674, 20.663609836971244 ], [ -156.07927887158371, 20.662811579954447 ], [ -156.079589965667139, 20.663353189746768 ], [ -156.080025439410434, 20.664238068576861 ], [ -156.080724564912003, 20.663914038436662 ], [ -156.081310544572062, 20.663658437435199 ], [ -156.081752177402649, 20.662839720003234 ], [ -156.082476635131002, 20.662865868524641 ], [ -156.082945646106111, 20.661996171581571 ], [ -156.083631930417624, 20.662343658006613 ], [ -156.08478304695376, 20.662628655880205 ], [ -156.085352450591131, 20.662917034234965 ], [ -156.085661345813918, 20.661558132069491 ], [ -156.087094094810539, 20.662133501219628 ], [ -156.087428432545522, 20.660662492740887 ], [ -156.088553655973811, 20.66120012356712 ], [ -156.089685237877831, 20.661773161719058 ], [ -156.08942145626358, 20.660811331734202 ], [ -156.088588595011316, 20.659220109638461 ], [ -156.089116571591148, 20.658644946748954 ], [ -156.090195799466017, 20.659118713544174 ], [ -156.090926105881124, 20.66137426357469 ], [ -156.091587945389193, 20.661398126223897 ], [ -156.091178238637639, 20.659216088635524 ], [ -156.090508174281922, 20.656881025814936 ], [ -156.092364868724275, 20.657340392250696 ], [ -156.092929265910811, 20.657626015934831 ], [ -156.093568036081251, 20.657931140203239 ], [ -156.095231920656488, 20.659620845760131 ], [ -156.094863883297194, 20.654994095436169 ], [ -156.096115280538243, 20.654614239556633 ], [ -156.096484825700145, 20.655365078035494 ], [ -156.097567018002934, 20.656082425514448 ], [ -156.097870611668156, 20.654995803112229 ], [ -156.098451185395902, 20.654489195922928 ], [ -156.098895906703916, 20.653664258559509 ], [ -156.099910209450201, 20.653946849532691 ], [ -156.1022075177072, 20.654730355493562 ], [ -156.102202492119716, 20.652921553992812 ], [ -156.103358766077122, 20.652385195224127 ], [ -156.106156810384647, 20.652855461255438 ], [ -156.107042837584686, 20.653754986735141 ], [ -156.108682010083612, 20.652748658721109 ], [ -156.10913721457797, 20.652747563130237 ], [ -156.110241266441534, 20.652787358779442 ], [ -156.11198151752842, 20.652259005233841 ], [ -156.11259670242984, 20.652534837930212 ], [ -156.113243749386953, 20.653191514142886 ], [ -156.114079682077374, 20.652803771995718 ], [ -156.116183909582389, 20.652879440109075 ], [ -156.117676542553539, 20.652875700897233 ], [ -156.120061932357999, 20.653299837663251 ], [ -156.122043507152483, 20.652698050835138 ], [ -156.122107938648838, 20.653125988019141 ], [ -156.121147299073613, 20.656836659815262 ], [ -156.121415733561264, 20.657562363217831 ], [ -156.122711909501334, 20.659129853460296 ], [ -156.122216047500331, 20.660825056121958 ], [ -156.123030910092922, 20.661214079133366 ], [ -156.122479398296292, 20.662178932820421 ], [ -156.122481484212585, 20.662858534485562 ], [ -156.122445419435707, 20.663743392464148 ], [ -156.12277609901173, 20.665893667485758 ], [ -156.123245613609924, 20.667342493740932 ], [ -156.123886314580574, 20.668908297288588 ], [ -156.122918044563363, 20.669753262608058 ], [ -156.123323217902339, 20.670188078581038 ], [ -156.124651483166758, 20.669028839458278 ], [ -156.124664417851506, 20.668715123942448 ], [ -156.123560647968958, 20.666192792256037 ], [ -156.124136262293035, 20.662874778866158 ], [ -156.1246394079499, 20.661941246016404 ], [ -156.125100547208973, 20.661134090601411 ], [ -156.125097412393416, 20.66007666785865 ], [ -156.125704400660311, 20.659014475639992 ], [ -156.125438257158493, 20.65816583404893 ], [ -156.125155087418904, 20.657624757199457 ], [ -156.124883354585734, 20.657073291788858 ], [ -156.124317866875543, 20.656543374298053 ], [ -156.125118682179959, 20.654706991351734 ], [ -156.126365477242501, 20.653941622328684 ], [ -156.126367899591315, 20.654798694642633 ], [ -156.126332740529534, 20.65566690968431 ], [ -156.126799661354909, 20.658150708277095 ], [ -156.127673373114959, 20.658593055981338 ], [ -156.128294688000267, 20.657440111183568 ], [ -156.128907172151827, 20.656861060340418 ], [ -156.130814405918699, 20.658797036829082 ], [ -156.131663420982647, 20.657787377932145 ], [ -156.132078979861973, 20.656651489722055 ], [ -156.132382307335945, 20.656120177238137 ], [ -156.13317446768707, 20.654650034775301 ], [ -156.134138222224578, 20.653318415378163 ], [ -156.137966689943312, 20.652880023741858 ], [ -156.138786518137408, 20.652164200027094 ], [ -156.13907370539556, 20.6518928503349 ], [ -156.139371929377376, 20.65163226223736 ], [ -156.139918559709287, 20.651115415267522 ], [ -156.141980738075233, 20.650315969144799 ], [ -156.142527440074645, 20.650335475307926 ], [ -156.144009532250635, 20.64981334917524 ], [ -156.145136475454507, 20.64929035577001 ], [ -156.145929942347522, 20.649652203712229 ], [ -156.146426707188709, 20.650660550592736 ], [ -156.146875757452307, 20.650402443536624 ], [ -156.148163927471103, 20.649611270335161 ], [ -156.150217574002937, 20.650230642507761 ], [ -156.150600385485262, 20.651007925667813 ], [ -156.151257387657694, 20.650702991210327 ], [ -156.154018725052993, 20.650801743408842 ], [ -156.155211971448409, 20.650534734463317 ], [ -156.155775808730198, 20.650554878104298 ], [ -156.156749296735285, 20.650259107874298 ], [ -156.158381322056641, 20.650587118098727 ], [ -156.15891391501242, 20.651668098771829 ], [ -156.159501271007741, 20.651965133055199 ], [ -156.160651403806327, 20.651961989650943 ], [ -156.160652193315343, 20.652252138568748 ], [ -156.160635450557976, 20.652669214272237 ], [ -156.161814806659521, 20.652121845273324 ], [ -156.161775717596072, 20.653091584262466 ], [ -156.162622097298907, 20.653089247302205 ], [ -156.163220914514824, 20.65337508597829 ], [ -156.163493870988475, 20.653928772404296 ], [ -156.164625332588344, 20.653403473964975 ], [ -156.166105178770636, 20.653970650106089 ], [ -156.166649610146635, 20.654522975503795 ], [ -156.167044301487209, 20.654149663978586 ], [ -156.168370506388783, 20.654820619815236 ], [ -156.169500262275591, 20.654296053740417 ], [ -156.169533366650569, 20.654602206930726 ], [ -156.169469627052138, 20.65619202398063 ], [ -156.170362676993534, 20.656189491061681 ], [ -156.170334711677555, 20.656879993448772 ], [ -156.170338546009759, 20.658098793060965 ], [ -156.170295703361745, 20.659167525904515 ], [ -156.17058365704014, 20.659459612586605 ], [ -156.171201737883109, 20.659754471359758 ], [ -156.172267783792336, 20.660836108146313 ], [ -156.1720054471445, 20.659979772755985 ], [ -156.171440099681064, 20.658900928747489 ], [ -156.171487980814561, 20.657711408728492 ], [ -156.171482509524111, 20.656019024499439 ], [ -156.171928610552669, 20.65519070771478 ], [ -156.173568784572211, 20.655721574476139 ], [ -156.174381896903753, 20.656546601334476 ], [ -156.174676666868919, 20.65599945464162 ], [ -156.181050545399501, 20.657459131758905 ], [ -156.188853837065352, 20.657296001721662 ], [ -156.194386620595083, 20.656660635311002 ], [ -156.202342575911359, 20.65508224293432 ], [ -156.204976756769497, 20.654324618920899 ], [ -156.207224726318174, 20.653280338899364 ], [ -156.207533903429947, 20.653291296855375 ], [ -156.208077482723127, 20.652776674038233 ], [ -156.213838436285755, 20.650328492266144 ], [ -156.220514752593203, 20.648757094522079 ], [ -156.238059820326981, 20.64652333768041 ], [ -156.249850552277934, 20.645988196920676 ], [ -156.264107672352708, 20.645022814261111 ], [ -156.268899922281975, 20.644366219450216 ], [ -156.284643007539614, 20.641492286853776 ], [ -156.291206177238365, 20.640265399108323 ], [ -156.300538141123667, 20.638607067231959 ], [ -156.311348450029698, 20.635928562665082 ], [ -156.326917476479395, 20.632587244648199 ], [ -156.336481702794259, 20.631139044658099 ], [ -156.346887662439428, 20.629299059417804 ], [ -156.361380906861939, 20.628234339222864 ], [ -156.373705469980678, 20.628185535516778 ], [ -156.375019927838565, 20.628609313770173 ], [ -156.373963607188955, 20.631513254634534 ], [ -156.372195644762172, 20.633884855544988 ], [ -156.37156606339417, 20.63552942451058 ], [ -156.371567966307396, 20.635958235189236 ], [ -156.371541722851418, 20.636634998394609 ], [ -156.371545205773856, 20.63741325970177 ], [ -156.371101637192879, 20.638631876315952 ], [ -156.36926912630588, 20.640370124200221 ], [ -156.367816434791223, 20.640789579276429 ], [ -156.367300108981169, 20.643081403506596 ], [ -156.365956567293523, 20.644943586831555 ], [ -156.364491005095573, 20.644949374660133 ], [ -156.364879641158751, 20.643612630723993 ], [ -156.364079827846751, 20.643209194355233 ], [ -156.362847446975081, 20.643968432726254 ], [ -156.361933250696808, 20.643533480317373 ], [ -156.36118010240142, 20.642771401216269 ], [ -156.360236296513619, 20.642147917954901 ], [ -156.359659921122102, 20.641873525709201 ], [ -156.359138228298093, 20.641345505610584 ], [ -156.358528706679067, 20.6410381996584 ], [ -156.357700261625865, 20.641041385720996 ], [ -156.356512967202292, 20.640476448493295 ], [ -156.3556924829727, 20.639645866361768 ], [ -156.354802420044564, 20.639897796076191 ], [ -156.353676095145573, 20.640422249962654 ], [ -156.352767771161666, 20.640137983689918 ], [ -156.351957528861931, 20.639317726683071 ], [ -156.351642792616246, 20.639578467905089 ], [ -156.351317874703767, 20.640183580879018 ], [ -156.349914656698814, 20.639822003353654 ], [ -156.347340588731612, 20.640607333573197 ], [ -156.346592740885797, 20.640581418710486 ], [ -156.34616109883504, 20.640583112448073 ], [ -156.345335742562668, 20.640554545183459 ], [ -156.344694120368075, 20.640835635901894 ], [ -156.343861293905405, 20.641625214934983 ], [ -156.342977774521273, 20.641628539953988 ], [ -156.341026848161675, 20.641561056642718 ], [ -156.339880751422129, 20.641910796753049 ], [ -156.338012161920261, 20.641520389978162 ], [ -156.336936993125875, 20.641524430188905 ], [ -156.336649425362197, 20.641514436667531 ], [ -156.335589712944483, 20.641518442537301 ], [ -156.334349929730138, 20.641213488846496 ], [ -156.333639638432686, 20.640855079072246 ], [ -156.332365366078051, 20.641448385026376 ], [ -156.331185637467172, 20.641164572707222 ], [ -156.328274899705292, 20.640322689622316 ], [ -156.326887912506038, 20.640274492014527 ], [ -156.32631239877847, 20.640276684382037 ], [ -156.326022307980821, 20.640266634282401 ], [ -156.325159551502878, 20.640529673736332 ], [ -156.324725679229374, 20.64051461502871 ], [ -156.324294043880798, 20.640516253992104 ], [ -156.323292629964925, 20.64048141244993 ], [ -156.321122333364144, 20.640732473620485 ], [ -156.319526470859017, 20.641218983117032 ], [ -156.31665649306143, 20.641229522092143 ], [ -156.315098490335032, 20.641175395131903 ], [ -156.313607971482469, 20.641438655572109 ], [ -156.313037622328835, 20.641418797155612 ], [ -156.311696422328907, 20.642043037223502 ], [ -156.308720160956312, 20.642711729681366 ], [ -156.307597711527677, 20.642672659326269 ], [ -156.306989714764256, 20.642955449248184 ], [ -156.305253456780264, 20.643193902231946 ], [ -156.30346598547851, 20.643452168128956 ], [ -156.302390714115745, 20.643414726570136 ], [ -156.299176656515613, 20.644275526896262 ], [ -156.298053235815019, 20.643893844687934 ], [ -156.295751038188484, 20.643592210091793 ], [ -156.294092260122028, 20.642754702247686 ], [ -156.29375471531776, 20.642742927430145 ], [ -156.293176115529548, 20.642744959583066 ], [ -156.293199630792628, 20.642146888519918 ], [ -156.292021896829311, 20.643262863197233 ], [ -156.291329783224114, 20.643565699178733 ], [ -156.289434098453768, 20.64536205509183 ], [ -156.288814165291825, 20.645650275725895 ], [ -156.288293236875404, 20.645632168799203 ], [ -156.286790493025279, 20.645883886889564 ], [ -156.286215604970039, 20.646151116745944 ], [ -156.285922985848032, 20.646140958429012 ], [ -156.285060434151802, 20.646403657852037 ], [ -156.282456331129566, 20.646899062346883 ], [ -156.282169378662672, 20.647170681367406 ], [ -156.281583713915154, 20.647427012343975 ], [ -156.280479804877359, 20.647940466228118 ], [ -156.278985815828349, 20.648203888746039 ], [ -156.276812821538812, 20.648567801564592 ], [ -156.276123123623904, 20.649221072826386 ], [ -156.274061740244804, 20.650022079281431 ], [ -156.273188387914189, 20.650273832028038 ], [ -156.27261442921872, 20.650817562160569 ], [ -156.271769137011432, 20.65078792588162 ], [ -156.271160222255304, 20.651054298220256 ], [ -156.270585576074154, 20.651321342782847 ], [ -156.266835541791721, 20.651527510896113 ], [ -156.266249551633905, 20.651799914755795 ], [ -156.264463960896023, 20.651192745262556 ], [ -156.26252055029434, 20.651459072920961 ], [ -156.261653370136401, 20.651992420944246 ], [ -156.261360184914395, 20.651982210919687 ], [ -156.261065421256291, 20.652530331250489 ], [ -156.260490286181181, 20.652510086988425 ], [ -156.260058636396707, 20.652511561178617 ], [ -156.259339718401918, 20.652486251379894 ], [ -156.25904494672136, 20.653034367300798 ], [ -156.257629289064056, 20.652984749734056 ], [ -156.256445935689925, 20.653534729423448 ], [ -156.255904777159913, 20.653515803555855 ], [ -156.254997491790874, 20.653777102165872 ], [ -156.254419125614902, 20.654046013421336 ], [ -156.254138727990409, 20.653761975343574 ], [ -156.253271856932258, 20.654025891657565 ], [ -156.252406621844784, 20.65399557666727 ], [ -156.252028665553581, 20.655354886291782 ], [ -156.25154051448439, 20.653998173287334 ], [ -156.251097975384766, 20.652636896704319 ], [ -156.250409431809686, 20.652891474372318 ], [ -156.249823416249853, 20.653163686215912 ], [ -156.249006771972063, 20.653135055294157 ], [ -156.246960869427483, 20.654923592309846 ], [ -156.246529398567219, 20.655725663490728 ], [ -156.245748219792489, 20.656067214832309 ], [ -156.245449356224754, 20.656885947744254 ], [ -156.244729585096081, 20.656860561457023 ], [ -156.244295118575963, 20.656861949842895 ], [ -156.243823496275013, 20.656384006679108 ], [ -156.242282154277973, 20.657100477003091 ], [ -156.241408727966586, 20.657352057970474 ], [ -156.241115634205272, 20.657896591933575 ], [ -156.240535304063314, 20.657603369757481 ], [ -156.239961214325433, 20.658146842267957 ], [ -156.239386067547628, 20.658126657676977 ], [ -156.239093302495803, 20.658403788658877 ], [ -156.237945817680043, 20.658363456588454 ], [ -156.237644273575938, 20.658923849715819 ], [ -156.236774556076824, 20.658627829774819 ], [ -156.236201878800017, 20.659169988170106 ], [ -156.235660430052775, 20.659150992220894 ], [ -156.234247725521556, 20.659557476202032 ], [ -156.233874194177332, 20.660212717380158 ], [ -156.23427994124782, 20.66139410771056 ], [ -156.233198628112518, 20.660678493804959 ], [ -156.232140108645837, 20.661000582540002 ], [ -156.231266649025173, 20.661252107540605 ], [ -156.230973866658303, 20.661529090070836 ], [ -156.230401521552494, 20.661508919291311 ], [ -156.230113744246722, 20.661509849985741 ], [ -156.22981240747697, 20.661499189114121 ], [ -156.229243698982145, 20.66203754935832 ], [ -156.228517734442079, 20.662011993529234 ], [ -156.228063502724922, 20.663643485766169 ], [ -156.227477703711372, 20.663899614961085 ], [ -156.227172327424256, 20.664188553861472 ], [ -156.227227497033141, 20.662806278553155 ], [ -156.226637044507413, 20.662808153151637 ], [ -156.225489543022945, 20.662767602493357 ], [ -156.224622296803034, 20.663588510489827 ], [ -156.223800283985184, 20.663559403914281 ], [ -156.221996136861264, 20.664347616197073 ], [ -156.221422243858939, 20.664890888466655 ], [ -156.221129326330356, 20.664880611987769 ], [ -156.220554275337633, 20.665147601121106 ], [ -156.218693766317301, 20.6658038110196 ], [ -156.218136245023231, 20.667807323604617 ], [ -156.217193632938518, 20.667810223702592 ], [ -156.215953146437698, 20.667766253074277 ], [ -156.215028497692543, 20.668032334735631 ], [ -156.214733541704135, 20.668580220283225 ], [ -156.213586572224784, 20.668539594799462 ], [ -156.21356487121713, 20.669081845001923 ], [ -156.214264003308102, 20.671117950839445 ], [ -156.213819033982986, 20.671538966105381 ], [ -156.213382264023437, 20.671664677432208 ] ] ] } },
{ "type": "Feature", "properties": { "ID": 335, "GRIDCODE": 2 }, "geometry": { "type": "Polygon", "coordinates": [ [ [ -155.739603561945756, 20.175995482498916 ], [ -155.740849100932678, 20.176940725692525 ], [ -155.740960530507436, 20.17776313347143 ], [ -155.739769910019447, 20.177044849808574 ], [ -155.739603561945756, 20.175995482498916 ] ] ] } },
{ "type": "Feature", "properties": { "ID": 336, "GRIDCODE": 2 }, "geometry": { "type": "Polygon", "coordinates": [ [ [ -155.730144299525307, 20.175819738919099 ], [ -155.730420632216124, 20.176037334264631 ], [ -155.730802283239285, 20.177877595316556 ], [ -155.731234290113065, 20.178217467529933 ], [ -155.73151673591309, 20.18077296563132 ], [ -155.731019175578979, 20.182755252180463 ], [ -155.730105316878792, 20.183791394070841 ], [ -155.729582223928332, 20.185398924440314 ], [ -155.728692637508857, 20.184306607756049 ], [ -155.727555539011888, 20.183829058657626 ], [ -155.727871087458254, 20.182800034429569 ], [ -155.728996003639082, 20.181983329131949 ], [ -155.728794384598586, 20.179434889196692 ], [ -155.728480852095174, 20.179188174189104 ], [ -155.727821260392744, 20.17762433301591 ], [ -155.727138555782517, 20.177087029553682 ], [ -155.727060601144274, 20.176381585584096 ], [ -155.729066652441901, 20.176655185531587 ], [ -155.730013797871521, 20.175967628310971 ], [ -155.730144299525307, 20.175819738919099 ] ] ] } },
{ "type": "Feature", "properties": { "ID": 337, "GRIDCODE": 2 }, "geometry": { "type": "Polygon", "coordinates": [ [ [ -155.739603561945756, 20.175995482498916 ], [ -155.738931509197243, 20.17584591529771 ], [ -155.739257826917253, 20.175371267843598 ], [ -155.739603561945756, 20.175995482498916 ] ] ] } },
{ "type": "Feature", "properties": { "ID": 338, "GRIDCODE": 2 }, "geometry": { "type": "Polygon", "coordinates": [ [ [ -155.718993637308444, 20.174258145203254 ], [ -155.719205638519867, 20.174431059900016 ], [ -155.718776526269522, 20.176094375422082 ], [ -155.718902001610587, 20.177537480217531 ], [ -155.717900652219186, 20.178189981337809 ], [ -155.71764631845312, 20.17760485470173 ], [ -155.717279861732834, 20.17730570618798 ], [ -155.716814750061673, 20.176235550739499 ], [ -155.716263284878494, 20.175785272337933 ], [ -155.718327903608269, 20.174985266297416 ], [ -155.718993637308444, 20.174258145203254 ] ] ] } },
{ "type": "Feature", "properties": { "ID": 339, "GRIDCODE": 2 }, "geometry": { "type": "Polygon", "coordinates": [ [ [ -155.707252983433762, 20.173497071251528 ], [ -155.707920000179598, 20.173710382953086 ], [ -155.710698934459316, 20.175166017369509 ], [ -155.715463940843961, 20.175871999571871 ], [ -155.715297227040708, 20.178521158252817 ], [ -155.715337771527885, 20.180460553800248 ], [ -155.713667748781887, 20.182096282974637 ], [ -155.712410896953315, 20.180763425404017 ], [ -155.710404326263784, 20.180194676235445 ], [ -155.70858514035541, 20.1782653433314 ], [ -155.708128447693582, 20.17932948493306 ], [ -155.707684787568439, 20.18094568439723 ], [ -155.70663026104711, 20.179795718288013 ], [ -155.706729081877342, 20.178225412293674 ], [ -155.706662388024739, 20.175030401672782 ], [ -155.707106626264078, 20.17390561308207 ], [ -155.707252983433762, 20.173497071251528 ] ] ] } },
{ "type": "Feature", "properties": { "ID": 340, "GRIDCODE": 2 }, "geometry": { "type": "Polygon", "coordinates": [ [ [ -155.695047749875641, 20.167582247257773 ], [ -155.695199053575351, 20.167710419101287 ], [ -155.696162184244884, 20.169362803855719 ], [ -155.698192768765523, 20.170483163836597 ], [ -155.701797775945437, 20.171810601767753 ], [ -155.704914027874395, 20.17276062525676 ], [ -155.702889707299761, 20.174891844188707 ], [ -155.70162567760002, 20.17570298462002 ], [ -155.700960908541958, 20.175968264032804 ], [ -155.700326299600022, 20.176636266582957 ], [ -155.699331790138416, 20.177413315776388 ], [ -155.698737337904618, 20.178606907948694 ], [ -155.698394397210848, 20.17834980943104 ], [ -155.698072073016505, 20.177260753100988 ], [ -155.697838658575449, 20.177507022325106 ], [ -155.697378496367349, 20.17885212374328 ], [ -155.696387931706482, 20.178312098671871 ], [ -155.696134407109042, 20.177745738311504 ], [ -155.69581670775699, 20.177181740585038 ], [ -155.695899147413087, 20.176406339935426 ], [ -155.695320308616715, 20.175916224068491 ], [ -155.694681704036014, 20.174489522571967 ], [ -155.694456127334746, 20.17473593459475 ], [ -155.69412361221751, 20.176281464371268 ], [ -155.692792467038259, 20.177682873596709 ], [ -155.69298870187427, 20.176332822039054 ], [ -155.693664817805001, 20.173300938460855 ], [ -155.693599383784175, 20.172274747481904 ], [ -155.694266555071948, 20.170129630933079 ], [ -155.694900598684086, 20.168266401937565 ], [ -155.695047749875641, 20.167582247257773 ] ] ] } },
{ "type": "Feature", "properties": { "ID": 341, "GRIDCODE": 2 }, "geometry": { "type": "Polygon", "coordinates": [ [ [ -155.682362192576392, 20.17086301430783 ], [ -155.682713471498147, 20.170776971546189 ], [ -155.682467423350687, 20.170534895531695 ], [ -155.682362192576392, 20.17086301430783 ], [ -155.681915161372956, 20.171252632084812 ], [ -155.680785102606961, 20.172319702002103 ], [ -155.680183891522972, 20.172042888964004 ], [ -155.679903233556757, 20.171756000982654 ], [ -155.678204930709683, 20.171756566512908 ], [ -155.677908107645038, 20.171453109709915 ], [ -155.677475194113754, 20.17104422844394 ], [ -155.677942702265966, 20.169834311737706 ], [ -155.677941785992346, 20.16780343545927 ], [ -155.678600799420991, 20.165562798904475 ], [ -155.678202134590492, 20.165084237503049 ], [ -155.676847845565788, 20.167101135881829 ], [ -155.675560883894718, 20.169057555170429 ], [ -155.674806544282632, 20.1697699900392 ], [ -155.674503167073254, 20.169498793643481 ], [ -155.673931387763076, 20.166780524497518 ], [ -155.67364974313378, 20.167398781893528 ], [ -155.672795044796715, 20.169725978424697 ], [ -155.67192336793002, 20.169726266304167 ], [ -155.67222185380831, 20.168908842797237 ], [ -155.672817387497361, 20.167868864184886 ], [ -155.672451772555235, 20.165398800535584 ], [ -155.672290801008671, 20.165661210615379 ], [ -155.671998187936083, 20.166202449288225 ], [ -155.671694318716845, 20.166733030335919 ], [ -155.671694584036771, 20.167274392486089 ], [ -155.670857863689804, 20.166499592115461 ], [ -155.670857187389458, 20.164553735293037 ], [ -155.670961470060064, 20.162121652621956 ], [ -155.670324788118393, 20.163728776080404 ], [ -155.670026424883048, 20.164540646613357 ], [ -155.66971708699873, 20.165341732376664 ], [ -155.66940146552426, 20.166965506629772 ], [ -155.668530401483622, 20.167214457810893 ], [ -155.667088191484737, 20.167881695036357 ], [ -155.667383965407396, 20.167192728427811 ], [ -155.668269250697136, 20.166011255160473 ], [ -155.667976685853404, 20.164231068704119 ], [ -155.667435747377851, 20.164757015981209 ], [ -155.667045763997208, 20.165478701384366 ], [ -155.666266309384355, 20.165817819698415 ], [ -155.665319829797596, 20.166255691403489 ], [ -155.664561972424281, 20.165539999880568 ], [ -155.66401922089031, 20.164426767650586 ], [ -155.663430513689008, 20.164920595538717 ], [ -155.663405958250991, 20.165495458297521 ], [ -155.663406126631799, 20.166026900271408 ], [ -155.662511331836981, 20.166575064816474 ], [ -155.661686223262137, 20.165730910553961 ], [ -155.661113068438084, 20.165454571771924 ], [ -155.660726324882205, 20.163814443621874 ], [ -155.660002248017292, 20.16381470317242 ], [ -155.659699985361414, 20.16217882315609 ], [ -155.659164628911896, 20.162704848456031 ], [ -155.658488744404991, 20.163636561305118 ], [ -155.657787767622324, 20.162198670548904 ], [ -155.657187121260876, 20.161584296957241 ], [ -155.656900585711384, 20.161313395703718 ], [ -155.65609553463301, 20.160489829454427 ], [ -155.653221037412436, 20.158803427501244 ], [ -155.653309003879599, 20.156754318106323 ], [ -155.652977223493082, 20.155717919659654 ], [ -155.65154956792793, 20.157686664012118 ], [ -155.649699599509233, 20.15731208031518 ], [ -155.648425741677812, 20.155658345210338 ], [ -155.649115230548716, 20.154562215098231 ], [ -155.649605071130338, 20.154135295184783 ], [ -155.649891946614218, 20.153864731218619 ], [ -155.65076834310085, 20.153100927118164 ], [ -155.64978282281308, 20.152970188020657 ], [ -155.648172472131506, 20.153831972981198 ], [ -155.646782385728386, 20.154683530841702 ], [ -155.646447026319692, 20.154340563258067 ], [ -155.646160523411368, 20.154069648799581 ], [ -155.645753907870926, 20.153235928224802 ], [ -155.64475047629162, 20.153236091162157 ], [ -155.644469920522056, 20.152949159946736 ], [ -155.643370296384688, 20.151910264371725 ], [ -155.643070717209355, 20.15129578155998 ], [ -155.642308368500977, 20.151648474113298 ], [ -155.64165195316636, 20.15102836776407 ], [ -155.641116793436794, 20.148877094815326 ], [ -155.641528080986319, 20.148052240421066 ], [ -155.642875475126175, 20.145700265407378 ], [ -155.643205147012281, 20.144802857827653 ], [ -155.643812690046786, 20.143466038888995 ], [ -155.644128483570228, 20.141842337904176 ], [ -155.644432094289215, 20.141311936515002 ], [ -155.644871057645503, 20.140500023426533 ], [ -155.645616097541676, 20.139198864402633 ], [ -155.646154202802819, 20.137283667448308 ], [ -155.646232484176636, 20.137550611047232 ], [ -155.646737369914831, 20.139693365404185 ], [ -155.648134199827354, 20.141796794738536 ], [ -155.655349461901864, 20.14675044856234 ], [ -155.662809863834553, 20.153127002718094 ], [ -155.669623784939859, 20.156775956403688 ], [ -155.679228304976618, 20.161860615934856 ], [ -155.685696423537735, 20.165733589656821 ], [ -155.688621358904527, 20.166356906129547 ], [ -155.690641902391491, 20.165626993749292 ], [ -155.689458609350538, 20.167615102507924 ], [ -155.688856691456806, 20.168418787385207 ], [ -155.688857188159233, 20.169203807976853 ], [ -155.68736649659391, 20.171636910830994 ], [ -155.68677059882765, 20.172432634309143 ], [ -155.685949438786821, 20.173565053819498 ], [ -155.68406883960111, 20.174133475819179 ], [ -155.683606157559637, 20.173185063047583 ], [ -155.683032676538545, 20.173185213600469 ], [ -155.682614421582997, 20.172757582650782 ], [ -155.682111763203835, 20.172282748497818 ], [ -155.682362192576392, 20.17086301430783 ] ], [ [ -155.653450955080416, 20.155153460324655 ], [ -155.65354214798711, 20.155485293311386 ], [ -155.653798251649903, 20.155252738711649 ], [ -155.653450955080416, 20.155153460324655 ] ] ] } },
{ "type": "Feature", "properties": { "ID": 342, "GRIDCODE": 2 }, "geometry": { "type": "Polygon", "coordinates": [ [ [ -155.611557756291717, 20.130256183663729 ], [ -155.611904960392877, 20.130355533456342 ], [ -155.611648850922535, 20.130588024446133 ], [ -155.611557756291717, 20.130256183663729 ] ] ] } },
{ "type": "Feature", "properties": { "ID": 343, "GRIDCODE": 2 }, "geometry": { "type": "Polygon", "coordinates": [ [ [ -155.627148197542169, 20.138406890280926 ], [ -155.627790396278925, 20.13828924815488 ], [ -155.627531536363023, 20.137776922804726 ], [ -155.627148197542169, 20.138406890280926 ], [ -155.626692447681648, 20.138511182630321 ], [ -155.626159594043941, 20.138816386384089 ], [ -155.625534635992636, 20.139030458460741 ], [ -155.624711539672376, 20.139501945442078 ], [ -155.624973182355092, 20.138478221885673 ], [ -155.625548079938454, 20.138105483144539 ], [ -155.624825048479778, 20.13759483047243 ], [ -155.624592575603288, 20.137274955162852 ], [ -155.624943789618868, 20.137189021536425 ], [ -155.624697888181885, 20.136946883936531 ], [ -155.624592575603288, 20.137274955162852 ], [ -155.624438445309238, 20.137399699567677 ], [ -155.623691697140657, 20.138460781604717 ], [ -155.623268928532326, 20.138476333751484 ], [ -155.622961316317458, 20.136326893259962 ], [ -155.621951075684535, 20.137351978003448 ], [ -155.620509125486933, 20.136934720027313 ], [ -155.61999227751366, 20.135482024948548 ], [ -155.621684337236019, 20.133290597202059 ], [ -155.620804359968474, 20.132738054907083 ], [ -155.621871517180523, 20.131356082518458 ], [ -155.622050847128151, 20.1292395161814 ], [ -155.62200873663221, 20.1282299299992 ], [ -155.622605814753115, 20.127240536864164 ], [ -155.622710067643254, 20.12601100918296 ], [ -155.622363412146939, 20.126276681563041 ], [ -155.620326713979637, 20.128657292813276 ], [ -155.619750240567214, 20.130301169690945 ], [ -155.618018420615982, 20.131011900645415 ], [ -155.61742888029292, 20.131610254522482 ], [ -155.615666522196022, 20.132087314137802 ], [ -155.614517726377926, 20.132812782422722 ], [ -155.613816464233082, 20.130841106878211 ], [ -155.614302281564648, 20.12963981817165 ], [ -155.614590406966585, 20.128817824264296 ], [ -155.615165200962934, 20.127396817133938 ], [ -155.615247400164975, 20.126427035189575 ], [ -155.614504304954806, 20.126370844232007 ], [ -155.613466788537465, 20.127714473492937 ], [ -155.613487623462277, 20.128215228058252 ], [ -155.612524542181376, 20.129416189468447 ], [ -155.611406270727315, 20.129012762893311 ], [ -155.610580678190018, 20.129043271490083 ], [ -155.610314638008248, 20.128464826416359 ], [ -155.608888827978916, 20.128122486496249 ], [ -155.609748730819007, 20.127371001677048 ], [ -155.611862671294887, 20.125983205854695 ], [ -155.61290860922702, 20.122573954684082 ], [ -155.612245756455252, 20.122912444108302 ], [ -155.611167911316358, 20.12458193527425 ], [ -155.609886948891273, 20.125207804264697 ], [ -155.608620366948742, 20.124920747566982 ], [ -155.608711248248824, 20.123848690684124 ], [ -155.608156806671786, 20.123806682926777 ], [ -155.607659093658214, 20.124209803561477 ], [ -155.60665543603352, 20.125228315435351 ], [ -155.606358616958858, 20.123535810618012 ], [ -155.605811841060927, 20.124603175798192 ], [ -155.604644044285891, 20.124836060168988 ], [ -155.604120314776452, 20.125367423455934 ], [ -155.603777501686267, 20.125104622271287 ], [ -155.603914587512349, 20.123489357054197 ], [ -155.603528941460269, 20.123460107879048 ], [ -155.602684484327966, 20.123872652634969 ], [ -155.602658779564592, 20.123249132138149 ], [ -155.602971778729739, 20.122637961711909 ], [ -155.603510234782476, 20.122201931798557 ], [ -155.604489536664971, 20.120211878452267 ], [ -155.604447030528235, 20.119186695336118 ], [ -155.605438286917433, 20.11802809330424 ], [ -155.606238967219781, 20.116465266744502 ], [ -155.607737018295978, 20.11433712141644 ], [ -155.609512743693386, 20.112491511554762 ], [ -155.610615719736472, 20.110924557929931 ], [ -155.611498228792442, 20.110209706764216 ], [ -155.612476792232371, 20.10794606155839 ], [ -155.612764868572071, 20.107124064629641 ], [ -155.613386696439449, 20.105788958009288 ], [ -155.613016149119147, 20.105112406356241 ], [ -155.613983416766956, 20.102720431987226 ], [ -155.6145158139241, 20.097970475803276 ], [ -155.615001638970597, 20.097165223319411 ], [ -155.615283852319777, 20.096613839005144 ], [ -155.616183287665393, 20.095562312064132 ], [ -155.616167035563421, 20.095172819598215 ], [ -155.617661275179501, 20.093425984702783 ], [ -155.617949286860522, 20.092603970442816 ], [ -155.618546627732968, 20.091126516828279 ], [ -155.619165701242395, 20.088310871140571 ], [ -155.619387597232759, 20.09004515904445 ], [ -155.618178303697675, 20.094540124109997 ], [ -155.616118770714905, 20.098536110100333 ], [ -155.615874563007566, 20.101418812509802 ], [ -155.616988958485877, 20.105091415827204 ], [ -155.618594957113174, 20.107823236842265 ], [ -155.621096241273023, 20.110717898840331 ], [ -155.624634954423158, 20.115136002743238 ], [ -155.627140529781798, 20.119079922366655 ], [ -155.630354810379231, 20.123605559136706 ], [ -155.632626493604874, 20.125440133186913 ], [ -155.634584090184717, 20.126493747812017 ], [ -155.635570393437234, 20.125925644258679 ], [ -155.636025802028684, 20.122475561457414 ], [ -155.636235225011717, 20.12273496474463 ], [ -155.636739566311149, 20.125196574721322 ], [ -155.637101420272757, 20.125514411213377 ], [ -155.636990933162679, 20.126818136788309 ], [ -155.637076395072171, 20.128866961600831 ], [ -155.63642574463978, 20.130988973885856 ], [ -155.635983791892386, 20.133090116569445 ], [ -155.636021871367831, 20.134004452045378 ], [ -155.634800416843547, 20.135432221946289 ], [ -155.632471422832765, 20.138337761987234 ], [ -155.629321684972382, 20.141548776235414 ], [ -155.628369937131538, 20.141584083032775 ], [ -155.627368222983648, 20.141508440593419 ], [ -155.626818244209176, 20.14152883303127 ], [ -155.627256705354483, 20.140444643710115 ], [ -155.627148197542169, 20.138406890280926 ] ] ] } },
{ "type": "Feature", "properties": { "ID": 344, "GRIDCODE": 2 }, "geometry": { "type": "Polygon", "coordinates": [ [ [ -155.62200533893747, 20.070895152991042 ], [ -155.623533323803315, 20.071906339775197 ], [ -155.623106016648165, 20.072364020752801 ], [ -155.622120868546659, 20.071693047905981 ], [ -155.62200533893747, 20.070895152991042 ] ] ] } },
{ "type": "Feature", "properties": { "ID": 345, "GRIDCODE": 1 }, "geometry": { "type": "Polygon", "coordinates": [ [ [ -155.68425721000213, 20.02658971659643 ], [ -155.68632431880863, 20.027190459231765 ], [ -155.686531044009968, 20.027444592516293 ], [ -155.68605550844461, 20.028068665610348 ], [ -155.684598083210005, 20.027076663495873 ], [ -155.68425721000213, 20.02658971659643 ] ] ] } },
{ "type": "Feature", "properties": { "ID": 346, "GRIDCODE": 1 }, "geometry": { "type": "Polygon", "coordinates": [ [ [ -155.683976533982786, 20.026313703066855 ], [ -155.684262891488061, 20.026319072967258 ], [ -155.68425721000213, 20.02658971659643 ], [ -155.683970852008372, 20.026584346617405 ], [ -155.683976533982786, 20.026313703066855 ] ] ] } },
{ "type": "Feature", "properties": { "ID": 347, "GRIDCODE": 1 }, "geometry": { "type": "Polygon", "coordinates": [ [ [ -155.681983404560697, 20.025734814802622 ], [ -155.682842472469872, 20.025750932345229 ], [ -155.682836788727798, 20.026021575600868 ], [ -155.681977719353227, 20.02600545782229 ], [ -155.681983404560697, 20.025734814802622 ] ] ] } },
{ "type": "Feature", "properties": { "ID": 348, "GRIDCODE": 1 }, "geometry": { "type": "Polygon", "coordinates": [ [ [ -155.681702734379996, 20.025458798413929 ], [ -155.681989089675028, 20.025464171773141 ], [ -155.681983404560697, 20.025734814802622 ], [ -155.68169704877721, 20.025729441364746 ], [ -155.681702734379996, 20.025458798413929 ] ] ] } },
{ "type": "Feature", "properties": { "ID": 349, "GRIDCODE": 1 }, "geometry": { "type": "Polygon", "coordinates": [ [ [ -155.680849356028801, 20.025172032840782 ], [ -155.681422065176179, 20.025182781710956 ], [ -155.681416379178131, 20.025453424592897 ], [ -155.680843669053871, 20.025442675565348 ], [ -155.680849356028801, 20.025172032840782 ] ] ] } },
{ "type": "Feature", "properties": { "ID": 350, "GRIDCODE": 1 }, "geometry": { "type": "Polygon", "coordinates": [ [ [ -155.6797096276876, 20.024879887139043 ], [ -155.680568688965053, 20.024896015057273 ], [ -155.680563001594862, 20.025166657712965 ], [ -155.679703938852128, 20.025150529558598 ], [ -155.6797096276876, 20.024879887139043 ] ] ] } },
{ "type": "Feature", "properties": { "ID": 351, "GRIDCODE": 1 }, "geometry": { "type": "Polygon", "coordinates": [ [ [ -155.679428963345543, 20.024603867892029 ], [ -155.679715316429906, 20.024609244709669 ], [ -155.6797096276876, 20.024879887139043 ], [ -155.679423274114839, 20.024874510242679 ], [ -155.679428963345543, 20.024603867892029 ] ] ] } },
{ "type": "Feature", "properties": { "ID": 352, "GRIDCODE": 1 }, "geometry": { "type": "Polygon", "coordinates": [ [ [ -155.678575595254557, 20.024317092544038 ], [ -155.679148299980312, 20.024327848330856 ], [ -155.679142610354432, 20.024598490612579 ], [ -155.678569904651823, 20.024587734668291 ], [ -155.678575595254557, 20.024317092544038 ] ] ] } },
{ "type": "Feature", "properties": { "ID": 353, "GRIDCODE": 2 }, "geometry": { "type": "Polygon", "coordinates": [ [ [ -155.678289243031486, 20.024311713957939 ], [ -155.678575595254557, 20.024317092544038 ], [ -155.678569904651823, 20.024587734668291 ], [ -155.679142610354432, 20.024598490612579 ], [ -155.679428963345543, 20.024603867892029 ], [ -155.679423274114839, 20.024874510242679 ], [ -155.6797096276876, 20.024879887139043 ], [ -155.679703938852128, 20.025150529558598 ], [ -155.680563001594862, 20.025166657712965 ], [ -155.680849356028801, 20.025172032840782 ], [ -155.680843669053871, 20.025442675565348 ], [ -155.681416379178131, 20.025453424592897 ], [ -155.681702734379996, 20.025458798413929 ], [ -155.68169704877721, 20.025729441364746 ], [ -155.681983404560697, 20.025734814802622 ], [ -155.681977719353227, 20.02600545782229 ], [ -155.682836788727798, 20.026021575600868 ], [ -155.683976533982786, 20.026313703066855 ], [ -155.683970852008372, 20.026584346617405 ], [ -155.68425721000213, 20.02658971659643 ], [ -155.684598083210005, 20.027076663495873 ], [ -155.68605550844461, 20.028068665610348 ], [ -155.686531044009968, 20.027444592516293 ], [ -155.688111735785498, 20.027962299102157 ], [ -155.696881208377164, 20.03142230872988 ], [ -155.71548002744052, 20.039276376537309 ], [ -155.729066154439977, 20.046150975559431 ], [ -155.738753060912813, 20.052383298106268 ], [ -155.756048989750298, 20.064410757932123 ], [ -155.777076826996165, 20.080994378704684 ], [ -155.779213499205525, 20.083178259911133 ], [ -155.787361699584693, 20.091444648463678 ], [ -155.787636977238407, 20.091725721524497 ], [ -155.796298264506476, 20.100501832945692 ], [ -155.80081513484896, 20.105323304713497 ], [ -155.807842737904622, 20.112942219145314 ], [ -155.81943605057171, 20.125478389390342 ], [ -155.827610736753485, 20.135040901504869 ], [ -155.834548252375299, 20.145032542279104 ], [ -155.843895072433241, 20.16132665966553 ], [ -155.851001830737687, 20.175694013100117 ], [ -155.851573186290636, 20.177099936400179 ], [ -155.851517742736547, 20.178423497400594 ], [ -155.852673201321352, 20.179919345492998 ], [ -155.852632508606689, 20.180899273975548 ], [ -155.852632669448184, 20.181170058312404 ], [ -155.852621306372271, 20.18144288392892 ], [ -155.852893005120904, 20.182528628547292 ], [ -155.852577284849616, 20.183605834596541 ], [ -155.853096802502165, 20.186255127273601 ], [ -155.853098641659471, 20.187320436557393 ], [ -155.852772443601282, 20.188486304022419 ], [ -155.852400395881347, 20.189452625893942 ], [ -155.853060010635318, 20.190719848893863 ], [ -155.852885620903152, 20.194894530137812 ], [ -155.8531987888895, 20.195534256557313 ], [ -155.85402724557693, 20.197126057401569 ], [ -155.853364674628324, 20.197787833779849 ], [ -155.851703070598546, 20.199238883965148 ], [ -155.851645243790443, 20.200623483523433 ], [ -155.852218331501689, 20.201208507229417 ], [ -155.852792586036657, 20.201749654293017 ], [ -155.853363302699989, 20.20260620710323 ], [ -155.853940590450605, 20.203150182311909 ], [ -155.853830964210573, 20.205774054910272 ], [ -155.85439379532724, 20.207427603833047 ], [ -155.853947512333576, 20.209073909087067 ], [ -155.853360157542596, 20.21010155021574 ], [ -155.853815865939026, 20.211440751453214 ], [ -155.853180215287807, 20.21204191755184 ], [ -155.852572896805839, 20.212306831744726 ], [ -155.852986017864424, 20.213520986873174 ], [ -155.852349213412765, 20.214123185556467 ], [ -155.851873795870404, 20.213151191300312 ], [ -155.850832366613417, 20.213634137074408 ], [ -155.850247928501943, 20.213889139666431 ], [ -155.849887258876322, 20.214230131625989 ], [ -155.847539174691718, 20.215080559340286 ], [ -155.84591947774544, 20.215441359856932 ], [ -155.844338976728608, 20.215775216182966 ], [ -155.843879457834646, 20.217029484830828 ], [ -155.843446700268771, 20.217013370359364 ], [ -155.841620759809786, 20.217015681364959 ], [ -155.841298579252481, 20.216712131130706 ], [ -155.840652589252386, 20.215742199324179 ], [ -155.839616621667346, 20.215051886806592 ], [ -155.838188134577791, 20.214489886022463 ], [ -155.837903789980714, 20.214199837490163 ], [ -155.835594608386486, 20.213624060801052 ], [ -155.834549767774206, 20.212557541688579 ], [ -155.832739592851283, 20.212489976162409 ], [ -155.828546949430887, 20.212991242875503 ], [ -155.827898350153987, 20.212679524712311 ], [ -155.827244032632592, 20.211697108064161 ], [ -155.825686236686465, 20.212169237993901 ], [ -155.824980676799584, 20.211448862469201 ], [ -155.824187362801325, 20.211794792698662 ], [ -155.823818359655462, 20.213412764826977 ], [ -155.820698518174197, 20.213089064624381 ], [ -155.819577605891027, 20.212518214411265 ], [ -155.818728270308753, 20.212519082023956 ], [ -155.818196175038508, 20.211975820431825 ], [ -155.817041566531202, 20.211231012787351 ], [ -155.817040293879046, 20.2101787007214 ], [ -155.817104394430203, 20.208653058984584 ], [ -155.815673211424837, 20.210006219540134 ], [ -155.814752712251533, 20.210269940806061 ], [ -155.813909581926367, 20.211066955977003 ], [ -155.812782740619127, 20.21003321244547 ], [ -155.812354373274445, 20.209157320401783 ], [ -155.811480256868748, 20.209124519321321 ], [ -155.810219731877993, 20.209125942208363 ], [ -155.809624796320804, 20.20882293805726 ], [ -155.808526895524778, 20.208295015847682 ], [ -155.807631528708356, 20.207698054300813 ], [ -155.806776062559777, 20.207699019777852 ], [ -155.806144361477749, 20.206096875499831 ], [ -155.804819858886447, 20.205213918236062 ], [ -155.803759999221143, 20.205705228028183 ], [ -155.802603015792016, 20.206055674092031 ], [ -155.80137719666763, 20.2052380846422 ], [ -155.800051360434196, 20.206051748762736 ], [ -155.799357488334664, 20.205397473252919 ], [ -155.79868026276705, 20.204012102571063 ], [ -155.797816980840366, 20.204013016220809 ], [ -155.797387080967496, 20.203996844516592 ], [ -155.796810347002435, 20.2039974277101 ], [ -155.79683161668774, 20.203492105685967 ], [ -155.796371719113608, 20.201548530050442 ], [ -155.796000599968494, 20.201534618237378 ], [ -155.795202738851088, 20.202636186574299 ], [ -155.794265975352374, 20.202314203645425 ], [ -155.793397840008112, 20.202716534172584 ], [ -155.792527158472069, 20.20227279269443 ], [ -155.791390793119433, 20.202273974739057 ], [ -155.790575441416195, 20.201440948221045 ], [ -155.789687477452219, 20.201690193484175 ], [ -155.789194366725894, 20.203035017110377 ], [ -155.78851831941202, 20.202757171550086 ], [ -155.788237389353299, 20.202470422872942 ], [ -155.787438268117853, 20.202471137917147 ], [ -155.785237782764369, 20.201752219754457 ], [ -155.784824631774285, 20.201330438081097 ], [ -155.784537780536226, 20.201059705780512 ], [ -155.783763440707673, 20.199896083905031 ], [ -155.783413254748353, 20.200226805567347 ], [ -155.782828793939927, 20.200481575582142 ], [ -155.7821076970165, 20.200815677379484 ], [ -155.781400880137824, 20.200455404716987 ], [ -155.780534789187413, 20.200172328460148 ], [ -155.780570302668252, 20.199331064941692 ], [ -155.779191859126314, 20.19803141122954 ], [ -155.778892142668781, 20.195270126167863 ], [ -155.778336282151201, 20.195796173350139 ], [ -155.777787679131109, 20.196812982718797 ], [ -155.777161557923023, 20.197404633910139 ], [ -155.776728886217995, 20.197388362893431 ], [ -155.776155266657298, 20.197388937950546 ], [ -155.775438814429549, 20.197361900586912 ], [ -155.774578386299709, 20.1973627561546 ], [ -155.774300503713931, 20.196794041935668 ], [ -155.77344036225773, 20.196794765325556 ], [ -155.772315897741692, 20.196221596685003 ], [ -155.771444648983106, 20.196625212776254 ], [ -155.771443767733899, 20.195690344230488 ], [ -155.772050729890736, 20.194629416170727 ], [ -155.7716570261274, 20.193783442619619 ], [ -155.771145245345934, 20.194072694875718 ], [ -155.770331156666401, 20.194842122827978 ], [ -155.769746702666907, 20.195096849191422 ], [ -155.769184548015119, 20.195628036310783 ], [ -155.768553469900411, 20.195332703804823 ], [ -155.767894352303699, 20.19465926428531 ], [ -155.768207578929577, 20.194477953087965 ], [ -155.76860704241065, 20.193348173506379 ], [ -155.76805361303829, 20.193484080650091 ], [ -155.767894352303699, 20.19465926428531 ], [ -155.766536224631778, 20.193698752852448 ], [ -155.765482851182838, 20.193658994976762 ], [ -155.764395543774611, 20.19432605422859 ], [ -155.763770097262523, 20.193122404482803 ], [ -155.7634740059558, 20.191526610876767 ], [ -155.762635474177642, 20.19225826700383 ], [ -155.762263765249259, 20.193885908188776 ], [ -155.761449670378425, 20.193855164541052 ], [ -155.760600688762196, 20.194657611316902 ], [ -155.7595571615891, 20.194169284201241 ], [ -155.758924937501462, 20.192199218154638 ], [ -155.757751648211865, 20.191892125035732 ], [ -155.757194024252613, 20.19189253891075 ], [ -155.755507706851148, 20.1905020342613 ], [ -155.754394990922975, 20.190502893879593 ], [ -155.753506484073682, 20.189928953621404 ], [ -155.753231130329738, 20.189647814479329 ], [ -155.751501779591592, 20.189349044818659 ], [ -155.750811344535862, 20.187935933882059 ], [ -155.749431786809026, 20.1883534369111 ], [ -155.748234598201776, 20.187554561561111 ], [ -155.747812459515274, 20.187923007908804 ], [ -155.747363681984353, 20.18834688328743 ], [ -155.745518992675329, 20.187885819218426 ], [ -155.744956989639206, 20.187599358101355 ], [ -155.74392277085127, 20.187261043656193 ], [ -155.743477672628558, 20.186349556924498 ], [ -155.740895575304762, 20.18391349487819 ], [ -155.740260968205973, 20.182043825278488 ], [ -155.740908818642851, 20.178700840414308 ], [ -155.741705648850171, 20.178331821556121 ], [ -155.743358839139177, 20.179175141728809 ], [ -155.744695270821353, 20.17922568519311 ], [ -155.751995706591657, 20.178415890251735 ], [ -155.757097649032914, 20.177963832840547 ], [ -155.764586903253473, 20.178246382911091 ], [ -155.770154000349351, 20.177835423227449 ], [ -155.775269774536213, 20.176629617136108 ], [ -155.777803163124759, 20.175739375278607 ], [ -155.780461637429312, 20.173952882279544 ], [ -155.782070634706145, 20.172212972715162 ], [ -155.783130955812396, 20.16987519499186 ], [ -155.7838782125107, 20.16562427340639 ], [ -155.783583472683944, 20.160635588516264 ], [ -155.78212839817391, 20.15404866880419 ], [ -155.781519471944648, 20.152802547548909 ], [ -155.777017605629908, 20.143600119711557 ], [ -155.772707297779618, 20.134771464383103 ], [ -155.773348849916772, 20.134491965298611 ], [ -155.772942230901748, 20.132412514759636 ], [ -155.773917037761322, 20.131814279637755 ], [ -155.774706040109237, 20.131470312638758 ], [ -155.775978344742043, 20.129948999619756 ], [ -155.776649027708714, 20.12755279871752 ], [ -155.777877502330369, 20.127551615183851 ], [ -155.778307184169989, 20.127567805991372 ], [ -155.77873720771683, 20.127567343448092 ], [ -155.779731409964882, 20.127604697671337 ], [ -155.780029456997028, 20.127323117875157 ], [ -155.78119704501313, 20.12630383024759 ], [ -155.780925163884945, 20.124461391900617 ], [ -155.778949665313405, 20.124059445826006 ], [ -155.778101234281564, 20.123767871056803 ], [ -155.775808593754363, 20.123460437509976 ], [ -155.775438420050477, 20.123082413612217 ], [ -155.77411736663305, 20.123694948066504 ], [ -155.774039721209959, 20.122963460306632 ], [ -155.775279469812915, 20.121306031932797 ], [ -155.774777948058698, 20.120753596864922 ], [ -155.773872035249326, 20.12031790048751 ], [ -155.774161572943569, 20.119905021547904 ], [ -155.774981343696055, 20.118808802721038 ], [ -155.7730292629237, 20.118170704462003 ], [ -155.771530515782587, 20.11707815908623 ], [ -155.771964611101225, 20.116319029921815 ], [ -155.77196359409399, 20.115264370299769 ], [ -155.771980605663572, 20.114858532132853 ], [ -155.771979728923981, 20.114178691002849 ], [ -155.772839576751949, 20.114210968349497 ], [ -155.773137605234297, 20.113929398088111 ], [ -155.773435190525902, 20.113669369366217 ], [ -155.773814900640275, 20.112312836001578 ], [ -155.774603412066995, 20.112342475316648 ], [ -155.774339350035319, 20.111514498978615 ], [ -155.773776798821729, 20.11043170910035 ], [ -155.77409211201774, 20.109880214264063 ], [ -155.774091353768171, 20.109344086791683 ], [ -155.774429588347488, 20.108466450429749 ], [ -155.774152756476582, 20.106637274770343 ], [ -155.77367962190084, 20.105726542216622 ], [ -155.774180405201548, 20.105289233209909 ], [ -155.774478095926014, 20.104477090895184 ], [ -155.774788518706657, 20.103671791149104 ], [ -155.774489199527295, 20.103389597465956 ], [ -155.773752517710335, 20.101094293992958 ], [ -155.772269093052046, 20.100380438854472 ], [ -155.771707317158587, 20.100094097282284 ], [ -155.769521571055463, 20.099042386773835 ], [ -155.770429146575452, 20.097454378470985 ], [ -155.76979046519304, 20.096851831167875 ], [ -155.769215325419566, 20.095744874749638 ], [ -155.76893609103962, 20.093899393077674 ], [ -155.768126999290871, 20.092723100859708 ], [ -155.767862876011435, 20.091900673197788 ], [ -155.767581788091633, 20.091359277446596 ], [ -155.767309429246154, 20.090801779623327 ], [ -155.766165780629137, 20.090802892173812 ], [ -155.766761315101007, 20.089443586920233 ], [ -155.767135824935281, 20.088788344212983 ], [ -155.766794708228304, 20.088090236605883 ], [ -155.766000944048784, 20.088090888765706 ], [ -155.764493672408548, 20.087714344726919 ], [ -155.764558125923514, 20.086185066593412 ], [ -155.76426062945842, 20.085612297608307 ], [ -155.764007661149208, 20.084248408794068 ], [ -155.763715466106788, 20.084248601465269 ], [ -155.7635889855936, 20.083566590966736 ], [ -155.764193857039174, 20.083836024452147 ], [ -155.764022445032282, 20.0829297554066 ], [ -155.7635889855936, 20.083566590966736 ], [ -155.763144939900684, 20.083424780225059 ], [ -155.76322797402932, 20.082094687706512 ], [ -155.762903238772708, 20.081799190533285 ], [ -155.762653969449445, 20.080419372002094 ], [ -155.761923223486036, 20.080433329895566 ], [ -155.761526763118297, 20.079597496178934 ], [ -155.761006981908281, 20.079124428773525 ], [ -155.760678197885511, 20.078509171816339 ], [ -155.760413572962648, 20.077359908548548 ], [ -155.759571277723779, 20.076593493765181 ], [ -155.759319511174994, 20.075200539844339 ], [ -155.758747282577929, 20.074679570715279 ], [ -155.759070954027237, 20.074127855957183 ], [ -155.759043430103191, 20.07284016014091 ], [ -155.75967046736767, 20.071770861214233 ], [ -155.759115526968543, 20.071430281074591 ], [ -155.756473050888701, 20.071082155265643 ], [ -155.755981178964646, 20.070560408939418 ], [ -155.75505703719395, 20.070265122008955 ], [ -155.754013596287194, 20.069158914989139 ], [ -155.753420087028502, 20.069170211115221 ], [ -155.752944387684948, 20.068665678308051 ], [ -155.75142657023531, 20.068580902480672 ], [ -155.75067931159316, 20.068937200802154 ], [ -155.750307842098664, 20.067748418217807 ], [ -155.750020884879177, 20.067211260573927 ], [ -155.750055078167833, 20.066665868859261 ], [ -155.749382400853847, 20.066350726584325 ], [ -155.747796797544851, 20.064453023617432 ], [ -155.746358758253137, 20.064166078132928 ], [ -155.745800758866267, 20.062729400609214 ], [ -155.744915215702775, 20.061923398593951 ], [ -155.74393589909522, 20.059859159421595 ], [ -155.742166643063285, 20.059475118920862 ], [ -155.741623004335281, 20.059485448628028 ], [ -155.741033830915484, 20.058381879705387 ], [ -155.740769717898758, 20.057824774006875 ], [ -155.740271435236252, 20.057834218569685 ], [ -155.739051197616561, 20.057262236500502 ], [ -155.736687117544733, 20.055659712517883 ], [ -155.735939693788595, 20.055309433481412 ], [ -155.735670272848466, 20.055023381645956 ], [ -155.734775735701135, 20.054737540489992 ], [ -155.734254965233589, 20.054184937828712 ], [ -155.732249823391697, 20.053616645031447 ], [ -155.731693992197364, 20.053325289311129 ], [ -155.730112592200555, 20.053009529039322 ], [ -155.728840845401578, 20.052199749424418 ], [ -155.72834447281636, 20.051672968129086 ], [ -155.72728270567373, 20.051613505608614 ], [ -155.726367087379145, 20.051630780832213 ], [ -155.724859272776229, 20.051303384092272 ], [ -155.722806194556227, 20.050999308334017 ], [ -155.721210203663077, 20.050162972510133 ], [ -155.720568756767136, 20.050411510998472 ], [ -155.720021200587894, 20.050948544300471 ], [ -155.718546986341096, 20.051186237140183 ], [ -155.717120265376735, 20.051440796576003 ], [ -155.715671594815319, 20.051674311748453 ], [ -155.7151032593259, 20.051945208444153 ], [ -155.7140968470936, 20.05188867914821 ], [ -155.71305947079702, 20.051908246857966 ], [ -155.711449698183003, 20.051064564353126 ], [ -155.710808237549401, 20.051313064642915 ], [ -155.710523442591324, 20.051592530274782 ], [ -155.709401650636835, 20.051004611056293 ], [ -155.70880962875475, 20.051015792136432 ], [ -155.707972269707994, 20.050447971004679 ], [ -155.707393699800832, 20.050176745316396 ], [ -155.706697036944945, 20.049437296275947 ], [ -155.703701369052169, 20.048786374522823 ], [ -155.701529592532154, 20.048664400905643 ], [ -155.700829208217584, 20.048960943709016 ], [ -155.700516412814949, 20.049267631390403 ], [ -155.698967858804423, 20.049180664546906 ], [ -155.697749411752454, 20.049203502664081 ], [ -155.696430554538409, 20.04885045160303 ], [ -155.694873702633714, 20.048879633027337 ], [ -155.693659115268559, 20.048451570872217 ], [ -155.692809949524076, 20.048811000260052 ], [ -155.691753052710311, 20.04946954378623 ], [ -155.690333349323282, 20.047962678246293 ], [ -155.689670904396252, 20.048210705826367 ], [ -155.689061775008526, 20.049064556325483 ], [ -155.679273773280784, 20.046293786537763 ], [ -155.679825919255421, 20.044453209102045 ], [ -155.679209229279621, 20.043152126074734 ], [ -155.678592578034596, 20.043670796173863 ], [ -155.678311463750561, 20.04394657204185 ], [ -155.67742993363936, 20.044461182915285 ], [ -155.676096808984454, 20.045388090055503 ], [ -155.672197716236781, 20.044511045643045 ], [ -155.671105121522828, 20.043769838109839 ], [ -155.669975189243758, 20.043790850964733 ], [ -155.669218272055957, 20.042987082844089 ], [ -155.668257524494379, 20.042932879512225 ], [ -155.665869602224177, 20.043673636130606 ], [ -155.661982476508229, 20.043096696592634 ], [ -155.662296792853624, 20.042561804692525 ], [ -155.662852422945264, 20.041503991911409 ], [ -155.664048193813102, 20.04049818603626 ], [ -155.663144394288025, 20.039299651776716 ], [ -155.662216577007115, 20.039316899330885 ], [ -155.661529711271385, 20.039278146377256 ], [ -155.660921287240711, 20.039789898196354 ], [ -155.660339116811485, 20.041414206729279 ], [ -155.659452518563, 20.041836351042829 ], [ -155.658568615373667, 20.042210288460534 ], [ -155.65827601210006, 20.043027299754048 ], [ -155.652462512142591, 20.043210079462732 ], [ -155.64579997147402, 20.043942225518361 ], [ -155.640196926623048, 20.045502120612454 ], [ -155.636459968102344, 20.047349461200341 ], [ -155.632766041169333, 20.049667490592896 ], [ -155.626318255817722, 20.055088499803929 ], [ -155.622947642715104, 20.059252751052863 ], [ -155.620961648920286, 20.062632138405622 ], [ -155.619969244020837, 20.066399740474189 ], [ -155.61991849696355, 20.067200267971117 ], [ -155.619945647540789, 20.068530538814752 ], [ -155.619069973720173, 20.069266750765834 ], [ -155.618709587836435, 20.070178602357934 ], [ -155.618729699381191, 20.071171243236822 ], [ -155.618410249815952, 20.07177903606679 ], [ -155.617212925900247, 20.073640923769982 ], [ -155.61677502309243, 20.074473684178884 ], [ -155.615025677725157, 20.076186426524448 ], [ -155.614065583963566, 20.076993427914104 ], [ -155.612956046081848, 20.078880621976509 ], [ -155.612223794502682, 20.081882045196362 ], [ -155.612134066691311, 20.08329506415707 ], [ -155.612174063656141, 20.085259841085264 ], [ -155.61131825955141, 20.086886705927871 ], [ -155.607761638435989, 20.089875182372062 ], [ -155.607077458047428, 20.09083311430307 ], [ -155.606031160345708, 20.091712027680277 ], [ -155.603762688180808, 20.094083521440748 ], [ -155.602886264166926, 20.096088398799353 ], [ -155.601707398304171, 20.097737920738133 ], [ -155.60021177840747, 20.099461299367416 ], [ -155.599449004853199, 20.100101865745405 ], [ -155.598884839509736, 20.101173903321556 ], [ -155.597296530124282, 20.098976350739303 ], [ -155.596923028899255, 20.095930168912066 ], [ -155.596397183138862, 20.095450867326377 ], [ -155.595878219363954, 20.094899388207001 ], [ -155.595257434180326, 20.095147820216106 ], [ -155.591791172000683, 20.098025688039137 ], [ -155.590324691573301, 20.098722798625278 ], [ -155.589383282161094, 20.099120462281832 ], [ -155.589704297131789, 20.100733726762623 ], [ -155.588912368233849, 20.101774613995918 ], [ -155.588605966895557, 20.106584816820082 ], [ -155.589054797879669, 20.109892079264242 ], [ -155.587350209270255, 20.109290386455953 ], [ -155.585726878335862, 20.109883806963364 ], [ -155.584341488455067, 20.10980500575954 ], [ -155.582714730091823, 20.109834403802221 ], [ -155.581471039551531, 20.109250187215284 ], [ -155.580081344362242, 20.10852062791286 ], [ -155.579177059608526, 20.108095796412577 ], [ -155.578664146697946, 20.107550731806779 ], [ -155.578231673168972, 20.107412127157943 ], [ -155.57838942883626, 20.10669620682901 ], [ -155.579543534420537, 20.10576168424803 ], [ -155.579574020428225, 20.105402321145633 ], [ -155.579077145369183, 20.104004412457673 ], [ -155.579739733393154, 20.102711361551957 ], [ -155.579974190561614, 20.103062250467477 ], [ -155.579853109301865, 20.104486105011066 ], [ -155.580203829005967, 20.106054478256326 ], [ -155.581764203362297, 20.10661787626724 ], [ -155.582955073603898, 20.103861658098676 ], [ -155.583876310903463, 20.103827697730416 ], [ -155.58434453091192, 20.104343460744452 ], [ -155.586239784841695, 20.1031465726875 ], [ -155.587652814428537, 20.102864739882808 ], [ -155.587964481011966, 20.100960342806054 ], [ -155.588284446526046, 20.100169685806605 ], [ -155.588724719715998, 20.097818719523733 ], [ -155.590795447452223, 20.096732766931805 ], [ -155.591969920187836, 20.095781484492747 ], [ -155.592384553229891, 20.095360536001486 ], [ -155.593940114256043, 20.094722230841096 ], [ -155.594433356518721, 20.093759220651524 ], [ -155.595317095746367, 20.093826124029039 ], [ -155.596200475137465, 20.091930091091701 ], [ -155.596664853809528, 20.090204160450536 ], [ -155.597454302464371, 20.089181947071111 ], [ -155.597392343568373, 20.087685389249266 ], [ -155.597803591599586, 20.086668301323201 ], [ -155.598396324361858, 20.084465506200491 ], [ -155.601187010104724, 20.082204734046122 ], [ -155.602032190879754, 20.080554457363913 ], [ -155.602457049059495, 20.080123229868292 ], [ -155.603422272461557, 20.079341253087065 ], [ -155.603110340910433, 20.077157759872616 ], [ -155.602581075975536, 20.075125938414651 ], [ -155.60319762683153, 20.073304683294957 ], [ -155.604372384003454, 20.071782743338147 ], [ -155.604916868038316, 20.069759024588553 ], [ -155.606166660937902, 20.068297732885529 ], [ -155.606472144777996, 20.066663875318469 ], [ -155.606791924840962, 20.065873158602781 ], [ -155.607207927429442, 20.063328888186362 ], [ -155.609143755895332, 20.061969846357112 ], [ -155.610447960422164, 20.061434386358616 ], [ -155.610009761143118, 20.058794251641018 ], [ -155.610450667871049, 20.057703520658077 ], [ -155.610382071737206, 20.056052684140205 ], [ -155.610620160315023, 20.053241515424304 ], [ -155.608524941853148, 20.052585799115413 ], [ -155.608504245787429, 20.052090995805067 ], [ -155.608573162020605, 20.051280118501285 ], [ -155.608526150165233, 20.050148427419501 ], [ -155.609592225412428, 20.049284381117538 ], [ -155.610589581181529, 20.048271611633794 ], [ -155.613461019106808, 20.047291200930562 ], [ -155.614546695629713, 20.046411234360118 ], [ -155.614960662712207, 20.045724879368059 ], [ -155.615500301776621, 20.044670652448538 ], [ -155.616156590897674, 20.044138579790957 ], [ -155.617420988949647, 20.042854720129249 ], [ -155.618453093969123, 20.042526934090777 ], [ -155.619460039418669, 20.042602913458378 ], [ -155.621505954234493, 20.042526901457393 ], [ -155.62330636976688, 20.043974092408455 ], [ -155.623803007042994, 20.044521487628007 ], [ -155.624988178909206, 20.044611021926993 ], [ -155.625341759636598, 20.043920309935356 ], [ -155.627057804951107, 20.042707393178254 ], [ -155.627364663701201, 20.042107659845961 ], [ -155.629069742452145, 20.040725430432708 ], [ -155.629549030889052, 20.038941724756203 ], [ -155.630723664514647, 20.036993865594074 ], [ -155.631722289174377, 20.03467923196698 ], [ -155.632091584624618, 20.034665514006491 ], [ -155.632591550503633, 20.034703197538828 ], [ -155.633729509413882, 20.034235744722007 ], [ -155.634685176741982, 20.033631558621636 ], [ -155.635248264914736, 20.033674005334557 ], [ -155.636519542668566, 20.032870380918165 ], [ -155.639040618990578, 20.03317730738971 ], [ -155.639787686236758, 20.034000162500792 ], [ -155.639569746511796, 20.033146121463897 ], [ -155.638740403534484, 20.032416751585746 ], [ -155.638718333300545, 20.031889657272096 ], [ -155.639274408244432, 20.030802461499107 ], [ -155.641000201185307, 20.029711447959013 ], [ -155.641507795096317, 20.029692536557164 ], [ -155.642516087186948, 20.029768532925853 ], [ -155.643539134744969, 20.028729184976626 ], [ -155.645113398186595, 20.028145003915199 ], [ -155.647998534625998, 20.027944318352102 ], [ -155.651084164113058, 20.027615844384972 ], [ -155.654426893835762, 20.027867774642065 ], [ -155.65546085685105, 20.027273402949113 ], [ -155.658100668021092, 20.025114791617938 ], [ -155.664426091004628, 20.021960680938751 ], [ -155.66655609010374, 20.021283257257497 ], [ -155.667863802213731, 20.021234396729671 ], [ -155.668688904522497, 20.022740238358519 ], [ -155.667643552993098, 20.026675851605486 ], [ -155.669287677127357, 20.026383334228548 ], [ -155.67327156510342, 20.023863356519563 ], [ -155.677281586563822, 20.02416507666646 ], [ -155.678289243031486, 20.024311713957939 ] ], [ [ -155.656434861784248, 20.041768966736836 ], [ -155.6566171806856, 20.042420589155359 ], [ -155.65713085904224, 20.041971311819626 ], [ -155.656434861784248, 20.041768966736836 ] ], [ [ -155.781313128900763, 20.197613389786952 ], [ -155.78159650151423, 20.198542998647579 ], [ -155.782017505499965, 20.197832944773619 ], [ -155.781313128900763, 20.197613389786952 ] ], [ [ -155.689042745363793, 20.044278203997873 ], [ -155.688759221913813, 20.044936150981517 ], [ -155.688892966288194, 20.046149235826739 ], [ -155.690192771389604, 20.046021160741802 ], [ -155.690598091863592, 20.044491764733436 ], [ -155.689042745363793, 20.044278203997873 ] ] ] } },
{ "type": "Feature", "properties": { "ID": 354, "GRIDCODE": 1 }, "geometry": { "type": "Polygon", "coordinates": [ [ [ -155.678289243031486, 20.024311713957939 ], [ -155.677281586563822, 20.02416507666646 ], [ -155.67327156510342, 20.023863356519563 ], [ -155.669287677127357, 20.026383334228548 ], [ -155.667643552993098, 20.026675851605486 ], [ -155.668688904522497, 20.022740238358519 ], [ -155.667863802213731, 20.021234396729671 ], [ -155.66655609010374, 20.021283257257497 ], [ -155.664426091004628, 20.021960680938751 ], [ -155.658100668021092, 20.025114791617938 ], [ -155.65546085685105, 20.027273402949113 ], [ -155.654426893835762, 20.027867774642065 ], [ -155.651084164113058, 20.027615844384972 ], [ -155.647998534625998, 20.027944318352102 ], [ -155.645113398186595, 20.028145003915199 ], [ -155.643539134744969, 20.028729184976626 ], [ -155.642516087186948, 20.029768532925853 ], [ -155.641507795096317, 20.029692536557164 ], [ -155.641000201185307, 20.029711447959013 ], [ -155.639274408244432, 20.030802461499107 ], [ -155.638718333300545, 20.031889657272096 ], [ -155.638740403534484, 20.032416751585746 ], [ -155.639569746511796, 20.033146121463897 ], [ -155.639787686236758, 20.034000162500792 ], [ -155.639040618990578, 20.03317730738971 ], [ -155.636519542668566, 20.032870380918165 ], [ -155.635248264914736, 20.033674005334557 ], [ -155.634685176741982, 20.033631558621636 ], [ -155.633729509413882, 20.034235744722007 ], [ -155.632591550503633, 20.034703197538828 ], [ -155.632091584624618, 20.034665514006491 ], [ -155.631722289174377, 20.03467923196698 ], [ -155.630723664514647, 20.036993865594074 ], [ -155.629549030889052, 20.038941724756203 ], [ -155.629069742452145, 20.040725430432708 ], [ -155.627364663701201, 20.042107659845961 ], [ -155.627057804951107, 20.042707393178254 ], [ -155.625341759636598, 20.043920309935356 ], [ -155.624988178909206, 20.044611021926993 ], [ -155.623803007042994, 20.044521487628007 ], [ -155.62330636976688, 20.043974092408455 ], [ -155.621505954234493, 20.042526901457393 ], [ -155.619460039418669, 20.042602913458378 ], [ -155.618453093969123, 20.042526934090777 ], [ -155.617420988949647, 20.042854720129249 ], [ -155.616156590897674, 20.044138579790957 ], [ -155.615500301776621, 20.044670652448538 ], [ -155.614960662712207, 20.045724879368059 ], [ -155.614546695629713, 20.046411234360118 ], [ -155.613461019106808, 20.047291200930562 ], [ -155.610589581181529, 20.048271611633794 ], [ -155.609592225412428, 20.049284381117538 ], [ -155.608526150165233, 20.050148427419501 ], [ -155.608573162020605, 20.051280118501285 ], [ -155.608504245787429, 20.052090995805067 ], [ -155.608524941853148, 20.052585799115413 ], [ -155.610620160315023, 20.053241515424304 ], [ -155.610382071737206, 20.056052684140205 ], [ -155.610450667871049, 20.057703520658077 ], [ -155.610009761143118, 20.058794251641018 ], [ -155.610447960422164, 20.061434386358616 ], [ -155.609143755895332, 20.061969846357112 ], [ -155.607207927429442, 20.063328888186362 ], [ -155.606791924840962, 20.065873158602781 ], [ -155.606472144777996, 20.066663875318469 ], [ -155.606166660937902, 20.068297732885529 ], [ -155.604916868038316, 20.069759024588553 ], [ -155.604372384003454, 20.071782743338147 ], [ -155.60319762683153, 20.073304683294957 ], [ -155.602581075975536, 20.075125938414651 ], [ -155.603110340910433, 20.077157759872616 ], [ -155.603422272461557, 20.079341253087065 ], [ -155.602457049059495, 20.080123229868292 ], [ -155.602032190879754, 20.080554457363913 ], [ -155.601187010104724, 20.082204734046122 ], [ -155.598396324361858, 20.084465506200491 ], [ -155.597803591599586, 20.086668301323201 ], [ -155.597392343568373, 20.087685389249266 ], [ -155.597454302464371, 20.089181947071111 ], [ -155.596664853809528, 20.090204160450536 ], [ -155.596200475137465, 20.091930091091701 ], [ -155.595317095746367, 20.093826124029039 ], [ -155.594433356518721, 20.093759220651524 ], [ -155.593940114256043, 20.094722230841096 ], [ -155.592384553229891, 20.095360536001486 ], [ -155.591969920187836, 20.095781484492747 ], [ -155.590795447452223, 20.096732766931805 ], [ -155.588724719715998, 20.097818719523733 ], [ -155.588284446526046, 20.100169685806605 ], [ -155.587964481011966, 20.100960342806054 ], [ -155.587652814428537, 20.102864739882808 ], [ -155.586239784841695, 20.1031465726875 ], [ -155.58434453091192, 20.104343460744452 ], [ -155.583876310903463, 20.103827697730416 ], [ -155.582955073603898, 20.103861658098676 ], [ -155.581764203362297, 20.10661787626724 ], [ -155.580203829005967, 20.106054478256326 ], [ -155.579853109301865, 20.104486105011066 ], [ -155.579974190561614, 20.103062250467477 ], [ -155.579739733393154, 20.102711361551957 ], [ -155.579077145369183, 20.104004412457673 ], [ -155.579574020428225, 20.105402321145633 ], [ -155.579543534420537, 20.10576168424803 ], [ -155.57838942883626, 20.10669620682901 ], [ -155.578231673168972, 20.107412127157943 ], [ -155.578072797269414, 20.107562118509975 ], [ -155.576925076216042, 20.108060921395783 ], [ -155.575850161375456, 20.108557693683643 ], [ -155.573621215748574, 20.108557328140769 ], [ -155.573145173694996, 20.10757991271484 ], [ -155.571865177282774, 20.106751038611662 ], [ -155.571469778701953, 20.105939368841238 ], [ -155.570073405476592, 20.106584909362596 ], [ -155.568950486828641, 20.10601063049695 ], [ -155.568661379944359, 20.106010553494322 ], [ -155.567659163710317, 20.105971736882118 ], [ -155.566441446408533, 20.105971413099066 ], [ -155.564422194571705, 20.104061453854683 ], [ -155.563849687519706, 20.103198467638631 ], [ -155.563241819283974, 20.103198380341269 ], [ -155.561673593587471, 20.101591443972342 ], [ -155.559925536027123, 20.100697185202758 ], [ -155.559588311906595, 20.100683994058095 ], [ -155.557931289023458, 20.10144979675956 ], [ -155.556355449449342, 20.100270830323758 ], [ -155.554448061470083, 20.100584118913169 ], [ -155.55386339635109, 20.100854117133796 ], [ -155.55244291602898, 20.100798976750823 ], [ -155.551582177593275, 20.101610955623347 ], [ -155.549894370094961, 20.100818377440774 ], [ -155.548220131215942, 20.09910219417625 ], [ -155.546519740247362, 20.099101671859 ], [ -155.54589002581136, 20.098797597064731 ], [ -155.545609757772553, 20.098510546820954 ], [ -155.544761248533547, 20.098510176339673 ], [ -155.544177868970991, 20.098211895216931 ], [ -155.542527309659732, 20.09821125480876 ], [ -155.541897608594098, 20.097907167357405 ], [ -155.541325311130009, 20.097614382560607 ], [ -155.540469978339132, 20.098420988403145 ], [ -155.539883630334771, 20.098398112202158 ], [ -155.537522532750899, 20.098397355754066 ], [ -155.536144885628943, 20.097504736985027 ], [ -155.535352875059232, 20.09669301732486 ], [ -155.533906990979688, 20.096396655080831 ], [ -155.532843253113782, 20.095852282747469 ], [ -155.531487163541556, 20.095799435282114 ], [ -155.530784195220207, 20.095799218667036 ], [ -155.529904351870186, 20.095495060633063 ], [ -155.529341868379419, 20.095494827613383 ], [ -155.529067722739256, 20.094932005408801 ], [ -155.527647265317853, 20.094245885292469 ], [ -155.526268115728413, 20.093539948224315 ], [ -155.525699409255708, 20.093517771305986 ], [ -155.524762202088397, 20.093784820081037 ], [ -155.523647603954771, 20.09483578985559 ], [ -155.523058221175546, 20.094558740787281 ], [ -155.523092331824074, 20.093774897879861 ], [ -155.52200160087861, 20.092656782475565 ], [ -155.521101182308541, 20.092221844959781 ], [ -155.520256120576079, 20.09178944993646 ], [ -155.518973334762279, 20.09257455098011 ], [ -155.518279905323396, 20.092574210046454 ], [ -155.516758224488939, 20.092191620853171 ], [ -155.5162614508545, 20.091170599664789 ], [ -155.515266930851055, 20.091170114810616 ], [ -155.513985829150386, 20.090312035232095 ], [ -155.512858320986851, 20.090832751631137 ], [ -155.512257788697212, 20.090555450062023 ], [ -155.512292874126615, 20.089755112174554 ], [ -155.511310145708734, 20.089096962603357 ], [ -155.510566013546907, 20.089440720646451 ], [ -155.509151558166053, 20.088591604130411 ], [ -155.508850899026129, 20.088874736712178 ], [ -155.507521188585997, 20.088822763628489 ], [ -155.503739879455736, 20.089112394750494 ], [ -155.502316649002211, 20.087652900227607 ], [ -155.500873145954756, 20.087081392233845 ], [ -155.499739893200427, 20.086501094946431 ], [ -155.497797394889403, 20.086499938827988 ], [ -155.496615820495549, 20.08592910614318 ], [ -155.496046240603846, 20.085344782968864 ], [ -155.494552585547666, 20.08534391760212 ], [ -155.493084986837033, 20.082892120485916 ], [ -155.491789991795912, 20.082566317115869 ], [ -155.490991740818174, 20.081747702201497 ], [ -155.489964051336017, 20.081707428312207 ], [ -155.488961219568097, 20.081706901013757 ], [ -155.487556677482786, 20.081651841764344 ], [ -155.487234235476222, 20.081932253301432 ], [ -155.4868483802951, 20.082295732455485 ], [ -155.485533189098732, 20.081622244391479 ], [ -155.483832944931237, 20.080800565241926 ], [ -155.48383364544614, 20.08024290978102 ], [ -155.48385674261533, 20.079709757551989 ], [ -155.483571360710272, 20.079157502964478 ], [ -155.483302764301243, 20.078605450573935 ], [ -155.482157529395067, 20.078317199659971 ], [ -155.481594846614257, 20.07802906107641 ], [ -155.480294054786413, 20.078316513311368 ], [ -155.479299671218229, 20.077989485358906 ], [ -155.478773217413391, 20.076907263476045 ], [ -155.478179012964858, 20.076602889026258 ], [ -155.477336272696448, 20.076602190603655 ], [ -155.476760327432885, 20.076307296818513 ], [ -155.476196670550564, 20.076838902024143 ], [ -155.47574675892966, 20.076838639246695 ], [ -155.475039487636423, 20.076810895238232 ], [ -155.474443513931448, 20.077085948636672 ], [ -155.473206444024669, 20.076452141351737 ], [ -155.471757389359823, 20.07688844011459 ], [ -155.471024753826384, 20.076194650907823 ], [ -155.471096286785411, 20.074575433341984 ], [ -155.469053385407364, 20.074219052298226 ], [ -155.468227624938322, 20.073436945968705 ], [ -155.467689924707429, 20.072885307288164 ], [ -155.467108473722249, 20.072862431645003 ], [ -155.46565581976904, 20.073385451483279 ], [ -155.463639632907473, 20.073610469867621 ], [ -155.462795833945023, 20.074405659828081 ], [ -155.46197677760702, 20.073650494581024 ], [ -155.460775386249281, 20.072154863314385 ], [ -155.459984198350583, 20.07140553749139 ], [ -155.459319614461862, 20.070401266717099 ], [ -155.456851694398893, 20.069689788794918 ], [ -155.455181814265643, 20.067756071798261 ], [ -155.454609463215832, 20.067479163087341 ], [ -155.453511409807334, 20.066916497069879 ], [ -155.453049630288945, 20.06689822959288 ], [ -155.451536068371666, 20.066897017353906 ], [ -155.450559981750217, 20.066559372843287 ], [ -155.448635724846383, 20.066557807049907 ], [ -155.448053248761482, 20.066259262669337 ], [ -155.443556623266318, 20.065520126380317 ], [ -155.442105344956076, 20.064818366901324 ], [ -155.441784324199631, 20.064514103349165 ], [ -155.441852866072651, 20.062965192396817 ], [ -155.439212016908897, 20.062562469563431 ], [ -155.437549789523558, 20.061987012771809 ], [ -155.436988594115007, 20.061986525248546 ], [ -155.436262230248843, 20.061297900774754 ], [ -155.435438694242436, 20.060452931314877 ], [ -155.434468573044398, 20.059533756318586 ], [ -155.434041417075036, 20.058654094504909 ], [ -155.431454280394149, 20.058651652275071 ], [ -155.428727988663553, 20.057333202291435 ], [ -155.427668700513635, 20.055561518469588 ], [ -155.426756146122329, 20.054969417245534 ], [ -155.425801485586391, 20.05398905692617 ], [ -155.424269950452668, 20.053603164041903 ], [ -155.423248504164491, 20.053249663959754 ], [ -155.421444842205545, 20.054082034193797 ], [ -155.42135708216847, 20.051884319246302 ], [ -155.421863987812088, 20.050576816214726 ], [ -155.42021465451873, 20.050995295564572 ], [ -155.419624878449952, 20.052083289512378 ], [ -155.418879130593496, 20.051317555045021 ], [ -155.418290010260648, 20.051316975233767 ], [ -155.416985950081141, 20.050648160601593 ], [ -155.416043188919417, 20.051536269283424 ], [ -155.41601154104373, 20.051230174586838 ], [ -155.416033671038605, 20.050724135654566 ], [ -155.41561406949387, 20.04991147819802 ], [ -155.414998905766964, 20.048644801258654 ], [ -155.413792769215092, 20.048247588097141 ], [ -155.412943579916487, 20.047678125822646 ], [ -155.411543831787583, 20.047676657572609 ], [ -155.41123440278102, 20.047383556050466 ], [ -155.410943554900285, 20.047085280421047 ], [ -155.409095697879366, 20.0470832790011 ], [ -155.408533494916071, 20.045925913450162 ], [ -155.406023639622845, 20.045293308815086 ], [ -155.40484995909722, 20.044088071976393 ], [ -155.403874098445499, 20.04343338761236 ], [ -155.403040543524952, 20.043432542927221 ], [ -155.402171167862036, 20.042868177213411 ], [ -155.401632722515501, 20.042315438922433 ], [ -155.400758175532104, 20.042027333289742 ], [ -155.400483760263597, 20.041745768230069 ], [ -155.400197921299394, 20.041474543837683 ], [ -155.399929683955804, 20.04092228447044 ], [ -155.399345649032085, 20.040921617738402 ], [ -155.398533920991667, 20.040087725228382 ], [ -155.397959905511783, 20.040064921569957 ], [ -155.396325968720333, 20.04042534165643 ], [ -155.395802863572271, 20.039888101799612 ], [ -155.395374120763108, 20.039481388381851 ], [ -155.39482578921519, 20.038652855539819 ], [ -155.393153950877206, 20.038102081053392 ], [ -155.391993335323576, 20.037506748207161 ], [ -155.390296052129969, 20.038289691430016 ], [ -155.389977883910348, 20.037476422731888 ], [ -155.389722067432643, 20.036383036785001 ], [ -155.388862831341214, 20.036382001650935 ], [ -155.388343020695288, 20.035311372481484 ], [ -155.388035306535272, 20.034995276242931 ], [ -155.386280323955219, 20.034633995388557 ], [ -155.38551158620399, 20.033051002170772 ], [ -155.384357499093568, 20.032759883990391 ], [ -155.383796853512536, 20.032472443024144 ], [ -155.382673183408713, 20.031928435558171 ], [ -155.382116273063673, 20.031356240826288 ], [ -155.378801448593833, 20.031009084648559 ], [ -155.37827747415227, 20.029928571004376 ], [ -155.377542851018774, 20.030178913011888 ], [ -155.376980262578684, 20.030708482729608 ], [ -155.375825104728619, 20.030148987909573 ], [ -155.375550757763136, 20.029867393799719 ], [ -155.375264986738813, 20.029596138634822 ], [ -155.374436742008555, 20.028491138537415 ], [ -155.370616063650573, 20.028058655220999 ], [ -155.370024242805869, 20.027450424024853 ], [ -155.367923502804274, 20.026758064453695 ], [ -155.367280548303739, 20.026428046548038 ], [ -155.365617595998799, 20.026425983450245 ], [ -155.36517747963012, 20.026008271910893 ], [ -155.363766028683841, 20.024558179300321 ], [ -155.362040665236691, 20.023672715642 ], [ -155.360807626446388, 20.023245286777172 ], [ -155.35907730290711, 20.023765425853181 ], [ -155.357659488400202, 20.023273902579852 ], [ -155.356581650959328, 20.023272445055433 ], [ -155.355656251706137, 20.022967364030414 ], [ -155.354850319428607, 20.022139379073554 ], [ -155.354255160881962, 20.022115742027321 ], [ -155.353119909827768, 20.022639103118429 ], [ -155.351845624915597, 20.022231382923216 ], [ -155.351387495751396, 20.021796618630475 ], [ -155.351088490186186, 20.021180765369589 ], [ -155.349184863362069, 20.021600351648626 ], [ -155.347954667362643, 20.021173691147819 ], [ -155.347392548679807, 20.021172917765565 ], [ -155.346832031551173, 20.020885243761612 ], [ -155.345687600346452, 20.020596207156657 ], [ -155.344566027251545, 20.020020572664176 ], [ -155.343680068392274, 20.020019437067162 ], [ -155.342862199866602, 20.019179133675092 ], [ -155.34143781862474, 20.018613607837096 ], [ -155.34116982472807, 20.018061428012818 ], [ -155.340597903504857, 20.017784206532102 ], [ -155.340323649764002, 20.017502438355883 ], [ -155.339213429951911, 20.017500870389423 ], [ -155.338558330928578, 20.016879085483481 ], [ -155.34669365270554, 20.015670426788528 ], [ -155.356382111362933, 20.013516795735057 ], [ -155.360357710772945, 20.011793902042715 ], [ -155.36337915567637, 20.009629018415172 ], [ -155.365571630045309, 20.006710339581812 ], [ -155.367280173403543, 20.001871195447912 ], [ -155.367472927639454, 19.9975458471853 ], [ -155.366556001922305, 19.992250737900736 ], [ -155.363548477168706, 19.983558814046653 ], [ -155.36161462374227, 19.979572828107194 ], [ -155.357518156065055, 19.971833234657318 ], [ -155.358270667132103, 19.971863241421211 ], [ -155.358826788424864, 19.971339127769561 ], [ -155.359568223312607, 19.971340088540256 ], [ -155.360426318435088, 19.971374369789245 ], [ -155.361144833471116, 19.971375117487192 ], [ -155.363149060149624, 19.972244696061946 ], [ -155.364271290291811, 19.972246052085801 ], [ -155.365129401360576, 19.972280047216316 ], [ -155.365979881582291, 19.972281103947282 ], [ -155.366554658128592, 19.972575996632315 ], [ -155.367549973532476, 19.971967282674164 ], [ -155.368685160290511, 19.97254988949026 ], [ -155.371347908727358, 19.973016017167758 ], [ -155.37170884453289, 19.974151603667387 ], [ -155.374960288515581, 19.975113741193216 ], [ -155.376243761345933, 19.974521445415931 ], [ -155.377282834935642, 19.975054720810405 ], [ -155.377741188622167, 19.974622646178279 ], [ -155.380231174877963, 19.975555904811895 ], [ -155.38107185495457, 19.975987036511398 ], [ -155.382788196810964, 19.976420186370447 ], [ -155.383669960463919, 19.977011807844722 ], [ -155.386448000127359, 19.977014836105951 ], [ -155.387372082449502, 19.977615234804738 ], [ -155.388170917656169, 19.978435915881175 ], [ -155.389562194016008, 19.978437315498571 ], [ -155.390370275742185, 19.978828621139247 ], [ -155.390987187397911, 19.980099724867294 ], [ -155.391858273381189, 19.980401639536417 ], [ -155.392984111898556, 19.979340236272698 ], [ -155.394074439919137, 19.980328344845443 ], [ -155.394954537096822, 19.981659252046192 ], [ -155.396035194857632, 19.98221363219648 ], [ -155.397266186152876, 19.981863573217552 ], [ -155.39801614543822, 19.981517733143903 ], [ -155.39869110243734, 19.982157953453303 ], [ -155.399207509929909, 19.982688153470505 ], [ -155.400058786246177, 19.983124973028222 ], [ -155.400447353002392, 19.98207179269329 ], [ -155.401309137041608, 19.98251384234236 ], [ -155.403261355071379, 19.982515961638896 ], [ -155.403976526007426, 19.982544229766919 ], [ -155.404683937248137, 19.982544845595143 ], [ -155.405548497924883, 19.982988518852043 ], [ -155.408719285169525, 19.98373062630105 ], [ -155.410944999376483, 19.983732656921781 ], [ -155.412659817760016, 19.984612253258469 ], [ -155.414090397864584, 19.984906630704025 ], [ -155.415389583065519, 19.985249488913794 ], [ -155.416820943201145, 19.984818358488035 ], [ -155.417506856981362, 19.985522448168926 ], [ -155.417935543300587, 19.985929096060499 ], [ -155.418610529034282, 19.986622255528683 ], [ -155.419232191018949, 19.986360301354516 ], [ -155.420043627655019, 19.985595424930882 ], [ -155.421210096140271, 19.985056731688147 ], [ -155.421800650587414, 19.985057165699054 ], [ -155.422240845638413, 19.985474743103065 ], [ -155.422652411850606, 19.985897160535114 ], [ -155.423081114410223, 19.986303798113791 ], [ -155.423563186530714, 19.986798880296071 ], [ -155.425081827791558, 19.986341423322539 ], [ -155.426027957276915, 19.987312841577154 ], [ -155.426848776374754, 19.987345135137993 ], [ -155.428071494131189, 19.987089327662996 ], [ -155.42857604700194, 19.986613892522133 ], [ -155.430359927056855, 19.987686512983121 ], [ -155.433226282448885, 19.988275618742204 ], [ -155.434611787272928, 19.988986210267282 ], [ -155.435482110437505, 19.988584338348705 ], [ -155.435896304984908, 19.989885357604599 ], [ -155.437673287995096, 19.990796521366786 ], [ -155.438302009502621, 19.990543760125938 ], [ -155.438895889096528, 19.988931522441789 ], [ -155.439191228832016, 19.989202872175365 ], [ -155.439717199611209, 19.990285135516952 ], [ -155.440299951958934, 19.990583939968847 ], [ -155.44131462079838, 19.991074885768192 ], [ -155.441676280340374, 19.993048018135923 ], [ -155.441965424524739, 19.993048278055809 ], [ -155.442567799584396, 19.993072014876876 ], [ -155.444351687056269, 19.991390079957945 ], [ -155.446795759230895, 19.992236043186487 ], [ -155.447717510400594, 19.991810291923308 ], [ -155.44829250429504, 19.991832930562747 ], [ -155.449418883405031, 19.991833713702494 ], [ -155.45000111166965, 19.992132214324698 ], [ -155.451145652672466, 19.992420573026262 ], [ -155.4517131141113, 19.993278016797557 ], [ -155.452816640369321, 19.994323584179455 ], [ -155.453363027339208, 19.995448130441797 ], [ -155.453795357525394, 19.995448464457681 ], [ -155.454327339894888, 19.995469430534275 ], [ -155.454824629534386, 19.994118484744817 ], [ -155.455981084738141, 19.993876225877948 ], [ -155.457104582349899, 19.993357310988944 ], [ -155.457120026426935, 19.994166155032286 ], [ -155.457096205523726, 19.994705362482694 ], [ -155.45825881372798, 19.994463211911317 ], [ -155.459121474843499, 19.994203290186785 ], [ -155.461227687649853, 19.995282876219012 ], [ -155.462402051471173, 19.994740225971622 ], [ -155.463700410658021, 19.99540578115375 ], [ -155.465619910413722, 19.995407105374248 ], [ -155.467686101454149, 19.996002839033011 ], [ -155.467638525249811, 19.997081399500757 ], [ -155.468777963058244, 19.997126075756658 ], [ -155.469371580651597, 19.996566372028923 ], [ -155.470170428286849, 19.99738661730083 ], [ -155.471248297161509, 19.997759442391235 ], [ -155.472229987324283, 19.997178516682897 ], [ -155.472803603416708, 19.996637435120093 ], [ -155.473670336798136, 19.996671490343982 ], [ -155.475660903958101, 19.996672668853609 ], [ -155.47649534314408, 19.997528890584579 ], [ -155.477668586986226, 19.997286822413212 ], [ -155.478792062774659, 19.996767762649526 ], [ -155.479964673530418, 19.997056503583291 ], [ -155.480527641307987, 19.997344881026869 ], [ -155.481739984012194, 19.996979311954508 ], [ -155.483393584755419, 19.99739536383715 ], [ -155.483965412936243, 19.997688137084015 ], [ -155.484813330144362, 19.997688719417205 ], [ -155.485208700707432, 19.998094568724365 ], [ -155.48652862796007, 19.998551156500532 ], [ -155.48723113273735, 19.998551484960863 ], [ -155.487660320402, 19.998568329454457 ], [ -155.488233063870297, 19.998568590427936 ], [ -155.489633516651679, 19.99862346734097 ], [ -155.490251191263752, 19.998338174597091 ], [ -155.49110118847338, 19.998371417308402 ], [ -155.491538631007501, 19.997562277964409 ], [ -155.491990735882382, 19.998134598618599 ], [ -155.492725187494813, 19.999645455357847 ], [ -155.49345940498435, 19.997988689980918 ], [ -155.494930402503684, 19.998974428779118 ], [ -155.495383068062807, 19.998992116169312 ], [ -155.495694054095765, 19.998992193018189 ], [ -155.496507300620351, 19.9998263701596 ], [ -155.497701115364947, 20.000600530418513 ], [ -155.498645577626348, 20.002026964170511 ], [ -155.499316211516174, 20.002053052459647 ], [ -155.499900548161833, 20.001783060106401 ], [ -155.501282051181505, 20.001836945074611 ], [ -155.502778482037371, 20.001297340383168 ], [ -155.50396538451281, 20.001905568945677 ], [ -155.505637178388497, 20.001631126263629 ], [ -155.506964760817283, 20.000378587743644 ], [ -155.507991066094576, 20.001927677750285 ], [ -155.509063527568344, 20.001969588094703 ], [ -155.510079292259064, 20.001970057833486 ], [ -155.511923090457117, 20.002291263503217 ], [ -155.512737535510325, 20.003126856446041 ], [ -155.515042167649568, 20.003706280106499 ], [ -155.515889293626714, 20.003999093879269 ], [ -155.51697667385983, 20.003999613609295 ], [ -155.518695130357798, 20.004452057341641 ], [ -155.519135796233513, 20.003313624121308 ], [ -155.518738539283703, 20.002937674847438 ], [ -155.521108641293523, 20.000873018188592 ], [ -155.521436914850199, 20.00026560182112 ], [ -155.522598056216026, 19.998716601407917 ], [ -155.52318294759138, 19.997910523597753 ], [ -155.524025151434046, 19.997943322694471 ], [ -155.524623009458679, 19.997666764812664 ], [ -155.526725973191958, 19.99874358473501 ], [ -155.527428505768171, 19.996832872995189 ], [ -155.528044453194298, 19.997464642989122 ], [ -155.528645157445595, 19.997210994321851 ], [ -155.529521105712121, 19.996674573779682 ], [ -155.530058988216666, 19.997780149029662 ], [ -155.530349822319124, 19.998342221982604 ], [ -155.530846545284788, 20.001044196667529 ], [ -155.531132583116971, 20.001315233182723 ], [ -155.531930058378151, 20.00295516815088 ], [ -155.533667446702509, 20.002597404770416 ], [ -155.533732752256554, 20.001098101360565 ], [ -155.533732958243178, 19.999736054352496 ], [ -155.534855841505902, 20.00031111002755 ], [ -155.535736818820567, 20.000311303057057 ], [ -155.536719898413423, 20.001319564400635 ], [ -155.537532369624614, 19.999109298807479 ], [ -155.538369850783482, 19.998745376680461 ], [ -155.539471022233784, 19.99770570872051 ], [ -155.54066102575527, 19.99770596777272 ], [ -155.54091918481376, 19.998804863590994 ], [ -155.541491504997254, 19.999081479362587 ], [ -155.542591191749722, 19.999644403008698 ], [ -155.542726874200582, 19.998043220955743 ], [ -155.541522854127777, 19.997647725456321 ], [ -155.542392036253233, 19.996933178897567 ], [ -155.542680972754255, 19.996944374069006 ], [ -155.543519425436841, 19.996944620531774 ], [ -155.543823024291981, 19.9972319759624 ], [ -155.544074019831527, 19.998595766508949 ], [ -155.544360080183736, 19.99886678436911 ], [ -155.544655063992764, 20.000470429212047 ], [ -155.545745077922646, 19.999441207788923 ], [ -155.546357847296065, 19.999441400259048 ], [ -155.546911243833364, 20.000008973149686 ], [ -155.547211249659028, 19.999193144551185 ], [ -155.548081434979196, 19.998944682899388 ], [ -155.548643415054443, 19.998414198380402 ], [ -155.548654327723284, 19.998952285144377 ], [ -155.54859711218603, 20.000266971228278 ], [ -155.549039108239953, 20.001121065625458 ], [ -155.549705367936696, 20.002490042903464 ], [ -155.550008569090835, 20.002501769883448 ], [ -155.550425048605689, 20.000051315672778 ], [ -155.551775526851969, 19.998439284874724 ], [ -155.551885632266533, 19.995902879625216 ], [ -155.551885772389483, 19.994728782955328 ], [ -155.55242723306705, 19.992802763424358 ], [ -155.553115518146967, 19.993096933277396 ], [ -155.554100609730767, 19.994106732016395 ], [ -155.555229545026776, 19.993584347119896 ], [ -155.575450733026145, 19.999199897777785 ], [ -155.594182077679307, 20.004124997747144 ], [ -155.596924188925016, 20.004763628044973 ], [ -155.598355537719243, 20.005056590920606 ], [ -155.612708716929092, 20.008005147637824 ], [ -155.61797424348768, 20.009050402610498 ], [ -155.628295770840879, 20.011049620149851 ], [ -155.642170172664606, 20.013731115228843 ], [ -155.64744363734215, 20.014808340273415 ], [ -155.662775686624002, 20.018884052493924 ], [ -155.676591086440254, 20.023410715331678 ], [ -155.678136980782512, 20.024155764332946 ], [ -155.678289243031486, 20.024311713957939 ] ], [ [ -155.421915756316963, 20.050169183189677 ], [ -155.422006136108791, 20.05050105253882 ], [ -155.422262609712305, 20.050268863738108 ], [ -155.421915756316963, 20.050169183189677 ] ] ] } },
{ "type": "Feature", "properties": { "ID": 355, "GRIDCODE": 1 }, "geometry": { "type": "Polygon", "coordinates": [ [ [ -155.932584810621847, 19.762705857148607 ], [ -155.932931540582871, 19.762804629906721 ], [ -155.932676513204655, 19.763037475371057 ], [ -155.932584810621847, 19.762705857148607 ] ] ] } },
{ "type": "Feature", "properties": { "ID": 356, "GRIDCODE": 1 }, "geometry": { "type": "Polygon", "coordinates": [ [ [ -155.921198744047331, 19.759802135270238 ], [ -155.921865308483859, 19.759958532097901 ], [ -155.922144569651579, 19.760777073683748 ], [ -155.921292719283457, 19.760857614769183 ], [ -155.921198744047331, 19.759802135270238 ] ] ] } },
{ "type": "Feature", "properties": { "ID": 357, "GRIDCODE": 1 }, "geometry": { "type": "Polygon", "coordinates": [ [ [ -155.918105398443515, 19.75704081871962 ], [ -155.91831468661627, 19.757211561469866 ], [ -155.918090579437461, 19.758974005278326 ], [ -155.919196060836725, 19.759619814776848 ], [ -155.919641773236521, 19.758273473481136 ], [ -155.920118692326895, 19.758035742098812 ], [ -155.919334409819555, 19.760516855264733 ], [ -155.917804207815493, 19.760342392542348 ], [ -155.917383406252043, 19.758082764263357 ], [ -155.918105398443515, 19.75704081871962 ] ] ] } },
{ "type": "Feature", "properties": { "ID": 358, "GRIDCODE": 1 }, "geometry": { "type": "Polygon", "coordinates": [ [ [ -155.912968928208983, 19.756410632334102 ], [ -155.913459553683992, 19.7565492118263 ], [ -155.913362631852351, 19.757100251586394 ], [ -155.913727295431471, 19.758369849503136 ], [ -155.913352709118669, 19.759559517779415 ], [ -155.91153519626738, 19.75923485798717 ], [ -155.912277704413071, 19.758116074519187 ], [ -155.912207949461134, 19.757604471237109 ], [ -155.912836233864624, 19.756831999874152 ], [ -155.912968928208983, 19.756410632334102 ] ] ] } },
{ "type": "Feature", "properties": { "ID": 359, "GRIDCODE": 1 }, "geometry": { "type": "Polygon", "coordinates": [ [ [ -155.897727466652185, 19.745856536768844 ], [ -155.898156563647092, 19.745996730965409 ], [ -155.900763182618306, 19.746322746957578 ], [ -155.90143661922167, 19.746321451732893 ], [ -155.902417691719705, 19.746357478694531 ], [ -155.903154714042046, 19.746014016544347 ], [ -155.90715995837769, 19.74616077530305 ], [ -155.909562114606757, 19.746155735325249 ], [ -155.909867097894335, 19.746533884321931 ], [ -155.909051843359578, 19.749980726090303 ], [ -155.910916948627573, 19.752251553637304 ], [ -155.910884907053827, 19.753030350052853 ], [ -155.909437578889936, 19.754299593348613 ], [ -155.90823544951877, 19.757279322256387 ], [ -155.907306355273107, 19.758671743438271 ], [ -155.896418825389276, 19.758272631122445 ], [ -155.887917078405195, 19.75889894036575 ], [ -155.883816842490688, 19.759487873690098 ], [ -155.870729634453767, 19.761788258577329 ], [ -155.864610528773937, 19.764308340282827 ], [ -155.854818727122534, 19.767986665968728 ], [ -155.85005341897724, 19.769839543166139 ], [ -155.845706447254742, 19.77186361665683 ], [ -155.840667344072102, 19.774968800574836 ], [ -155.838338666615897, 19.777178800943588 ], [ -155.836502816353601, 19.778167048784049 ], [ -155.833798467021182, 19.778475879169896 ], [ -155.830748805272577, 19.778362844555854 ], [ -155.82775843391596, 19.776836858221458 ], [ -155.825516179699633, 19.774170640181797 ], [ -155.824026825314547, 19.770024237144682 ], [ -155.823192432739148, 19.765531684840276 ], [ -155.822934557496097, 19.762012459509307 ], [ -155.823891101589709, 19.762991214046494 ], [ -155.82503976231942, 19.761900973957797 ], [ -155.825812076882698, 19.76122423698839 ], [ -155.827494574716781, 19.76128662177662 ], [ -155.82908785855409, 19.761284207857081 ], [ -155.8295095185793, 19.760499160512044 ], [ -155.830378115944029, 19.760249061664059 ], [ -155.83066390985303, 19.759978052413977 ], [ -155.831568660158524, 19.759439026563005 ], [ -155.832114914425773, 19.758920618044133 ], [ -155.832720681303329, 19.758655537039548 ], [ -155.8332867208469, 19.758676403188272 ], [ -155.833824979973343, 19.759226978045916 ], [ -155.834963942921775, 19.759486193804495 ], [ -155.834121593146904, 19.758690655970216 ], [ -155.83365506373363, 19.758213544214264 ], [ -155.834375254996957, 19.756948783292192 ], [ -155.83557790975604, 19.757362496153451 ], [ -155.836733375044474, 19.757648435438963 ], [ -155.837309541580794, 19.756575475997092 ], [ -155.837803731984593, 19.755707328280234 ], [ -155.838744353564664, 19.756335608355997 ], [ -155.839065297083692, 19.756334934253871 ], [ -155.840331868730004, 19.755745397098895 ], [ -155.841284524024076, 19.75623134354165 ], [ -155.841624963444048, 19.755297794446726 ], [ -155.842236315655725, 19.754761987675106 ], [ -155.843062196451854, 19.754792432852319 ], [ -155.843933609445486, 19.754255127027982 ], [ -155.844222206543634, 19.754265772284214 ], [ -155.844819946615331, 19.754264946233715 ], [ -155.845373828311608, 19.753739219730015 ], [ -155.845688734466734, 19.753463141922786 ], [ -155.846528003498491, 19.753494335284138 ], [ -155.848024563623738, 19.753038633175461 ], [ -155.849408541861294, 19.752185591910411 ], [ -155.850277075846378, 19.751935385594159 ], [ -155.8508485814381, 19.751392760335879 ], [ -155.851431348830289, 19.751414389391133 ], [ -155.852013638011073, 19.750606712316877 ], [ -155.854339631506804, 19.750382124935239 ], [ -155.85558350512045, 19.751016710245661 ], [ -155.856369386144536, 19.750650779389833 ], [ -155.857187331856409, 19.749874196169188 ], [ -155.858038872700035, 19.749905813346377 ], [ -155.858610799756008, 19.749639511682233 ], [ -155.86020175337174, 19.749181389440434 ], [ -155.863322984822332, 19.748824396576754 ], [ -155.864269806372107, 19.747925480730618 ], [ -155.865499053694094, 19.748552602928868 ], [ -155.866362421518488, 19.748150429851325 ], [ -155.867462364623066, 19.748191111633954 ], [ -155.868368791263634, 19.747915029802886 ], [ -155.869237285475435, 19.747664723971727 ], [ -155.869831175381677, 19.747388189476609 ], [ -155.870922187892262, 19.74742842869767 ], [ -155.872959752963908, 19.747182678242986 ], [ -155.87396228945164, 19.747219765777263 ], [ -155.874965868742152, 19.747217727573844 ], [ -155.876192737623711, 19.747639526658769 ], [ -155.878704290152285, 19.747278751251216 ], [ -155.8792597550175, 19.74675134390402 ], [ -155.881557786394495, 19.746525902174479 ], [ -155.882361925103908, 19.746151173756907 ], [ -155.883585762642326, 19.746571812685854 ], [ -155.884918374180216, 19.746569365984595 ], [ -155.886979821999972, 19.746891378455466 ], [ -155.888126138801738, 19.746889104654514 ], [ -155.889617969979156, 19.746943869098459 ], [ -155.892089027816127, 19.747792856296389 ], [ -155.892747662236928, 19.747791601984492 ], [ -155.894407894436313, 19.747285704336278 ], [ -155.895276363526051, 19.747035265902404 ], [ -155.896133744695334, 19.746636008241001 ], [ -155.897569263918854, 19.746006912105479 ], [ -155.897727466652185, 19.745856536768844 ] ], [ [ -155.831854296418328, 19.765011334251188 ], [ -155.831716601331408, 19.765151955967916 ], [ -155.83028311254634, 19.76574427701685 ], [ -155.829946058230718, 19.767899561863267 ], [ -155.831234845093917, 19.769031734708431 ], [ -155.832279452526336, 19.770180992762317 ], [ -155.831799115979152, 19.77082458727768 ], [ -155.830090435454167, 19.769906041744992 ], [ -155.828373729732562, 19.769972374119568 ], [ -155.828454923632165, 19.771853445451526 ], [ -155.830179757668674, 19.773847503584921 ], [ -155.831638173499499, 19.774512514515454 ], [ -155.835127602883119, 19.774377600204225 ], [ -155.836819889242861, 19.772650883670735 ], [ -155.837854159827231, 19.771808431359027 ], [ -155.83851587754279, 19.770508246612213 ], [ -155.83819135282792, 19.769599176956447 ], [ -155.837943283187712, 19.768496302293514 ], [ -155.837593915118219, 19.767162101182297 ], [ -155.83511911890065, 19.765263257505868 ], [ -155.831854296418328, 19.765011334251188 ] ] ] } },
{ "type": "Feature", "properties": { "ID": 360, "GRIDCODE": 1 }, "geometry": { "type": "Polygon", "coordinates": [ [ [ -155.918625417826775, 19.744863608690249 ], [ -155.919320662401503, 19.74506493031695 ], [ -155.918808703175216, 19.745514948691099 ], [ -155.918625417826775, 19.744863608690249 ] ] ] } },
{ "type": "Feature", "properties": { "ID": 361, "GRIDCODE": 1 }, "geometry": { "type": "Polygon", "coordinates": [ [ [ -155.918625417826775, 19.744863608690249 ], [ -155.918278738040215, 19.744764814364277 ], [ -155.918533750221229, 19.744531987961675 ], [ -155.918625417826775, 19.744863608690249 ] ] ] } },
{ "type": "Feature", "properties": { "ID": 362, "GRIDCODE": 1 }, "geometry": { "type": "Polygon", "coordinates": [ [ [ -155.941919202052105, 19.73822217622298 ], [ -155.941572514931522, 19.738123427030253 ], [ -155.941827486198264, 19.737890561303676 ], [ -155.941919202052105, 19.73822217622298 ] ] ] } },
{ "type": "Feature", "properties": { "ID": 363, "GRIDCODE": 1 }, "geometry": { "type": "Polygon", "coordinates": [ [ [ -155.941919202052105, 19.73822217622298 ], [ -155.944668806586805, 19.737862122772245 ], [ -155.945233301914726, 19.736760222339573 ], [ -155.944681490892378, 19.735699303641898 ], [ -155.944416728160888, 19.734877067963012 ], [ -155.944118765058818, 19.734595883757429 ], [ -155.944171842510457, 19.733289553698739 ], [ -155.946307295223448, 19.732997526520361 ], [ -155.945878878740729, 19.73217435238843 ], [ -155.947210141168085, 19.731005915651298 ], [ -155.948187723074255, 19.730076860763873 ], [ -155.949088906937192, 19.729816647041197 ], [ -155.949659380951005, 19.729602101069993 ], [ -155.947840676108569, 19.729233656179176 ], [ -155.947409852088981, 19.727875965341919 ], [ -155.948796385018852, 19.727926305598174 ], [ -155.95000385976229, 19.727655171785372 ], [ -155.95055674439547, 19.72767516583276 ], [ -155.950874863223248, 19.72767449989891 ], [ -155.952654587808809, 19.726844228164762 ], [ -155.953907427163557, 19.725653238568139 ], [ -155.955509995476007, 19.725312089029799 ], [ -155.956177857518639, 19.725336399430009 ], [ -155.962159808275601, 19.725322392049364 ], [ -155.966410004894499, 19.723929816428846 ], [ -155.967795227785047, 19.723634854400014 ], [ -155.968938426514626, 19.72337810030044 ], [ -155.970136613519571, 19.723122797542384 ], [ -155.971174272403118, 19.723160446532891 ], [ -155.973612324599316, 19.722808921759178 ], [ -155.977584758840095, 19.721595702216252 ], [ -155.98009685153562, 19.721686732720315 ], [ -155.980986719960868, 19.721415047780081 ], [ -155.982140862621662, 19.721168968011195 ], [ -155.983002638066182, 19.720905790972324 ], [ -155.983554674913506, 19.721729125623394 ], [ -155.982990889555595, 19.735697376654496 ], [ -155.981981178363611, 19.73997613060623 ], [ -155.980423007981813, 19.744556104197198 ], [ -155.978117675055188, 19.749113384929807 ], [ -155.976343955224166, 19.751498010629856 ], [ -155.97207303821142, 19.755932294075951 ], [ -155.969362335671406, 19.758311278797343 ], [ -155.96585161718474, 19.760684310507646 ], [ -155.962675214723561, 19.762318470588706 ], [ -155.95940471486594, 19.763475988276564 ], [ -155.951824119523536, 19.764983420011916 ], [ -155.948137665852244, 19.765298980597105 ], [ -155.944583444986279, 19.765169518574179 ], [ -155.933433877320283, 19.763077969312604 ], [ -155.932483536688267, 19.760670428198456 ], [ -155.932202263549954, 19.760129279908654 ], [ -155.931932364345101, 19.759577748131669 ], [ -155.9308126430237, 19.757950888932839 ], [ -155.93085786260977, 19.757398152188223 ], [ -155.932239797946494, 19.75881027212057 ], [ -155.932238325138059, 19.758201197153827 ], [ -155.931687365818476, 19.75714157835009 ], [ -155.931433016442043, 19.755777894672246 ], [ -155.931155604459349, 19.754962568046373 ], [ -155.931326307822445, 19.754698128428206 ], [ -155.932712797517439, 19.755623186652656 ], [ -155.933122262089313, 19.756895382020002 ], [ -155.933688361086382, 19.758288476018514 ], [ -155.93452222156148, 19.759074992801679 ], [ -155.935078795829014, 19.761419976335251 ], [ -155.935894238651173, 19.761812128257993 ], [ -155.936747644796242, 19.762381322091567 ], [ -155.936744153010522, 19.760970896723798 ], [ -155.935913841156918, 19.760187622368946 ], [ -155.93593591943926, 19.759646386669694 ], [ -155.935092812457412, 19.758554001381835 ], [ -155.934687951121958, 19.757726708614644 ], [ -155.934059654523111, 19.7565182014981 ], [ -155.933695568512917, 19.754128914540825 ], [ -155.93296105822057, 19.75343613237251 ], [ -155.929363891039912, 19.752021185543853 ], [ -155.927528412145591, 19.750565561937073 ], [ -155.926902079611949, 19.750264429040538 ], [ -155.925623892222603, 19.747263611815686 ], [ -155.925000758393622, 19.747554121845049 ], [ -155.924311336281392, 19.747528784967383 ], [ -155.923896363050773, 19.74606766168155 ], [ -155.92462645957238, 19.745646499888291 ], [ -155.925029893776383, 19.746471402064103 ], [ -155.925701948397403, 19.746469991429599 ], [ -155.925332911791344, 19.74417079786156 ], [ -155.926857045794407, 19.74350303885884 ], [ -155.927660337523918, 19.743532170068963 ], [ -155.928888783947201, 19.743529718822135 ], [ -155.931718065719735, 19.74249899054605 ], [ -155.93226340223157, 19.74198100670721 ], [ -155.932584120063893, 19.741699565075287 ], [ -155.933986660426285, 19.741750572607238 ], [ -155.935127953992293, 19.741748170462053 ], [ -155.935419348149054, 19.74234369997426 ], [ -155.935376719155727, 19.743391025793823 ], [ -155.935378516860851, 19.744203478263962 ], [ -155.935345791534274, 19.745010050245313 ], [ -155.935913522049276, 19.745834838747825 ], [ -155.93626710126992, 19.746933378353045 ], [ -155.93680899970488, 19.746932077583285 ], [ -155.936489756051458, 19.745307850337568 ], [ -155.936502238056562, 19.745005256900882 ], [ -155.937522339908185, 19.744110064105932 ], [ -155.937966248106676, 19.742891091527323 ], [ -155.938574351848956, 19.741541901846293 ], [ -155.939444346234069, 19.741573706778297 ], [ -155.939269952022983, 19.745869007993289 ], [ -155.939929596355682, 19.746445178418163 ], [ -155.939924928065011, 19.744552086604017 ], [ -155.939974456522521, 19.7433319168072 ], [ -155.941095888729279, 19.743903283584693 ], [ -155.941970085066743, 19.743495614623125 ], [ -155.942536132664884, 19.74351639358353 ], [ -155.942874696532243, 19.742297720094207 ], [ -155.942572193175437, 19.740759204118056 ], [ -155.94263578792669, 19.73919520638028 ], [ -155.942056585761975, 19.738648984092833 ], [ -155.941919202052105, 19.73822217622298 ] ] ] } },
{ "type": "Feature", "properties": { "ID": 364, "GRIDCODE": 1 }, "geometry": { "type": "Polygon", "coordinates": [ [ [ -155.919111305773185, 19.494646607453404 ], [ -155.919699848762917, 19.494817160321052 ], [ -155.920361831613434, 19.495630812326425 ], [ -155.921410116861068, 19.496456592587961 ], [ -155.920717189723774, 19.497247439646863 ], [ -155.919470075198006, 19.497481142476946 ], [ -155.918198766758422, 19.498932535880076 ], [ -155.916320570251941, 19.498678634449643 ], [ -155.913679542538063, 19.500090495713071 ], [ -155.913719371035882, 19.499549559189028 ], [ -155.915857148273119, 19.497380423577006 ], [ -155.91575100617473, 19.496433427844782 ], [ -155.916199951211723, 19.495921151913247 ], [ -155.917538838106964, 19.495582721273344 ], [ -155.918083711617555, 19.495291049097474 ], [ -155.918777521580694, 19.495027829667819 ], [ -155.919111305773185, 19.494646607453404 ] ] ] } },
{ "type": "Feature", "properties": { "ID": 365, "GRIDCODE": 1 }, "geometry": { "type": "Polygon", "coordinates": [ [ [ -155.273081773352601, 19.43024995273565 ], [ -155.273734828427337, 19.43037307179268 ], [ -155.273228767374945, 19.43059659669191 ], [ -155.273081773352601, 19.43024995273565 ] ] ] } },
{ "type": "Feature", "properties": { "ID": 366, "GRIDCODE": 1 }, "geometry": { "type": "Polygon", "coordinates": [ [ [ -155.274228635160483, 19.430002857397678 ], [ -155.274574069834159, 19.430102734293214 ], [ -155.274318576899418, 19.430334583367177 ], [ -155.274228635160483, 19.430002857397678 ] ] ] } },
{ "type": "Feature", "properties": { "ID": 367, "GRIDCODE": 1 }, "geometry": { "type": "Polygon", "coordinates": [ [ [ -155.273081773352601, 19.43024995273565 ], [ -155.272130363039736, 19.430112766879258 ], [ -155.272896451296646, 19.429898027257234 ], [ -155.273081773352601, 19.43024995273565 ] ] ] } },
{ "type": "Feature", "properties": { "ID": 368, "GRIDCODE": 1 }, "geometry": { "type": "Polygon", "coordinates": [ [ [ -155.269963453869167, 19.429373816703407 ], [ -155.270308883163636, 19.429473701096526 ], [ -155.27005338641419, 19.429705543315595 ], [ -155.269963453869167, 19.429373816703407 ] ] ] } },
{ "type": "Feature", "properties": { "ID": 369, "GRIDCODE": 1 }, "geometry": { "type": "Polygon", "coordinates": [ [ [ -155.277390208734602, 19.428985126220258 ], [ -155.27719427523013, 19.429586408807186 ], [ -155.274957097437181, 19.430020470041846 ], [ -155.275810946930477, 19.429378520619988 ], [ -155.277390208734602, 19.428985126220258 ] ] ] } },
{ "type": "Feature", "properties": { "ID": 370, "GRIDCODE": 1 }, "geometry": { "type": "Polygon", "coordinates": [ [ [ -155.26769448682947, 19.428785785600276 ], [ -155.269219179047923, 19.429585027694191 ], [ -155.267864766091606, 19.429478117927285 ], [ -155.26769448682947, 19.428785785600276 ] ] ] } },
{ "type": "Feature", "properties": { "ID": 371, "GRIDCODE": 1 }, "geometry": { "type": "Polygon", "coordinates": [ [ [ -155.266014441962312, 19.427397857740413 ], [ -155.267580677388509, 19.428182635511007 ], [ -155.26769448682947, 19.428785785600276 ], [ -155.26575055860917, 19.427996136752732 ], [ -155.266014441962312, 19.427397857740413 ] ] ] } },
{ "type": "Feature", "properties": { "ID": 372, "GRIDCODE": 1 }, "geometry": { "type": "Polygon", "coordinates": [ [ [ -155.264055458854045, 19.425733504845443 ], [ -155.264723952653299, 19.425911157244649 ], [ -155.265823767149811, 19.426623164849158 ], [ -155.266014441962312, 19.427397857740413 ], [ -155.264511027076736, 19.426644495543655 ], [ -155.264055458854045, 19.425733504845443 ] ] ] } },
{ "type": "Feature", "properties": { "ID": 373, "GRIDCODE": 1 }, "geometry": { "type": "Polygon", "coordinates": [ [ [ -155.263776492211889, 19.425457090551507 ], [ -155.264061651711927, 19.425462966061822 ], [ -155.264055458854045, 19.425733504845443 ], [ -155.263770298883969, 19.425727629246907 ], [ -155.263776492211889, 19.425457090551507 ] ] ] } },
{ "type": "Feature", "properties": { "ID": 374, "GRIDCODE": 1 }, "geometry": { "type": "Polygon", "coordinates": [ [ [ -155.280322079886218, 19.425526588875599 ], [ -155.280496586956076, 19.425986924762963 ], [ -155.278679817022123, 19.4280491899843 ], [ -155.278300377516132, 19.42885393955428 ], [ -155.277390208734602, 19.428985126220258 ], [ -155.277490106486397, 19.428807435879325 ], [ -155.278113424105669, 19.428524187894332 ], [ -155.278370296687172, 19.427742826855948 ], [ -155.279342021332212, 19.426768903720241 ], [ -155.279938076124495, 19.425701096355475 ], [ -155.280322079886218, 19.425526588875599 ] ] ] } },
{ "type": "Feature", "properties": { "ID": 375, "GRIDCODE": 1 }, "geometry": { "type": "Polygon", "coordinates": [ [ [ -155.280613410291579, 19.42526189451301 ], [ -155.280607244901546, 19.425532438421779 ], [ -155.280322079886218, 19.425526588875599 ], [ -155.280328245746318, 19.42525604505466 ], [ -155.280613410291579, 19.42526189451301 ] ] ] } },
{ "type": "Feature", "properties": { "ID": 376, "GRIDCODE": 1 }, "geometry": { "type": "Polygon", "coordinates": [ [ [ -155.280904739756807, 19.424997199518689 ], [ -155.280898574939783, 19.425267743525222 ], [ -155.280613410291579, 19.42526189451301 ], [ -155.28061957557864, 19.424991350594315 ], [ -155.280904739756807, 19.424997199518689 ] ] ] } },
{ "type": "Feature", "properties": { "ID": 377, "GRIDCODE": 1 }, "geometry": { "type": "Polygon", "coordinates": [ [ [ -155.280904739756807, 19.424997199518689 ], [ -155.281009721041158, 19.424669473002496 ], [ -155.281254396653679, 19.424911591953986 ], [ -155.280904739756807, 19.424997199518689 ] ] ] } },
{ "type": "Feature", "properties": { "ID": 378, "GRIDCODE": 1 }, "geometry": { "type": "Polygon", "coordinates": [ [ [ -155.281797211189144, 19.423391477786613 ], [ -155.282142639877407, 19.423491338734401 ], [ -155.281887167861925, 19.423723202127746 ], [ -155.281797211189144, 19.423391477786613 ] ] ] } },
{ "type": "Feature", "properties": { "ID": 379, "GRIDCODE": 1 }, "geometry": { "type": "Polygon", "coordinates": [ [ [ -155.259840064587138, 19.42293994897981 ], [ -155.260280635623531, 19.423069301462096 ], [ -155.262031879261798, 19.424458472934592 ], [ -155.263458967444194, 19.425063843832692 ], [ -155.263776492211889, 19.425457090551507 ], [ -155.262170622444529, 19.425164165649857 ], [ -155.260684967791974, 19.424026554790771 ], [ -155.259840064587138, 19.42293994897981 ] ] ] } },
{ "type": "Feature", "properties": { "ID": 380, "GRIDCODE": 1 }, "geometry": { "type": "Polygon", "coordinates": [ [ [ -155.259275957066762, 19.422657648336777 ], [ -155.259846263459764, 19.422669411420625 ], [ -155.259840064587138, 19.42293994897981 ], [ -155.259269757254287, 19.422928185719314 ], [ -155.259275957066762, 19.422657648336777 ] ] ] } },
{ "type": "Feature", "properties": { "ID": 381, "GRIDCODE": 1 }, "geometry": { "type": "Polygon", "coordinates": [ [ [ -155.282671180328407, 19.422597382448995 ], [ -155.282566204312161, 19.422925110761131 ], [ -155.28232152886639, 19.422682993713021 ], [ -155.282671180328407, 19.422597382448995 ] ] ] } },
{ "type": "Feature", "properties": { "ID": 382, "GRIDCODE": 1 }, "geometry": { "type": "Polygon", "coordinates": [ [ [ -155.258147748596855, 19.422093042728307 ], [ -155.25905528965319, 19.422220666405618 ], [ -155.259275957066762, 19.422657648336777 ], [ -155.2581353455233, 19.422634116816539 ], [ -155.258147748596855, 19.422093042728307 ] ] ] } },
{ "type": "Feature", "properties": { "ID": 383, "GRIDCODE": 1 }, "geometry": { "type": "Polygon", "coordinates": [ [ [ -155.28296250149495, 19.422332682739945 ], [ -155.282956340997117, 19.422603227460375 ], [ -155.282671180328407, 19.422597382448995 ], [ -155.282677341296164, 19.422326837816346 ], [ -155.28296250149495, 19.422332682739945 ] ] ] } },
{ "type": "Feature", "properties": { "ID": 384, "GRIDCODE": 1 }, "geometry": { "type": "Polygon", "coordinates": [ [ [ -155.258147748596855, 19.422093042728307 ], [ -155.257802345868754, 19.421993138885444 ], [ -155.258057842745188, 19.421761314702483 ], [ -155.258147748596855, 19.422093042728307 ] ] ] } },
{ "type": "Feature", "properties": { "ID": 385, "GRIDCODE": 1 }, "geometry": { "type": "Polygon", "coordinates": [ [ [ -155.283830300575801, 19.421809124837051 ], [ -155.283596842025275, 19.422224621300696 ], [ -155.28296250149495, 19.422332682739945 ], [ -155.283195961719258, 19.421917187391564 ], [ -155.283830300575801, 19.421809124837051 ] ] ] } },
{ "type": "Feature", "properties": { "ID": 386, "GRIDCODE": 1 }, "geometry": { "type": "Polygon", "coordinates": [ [ [ -155.283830300575801, 19.421809124837051 ], [ -155.28393527305127, 19.421481395220908 ], [ -155.284179949818991, 19.421723510209883 ], [ -155.283830300575801, 19.421809124837051 ] ] ] } },
{ "type": "Feature", "properties": { "ID": 387, "GRIDCODE": 1 }, "geometry": { "type": "Polygon", "coordinates": [ [ [ -155.284419093229246, 19.421009174721785 ], [ -155.28478603784859, 19.421167358659119 ], [ -155.284519275290108, 19.421626317265062 ], [ -155.284419093229246, 19.421009174721785 ] ] ] } },
{ "type": "Feature", "properties": { "ID": 388, "GRIDCODE": 1 }, "geometry": { "type": "Polygon", "coordinates": [ [ [ -155.256796429129309, 19.418817179112228 ], [ -155.257187442266343, 19.419066044868341 ], [ -155.256892423938183, 19.420268432488605 ], [ -155.256796429129309, 19.418817179112228 ] ] ] } },
{ "type": "Feature", "properties": { "ID": 389, "GRIDCODE": 1 }, "geometry": { "type": "Polygon", "coordinates": [ [ [ -155.25654849978838, 19.417188074085214 ], [ -155.256939508996709, 19.417436939698522 ], [ -155.256644494086061, 19.41863932726995 ], [ -155.25654849978838, 19.417188074085214 ] ] ] } },
{ "type": "Feature", "properties": { "ID": 390, "GRIDCODE": 1 }, "geometry": { "type": "Polygon", "coordinates": [ [ [ -155.255178626209698, 19.414723818356155 ], [ -155.255762831018529, 19.415124428835686 ], [ -155.254752926246425, 19.416449501916251 ], [ -155.254259614644411, 19.415729879706262 ], [ -155.254761013148595, 19.415416703981524 ], [ -155.255178626209698, 19.414723818356155 ] ] ] } },
{ "type": "Feature", "properties": { "ID": 391, "GRIDCODE": 1 }, "geometry": { "type": "Polygon", "coordinates": [ [ [ -155.258104392364885, 19.411536209676573 ], [ -155.25850684569221, 19.411844514402773 ], [ -155.25814985499801, 19.412737695384582 ], [ -155.257916463319134, 19.412491820449684 ], [ -155.258104392364885, 19.411536209676573 ] ] ] } },
{ "type": "Feature", "properties": { "ID": 392, "GRIDCODE": 1 }, "geometry": { "type": "Polygon", "coordinates": [ [ [ -155.334244726138451, 19.412819876674817 ], [ -155.334534366314614, 19.413470187688329 ], [ -155.333577765615502, 19.413191542045858 ], [ -155.334244726138451, 19.412819876674817 ] ] ] } },
{ "type": "Feature", "properties": { "ID": 393, "GRIDCODE": 1 }, "geometry": { "type": "Polygon", "coordinates": [ [ [ -155.334535958237325, 19.412555077110699 ], [ -155.334529886403544, 19.412825637916566 ], [ -155.334244726138451, 19.412819876674817 ], [ -155.334250798442014, 19.412549315955513 ], [ -155.334535958237325, 19.412555077110699 ] ] ] } },
{ "type": "Feature", "properties": { "ID": 394, "GRIDCODE": 1 }, "geometry": { "type": "Polygon", "coordinates": [ [ [ -155.334827189396634, 19.412290276917656 ], [ -155.334821118134101, 19.412560837819949 ], [ -155.334535958237325, 19.412555077110699 ], [ -155.334542029969668, 19.412284516294957 ], [ -155.334827189396634, 19.412290276917656 ] ] ] } },
{ "type": "Feature", "properties": { "ID": 395, "GRIDCODE": 1 }, "geometry": { "type": "Polygon", "coordinates": [ [ [ -155.258414314481456, 19.410459940200713 ], [ -155.258781202265567, 19.410618168885247 ], [ -155.258514396249836, 19.411077080295176 ], [ -155.258414314481456, 19.410459940200713 ] ] ] } },
{ "type": "Feature", "properties": { "ID": 396, "GRIDCODE": 1 }, "geometry": { "type": "Polygon", "coordinates": [ [ [ -155.334827189396634, 19.412290276917656 ], [ -155.33520962773423, 19.411660679479336 ], [ -155.335466145465205, 19.412173128045215 ], [ -155.334827189396634, 19.412290276917656 ] ] ] } },
{ "type": "Feature", "properties": { "ID": 397, "GRIDCODE": 1 }, "geometry": { "type": "Polygon", "coordinates": [ [ [ -155.259015556681533, 19.409119010484261 ], [ -155.258860382043167, 19.41029917933837 ], [ -155.258635938875585, 19.409322112231916 ], [ -155.259015556681533, 19.409119010484261 ] ] ] } },
{ "type": "Feature", "properties": { "ID": 398, "GRIDCODE": 1 }, "geometry": { "type": "Polygon", "coordinates": [ [ [ -155.259325465521272, 19.408042737458032 ], [ -155.259300686133258, 19.409124888724811 ], [ -155.259015556681533, 19.409119010484261 ], [ -155.259040337947567, 19.408036859570775 ], [ -155.259325465521272, 19.408042737458032 ] ] ] } },
{ "type": "Feature", "properties": { "ID": 399, "GRIDCODE": 1 }, "geometry": { "type": "Polygon", "coordinates": [ [ [ -155.260211813727409, 19.406707677813781 ], [ -155.26007229902504, 19.407180053597866 ], [ -155.259496731726472, 19.407935781350933 ], [ -155.259325465521272, 19.408042737458032 ], [ -155.259493396409226, 19.407156756083097 ], [ -155.260211813727409, 19.406707677813781 ] ] ] } },
{ "type": "Feature", "properties": { "ID": 400, "GRIDCODE": 1 }, "geometry": { "type": "Polygon", "coordinates": [ [ [ -155.260788256835013, 19.406448890361425 ], [ -155.260782065111556, 19.406719428694235 ], [ -155.260211813727409, 19.406707677813781 ], [ -155.260218006389749, 19.406437139657562 ], [ -155.260788256835013, 19.406448890361425 ] ] ] } },
{ "type": "Feature", "properties": { "ID": 401, "GRIDCODE": 1 }, "geometry": { "type": "Polygon", "coordinates": [ [ [ -155.338637363312671, 19.407765568465912 ], [ -155.338809370512195, 19.407897243830085 ], [ -155.339484767719227, 19.409634368896683 ], [ -155.337291610611544, 19.411375202104072 ], [ -155.335940056259915, 19.410818970615363 ], [ -155.337354156804878, 19.409828225179631 ], [ -155.337915178276631, 19.408986522532476 ], [ -155.338176485489811, 19.408415533974782 ], [ -155.338637363312671, 19.407765568465912 ] ] ] } },
{ "type": "Feature", "properties": { "ID": 402, "GRIDCODE": 1 }, "geometry": { "type": "Polygon", "coordinates": [ [ [ -155.260788256835013, 19.406448890361425 ], [ -155.260893257613986, 19.406121179716678 ], [ -155.261137875541408, 19.406363316679016 ], [ -155.260788256835013, 19.406448890361425 ] ] ] } },
{ "type": "Feature", "properties": { "ID": 403, "GRIDCODE": 1 }, "geometry": { "type": "Polygon", "coordinates": [ [ [ -155.261370888952825, 19.40591956223416 ], [ -155.261716262870948, 19.406019454103461 ], [ -155.261460799069425, 19.406251288735728 ], [ -155.261370888952825, 19.40591956223416 ] ] ] } },
{ "type": "Feature", "properties": { "ID": 404, "GRIDCODE": 1 }, "geometry": { "type": "Polygon", "coordinates": [ [ [ -155.26194732788332, 19.405660770304088 ], [ -155.262292701838675, 19.405760661043502 ], [ -155.262037239180444, 19.405992496698108 ], [ -155.26194732788332, 19.405660770304088 ] ] ] } },
{ "type": "Feature", "properties": { "ID": 405, "GRIDCODE": 1 }, "geometry": { "type": "Polygon", "coordinates": [ [ [ -155.285686801748682, 19.40290012957281 ], [ -155.286032193046822, 19.402999976492183 ], [ -155.285776763037802, 19.403231852008602 ], [ -155.285686801748682, 19.40290012957281 ] ] ] } },
{ "type": "Feature", "properties": { "ID": 406, "GRIDCODE": 1 }, "geometry": { "type": "Polygon", "coordinates": [ [ [ -155.285686801748682, 19.40290012957281 ], [ -155.285251376861112, 19.402765927083131 ], [ -155.283283970229149, 19.402575248730873 ], [ -155.281832556229915, 19.403507937811415 ], [ -155.281235440621373, 19.403746286516334 ], [ -155.279230987155927, 19.405304910057364 ], [ -155.278869138272711, 19.408373986587467 ], [ -155.279579084270182, 19.408980370860672 ], [ -155.279965117299326, 19.409424424287458 ], [ -155.280585441208501, 19.409954163889708 ], [ -155.284015857017749, 19.410398737222661 ], [ -155.285575783401271, 19.409891184121065 ], [ -155.287136086834124, 19.407920302077947 ], [ -155.287413503358493, 19.408045190024133 ], [ -155.285902625066853, 19.410488911993735 ], [ -155.284384265303544, 19.411348874229464 ], [ -155.281202569094319, 19.411040508915757 ], [ -155.278709100805173, 19.4092847452958 ], [ -155.278084768812136, 19.406387876770104 ], [ -155.280314233438105, 19.403536565362408 ], [ -155.282881862135611, 19.402201185162703 ], [ -155.285410718367501, 19.401957172357505 ], [ -155.285686801748682, 19.40290012957281 ] ] ] } },
{ "type": "Feature", "properties": { "ID": 407, "GRIDCODE": 1 }, "geometry": { "type": "Polygon", "coordinates": [ [ [ -155.263465746249608, 19.401632040481513 ], [ -155.264414279159013, 19.401765487341649 ], [ -155.264192445312233, 19.402135203225303 ], [ -155.263557420485483, 19.40181366720557 ], [ -155.263465746249608, 19.401632040481513 ] ] ] } },
{ "type": "Feature", "properties": { "ID": 408, "GRIDCODE": 1 }, "geometry": { "type": "Polygon", "coordinates": [ [ [ -155.262901697312884, 19.401349761835949 ], [ -155.263471931783585, 19.401361501165528 ], [ -155.263465746249608, 19.401632040481513 ], [ -155.262895510840281, 19.401620300975495 ], [ -155.262901697312884, 19.401349761835949 ] ] ] } },
{ "type": "Feature", "properties": { "ID": 409, "GRIDCODE": 1 }, "geometry": { "type": "Polygon", "coordinates": [ [ [ -155.26262276707115, 19.401073352441628 ], [ -155.26290788368209, 19.401079222686469 ], [ -155.262901697312884, 19.401349761835949 ], [ -155.262616580232645, 19.401343891502879 ], [ -155.26262276707115, 19.401073352441628 ] ] ] } },
{ "type": "Feature", "properties": { "ID": 410, "GRIDCODE": 1 }, "geometry": { "type": "Polygon", "coordinates": [ [ [ -155.265207367515586, 19.400314548981509 ], [ -155.265883705372516, 19.400778606100744 ], [ -155.265435780588945, 19.401241472634471 ], [ -155.265207367515586, 19.400314548981509 ] ] ] } },
{ "type": "Feature", "properties": { "ID": 411, "GRIDCODE": 1 }, "geometry": { "type": "Polygon", "coordinates": [ [ [ -155.26262276707115, 19.401073352441628 ], [ -155.262236322063927, 19.400845214500137 ], [ -155.262523110934211, 19.399900879644452 ], [ -155.26262276707115, 19.401073352441628 ] ] ] } },
{ "type": "Feature", "properties": { "ID": 412, "GRIDCODE": 1 }, "geometry": { "type": "Polygon", "coordinates": [ [ [ -155.264940799187684, 19.399497063115462 ], [ -155.265307673039302, 19.399655275674832 ], [ -155.265040907266609, 19.400114203174841 ], [ -155.264940799187684, 19.399497063115462 ] ] ] } },
{ "type": "Feature", "properties": { "ID": 413, "GRIDCODE": 1 }, "geometry": { "type": "Polygon", "coordinates": [ [ [ -155.243136499281434, 19.39255123632439 ], [ -155.244399032008033, 19.392786693674726 ], [ -155.24394402879966, 19.394041517238414 ], [ -155.242904610215248, 19.39343005409372 ], [ -155.243136499281434, 19.39255123632439 ] ] ] } },
{ "type": "Feature", "properties": { "ID": 414, "GRIDCODE": 1 }, "geometry": { "type": "Polygon", "coordinates": [ [ [ -155.248280647091292, 19.392116268281395 ], [ -155.249575558839183, 19.392373504580473 ], [ -155.250372554482936, 19.393840023171542 ], [ -155.248173569434897, 19.394136363788942 ], [ -155.248044977638244, 19.392699773960572 ], [ -155.248280647091292, 19.392116268281395 ] ] ] } },
{ "type": "Feature", "properties": { "ID": 415, "GRIDCODE": 1 }, "geometry": { "type": "Polygon", "coordinates": [ [ [ -155.354070502618697, 19.39372980554807 ], [ -155.355075351407606, 19.394140943604725 ], [ -155.356451077969012, 19.395010755476846 ], [ -155.357868143366062, 19.395426186013452 ], [ -155.357602979866357, 19.395849370168371 ], [ -155.357176954229004, 19.395790333534411 ], [ -155.357383984457613, 19.397701206632096 ], [ -155.356434696180685, 19.397145803024774 ], [ -155.355838589108998, 19.396893285836196 ], [ -155.35557615883431, 19.396568690267944 ], [ -155.355299497685763, 19.396882464874089 ], [ -155.354651596137927, 19.397353736349196 ], [ -155.355322695522602, 19.398490937465482 ], [ -155.354371327479896, 19.398728514103386 ], [ -155.354097020049068, 19.399311171167071 ], [ -155.353175861187879, 19.398643969491154 ], [ -155.352156811110007, 19.398743508642337 ], [ -155.351296778936558, 19.397285289758262 ], [ -155.351853357921129, 19.396512431087874 ], [ -155.352460184556264, 19.396284070098361 ], [ -155.352757521856404, 19.39484381801681 ], [ -155.353357840982227, 19.394407283489613 ], [ -155.353618494540171, 19.394111694380381 ], [ -155.353940176679771, 19.393877600615777 ], [ -155.354070502618697, 19.39372980554807 ] ] ] } },
{ "type": "Feature", "properties": { "ID": 416, "GRIDCODE": 1 }, "geometry": { "type": "Polygon", "coordinates": [ [ [ -155.356387746656225, 19.392152182736616 ], [ -155.358180989276633, 19.393112304005861 ], [ -155.358541781227245, 19.393723568078901 ], [ -155.358150060457518, 19.394926148518941 ], [ -155.356505990096906, 19.393621668459495 ], [ -155.356387746656225, 19.392152182736616 ] ] ] } },
{ "type": "Feature", "properties": { "ID": 417, "GRIDCODE": 1 }, "geometry": { "type": "Polygon", "coordinates": [ [ [ -155.26947063293278, 19.388492812970412 ], [ -155.269837490088719, 19.388651013123077 ], [ -155.269570759542262, 19.389109952837874 ], [ -155.26947063293278, 19.388492812970412 ] ] ] } },
{ "type": "Feature", "properties": { "ID": 418, "GRIDCODE": 1 }, "geometry": { "type": "Polygon", "coordinates": [ [ [ -155.274899816647036, 19.388062911659727 ], [ -155.274794860838171, 19.388390637540276 ], [ -155.274550241267974, 19.388148519757944 ], [ -155.274899816647036, 19.388062911659727 ] ] ] } },
{ "type": "Feature", "properties": { "ID": 419, "GRIDCODE": 1 }, "geometry": { "type": "Polygon", "coordinates": [ [ [ -155.358303360809913, 19.382987163210515 ], [ -155.358466790080769, 19.38310357895892 ], [ -155.358698119470347, 19.3834233154519 ], [ -155.359546503077553, 19.383753567676809 ], [ -155.358101864157106, 19.385782011616222 ], [ -155.356668391859131, 19.386857170638525 ], [ -155.356025312526555, 19.385838703332528 ], [ -155.356421782545397, 19.385272499252675 ], [ -155.356685216376746, 19.384150616191267 ], [ -155.357645224044774, 19.38382119567471 ], [ -155.358303360809913, 19.382987163210515 ] ] ] } },
{ "type": "Feature", "properties": { "ID": 420, "GRIDCODE": 1 }, "geometry": { "type": "Polygon", "coordinates": [ [ [ -155.358636650158218, 19.380828326106382 ], [ -155.360670984106946, 19.380988834897678 ], [ -155.360199176942871, 19.382112898456285 ], [ -155.359874400024381, 19.382036868606871 ], [ -155.359351592144321, 19.382723472223887 ], [ -155.359050362656944, 19.382290253176816 ], [ -155.357092900286915, 19.38270515858591 ], [ -155.356933035770425, 19.381953327827823 ], [ -155.357496047363554, 19.381212818845125 ], [ -155.358516702943604, 19.380986115443633 ], [ -155.358636650158218, 19.380828326106382 ] ] ] } },
{ "type": "Feature", "properties": { "ID": 421, "GRIDCODE": 1 }, "geometry": { "type": "Polygon", "coordinates": [ [ [ -155.048504584423654, 19.362170576148188 ], [ -155.049185005127356, 19.362774690013367 ], [ -155.049458138460722, 19.363687341354019 ], [ -155.050586081642706, 19.36420868176624 ], [ -155.050270171137839, 19.364561227278511 ], [ -155.046353131656787, 19.366145734718032 ], [ -155.044863699758849, 19.365673320545241 ], [ -155.045361237331576, 19.363957667285685 ], [ -155.047129906581773, 19.362643598128621 ], [ -155.048366440086056, 19.362310544090651 ], [ -155.048504584423654, 19.362170576148188 ] ] ] } },
{ "type": "Feature", "properties": { "ID": 422, "GRIDCODE": 1 }, "geometry": { "type": "Polygon", "coordinates": [ [ [ -155.052805327536049, 19.361181547944479 ], [ -155.05370790556222, 19.361441365925405 ], [ -155.053869733622292, 19.362675596217301 ], [ -155.052948828393482, 19.362113052444535 ], [ -155.052805327536049, 19.361181547944479 ] ] ] } },
{ "type": "Feature", "properties": { "ID": 423, "GRIDCODE": 1 }, "geometry": { "type": "Polygon", "coordinates": [ [ [ -155.054340981173965, 19.356614422395904 ], [ -155.055568697596243, 19.356784030040796 ], [ -155.056550607572916, 19.358050318993808 ], [ -155.057354908531636, 19.358667926118066 ], [ -155.057185211835701, 19.359610081128036 ], [ -155.058446781794601, 19.360364188054628 ], [ -155.058351007527904, 19.360895944659337 ], [ -155.058413636521891, 19.361371145353576 ], [ -155.057318457442477, 19.361500676257382 ], [ -155.056411632637918, 19.360954311049628 ], [ -155.055510109625089, 19.360581156081384 ], [ -155.054977113102325, 19.360259863474855 ], [ -155.054408585852173, 19.360327072348895 ], [ -155.054132048554948, 19.359970645117276 ], [ -155.053820420267414, 19.360007486515684 ], [ -155.053287429690215, 19.359686189841263 ], [ -155.051585838678108, 19.359306747876875 ], [ -155.05202286655603, 19.358526328487997 ], [ -155.054206671015493, 19.357034872966484 ], [ -155.054340981173965, 19.356614422395904 ] ] ] } },
{ "type": "Feature", "properties": { "ID": 424, "GRIDCODE": 1 }, "geometry": { "type": "Polygon", "coordinates": [ [ [ -155.071342443802422, 19.349134567105445 ], [ -155.071495963695867, 19.349281121011384 ], [ -155.071459384315745, 19.350086904969658 ], [ -155.07229403616131, 19.351182124696638 ], [ -155.07283882834767, 19.35201103453776 ], [ -155.075200478088533, 19.35463872416236 ], [ -155.071818581386822, 19.355915897120859 ], [ -155.062818307142578, 19.359508840801968 ], [ -155.062159728960893, 19.358828077365015 ], [ -155.06127126908433, 19.358791390998171 ], [ -155.06031055329521, 19.359235170969765 ], [ -155.059715565262991, 19.358619996843252 ], [ -155.059289325058245, 19.358212762575761 ], [ -155.058756802164936, 19.357107919261029 ], [ -155.057947770506246, 19.355529845412374 ], [ -155.060113008317558, 19.353486889306531 ], [ -155.061945922654587, 19.352965797375923 ], [ -155.064573881808428, 19.35210300428653 ], [ -155.066400965977635, 19.351104718364219 ], [ -155.068917696492377, 19.35048945386227 ], [ -155.071199440051771, 19.34926943111363 ], [ -155.071342443802422, 19.349134567105445 ] ] ] } },
{ "type": "Feature", "properties": { "ID": 425, "GRIDCODE": 1 }, "geometry": { "type": "Polygon", "coordinates": [ [ [ -155.072501739571862, 19.348347741545439 ], [ -155.072846814416351, 19.348447953111638 ], [ -155.072591238637699, 19.348679492192019 ], [ -155.072501739571862, 19.348347741545439 ] ] ] } },
{ "type": "Feature", "properties": { "ID": 426, "GRIDCODE": 1 }, "geometry": { "type": "Polygon", "coordinates": [ [ [ -155.075979564139857, 19.345987208370296 ], [ -155.076414579210308, 19.346121858902109 ], [ -155.076664959326621, 19.34668858633443 ], [ -155.07751557565922, 19.34776932954999 ], [ -155.078521291370549, 19.349373515119595 ], [ -155.078895085688089, 19.349693422501673 ], [ -155.079582223824957, 19.350486007449753 ], [ -155.080611928403385, 19.350949016743382 ], [ -155.080493435529405, 19.352038201566049 ], [ -155.08054168112028, 19.352838157895011 ], [ -155.07847243332435, 19.353509219469895 ], [ -155.077532228177517, 19.352424429196404 ], [ -155.076007235405115, 19.351738765977917 ], [ -155.075316200544535, 19.349365701986361 ], [ -155.075105568227997, 19.349720311126759 ], [ -155.075194932412927, 19.351197175490018 ], [ -155.074118868411915, 19.35027593615861 ], [ -155.073099691328338, 19.348445219709575 ], [ -155.075146531652564, 19.347289043462592 ], [ -155.075979564139857, 19.345987208370296 ] ] ] } },
{ "type": "Feature", "properties": { "ID": 427, "GRIDCODE": 1 }, "geometry": { "type": "Polygon", "coordinates": [ [ [ -155.198919451789067, 19.343725706887838 ], [ -155.199109119040202, 19.343856008329261 ], [ -155.199861535484104, 19.345007458139396 ], [ -155.199088416195877, 19.344965142910503 ], [ -155.19865116662362, 19.344296030300086 ], [ -155.198919451789067, 19.343725706887838 ] ] ] } },
{ "type": "Feature", "properties": { "ID": 428, "GRIDCODE": 1 }, "geometry": { "type": "Polygon", "coordinates": [ [ [ -155.087280230604534, 19.338382511887406 ], [ -155.088141150704388, 19.33863649450284 ], [ -155.088645219745871, 19.339494351624513 ], [ -155.088212866933333, 19.340158447555133 ], [ -155.088667493509689, 19.341361715585734 ], [ -155.088798072950283, 19.342587089089381 ], [ -155.088449248573397, 19.342620554190283 ], [ -155.088197217266497, 19.342308040904818 ], [ -155.087403571464506, 19.342384268121283 ], [ -155.087038475451266, 19.339553101118373 ], [ -155.085982530163022, 19.339654604648373 ], [ -155.086325705140155, 19.339180993987792 ], [ -155.087019837788745, 19.338677400987695 ], [ -155.087280230604534, 19.338382511887406 ] ] ] } },
{ "type": "Feature", "properties": { "ID": 429, "GRIDCODE": 1 }, "geometry": { "type": "Polygon", "coordinates": [ [ [ -155.282084615239285, 19.335429127325167 ], [ -155.282745732156883, 19.33562316508171 ], [ -155.282799622892981, 19.336120410233896 ], [ -155.282755919900467, 19.336402349321602 ], [ -155.283304080031883, 19.336838054314104 ], [ -155.283426157516317, 19.337963679430484 ], [ -155.282477847321474, 19.338056124606211 ], [ -155.282201993878488, 19.33585259977626 ], [ -155.282084615239285, 19.335429127325167 ] ] ] } },
{ "type": "Feature", "properties": { "ID": 430, "GRIDCODE": 1 }, "geometry": { "type": "Polygon", "coordinates": [ [ [ -155.162187389147874, 19.329422537993153 ], [ -155.163405398548036, 19.329746867406996 ], [ -155.163653111503606, 19.330917122236265 ], [ -155.162315532114292, 19.330324122793215 ], [ -155.162187389147874, 19.329422537993153 ] ] ] } },
{ "type": "Feature", "properties": { "ID": 431, "GRIDCODE": 1 }, "geometry": { "type": "Polygon", "coordinates": [ [ [ -155.861547875115718, 19.3398428596537 ], [ -155.861690716559337, 19.339978077714846 ], [ -155.863395732772801, 19.340284341576581 ], [ -155.863687157338688, 19.340006924298905 ], [ -155.864329992262128, 19.340030425521451 ], [ -155.867906424755716, 19.342566491333464 ], [ -155.870199987940026, 19.342561506645673 ], [ -155.870424668542029, 19.345927924274459 ], [ -155.870396755055936, 19.346616880457695 ], [ -155.870747309860661, 19.347650318017831 ], [ -155.870332896513986, 19.349408170066081 ], [ -155.870335617112431, 19.350462601502912 ], [ -155.870874788296703, 19.352051466590371 ], [ -155.87114382554887, 19.352889392482997 ], [ -155.871704880507252, 19.353419751877347 ], [ -155.871693491034847, 19.35369538351976 ], [ -155.872356184160225, 19.356025260212146 ], [ -155.871644042393285, 19.356651413688532 ], [ -155.871344081024375, 19.357360286327062 ], [ -155.872341175947099, 19.3588121028472 ], [ -155.871558052538063, 19.360192848368296 ], [ -155.871561904387363, 19.361786259975574 ], [ -155.871242994738452, 19.362348561152317 ], [ -155.871246824917876, 19.36385523034221 ], [ -155.870901174879975, 19.365321243406846 ], [ -155.870532756933699, 19.369509959467475 ], [ -155.870533770637621, 19.369923584973137 ], [ -155.870168695387065, 19.371179810772407 ], [ -155.870498998882908, 19.37181622169285 ], [ -155.870092401595201, 19.372532772345807 ], [ -155.870476684677101, 19.37289640164401 ], [ -155.870755427678972, 19.374073000493773 ], [ -155.870709274591576, 19.375204867799876 ], [ -155.870711571474686, 19.376134467348272 ], [ -155.870381086491193, 19.376717190842257 ], [ -155.870384156680473, 19.378043486004174 ], [ -155.869322146565253, 19.378350477943357 ], [ -155.870362846485932, 19.378852087167978 ], [ -155.870611382990518, 19.38048646738962 ], [ -155.870891968733844, 19.381027613130136 ], [ -155.87117127879813, 19.381897983357508 ], [ -155.871120690785204, 19.383144811795855 ], [ -155.871390318207887, 19.384827950562808 ], [ -155.871378927921654, 19.385103052262387 ], [ -155.871978839429971, 19.38625899983208 ], [ -155.871859544424325, 19.389190018599983 ], [ -155.870429864680318, 19.389818072737889 ], [ -155.870431304000761, 19.390500391031207 ], [ -155.870398479515387, 19.391313024179706 ], [ -155.871266451755872, 19.391597189549561 ], [ -155.871222753542071, 19.392672504208214 ], [ -155.87153153157044, 19.392964491301363 ], [ -155.871487433373971, 19.39404614611 ], [ -155.872038832626572, 19.39567066895528 ], [ -155.872297740726765, 19.396763624549031 ], [ -155.872594750498109, 19.397336259607005 ], [ -155.872540571916318, 19.398668180412844 ], [ -155.873113373347024, 19.399772094472336 ], [ -155.873069747492394, 19.400843708992038 ], [ -155.873631807847545, 19.40192681012347 ], [ -155.8735018636429, 19.405121835988353 ], [ -155.873849537918488, 19.405450722371054 ], [ -155.874118818167346, 19.406002252159379 ], [ -155.874404623816844, 19.406272685807281 ], [ -155.874953333708248, 19.407136851279574 ], [ -155.874095735354388, 19.409380534534634 ], [ -155.874545229929964, 19.413858360767804 ], [ -155.874533845451396, 19.414132933641952 ], [ -155.874799218710507, 19.415486753871296 ], [ -155.875042620869351, 19.417391849325703 ], [ -155.876232800263097, 19.418937455318968 ], [ -155.876729039920917, 19.422824501270945 ], [ -155.877670315437456, 19.425596330262692 ], [ -155.877132639790659, 19.427445667686744 ], [ -155.877414384642464, 19.427988684972387 ], [ -155.877672159774022, 19.429682993025942 ], [ -155.877652362321925, 19.430164225603345 ], [ -155.877928128802893, 19.430976355526912 ], [ -155.878185909325822, 19.432670663772338 ], [ -155.878148607142464, 19.433586095458004 ], [ -155.877101074850174, 19.434996381615431 ], [ -155.878061147818272, 19.436846383103887 ], [ -155.877331210238083, 19.439358302969517 ], [ -155.87688027359647, 19.440983281159681 ], [ -155.876433504332624, 19.442521058599318 ], [ -155.876828545147276, 19.443685120535861 ], [ -155.877075065278007, 19.445937764736925 ], [ -155.877028731832411, 19.447076238516328 ], [ -155.877034686157259, 19.449604001651473 ], [ -155.876384511202787, 19.450479248193435 ], [ -155.876390991401166, 19.453225987074454 ], [ -155.877498120613154, 19.454272213312919 ], [ -155.878036535698953, 19.455375542220587 ], [ -155.878735925927799, 19.456036830317284 ], [ -155.879132184050292, 19.457270200205905 ], [ -155.879418076056481, 19.457540638278108 ], [ -155.879967654164204, 19.458367800514797 ], [ -155.880527131199813, 19.458896561991327 ], [ -155.881072995894698, 19.460282452572677 ], [ -155.882211810612034, 19.462139232227791 ], [ -155.883894495797989, 19.462559056452108 ], [ -155.883875336019912, 19.463036069908579 ], [ -155.883876523292201, 19.463527978503855 ], [ -155.885384867751128, 19.46536783038853 ], [ -155.886446121057219, 19.46637065117433 ], [ -155.887804577015459, 19.467024996915111 ], [ -155.888677973474358, 19.46747080598055 ], [ -155.88973893371417, 19.469644357600096 ], [ -155.890903581466887, 19.471339167955769 ], [ -155.891421779543407, 19.471828849577442 ], [ -155.892476797110135, 19.473586298544138 ], [ -155.892923723926714, 19.474976818426914 ], [ -155.894208947457003, 19.475397147398738 ], [ -155.895112578922493, 19.476000803788441 ], [ -155.89586935576645, 19.476775422534065 ], [ -155.896461472597082, 19.477060612556418 ], [ -155.897032559540605, 19.477352051811689 ], [ -155.897598075493164, 19.477350638554199 ], [ -155.898998968895995, 19.478463421197507 ], [ -155.900206757625028, 19.478764701528345 ], [ -155.901137577339568, 19.478762657968591 ], [ -155.902202022415565, 19.478801507813426 ], [ -155.903557582971473, 19.480189051047965 ], [ -155.904075157093928, 19.481800001934044 ], [ -155.904822702494585, 19.48288781793153 ], [ -155.910174968800021, 19.483476736642249 ], [ -155.911757347056408, 19.484658650443013 ], [ -155.912281318920662, 19.48573151951414 ], [ -155.912852775896226, 19.486006789676303 ], [ -155.913541034172653, 19.486357835468198 ], [ -155.913958132527398, 19.487655786222792 ], [ -155.914809929283678, 19.488206641587549 ], [ -155.916684700110579, 19.49037122294818 ], [ -155.918459431591657, 19.491518551417638 ], [ -155.919286687557246, 19.492763449687605 ], [ -155.918341817330003, 19.49317842790467 ], [ -155.916425061083601, 19.493108472731624 ], [ -155.915279027991545, 19.493366352089659 ], [ -155.91434080317984, 19.492739443286435 ], [ -155.913194409518894, 19.493089864547528 ], [ -155.911831866402196, 19.494660512425622 ], [ -155.909214476011556, 19.496224780073089 ], [ -155.909216386507495, 19.497063416265892 ], [ -155.908414886138814, 19.497767990113914 ], [ -155.911846836999786, 19.503784663478385 ], [ -155.912803827712764, 19.503337671775263 ], [ -155.9145273792426, 19.50310157455063 ], [ -155.91538350873725, 19.502840085144378 ], [ -155.917678033616568, 19.50261369680252 ], [ -155.918862219606268, 19.502347468154305 ], [ -155.919821492759155, 19.502382324855432 ], [ -155.920535477504671, 19.502380734577432 ], [ -155.921665596276426, 19.502421664781423 ], [ -155.923122489057391, 19.501347090976658 ], [ -155.923593660856284, 19.501089587260626 ], [ -155.923948124467074, 19.502991288679294 ], [ -155.924218805219681, 19.504073845022724 ], [ -155.924462770405711, 19.505978955849468 ], [ -155.924830960779644, 19.507450609388965 ], [ -155.925289091792934, 19.507883394656584 ], [ -155.9256220718907, 19.508223868573616 ], [ -155.927139088271502, 19.510506065800161 ], [ -155.927620331568676, 19.512534748267981 ], [ -155.928105537218471, 19.513469147585013 ], [ -155.927268487566977, 19.515329698795995 ], [ -155.926785351083907, 19.518591306863581 ], [ -155.926791672922917, 19.521072872710231 ], [ -155.927602645701654, 19.521463261868483 ], [ -155.927846646616587, 19.523368373943285 ], [ -155.928309178620452, 19.525723881067005 ], [ -155.92893299859108, 19.526631284159471 ], [ -155.929197495918743, 19.527453502400814 ], [ -155.929478469208789, 19.527994611399819 ], [ -155.929742970605702, 19.528816829411813 ], [ -155.930876390524332, 19.530198346974274 ], [ -155.930843906516913, 19.531001764784019 ], [ -155.931114927238298, 19.53208458962818 ], [ -155.93135896731394, 19.533989702801531 ], [ -155.931918859122447, 19.534518359801677 ], [ -155.932475718073476, 19.535930802583323 ], [ -155.932444333980897, 19.536705677703594 ], [ -155.932730986466225, 19.537257459466726 ], [ -155.932980161786645, 19.538891848942129 ], [ -155.933266279557813, 19.53916223158695 ], [ -155.933525694031033, 19.540255172557274 ], [ -155.934088771736498, 19.541074261733169 ], [ -155.933632828850932, 19.541877892883214 ], [ -155.933153088618838, 19.545149888838047 ], [ -155.933844859524868, 19.546481318265773 ], [ -155.934249347539236, 19.547308557699548 ], [ -155.934530363338865, 19.547849664752849 ], [ -155.934794033798681, 19.549264266504771 ], [ -155.934774161240767, 19.549754774371003 ], [ -155.935558567491967, 19.550894979865205 ], [ -155.936077160709175, 19.55308112167231 ], [ -155.937132566360674, 19.554615481441509 ], [ -155.937487027787938, 19.557383566545653 ], [ -155.938100517493638, 19.559835253815045 ], [ -155.938606630398937, 19.559834059763666 ], [ -155.938459428168841, 19.563476147767247 ], [ -155.938835023853699, 19.564580316418549 ], [ -155.938406214452044, 19.565701771179345 ], [ -155.939600742309466, 19.567438160294341 ], [ -155.937270618664741, 19.567667819842267 ], [ -155.936145500222125, 19.56819323596228 ], [ -155.934208097325381, 19.568752966080663 ], [ -155.936138091051276, 19.579807835145324 ], [ -155.936639678218256, 19.580653654793565 ], [ -155.93791918508083, 19.579862967401738 ], [ -155.939965153407115, 19.579353187901869 ], [ -155.941944989901998, 19.57746915951779 ], [ -155.942398574983969, 19.577932792890046 ], [ -155.942783928390469, 19.580000306412508 ], [ -155.943321092645789, 19.58157954796274 ], [ -155.943585714113368, 19.582401762788365 ], [ -155.943866979478685, 19.583229284624608 ], [ -155.943825623906974, 19.58425206337408 ], [ -155.944173129032549, 19.586019824628341 ], [ -155.944658930671096, 19.586478183755137 ], [ -155.944350723325783, 19.587284071357089 ], [ -155.944013616215017, 19.590299602504299 ], [ -155.944555040882534, 19.591891346651181 ], [ -155.94483495392808, 19.592761689287276 ], [ -155.944793418222019, 19.593793721144888 ], [ -155.944795706338255, 19.594647717871915 ], [ -155.945340433520499, 19.595696041755982 ], [ -155.945832937711316, 19.601120643103776 ], [ -155.945724455533309, 19.603805504209731 ], [ -155.94692852052674, 19.605555531183239 ], [ -155.947691076661158, 19.607115321038314 ], [ -155.94799295885727, 19.607400244313855 ], [ -155.949053786868461, 19.609570449695664 ], [ -155.949320784148256, 19.613137856578394 ], [ -155.949859590892686, 19.613646301098878 ], [ -155.950119165262208, 19.61473924160871 ], [ -155.950691981800759, 19.615279732360555 ], [ -155.951231362854855, 19.616956329634782 ], [ -155.951105359858616, 19.620068808644195 ], [ -155.951440935177459, 19.620714238405203 ], [ -155.951700524840561, 19.621807178851192 ], [ -155.952543738026947, 19.62403821964261 ], [ -155.952490966054512, 19.625340878313075 ], [ -155.953042808736825, 19.626699268968334 ], [ -155.953307022684072, 19.627547920663091 ], [ -155.9526900494171, 19.628634736846639 ], [ -155.952984458946759, 19.631950310039837 ], [ -155.953496747578924, 19.632935663290649 ], [ -155.953761468307988, 19.633757877350046 ], [ -155.954310935945614, 19.634814736201609 ], [ -155.954592277151647, 19.63599902099406 ], [ -155.955432121151148, 19.637614324479955 ], [ -155.95597129426767, 19.638123032094583 ], [ -155.956230926101256, 19.639215972026882 ], [ -155.956512134620908, 19.639757071360567 ], [ -155.956776877431366, 19.64057928398746 ], [ -155.957063567216721, 19.641421967494193 ], [ -155.957032034718679, 19.64220584122571 ], [ -155.957033779570367, 19.642882904909435 ], [ -155.956994548967515, 19.643852832518196 ], [ -155.957855730420249, 19.645508955884925 ], [ -155.958394934994743, 19.646017660378426 ], [ -155.958644378692696, 19.647652054803867 ], [ -155.959481809078824, 19.649015007417283 ], [ -155.959741472074199, 19.650107946650028 ], [ -155.960584025003641, 19.651200168924387 ], [ -155.961093744731556, 19.65419303709092 ], [ -155.962473499750359, 19.657192950950908 ], [ -155.962082247866675, 19.657881882594033 ], [ -155.962833577306526, 19.658973350553556 ], [ -155.964662032200579, 19.660698175444686 ], [ -155.965793552422411, 19.662579413253358 ], [ -155.966937568113309, 19.662952597292545 ], [ -155.967552008739943, 19.663265525670948 ], [ -155.968871275410947, 19.666240322762395 ], [ -155.969433263531926, 19.667056966516878 ], [ -155.969698099414586, 19.667879172671526 ], [ -155.970225887960623, 19.668377082203232 ], [ -155.969386727409017, 19.671934826785741 ], [ -155.970741516619796, 19.67413876564234 ], [ -155.971255061460027, 19.676300734360773 ], [ -155.97154769030351, 19.676863436506419 ], [ -155.972675247884268, 19.677405314478392 ], [ -155.972632343439983, 19.678469606137305 ], [ -155.972924711088439, 19.679031773599451 ], [ -155.973194665871517, 19.679583248472177 ], [ -155.973477610845691, 19.680127008155353 ], [ -155.973040705263173, 19.68089638338218 ], [ -155.974006912088953, 19.682299818911886 ], [ -155.974276874661228, 19.682851293198492 ], [ -155.974563865468895, 19.683403054401875 ], [ -155.974510065300223, 19.684735334988815 ], [ -155.974813497608096, 19.685021582163799 ], [ -155.975110741374436, 19.685325179553335 ], [ -155.975068251453735, 19.686382603534383 ], [ -155.975068946190305, 19.686672473235813 ], [ -155.975773492193582, 19.687337061465254 ], [ -155.976186085542992, 19.687758175320774 ], [ -155.977030017347545, 19.688554170179639 ], [ -155.977892385893455, 19.690316579419509 ], [ -155.977808398022319, 19.692394687081592 ], [ -155.978381832602594, 19.692935403550248 ], [ -155.978893950564668, 19.695090994522854 ], [ -155.979210622668177, 19.695699584113459 ], [ -155.979750049136356, 19.696208253171822 ], [ -155.980790468343116, 19.698648845847078 ], [ -155.982696090388231, 19.711679624556222 ], [ -155.983155826221378, 19.719262310945673 ], [ -155.9818800037242, 19.719534382921179 ], [ -155.980736841857635, 19.719791226179723 ], [ -155.978883808902793, 19.720045083546765 ], [ -155.977298592090648, 19.719987664554409 ], [ -155.975812771407021, 19.71999115050447 ], [ -155.974717878180996, 19.720502129065121 ], [ -155.973849625830468, 19.720752989841206 ], [ -155.972415457304322, 19.721275675979676 ], [ -155.971547198631242, 19.721526524532496 ], [ -155.970689905974524, 19.72178813268858 ], [ -155.969821642943316, 19.722038972129543 ], [ -155.969250237081269, 19.722305408725941 ], [ -155.96695251340725, 19.722532041443728 ], [ -155.964873268116492, 19.722783767751061 ], [ -155.962663700224226, 19.723458255799677 ], [ -155.959118063149759, 19.723762528575698 ], [ -155.957924406276788, 19.723718986323366 ], [ -155.952972839758104, 19.723730555508585 ], [ -155.95605535554725, 19.721646887988591 ], [ -155.958101310403748, 19.719701329489776 ], [ -155.96013923827195, 19.715372771206315 ], [ -155.960869073207277, 19.711527390834323 ], [ -155.960261170378459, 19.707744742202923 ], [ -155.957711084448135, 19.701470144551159 ], [ -155.960075485868828, 19.6990144873905 ], [ -155.960379788103609, 19.69832357210101 ], [ -155.958238642418564, 19.699104196148667 ], [ -155.958240363322716, 19.699766182470508 ], [ -155.956880006404589, 19.700425418862405 ], [ -155.957512480146107, 19.698772401376559 ], [ -155.956408704517372, 19.699109374147952 ], [ -155.94946581990439, 19.686177312323647 ], [ -155.941463394876052, 19.675004236247855 ], [ -155.938802429007751, 19.669245426401599 ], [ -155.935132031709003, 19.661305543624422 ], [ -155.929663369150205, 19.645360338535689 ], [ -155.929289790757622, 19.64335621629904 ], [ -155.927508029019975, 19.63165986522349 ], [ -155.927854275244925, 19.598597259386807 ], [ -155.926696181602892, 19.588580581882635 ], [ -155.923860955190378, 19.574142581903335 ], [ -155.919315709937138, 19.561869613150641 ], [ -155.906265330576844, 19.531177137378346 ], [ -155.90217523504333, 19.521575942998631 ], [ -155.895186765608656, 19.505136848114599 ], [ -155.891480245612797, 19.498373936395996 ], [ -155.889830022957455, 19.495361435044863 ], [ -155.879615049563427, 19.476776262946768 ], [ -155.875849959426688, 19.469900297448895 ], [ -155.87433817618188, 19.466253300558023 ], [ -155.86976131077148, 19.45493682928522 ], [ -155.86785492000493, 19.450234169049786 ], [ -155.864922373582175, 19.438760689402976 ], [ -155.863531571746734, 19.423109333445744 ], [ -155.863316146825582, 19.418753244638278 ], [ -155.863635878302205, 19.387401757767819 ], [ -155.863619101707684, 19.380221287831066 ], [ -155.862867816090215, 19.367625351911812 ], [ -155.86157661343276, 19.345767125749894 ], [ -155.861547875115718, 19.3398428596537 ] ], [ [ -155.931877298832859, 19.559587483334546 ], [ -155.931985975898073, 19.560552243120284 ], [ -155.932659553215501, 19.562949953770492 ], [ -155.933446685262453, 19.563255043454113 ], [ -155.933954682300396, 19.562196305466578 ], [ -155.932557166346413, 19.560561958533494 ], [ -155.93227946941974, 19.559904010717876 ], [ -155.931877298832859, 19.559587483334546 ] ] ] } },
{ "type": "Feature", "properties": { "ID": 432, "GRIDCODE": 1 }, "geometry": { "type": "Polygon", "coordinates": [ [ [ -155.185426604102759, 19.323144693694953 ], [ -155.185793213315833, 19.323303026238232 ], [ -155.185526410843948, 19.3237618231726 ], [ -155.185426604102759, 19.323144693694953 ] ] ] } },
{ "type": "Feature", "properties": { "ID": 433, "GRIDCODE": 1 }, "geometry": { "type": "Polygon", "coordinates": [ [ [ -155.160990401158443, 19.31965416257113 ], [ -155.161316809315878, 19.319887018132324 ], [ -155.161786547817172, 19.320538637315234 ], [ -155.1631573989213, 19.321467726519096 ], [ -155.163661183062658, 19.322259346040504 ], [ -155.163873054184052, 19.323390785397706 ], [ -155.16424148712855, 19.323970227507026 ], [ -155.164125725736454, 19.324468109812404 ], [ -155.164457643603726, 19.324989958183917 ], [ -155.164856374792095, 19.327156105329621 ], [ -155.164260526175667, 19.326538570980777 ], [ -155.16382359638024, 19.325387589455996 ], [ -155.163203911535874, 19.324527716369598 ], [ -155.162289271598439, 19.323875709650014 ], [ -155.161606119026658, 19.322801734337922 ], [ -155.161400590051471, 19.321399785492797 ], [ -155.160990401158443, 19.31965416257113 ] ] ] } },
{ "type": "Feature", "properties": { "ID": 434, "GRIDCODE": 1 }, "geometry": { "type": "Polygon", "coordinates": [ [ [ -155.198957441861154, 19.317473247814029 ], [ -155.200388899086136, 19.318464402972936 ], [ -155.20082790421975, 19.319681453035408 ], [ -155.200725805204769, 19.320628458111781 ], [ -155.201274524787351, 19.322518613947011 ], [ -155.201471405059493, 19.325560428085947 ], [ -155.202306846513636, 19.326274572683136 ], [ -155.202024667643826, 19.326894043839097 ], [ -155.201284149570711, 19.326481340313396 ], [ -155.201112530896722, 19.328073659383261 ], [ -155.201151669187084, 19.328716218779054 ], [ -155.20027350354394, 19.328764765089641 ], [ -155.199996884157258, 19.328446314730321 ], [ -155.199411595679692, 19.328183534177519 ], [ -155.199055467180301, 19.327379209559396 ], [ -155.198312639707552, 19.327306875920272 ], [ -155.198562956145309, 19.327895166708963 ], [ -155.199391347673156, 19.329057709421445 ], [ -155.197790246898819, 19.328847987805997 ], [ -155.197680337034086, 19.32705473877197 ], [ -155.197870948368063, 19.325292873852444 ], [ -155.197427199742691, 19.324497555254329 ], [ -155.198093759311291, 19.323534851828835 ], [ -155.198954495993775, 19.3224342635067 ], [ -155.199084828510024, 19.321230413591479 ], [ -155.198618939330004, 19.320693923356643 ], [ -155.197984478995551, 19.320151270711534 ], [ -155.198491487920762, 19.31867141592819 ], [ -155.198815914038846, 19.317886316845225 ], [ -155.198957441861154, 19.317473247814029 ] ] ] } },
{ "type": "Feature", "properties": { "ID": 435, "GRIDCODE": 1 }, "geometry": { "type": "Polygon", "coordinates": [ [ [ -155.185020144005648, 19.316099310304583 ], [ -155.18488993033543, 19.316719022944277 ], [ -155.184654986657449, 19.316238617012285 ], [ -155.185020144005648, 19.316099310304583 ] ] ] } },
{ "type": "Feature", "properties": { "ID": 436, "GRIDCODE": 1 }, "geometry": { "type": "Polygon", "coordinates": [ [ [ -155.185311372046755, 19.315834759721092 ], [ -155.185305087359211, 19.316105277084091 ], [ -155.185020144005648, 19.316099310304583 ], [ -155.185026429159905, 19.315828793031589 ], [ -155.185311372046755, 19.315834759721092 ] ] ] } },
{ "type": "Feature", "properties": { "ID": 437, "GRIDCODE": 1 }, "geometry": { "type": "Polygon", "coordinates": [ [ [ -155.159426288744015, 19.313396411639363 ], [ -155.159803197166951, 19.313707243472869 ], [ -155.160229379779821, 19.316911078927543 ], [ -155.160603115431883, 19.317357957902644 ], [ -155.161162477474505, 19.317819584664505 ], [ -155.160895789278186, 19.318176054850191 ], [ -155.160576122700235, 19.318416966076395 ], [ -155.160800679923909, 19.321100111477818 ], [ -155.160141091726615, 19.321471291136334 ], [ -155.159724976897508, 19.319479744014096 ], [ -155.159022205663803, 19.318507898444082 ], [ -155.158887694291053, 19.316903408941947 ], [ -155.158975861889274, 19.316228661960558 ], [ -155.158929731586881, 19.315677682623843 ], [ -155.159255764487142, 19.315164415444311 ], [ -155.159426288744015, 19.313396411639363 ] ] ] } },
{ "type": "Feature", "properties": { "ID": 438, "GRIDCODE": 1 }, "geometry": { "type": "Polygon", "coordinates": [ [ [ -155.158058593686746, 19.310931795961956 ], [ -155.158640644402396, 19.311302985762595 ], [ -155.158061973891819, 19.31212015593216 ], [ -155.15738072042663, 19.311419934204864 ], [ -155.157943438645532, 19.311094290533362 ], [ -155.158058593686746, 19.310931795961956 ] ] ] } },
{ "type": "Feature", "properties": { "ID": 439, "GRIDCODE": 1 }, "geometry": { "type": "Polygon", "coordinates": [ [ [ -155.141254539456952, 19.310306074857834 ], [ -155.142072883017278, 19.310475901116035 ], [ -155.142498886327957, 19.311823575766503 ], [ -155.143055976429991, 19.312354973966929 ], [ -155.143055298166161, 19.312644627381491 ], [ -155.143032039074768, 19.313160832519653 ], [ -155.143618023747337, 19.313766051455801 ], [ -155.145283951888956, 19.314854261216443 ], [ -155.145658157007801, 19.316038031419772 ], [ -155.146594775312138, 19.317005876201723 ], [ -155.14749421949179, 19.317612695538315 ], [ -155.148084353209214, 19.317900043754015 ], [ -155.148887810864522, 19.318730273012513 ], [ -155.149916573359548, 19.319711682934162 ], [ -155.150843006307554, 19.320925886462987 ], [ -155.151666770478755, 19.322031141716327 ], [ -155.153017743700644, 19.322689240020068 ], [ -155.154180549285712, 19.324249369686889 ], [ -155.154749152269403, 19.324791822971815 ], [ -155.155294989863904, 19.325355466824185 ], [ -155.155699113331451, 19.325741152372213 ], [ -155.1563896808739, 19.327804571353337 ], [ -155.156365097386129, 19.328354850299579 ], [ -155.156636720207899, 19.329167751589367 ], [ -155.156624706679764, 19.329442896982737 ], [ -155.157151907114127, 19.330470253239838 ], [ -155.157149553032752, 19.331616730686537 ], [ -155.157089910981313, 19.332950443542178 ], [ -155.157407997899327, 19.333253965483046 ], [ -155.157371857340138, 19.334059841826377 ], [ -155.157929610521705, 19.334591754833728 ], [ -155.155078682143539, 19.334823342475246 ], [ -155.143890614604743, 19.335364228878678 ], [ -155.135968768281117, 19.33638872174798 ], [ -155.122837549202046, 19.338993936307187 ], [ -155.106101585046957, 19.344060817197597 ], [ -155.095292977294577, 19.347617938101791 ], [ -155.094497455391036, 19.346486379711774 ], [ -155.094107235825618, 19.344891512084864 ], [ -155.093900665720753, 19.340286441169845 ], [ -155.093366199270548, 19.340819918929405 ], [ -155.093323756592326, 19.34175985428034 ], [ -155.093321233599255, 19.342706989392028 ], [ -155.093278636995421, 19.343653263993712 ], [ -155.093276876002335, 19.34419447712305 ], [ -155.093252851994293, 19.344735212179422 ], [ -155.093250432083352, 19.345561043531177 ], [ -155.092117813751258, 19.344976175393672 ], [ -155.090713061180992, 19.344291369891263 ], [ -155.090434986248994, 19.343459513576221 ], [ -155.090233124569437, 19.34020239354555 ], [ -155.088847843631697, 19.338002872371089 ], [ -155.090185287984212, 19.336837320108071 ], [ -155.091185579712203, 19.335892854477638 ], [ -155.091779235720253, 19.335375188124544 ], [ -155.094452497715395, 19.332850788110861 ], [ -155.096411186377111, 19.331945609383098 ], [ -155.097407032722174, 19.331512921576941 ], [ -155.099304630265806, 19.330389155097929 ], [ -155.100166868312925, 19.329861087089501 ], [ -155.102179733214911, 19.32936822350624 ], [ -155.103356443879306, 19.327930328482068 ], [ -155.105650363235952, 19.327277464218124 ], [ -155.106221214337552, 19.327013758214676 ], [ -155.107361597079745, 19.326518290398027 ], [ -155.107828601447011, 19.325702906658581 ], [ -155.109073606726469, 19.323400882629645 ], [ -155.11210997565135, 19.321699762172962 ], [ -155.112922119131241, 19.320932427013481 ], [ -155.11493485792198, 19.320439395904156 ], [ -155.116936708584433, 19.319935536855606 ], [ -155.11907039645078, 19.319412791165735 ], [ -155.11995730395131, 19.318189525165945 ], [ -155.124079236863935, 19.316085253656013 ], [ -155.125777440038291, 19.315044655562176 ], [ -155.126992760607664, 19.314482448331631 ], [ -155.128474208374399, 19.314227179813717 ], [ -155.130480473064324, 19.314004453665611 ], [ -155.133116973446761, 19.313120606421911 ], [ -155.136225646803439, 19.312612776803864 ], [ -155.13765443711506, 19.311991585830047 ], [ -155.138325775907163, 19.311357237502868 ], [ -155.141111622817533, 19.310441010283636 ], [ -155.141254539456952, 19.310306074857834 ] ] ] } },
{ "type": "Feature", "properties": { "ID": 440, "GRIDCODE": 1 }, "geometry": { "type": "Polygon", "coordinates": [ [ [ -155.161211746032649, 19.310186322786002 ], [ -155.163510831923531, 19.310369006978718 ], [ -155.163990320621394, 19.311699282773084 ], [ -155.163811373475397, 19.31335347220557 ], [ -155.163852895756605, 19.314030955646036 ], [ -155.163779776513167, 19.314706025167403 ], [ -155.163813327577373, 19.315248018922841 ], [ -155.163618853097944, 19.317041959162236 ], [ -155.164172919560968, 19.317516152643144 ], [ -155.163518726417436, 19.318205414899261 ], [ -155.161238648236321, 19.317181320134154 ], [ -155.160690823222239, 19.314630912509607 ], [ -155.159356979242745, 19.311598507682124 ], [ -155.15930953002507, 19.310818088612439 ], [ -155.160905777698844, 19.310508930046595 ], [ -155.161211746032649, 19.310186322786002 ] ] ] } },
{ "type": "Feature", "properties": { "ID": 441, "GRIDCODE": 1 }, "geometry": { "type": "Polygon", "coordinates": [ [ [ -155.146123558880191, 19.309326562022811 ], [ -155.148651511217111, 19.309505020373152 ], [ -155.149918527322001, 19.310248568393629 ], [ -155.151545328647956, 19.310940241555308 ], [ -155.150777180949461, 19.312119961563251 ], [ -155.151011223216329, 19.313750598749671 ], [ -155.151885586871316, 19.315237769953914 ], [ -155.151761580080603, 19.3160388792205 ], [ -155.15234147868324, 19.317024536236001 ], [ -155.150485515959161, 19.316629052962725 ], [ -155.150121803972354, 19.315756058128979 ], [ -155.149811345505611, 19.315508986713063 ], [ -155.149564628794764, 19.315203002418148 ], [ -155.149202246138373, 19.314914659675853 ], [ -155.148537177348828, 19.312505015234976 ], [ -155.14796701912303, 19.312862184376705 ], [ -155.1478055886177, 19.3139051214118 ], [ -155.148120801184973, 19.314661331177465 ], [ -155.148586072664926, 19.315452957455186 ], [ -155.14758725039971, 19.314929146698159 ], [ -155.147316669231202, 19.312840240303952 ], [ -155.146208828313661, 19.311102585878928 ], [ -155.146123558880191, 19.309326562022811 ] ] ] } },
{ "type": "Feature", "properties": { "ID": 442, "GRIDCODE": 1 }, "geometry": { "type": "Polygon", "coordinates": [ [ [ -155.185311372046755, 19.315834759721092 ], [ -155.185208502087931, 19.315133781651305 ], [ -155.184840000826114, 19.314554372334996 ], [ -155.185110970267459, 19.313388115322361 ], [ -155.184709764367597, 19.311244654272002 ], [ -155.183923800068641, 19.31068425537784 ], [ -155.183755218031536, 19.309768342797501 ], [ -155.186614113056777, 19.310375041100574 ], [ -155.186020993934164, 19.311220564813048 ], [ -155.185701769471621, 19.312595144865625 ], [ -155.185826861766628, 19.313274386357985 ], [ -155.185638829478052, 19.314082397233275 ], [ -155.185854426058427, 19.315251970653957 ], [ -155.185479844418154, 19.315725164487844 ], [ -155.185311372046755, 19.315834759721092 ] ] ] } },
{ "type": "Feature", "properties": { "ID": 443, "GRIDCODE": 1 }, "geometry": { "type": "Polygon", "coordinates": [ [ [ -155.185426604102759, 19.323144693694953 ], [ -155.184845335815453, 19.323262027628257 ], [ -155.185221133452075, 19.324390554868266 ], [ -155.18570040864094, 19.324684722343576 ], [ -155.185854499923579, 19.325194359290482 ], [ -155.185536266202803, 19.326021049017541 ], [ -155.18535744059372, 19.326120382164159 ], [ -155.185256272199581, 19.325226496219472 ], [ -155.184978420564846, 19.325920820540098 ], [ -155.18535744059372, 19.326120382164159 ], [ -155.185537917059747, 19.326620792810054 ], [ -155.185404554734305, 19.327854420094219 ], [ -155.186504733101117, 19.328794870235516 ], [ -155.18658220341942, 19.330061724254715 ], [ -155.186247008360112, 19.330324030664517 ], [ -155.185879012327518, 19.331398388605614 ], [ -155.185529205687345, 19.330995658805406 ], [ -155.185894397917281, 19.330856356003686 ], [ -155.18565943861023, 19.330375947984159 ], [ -155.185529205687345, 19.330995658805406 ], [ -155.184839054341467, 19.331555532923094 ], [ -155.185603966209555, 19.333576053279671 ], [ -155.186459497078175, 19.334957001874304 ], [ -155.186402433724879, 19.335614984484806 ], [ -155.186429567069808, 19.336292175230177 ], [ -155.186357995219822, 19.337119009244528 ], [ -155.186989541009609, 19.338913132467233 ], [ -155.186557781765742, 19.339351819784117 ], [ -155.182605189534968, 19.338101786059536 ], [ -155.182091124977035, 19.337530677602732 ], [ -155.181249551356615, 19.33756059698046 ], [ -155.180841348001763, 19.337106943575964 ], [ -155.180397767105745, 19.336713865725823 ], [ -155.18042218579177, 19.336430515540233 ], [ -155.179024391419262, 19.334520656102651 ], [ -155.178805772162804, 19.332335560840342 ], [ -155.178181629673958, 19.33178195802363 ], [ -155.178274745021128, 19.330701060597637 ], [ -155.177286387970128, 19.330245003029084 ], [ -155.176870693523483, 19.329062503170061 ], [ -155.176626885077155, 19.32795946757247 ], [ -155.176132486488001, 19.327048340107751 ], [ -155.176658042716525, 19.326622218257256 ], [ -155.177015995524613, 19.322825349452657 ], [ -155.177392503756948, 19.321314828182942 ], [ -155.177356483770154, 19.320398788752687 ], [ -155.177794288641962, 19.319316137727654 ], [ -155.177382467289306, 19.319330754432347 ], [ -155.177029153340555, 19.318554480337763 ], [ -155.176303720378399, 19.319291990128811 ], [ -155.176209396232792, 19.317508605245827 ], [ -155.176346674594413, 19.31591747270172 ], [ -155.17628782464223, 19.314427680453296 ], [ -155.176403908372322, 19.313076882778734 ], [ -155.176387756147591, 19.312670573611342 ], [ -155.176422802850368, 19.312265338852928 ], [ -155.176412405486928, 19.311994473846561 ], [ -155.176447451667457, 19.311589239024954 ], [ -155.17641656002084, 19.310811538352002 ], [ -155.176816945283775, 19.309325830793973 ], [ -155.182763647638296, 19.309981748767711 ], [ -155.182690477719632, 19.310830221142925 ], [ -155.18379248307312, 19.312861231300595 ], [ -155.184058412839988, 19.315865609442259 ], [ -155.183958542053801, 19.31702434635093 ], [ -155.183996085236629, 19.317972402925907 ], [ -155.183939661193904, 19.318627226573408 ], [ -155.184244531681713, 19.319189447221909 ], [ -155.184185842019644, 19.319869861135189 ], [ -155.184474739960137, 19.320831905505695 ], [ -155.184763055983098, 19.321363912786286 ], [ -155.185019494638766, 19.32192591159377 ], [ -155.185590254850354, 19.322739769197316 ], [ -155.185426604102759, 19.323144693694953 ] ] ] } },
{ "type": "Feature", "properties": { "ID": 444, "GRIDCODE": 1 }, "geometry": { "type": "Polygon", "coordinates": [ [ [ -155.399475058325407, 19.3136965328633 ], [ -155.401103944740157, 19.313927241576355 ], [ -155.401007381990382, 19.314674255882831 ], [ -155.40106624714366, 19.315368032045527 ], [ -155.400210924670859, 19.3143479049271 ], [ -155.39916826556248, 19.314887738658175 ], [ -155.399475058325407, 19.3136965328633 ] ] ] } },
{ "type": "Feature", "properties": { "ID": 445, "GRIDCODE": 1 }, "geometry": { "type": "Polygon", "coordinates": [ [ [ -155.204837774478278, 19.309746888468368 ], [ -155.204673700872291, 19.31036565803047 ], [ -155.203849480500025, 19.310903012395332 ], [ -155.20419339869585, 19.310091607896027 ], [ -155.204837774478278, 19.309746888468368 ] ] ] } },
{ "type": "Feature", "properties": { "ID": 446, "GRIDCODE": 1 }, "geometry": { "type": "Polygon", "coordinates": [ [ [ -155.862205673016518, 19.320356500405257 ], [ -155.862348500603758, 19.320491715886035 ], [ -155.865130359963842, 19.321449318510652 ], [ -155.866589200570417, 19.32219478638164 ], [ -155.868093572268521, 19.322788435748659 ], [ -155.869963971050595, 19.322784344262061 ], [ -155.870570029713491, 19.32286324818152 ], [ -155.869354999778068, 19.325006155370264 ], [ -155.869661194016714, 19.327283357837498 ], [ -155.869602156979198, 19.328743198039994 ], [ -155.869603936341491, 19.329555637208045 ], [ -155.86954972560514, 19.330893645762085 ], [ -155.870423763523888, 19.332319273506172 ], [ -155.87031556074021, 19.334983923846934 ], [ -155.870320185709176, 19.33693251458476 ], [ -155.871125267065167, 19.338484161213913 ], [ -155.868840765389422, 19.338747164632398 ], [ -155.868074472879897, 19.339105281310964 ], [ -155.867700111342998, 19.338721992881439 ], [ -155.864564651552399, 19.338728853685243 ], [ -155.861612209483354, 19.338620603760042 ], [ -155.861809698089559, 19.333756991820433 ], [ -155.862205673016518, 19.320356500405257 ] ] ] } },
{ "type": "Feature", "properties": { "ID": 447, "GRIDCODE": 1 }, "geometry": { "type": "Polygon", "coordinates": [ [ [ -155.274899816647036, 19.388062911659727 ], [ -155.274513202255122, 19.387328878879028 ], [ -155.274174051726192, 19.387421572751698 ], [ -155.273951871506597, 19.386756993816586 ], [ -155.273144084116154, 19.387270921886188 ], [ -155.27279056069483, 19.388189863435343 ], [ -155.272276939147645, 19.388653521531918 ], [ -155.271828832495032, 19.387929324077835 ], [ -155.270820686164427, 19.387334777633846 ], [ -155.270355209639774, 19.388545342831097 ], [ -155.269599552185809, 19.388018619495888 ], [ -155.26947063293278, 19.388492812970412 ], [ -155.269020915318038, 19.38862128793803 ], [ -155.268185640387998, 19.389411108584614 ], [ -155.267605399504248, 19.388863135294084 ], [ -155.266916888640594, 19.388153019292353 ], [ -155.266476751066079, 19.388569533327349 ], [ -155.26577601835254, 19.388541381994262 ], [ -155.265312385654227, 19.389352308874077 ], [ -155.265311250864471, 19.39015820797712 ], [ -155.264723532915582, 19.390157486440128 ], [ -155.263343951765734, 19.389118598386908 ], [ -155.261369363295586, 19.389714977856713 ], [ -155.259993958420637, 19.389006292336962 ], [ -155.259585983510163, 19.390061787038 ], [ -155.259584734327575, 19.390847062458477 ], [ -155.259287504778968, 19.391127993854827 ], [ -155.258135474806068, 19.391369638338496 ], [ -155.257016107196705, 19.391887899895739 ], [ -155.25728018069637, 19.391352012277284 ], [ -155.25758316382732, 19.391087591272793 ], [ -155.257583847507505, 19.390546538873746 ], [ -155.258178082874508, 19.389507576038827 ], [ -155.257911662663361, 19.388929036900617 ], [ -155.257151892965396, 19.388559718018662 ], [ -155.256796056235771, 19.387823385505794 ], [ -155.256511467847787, 19.387552141130126 ], [ -155.255997164706883, 19.387021884090554 ], [ -155.255134403362234, 19.38657721859872 ], [ -155.254609703500478, 19.388860970397452 ], [ -155.254491050424605, 19.38859314509763 ], [ -155.253541630164449, 19.385997491885096 ], [ -155.253139454686504, 19.38558267074756 ], [ -155.252594817228726, 19.385064203794172 ], [ -155.252030103242674, 19.384206462589155 ], [ -155.251460446251656, 19.383929330255807 ], [ -155.251050655353765, 19.383506947813775 ], [ -155.250481514365163, 19.382964446217787 ], [ -155.250066287570718, 19.382536399322294 ], [ -155.249498663089241, 19.382535518371444 ], [ -155.248646583179493, 19.382501536834837 ], [ -155.248348719855159, 19.383053100045576 ], [ -155.247196356089233, 19.383554499823077 ], [ -155.247721025966484, 19.38411670874958 ], [ -155.248312639138618, 19.384140558713831 ], [ -155.249266431977304, 19.383699017370706 ], [ -155.250571552205656, 19.384942097658818 ], [ -155.250861406937844, 19.3858578706344 ], [ -155.252504026092993, 19.387422184620075 ], [ -155.253065111371882, 19.389095280503998 ], [ -155.253005084172742, 19.390450799757897 ], [ -155.254718104128301, 19.391133194838638 ], [ -155.254241543557271, 19.391411475158296 ], [ -155.252253754698216, 19.39182826436485 ], [ -155.251696388537965, 19.392860825230596 ], [ -155.251494130858759, 19.392497703119339 ], [ -155.251857138419126, 19.391510823508241 ], [ -155.252314905684131, 19.390326864771378 ], [ -155.250823204479019, 19.388788128142309 ], [ -155.250487486233624, 19.38904657461212 ], [ -155.250189612518881, 19.389598139582112 ], [ -155.249635062512709, 19.389026065961371 ], [ -155.249346362885319, 19.389298961236275 ], [ -155.249043372814754, 19.389563366832682 ], [ -155.24904244159984, 19.390381152675509 ], [ -155.247936332445789, 19.389811161257111 ], [ -155.244502195927652, 19.390089870420862 ], [ -155.243098157053112, 19.390922507015301 ], [ -155.242591934510756, 19.391860671072092 ], [ -155.240192166373845, 19.391514170329177 ], [ -155.236875948845636, 19.385868392931755 ], [ -155.226819731533851, 19.371548540288565 ], [ -155.228661847282922, 19.370747310101759 ], [ -155.228407663960638, 19.369643277767423 ], [ -155.227218581126664, 19.368767770458643 ], [ -155.226109691054887, 19.366129357846386 ], [ -155.224541332227318, 19.365713007749285 ], [ -155.224084567267141, 19.366511529266059 ], [ -155.22531577385277, 19.367684487908026 ], [ -155.225861469126755, 19.368513079349913 ], [ -155.226964868185917, 19.370133240514186 ], [ -155.226145008470525, 19.370155073563797 ], [ -155.224086974017979, 19.368194467187415 ], [ -155.21944468929442, 19.362584932639411 ], [ -155.220659840256758, 19.362375221265285 ], [ -155.221716848906198, 19.362743176371772 ], [ -155.22324129581591, 19.36312982338961 ], [ -155.22395561384883, 19.363867031111894 ], [ -155.224269037091887, 19.363608169110794 ], [ -155.224554867200027, 19.363338160846119 ], [ -155.225109645645887, 19.362853826680237 ], [ -155.224026707524445, 19.361435760067977 ], [ -155.224331409507158, 19.360902622201586 ], [ -155.224332467776549, 19.360494278619942 ], [ -155.224362702166417, 19.359810861036213 ], [ -155.223805661487546, 19.3587267069347 ], [ -155.223410671028859, 19.35790970300992 ], [ -155.222715668137255, 19.357881788251305 ], [ -155.219712258641351, 19.358303865065771 ], [ -155.218408563904632, 19.357669896527039 ], [ -155.218450883245737, 19.356729293897786 ], [ -155.217755169340165, 19.356370690864562 ], [ -155.217140753473302, 19.357508464508022 ], [ -155.21558716935516, 19.35744600917878 ], [ -155.215004668503013, 19.357997135385535 ], [ -155.21357242762403, 19.356323300132352 ], [ -155.213641581785481, 19.354776930010846 ], [ -155.213384105174697, 19.353362259229339 ], [ -155.213124669981738, 19.352008339542405 ], [ -155.213168893283978, 19.351010426091527 ], [ -155.212770228738862, 19.349294937238447 ], [ -155.212340665608366, 19.350001221107323 ], [ -155.212244893872594, 19.352144908075438 ], [ -155.212685350076327, 19.354967676551517 ], [ -155.21218912278286, 19.354967122004382 ], [ -155.208291367328826, 19.35163224011146 ], [ -155.206604729778491, 19.350247241989479 ], [ -155.207786048557494, 19.348486983594274 ], [ -155.207879953264779, 19.346377892633651 ], [ -155.207237080055194, 19.347830357832848 ], [ -155.206960218453929, 19.347544681116261 ], [ -155.206675785106597, 19.347273383307726 ], [ -155.206687728167935, 19.346997956707959 ], [ -155.206407415815562, 19.346452390596053 ], [ -155.206709236963349, 19.346188822755714 ], [ -155.206413361049158, 19.345906713952346 ], [ -155.207276746386583, 19.345153191562954 ], [ -155.207338053953464, 19.343778997808499 ], [ -155.206762973462133, 19.342061151299401 ], [ -155.206850061207263, 19.340102047689161 ], [ -155.206851098243959, 19.339696088486104 ], [ -155.2068861473808, 19.33890309471499 ], [ -155.206597334399873, 19.33834017325367 ], [ -155.206348337279366, 19.336970877700189 ], [ -155.205645578493119, 19.336969708889605 ], [ -155.205222465657158, 19.336146284315134 ], [ -155.204961947114157, 19.335323606191228 ], [ -155.204671534689595, 19.335046897823812 ], [ -155.204701593700946, 19.334373534062909 ], [ -155.204702916827785, 19.33371463680152 ], [ -155.205054000352163, 19.332524102676881 ], [ -155.205056452523991, 19.330997762798852 ], [ -155.205068275845605, 19.330727355656574 ], [ -155.205069022209017, 19.330454338827717 ], [ -155.205579112365257, 19.329563143577964 ], [ -155.204815231006421, 19.328835435517956 ], [ -155.20485199577206, 19.328016311788701 ], [ -155.204852894449971, 19.327231065072326 ], [ -155.205235420936788, 19.325353976483061 ], [ -155.204909064496178, 19.325042954495736 ], [ -155.204636049173416, 19.324761060655923 ], [ -155.204334252819649, 19.324760585524952 ], [ -155.20351793595816, 19.323917601201732 ], [ -155.202949211727372, 19.324455508802608 ], [ -155.202573944629592, 19.324116768450256 ], [ -155.202963690502258, 19.323107566621694 ], [ -155.202965297449026, 19.322340044544294 ], [ -155.203365888120743, 19.320668970539291 ], [ -155.202926816390402, 19.318779782235165 ], [ -155.202491232944283, 19.31876224412671 ], [ -155.202011829425601, 19.318761500090144 ], [ -155.201533945178653, 19.317251050573926 ], [ -155.200569108579117, 19.316331485553729 ], [ -155.200283255255073, 19.315739021488046 ], [ -155.199456122893309, 19.314523919778861 ], [ -155.199830628946899, 19.313330446492841 ], [ -155.208107316515935, 19.316447839737375 ], [ -155.215545870530008, 19.321469836849413 ], [ -155.21764596526765, 19.323004715794735 ], [ -155.217639731278126, 19.3232752431365 ], [ -155.217924697898326, 19.323281161078121 ], [ -155.217918464271321, 19.323551688499183 ], [ -155.218488398758922, 19.323563523230401 ], [ -155.218578203672735, 19.323895251125631 ], [ -155.218833566561585, 19.323663463860036 ], [ -155.218488398758922, 19.323563523230401 ], [ -155.218494631452046, 19.323292995630855 ], [ -155.217924697898326, 19.323281161078121 ], [ -155.217930931420881, 19.323010633647112 ], [ -155.21764596526765, 19.323004715794735 ], [ -155.217847498290126, 19.321870767766566 ], [ -155.217536966640722, 19.320944508899309 ], [ -155.217649949020995, 19.318409182654054 ], [ -155.217109941942084, 19.319878387819475 ], [ -155.216189729520011, 19.3187330370342 ], [ -155.216191562473369, 19.317832032021748 ], [ -155.216233345529076, 19.316888773693634 ], [ -155.215931277453535, 19.316876420325947 ], [ -155.215088721983534, 19.317266751820526 ], [ -155.215857492503403, 19.314061804574205 ], [ -155.215460448748615, 19.312807058034686 ], [ -155.214992103232873, 19.311408894376719 ], [ -155.215535133355445, 19.309565753320005 ], [ -155.21553618921763, 19.309157411649338 ], [ -155.215572138730977, 19.308346188580732 ], [ -155.215573755871389, 19.3071158449428 ], [ -155.216500825594295, 19.305495028916422 ], [ -155.216502790404576, 19.304297466082193 ], [ -155.21824819988197, 19.304760818186914 ], [ -155.220385604522846, 19.304763919108812 ], [ -155.221625027877366, 19.305174193300143 ], [ -155.222764899091345, 19.30594318655913 ], [ -155.22388567859042, 19.305944472030681 ], [ -155.22551736392623, 19.306512979916569 ], [ -155.226409077464666, 19.306548625103865 ], [ -155.228017570507632, 19.305848444057407 ], [ -155.229061802464457, 19.304406003420343 ], [ -155.23061602672044, 19.304468282677597 ], [ -155.231401071827634, 19.304469184944963 ], [ -155.237406673398766, 19.308184281163982 ], [ -155.249732004183301, 19.316136943953033 ], [ -155.25698074407498, 19.321760930357332 ], [ -155.264796406313565, 19.327382053662106 ], [ -155.272638892354848, 19.331675490359519 ], [ -155.280226216982811, 19.334347331051674 ], [ -155.280726920870023, 19.336384164638275 ], [ -155.279926711626985, 19.337141764824967 ], [ -155.279631587653029, 19.336599676301354 ], [ -155.279643350694727, 19.336326601775898 ], [ -155.279644205402832, 19.335920611737901 ], [ -155.279685649559156, 19.334977279768005 ], [ -155.279383523944119, 19.334965025535443 ], [ -155.277300348980333, 19.337629412360723 ], [ -155.276698108280527, 19.337319726257544 ], [ -155.277163412104187, 19.335737200755446 ], [ -155.276576037819865, 19.336146788969778 ], [ -155.275950271015404, 19.337241517739947 ], [ -155.274984004040533, 19.339743158124865 ], [ -155.275782989625696, 19.3412970981828 ], [ -155.276627929381533, 19.343305033464706 ], [ -155.276907954061357, 19.343849725640158 ], [ -155.276312306055559, 19.344646642368506 ], [ -155.276020439313726, 19.345187297239701 ], [ -155.27572382280681, 19.345446610489354 ], [ -155.275431952378483, 19.34598726381601 ], [ -155.274838719560137, 19.346505622712613 ], [ -155.273672605200176, 19.348116601967941 ], [ -155.273078648168649, 19.348911158963563 ], [ -155.272786761481427, 19.349451805391137 ], [ -155.272490131838595, 19.349711111120737 ], [ -155.271930600192121, 19.350240456257374 ], [ -155.271331325116535, 19.350239804649021 ], [ -155.271355577894127, 19.349687861197104 ], [ -155.270765048303105, 19.349400858425128 ], [ -155.269958032230733, 19.348568077326227 ], [ -155.269109334179547, 19.349371140134974 ], [ -155.268794751470836, 19.349097720192148 ], [ -155.269109139588807, 19.348547763442362 ], [ -155.267590925470273, 19.348545963063223 ], [ -155.268072011870601, 19.346912260009887 ], [ -155.267147501601841, 19.346911268824304 ], [ -155.267150492343347, 19.344774265031003 ], [ -155.267476645904992, 19.344465616133228 ], [ -155.268055114702548, 19.343960197103815 ], [ -155.267225823997109, 19.343104485051065 ], [ -155.260597465208718, 19.348074329970981 ], [ -155.256044705666312, 19.350183293000661 ], [ -155.255107935103695, 19.350182249555001 ], [ -155.255109906471716, 19.348828433959426 ], [ -155.25571430059054, 19.347263400685044 ], [ -155.255763866666143, 19.34614184526335 ], [ -155.255285597638419, 19.345648029221429 ], [ -155.254750550019907, 19.346640117862275 ], [ -155.254608726448083, 19.345802734771851 ], [ -155.254638332139109, 19.345140689588966 ], [ -155.25357390257534, 19.345633674762762 ], [ -155.253206631318847, 19.345254740681295 ], [ -155.252915915392947, 19.345254569164997 ], [ -155.252655150318247, 19.344431388910131 ], [ -155.252084867272117, 19.344430745059064 ], [ -155.251707261090928, 19.344041287417657 ], [ -155.250787202099758, 19.345746497660972 ], [ -155.250349695734826, 19.345200118053285 ], [ -155.250967991760746, 19.34310119892336 ], [ -155.250994489783551, 19.342502529315304 ], [ -155.250423657775855, 19.342501869904403 ], [ -155.249320037845081, 19.341933040657292 ], [ -155.249002881336764, 19.341920424349489 ], [ -155.248500557774008, 19.341919585324408 ], [ -155.24808016406692, 19.340114862402185 ], [ -155.247060640060312, 19.339449693720375 ], [ -155.246806089047254, 19.338356503518316 ], [ -155.246489917700103, 19.337741519048603 ], [ -155.246627637615461, 19.334643621249519 ], [ -155.246341845968544, 19.333480007013577 ], [ -155.246353699242093, 19.33320535864452 ], [ -155.245994231715429, 19.329980380190076 ], [ -155.247379727161785, 19.327205295425742 ], [ -155.247384271284034, 19.324059712645607 ], [ -155.24830480168518, 19.322449934138621 ], [ -155.247983924793999, 19.322406848098225 ], [ -155.247170944670245, 19.322405693759379 ], [ -155.246892409191844, 19.322118189034725 ], [ -155.24604378551075, 19.322117352658882 ], [ -155.245226376245967, 19.319924093517308 ], [ -155.245012763892078, 19.314777081886888 ], [ -155.243920449985751, 19.315110076511761 ], [ -155.243900564153876, 19.315565618005472 ], [ -155.244204060094972, 19.317146956078837 ], [ -155.243770674675176, 19.321243168411655 ], [ -155.243768841879188, 19.322345343131989 ], [ -155.242503164283079, 19.321491917178804 ], [ -155.242599729837934, 19.322576560956982 ], [ -155.243702656740226, 19.324020821140618 ], [ -155.243701327277108, 19.325052168359168 ], [ -155.242183043944351, 19.324991506494957 ], [ -155.242715337951694, 19.327159069810744 ], [ -155.242710559981305, 19.330626574543722 ], [ -155.242054563789935, 19.332960188423417 ], [ -155.24125378280263, 19.331743913871374 ], [ -155.240436521086536, 19.332122195551719 ], [ -155.239719326231068, 19.330636980412102 ], [ -155.239287844418925, 19.331337234606963 ], [ -155.239205718751577, 19.333195017373345 ], [ -155.239203652166708, 19.33454828418834 ], [ -155.239138239146683, 19.336016806433495 ], [ -155.240468296038301, 19.337757858806288 ], [ -155.241070340228504, 19.339554443918061 ], [ -155.240015847562915, 19.340246057112811 ], [ -155.238201288358738, 19.337581767635797 ], [ -155.238378159647681, 19.333609022484517 ], [ -155.238082759175398, 19.333304239036195 ], [ -155.237518646331409, 19.333303682475687 ], [ -155.237519554528575, 19.332754184382146 ], [ -155.237567120696866, 19.331675693119521 ], [ -155.236969024693821, 19.33165170205535 ], [ -155.236177268260008, 19.333806439950923 ], [ -155.235518036534785, 19.333340033241015 ], [ -155.235518422219286, 19.332983477048263 ], [ -155.235541412602856, 19.332466947594124 ], [ -155.235134722009946, 19.331624880908556 ], [ -155.234682143101111, 19.332151556740367 ], [ -155.234287153763603, 19.333226030002372 ], [ -155.234093416369006, 19.332956648073917 ], [ -155.233832746980227, 19.332133987491595 ], [ -155.233560704650699, 19.331321664279823 ], [ -155.232991072047554, 19.328190411652031 ], [ -155.231742881037746, 19.324248470134741 ], [ -155.231138840441474, 19.324775705128712 ], [ -155.231135273989167, 19.327234567428118 ], [ -155.230252524154906, 19.326779380115436 ], [ -155.230174697626069, 19.32851881985383 ], [ -155.230487492538174, 19.328816836419222 ], [ -155.230741927320139, 19.329910029564779 ], [ -155.231275578383872, 19.331502745782299 ], [ -155.230464978952, 19.331929751293437 ], [ -155.230147099044444, 19.330980353597127 ], [ -155.229772051807942, 19.329368453226316 ], [ -155.22762563704282, 19.329282233752924 ], [ -155.227966813192069, 19.331615543981517 ], [ -155.230224292203474, 19.333316127866631 ], [ -155.232208604830902, 19.333819232977653 ], [ -155.233977458754225, 19.335994159239988 ], [ -155.234318037147716, 19.337459971097843 ], [ -155.244960232793886, 19.349237468322439 ], [ -155.251237828212027, 19.356067467204763 ], [ -155.251615893238323, 19.355366615398228 ], [ -155.252668489943318, 19.35607606945176 ], [ -155.253443216939473, 19.356076964293745 ], [ -155.254962697448804, 19.356391083633138 ], [ -155.254086907056404, 19.357156231572016 ], [ -155.253684961936045, 19.35819519306926 ], [ -155.255468887892334, 19.358564186882411 ], [ -155.255735873048991, 19.359116301670038 ], [ -155.256294073182715, 19.359647979784544 ], [ -155.255954999646121, 19.359666637964622 ], [ -155.255441367657681, 19.359646281903053 ], [ -155.255153415127097, 19.359645902815757 ], [ -155.253910448755619, 19.358808041547718 ], [ -155.254025627071684, 19.359081079270766 ], [ -155.25675411427531, 19.362110887022993 ], [ -155.265080093914861, 19.372513553325366 ], [ -155.267372934018425, 19.375514217713466 ], [ -155.270932667293749, 19.380540753646866 ], [ -155.27664047203524, 19.388588136865142 ], [ -155.276161071604321, 19.389041671624156 ], [ -155.27569623128764, 19.388562168228081 ], [ -155.275298394296868, 19.389299144311551 ], [ -155.27504212904131, 19.388198522051916 ], [ -155.274899816647036, 19.388062911659727 ] ], [ [ -155.258097788315268, 19.386905523279534 ], [ -155.258198121647155, 19.387609100618313 ], [ -155.258648483917284, 19.388110017374121 ], [ -155.259457136039487, 19.387048503700658 ], [ -155.258097788315268, 19.386905523279534 ] ], [ [ -155.235974247403249, 19.369126122183481 ], [ -155.235836229545214, 19.369266259458374 ], [ -155.23250088438823, 19.370064377882752 ], [ -155.230428054150735, 19.369903779521273 ], [ -155.230109717778561, 19.370254795969494 ], [ -155.231808497185909, 19.370791430700731 ], [ -155.232454358354573, 19.371142087281036 ], [ -155.234102451507056, 19.370759416874861 ], [ -155.234629304041505, 19.371465220748618 ], [ -155.233317930097513, 19.373166675440707 ], [ -155.232667234262664, 19.372444820558414 ], [ -155.231716321314934, 19.372158147152312 ], [ -155.231194437513551, 19.372688644027182 ], [ -155.230602857977516, 19.372931703846366 ], [ -155.230041749264359, 19.373206054162761 ], [ -155.229135256566252, 19.373578433559896 ], [ -155.229175420847952, 19.374591329913116 ], [ -155.230314722104197, 19.375090999766961 ], [ -155.230862996363129, 19.37401973606713 ], [ -155.233449994194501, 19.373818044678288 ], [ -155.233863509147, 19.373397629458449 ], [ -155.234867045430263, 19.372583711908881 ], [ -155.237105926534497, 19.372234927915013 ], [ -155.236461195690168, 19.370404927061355 ], [ -155.2371288967868, 19.369296989614618 ], [ -155.235974247403249, 19.369126122183481 ] ] ] } },
{ "type": "Feature", "properties": { "ID": 448, "GRIDCODE": 1 }, "geometry": { "type": "Polygon", "coordinates": [ [ [ -155.204837774478278, 19.309746888468368 ], [ -155.204982004766123, 19.309336246283454 ], [ -155.205541297564707, 19.308408268439063 ], [ -155.204209475534753, 19.307564607716888 ], [ -155.204182317630114, 19.30688450025734 ], [ -155.204643623134672, 19.306510328596062 ], [ -155.205056997276102, 19.306089960330219 ], [ -155.205380993867834, 19.305826845023571 ], [ -155.205325777275533, 19.304432778433732 ], [ -155.205703062397873, 19.303356694271663 ], [ -155.209944166268798, 19.304313718681055 ], [ -155.209656125724536, 19.305118373097773 ], [ -155.209349723201257, 19.305367326069092 ], [ -155.208432090510144, 19.306672967977033 ], [ -155.208522672163554, 19.30561892842389 ], [ -155.207933116856651, 19.305639966695139 ], [ -155.207421746422085, 19.305071894563252 ], [ -155.207346989191024, 19.305609005061793 ], [ -155.207638053872643, 19.306145269673369 ], [ -155.207613720398427, 19.306427576291576 ], [ -155.207962995620449, 19.307071305069652 ], [ -155.207475519421081, 19.308024575712064 ], [ -155.207015232517335, 19.308041163323537 ], [ -155.206450555840092, 19.307997164134896 ], [ -155.205444358470601, 19.309254422735421 ], [ -155.204837774478278, 19.309746888468368 ] ] ] } },
{ "type": "Feature", "properties": { "ID": 449, "GRIDCODE": 1 }, "geometry": { "type": "Polygon", "coordinates": [ [ [ -155.386881845612919, 19.302890065788134 ], [ -155.387860354027509, 19.303087629958036 ], [ -155.387289004364504, 19.303569592147067 ], [ -155.386541122470192, 19.304305004313019 ], [ -155.385327235216636, 19.304884192435594 ], [ -155.385567180398596, 19.304076857823336 ], [ -155.386321229248921, 19.303440969160597 ], [ -155.386881845612919, 19.302890065788134 ] ] ] } },
{ "type": "Feature", "properties": { "ID": 450, "GRIDCODE": 1 }, "geometry": { "type": "Polygon", "coordinates": [ [ [ -155.410748715474682, 19.293616185959607 ], [ -155.411714810163232, 19.293872061163853 ], [ -155.411117452073881, 19.295626489850036 ], [ -155.410503457542546, 19.29574473494716 ], [ -155.410704710693949, 19.294968837377915 ], [ -155.410520334007089, 19.294104456310571 ], [ -155.410748715474682, 19.293616185959607 ] ] ] } },
{ "type": "Feature", "properties": { "ID": 451, "GRIDCODE": 1 }, "geometry": { "type": "Polygon", "coordinates": [ [ [ -155.411489886854724, 19.285780361501942 ], [ -155.411935130866169, 19.285917332465324 ], [ -155.41150163412334, 19.286620197342916 ], [ -155.411621489372038, 19.288528055818823 ], [ -155.410957664168734, 19.291058659469922 ], [ -155.409470733079189, 19.292904228114836 ], [ -155.409175666797751, 19.293768687608924 ], [ -155.408927841382905, 19.292622837039421 ], [ -155.408632701492564, 19.291807824809293 ], [ -155.409743823314415, 19.291362841190136 ], [ -155.410393814361953, 19.290308945698165 ], [ -155.410940544441502, 19.286892817626789 ], [ -155.411489886854724, 19.285780361501942 ] ] ] } },
{ "type": "Feature", "properties": { "ID": 452, "GRIDCODE": 1 }, "geometry": { "type": "Polygon", "coordinates": [ [ [ -155.400395310458208, 19.310737005060833 ], [ -155.40074469102953, 19.31065111624266 ], [ -155.400499949656052, 19.310409155139428 ], [ -155.400395310458208, 19.310737005060833 ], [ -155.398277379069356, 19.310156669031038 ], [ -155.39862129510098, 19.308186083407126 ], [ -155.39946429886831, 19.307327190611918 ], [ -155.400902160118704, 19.306157523861973 ], [ -155.400054631158099, 19.30569852015071 ], [ -155.399503265840821, 19.306260490407038 ], [ -155.398242102371341, 19.307091824076466 ], [ -155.397626349065945, 19.307719925396519 ], [ -155.397166521256082, 19.308093888176543 ], [ -155.396619544301217, 19.309165875342647 ], [ -155.396244679528962, 19.308865029361424 ], [ -155.396334114676733, 19.30780884756615 ], [ -155.396049933806125, 19.307004347174011 ], [ -155.395810535634809, 19.305630782187105 ], [ -155.395176211066683, 19.304465386631648 ], [ -155.39558267869316, 19.302613948865766 ], [ -155.397022781797887, 19.301442504426042 ], [ -155.397344481658791, 19.299976400089864 ], [ -155.398887721405345, 19.29826398582146 ], [ -155.399410493339957, 19.296768800232705 ], [ -155.399722572812834, 19.296248892661385 ], [ -155.400027849964602, 19.294615380738435 ], [ -155.400544859762505, 19.293331295569114 ], [ -155.399489767451911, 19.2932504612982 ], [ -155.398596507756423, 19.293534984488847 ], [ -155.398420729780298, 19.289229910732736 ], [ -155.399070207567661, 19.288303738739089 ], [ -155.399621247742431, 19.287855163297834 ], [ -155.400076867266307, 19.286550831141675 ], [ -155.400843824517153, 19.286234723965833 ], [ -155.402262860075979, 19.284388156014618 ], [ -155.402633405235434, 19.283662663840481 ], [ -155.403224285136844, 19.284956180975442 ], [ -155.403824903512657, 19.286059287632309 ], [ -155.404213458220227, 19.287159006869029 ], [ -155.404170005378063, 19.2876694178306 ], [ -155.404570713578238, 19.291066114984375 ], [ -155.404091942643447, 19.292003869902938 ], [ -155.403763126759031, 19.292551744490453 ], [ -155.403804055677142, 19.293557373634968 ], [ -155.403480571325048, 19.293886728776162 ], [ -155.402965797423377, 19.294305892950717 ], [ -155.402081074953287, 19.295777828487374 ], [ -155.40268779063851, 19.296450425384762 ], [ -155.403781436849812, 19.297417336866125 ], [ -155.40451913175221, 19.298772439651739 ], [ -155.402955927920004, 19.301195635893087 ], [ -155.40332141841364, 19.302408314312682 ], [ -155.40442076823382, 19.3018690323822 ], [ -155.404443684044935, 19.302425163360596 ], [ -155.404397333824932, 19.30296565297845 ], [ -155.404414493835162, 19.303377595695746 ], [ -155.404094170406552, 19.304172280154663 ], [ -155.404122107175823, 19.30485513710973 ], [ -155.403977234539298, 19.306563991846051 ], [ -155.404369480509843, 19.306910899794879 ], [ -155.404268138263859, 19.308106438698957 ], [ -155.404335946641936, 19.309766353194313 ], [ -155.403942363263496, 19.310421595488613 ], [ -155.403974557709944, 19.311215037498968 ], [ -155.402504476274316, 19.31171843887261 ], [ -155.401684031355899, 19.313326447625432 ], [ -155.400764460413455, 19.313052919258826 ], [ -155.400501304385728, 19.312761688081522 ], [ -155.400125994055344, 19.312429645204418 ], [ -155.400257469067071, 19.310877299220206 ], [ -155.400395310458208, 19.310737005060833 ] ] ] } },
{ "type": "Feature", "properties": { "ID": 453, "GRIDCODE": 1 }, "geometry": { "type": "Polygon", "coordinates": [ [ [ -155.384834784986339, 19.266305308181519 ], [ -155.38517999790983, 19.266404930483233 ], [ -155.384924931328186, 19.266637006003226 ], [ -155.384834784986339, 19.266305308181519 ] ] ] } },
{ "type": "Feature", "properties": { "ID": 454, "GRIDCODE": 1 }, "geometry": { "type": "Polygon", "coordinates": [ [ [ -155.415184308661196, 19.260136021431396 ], [ -155.415860665733476, 19.260599500590654 ], [ -155.415112537499823, 19.26241075630189 ], [ -155.414552898965809, 19.262109502996168 ], [ -155.41506451841073, 19.260293872814415 ], [ -155.415184308661196, 19.260136021431396 ] ] ] } },
{ "type": "Feature", "properties": { "ID": 455, "GRIDCODE": 1 }, "geometry": { "type": "Polygon", "coordinates": [ [ [ -155.412625916801886, 19.259815087734129 ], [ -155.412839623856883, 19.259997463397166 ], [ -155.41240335901594, 19.262927783367669 ], [ -155.412773218328596, 19.264325052650047 ], [ -155.411622627271072, 19.264214416297033 ], [ -155.411212546595493, 19.26629876348068 ], [ -155.412434471820177, 19.268246784283974 ], [ -155.411973387301202, 19.268608885130536 ], [ -155.412008403424039, 19.269173716636647 ], [ -155.412565282919672, 19.269142361636799 ], [ -155.413099207454536, 19.269193562937954 ], [ -155.413714953422925, 19.271290665549309 ], [ -155.413052850598945, 19.272139206750612 ], [ -155.413419398241956, 19.272794618749256 ], [ -155.413003174733916, 19.27380581210269 ], [ -155.413034594280788, 19.274305805061541 ], [ -155.412971034068335, 19.27489751495931 ], [ -155.412146513710468, 19.274818128574179 ], [ -155.411710332083118, 19.275697009339819 ], [ -155.41041352592643, 19.275215491909805 ], [ -155.410484285793899, 19.274549376533219 ], [ -155.409397400672077, 19.272816805106814 ], [ -155.409098798072961, 19.271727324633499 ], [ -155.410101415297135, 19.270940747481809 ], [ -155.409660392825231, 19.270152480167987 ], [ -155.40971558194326, 19.269638593986951 ], [ -155.409691514731122, 19.269261409042375 ], [ -155.408296935704442, 19.269716964022901 ], [ -155.409464716394524, 19.268019484473548 ], [ -155.409746638016088, 19.267192825539315 ], [ -155.410900931923578, 19.265320589433024 ], [ -155.411299967837664, 19.263462053413388 ], [ -155.411263907983511, 19.262894029249889 ], [ -155.412132482024134, 19.261484873774812 ], [ -155.411581545748817, 19.261014593281892 ], [ -155.412625916801886, 19.259815087734129 ] ] ] } },
{ "type": "Feature", "properties": { "ID": 456, "GRIDCODE": 1 }, "geometry": { "type": "Polygon", "coordinates": [ [ [ -155.866648799876174, 19.266813956814463 ], [ -155.86816466800903, 19.26704146997653 ], [ -155.870471506614649, 19.267835769537179 ], [ -155.871600502833871, 19.267833160131058 ], [ -155.872181617270741, 19.2681300489138 ], [ -155.874624645589392, 19.268456161210104 ], [ -155.875602986445671, 19.268453858506156 ], [ -155.876151217660436, 19.270162116798939 ], [ -155.876115664233652, 19.271038188272769 ], [ -155.876116592006895, 19.271444412226543 ], [ -155.876063993995558, 19.272749143423422 ], [ -155.874919399622911, 19.274129336185844 ], [ -155.874281503810892, 19.275017839527212 ], [ -155.87429004817136, 19.278396435655985 ], [ -155.873955405427239, 19.279549295626669 ], [ -155.873958157710348, 19.280606909420783 ], [ -155.873339476568077, 19.282226695192172 ], [ -155.8733408068465, 19.282757748858025 ], [ -155.873028367875094, 19.283576446408237 ], [ -155.873273803927617, 19.286020536309721 ], [ -155.87293234545669, 19.286914899241882 ], [ -155.87293672451824, 19.288721482919893 ], [ -155.872925692189739, 19.288994213904562 ], [ -155.873216860758021, 19.291156646927938 ], [ -155.872024422532206, 19.291411244560713 ], [ -155.871543624203582, 19.299380875659018 ], [ -155.872783422012049, 19.299978388099355 ], [ -155.872656414802293, 19.303111878168441 ], [ -155.871978367200597, 19.304887713762461 ], [ -155.872345831045465, 19.305235430552216 ], [ -155.872876988682833, 19.30809141986655 ], [ -155.872488348724431, 19.31004173503587 ], [ -155.871509207249687, 19.311360706489015 ], [ -155.871907828089746, 19.313393814070626 ], [ -155.871863300186817, 19.31448895843711 ], [ -155.871117448183128, 19.316442391302143 ], [ -155.870362782822014, 19.318521019559235 ], [ -155.870363822895939, 19.319007372524386 ], [ -155.870335380828379, 19.319710602214819 ], [ -155.867486092684004, 19.320038497151529 ], [ -155.866614394162212, 19.320304891774548 ], [ -155.866025916837486, 19.32028340074509 ], [ -155.864436330723436, 19.319471154072662 ], [ -155.862393696452898, 19.318665376650415 ], [ -155.862912681350906, 19.305883419102379 ], [ -155.863450545536125, 19.292347270785605 ], [ -155.863475220244084, 19.291739711867439 ], [ -155.864404566222987, 19.279465367621224 ], [ -155.86390249672769, 19.270762491810867 ], [ -155.864747647370535, 19.269623445129543 ], [ -155.864173957516641, 19.269346759768073 ], [ -155.863617346984256, 19.268919097319362 ], [ -155.86448314160782, 19.268538336561477 ], [ -155.863862640475816, 19.267634350789045 ], [ -155.863968681759815, 19.266906008313814 ], [ -155.865344885812078, 19.267609283715061 ], [ -155.866200861164714, 19.268022243269179 ], [ -155.866760177444661, 19.268307931523243 ], [ -155.867325767510124, 19.268556701959579 ], [ -155.866775625475498, 19.267495785848251 ], [ -155.866648799876174, 19.266813956814463 ] ] ] } },
{ "type": "Feature", "properties": { "ID": 457, "GRIDCODE": 1 }, "geometry": { "type": "Polygon", "coordinates": [ [ [ -155.412411701454459, 19.256562426130195 ], [ -155.413024338441886, 19.25675527849479 ], [ -155.413447012767364, 19.25795134734194 ], [ -155.412802513030186, 19.258608051717001 ], [ -155.412342870493433, 19.2589820821863 ], [ -155.411423915652392, 19.259919162346204 ], [ -155.410501857272521, 19.259541780291062 ], [ -155.411392560121357, 19.258112705596858 ], [ -155.412268030725869, 19.256973327847447 ], [ -155.412411701454459, 19.256562426130195 ] ] ] } },
{ "type": "Feature", "properties": { "ID": 458, "GRIDCODE": 1 }, "geometry": { "type": "Polygon", "coordinates": [ [ [ -155.424971489704433, 19.255725816788576 ], [ -155.425207111814046, 19.255899355283624 ], [ -155.425759040027089, 19.256787310560167 ], [ -155.425201427502657, 19.257470087946 ], [ -155.424545618137529, 19.256674475494631 ], [ -155.424971489704433, 19.255725816788576 ] ] ] } },
{ "type": "Feature", "properties": { "ID": 459, "GRIDCODE": 1 }, "geometry": { "type": "Polygon", "coordinates": [ [ [ -155.864766681231828, 19.26082398996699 ], [ -155.865165047634008, 19.260991086047053 ], [ -155.866583715546938, 19.261362917902595 ], [ -155.865838811912596, 19.262007580004379 ], [ -155.863384107360048, 19.262535620542199 ], [ -155.863440209666805, 19.261724174741843 ], [ -155.86450416099126, 19.261171476281401 ], [ -155.864766681231828, 19.26082398996699 ] ] ] } },
{ "type": "Feature", "properties": { "ID": 460, "GRIDCODE": 1 }, "geometry": { "type": "Polygon", "coordinates": [ [ [ -155.863066664916744, 19.260253204059794 ], [ -155.863434309566344, 19.260410255671552 ], [ -155.863169087049215, 19.260870351680548 ], [ -155.863066664916744, 19.260253204059794 ] ] ] } },
{ "type": "Feature", "properties": { "ID": 461, "GRIDCODE": 1 }, "geometry": { "type": "Polygon", "coordinates": [ [ [ -155.874188918103783, 19.260173015953153 ], [ -155.874534569666594, 19.260271753800609 ], [ -155.874280369500298, 19.260504624345195 ], [ -155.874188918103783, 19.260173015953153 ] ] ] } },
{ "type": "Feature", "properties": { "ID": 462, "GRIDCODE": 1 }, "geometry": { "type": "Polygon", "coordinates": [ [ [ -155.414162404316784, 19.254701863611288 ], [ -155.414359468585246, 19.254344086269548 ], [ -155.414585133492693, 19.252773984020582 ], [ -155.414030926379638, 19.253017686960053 ], [ -155.413785760214097, 19.254511533513298 ], [ -155.414162404316784, 19.254701863611288 ], [ -155.414553636629932, 19.255756937940138 ], [ -155.413985713987586, 19.255658287868663 ], [ -155.413733941304741, 19.255357790947915 ], [ -155.413173906451988, 19.254896855715888 ], [ -155.413488913716947, 19.25282886965616 ], [ -155.414102357949929, 19.251858282478683 ], [ -155.413552040194219, 19.250900014507767 ], [ -155.414163742277509, 19.249932299700205 ], [ -155.414102965904931, 19.249220241896897 ], [ -155.414881402968291, 19.248366826252855 ], [ -155.415373817333403, 19.249658370750058 ], [ -155.414958938981101, 19.249972223233929 ], [ -155.415491774158539, 19.25193947396232 ], [ -155.415162206480801, 19.254934029929679 ], [ -155.414162404316784, 19.254701863611288 ] ] ] } },
{ "type": "Feature", "properties": { "ID": 463, "GRIDCODE": 1 }, "geometry": { "type": "Polygon", "coordinates": [ [ [ -155.876592489201727, 19.253714781004312 ], [ -155.878142696235557, 19.25388857076312 ], [ -155.8792701244233, 19.254375918338859 ], [ -155.878500555965871, 19.255224383988832 ], [ -155.875962720294666, 19.254238752858644 ], [ -155.876460249701751, 19.253860353496638 ], [ -155.876592489201727, 19.253714781004312 ] ] ] } },
{ "type": "Feature", "properties": { "ID": 464, "GRIDCODE": 1 }, "geometry": { "type": "Polygon", "coordinates": [ [ [ -155.425217965577303, 19.244360918363604 ], [ -155.426034602869692, 19.244617987185041 ], [ -155.426504033120096, 19.245946602786514 ], [ -155.42639470339094, 19.247240902639259 ], [ -155.427817887137905, 19.247895267015625 ], [ -155.428054036642948, 19.25135828723317 ], [ -155.428886498553311, 19.252094420726593 ], [ -155.428906408918806, 19.252588641317892 ], [ -155.426485195404126, 19.255058306019759 ], [ -155.425979296482268, 19.255076961289042 ], [ -155.423790929877782, 19.254663501982414 ], [ -155.422974367540576, 19.257709361093291 ], [ -155.420526333871834, 19.257331485670534 ], [ -155.420829650292063, 19.255772406665425 ], [ -155.421360067940412, 19.254035100440646 ], [ -155.421485961764375, 19.252544449481164 ], [ -155.421465276455962, 19.252035676133499 ], [ -155.421799521254655, 19.25120472264517 ], [ -155.422252937089439, 19.248422464040917 ], [ -155.424262492709744, 19.245166776840129 ], [ -155.425080207866358, 19.244501244503997 ], [ -155.425217965577303, 19.244360918363604 ] ] ] } },
{ "type": "Feature", "properties": { "ID": 465, "GRIDCODE": 1 }, "geometry": { "type": "Polygon", "coordinates": [ [ [ -155.411061582766223, 19.240022939440767 ], [ -155.411336368292666, 19.240211270757271 ], [ -155.411610640305668, 19.241497743140922 ], [ -155.410975729130598, 19.241179943301677 ], [ -155.410872169777349, 19.240694924674742 ], [ -155.411061582766223, 19.240022939440767 ] ] ] } },
{ "type": "Feature", "properties": { "ID": 466, "GRIDCODE": 1 }, "geometry": { "type": "Polygon", "coordinates": [ [ [ -155.441400039891249, 19.234118930940827 ], [ -155.4419128157638, 19.234269023349345 ], [ -155.441422625734049, 19.237458852681826 ], [ -155.440461615212485, 19.238552336594882 ], [ -155.44015357257598, 19.238097709071653 ], [ -155.440701554879411, 19.236823026835189 ], [ -155.440578346626609, 19.235696541347728 ], [ -155.441400039891249, 19.234118930940827 ] ] ] } },
{ "type": "Feature", "properties": { "ID": 467, "GRIDCODE": 1 }, "geometry": { "type": "Polygon", "coordinates": [ [ [ -155.428929652214975, 19.230898035068861 ], [ -155.430163209435449, 19.231126734911463 ], [ -155.430267268004997, 19.232080213526427 ], [ -155.429526175155019, 19.233659069589123 ], [ -155.428376945069402, 19.234496867865786 ], [ -155.427757184876441, 19.235817948379463 ], [ -155.426789620638999, 19.236182899111544 ], [ -155.426355233574384, 19.237194323995787 ], [ -155.425918621982078, 19.238539330027535 ], [ -155.424398535352367, 19.237736875093965 ], [ -155.425071519037061, 19.236170465176741 ], [ -155.42577346489557, 19.233369246953789 ], [ -155.427538049079914, 19.231362045822735 ], [ -155.428799539902229, 19.231045917668201 ], [ -155.428929652214975, 19.230898035068861 ] ] ] } },
{ "type": "Feature", "properties": { "ID": 468, "GRIDCODE": 1 }, "geometry": { "type": "Polygon", "coordinates": [ [ [ -155.874188918103783, 19.260173015953153 ], [ -155.872437353419372, 19.259910054876521 ], [ -155.868756630826709, 19.259162070337975 ], [ -155.867516126577954, 19.258837475810431 ], [ -155.866375401071792, 19.258552401897177 ], [ -155.865772819454207, 19.258244553347527 ], [ -155.863581804404618, 19.258249536421964 ], [ -155.862628544508851, 19.257347508676112 ], [ -155.861857975560724, 19.252276029401891 ], [ -155.858665886946142, 19.237888503368328 ], [ -155.859366699672279, 19.237580283345142 ], [ -155.859939224006069, 19.23731243519309 ], [ -155.860882531825183, 19.2377948640993 ], [ -155.861372816869647, 19.23732752203458 ], [ -155.862361644440853, 19.237363793771706 ], [ -155.864163123339921, 19.237359781771346 ], [ -155.865760525083431, 19.238176302859618 ], [ -155.867347082466978, 19.237717148473916 ], [ -155.867636909365757, 19.237175214632543 ], [ -155.86850676239834, 19.236409431248429 ], [ -155.868144599041045, 19.236361974901197 ], [ -155.865130263295214, 19.236368780580168 ], [ -155.864812914233994, 19.236043612761865 ], [ -155.864527379682812, 19.235773203560274 ], [ -155.86414939986048, 19.234594915884934 ], [ -155.862862516394529, 19.235196966913197 ], [ -155.862260268922682, 19.235198272819275 ], [ -155.860978201356033, 19.235151416404065 ], [ -155.859412859455233, 19.235154958746453 ], [ -155.859697764574975, 19.234872651265377 ], [ -155.860278396899503, 19.234617104928169 ], [ -155.860848095699282, 19.234350790632032 ], [ -155.862858906962742, 19.233848970247934 ], [ -155.864542537516598, 19.232806522157542 ], [ -155.865750914156564, 19.232803957590182 ], [ -155.868503928234645, 19.234211211121053 ], [ -155.870279385121734, 19.233434471516102 ], [ -155.870684003619886, 19.233048673482326 ], [ -155.873392854941812, 19.232219370149298 ], [ -155.87389756652189, 19.234794831810991 ], [ -155.87404051552474, 19.248953213201286 ], [ -155.873623588427023, 19.259250698576757 ], [ -155.874188918103783, 19.260173015953153 ] ] ] } },
{ "type": "Feature", "properties": { "ID": 469, "GRIDCODE": 1 }, "geometry": { "type": "Polygon", "coordinates": [ [ [ -155.871913460806439, 19.229803904897146 ], [ -155.87374502590157, 19.229971671510441 ], [ -155.873340293608379, 19.2304230620617 ], [ -155.871557070692774, 19.231053723706928 ], [ -155.869479986539091, 19.231309096781768 ], [ -155.869775786766922, 19.230612551316444 ], [ -155.871786433141523, 19.229954589941883 ], [ -155.871913460806439, 19.229803904897146 ] ] ] } },
{ "type": "Feature", "properties": { "ID": 470, "GRIDCODE": 1 }, "geometry": { "type": "Polygon", "coordinates": [ [ [ -155.872361223014906, 19.191086318191349 ], [ -155.873358773517623, 19.191236098249245 ], [ -155.875583836872664, 19.192373669849676 ], [ -155.876472179785878, 19.192101609673195 ], [ -155.877486997889662, 19.191853385530937 ], [ -155.87823974452013, 19.193397435364979 ], [ -155.879129337431607, 19.193826468654557 ], [ -155.879560488612867, 19.195170130614148 ], [ -155.879540069515627, 19.195677018320268 ], [ -155.879541412698359, 19.196210722671196 ], [ -155.879157282003291, 19.196889133034951 ], [ -155.879789532827857, 19.198108486135499 ], [ -155.879354075745653, 19.199249621488828 ], [ -155.879748904835623, 19.200010852481778 ], [ -155.8804035123826, 19.202377022885727 ], [ -155.879961596962033, 19.203535238388099 ], [ -155.879962286708718, 19.203808437854111 ], [ -155.879904223003933, 19.205247700628345 ], [ -155.880175764611749, 19.207600735514543 ], [ -155.880398855097098, 19.210588708095472 ], [ -155.88067927221968, 19.211129811157374 ], [ -155.880922110171923, 19.213071914684107 ], [ -155.880298870399372, 19.214704917636031 ], [ -155.880309574693541, 19.218781755934391 ], [ -155.880810913813406, 19.219256278856495 ], [ -155.881228171778986, 19.220556864817439 ], [ -155.881607796441045, 19.223526348188695 ], [ -155.88113816991131, 19.225145569755679 ], [ -155.881532961049572, 19.226309576565747 ], [ -155.881766171145898, 19.22876166068199 ], [ -155.880094062315948, 19.228700627223247 ], [ -155.878602601853657, 19.229525427104164 ], [ -155.877051516721423, 19.229468809731632 ], [ -155.874937989364298, 19.229473712787108 ], [ -155.873754219102835, 19.228868771084009 ], [ -155.872017970718701, 19.228872682401221 ], [ -155.870899975213547, 19.229395969334007 ], [ -155.868263317280451, 19.229958844616327 ], [ -155.865935937620549, 19.229540552541792 ], [ -155.865490808617949, 19.230373636113224 ], [ -155.86265937309463, 19.23119304945946 ], [ -155.861469908857828, 19.231929521150505 ], [ -155.86060428438725, 19.232180182171067 ], [ -155.85973598359999, 19.232717727468774 ], [ -155.858621151056553, 19.232676901132596 ], [ -155.857537370870489, 19.23318402428724 ], [ -155.855613868323076, 19.225053618339871 ], [ -155.855079980076624, 19.223148829152372 ], [ -155.855343833899411, 19.223971058718597 ], [ -155.852410166315224, 19.213359359613658 ], [ -155.851305420758081, 19.209363230118107 ], [ -155.847538644178769, 19.199165336586525 ], [ -155.847570763134598, 19.198371204528573 ], [ -155.848978257729982, 19.198422656668331 ], [ -155.849279623097772, 19.198135353010809 ], [ -155.850444824517353, 19.197886437328297 ], [ -155.851004739643088, 19.197352607156947 ], [ -155.851300299373804, 19.197092174073497 ], [ -155.851692261005041, 19.196358964593355 ], [ -155.853035699853478, 19.195767978646238 ], [ -155.853397918303529, 19.195090582243008 ], [ -155.854516823739488, 19.194420622006866 ], [ -155.85506084016933, 19.193901841654032 ], [ -155.858490684782794, 19.193695160493125 ], [ -155.861163129576084, 19.193093037070962 ], [ -155.863334354225486, 19.194203118119983 ], [ -155.86666056494127, 19.194912971723834 ], [ -155.867315857271024, 19.193969746416716 ], [ -155.866177228142902, 19.193420567905992 ], [ -155.866205386482136, 19.192727640580557 ], [ -155.8673347024652, 19.192768899361482 ], [ -155.868913884464604, 19.191895671245273 ], [ -155.869743409646418, 19.192319753143625 ], [ -155.870773704855111, 19.192004130643159 ], [ -155.871063818855191, 19.192014902293341 ], [ -155.87134841581269, 19.191743401496019 ], [ -155.871949922948573, 19.191478631873839 ], [ -155.872361223014906, 19.191086318191349 ] ] ] } },
{ "type": "Feature", "properties": { "ID": 471, "GRIDCODE": 1 }, "geometry": { "type": "Polygon", "coordinates": [ [ [ -155.82982897561098, 19.134841912238279 ], [ -155.830795202974087, 19.135095531617278 ], [ -155.830388036706012, 19.135872607404149 ], [ -155.829057613010747, 19.136563932287679 ], [ -155.827939484062682, 19.137357023519005 ], [ -155.826537356654086, 19.137068090814655 ], [ -155.826420533927688, 19.136527650108377 ], [ -155.828356947871356, 19.136318590400293 ], [ -155.829027234214607, 19.135430761352833 ], [ -155.829709647671905, 19.135000110935938 ], [ -155.82982897561098, 19.134841912238279 ] ] ] } },
{ "type": "Feature", "properties": { "ID": 472, "GRIDCODE": 1 }, "geometry": { "type": "Polygon", "coordinates": [ [ [ -155.824743526442433, 19.132587707715942 ], [ -155.825426236013612, 19.132766902298226 ], [ -155.824837866953004, 19.13421571101383 ], [ -155.823910699246483, 19.134800781396681 ], [ -155.823301206632067, 19.135607660167977 ], [ -155.822597127158275, 19.135744898465624 ], [ -155.822434831301024, 19.134993432383823 ], [ -155.823974861577881, 19.134021496620516 ], [ -155.824282853289901, 19.132961083979318 ], [ -155.824624196140917, 19.132745902672536 ], [ -155.824743526442433, 19.132587707715942 ] ] ] } },
{ "type": "Feature", "properties": { "ID": 473, "GRIDCODE": 1 }, "geometry": { "type": "Polygon", "coordinates": [ [ [ -155.831035480942518, 19.131342340329795 ], [ -155.83150421361546, 19.131726474811259 ], [ -155.83048134595262, 19.13290997471405 ], [ -155.829912764073555, 19.134097074802497 ], [ -155.828883914771097, 19.134500062158455 ], [ -155.827758064407391, 19.135741530416876 ], [ -155.826552218569674, 19.135272459596994 ], [ -155.826289713493026, 19.134362179737209 ], [ -155.825684265892988, 19.134099962494165 ], [ -155.826309944940164, 19.133304195614866 ], [ -155.826716660371318, 19.132070944116819 ], [ -155.830696687054626, 19.131715985821579 ], [ -155.831035480942518, 19.131342340329795 ] ] ] } },
{ "type": "Feature", "properties": { "ID": 474, "GRIDCODE": 1 }, "geometry": { "type": "Polygon", "coordinates": [ [ [ -155.722190259598278, 19.117518768624691 ], [ -155.722535489499421, 19.117617738447663 ], [ -155.72228136069117, 19.117850401640826 ], [ -155.722190259598278, 19.117518768624691 ] ] ] } },
{ "type": "Feature", "properties": { "ID": 475, "GRIDCODE": 1 }, "geometry": { "type": "Polygon", "coordinates": [ [ [ -155.719659426346567, 19.115848973213261 ], [ -155.720228954590056, 19.115859133645717 ], [ -155.720186199081724, 19.118024578976595 ], [ -155.719616663446232, 19.118014417306263 ], [ -155.719659426346567, 19.115848973213261 ] ] ] } },
{ "type": "Feature", "properties": { "ID": 476, "GRIDCODE": 1 }, "geometry": { "type": "Polygon", "coordinates": [ [ [ -155.728508476652507, 19.114923530605271 ], [ -155.728674823942981, 19.115037022659752 ], [ -155.728918661617598, 19.115693713441896 ], [ -155.729449215391696, 19.116454402072513 ], [ -155.730292483662822, 19.117030260680593 ], [ -155.730036350858057, 19.11810009142124 ], [ -155.729162085839391, 19.117897321397752 ], [ -155.728078266023203, 19.118108090729045 ], [ -155.727661490340552, 19.116740438370734 ], [ -155.728037018921867, 19.115838006957624 ], [ -155.728383749504957, 19.115352334577022 ], [ -155.728508476652507, 19.114923530605271 ] ] ] } },
{ "type": "Feature", "properties": { "ID": 477, "GRIDCODE": 1 }, "geometry": { "type": "Polygon", "coordinates": [ [ [ -155.722190259598278, 19.117518768624691 ], [ -155.721711740573113, 19.117379343562227 ], [ -155.721412054385695, 19.114676813773173 ], [ -155.72208741546217, 19.115526569634195 ], [ -155.722190259598278, 19.117518768624691 ] ] ] } },
{ "type": "Feature", "properties": { "ID": 478, "GRIDCODE": 1 }, "geometry": { "type": "Polygon", "coordinates": [ [ [ -155.721748913985209, 19.111012265886956 ], [ -155.722002229352398, 19.111172795229137 ], [ -155.721837898076416, 19.111690793303143 ], [ -155.722111967773202, 19.112688878572534 ], [ -155.721490034923818, 19.113008857501306 ], [ -155.721567963985194, 19.111385588554992 ], [ -155.721748913985209, 19.111012265886956 ] ] ] } },
{ "type": "Feature", "properties": { "ID": 479, "GRIDCODE": 1 }, "geometry": { "type": "Polygon", "coordinates": [ [ [ -155.732005524399, 19.110924040056759 ], [ -155.732629810145568, 19.111105691743123 ], [ -155.733015040623911, 19.114560470480843 ], [ -155.732624685186266, 19.114846260890292 ], [ -155.732295892375305, 19.117277425366339 ], [ -155.73201728663264, 19.116761061457737 ], [ -155.731802089967289, 19.114831641392403 ], [ -155.731358283606312, 19.112800318059019 ], [ -155.731865389981749, 19.111613568915871 ], [ -155.732005524399, 19.110924040056759 ] ] ] } },
{ "type": "Feature", "properties": { "ID": 480, "GRIDCODE": 1 }, "geometry": { "type": "Polygon", "coordinates": [ [ [ -155.733724721923636, 19.110413024920398 ], [ -155.734069948179439, 19.11051197193563 ], [ -155.733815845457201, 19.110744655270885 ], [ -155.733724721923636, 19.110413024920398 ] ] ] } },
{ "type": "Feature", "properties": { "ID": 481, "GRIDCODE": 1 }, "geometry": { "type": "Polygon", "coordinates": [ [ [ -155.721302222171886, 19.104776444733709 ], [ -155.721872199727244, 19.10522740836457 ], [ -155.722352369826268, 19.108977125300768 ], [ -155.721920530497044, 19.10872879726352 ], [ -155.72168943103955, 19.107611427037966 ], [ -155.721237109566459, 19.106427443607785 ], [ -155.721105084229066, 19.105237534561851 ], [ -155.721302222171886, 19.104776444733709 ] ] ] } },
{ "type": "Feature", "properties": { "ID": 482, "GRIDCODE": 1 }, "geometry": { "type": "Polygon", "coordinates": [ [ [ -155.72120430235438, 19.095297519953942 ], [ -155.721624498528172, 19.095584509047029 ], [ -155.721865489570973, 19.096552651098548 ], [ -155.722247776218808, 19.097464870956298 ], [ -155.722663879055119, 19.099399452498027 ], [ -155.722096865349073, 19.099264540653227 ], [ -155.721691161320308, 19.097635296639641 ], [ -155.721245712487359, 19.0973309335475 ], [ -155.720933306127193, 19.095879726590535 ], [ -155.72120430235438, 19.095297519953942 ] ] ] } },
{ "type": "Feature", "properties": { "ID": 483, "GRIDCODE": 1 }, "geometry": { "type": "Polygon", "coordinates": [ [ [ -155.784147369434692, 19.095595845927868 ], [ -155.784550337401782, 19.095903030422829 ], [ -155.78309645432563, 19.097666579346456 ], [ -155.782529609588096, 19.097576807238898 ], [ -155.781152132060612, 19.098595943559303 ], [ -155.781050588285325, 19.097849232240247 ], [ -155.782205908753554, 19.09647952672934 ], [ -155.783480191944705, 19.096681360995024 ], [ -155.784147369434692, 19.095595845927868 ] ] ] } },
{ "type": "Feature", "properties": { "ID": 484, "GRIDCODE": 1 }, "geometry": { "type": "Polygon", "coordinates": [ [ [ -155.790158434335808, 19.094076040296198 ], [ -155.790497148754326, 19.094282660859243 ], [ -155.790191206741895, 19.095159776965403 ], [ -155.790363405709854, 19.095721287289429 ], [ -155.789999731332443, 19.096678051190196 ], [ -155.78952727980078, 19.096943509393387 ], [ -155.788981326493712, 19.098379171861076 ], [ -155.787919522625629, 19.09790473844123 ], [ -155.787674664433638, 19.099074595529828 ], [ -155.787033319673952, 19.099269664073862 ], [ -155.78630604744464, 19.099736664210894 ], [ -155.786084667754835, 19.099014568471159 ], [ -155.786319376247718, 19.09834169191371 ], [ -155.786114479182572, 19.097673566295345 ], [ -155.786505658457088, 19.097094126066832 ], [ -155.787902357893586, 19.096402660848501 ], [ -155.788322003525707, 19.095299319497041 ], [ -155.789691134101929, 19.094882114364168 ], [ -155.790158434335808, 19.094076040296198 ] ] ] } },
{ "type": "Feature", "properties": { "ID": 485, "GRIDCODE": 1 }, "geometry": { "type": "Polygon", "coordinates": [ [ [ -155.719344659437752, 19.088494969363854 ], [ -155.71973437502831, 19.088803364726939 ], [ -155.71990037938042, 19.090301146517088 ], [ -155.719439894841571, 19.090238467446987 ], [ -155.719177818625184, 19.090537890869058 ], [ -155.718856656322004, 19.090772797331205 ], [ -155.71797200431277, 19.092923233412826 ], [ -155.717599801696252, 19.091882146965819 ], [ -155.718058064081191, 19.089237824150672 ], [ -155.719011443608849, 19.08887589164798 ], [ -155.719344659437752, 19.088494969363854 ] ] ] } },
{ "type": "Feature", "properties": { "ID": 486, "GRIDCODE": 1 }, "geometry": { "type": "Polygon", "coordinates": [ [ [ -155.723642077361461, 19.087217620148245 ], [ -155.724032755081311, 19.087562251229659 ], [ -155.724082380715146, 19.08871473160367 ], [ -155.723981954104715, 19.089930384772018 ], [ -155.724273707377876, 19.090892024190882 ], [ -155.725333135155694, 19.091826336593098 ], [ -155.725438795777592, 19.09428663377405 ], [ -155.72477394169934, 19.094968141025163 ], [ -155.724213855266129, 19.094665711508419 ], [ -155.723922402921232, 19.094677182541499 ], [ -155.723637996789279, 19.094655724695993 ], [ -155.723345154295288, 19.094667170058415 ], [ -155.723092591122196, 19.093834211542806 ], [ -155.722542767603812, 19.092827781729827 ], [ -155.722882711825235, 19.091766592635619 ], [ -155.723759647006773, 19.09140274605944 ], [ -155.723432784448931, 19.089441725680967 ], [ -155.723642077361461, 19.087217620148245 ] ] ] } },
{ "type": "Feature", "properties": { "ID": 487, "GRIDCODE": 1 }, "geometry": { "type": "Polygon", "coordinates": [ [ [ -155.791707460327217, 19.087604049578356 ], [ -155.792481674086872, 19.08774288729278 ], [ -155.792337915844115, 19.088562807019589 ], [ -155.792474322165901, 19.089567166563647 ], [ -155.791589850846037, 19.090053669591263 ], [ -155.791852708913325, 19.088553558594171 ], [ -155.791707460327217, 19.087604049578356 ] ] ] } },
{ "type": "Feature", "properties": { "ID": 488, "GRIDCODE": 1 }, "geometry": { "type": "Polygon", "coordinates": [ [ [ -155.741200737946997, 19.077781158621598 ], [ -155.7410966907523, 19.078109332178965 ], [ -155.740851937308236, 19.077867803089337 ], [ -155.741200737946997, 19.077781158621598 ] ] ] } },
{ "type": "Feature", "properties": { "ID": 489, "GRIDCODE": 1 }, "geometry": { "type": "Polygon", "coordinates": [ [ [ -155.803046210474719, 19.075615562080689 ], [ -155.803722837367928, 19.075837275992534 ], [ -155.818220836313657, 19.084179679509251 ], [ -155.820747258394988, 19.085872435744214 ], [ -155.834329336206395, 19.095518900837238 ], [ -155.838711314024266, 19.099376979524013 ], [ -155.841274919639744, 19.102006580116086 ], [ -155.841714340968991, 19.102422970989622 ], [ -155.841626246127106, 19.104600037944824 ], [ -155.842233668737293, 19.104315333615833 ], [ -155.842838980512226, 19.104625085840809 ], [ -155.843365364934158, 19.105165144784912 ], [ -155.84448821777849, 19.105162458900629 ], [ -155.845231301840926, 19.105542532410098 ], [ -155.845596738006321, 19.107087930731051 ], [ -155.845876910821858, 19.107629051140993 ], [ -155.846135486166844, 19.108721984471234 ], [ -155.846437402422282, 19.109304996915146 ], [ -155.846384042116227, 19.110621600303627 ], [ -155.846664494930366, 19.111162989697522 ], [ -155.846902529534418, 19.11333878153502 ], [ -155.847753363115288, 19.11472853878244 ], [ -155.847709758446257, 19.115809680201629 ], [ -155.848376341241135, 19.117775965158881 ], [ -155.848774084715984, 19.1198056066339 ], [ -155.847299652603766, 19.120120417620246 ], [ -155.846047217047328, 19.121315430021124 ], [ -155.84446123629175, 19.121774809985077 ], [ -155.843281862615726, 19.122505612899214 ], [ -155.840946675184057, 19.122420009983522 ], [ -155.840162140905278, 19.123513530878242 ], [ -155.839012282402194, 19.123759272201845 ], [ -155.838442968359601, 19.124025570546245 ], [ -155.837577916935288, 19.124276200710597 ], [ -155.836584414287216, 19.124580415403177 ], [ -155.835732953755212, 19.125767434531721 ], [ -155.834688521119688, 19.12639286426154 ], [ -155.833828711349071, 19.126951387754836 ], [ -155.834502012182298, 19.12825113637038 ], [ -155.83346235529126, 19.128552155191652 ], [ -155.831980042483337, 19.129245918017858 ], [ -155.82973784435228, 19.128658247358509 ], [ -155.826875047799234, 19.1295346820521 ], [ -155.825490338133648, 19.130855499842625 ], [ -155.825222780409575, 19.130020765483124 ], [ -155.825027487005713, 19.1294810846526 ], [ -155.82406786985419, 19.130818490215407 ], [ -155.822915171986097, 19.131325613317262 ], [ -155.822612683450018, 19.132418116734087 ], [ -155.822022029092551, 19.133215003917641 ], [ -155.821732300192338, 19.133756875387675 ], [ -155.820851625814868, 19.134819536973932 ], [ -155.820074623739288, 19.135901969952698 ], [ -155.819309992321223, 19.135873923670239 ], [ -155.819896779382844, 19.134336257255139 ], [ -155.818516224534903, 19.135653114807635 ], [ -155.817403950790947, 19.137734898950516 ], [ -155.816690725539274, 19.138362771874281 ], [ -155.81504344776323, 19.139322462321363 ], [ -155.815163055297944, 19.136381749550797 ], [ -155.816294704128211, 19.13501670970264 ], [ -155.816589644939739, 19.134204143764741 ], [ -155.817172378667152, 19.133691159317376 ], [ -155.817483206869042, 19.132310828887409 ], [ -155.818386863963809, 19.131515411992357 ], [ -155.817276100976613, 19.131517860061894 ], [ -155.814128849771492, 19.134902208986915 ], [ -155.813431383402275, 19.136825082554751 ], [ -155.81310910996433, 19.137393609482398 ], [ -155.813111062117798, 19.138190162005909 ], [ -155.812792522143184, 19.138752405854724 ], [ -155.812793910890491, 19.139288466729237 ], [ -155.812475724266619, 19.140121775164811 ], [ -155.811907665654473, 19.140622036445649 ], [ -155.811471731157411, 19.141037585905412 ], [ -155.811028413702275, 19.142184468795815 ], [ -155.814440337546614, 19.142561548363712 ], [ -155.817459148966208, 19.142907689398722 ], [ -155.820013920788938, 19.142538873529464 ], [ -155.821006789452383, 19.141592142395801 ], [ -155.821871948079604, 19.141341607393066 ], [ -155.822441344498031, 19.141075373292693 ], [ -155.823021663201843, 19.140819904123418 ], [ -155.823591056413761, 19.140553665915277 ], [ -155.826311138287878, 19.139468571989966 ], [ -155.827900118309998, 19.139008636174456 ], [ -155.828754333356841, 19.138747298479327 ], [ -155.830485587722592, 19.138456928249251 ], [ -155.830482682701927, 19.137152336698335 ], [ -155.831364248070457, 19.13637603971468 ], [ -155.831675865388064, 19.135517184510675 ], [ -155.832540156204971, 19.13475592028739 ], [ -155.832869369746618, 19.133295206792386 ], [ -155.834066685569354, 19.132578283328389 ], [ -155.835154361055658, 19.131540531906928 ], [ -155.836325649256111, 19.130509236399266 ], [ -155.836324758563137, 19.130074195436556 ], [ -155.837195430693612, 19.129690916474562 ], [ -155.839695403047671, 19.128520877493152 ], [ -155.841661195656712, 19.126645576466853 ], [ -155.842104337548164, 19.126254922781211 ], [ -155.842531090588068, 19.125848118918711 ], [ -155.843324258006049, 19.125149302290822 ], [ -155.844413739002704, 19.124669777316626 ], [ -155.845525692726085, 19.124149375703208 ], [ -155.846707677296621, 19.123896738963545 ], [ -155.847595099077097, 19.123625026391871 ], [ -155.84843752659043, 19.122821245901868 ], [ -155.849883864036315, 19.122874070069042 ], [ -155.850414966213123, 19.123418694797525 ], [ -155.851419298427885, 19.123701415256757 ], [ -155.851849399939425, 19.122896371693326 ], [ -155.852225035354621, 19.122366486603109 ], [ -155.853272865901261, 19.122952479979666 ], [ -155.852379040613982, 19.124531321166582 ], [ -155.852933702313663, 19.126167756482722 ], [ -155.85244892036954, 19.127024227926572 ], [ -155.852951946836185, 19.128507981504512 ], [ -155.853735806625622, 19.128886353603626 ], [ -155.855065334868954, 19.130540546822147 ], [ -155.855696134987426, 19.130539176691833 ], [ -155.85634677491214, 19.130562738328408 ], [ -155.856890859778076, 19.132863304272838 ], [ -155.858211020376018, 19.133295792208717 ], [ -155.858479941683697, 19.133847288903475 ], [ -155.858979521371623, 19.134811051695415 ], [ -155.859272963128035, 19.137110503880297 ], [ -155.859923923650229, 19.138059664075477 ], [ -155.861246901540909, 19.138492977644649 ], [ -155.862624584737546, 19.139197493317877 ], [ -155.862952088223096, 19.140581179629528 ], [ -155.863764432126743, 19.14097322785274 ], [ -155.864391296494631, 19.141918527562126 ], [ -155.866237305384715, 19.143361452002289 ], [ -155.866561438312516, 19.144026807917552 ], [ -155.866529436713819, 19.144822283616882 ], [ -155.867100802947931, 19.145363065903371 ], [ -155.867639947473918, 19.14591572680553 ], [ -155.86879460737282, 19.146204374349907 ], [ -155.869410872544478, 19.146519539099579 ], [ -155.868987009650283, 19.148320686244155 ], [ -155.869874630997913, 19.149474583129393 ], [ -155.869418639554624, 19.150279757247514 ], [ -155.869842061112081, 19.151096751886342 ], [ -155.870105932981431, 19.1519189597409 ], [ -155.870386244446479, 19.152460062686185 ], [ -155.870624569247894, 19.15463586827774 ], [ -155.87120066140983, 19.154913850809162 ], [ -155.871168606785545, 19.155712766253316 ], [ -155.87144908646718, 19.156540281458643 ], [ -155.871815582623242, 19.158089122233935 ], [ -155.872641388657172, 19.157301352809874 ], [ -155.873065853045119, 19.161176841888402 ], [ -155.873335969639811, 19.162259383540064 ], [ -155.873632603745591, 19.163854107194101 ], [ -155.873459569911688, 19.168141757740678 ], [ -155.873783144081585, 19.168766372900581 ], [ -155.874045090007797, 19.169692479879437 ], [ -155.872865185922052, 19.171468845020943 ], [ -155.874641234681206, 19.173777703423614 ], [ -155.875635466252305, 19.176118983964209 ], [ -155.87611162234532, 19.175664554425339 ], [ -155.876462519070742, 19.178412191802806 ], [ -155.877247147612678, 19.181553593804953 ], [ -155.877236152229642, 19.181826594147971 ], [ -155.87723664347223, 19.182110368543395 ], [ -155.876651034207526, 19.182626404719667 ], [ -155.876364471942253, 19.183003403153336 ], [ -155.877965437094559, 19.185084738232888 ], [ -155.878478966290146, 19.187254126255041 ], [ -155.877902974796314, 19.188764170523914 ], [ -155.87624346891991, 19.1891188333767 ], [ -155.875356543879064, 19.189390389698254 ], [ -155.874246708990682, 19.189350044333825 ], [ -155.873130501182857, 19.189352425993849 ], [ -155.871695581227357, 19.188751683505949 ], [ -155.873420065092603, 19.187992754703377 ], [ -155.873994016448506, 19.187491343644076 ], [ -155.87113550170389, 19.188224576912511 ], [ -155.869700262939261, 19.18846558771012 ], [ -155.868822390762574, 19.188876371225124 ], [ -155.868862048909932, 19.187898551821682 ], [ -155.867837708885702, 19.187900884889245 ], [ -155.86656636894179, 19.188688133024868 ], [ -155.865964866812817, 19.188952885233377 ], [ -155.864984641599932, 19.18988790518306 ], [ -155.864203372763171, 19.190575881344131 ], [ -155.861474428151382, 19.190476012518186 ], [ -155.858494490994303, 19.191003058832131 ], [ -155.857397186903825, 19.19096282495352 ], [ -155.856257498159636, 19.191219635003538 ], [ -155.854822229300964, 19.191460522260218 ], [ -155.853672521069683, 19.192258483712724 ], [ -155.852511873243429, 19.193045670375568 ], [ -155.851953678789783, 19.193577950611473 ], [ -155.850987217835637, 19.19385779884924 ], [ -155.849367808246996, 19.19379849222765 ], [ -155.849077510600864, 19.194075144813358 ], [ -155.847912336296332, 19.194324055407062 ], [ -155.847352424478373, 19.194857876300055 ], [ -155.846364911088585, 19.195292305924436 ], [ -155.845928352867702, 19.194801634407657 ], [ -155.84667495626374, 19.193483751473682 ], [ -155.84621566447305, 19.193484838756543 ], [ -155.84565432973605, 19.194020216374486 ], [ -155.841184585861612, 19.183001472563721 ], [ -155.836844088903604, 19.174625472297368 ], [ -155.834526861995414, 19.171611727681324 ], [ -155.830781364784173, 19.168065547499015 ], [ -155.825154625983345, 19.164904333973016 ], [ -155.81977365882392, 19.163449228770876 ], [ -155.816514761708419, 19.163455918695899 ], [ -155.812437370384885, 19.164044133876622 ], [ -155.808704525746634, 19.165554820866554 ], [ -155.807218638021737, 19.164794335797747 ], [ -155.8062539721343, 19.161782953714226 ], [ -155.805387090928036, 19.160961566634398 ], [ -155.804976120139941, 19.160540288643208 ], [ -155.803835489009856, 19.15998968232751 ], [ -155.803254256252217, 19.159393281468649 ], [ -155.802738985480403, 19.158334983675978 ], [ -155.802094821755105, 19.157395026663231 ], [ -155.801060732220947, 19.156415481319204 ], [ -155.800649783442537, 19.155994196676193 ], [ -155.800221839829277, 19.15558848181783 ], [ -155.799931234272265, 19.155290409935315 ], [ -155.7999966534164, 19.153689011177644 ], [ -155.799124237112608, 19.153403008436285 ], [ -155.798140212437886, 19.152743774313837 ], [ -155.797473089184052, 19.150661003962888 ], [ -155.796623346642463, 19.150109884727691 ], [ -155.796248110722445, 19.149339356126195 ], [ -155.795220052793383, 19.14900222907783 ], [ -155.794617457312256, 19.148693945144256 ], [ -155.793487332598431, 19.147534192459229 ], [ -155.792904720166689, 19.146336927290069 ], [ -155.791585038543161, 19.145699834417979 ], [ -155.791311262232227, 19.145137603019474 ], [ -155.790461292036582, 19.144586457174963 ], [ -155.790473434256455, 19.144289699139012 ], [ -155.789302047775834, 19.143180244219021 ], [ -155.78763944922008, 19.143183431317034 ], [ -155.787095054268207, 19.141797217420429 ], [ -155.786525364656711, 19.141257571127795 ], [ -155.785821938208983, 19.141258748648387 ], [ -155.785418943311782, 19.14043086533351 ], [ -155.784088054355067, 19.140433482385042 ], [ -155.783677726506198, 19.139151949456217 ], [ -155.78288134784421, 19.138767254554054 ], [ -155.782607441365201, 19.138486379299131 ], [ -155.782322204955392, 19.138215882962395 ], [ -155.781992949205033, 19.137188046328351 ], [ -155.780552777430188, 19.136715640114684 ], [ -155.77953017044581, 19.135171887096142 ], [ -155.77774412681029, 19.135175210409358 ], [ -155.775739427249789, 19.133673183570963 ], [ -155.774763658522318, 19.132671808224025 ], [ -155.773887952762664, 19.132248666433572 ], [ -155.773049923066623, 19.13181983615307 ], [ -155.772167289461009, 19.131538834388174 ], [ -155.77104922613421, 19.132061555625459 ], [ -155.769374572287319, 19.131704741215017 ], [ -155.770776622196564, 19.130471182992434 ], [ -155.771087577078077, 19.129889855229578 ], [ -155.771383104487313, 19.129629550245941 ], [ -155.771678240071367, 19.128817086782725 ], [ -155.772004814018942, 19.127961542026306 ], [ -155.773199627950362, 19.126351192575246 ], [ -155.774321379089713, 19.125364158916316 ], [ -155.774320049618836, 19.124802463424061 ], [ -155.774804744267328, 19.120674584958291 ], [ -155.774547012755164, 19.120207555814279 ], [ -155.774098853124457, 19.121824416127129 ], [ -155.773803345175793, 19.122084728333245 ], [ -155.773508236792878, 19.122897198994895 ], [ -155.77320746584175, 19.123428204598675 ], [ -155.772896568406281, 19.125052757430304 ], [ -155.772595790627321, 19.125583761067244 ], [ -155.772160998941786, 19.126396419112549 ], [ -155.771709823530699, 19.127192921307589 ], [ -155.771155199607733, 19.128229831263493 ], [ -155.769973206680191, 19.12982293517662 ], [ -155.769658488648446, 19.130411598713561 ], [ -155.769351070189174, 19.130682268879674 ], [ -155.768511436481873, 19.130651373462111 ], [ -155.767938832637697, 19.130652408719914 ], [ -155.767659817720755, 19.130078691751251 ], [ -155.76769179312825, 19.129293869511407 ], [ -155.767252247667386, 19.12887731422666 ], [ -155.768145330644359, 19.128091507612591 ], [ -155.7691933506743, 19.12709237224233 ], [ -155.769737304746485, 19.12607511468444 ], [ -155.770305159825625, 19.125073083214666 ], [ -155.769092155274791, 19.124715131683576 ], [ -155.768603581845525, 19.126060472967509 ], [ -155.767722656700812, 19.127122836593923 ], [ -155.767432777914507, 19.127664598309522 ], [ -155.767205111415223, 19.12792609041233 ], [ -155.766884376472262, 19.126566254763517 ], [ -155.766314290649376, 19.126567331054517 ], [ -155.766035468039888, 19.126269955215736 ], [ -155.767184876409203, 19.12576473688679 ], [ -155.76748514987068, 19.125203325037152 ], [ -155.768060336494955, 19.124696990366026 ], [ -155.768350206625684, 19.12415522645032 ], [ -155.769317481901481, 19.123729823510256 ], [ -155.770228082017354, 19.12202696724739 ], [ -155.771720506876051, 19.121133989846733 ], [ -155.772416220872202, 19.120164868133337 ], [ -155.773038882582483, 19.119890996898835 ], [ -155.773861185719937, 19.119107082938541 ], [ -155.77476219160738, 19.118567830646018 ], [ -155.775549904458472, 19.117816619895589 ], [ -155.77591773064583, 19.115893707351024 ], [ -155.776451752552873, 19.114494920288742 ], [ -155.777399598546651, 19.113217092899788 ], [ -155.777978955176877, 19.112133249626623 ], [ -155.780020191500284, 19.109671874833751 ], [ -155.781475601366338, 19.108685064139941 ], [ -155.781765394635954, 19.108143267732451 ], [ -155.782140128704782, 19.107481577432804 ], [ -155.784368673805488, 19.107108548973308 ], [ -155.785198232008639, 19.106317290700375 ], [ -155.785820540738996, 19.106043624567754 ], [ -155.786911670041519, 19.105003061116701 ], [ -155.787994944685693, 19.104526675607225 ], [ -155.788409236449667, 19.103385163860448 ], [ -155.788989449077064, 19.103129789907371 ], [ -155.789874073700162, 19.102581961414622 ], [ -155.790439155026689, 19.101525051311363 ], [ -155.791255725756201, 19.100423602210906 ], [ -155.791697049823568, 19.097446509362921 ], [ -155.791692374725102, 19.09532399326466 ], [ -155.792568746095782, 19.094552280526912 ], [ -155.79316899030664, 19.09342906379246 ], [ -155.79374398570576, 19.09292261962803 ], [ -155.794268897863276, 19.091940356807044 ], [ -155.795317185089942, 19.088639288425767 ], [ -155.796126216537772, 19.087548250868597 ], [ -155.796415917685636, 19.087006417940593 ], [ -155.796711324685589, 19.086746054212739 ], [ -155.797015327319144, 19.085648867301909 ], [ -155.797596789466326, 19.085136700470642 ], [ -155.79802351320933, 19.084729998990444 ], [ -155.799042969887665, 19.083831946411021 ], [ -155.799398435546891, 19.081431395954599 ], [ -155.800806914421258, 19.081130600771196 ], [ -155.801096586928509, 19.080588756294567 ], [ -155.801692570622691, 19.079536294461185 ], [ -155.801691356150883, 19.078976967420154 ], [ -155.801718816084446, 19.078300459265762 ], [ -155.801717387498115, 19.077636407316788 ], [ -155.802041032377247, 19.07678786210732 ], [ -155.802608866426169, 19.076287601047177 ], [ -155.803046210474719, 19.075615562080689 ] ], [ [ -155.811563780448665, 19.136421391319129 ], [ -155.810415558322916, 19.137734276012761 ], [ -155.809378195017644, 19.138128534475438 ], [ -155.808824050235273, 19.138961438165076 ], [ -155.807592601438074, 19.140302736388001 ], [ -155.807676343332531, 19.141055222126212 ], [ -155.806958447096207, 19.14216902299162 ], [ -155.808610624629466, 19.142447907606179 ], [ -155.809601564023382, 19.141315041951692 ], [ -155.810043247045684, 19.139139168766828 ], [ -155.81170355342465, 19.137386672971722 ], [ -155.812256353103919, 19.136622755603646 ], [ -155.811563780448665, 19.136421391319129 ] ], [ [ -155.843854168984677, 19.146457053154805 ], [ -155.843717088492127, 19.146597766818292 ], [ -155.842923345588076, 19.147247637358621 ], [ -155.842091681449375, 19.148441891290329 ], [ -155.840817006362926, 19.149255902100261 ], [ -155.839936280542133, 19.149767008332685 ], [ -155.839301989472119, 19.150677974714547 ], [ -155.83678061373098, 19.15172568223883 ], [ -155.838150634425631, 19.15262621016743 ], [ -155.839508615752777, 19.151954875434786 ], [ -155.843555236676963, 19.151723812323379 ], [ -155.844768930812791, 19.151219469337271 ], [ -155.845327958377283, 19.150942936308279 ], [ -155.846189627427606, 19.150584859286617 ], [ -155.84523550557887, 19.149747070388322 ], [ -155.843476972718037, 19.150616518821192 ], [ -155.8419336273939, 19.150677247155045 ], [ -155.841905333975319, 19.150029641541167 ], [ -155.843149307391201, 19.149235193910993 ], [ -155.844762123018882, 19.149354418724364 ], [ -155.845151313091435, 19.148702085581036 ], [ -155.844298075291277, 19.146848141553495 ], [ -155.843854168984677, 19.146457053154805 ] ] ] } },
{ "type": "Feature", "properties": { "ID": 490, "GRIDCODE": 1 }, "geometry": { "type": "Polygon", "coordinates": [ [ [ -155.796265065485045, 19.07278981303444 ], [ -155.797026742937646, 19.072926554182036 ], [ -155.799863684639632, 19.074070668362147 ], [ -155.799769027961446, 19.074610875760072 ], [ -155.799807770171213, 19.074896093763847 ], [ -155.799277670036219, 19.075270860272838 ], [ -155.798762244177823, 19.077399426121517 ], [ -155.798182168302702, 19.078680106683926 ], [ -155.797685415979402, 19.079431489059584 ], [ -155.797205602731367, 19.081412839414714 ], [ -155.796199276520497, 19.082655155359497 ], [ -155.795910821302215, 19.083291682351597 ], [ -155.794645488851046, 19.082773295410671 ], [ -155.795075998664544, 19.081823230550704 ], [ -155.795971422789165, 19.081602926751383 ], [ -155.796230538837392, 19.08103094249816 ], [ -155.797105790976872, 19.079950566542461 ], [ -155.796867947563896, 19.079417272882434 ], [ -155.795955319461541, 19.079043601990769 ], [ -155.796064972498982, 19.078418772332515 ], [ -155.795364595172913, 19.076122037986799 ], [ -155.796020634956534, 19.074030574789656 ], [ -155.796592466258346, 19.073626396915749 ], [ -155.796265065485045, 19.07278981303444 ] ] ] } },
{ "type": "Feature", "properties": { "ID": 491, "GRIDCODE": 1 }, "geometry": { "type": "Polygon", "coordinates": [ [ [ -155.795136636676517, 19.072228599699674 ], [ -155.795481842607444, 19.072327425369956 ], [ -155.795227879263933, 19.072560215684632 ], [ -155.795136636676517, 19.072228599699674 ] ] ] } },
{ "type": "Feature", "properties": { "ID": 492, "GRIDCODE": 1 }, "geometry": { "type": "Polygon", "coordinates": [ [ [ -155.695042099604962, 19.064503139986758 ], [ -155.695718712867091, 19.06496559050527 ], [ -155.695470582035369, 19.065754152990937 ], [ -155.694869015233564, 19.066597193182886 ], [ -155.694573600803068, 19.067904236524452 ], [ -155.694232275875066, 19.068119172212374 ], [ -155.693928915451124, 19.069461768158718 ], [ -155.693066059443936, 19.070072969224668 ], [ -155.692834294199656, 19.069447939304958 ], [ -155.692172385725797, 19.068440761576564 ], [ -155.692580879101087, 19.067868475873357 ], [ -155.692861429721461, 19.066904658991398 ], [ -155.69466577413408, 19.065795776269077 ], [ -155.695042099604962, 19.064503139986758 ] ] ] } },
{ "type": "Feature", "properties": { "ID": 493, "GRIDCODE": 1 }, "geometry": { "type": "Polygon", "coordinates": [ [ [ -155.743453038902601, 19.064552686038368 ], [ -155.74364726981787, 19.064717688475994 ], [ -155.743565463950347, 19.065502409817434 ], [ -155.743591722913862, 19.065909046878147 ], [ -155.743535546199922, 19.066449618094602 ], [ -155.743562468378144, 19.06686499323483 ], [ -155.742977196381503, 19.067326666027068 ], [ -155.742680248260825, 19.068204630789879 ], [ -155.742033248073938, 19.069788528863757 ], [ -155.742100729439869, 19.070831596690368 ], [ -155.741741902233116, 19.071417320960908 ], [ -155.741422463609553, 19.07206508982372 ], [ -155.74025888056201, 19.071635423373735 ], [ -155.73923183657152, 19.072726814602216 ], [ -155.738935404577859, 19.071716187358994 ], [ -155.740045228555459, 19.069904884008633 ], [ -155.740366110559307, 19.068955951875754 ], [ -155.740682129940751, 19.068440076993685 ], [ -155.74117909106991, 19.067432114858033 ], [ -155.742147927385162, 19.066299747514655 ], [ -155.742444873122878, 19.065421783371995 ], [ -155.743183800512469, 19.064838806979751 ], [ -155.743453038902601, 19.064552686038368 ] ] ] } },
{ "type": "Feature", "properties": { "ID": 494, "GRIDCODE": 1 }, "geometry": { "type": "Polygon", "coordinates": [ [ [ -155.697357014329327, 19.062649238361207 ], [ -155.697750388363346, 19.06290828555839 ], [ -155.697508663805394, 19.063626894523026 ], [ -155.697162441845734, 19.063836989973069 ], [ -155.696773077284462, 19.064371555035603 ], [ -155.696387211996694, 19.063327031321208 ], [ -155.697240092089601, 19.062809764909627 ], [ -155.697357014329327, 19.062649238361207 ] ] ] } },
{ "type": "Feature", "properties": { "ID": 495, "GRIDCODE": 1 }, "geometry": { "type": "Polygon", "coordinates": [ [ [ -155.691964485143842, 19.061740207470411 ], [ -155.69322307494906, 19.061966930405731 ], [ -155.692414445755986, 19.063490843578386 ], [ -155.692043204793464, 19.063238000507827 ], [ -155.692613723457953, 19.062375902721246 ], [ -155.691837356284651, 19.062470646611708 ], [ -155.691792010506674, 19.062135335275062 ], [ -155.691964485143842, 19.061740207470411 ] ] ] } },
{ "type": "Feature", "properties": { "ID": 496, "GRIDCODE": 1 }, "geometry": { "type": "Polygon", "coordinates": [ [ [ -155.742356646474832, 19.062367053289375 ], [ -155.742126163672197, 19.063032264914657 ], [ -155.741379151643315, 19.062635362507478 ], [ -155.742356646474832, 19.062367053289375 ] ] ] } },
{ "type": "Feature", "properties": { "ID": 497, "GRIDCODE": 1 }, "geometry": { "type": "Polygon", "coordinates": [ [ [ -155.744924049701609, 19.062141634378779 ], [ -155.74589415369897, 19.062308436470339 ], [ -155.745517023830615, 19.063889979893375 ], [ -155.743922267568934, 19.063596051798633 ], [ -155.74422031532194, 19.062945516963051 ], [ -155.744796696681874, 19.06256777116355 ], [ -155.744924049701609, 19.062141634378779 ] ] ] } },
{ "type": "Feature", "properties": { "ID": 498, "GRIDCODE": 1 }, "geometry": { "type": "Polygon", "coordinates": [ [ [ -155.682613744548519, 19.059405977028003 ], [ -155.683229843819873, 19.059594492701834 ], [ -155.683580427505888, 19.060381113740071 ], [ -155.684955463416657, 19.062832464040987 ], [ -155.684233852030246, 19.064940684404927 ], [ -155.683200083982371, 19.06500114222408 ], [ -155.683285281964459, 19.064185873311903 ], [ -155.682282586728377, 19.061429196950044 ], [ -155.682479085424546, 19.059548985889737 ], [ -155.682613744548519, 19.059405977028003 ] ] ] } },
{ "type": "Feature", "properties": { "ID": 499, "GRIDCODE": 1 }, "geometry": { "type": "Polygon", "coordinates": [ [ [ -155.741200737946997, 19.077781158621598 ], [ -155.741930881125086, 19.076570271444748 ], [ -155.742381979020649, 19.076187679912675 ], [ -155.742800877608147, 19.075773314222303 ], [ -155.743299481641031, 19.075350572474576 ], [ -155.744537296744937, 19.073706509976127 ], [ -155.745328457571077, 19.071875786447272 ], [ -155.747143159576694, 19.071364686408732 ], [ -155.747668542126775, 19.069426917750807 ], [ -155.748630065282782, 19.06861091353489 ], [ -155.748932888226676, 19.068028943398286 ], [ -155.749239058291749, 19.067503356528402 ], [ -155.749597448477601, 19.065313267108134 ], [ -155.750362564933425, 19.063842740966106 ], [ -155.751273403114709, 19.062942260731248 ], [ -155.752153992208321, 19.062565885372592 ], [ -155.752214433177954, 19.061576632371665 ], [ -155.751407321100942, 19.061964616953237 ], [ -155.750982108816203, 19.061165396590614 ], [ -155.751369118124529, 19.060500547771927 ], [ -155.751862316023363, 19.059552505509775 ], [ -155.753313973849345, 19.059097068838231 ], [ -155.75928624717389, 19.061553557522544 ], [ -155.778193225992709, 19.066710321246354 ], [ -155.792125115818351, 19.071127129815828 ], [ -155.792434045902638, 19.071780664650213 ], [ -155.792757497949509, 19.072387909648505 ], [ -155.79240867036583, 19.073675768103183 ], [ -155.792102317241984, 19.074202233167757 ], [ -155.792114600237795, 19.074748526811003 ], [ -155.792081648729294, 19.075289537091258 ], [ -155.792096692898554, 19.075966779236413 ], [ -155.792055212232924, 19.07664726801697 ], [ -155.792336124816245, 19.077456074372954 ], [ -155.79228647497871, 19.078271816953837 ], [ -155.792327240819759, 19.080096935397933 ], [ -155.791709591417771, 19.081159294765929 ], [ -155.791657953140259, 19.082005677408073 ], [ -155.791940705055225, 19.082603754189851 ], [ -155.792226587151248, 19.083140534003913 ], [ -155.792201435092494, 19.083550779287091 ], [ -155.792232400546226, 19.084931458382151 ], [ -155.791619734990263, 19.086109199559498 ], [ -155.790872858163965, 19.086428325448402 ], [ -155.790102419328377, 19.088603174624925 ], [ -155.789527308694375, 19.089591688465426 ], [ -155.788402339614635, 19.092766552211067 ], [ -155.786766536034264, 19.093914512689523 ], [ -155.785366633188545, 19.093837177887917 ], [ -155.784414295709695, 19.095184540646908 ], [ -155.78400745621056, 19.095192769332566 ], [ -155.783653100948698, 19.094443226657628 ], [ -155.780097160610296, 19.096347706830702 ], [ -155.779404270988351, 19.097538530215122 ], [ -155.779119953868303, 19.098085709402916 ], [ -155.778813798110917, 19.098611350207335 ], [ -155.778434429583001, 19.099340651042954 ], [ -155.777653810987971, 19.099674194216586 ], [ -155.777150687180665, 19.100171788431009 ], [ -155.77546979292606, 19.101299269447896 ], [ -155.775005401066238, 19.103011849682602 ], [ -155.774338601293039, 19.104718233772285 ], [ -155.773800101365509, 19.108011658657482 ], [ -155.773499161949388, 19.108266589661916 ], [ -155.773214802725079, 19.108813753626428 ], [ -155.772913860910222, 19.10906868330774 ], [ -155.772624241119303, 19.109886540872274 ], [ -155.772317745208369, 19.110412952246794 ], [ -155.772323982668496, 19.11069336878073 ], [ -155.771275583261541, 19.110988856549959 ], [ -155.770456323748107, 19.112562699340263 ], [ -155.769723790933824, 19.112522331230181 ], [ -155.768967309009952, 19.113270099197099 ], [ -155.768279014028025, 19.113601246752669 ], [ -155.767264070295738, 19.114034804710418 ], [ -155.765865454660059, 19.117613988031383 ], [ -155.765925015759393, 19.120298828650586 ], [ -155.76524678034184, 19.1230254250546 ], [ -155.76449996499889, 19.123658833318007 ], [ -155.764054504165586, 19.125160142591739 ], [ -155.763566910032381, 19.129207514612524 ], [ -155.763060630718371, 19.129217636530289 ], [ -155.762014011392779, 19.128102836292097 ], [ -155.760992657941074, 19.127775708923171 ], [ -155.759333971140109, 19.125692578945433 ], [ -155.757103620845299, 19.12524679757021 ], [ -155.756158718015115, 19.124240599145697 ], [ -155.755200835496368, 19.123628707884652 ], [ -155.754195998754824, 19.122558507937018 ], [ -155.752715599890621, 19.122262899538107 ], [ -155.752238132805815, 19.121754150363433 ], [ -155.751602849327156, 19.121420048133363 ], [ -155.751170626958753, 19.121428804484037 ], [ -155.750316910711973, 19.12138145254773 ], [ -155.749599977934679, 19.121395749048247 ], [ -155.748614165229355, 19.121047505667544 ], [ -155.747160535434773, 19.121503060410156 ], [ -155.746482181988256, 19.120527982329158 ], [ -155.745925271768755, 19.119673519329943 ], [ -155.744388756062477, 19.118950586690438 ], [ -155.745593630491726, 19.117928459865166 ], [ -155.746556618679421, 19.116727780089938 ], [ -155.74742566890697, 19.115990573426767 ], [ -155.746864686372874, 19.1152875637272 ], [ -155.745509903245051, 19.116976598491515 ], [ -155.744864237324265, 19.11698949603753 ], [ -155.745433436157612, 19.115895556953554 ], [ -155.746020420928915, 19.114887342335873 ], [ -155.746056830967063, 19.114292478791391 ], [ -155.745260141493333, 19.114943167912688 ], [ -155.74460001878208, 19.116077542082255 ], [ -155.744096494554924, 19.117496573298574 ], [ -155.743667596264828, 19.117208676482065 ], [ -155.7440785754263, 19.115018503003785 ], [ -155.744616251123261, 19.113985621230579 ], [ -155.744917239021021, 19.113730745773129 ], [ -155.74533476841961, 19.112553732159263 ], [ -155.747357151544861, 19.111362270510693 ], [ -155.747855124479514, 19.109683978591608 ], [ -155.747836115279824, 19.108821582408389 ], [ -155.749036386123009, 19.107034060990856 ], [ -155.749632037698774, 19.105138533039195 ], [ -155.749938586951828, 19.10461216844319 ], [ -155.749926641962332, 19.104070656655708 ], [ -155.750539608972645, 19.103550761616329 ], [ -155.751688790586655, 19.101925468357191 ], [ -155.752297219107788, 19.101665691156622 ], [ -155.752279336599514, 19.100858050325822 ], [ -155.752320258920975, 19.100187103484448 ], [ -155.751338755578871, 19.100606360645447 ], [ -155.749679671243513, 19.102702331791257 ], [ -155.749110557755841, 19.103796296176753 ], [ -155.748274685324589, 19.104505283760769 ], [ -155.747923513856307, 19.105108335697402 ], [ -155.74756733448109, 19.106422100950478 ], [ -155.746684829833583, 19.107593809216777 ], [ -155.746157020790037, 19.108607837141001 ], [ -155.745850744730234, 19.109133404257975 ], [ -155.74556629934051, 19.109680511706475 ], [ -155.745260019033793, 19.110206077217292 ], [ -155.74470616599217, 19.111767546726661 ], [ -155.744210435421479, 19.11261950591042 ], [ -155.743783474355638, 19.113439890937979 ], [ -155.742763711806532, 19.114656209916397 ], [ -155.742187191195427, 19.117725862250758 ], [ -155.741425195600129, 19.117740916758901 ], [ -155.740576902423697, 19.117163428283881 ], [ -155.739431522940237, 19.11688265149677 ], [ -155.739497820990607, 19.115800971145799 ], [ -155.738856643535655, 19.116605906248051 ], [ -155.738874095830965, 19.117403218633282 ], [ -155.738328341287342, 19.117414162976925 ], [ -155.738040148608746, 19.112936158141554 ], [ -155.73696370153823, 19.11345333038501 ], [ -155.736943513561329, 19.112540677388946 ], [ -155.737276698556059, 19.111156463261217 ], [ -155.737267496960328, 19.110746692719939 ], [ -155.73734230212213, 19.109529510767423 ], [ -155.737318509354282, 19.108445969400751 ], [ -155.73735166185827, 19.107904997825056 ], [ -155.737336581937228, 19.107227780695627 ], [ -155.737361860703487, 19.106818621666203 ], [ -155.737068062519114, 19.105347126706366 ], [ -155.73740362626765, 19.104109712400259 ], [ -155.737742741043149, 19.103527361752963 ], [ -155.737705636274626, 19.101845963672538 ], [ -155.738337531851784, 19.100064570910376 ], [ -155.739438105041359, 19.098425547619929 ], [ -155.739911651867686, 19.094162797108996 ], [ -155.739315314351643, 19.093849190982233 ], [ -155.739018785660278, 19.09494239613257 ], [ -155.73842704251885, 19.09544411816292 ], [ -155.738448653662147, 19.096427137571297 ], [ -155.737738457938605, 19.098429269286257 ], [ -155.736812388764406, 19.09810663428145 ], [ -155.737278832151134, 19.096534650293439 ], [ -155.737272814701413, 19.096260061471821 ], [ -155.737297742039033, 19.09585433333212 ], [ -155.737281171178324, 19.095110980920037 ], [ -155.737626676413328, 19.092740904282834 ], [ -155.738803044328051, 19.091418427308504 ], [ -155.739087469135995, 19.090871328095062 ], [ -155.739683752405114, 19.090080126264443 ], [ -155.740279413276539, 19.088184632527572 ], [ -155.740591257155558, 19.087387331083846 ], [ -155.740575317478203, 19.086667522541788 ], [ -155.74094402609461, 19.084855268742366 ], [ -155.740922451025739, 19.083883353957511 ], [ -155.741520547531366, 19.082855504281056 ], [ -155.741573750104465, 19.081984868625195 ], [ -155.741529881369473, 19.079991840293946 ], [ -155.741958986344002, 19.078545040242325 ], [ -155.741491189997987, 19.078046766115648 ], [ -155.741200737946997, 19.077781158621598 ] ] ] } },
{ "type": "Feature", "properties": { "ID": 500, "GRIDCODE": 1 }, "geometry": { "type": "Polygon", "coordinates": [ [ [ -155.694327704380584, 19.057450265841663 ], [ -155.694730393079084, 19.057757609837871 ], [ -155.694338700253468, 19.058354004608539 ], [ -155.69363064230032, 19.058440728899107 ], [ -155.694327704380584, 19.057450265841663 ] ] ] } },
{ "type": "Feature", "properties": { "ID": 501, "GRIDCODE": 1 }, "geometry": { "type": "Polygon", "coordinates": [ [ [ -155.742356646474832, 19.062367053289375 ], [ -155.742602458723297, 19.061486597158339 ], [ -155.742190330915008, 19.060859740739637 ], [ -155.743161272669823, 19.059574290601073 ], [ -155.744758323538406, 19.058566971512974 ], [ -155.744032991191744, 19.058071565449126 ], [ -155.745046131157693, 19.058212156549775 ], [ -155.745168261398845, 19.058779412882124 ], [ -155.744385790736459, 19.059272782429229 ], [ -155.743982409731615, 19.060660555856202 ], [ -155.743345892920843, 19.061411942452946 ], [ -155.743010005067987, 19.062219939573019 ], [ -155.742356646474832, 19.062367053289375 ] ] ] } },
{ "type": "Feature", "properties": { "ID": 502, "GRIDCODE": 1 }, "geometry": { "type": "Polygon", "coordinates": [ [ [ -155.750132755036901, 19.057901019820573 ], [ -155.750477892128089, 19.057999921762999 ], [ -155.750223901044365, 19.058232644199069 ], [ -155.750132755036901, 19.057901019820573 ] ] ] } },
{ "type": "Feature", "properties": { "ID": 503, "GRIDCODE": 1 }, "geometry": { "type": "Polygon", "coordinates": [ [ [ -155.671281602695842, 19.056494001244268 ], [ -155.671931290227064, 19.05665618737978 ], [ -155.673085439117074, 19.057290742150343 ], [ -155.672634421677685, 19.05770726117894 ], [ -155.671392757723282, 19.057305399746358 ], [ -155.671281602695842, 19.056494001244268 ] ] ] } },
{ "type": "Feature", "properties": { "ID": 504, "GRIDCODE": 1 }, "geometry": { "type": "Polygon", "coordinates": [ [ [ -155.67785012473928, 19.055529424914027 ], [ -155.678802583164867, 19.055708677767278 ], [ -155.678848510786736, 19.056236762984579 ], [ -155.67847872391178, 19.058912926465638 ], [ -155.677927885288113, 19.058115550752817 ], [ -155.67785012473928, 19.055529424914027 ] ] ] } },
{ "type": "Feature", "properties": { "ID": 505, "GRIDCODE": 1 }, "geometry": { "type": "Polygon", "coordinates": [ [ [ -155.696975438700292, 19.053165373690828 ], [ -155.697371068674499, 19.053435829565764 ], [ -155.697106942191482, 19.054191322862511 ], [ -155.696374182742886, 19.055160535798827 ], [ -155.696166812706423, 19.054890013883274 ], [ -155.6965040522945, 19.054079774506729 ], [ -155.696850706447151, 19.05359415341519 ], [ -155.696975438700292, 19.053165373690828 ] ] ] } },
{ "type": "Feature", "properties": { "ID": 506, "GRIDCODE": 1 }, "geometry": { "type": "Polygon", "coordinates": [ [ [ -155.733724721923636, 19.110413024920398 ], [ -155.73218525170347, 19.110215646439322 ], [ -155.731736731696202, 19.110658797552897 ], [ -155.731044470195855, 19.111245961082762 ], [ -155.730899160933689, 19.113612159995586 ], [ -155.73097367663712, 19.116992925392172 ], [ -155.729760054037257, 19.115615600799615 ], [ -155.729806690407997, 19.114857511215554 ], [ -155.729031671921405, 19.113217735589654 ], [ -155.72842939446582, 19.112667051905142 ], [ -155.728416308673786, 19.112074228105072 ], [ -155.729003664331998, 19.111065292815486 ], [ -155.729040513912423, 19.110465159524257 ], [ -155.729028645272564, 19.109923392370607 ], [ -155.72907817255583, 19.109117227731481 ], [ -155.728469894006764, 19.109366609159803 ], [ -155.728111568888039, 19.11127551190642 ], [ -155.727304332236258, 19.111230738214676 ], [ -155.726789980468169, 19.111738811304043 ], [ -155.726188875620352, 19.109378376468758 ], [ -155.726302782288087, 19.107521717650215 ], [ -155.725416594949678, 19.106246986505404 ], [ -155.725387532502907, 19.104926429578281 ], [ -155.726045722733403, 19.102283256405784 ], [ -155.726384869135074, 19.101700932003361 ], [ -155.726357156594531, 19.100438308360314 ], [ -155.726727353712306, 19.098900086716938 ], [ -155.726419574355589, 19.097691712916578 ], [ -155.727329851554401, 19.094928200156627 ], [ -155.727070907065695, 19.094178162505401 ], [ -155.726724712578715, 19.093861827252205 ], [ -155.726218390767258, 19.089541266621975 ], [ -155.726382851764697, 19.086865500016188 ], [ -155.726059374347273, 19.087119948200552 ], [ -155.725779683632226, 19.087396593413054 ], [ -155.72548489743383, 19.087380244036652 ], [ -155.72490439300384, 19.088201024817071 ], [ -155.724324198539392, 19.087310410325482 ], [ -155.723754533635713, 19.086789392277691 ], [ -155.723819308125627, 19.085731498696973 ], [ -155.723808099255137, 19.085213014365625 ], [ -155.724152243383173, 19.084332500429106 ], [ -155.724125115656193, 19.083096595408367 ], [ -155.724441650813503, 19.082487952993805 ], [ -155.725584589349722, 19.080970612323327 ], [ -155.725647927457032, 19.079942306613269 ], [ -155.725633149303917, 19.079279642817472 ], [ -155.725950646306728, 19.078734476640935 ], [ -155.726320346198975, 19.076764950524382 ], [ -155.727354415262255, 19.075887432190104 ], [ -155.727844315967673, 19.075045987025593 ], [ -155.726894641755194, 19.074177378554804 ], [ -155.727749867888974, 19.073610822769393 ], [ -155.729027267066982, 19.073681637084597 ], [ -155.730644777064384, 19.072309123708063 ], [ -155.730627169730013, 19.071505993423902 ], [ -155.730939405553215, 19.071241284055294 ], [ -155.731218496123404, 19.07096487973482 ], [ -155.731519412169774, 19.070710016715079 ], [ -155.732010360453302, 19.070224236389588 ], [ -155.733544097963517, 19.069121247766528 ], [ -155.733823180714467, 19.068844838265871 ], [ -155.734949226954626, 19.068363959337773 ], [ -155.735405968361647, 19.067579280102294 ], [ -155.733896627501963, 19.068304580498246 ], [ -155.734129097310074, 19.067767141361813 ], [ -155.735006284044289, 19.06660225513879 ], [ -155.734628758774193, 19.06635360846499 ], [ -155.733865640646087, 19.066679351778451 ], [ -155.733391389691207, 19.06759090864491 ], [ -155.731969737097302, 19.0681982228956 ], [ -155.731260994968636, 19.068799399394056 ], [ -155.730842213624669, 19.069604306838659 ], [ -155.729919213908431, 19.069049012837866 ], [ -155.730718472691223, 19.067988013178095 ], [ -155.731002869274022, 19.067440923308027 ], [ -155.731783387118043, 19.067107568749936 ], [ -155.732257917216288, 19.066196286368235 ], [ -155.733302619374967, 19.065749936109395 ], [ -155.734503982035932, 19.063170524432156 ], [ -155.735100163630904, 19.062379323960421 ], [ -155.735395140533711, 19.06129085064266 ], [ -155.735701333782202, 19.060765290494984 ], [ -155.736004179680748, 19.060183345824452 ], [ -155.736867278402656, 19.059450808114565 ], [ -155.736860611908554, 19.05915214378944 ], [ -155.737198864463579, 19.05801127982647 ], [ -155.737177525665686, 19.057041485669856 ], [ -155.737483251663633, 19.056453770252414 ], [ -155.738079391348805, 19.055662553957376 ], [ -155.738363737846385, 19.0551154453597 ], [ -155.73866990795446, 19.054589876892983 ], [ -155.739217186656333, 19.053537851368255 ], [ -155.740068347880651, 19.053128749281676 ], [ -155.744807354994492, 19.055358642339034 ], [ -155.744045829646353, 19.056004961845161 ], [ -155.743735721039116, 19.057658025601228 ], [ -155.743434847334441, 19.057912915199278 ], [ -155.742565292854778, 19.059262038165532 ], [ -155.741710989085419, 19.059986828523236 ], [ -155.741673792960398, 19.060594900960428 ], [ -155.741679810582923, 19.060870284444579 ], [ -155.740776925130206, 19.062215632258891 ], [ -155.74079463458159, 19.063016390296443 ], [ -155.740197564314855, 19.063271322802731 ], [ -155.73973631655295, 19.06457238013655 ], [ -155.739027057316491, 19.064875301107616 ], [ -155.738742690870538, 19.065422408091333 ], [ -155.738157111283186, 19.065672247043771 ], [ -155.737582755070605, 19.066484998787317 ], [ -155.73695943499456, 19.067312482459624 ], [ -155.736396287202069, 19.068901012324634 ], [ -155.736090076749917, 19.069426571340923 ], [ -155.73573424919752, 19.07103622247617 ], [ -155.735216907790942, 19.070485230394542 ], [ -155.734914191070374, 19.071853598448858 ], [ -155.734185204258381, 19.071813175436372 ], [ -155.733421250660228, 19.0737680721356 ], [ -155.733488270002397, 19.076802310230207 ], [ -155.732998100351864, 19.077644297533798 ], [ -155.732088328635086, 19.082490548882415 ], [ -155.731262778139467, 19.083909120442691 ], [ -155.731188290791152, 19.085124188056035 ], [ -155.731544982761818, 19.086675865109921 ], [ -155.73180389886241, 19.086394345513128 ], [ -155.732371002371508, 19.084795073753892 ], [ -155.732677259879495, 19.084269527622737 ], [ -155.732961687197445, 19.083722438715125 ], [ -155.733557965123651, 19.08293125677163 ], [ -155.734191235905712, 19.081714461742948 ], [ -155.734116370876791, 19.082935873373675 ], [ -155.734143169786023, 19.08414983287734 ], [ -155.733035513960374, 19.08462308532188 ], [ -155.732634742303873, 19.086435007413698 ], [ -155.731387004215463, 19.088091476770746 ], [ -155.730662281303893, 19.090534126629173 ], [ -155.731358376459468, 19.091275794078051 ], [ -155.73193052028617, 19.090384238300476 ], [ -155.732563003178342, 19.088601025762138 ], [ -155.733150120529615, 19.088589233714611 ], [ -155.733156634906891, 19.088880754425102 ], [ -155.732590635134102, 19.0893609672809 ], [ -155.732538746089574, 19.090204380135031 ], [ -155.732909993125503, 19.090902461781166 ], [ -155.732522825586869, 19.091567248446758 ], [ -155.732095588800263, 19.092388395415469 ], [ -155.731379295313161, 19.092348703834691 ], [ -155.731631210408835, 19.093457447790843 ], [ -155.732758125475641, 19.094825006275666 ], [ -155.732165100623888, 19.095844177510092 ], [ -155.732485458918291, 19.098948487683447 ], [ -155.732996940322096, 19.100423849384889 ], [ -155.732594507608098, 19.102401798404582 ], [ -155.732615589399671, 19.103353072299274 ], [ -155.732499434896255, 19.105243288222812 ], [ -155.732810893255731, 19.106465210168974 ], [ -155.733047069506625, 19.108375434992784 ], [ -155.733466973526362, 19.109585797144661 ], [ -155.733724721923636, 19.110413024920398 ] ], [ [ -155.728269311007352, 19.098131042918254 ], [ -155.727844158773081, 19.099084427495541 ], [ -155.728056493632636, 19.101751030245634 ], [ -155.728845864889365, 19.102234962618109 ], [ -155.728987998405131, 19.101528548109318 ], [ -155.728728009231162, 19.099911949268311 ], [ -155.729506050506217, 19.098765453417254 ], [ -155.728592741295103, 19.098898092624911 ], [ -155.728721912782902, 19.098256497695971 ], [ -155.728269311007352, 19.098131042918254 ] ] ] } },
{ "type": "Feature", "properties": { "ID": 507, "GRIDCODE": 1 }, "geometry": { "type": "Polygon", "coordinates": [ [ [ -155.734571285727924, 19.052751966315004 ], [ -155.73524799054718, 19.053214281231355 ], [ -155.734609835713542, 19.053878873162159 ], [ -155.733000481256624, 19.054322111703879 ], [ -155.733481116318302, 19.053522254411057 ], [ -155.734451948722949, 19.052910099676883 ], [ -155.734571285727924, 19.052751966315004 ] ] ] } },
{ "type": "Feature", "properties": { "ID": 508, "GRIDCODE": 1 }, "geometry": { "type": "Polygon", "coordinates": [ [ [ -155.736305744241008, 19.051428773050723 ], [ -155.736987985728234, 19.051608234657543 ], [ -155.736745131874272, 19.052138358711687 ], [ -155.736337713442225, 19.052395317467433 ], [ -155.7365625484112, 19.053439317373432 ], [ -155.735806911942319, 19.053201700535357 ], [ -155.735916196208649, 19.052775780764907 ], [ -155.735781842978326, 19.052152775158465 ], [ -155.736305744241008, 19.051428773050723 ] ] ] } },
{ "type": "Feature", "properties": { "ID": 509, "GRIDCODE": 1 }, "geometry": { "type": "Polygon", "coordinates": [ [ [ -155.669139620040198, 19.049686153516426 ], [ -155.669829279192101, 19.050212378954292 ], [ -155.671497979437561, 19.052439845075646 ], [ -155.671972267709947, 19.054798842928751 ], [ -155.672761112127858, 19.056097109751448 ], [ -155.67198804064725, 19.055847291376047 ], [ -155.670600883276535, 19.054739177188488 ], [ -155.670559198112528, 19.055252986474471 ], [ -155.671123211508132, 19.056182033407197 ], [ -155.670001404071314, 19.056003384211724 ], [ -155.669663542829426, 19.057395005797247 ], [ -155.669075536596097, 19.056859771775642 ], [ -155.669172450389823, 19.056309942680834 ], [ -155.6688569211112, 19.055790737375677 ], [ -155.6686313026091, 19.05466869245728 ], [ -155.667789896680603, 19.054026546284486 ], [ -155.668179214972071, 19.051883055283241 ], [ -155.668996373279924, 19.050648699492893 ], [ -155.669139620040198, 19.049686153516426 ] ] ] } },
{ "type": "Feature", "properties": { "ID": 510, "GRIDCODE": 1 }, "geometry": { "type": "Polygon", "coordinates": [ [ [ -155.728399067256163, 19.048039304243716 ], [ -155.728877404658505, 19.048178683853731 ], [ -155.729103521092355, 19.050218034304482 ], [ -155.729042461233519, 19.050623120002811 ], [ -155.729117862746648, 19.051301405583676 ], [ -155.72901590940711, 19.051976544934039 ], [ -155.729071907357962, 19.052481547253194 ], [ -155.728649717683027, 19.053136460851231 ], [ -155.729109862016429, 19.054784901187318 ], [ -155.728450183327453, 19.055807920757715 ], [ -155.728655283418163, 19.057656506829158 ], [ -155.728614387043706, 19.057926560020377 ], [ -155.728659514708539, 19.058333529369541 ], [ -155.728496760619834, 19.059413756566528 ], [ -155.72860307011797, 19.060373153682999 ], [ -155.728273507521834, 19.060884004959387 ], [ -155.727921055732139, 19.061639842236431 ], [ -155.726354514355364, 19.062235025261209 ], [ -155.725674225836372, 19.062733293665076 ], [ -155.725120015374301, 19.063565925772821 ], [ -155.724798918174343, 19.06380085221916 ], [ -155.724523810270028, 19.06411539603296 ], [ -155.724137439929194, 19.063638897744561 ], [ -155.723545944367856, 19.063170915979438 ], [ -155.724002599455673, 19.06246295364878 ], [ -155.724868083356398, 19.06028196629752 ], [ -155.725790421688487, 19.058433050283138 ], [ -155.726070575411683, 19.057053989018168 ], [ -155.726427774457818, 19.056792462878033 ], [ -155.72636802797507, 19.056252224731519 ], [ -155.726945121020606, 19.055357055766375 ], [ -155.726163330294867, 19.054738417718951 ], [ -155.726120578130491, 19.054352380902678 ], [ -155.726637145366709, 19.053551068491888 ], [ -155.726758290917672, 19.052748816293619 ], [ -155.726709599479221, 19.052311109706707 ], [ -155.727152756366536, 19.049752395557849 ], [ -155.727974362556949, 19.048723789468774 ], [ -155.728399067256163, 19.048039304243716 ] ] ] } },
{ "type": "Feature", "properties": { "ID": 511, "GRIDCODE": 1 }, "geometry": { "type": "Polygon", "coordinates": [ [ [ -155.68294763192867, 19.042624291244845 ], [ -155.683401358306668, 19.042753291648079 ], [ -155.683932927944909, 19.044113788496265 ], [ -155.68469025208816, 19.04714077417588 ], [ -155.685204798858848, 19.047987717833092 ], [ -155.685486236644465, 19.050070353503067 ], [ -155.684845207498796, 19.050899432027236 ], [ -155.684056389479622, 19.050378612578506 ], [ -155.683830114293727, 19.048948772633068 ], [ -155.683349122507394, 19.049518680123718 ], [ -155.682896214528682, 19.049249812082174 ], [ -155.682989948519918, 19.048717363428313 ], [ -155.682934926302522, 19.048310219706746 ], [ -155.683187667887012, 19.046871279381115 ], [ -155.682722274792155, 19.046797067170935 ], [ -155.68222249144074, 19.046858148586747 ], [ -155.682007983056451, 19.045270924324438 ], [ -155.682766618519224, 19.043533031668613 ], [ -155.68294763192867, 19.042624291244845 ] ] ] } },
{ "type": "Feature", "properties": { "ID": 512, "GRIDCODE": 1 }, "geometry": { "type": "Polygon", "coordinates": [ [ [ -155.682442969319197, 19.039365982768057 ], [ -155.683292696925406, 19.039589627448066 ], [ -155.683583598275305, 19.040943416954946 ], [ -155.682983824777779, 19.040804123242811 ], [ -155.682529674537676, 19.040892470808696 ], [ -155.682442969319197, 19.039365982768057 ] ] ] } },
{ "type": "Feature", "properties": { "ID": 513, "GRIDCODE": 1 }, "geometry": { "type": "Polygon", "coordinates": [ [ [ -155.692157756887468, 19.037645031379451 ], [ -155.692825762181428, 19.037820950785843 ], [ -155.693938475867384, 19.038538977477398 ], [ -155.695357646969399, 19.039072895116899 ], [ -155.694656073937381, 19.040001417973052 ], [ -155.693066180080535, 19.04021064261563 ], [ -155.693182512346709, 19.040752420403638 ], [ -155.692501548669355, 19.040359968450808 ], [ -155.691866157447095, 19.03827230819736 ], [ -155.692157756887468, 19.037645031379451 ] ] ] } },
{ "type": "Feature", "properties": { "ID": 514, "GRIDCODE": 1 }, "geometry": { "type": "Polygon", "coordinates": [ [ [ -155.692157756887468, 19.037645031379451 ], [ -155.691812712747236, 19.03754603141391 ], [ -155.692066735801717, 19.037313396637419 ], [ -155.692157756887468, 19.037645031379451 ] ] ] } },
{ "type": "Feature", "properties": { "ID": 515, "GRIDCODE": 1 }, "geometry": { "type": "Polygon", "coordinates": [ [ [ -155.669442268288918, 19.034528695647381 ], [ -155.670240093823253, 19.034675569577598 ], [ -155.670048237006853, 19.03594397070891 ], [ -155.670414045018219, 19.036561913194067 ], [ -155.670655571413278, 19.037137949465958 ], [ -155.671174822577342, 19.03754897427681 ], [ -155.671695864114326, 19.039417518610218 ], [ -155.670076752332648, 19.039196330409094 ], [ -155.670316939810874, 19.039839506050079 ], [ -155.670752714882639, 19.040184243149159 ], [ -155.670132948836226, 19.041145066948893 ], [ -155.669615145470829, 19.044128958463343 ], [ -155.669099530094201, 19.043604820965378 ], [ -155.669182840649341, 19.043053158118603 ], [ -155.669122772171306, 19.042510540510175 ], [ -155.669314016781811, 19.041246098151099 ], [ -155.668575233699045, 19.040661344849912 ], [ -155.669210428771635, 19.038217671617897 ], [ -155.66896936057239, 19.037618902066914 ], [ -155.668424112106095, 19.037187306324331 ], [ -155.668329446632299, 19.036330461644063 ], [ -155.669301999367576, 19.035218152242589 ], [ -155.669442268288918, 19.034528695647381 ] ] ] } },
{ "type": "Feature", "properties": { "ID": 516, "GRIDCODE": 1 }, "geometry": { "type": "Polygon", "coordinates": [ [ [ -155.672299173751696, 19.034038706529731 ], [ -155.673291295212437, 19.034327892359624 ], [ -155.674675784212411, 19.035424020412663 ], [ -155.674392660456505, 19.036934582145676 ], [ -155.674053255526474, 19.037460215622353 ], [ -155.675186760586541, 19.038357733197557 ], [ -155.674742125640762, 19.038722289501742 ], [ -155.674202374037179, 19.038055736826191 ], [ -155.674370853384573, 19.039577082378194 ], [ -155.673563968612882, 19.040008613364833 ], [ -155.673114226389714, 19.039248488964521 ], [ -155.673264758529967, 19.038253013199736 ], [ -155.673203758844267, 19.037700594811955 ], [ -155.673556085388896, 19.037154571446884 ], [ -155.673276382129558, 19.0358012437834 ], [ -155.672419901442737, 19.035123424101627 ], [ -155.672299173751696, 19.034038706529731 ] ] ] } },
{ "type": "Feature", "properties": { "ID": 517, "GRIDCODE": 1 }, "geometry": { "type": "Polygon", "coordinates": [ [ [ -155.66067353864463, 19.031662562771565 ], [ -155.665802853385259, 19.031892013931163 ], [ -155.666718044859095, 19.033776410154257 ], [ -155.667088595981596, 19.034128171741049 ], [ -155.667555616218806, 19.036527229314018 ], [ -155.666974871064696, 19.037037910796034 ], [ -155.667215658495564, 19.038958776944298 ], [ -155.667489993792202, 19.03977100726425 ], [ -155.667393916274534, 19.042089028332825 ], [ -155.667719965065601, 19.043054763649664 ], [ -155.667677081062322, 19.044087871158947 ], [ -155.668720558509875, 19.049144190046373 ], [ -155.668325071895339, 19.050720656434134 ], [ -155.667240171465664, 19.051674643573957 ], [ -155.667241101786118, 19.052226240024691 ], [ -155.666811881452816, 19.054042183150973 ], [ -155.668032541904864, 19.055200725456913 ], [ -155.6685502611152, 19.057666014794314 ], [ -155.669117836995838, 19.057665166402337 ], [ -155.670241943767792, 19.058508616491153 ], [ -155.672234768834983, 19.058810084591407 ], [ -155.672645144225839, 19.059231576183539 ], [ -155.674135894776327, 19.059721747772848 ], [ -155.676989892140483, 19.061575259333459 ], [ -155.677280742023243, 19.065090701217834 ], [ -155.680603779283246, 19.067249048064244 ], [ -155.679553444075594, 19.068418964225099 ], [ -155.678829122198124, 19.067826824814617 ], [ -155.677263008579473, 19.066216817616869 ], [ -155.677129196572992, 19.067292715762179 ], [ -155.677712679880017, 19.069772671784939 ], [ -155.678549774783676, 19.07056701669984 ], [ -155.678807192770449, 19.071660018018978 ], [ -155.679075944116164, 19.072742646789123 ], [ -155.679569624748126, 19.076910374842825 ], [ -155.681180714111349, 19.081445168651435 ], [ -155.681432757804544, 19.082808841432875 ], [ -155.682102435254819, 19.083787638254218 ], [ -155.68280795440441, 19.085536019852437 ], [ -155.683070803753964, 19.086358350077663 ], [ -155.68389242483434, 19.087948053029958 ], [ -155.683893604368336, 19.088698241221365 ], [ -155.683258544070327, 19.091506336050443 ], [ -155.682945766029007, 19.092057837203832 ], [ -155.682946897313826, 19.092851917851366 ], [ -155.682889434553545, 19.094240950186514 ], [ -155.683231905145277, 19.097403003309715 ], [ -155.684333308959765, 19.102832143977821 ], [ -155.685051128098024, 19.103200199937302 ], [ -155.685648342331518, 19.100213993720345 ], [ -155.685975942917509, 19.098012228686336 ], [ -155.687450096633626, 19.096715864590038 ], [ -155.687447808963782, 19.095099139864292 ], [ -155.687491336273808, 19.094044874610109 ], [ -155.686957346393797, 19.09246458863888 ], [ -155.686555180428826, 19.089935809861306 ], [ -155.687020135624635, 19.08911626994411 ], [ -155.687018488011432, 19.088095566488839 ], [ -155.687330687437594, 19.086971304035202 ], [ -155.687632490438602, 19.086438897427072 ], [ -155.687245398819499, 19.084451665530445 ], [ -155.687975588779466, 19.083468190226487 ], [ -155.688613427097721, 19.081464489741442 ], [ -155.689737622581902, 19.080792176834201 ], [ -155.691174458985358, 19.079796001044372 ], [ -155.692778496441122, 19.079454356782385 ], [ -155.693191536493202, 19.0786827788734 ], [ -155.693492437269896, 19.078151928155567 ], [ -155.693782425154012, 19.077610303761595 ], [ -155.69492347302824, 19.076072791591315 ], [ -155.695572581265395, 19.07463009930936 ], [ -155.695570530636047, 19.073317983941863 ], [ -155.6961677392149, 19.072513736992558 ], [ -155.696166661055315, 19.071951284601415 ], [ -155.697291771178215, 19.070961617797494 ], [ -155.697929230632042, 19.06983760011391 ], [ -155.6982999919463, 19.06761857124355 ], [ -155.698984661210375, 19.067016048156368 ], [ -155.69941153491456, 19.066609603751576 ], [ -155.700263468713104, 19.065859876550153 ], [ -155.700645628579309, 19.064860312167696 ], [ -155.700309753294164, 19.064168904529993 ], [ -155.699475297866314, 19.063377076173641 ], [ -155.699487288834291, 19.063080604533852 ], [ -155.698652842542117, 19.062288773778679 ], [ -155.698374952471596, 19.061717130287796 ], [ -155.697904652831511, 19.060807275928067 ], [ -155.69756366918844, 19.058662488577902 ], [ -155.699158206570246, 19.057582046033605 ], [ -155.699615264755721, 19.05632389141212 ], [ -155.700519239406646, 19.055105465142361 ], [ -155.700517023551669, 19.053770334753395 ], [ -155.700533676865177, 19.05336447325125 ], [ -155.700532514802376, 19.052580162580664 ], [ -155.701032228190911, 19.051272787380192 ], [ -155.701483869641521, 19.048234138990182 ], [ -155.701976530512752, 19.046944612996892 ], [ -155.701526595048762, 19.046074004826814 ], [ -155.701258326905815, 19.045522371430526 ], [ -155.700397885146856, 19.045106108301773 ], [ -155.70043151359647, 19.044291746122074 ], [ -155.700429853905774, 19.043363577843355 ], [ -155.70073167812717, 19.0430759917448 ], [ -155.70102712040287, 19.042815791281431 ], [ -155.701311657584057, 19.042544553681594 ], [ -155.701880705319269, 19.042565835265435 ], [ -155.701536236814547, 19.041480548263863 ], [ -155.700752135208262, 19.041451189035925 ], [ -155.700753471655048, 19.042269350243359 ], [ -155.700310031072974, 19.042659645216649 ], [ -155.699052278400984, 19.043858263415864 ], [ -155.699024974122921, 19.041809525763323 ], [ -155.699504625711995, 19.040080824497892 ], [ -155.708126133016009, 19.041063856583008 ], [ -155.720613714600319, 19.043970783244067 ], [ -155.724155204093819, 19.045682977563331 ], [ -155.723734319014852, 19.046469854537456 ], [ -155.723254704177606, 19.047315976903448 ], [ -155.722665926236544, 19.050843872700344 ], [ -155.722193762895614, 19.05214441517786 ], [ -155.72133039666187, 19.05290411239347 ], [ -155.721288456960195, 19.053919575470346 ], [ -155.721565925714486, 19.055096204291882 ], [ -155.722114569395046, 19.05645482407802 ], [ -155.722092200490522, 19.05699836140592 ], [ -155.722094060692086, 19.058063259062607 ], [ -155.721501746811782, 19.059108334049725 ], [ -155.721190977075764, 19.059963529114587 ], [ -155.720641966884671, 19.06044666102208 ], [ -155.720573515665791, 19.06211611715857 ], [ -155.720574876367579, 19.062908904970101 ], [ -155.720273039384011, 19.063196522848678 ], [ -155.719712125261253, 19.063690279903099 ], [ -155.719665882249416, 19.064810113632721 ], [ -155.720154751452071, 19.066775338007073 ], [ -155.719610194578962, 19.067793485447801 ], [ -155.718475236216449, 19.067751327498989 ], [ -155.718435450521014, 19.068712087341975 ], [ -155.718439031878319, 19.07070410408825 ], [ -155.718085783910396, 19.071327419630759 ], [ -155.718088678444275, 19.073043358205418 ], [ -155.716156515332926, 19.075234099620165 ], [ -155.715569960064613, 19.079181621818726 ], [ -155.715107928672751, 19.079621853118201 ], [ -155.714527728654161, 19.079876989652984 ], [ -155.714192162894278, 19.080504310264949 ], [ -155.713227472502041, 19.079046749815735 ], [ -155.712539891285331, 19.079570738509133 ], [ -155.712540882233412, 19.080112041961581 ], [ -155.711953740396694, 19.080112929710406 ], [ -155.711982009502094, 19.079428035302762 ], [ -155.711981025231523, 19.078886467751403 ], [ -155.712017358230895, 19.078004453374188 ], [ -155.711745096028608, 19.076848798752298 ], [ -155.711208785939135, 19.075811653233028 ], [ -155.711206643389772, 19.074540242200001 ], [ -155.711234465723237, 19.073863801651477 ], [ -155.711233381374313, 19.073101963344786 ], [ -155.711545719306997, 19.072242064231173 ], [ -155.71185189571068, 19.071440492898137 ], [ -155.712701984753153, 19.06876827203207 ], [ -155.71362944482388, 19.067952130001341 ], [ -155.713919349046677, 19.06741046083366 ], [ -155.714220162869168, 19.066879562659679 ], [ -155.714510062873046, 19.066337891940414 ], [ -155.71480553461879, 19.066077672865337 ], [ -155.715868393943765, 19.065064549815084 ], [ -155.716830286029136, 19.064489102671502 ], [ -155.717420846056825, 19.063140452520731 ], [ -155.717721639667644, 19.062609545587232 ], [ -155.718016850865581, 19.061797184640312 ], [ -155.718328837384831, 19.060980097307528 ], [ -155.718327892373878, 19.060449104269445 ], [ -155.718635006364167, 19.059907465594939 ], [ -155.718002209954278, 19.059307048030622 ], [ -155.719237737903626, 19.057641976342886 ], [ -155.718768293960665, 19.05640031653137 ], [ -155.718164770573395, 19.056827734337265 ], [ -155.717539109739874, 19.057997804620467 ], [ -155.717180424651076, 19.056978649309769 ], [ -155.71757774642856, 19.056629008153294 ], [ -155.717575406067141, 19.055293328944412 ], [ -155.717664116915216, 19.053132396864733 ], [ -155.717054453050224, 19.053109642686472 ], [ -155.716764252751204, 19.053386093246452 ], [ -155.716468809379535, 19.053646319598478 ], [ -155.716042009315316, 19.054052815300501 ], [ -155.715358580035911, 19.054654646651453 ], [ -155.716376547142545, 19.056141954143097 ], [ -155.715828950577105, 19.056624039060509 ], [ -155.71583056766292, 19.057431108021888 ], [ -155.715534836856989, 19.057691326532485 ], [ -155.715244959656957, 19.058233002045295 ], [ -155.714653890019918, 19.059029507467113 ], [ -155.714657488379032, 19.060991110589391 ], [ -155.714024927943228, 19.063792041000188 ], [ -155.713693522672884, 19.064703965618424 ], [ -155.713398052279615, 19.064964183044239 ], [ -155.712839977368731, 19.065496043977468 ], [ -155.710866154673312, 19.066066364248158 ], [ -155.710508656452333, 19.067354889506902 ], [ -155.710195958796277, 19.068430554922298 ], [ -155.710548747129423, 19.069112997780916 ], [ -155.710164360114845, 19.069791004252728 ], [ -155.710166098174398, 19.070730814141786 ], [ -155.710138274156577, 19.071407254147406 ], [ -155.710141365181897, 19.073249846752379 ], [ -155.709526276211193, 19.073835939457272 ], [ -155.708664418525416, 19.074214803869673 ], [ -155.708929937851849, 19.074908383456798 ], [ -155.70947823782862, 19.076266763532807 ], [ -155.709735869020989, 19.077359752909562 ], [ -155.710017409326014, 19.077904480675784 ], [ -155.709618028134201, 19.078256174741593 ], [ -155.710139862780011, 19.079265565321428 ], [ -155.709421998577596, 19.079238724906066 ], [ -155.709102082658887, 19.080592961852467 ], [ -155.709103564416012, 19.081404253624125 ], [ -155.708540057522669, 19.08140528780261 ], [ -155.708537627005342, 19.080051373267221 ], [ -155.70884625414314, 19.079507407931711 ], [ -155.708564705676508, 19.078963207287988 ], [ -155.708616368050201, 19.077714708291232 ], [ -155.708334113381454, 19.076517093565897 ], [ -155.708032178027935, 19.076230610184666 ], [ -155.708125624229439, 19.073965868263539 ], [ -155.706717896084314, 19.073244202367068 ], [ -155.706382732823073, 19.073513214619773 ], [ -155.706384043978545, 19.074318684610944 ], [ -155.706373129539628, 19.074589263324345 ], [ -155.706374200841537, 19.075266217146929 ], [ -155.706325060855875, 19.07645684908185 ], [ -155.706864517693305, 19.080496637091386 ], [ -155.70652330917008, 19.081098453697038 ], [ -155.706525016150295, 19.082038259592732 ], [ -155.706496842770349, 19.082717069883763 ], [ -155.706776772376713, 19.083258600271908 ], [ -155.707034388388479, 19.084351591706781 ], [ -155.708163241299758, 19.085733845858027 ], [ -155.708109201039377, 19.087045498931495 ], [ -155.708678383556986, 19.087630277762742 ], [ -155.710166273976284, 19.088003539258722 ], [ -155.710660985596633, 19.088472749331483 ], [ -155.710923981721152, 19.089295060901936 ], [ -155.711761248835529, 19.089700051451935 ], [ -155.71176288979629, 19.090658369442334 ], [ -155.711455812578919, 19.090658700755025 ], [ -155.710650805679904, 19.089831728524054 ], [ -155.710244996713698, 19.090169290491282 ], [ -155.710607154081288, 19.090914046351795 ], [ -155.711712778842781, 19.091448644035129 ], [ -155.712290651617394, 19.09256612940122 ], [ -155.711982003454892, 19.093110097936904 ], [ -155.711983242001025, 19.093779123982415 ], [ -155.711944163453069, 19.094728781478903 ], [ -155.712520258109379, 19.095275334663526 ], [ -155.712788619270242, 19.095826966795592 ], [ -155.713361749250396, 19.096664601147133 ], [ -155.714268660641068, 19.099501723673868 ], [ -155.714722735438414, 19.099932124944683 ], [ -155.715249583044596, 19.101015642058822 ], [ -155.715529291541742, 19.101556897796357 ], [ -155.715868283424498, 19.102617492602928 ], [ -155.717200308767588, 19.103482152171878 ], [ -155.717729049370377, 19.104569665701021 ], [ -155.719714254201818, 19.106124491214999 ], [ -155.719634092666553, 19.108071908996212 ], [ -155.720208567262574, 19.109183240138265 ], [ -155.720210196830067, 19.110002737266726 ], [ -155.719807784386205, 19.111110395960097 ], [ -155.719618153360614, 19.110570485556273 ], [ -155.719661880313879, 19.109510902383153 ], [ -155.71908959493436, 19.108922915157585 ], [ -155.718796446439228, 19.109202211566885 ], [ -155.718494947935056, 19.109467608049808 ], [ -155.718496700215752, 19.110548098136892 ], [ -155.718463422834077, 19.111359831599042 ], [ -155.718464024903824, 19.111766005954738 ], [ -155.718436356590615, 19.112434518643138 ], [ -155.718738067530438, 19.113017945430762 ], [ -155.718683693750307, 19.114334362624952 ], [ -155.719238092180319, 19.115406204453315 ], [ -155.718876601726663, 19.117863178323901 ], [ -155.717738201550588, 19.117569701886623 ], [ -155.716583447744597, 19.11697791541194 ], [ -155.714380684906729, 19.116981135419014 ], [ -155.713518350937306, 19.116683312942456 ], [ -155.711942064082621, 19.117164945968131 ], [ -155.710356666774146, 19.116617248836434 ], [ -155.709529312397791, 19.11661857323887 ], [ -155.706657090459146, 19.116166803045264 ], [ -155.7058211855271, 19.116557458327211 ], [ -155.704981131543747, 19.116526010189116 ], [ -155.703895118514595, 19.117197753553167 ], [ -155.702128704379646, 19.116479626012659 ], [ -155.700698280198935, 19.116731608828822 ], [ -155.698484369771961, 19.116149529359678 ], [ -155.696429890126495, 19.116378107395757 ], [ -155.695849212584903, 19.11664928466168 ], [ -155.694731187744082, 19.116076276708977 ], [ -155.692408595826151, 19.116316118604232 ], [ -155.691876550415344, 19.116296233515644 ], [ -155.691332415256682, 19.11629675436971 ], [ -155.690597583304225, 19.115941364564158 ], [ -155.689554116384926, 19.114364332594235 ], [ -155.688739385703457, 19.114626777365782 ], [ -155.687635468588979, 19.115678334921625 ], [ -155.687333759777317, 19.115407418558895 ], [ -155.686797840576105, 19.114856752986288 ], [ -155.686474561315009, 19.114844581073132 ], [ -155.685121125833319, 19.115476745557398 ], [ -155.684703305318351, 19.114668012458868 ], [ -155.68323162162477, 19.110061681034075 ], [ -155.680948761167883, 19.104667278341459 ], [ -155.677621995976779, 19.098833852322471 ], [ -155.671618174453045, 19.089756483806976 ], [ -155.668185475635596, 19.086227842778015 ], [ -155.663701257759584, 19.083106083517222 ], [ -155.660675407742787, 19.081285447031963 ], [ -155.655812471928442, 19.079434324795951 ], [ -155.651361364999673, 19.078034266439708 ], [ -155.645743476858456, 19.077017682036448 ], [ -155.639299765943065, 19.077169645754743 ], [ -155.631169808652118, 19.077918784782646 ], [ -155.626850114337657, 19.07873765127087 ], [ -155.623177614237278, 19.079923117540154 ], [ -155.614551343953678, 19.084448973989183 ], [ -155.606855887919778, 19.089337628176793 ], [ -155.600740349242471, 19.094401038561045 ], [ -155.588468972842151, 19.107724281102453 ], [ -155.578467007692979, 19.120550098465252 ], [ -155.575178216901179, 19.125893419154782 ], [ -155.570125618035121, 19.136427426161909 ], [ -155.566312174674295, 19.142880155149022 ], [ -155.562596925936759, 19.147452368939984 ], [ -155.560284096643755, 19.149482433490821 ], [ -155.558508336549892, 19.151490539655565 ], [ -155.557527379755811, 19.154048401436945 ], [ -155.55717797491198, 19.155787905769127 ], [ -155.556647828726625, 19.158539553719795 ], [ -155.553371003010398, 19.165490002373321 ], [ -155.550831743190201, 19.169556220374901 ], [ -155.547604052451135, 19.173271267607198 ], [ -155.541228288956347, 19.178227938718713 ], [ -155.535421942474585, 19.18332147458192 ], [ -155.531411774578231, 19.187961779884542 ], [ -155.524682726242816, 19.197020388387557 ], [ -155.520015455879133, 19.202464830281517 ], [ -155.512716848763517, 19.210994593580313 ], [ -155.508294723987319, 19.216151942404974 ], [ -155.492794426719541, 19.235419582755252 ], [ -155.488092901327946, 19.242942358451529 ], [ -155.482665578347905, 19.252470019039457 ], [ -155.457748407476657, 19.303274839304681 ], [ -155.4560952801817, 19.307935790349752 ], [ -155.455427460703447, 19.312198969037961 ], [ -155.454312632192568, 19.323284717565802 ], [ -155.454560571853989, 19.330886692545299 ], [ -155.454862102894225, 19.334847246512645 ], [ -155.45424113607757, 19.335436062599957 ], [ -155.453270184364072, 19.336033391357599 ], [ -155.451575936478179, 19.336773387188412 ], [ -155.450979975125506, 19.337338354972609 ], [ -155.449265723249454, 19.338358164625117 ], [ -155.448404257671399, 19.338888069415329 ], [ -155.447036666259237, 19.339280137818751 ], [ -155.446664951282031, 19.339931682674294 ], [ -155.445800183170633, 19.3415385352403 ], [ -155.445492157830842, 19.34153833612546 ], [ -155.444674592281444, 19.341506506109166 ], [ -155.443588712962622, 19.34198071277147 ], [ -155.442462378078403, 19.342650544615378 ], [ -155.440598106883186, 19.344418120022567 ], [ -155.439120041810611, 19.344662029499123 ], [ -155.438000831394987, 19.345181808897152 ], [ -155.437128606379474, 19.345562866539453 ], [ -155.435742663532125, 19.346206417116857 ], [ -155.434780811417085, 19.346482075917564 ], [ -155.433386221416669, 19.347804056612894 ], [ -155.432117506380251, 19.348357874184266 ], [ -155.430482858571423, 19.349907229662637 ], [ -155.430186431581319, 19.350166833625575 ], [ -155.429648939892473, 19.350676022917632 ], [ -155.429033873995763, 19.350961623424642 ], [ -155.427312029607094, 19.351193238504223 ], [ -155.42674141869162, 19.35145802570629 ], [ -155.423465278946225, 19.351773008013915 ], [ -155.423017635890801, 19.352196965588735 ], [ -155.420993534293842, 19.352469101627271 ], [ -155.419866841126549, 19.353454408001898 ], [ -155.41924415407297, 19.354317183034681 ], [ -155.418380375066931, 19.355072636503451 ], [ -155.41725521544555, 19.356139110208996 ], [ -155.415772568366435, 19.356383511881862 ], [ -155.413479671653789, 19.357964647747608 ], [ -155.412327809988483, 19.358467473975921 ], [ -155.411725081025793, 19.359586242426641 ], [ -155.409144028383878, 19.360586119173178 ], [ -155.406993629324433, 19.361201894151534 ], [ -155.40628081151678, 19.361877251150052 ], [ -155.405975543933437, 19.361877033895205 ], [ -155.405687787325149, 19.361865794912156 ], [ -155.401131931410021, 19.364738848585194 ], [ -155.399361550195948, 19.365245726075905 ], [ -155.397877207993957, 19.366854795173705 ], [ -155.396200949155258, 19.369411718716908 ], [ -155.395130886108916, 19.370722846181245 ], [ -155.393752875562996, 19.371673357022523 ], [ -155.392584002790898, 19.37218309924571 ], [ -155.39147280152423, 19.373235373015905 ], [ -155.39058323085456, 19.374013411582091 ], [ -155.389469150088871, 19.375068784372743 ], [ -155.388283396549951, 19.375332045954327 ], [ -155.385272583764703, 19.375670299738221 ], [ -155.383699813473385, 19.37806866263972 ], [ -155.382186036449667, 19.378728750866522 ], [ -155.381313720004158, 19.379554659701142 ], [ -155.379610901741927, 19.380297400473054 ], [ -155.379018172510257, 19.380572408989053 ], [ -155.377357182755247, 19.380507048899208 ], [ -155.376753195785, 19.380787111866017 ], [ -155.374397161378823, 19.381012921580702 ], [ -155.372467469397151, 19.382840177040208 ], [ -155.371300549694325, 19.383381521296705 ], [ -155.369553786790959, 19.383615729219361 ], [ -155.368970981495437, 19.384421444878576 ], [ -155.366355725686759, 19.385454826677723 ], [ -155.365792890256245, 19.385987593489705 ], [ -155.365222889971932, 19.385965086220974 ], [ -155.364931186864595, 19.386506182592441 ], [ -155.363470574213608, 19.386923956978983 ], [ -155.363469268735656, 19.388360918076774 ], [ -155.362887188475241, 19.388630791789804 ], [ -155.361491593624663, 19.389030022713449 ], [ -155.360645548018653, 19.390946761008401 ], [ -155.359173844768236, 19.391960634238387 ], [ -155.358464354294, 19.390195121578014 ], [ -155.358907463979932, 19.388009674878539 ], [ -155.359371157754737, 19.385624528075351 ], [ -155.360309654930916, 19.383883320753249 ], [ -155.361312155345786, 19.383446613286143 ], [ -155.362153288390914, 19.382650065255767 ], [ -155.363191314335779, 19.381742462782672 ], [ -155.363935574674514, 19.379713695311676 ], [ -155.364800998294555, 19.378198328361687 ], [ -155.365130111935599, 19.377301374093978 ], [ -155.365656775820014, 19.37684057715472 ], [ -155.368126838492145, 19.374259700557861 ], [ -155.369502221284677, 19.373333677004162 ], [ -155.371237376810797, 19.372009577641894 ], [ -155.371819026679532, 19.371755783035628 ], [ -155.372547167876093, 19.37074860791693 ], [ -155.373835323193646, 19.370186926276876 ], [ -155.374279150008732, 19.369766740658761 ], [ -155.375265331132567, 19.368904273971353 ], [ -155.375888843676307, 19.368041972588355 ], [ -155.37669542666697, 19.366962055988935 ], [ -155.37738016429094, 19.365094058193293 ], [ -155.378264822465326, 19.364034190970173 ], [ -155.378562408436153, 19.363222747106377 ], [ -155.37886491159145, 19.362692669044439 ], [ -155.380043030675608, 19.360023186165716 ], [ -155.380971419995234, 19.359452690008236 ], [ -155.382640247917038, 19.358724824444888 ], [ -155.38358956574217, 19.357306424532613 ], [ -155.384134377786921, 19.35629553719771 ], [ -155.385010478659268, 19.354760677208279 ], [ -155.385048843143835, 19.353880090193073 ], [ -155.385049425829351, 19.352843577650869 ], [ -155.38536421493302, 19.352259534618419 ], [ -155.385955209558716, 19.35122417729497 ], [ -155.386301640849751, 19.349987809999988 ], [ -155.389331127541027, 19.34733833889716 ], [ -155.390330072739232, 19.346391947294379 ], [ -155.391220033151654, 19.345613630872847 ], [ -155.391505598546644, 19.345343308683287 ], [ -155.39318042550687, 19.343878418194482 ], [ -155.394136302157222, 19.342203642783456 ], [ -155.394612030579651, 19.340123610503586 ], [ -155.395056708338814, 19.339734300286725 ], [ -155.395445186154603, 19.339012903794853 ], [ -155.396655976961199, 19.338484639118999 ], [ -155.397129513716038, 19.336502097285894 ], [ -155.397130276758247, 19.335199370712658 ], [ -155.397450043710649, 19.334638392481555 ], [ -155.397753401574022, 19.333556308899091 ], [ -155.398346757729399, 19.332761234951601 ], [ -155.399123355159503, 19.331686657292565 ], [ -155.400792726721221, 19.330562048282413 ], [ -155.401833012077702, 19.329576467597864 ], [ -155.403275510156192, 19.32906884940612 ], [ -155.403846551034007, 19.328527621538029 ], [ -155.404427507942387, 19.328550460242397 ], [ -155.404861143969811, 19.327365978550922 ], [ -155.405455484605625, 19.326802997913983 ], [ -155.405900099475957, 19.326413650728117 ], [ -155.40619745467464, 19.325602125794155 ], [ -155.406493861346775, 19.325342559387643 ], [ -155.406989064534827, 19.324422848108714 ], [ -155.409500534045634, 19.321738646043887 ], [ -155.412455286077233, 19.319153801681651 ], [ -155.414329383610749, 19.316907160946126 ], [ -155.415355504955016, 19.315108293631738 ], [ -155.41475443927564, 19.31394201062022 ], [ -155.415607502356494, 19.312799046573485 ], [ -155.415607696659805, 19.312254205130877 ], [ -155.416777256877765, 19.311919261537245 ], [ -155.416777287645601, 19.311177468135764 ], [ -155.417607628613723, 19.309721570015508 ], [ -155.418278814778546, 19.307978615476067 ], [ -155.418279250671532, 19.307703160555214 ], [ -155.418593309594314, 19.30663126966337 ], [ -155.418593833732501, 19.305585205647407 ], [ -155.419519060894544, 19.303401256092272 ], [ -155.419888204182485, 19.299978423772536 ], [ -155.42195950663654, 19.295818378854175 ], [ -155.421630401373335, 19.295204683707709 ], [ -155.420541893520465, 19.29571045909497 ], [ -155.421367791789265, 19.294375781161019 ], [ -155.42286601291795, 19.293721533178097 ], [ -155.42316320094335, 19.292909955175389 ], [ -155.424026979837947, 19.291752067754899 ], [ -155.424379604090547, 19.289414617924002 ], [ -155.425109572021967, 19.288775685275407 ], [ -155.425560665152602, 19.28754281444769 ], [ -155.42646711506552, 19.286186943960853 ], [ -155.42734732256767, 19.283782354288213 ], [ -155.428517704249771, 19.282757859483162 ], [ -155.428844139070321, 19.280826994688756 ], [ -155.430294301989022, 19.279557606177377 ], [ -155.430307733023255, 19.279246448588395 ], [ -155.430307745124367, 19.278501472232453 ], [ -155.431444887607086, 19.276387914106209 ], [ -155.432094102940255, 19.275488813998646 ], [ -155.433268681704533, 19.2741635109242 ], [ -155.43385071826043, 19.273357467327614 ], [ -155.435025266568601, 19.272032147968289 ], [ -155.435322339706119, 19.271220532657118 ], [ -155.436520283851962, 19.268812816692417 ], [ -155.43711399183502, 19.267465565029141 ], [ -155.438590960038823, 19.265333981273365 ], [ -155.43889384916821, 19.2642517584332 ], [ -155.439201785164784, 19.263450918138361 ], [ -155.439498815847941, 19.262639289622488 ], [ -155.440708262683955, 19.260207958516425 ], [ -155.440708404858725, 19.259170588005851 ], [ -155.441011169903703, 19.258608099503679 ], [ -155.441307391744118, 19.258348446658847 ], [ -155.441660937166887, 19.257084259523658 ], [ -155.442494226350931, 19.255929872641943 ], [ -155.4435063962801, 19.254715249950578 ], [ -155.444267984978126, 19.25298657186244 ], [ -155.445151534696663, 19.251926202354916 ], [ -155.446207219547944, 19.249388186826415 ], [ -155.446925575997369, 19.248706867540733 ], [ -155.447996484770869, 19.248069408521292 ], [ -155.449263147924597, 19.246045167273323 ], [ -155.450152450218809, 19.244714161435919 ], [ -155.450563148234096, 19.243246430615713 ], [ -155.451635577189933, 19.241759819070992 ], [ -155.453266377414622, 19.240788712971586 ], [ -155.454011558937111, 19.236940199121857 ], [ -155.454600465578039, 19.236424201196058 ], [ -155.454333224080386, 19.235856440430229 ], [ -155.453950279866774, 19.235492115441335 ], [ -155.454356373352425, 19.234779318044399 ], [ -155.454664886153978, 19.233426438514183 ], [ -155.456036774493271, 19.231779830634039 ], [ -155.45664351105745, 19.228773005666376 ], [ -155.455971111112831, 19.226776144148037 ], [ -155.458553856520666, 19.225920957743892 ], [ -155.459112387666067, 19.225391130726944 ], [ -155.459704639906107, 19.224872000143744 ], [ -155.460551232648925, 19.224068830000366 ], [ -155.462852709877495, 19.223582746561462 ], [ -155.463935085484337, 19.2225551694108 ], [ -155.464594566131467, 19.222248552000096 ], [ -155.465175552538113, 19.221994347392769 ], [ -155.466036298448103, 19.221464251775704 ], [ -155.466907940752975, 19.220944936606152 ], [ -155.467768676451527, 19.220414831012761 ], [ -155.469113226503879, 19.219826906039511 ], [ -155.469506819764689, 19.219094783384794 ], [ -155.4698029226995, 19.218835064864344 ], [ -155.470115967504626, 19.21853786709729 ], [ -155.473151989061591, 19.218655360316273 ], [ -155.473844762318805, 19.218352254470574 ], [ -155.474684446648041, 19.217555215769583 ], [ -155.475825567827599, 19.21705611121579 ], [ -155.476686259724175, 19.216525955615058 ], [ -155.478810529114213, 19.216174241227154 ], [ -155.479272803724484, 19.215768857919965 ], [ -155.47957332815966, 19.21548356106339 ], [ -155.480714424458455, 19.214984421242626 ], [ -155.481575092688928, 19.214454238291673 ], [ -155.482156032813549, 19.214199970954741 ], [ -155.482156008067705, 19.213913650832005 ], [ -155.48298352546604, 19.213188505822515 ], [ -155.484213113679033, 19.211537828557667 ], [ -155.485083094215668, 19.209155841870089 ], [ -155.485695585010376, 19.208306787871138 ], [ -155.487077107249377, 19.207910032950526 ], [ -155.487427717611439, 19.207257137585323 ], [ -155.489865436939567, 19.206397071615527 ], [ -155.490624198544822, 19.204319589522733 ], [ -155.491507773608987, 19.203545235763173 ], [ -155.491507579444658, 19.20300378449242 ], [ -155.492396818518159, 19.202224245728107 ], [ -155.492396568726718, 19.201396734951089 ], [ -155.492849241319561, 19.200600898991841 ], [ -155.493552668467231, 19.199291943303741 ], [ -155.494103628296642, 19.198768444202958 ], [ -155.495467759494176, 19.197927385107253 ], [ -155.496201250328312, 19.197955694130574 ], [ -155.497045831141662, 19.19715385650051 ], [ -155.499380543845234, 19.196576138492773 ], [ -155.500022178875128, 19.194817577329378 ], [ -155.500863889165032, 19.193650023334332 ], [ -155.501970777391961, 19.19267973207085 ], [ -155.502717303878683, 19.191643332466597 ], [ -155.50344362279381, 19.191325396280767 ], [ -155.504001902654835, 19.190795124675208 ], [ -155.50473430369675, 19.190794821125753 ], [ -155.506552680837359, 19.190864927477222 ], [ -155.507026728986659, 19.190448838475511 ], [ -155.507454367021637, 19.190042967348219 ], [ -155.508954280652318, 19.188958763668492 ], [ -155.509482433435551, 19.188457244165633 ], [ -155.51005285626448, 19.18795679208927 ], [ -155.510962621184859, 19.186565482024655 ], [ -155.512317186006982, 19.185377745477169 ], [ -155.513444137489302, 19.183396744659433 ], [ -155.513880293099902, 19.182584921693984 ], [ -155.514762997038076, 19.181524078010025 ], [ -155.515344273383278, 19.180717652840983 ], [ -155.517098482694735, 19.178861169338266 ], [ -155.519035206596527, 19.176632965983877 ], [ -155.520003507850475, 19.176209030983841 ], [ -155.520858288518866, 19.175811225319109 ], [ -155.522583844299447, 19.175445795365345 ], [ -155.523153692887661, 19.17518058298629 ], [ -155.524304058530788, 19.174936949292118 ], [ -155.524873903392319, 19.174671730833857 ], [ -155.528338080951386, 19.173448729796732 ], [ -155.530818816373539, 19.170822717961361 ], [ -155.531251541592553, 19.169637455455899 ], [ -155.533768672441738, 19.169733958394229 ], [ -155.534106543940879, 19.169437089979677 ], [ -155.534408546988487, 19.168354572577158 ], [ -155.53471590741259, 19.167813623761244 ], [ -155.534715991449559, 19.167144721392706 ], [ -155.534738440782064, 19.166603676988281 ], [ -155.534738590222844, 19.166197578399476 ], [ -155.534755426709552, 19.16579179504102 ], [ -155.534755631051695, 19.165383053571166 ], [ -155.535913805099739, 19.163990711014524 ], [ -155.535978659592445, 19.162459271079076 ], [ -155.535587217009379, 19.161699956578712 ], [ -155.53655992484741, 19.160846365686336 ], [ -155.536292678210458, 19.16026812437838 ], [ -155.535377016795763, 19.158766290511341 ], [ -155.536431464219561, 19.157302179611772 ], [ -155.537201022195831, 19.157301633300666 ], [ -155.538159103173285, 19.157945521465191 ], [ -155.539570898483078, 19.157327039295065 ], [ -155.541095962370662, 19.155493425783487 ], [ -155.541628587916023, 19.154500894612628 ], [ -155.542954984167039, 19.153919900875998 ], [ -155.543564659950363, 19.15310066724032 ], [ -155.544145687597279, 19.152294110846007 ], [ -155.544737612836485, 19.151498332581092 ], [ -155.545318628427509, 19.150691770576085 ], [ -155.545900949363642, 19.150436487142645 ], [ -155.545375363075209, 19.148876996967701 ], [ -155.545374641550382, 19.147709958812097 ], [ -155.546128943676308, 19.146383156743017 ], [ -155.546564823052194, 19.145571212740641 ], [ -155.549079357061999, 19.142835762937025 ], [ -155.550616099125705, 19.140133988347777 ], [ -155.55072588349546, 19.137529929019976 ], [ -155.550726003664579, 19.137256548927592 ], [ -155.551596959488052, 19.136736714399987 ], [ -155.551893131944524, 19.135924770899106 ], [ -155.553191114993211, 19.135550956582328 ], [ -155.554157118771457, 19.134632863253437 ], [ -155.554779796873362, 19.134359791077902 ], [ -155.555070329832432, 19.133818473258614 ], [ -155.555844594548034, 19.133479232668805 ], [ -155.556377045367157, 19.132486631789071 ], [ -155.556907126585713, 19.131554265936945 ], [ -155.556554118730787, 19.130870535530619 ], [ -155.557147614565906, 19.130072347019997 ], [ -155.557774748126661, 19.128644469031205 ], [ -155.560312819052541, 19.128106630713525 ], [ -155.560330299092584, 19.127692650562718 ], [ -155.560329949209262, 19.126930921213869 ], [ -155.56079122580249, 19.125665434058195 ], [ -155.561545778018314, 19.123696852075625 ], [ -155.561570217007699, 19.123121191270187 ], [ -155.561283792439752, 19.122566418179776 ], [ -155.561889431776876, 19.121501394120553 ], [ -155.56132220109285, 19.120671420368701 ], [ -155.561917720979437, 19.120148481486428 ], [ -155.561351038755191, 19.119319047412525 ], [ -155.561782030236088, 19.118560626439852 ], [ -155.560514943526471, 19.117946790980387 ], [ -155.561668280751263, 19.116934051290908 ], [ -155.561733132069492, 19.115400182290227 ], [ -155.561732032219794, 19.114216990446455 ], [ -155.562039852901734, 19.113643455419613 ], [ -155.562631531892123, 19.11284758164004 ], [ -155.563212302010754, 19.112040925372455 ], [ -155.563805397428411, 19.111243221848277 ], [ -155.563529443880157, 19.110424517390967 ], [ -155.564114539486155, 19.109394522203676 ], [ -155.564184391078669, 19.10773806147159 ], [ -155.563324367667917, 19.106071101461893 ], [ -155.563358066113352, 19.105275369370432 ], [ -155.563077008450819, 19.104730749152615 ], [ -155.563757901111046, 19.103814910791066 ], [ -155.563380574478686, 19.103083679623367 ], [ -155.563424884697781, 19.10203009458376 ], [ -155.563424695750058, 19.101756705152496 ], [ -155.564022596930783, 19.100953003818116 ], [ -155.564021431397833, 19.099609847405688 ], [ -155.564622059127998, 19.099346620383802 ], [ -155.564329502228361, 19.098779843028598 ], [ -155.564368715411405, 19.097851220921747 ], [ -155.564367893272646, 19.096921851126336 ], [ -155.564687099478846, 19.09636015134576 ], [ -155.564686482248021, 19.095568800175407 ], [ -155.565293224776525, 19.093985284438574 ], [ -155.565317792399043, 19.093401690049056 ], [ -155.565316844327327, 19.092114323337103 ], [ -155.565695686359931, 19.091074645301507 ], [ -155.566784893963586, 19.090597107063687 ], [ -155.566813816079161, 19.089909948999495 ], [ -155.566812610110389, 19.088324335301458 ], [ -155.567137276438075, 19.087752682239401 ], [ -155.567427664494659, 19.087211323572678 ], [ -155.568019204487996, 19.086415411819353 ], [ -155.568578577778709, 19.085371950142321 ], [ -155.57007325815303, 19.083475515036032 ], [ -155.571240162907515, 19.080816514932426 ], [ -155.573185449136304, 19.078965714159306 ], [ -155.575029649843145, 19.077606111459797 ], [ -155.576190425901387, 19.076820748829302 ], [ -155.576475196018094, 19.076550009623173 ], [ -155.576770867137583, 19.076290048462909 ], [ -155.577198019190178, 19.07588393762974 ], [ -155.578181302024461, 19.075019906439909 ], [ -155.579266810163716, 19.073511043762942 ], [ -155.58083385263248, 19.072575077702041 ], [ -155.58136820405656, 19.072066505878713 ], [ -155.585126015174495, 19.072063235927491 ], [ -155.588714432330022, 19.072714056454284 ], [ -155.589156730771549, 19.071498856552569 ], [ -155.594245692727014, 19.071199055469748 ], [ -155.594815077781305, 19.070933544199139 ], [ -155.595979468671572, 19.070686165822224 ], [ -155.596539578026778, 19.070153164489199 ], [ -155.598135622002758, 19.069452888491877 ], [ -155.600262423924562, 19.066495382907974 ], [ -155.600730907925879, 19.066049514293166 ], [ -155.603163722657683, 19.06649019720972 ], [ -155.605637099067479, 19.066919962988639 ], [ -155.607121206565864, 19.067916878020288 ], [ -155.607969798248831, 19.068468720608152 ], [ -155.61055969575861, 19.070677123453127 ], [ -155.612770283642362, 19.070181565111877 ], [ -155.614773823536325, 19.069952927723705 ], [ -155.616170556093465, 19.069300909864246 ], [ -155.618368020221425, 19.068834123138696 ], [ -155.619245659883319, 19.066080279898436 ], [ -155.620843929558589, 19.064675441335673 ], [ -155.621449705792401, 19.063092687601198 ], [ -155.621541492623891, 19.060897389455477 ], [ -155.621217106555065, 19.060589486651612 ], [ -155.621256552350729, 19.059645209322166 ], [ -155.621255236310105, 19.058612929404319 ], [ -155.623626160880804, 19.054682289423688 ], [ -155.624993374148659, 19.052129056775041 ], [ -155.625968979269032, 19.051200057980139 ], [ -155.626296804615606, 19.050911767383194 ], [ -155.627339135386507, 19.048965203504544 ], [ -155.62887259439961, 19.048292025399245 ], [ -155.630029866021317, 19.046681757320187 ], [ -155.63287390056189, 19.044981974592901 ], [ -155.63467153204985, 19.042816456389314 ], [ -155.63469902813506, 19.042156454431698 ], [ -155.634698350727348, 19.041624971945748 ], [ -155.635569199329694, 19.04108664815212 ], [ -155.636149611350476, 19.040831762666421 ], [ -155.636149086814925, 19.040540634021838 ], [ -155.63674583994981, 19.039488837624749 ], [ -155.637046314349476, 19.038927677319833 ], [ -155.637907654949657, 19.03817023147959 ], [ -155.63821251961113, 19.037073445933604 ], [ -155.638513483121102, 19.036542698386157 ], [ -155.638803540123689, 19.036001174814306 ], [ -155.639394553647833, 19.035204948910991 ], [ -155.63975336596107, 19.034534847963499 ], [ -155.642182544841205, 19.03266946739453 ], [ -155.64901291867838, 19.032131004312042 ], [ -155.660525297535486, 19.031803988420997 ], [ -155.66067353864463, 19.031662562771565 ] ], [ [ -155.411115191012073, 19.342079261955544 ], [ -155.411205407089597, 19.342410959848163 ], [ -155.411460580167045, 19.342178862028575 ], [ -155.411115191012073, 19.342079261955544 ] ], [ [ -155.412071008306924, 19.33749615637646 ], [ -155.412161225532913, 19.337827853833442 ], [ -155.41241638919044, 19.337595753214135 ], [ -155.412071008306924, 19.33749615637646 ] ], [ [ -155.41239156985111, 19.335878255578173 ], [ -155.412481787446808, 19.336209952884275 ], [ -155.412736947799289, 19.335977851304289 ], [ -155.41239156985111, 19.335878255578173 ] ], [ [ -155.546315239558595, 19.150848537691317 ], [ -155.546462704785398, 19.151195021648146 ], [ -155.546967599535293, 19.150970533841036 ], [ -155.546315239558595, 19.150848537691317 ] ] ] } },
{ "type": "Feature", "properties": { "ID": 518, "GRIDCODE": 1 }, "geometry": { "type": "Polygon", "coordinates": [ [ [ -155.684908148916492, 19.029933348030955 ], [ -155.686802488297502, 19.031218092359655 ], [ -155.688948895479996, 19.033939732586344 ], [ -155.690100833177496, 19.035327475993835 ], [ -155.690610562111658, 19.03822599118531 ], [ -155.691568343631047, 19.041386126885079 ], [ -155.692482570864826, 19.04239702526413 ], [ -155.694405125012366, 19.043278180163345 ], [ -155.6948527034329, 19.045472208678788 ], [ -155.694370771358479, 19.046863440684294 ], [ -155.693566609526442, 19.048209493515316 ], [ -155.693408540367557, 19.050122949889541 ], [ -155.693466482758424, 19.051477846700731 ], [ -155.693432856747648, 19.051883400972681 ], [ -155.693520331507671, 19.053922366769196 ], [ -155.69310030510357, 19.055134362209106 ], [ -155.69279446347511, 19.055384310414013 ], [ -155.692235036634656, 19.056487767116487 ], [ -155.691623617443298, 19.05698792811377 ], [ -155.690582139552191, 19.058055225045386 ], [ -155.688953902735136, 19.059093729457437 ], [ -155.687879945155544, 19.059135251527209 ], [ -155.687322672062407, 19.058519177118388 ], [ -155.685734981267956, 19.058580540031805 ], [ -155.684249811660777, 19.05751438158315 ], [ -155.684221748443576, 19.056856256102247 ], [ -155.685267122865326, 19.055314693882877 ], [ -155.685726600844816, 19.052820449679221 ], [ -155.686521932270978, 19.051489356520271 ], [ -155.686711935376422, 19.049190431811194 ], [ -155.686665623961233, 19.04810651917834 ], [ -155.686870601646973, 19.04562699594414 ], [ -155.686191771492389, 19.044147511615556 ], [ -155.685614073662634, 19.044169919854003 ], [ -155.685309538988179, 19.043165454153712 ], [ -155.684264116352097, 19.04268603822316 ], [ -155.684204495420431, 19.04129304085847 ], [ -155.684301479666033, 19.040120743371602 ], [ -155.683943162280315, 19.038745117522677 ], [ -155.684068385337241, 19.037229048002732 ], [ -155.684043299737368, 19.036644485368889 ], [ -155.684357722593177, 19.035737345466092 ], [ -155.684833425239134, 19.03494125160298 ], [ -155.68413455115072, 19.033661310964096 ], [ -155.684764697859123, 19.031094500793074 ], [ -155.684733778726155, 19.030369423917012 ], [ -155.684908148916492, 19.029933348030955 ] ] ] } },
{ "type": "Feature", "properties": { "ID": 519, "GRIDCODE": 1 }, "geometry": { "type": "Polygon", "coordinates": [ [ [ -155.681213642936768, 19.029596179328454 ], [ -155.682581787300421, 19.029795296056868 ], [ -155.682450786333845, 19.031378423983679 ], [ -155.682483670466752, 19.032143991993046 ], [ -155.681907875853994, 19.033107775050116 ], [ -155.681805420027388, 19.034345284294442 ], [ -155.681843187189799, 19.035228608068984 ], [ -155.681505841415088, 19.036784488396247 ], [ -155.680859151077897, 19.037313336109882 ], [ -155.681243111210421, 19.039620987776626 ], [ -155.680850790521674, 19.040277366480868 ], [ -155.6805496679209, 19.041911898402869 ], [ -155.680230725581225, 19.042708945872452 ], [ -155.680548667436881, 19.044267622774978 ], [ -155.680036034130211, 19.044793058435541 ], [ -155.679636564397441, 19.044061613878203 ], [ -155.679354000414577, 19.043128668285448 ], [ -155.67882040048346, 19.04215153943926 ], [ -155.678376967373879, 19.041184759397073 ], [ -155.677445787810001, 19.039689869512241 ], [ -155.677229066052462, 19.036931480540517 ], [ -155.676656618630062, 19.036426436335613 ], [ -155.675814095278099, 19.034097831231168 ], [ -155.675298250019125, 19.033152748616576 ], [ -155.675046242735561, 19.032320567768569 ], [ -155.674486663684547, 19.031826592780767 ], [ -155.674804982999575, 19.030586109014511 ], [ -155.681037392625541, 19.029776783933496 ], [ -155.681213642936768, 19.029596179328454 ] ] ] } }
]
}
