{
"type": "FeatureCollection",
"name": "melpall",
"crs": { "type": "name", "properties": { "name": "urn:ogc:def:crs:OGC:1.3:CRS84" } },
"features": [
{ "type": "Feature", "properties": { "ID": 1, "GRIDCODE": 2 }, "geometry": { "type": "Polygon", "coordinates": [ [ [ -159.583750369759315, 22.214309713129321 ], [ -159.584105629158103, 22.214401216974178 ], [ -159.58385136359459, 22.214639784443452 ], [ -159.583750369759315, 22.214309713129321 ] ] ] } },
{ "type": "Feature", "properties": { "ID": 2, "GRIDCODE": 2 }, "geometry": { "type": "Polygon", "coordinates": [ [ [ -159.579623174256113, 22.201586516255841 ], [ -159.580678451629495, 22.201716988593738 ], [ -159.58005695005869, 22.202257357235801 ], [ -159.579778151341969, 22.202539700904673 ], [ -159.578111252674887, 22.203769963001445 ], [ -159.57773751370965, 22.204433766840122 ], [ -159.577459814656038, 22.204987123063731 ], [ -159.577158751476929, 22.205248880642856 ], [ -159.575443574258856, 22.207443779798734 ], [ -159.574694857011252, 22.208094706938383 ], [ -159.573393882901655, 22.209869528570739 ], [ -159.573116156482513, 22.210422881743273 ], [ -159.57266618146582, 22.211222026740661 ], [ -159.572246446012258, 22.212890666821128 ], [ -159.570811232684918, 22.214138299143006 ], [ -159.570450775457232, 22.215571295992255 ], [ -159.569081800707096, 22.21514018015311 ], [ -159.568765569536083, 22.214222092697934 ], [ -159.56846194230738, 22.213962101630241 ], [ -159.568477766061477, 22.213550714580652 ], [ -159.56845862969169, 22.213139805265715 ], [ -159.569032600673665, 22.212120606803492 ], [ -159.566997253248502, 22.211528392908342 ], [ -159.566701725894887, 22.210115616906531 ], [ -159.565823899604709, 22.209363945609109 ], [ -159.565839730864667, 22.208952558434142 ], [ -159.565814068975612, 22.208400652391649 ], [ -159.567250160046001, 22.20776343370974 ], [ -159.567749190351435, 22.206877186240348 ], [ -159.566960673730108, 22.205818621463145 ], [ -159.567576931338124, 22.205282931191384 ], [ -159.56753936939981, 22.204476658172478 ], [ -159.568882822626904, 22.203662120716881 ], [ -159.56826255337603, 22.202580299070068 ], [ -159.569010743409365, 22.202838376422072 ], [ -159.571337783506351, 22.204655646287449 ], [ -159.574475230408723, 22.205025347922696 ], [ -159.576150441257511, 22.204009573636402 ], [ -159.576731677979211, 22.203504261257255 ], [ -159.577919500240682, 22.202301337436154 ], [ -159.579483775239652, 22.201727687783428 ], [ -159.579623174256113, 22.201586516255841 ] ] ] } },
{ "type": "Feature", "properties": { "ID": 3, "GRIDCODE": 2 }, "geometry": { "type": "Polygon", "coordinates": [ [ [ -159.586015864377373, 22.19912445241593 ], [ -159.586170082163278, 22.199251785851338 ], [ -159.586447086415404, 22.19980807213053 ], [ -159.587888843222089, 22.200114970766069 ], [ -159.587940455554559, 22.20087229343676 ], [ -159.58677623276526, 22.201848515570294 ], [ -159.586488195857271, 22.205770366226314 ], [ -159.585642148967992, 22.206479759060063 ], [ -159.585603809185216, 22.207121028244366 ], [ -159.585668803550931, 22.2080744033501 ], [ -159.585336376247341, 22.208755731461537 ], [ -159.585030247396418, 22.209285133917017 ], [ -159.585065353033428, 22.209800008047171 ], [ -159.584537091333658, 22.211187713137338 ], [ -159.585443384826817, 22.212385938213185 ], [ -159.584463650205691, 22.212808922623495 ], [ -159.583912769958005, 22.213937940190025 ], [ -159.583334346029886, 22.213339768432458 ], [ -159.582690756323274, 22.212808468271803 ], [ -159.583528640868025, 22.21210593069684 ], [ -159.583631932303632, 22.210380349595379 ], [ -159.58356036583146, 22.209329682177181 ], [ -159.583910294087815, 22.208410449262942 ], [ -159.583782675836488, 22.206538362228734 ], [ -159.584431105505331, 22.204949460386285 ], [ -159.584847992467843, 22.204228463208047 ], [ -159.584272459408794, 22.203753304093382 ], [ -159.58385863555074, 22.203325393530342 ], [ -159.583550195233187, 22.20307072235596 ], [ -159.583273195549054, 22.202514431261211 ], [ -159.582368545287551, 22.201435916677578 ], [ -159.584251275447173, 22.201020875796051 ], [ -159.585828036058444, 22.19969874280434 ], [ -159.586015864377373, 22.19912445241593 ] ] ] } },
{ "type": "Feature", "properties": { "ID": 4, "GRIDCODE": 2 }, "geometry": { "type": "Polygon", "coordinates": [ [ [ -159.614500336913551, 22.190617852935578 ], [ -159.61487925262756, 22.190767159416392 ], [ -159.614619606275795, 22.1912333048144 ], [ -159.614500336913551, 22.190617852935578 ] ] ] } },
{ "type": "Feature", "properties": { "ID": 5, "GRIDCODE": 2 }, "geometry": { "type": "Polygon", "coordinates": [ [ [ -159.613607289201866, 22.186013886209459 ], [ -159.613748510182262, 22.18751404038985 ], [ -159.614323297050817, 22.188464441402811 ], [ -159.614362849196198, 22.188900613233297 ], [ -159.613755035294275, 22.189392299559636 ], [ -159.613808168449225, 22.18997843305981 ], [ -159.61312129679709, 22.189624917951637 ], [ -159.612051312461659, 22.189709032677289 ], [ -159.610966327651681, 22.189150616708559 ], [ -159.609688923587186, 22.189935469422213 ], [ -159.609419039381322, 22.190782530903444 ], [ -159.609107509046453, 22.191034559739169 ], [ -159.608841684903268, 22.191868768692551 ], [ -159.608463100263464, 22.19217499367095 ], [ -159.608558059314134, 22.193222391863046 ], [ -159.608204025078322, 22.193818906252922 ], [ -159.608301897005077, 22.194899360426483 ], [ -159.607352288967434, 22.194831866045135 ], [ -159.607403459268085, 22.195396695020957 ], [ -159.606799189592294, 22.195650509991165 ], [ -159.606531015936838, 22.195942684671376 ], [ -159.605190549527777, 22.196323966800428 ], [ -159.604788352722125, 22.196762224542304 ], [ -159.604476800981558, 22.197014244818941 ], [ -159.604097745430693, 22.197813773145288 ], [ -159.602726883846287, 22.197921461079925 ], [ -159.602777741142944, 22.197301640335876 ], [ -159.602728604876404, 22.196759782775345 ], [ -159.602793172016305, 22.195972806625885 ], [ -159.60243392137167, 22.195686872197374 ], [ -159.602161899168664, 22.195395188754766 ], [ -159.601249189850932, 22.195466874089266 ], [ -159.601653070503772, 22.194071058810021 ], [ -159.601273614095163, 22.194044074493956 ], [ -159.600837222328067, 22.194078350769821 ], [ -159.600400552617089, 22.194047295296254 ], [ -159.599556037180946, 22.194113620609095 ], [ -159.599019577532772, 22.193538349686047 ], [ -159.598079359698119, 22.193151804305401 ], [ -159.598817457116098, 22.192554019485591 ], [ -159.600828796992744, 22.193233466914279 ], [ -159.603565079618221, 22.192863248764816 ], [ -159.60616067510432, 22.191335756748241 ], [ -159.609374920224468, 22.188839423092254 ], [ -159.612870701552566, 22.18641311035406 ], [ -159.613607289201866, 22.186013886209459 ] ] ] } },
{ "type": "Feature", "properties": { "ID": 6, "GRIDCODE": 2 }, "geometry": { "type": "Polygon", "coordinates": [ [ [ -159.65281495985559, 22.169058349184095 ], [ -159.653170145380926, 22.169149700354204 ], [ -159.652916078780152, 22.169388380643319 ], [ -159.65281495985559, 22.169058349184095 ] ] ] } },
{ "type": "Feature", "properties": { "ID": 7, "GRIDCODE": 2 }, "geometry": { "type": "Polygon", "coordinates": [ [ [ -159.65339563998802, 22.168785003958867 ], [ -159.654082191339143, 22.169131958108988 ], [ -159.653538092391329, 22.169389188131817 ], [ -159.65339563998802, 22.168785003958867 ] ] ] } },
{ "type": "Feature", "properties": { "ID": 8, "GRIDCODE": 2 }, "geometry": { "type": "Polygon", "coordinates": [ [ [ -159.663850034812413, 22.164406470649659 ], [ -159.664519657106609, 22.164513595885023 ], [ -159.664009736645312, 22.164749936356106 ], [ -159.663850034812413, 22.164406470649659 ] ] ] } },
{ "type": "Feature", "properties": { "ID": 9, "GRIDCODE": 2 }, "geometry": { "type": "Polygon", "coordinates": [ [ [ -159.358324098952806, 22.160214689507381 ], [ -159.35822534387998, 22.160545354077609 ], [ -159.357969582615965, 22.160308245231764 ], [ -159.358324098952806, 22.160214689507381 ] ] ] } },
{ "type": "Feature", "properties": { "ID": 10, "GRIDCODE": 2 }, "geometry": { "type": "Polygon", "coordinates": [ [ [ -159.358324098952806, 22.160214689507381 ], [ -159.358180047232622, 22.159488644857088 ], [ -159.357022558477411, 22.160093527171849 ], [ -159.356713354053596, 22.16007106126261 ], [ -159.35644045831225, 22.160644441077022 ], [ -159.355399067159254, 22.160106221396465 ], [ -159.354760836197954, 22.160059853693902 ], [ -159.353827080790069, 22.161455755994435 ], [ -159.353520360540017, 22.161433468906591 ], [ -159.352172311837393, 22.16178025765026 ], [ -159.351680471821879, 22.16138736580703 ], [ -159.351810375361083, 22.159835754474418 ], [ -159.351339963126833, 22.159801566776814 ], [ -159.350903603235309, 22.159835168992352 ], [ -159.350511841855365, 22.159806698678356 ], [ -159.350015870262041, 22.160639276292493 ], [ -159.350525163221931, 22.161484954726468 ], [ -159.349792896151996, 22.162280339591518 ], [ -159.349160340822465, 22.162234351447342 ], [ -159.348752105659287, 22.163507935246162 ], [ -159.348284115660874, 22.16388523837033 ], [ -159.34788120022472, 22.164322879742329 ], [ -159.347389738005376, 22.164719088545095 ], [ -159.347483767944624, 22.165779055167121 ], [ -159.346513917360113, 22.165853731485079 ], [ -159.346564853379618, 22.165245348693929 ], [ -159.346122840756777, 22.164892283794188 ], [ -159.347205739605585, 22.163268048030105 ], [ -159.34684236790568, 22.161436404261199 ], [ -159.345971169057663, 22.162014578517802 ], [ -159.345526044328608, 22.161982214550491 ], [ -159.34507937771636, 22.162016600583758 ], [ -159.344807475603403, 22.161182346561954 ], [ -159.34448170828702, 22.16092208941977 ], [ -159.344806203728467, 22.160660457913352 ], [ -159.345074861214414, 22.160368696436894 ], [ -159.345388436242644, 22.160115862550288 ], [ -159.345362869432705, 22.159827337186581 ], [ -159.345822346521629, 22.159456875780084 ], [ -159.344739482892038, 22.158174861284852 ], [ -159.345380828750393, 22.158221501614818 ], [ -159.345650826437463, 22.157928222710535 ], [ -159.346546380883467, 22.157674979179138 ], [ -159.346499846338304, 22.157149993907286 ], [ -159.346841112039328, 22.156577105065185 ], [ -159.346519764500897, 22.156320374146201 ], [ -159.346242641785324, 22.156022176512398 ], [ -159.34539203110424, 22.156466626054467 ], [ -159.345342360478924, 22.155906246538105 ], [ -159.345421047878716, 22.154967563228453 ], [ -159.344771352610394, 22.15521980124252 ], [ -159.343777790646897, 22.155738943339113 ], [ -159.343117930147173, 22.154643076486025 ], [ -159.344153705372548, 22.154718411259513 ], [ -159.345272957792389, 22.154332860839027 ], [ -159.346962422816631, 22.154455708136123 ], [ -159.348188007441536, 22.154361344767956 ], [ -159.348730630721832, 22.154794767055535 ], [ -159.349372843143328, 22.155485942329193 ], [ -159.351001699848325, 22.155938969709592 ], [ -159.352015803456652, 22.156748991831197 ], [ -159.352634162563049, 22.157663947425348 ], [ -159.35340566298197, 22.15760452015564 ], [ -159.356036160387418, 22.159333293551164 ], [ -159.358322557297811, 22.159157123199613 ], [ -159.360489675017618, 22.159759703250209 ], [ -159.360540502794521, 22.160331894080112 ], [ -159.360207622866454, 22.160357550597571 ], [ -159.359575780967475, 22.160030995380669 ], [ -159.358324098952806, 22.160214689507381 ] ] ] } },
{ "type": "Feature", "properties": { "ID": 11, "GRIDCODE": 2 }, "geometry": { "type": "Polygon", "coordinates": [ [ [ -159.339686295082544, 22.153478868544408 ], [ -159.341360681359276, 22.153746699147096 ], [ -159.342145296299464, 22.154329336195158 ], [ -159.340187475166289, 22.154059235077479 ], [ -159.339686295082544, 22.153478868544408 ] ] ] } },
{ "type": "Feature", "properties": { "ID": 12, "GRIDCODE": 2 }, "geometry": { "type": "Polygon", "coordinates": [ [ [ -159.336191056522097, 22.151859938516203 ], [ -159.337855001542152, 22.15234689626919 ], [ -159.339432249937374, 22.153702196953777 ], [ -159.33677711197916, 22.153609671291289 ], [ -159.336078783604108, 22.153636901074929 ], [ -159.335743678833495, 22.153348986443056 ], [ -159.337329280185401, 22.152877750613918 ], [ -159.336471589151898, 22.152140719371367 ], [ -159.336191056522097, 22.151859938516203 ] ] ] } },
{ "type": "Feature", "properties": { "ID": 13, "GRIDCODE": 2 }, "geometry": { "type": "Polygon", "coordinates": [ [ [ -159.649493667834122, 22.14278274174762 ], [ -159.649138551109644, 22.142691380617691 ], [ -159.649392577573536, 22.142452706443919 ], [ -159.649493667834122, 22.14278274174762 ] ] ] } },
{ "type": "Feature", "properties": { "ID": 14, "GRIDCODE": 2 }, "geometry": { "type": "Polygon", "coordinates": [ [ [ -159.382046911451567, 22.109749586744858 ], [ -159.382401785314272, 22.109841533927508 ], [ -159.382147357674313, 22.110079800795237 ], [ -159.382046911451567, 22.109749586744858 ] ] ] } },
{ "type": "Feature", "properties": { "ID": 15, "GRIDCODE": 2 }, "geometry": { "type": "Polygon", "coordinates": [ [ [ -159.389931340484196, 22.121114162440779 ], [ -159.39003181347681, 22.121444370803165 ], [ -159.39028624773897, 22.121206091880563 ], [ -159.389931340484196, 22.121114162440779 ], [ -159.38955270724253, 22.120735363190668 ], [ -159.388525767199894, 22.120120907144532 ], [ -159.390065945236643, 22.119188974337646 ], [ -159.389784806659065, 22.118805203222671 ], [ -159.389084178239216, 22.118832754351114 ], [ -159.387125516036718, 22.118546794405987 ], [ -159.38806012342107, 22.117735799614234 ], [ -159.387443337494801, 22.117466367678887 ], [ -159.387162418797203, 22.117185277514448 ], [ -159.386866392721686, 22.117196905176232 ], [ -159.386300072875486, 22.117177336235862 ], [ -159.385202112177126, 22.117722020095705 ], [ -159.384636336985579, 22.116071399866275 ], [ -159.383082157010705, 22.116132454335247 ], [ -159.382495956057568, 22.116112182641885 ], [ -159.381625674325704, 22.1163986796413 ], [ -159.381342419417138, 22.116115243990485 ], [ -159.3810281690686, 22.115845320748146 ], [ -159.381050390242052, 22.11528809975486 ], [ -159.379593270742419, 22.114651479650757 ], [ -159.380504833693578, 22.11448174382549 ], [ -159.38104685365289, 22.114500488142628 ], [ -159.381336933685958, 22.114207302068341 ], [ -159.382204434004137, 22.114237308589022 ], [ -159.38293152646898, 22.11420874918095 ], [ -159.383665226656603, 22.114234123695542 ], [ -159.383616511996081, 22.113157773372304 ], [ -159.384223800201369, 22.112630830496368 ], [ -159.384521087061216, 22.112039951593346 ], [ -159.386425805296312, 22.11250020417566 ], [ -159.38759738672033, 22.11100384167047 ], [ -159.389444204406999, 22.1103957384294 ], [ -159.390624531778712, 22.110778066087434 ], [ -159.38975976512009, 22.109590683184361 ], [ -159.389016035451021, 22.109265770466912 ], [ -159.390248468247194, 22.108019926012489 ], [ -159.391790910876409, 22.107959262654031 ], [ -159.392242146119088, 22.108410735592567 ], [ -159.393245559528111, 22.107966495410174 ], [ -159.393729446635291, 22.107004611726001 ], [ -159.394516098316842, 22.108133280160551 ], [ -159.395293009218875, 22.108513983897694 ], [ -159.396004590336247, 22.108485974904688 ], [ -159.396445887107092, 22.108501198766241 ], [ -159.397588569282817, 22.107764374635327 ], [ -159.397654719879824, 22.109222862355608 ], [ -159.397032713121348, 22.110125565528769 ], [ -159.393721307935124, 22.113486849079468 ], [ -159.392141378130731, 22.11688422312309 ], [ -159.39152899440424, 22.122324798153411 ], [ -159.39123064599724, 22.125306825410114 ], [ -159.390372957647941, 22.125048188900202 ], [ -159.390091628204601, 22.124496465634476 ], [ -159.389788945836955, 22.124236499025159 ], [ -159.389424903143635, 22.123872288247135 ], [ -159.38774115066758, 22.124521369168971 ], [ -159.387795239885833, 22.12316191323329 ], [ -159.38716726765756, 22.122887594225418 ], [ -159.386882350871986, 22.122602559765429 ], [ -159.386007184510618, 22.123166737266171 ], [ -159.385652835746214, 22.122471715738854 ], [ -159.38222979718671, 22.121591344893758 ], [ -159.383117077307986, 22.121250471505419 ], [ -159.385847692387273, 22.121344875647338 ], [ -159.386830362588881, 22.120857399026075 ], [ -159.388912726132673, 22.121258168587815 ], [ -159.389931340484196, 22.121114162440779 ] ] ] } },
{ "type": "Feature", "properties": { "ID": 16, "GRIDCODE": 2 }, "geometry": { "type": "Polygon", "coordinates": [ [ [ -159.402395328163436, 22.105635302137429 ], [ -159.402296712326432, 22.105965993562844 ], [ -159.402040978455062, 22.105728951839215 ], [ -159.402395328163436, 22.105635302137429 ] ] ] } },
{ "type": "Feature", "properties": { "ID": 17, "GRIDCODE": 2 }, "geometry": { "type": "Polygon", "coordinates": [ [ [ -159.578637668227884, 22.102938002060018 ], [ -159.578221616919876, 22.102651867871604 ], [ -159.579021193291396, 22.10203910091959 ], [ -159.578637668227884, 22.102938002060018 ] ] ] } },
{ "type": "Feature", "properties": { "ID": 18, "GRIDCODE": 2 }, "geometry": { "type": "Polygon", "coordinates": [ [ [ -159.406457877449981, 22.102372902175748 ], [ -159.406939627780446, 22.101718944765228 ], [ -159.407448086557423, 22.102133467963519 ], [ -159.406457877449981, 22.102372902175748 ] ] ] } },
{ "type": "Feature", "properties": { "ID": 19, "GRIDCODE": 2 }, "geometry": { "type": "Polygon", "coordinates": [ [ [ -159.408489862021185, 22.101012691666398 ], [ -159.408588460117898, 22.100681996574135 ], [ -159.408844195481606, 22.100919019897152 ], [ -159.408489862021185, 22.101012691666398 ] ] ] } },
{ "type": "Feature", "properties": { "ID": 20, "GRIDCODE": 2 }, "geometry": { "type": "Polygon", "coordinates": [ [ [ -159.408489862021185, 22.101012691666398 ], [ -159.408351372252383, 22.101249608943977 ], [ -159.407515992111172, 22.101572928894925 ], [ -159.407882559227829, 22.100744585985385 ], [ -159.408489862021185, 22.101012691666398 ] ] ] } },
{ "type": "Feature", "properties": { "ID": 21, "GRIDCODE": 2 }, "geometry": { "type": "Polygon", "coordinates": [ [ [ -159.406457877449981, 22.102372902175748 ], [ -159.405941471128358, 22.102977143736144 ], [ -159.402395328163436, 22.105635302137429 ], [ -159.402258747857786, 22.104947984113128 ], [ -159.401630445874559, 22.104688583510772 ], [ -159.401690813346136, 22.103965065863584 ], [ -159.401381608782231, 22.10332396849704 ], [ -159.399743282956507, 22.102449084616769 ], [ -159.398757214476802, 22.101388122229071 ], [ -159.397619516807566, 22.101476103843371 ], [ -159.397199409624335, 22.100778775936057 ], [ -159.398408566456624, 22.100272450399721 ], [ -159.398807874750389, 22.099024716553711 ], [ -159.400055806419289, 22.100870549118316 ], [ -159.401084637287113, 22.101156475126569 ], [ -159.401940229974883, 22.101446890201476 ], [ -159.402500203439331, 22.101403560640282 ], [ -159.403139913360349, 22.101734086667427 ], [ -159.403701023375703, 22.101690667467505 ], [ -159.404973414223946, 22.102348085555892 ], [ -159.405730206206556, 22.101952154523982 ], [ -159.406457877449981, 22.102372902175748 ] ] ] } },
{ "type": "Feature", "properties": { "ID": 22, "GRIDCODE": 2 }, "geometry": { "type": "Polygon", "coordinates": [ [ [ -159.585035649123256, 22.032177802045346 ], [ -159.585136505620511, 22.032507886779992 ], [ -159.5853904501447, 22.032269319181335 ], [ -159.585035649123256, 22.032177802045346 ], [ -159.585174878219618, 22.031483512568727 ], [ -159.586539743533848, 22.031529051786841 ], [ -159.58546685774607, 22.029656072485626 ], [ -159.58633978023451, 22.029864259457725 ], [ -159.587610408934779, 22.030672784133621 ], [ -159.587795482747566, 22.030411416761382 ], [ -159.588202678490148, 22.028790004219317 ], [ -159.588655239072494, 22.028771638201054 ], [ -159.588950721249802, 22.028781494058489 ], [ -159.589541592653774, 22.028487268603154 ], [ -159.590347264483825, 22.028514126762058 ], [ -159.590982901745747, 22.027960718752034 ], [ -159.591368328663236, 22.027191526717544 ], [ -159.59266518460467, 22.028486370942254 ], [ -159.593262455144298, 22.028043891951896 ], [ -159.593585863417189, 22.0273985219821 ], [ -159.594447885582383, 22.027427256761303 ], [ -159.594747590255707, 22.027123300025629 ], [ -159.595334218429258, 22.027142839678771 ], [ -159.59619519195607, 22.02710788207014 ], [ -159.597220497604241, 22.027760173889174 ], [ -159.599053375887848, 22.026847307510852 ], [ -159.600564937904124, 22.028082793504435 ], [ -159.600279787723508, 22.028200427035653 ], [ -159.599333612721807, 22.027738049541096 ], [ -159.596793648730824, 22.028578511070087 ], [ -159.595268684654144, 22.028086390237455 ], [ -159.594172663701158, 22.028751936370874 ], [ -159.593139187772181, 22.0298000327648 ], [ -159.59193657077131, 22.030334506705529 ], [ -159.591564406238604, 22.030658554048259 ], [ -159.591035734433348, 22.031713564624173 ], [ -159.590053589485848, 22.032348897132838 ], [ -159.588957199495837, 22.032836152867016 ], [ -159.586939065157679, 22.034208846776817 ], [ -159.585204427724335, 22.035168010069462 ], [ -159.585169164485279, 22.036085543915998 ], [ -159.58578302987371, 22.036385573617217 ], [ -159.586267128371361, 22.035419685914025 ], [ -159.5883936520124, 22.034474653800878 ], [ -159.588930073677915, 22.033930674942901 ], [ -159.589265690861993, 22.034461196753547 ], [ -159.589555041679489, 22.035027085881882 ], [ -159.589903999221491, 22.033637303512865 ], [ -159.591158084959147, 22.033679116836364 ], [ -159.592168162381085, 22.033376950071343 ], [ -159.592445484337532, 22.032823574139293 ], [ -159.593047260097251, 22.032299626311868 ], [ -159.592450038457258, 22.031257121638006 ], [ -159.593516670774761, 22.03117925145148 ], [ -159.594193601462763, 22.031201809183695 ], [ -159.594472395984553, 22.030919053010251 ], [ -159.595354435987815, 22.030655146747542 ], [ -159.59606197710599, 22.029937625283708 ], [ -159.59703562966061, 22.030909731584853 ], [ -159.597389235588537, 22.030647739414974 ], [ -159.59819386377589, 22.029831727294038 ], [ -159.599131025007637, 22.030089005787673 ], [ -159.599743896658907, 22.030388490686313 ], [ -159.601399179553226, 22.030321233432652 ], [ -159.602031605181338, 22.030863276879462 ], [ -159.602324402430867, 22.0317137694895 ], [ -159.602924713803844, 22.032228285508097 ], [ -159.602545158064942, 22.033953794694529 ], [ -159.603740583893824, 22.034537942768107 ], [ -159.60433715225156, 22.033347229374932 ], [ -159.60481705434384, 22.032929375879455 ], [ -159.605908268227211, 22.03182255076705 ], [ -159.606699204278158, 22.032500378484791 ], [ -159.607114219904531, 22.033311915715121 ], [ -159.607304864883133, 22.03301667785097 ], [ -159.607245913781895, 22.031757798244264 ], [ -159.607556599374277, 22.031137692346839 ], [ -159.60856647354575, 22.031631148320518 ], [ -159.609034152813649, 22.03023475010923 ], [ -159.610350103922372, 22.030659284231337 ], [ -159.611060122786853, 22.030305598657243 ], [ -159.612192097097136, 22.030343190830301 ], [ -159.612491415894965, 22.030039600789788 ], [ -159.612792472860747, 22.029777408448115 ], [ -159.612755351599901, 22.028984587875943 ], [ -159.613366411255726, 22.028149475545533 ], [ -159.613771277520073, 22.027341286513096 ], [ -159.614829074198326, 22.027298215100537 ], [ -159.614762636685214, 22.029038240565828 ], [ -159.61566324780236, 22.031653859888085 ], [ -159.616210902844585, 22.031223477923689 ], [ -159.616574446121007, 22.030576656487636 ], [ -159.616848145341692, 22.029210180519488 ], [ -159.618193591186838, 22.028905996187461 ], [ -159.618605256050103, 22.028084073313348 ], [ -159.619457685437879, 22.027341655324765 ], [ -159.619752625432852, 22.026460801541266 ], [ -159.620333274378396, 22.025955048182894 ], [ -159.620891160176967, 22.025389033735525 ], [ -159.621762185927167, 22.025417921646415 ], [ -159.621198162241654, 22.02431530118773 ], [ -159.620370828028427, 22.023203932266057 ], [ -159.622565180501965, 22.023276699213767 ], [ -159.624033866936713, 22.022544917595468 ], [ -159.624110265095652, 22.024173884299447 ], [ -159.624094801729768, 22.024580480083689 ], [ -159.624143179162274, 22.025612187451742 ], [ -159.623770246912244, 22.026275851055843 ], [ -159.624490791856431, 22.028368153402198 ], [ -159.624941342453212, 22.027812707889321 ], [ -159.625264816669443, 22.026197005618013 ], [ -159.625623176206574, 22.025884862733818 ], [ -159.626519911998827, 22.024094269400106 ], [ -159.62759412220467, 22.024561953639708 ], [ -159.628173102868232, 22.0248447540482 ], [ -159.628712936831704, 22.024296962465719 ], [ -159.630325916795556, 22.025659915044493 ], [ -159.631540685398591, 22.027492707021889 ], [ -159.628530678782937, 22.028393977206235 ], [ -159.62814793759469, 22.029919923597895 ], [ -159.626464859276155, 22.032165279598914 ], [ -159.623559502654786, 22.035147739891148 ], [ -159.623582985381148, 22.035648062762679 ], [ -159.623249565232101, 22.036313658800999 ], [ -159.621551208867601, 22.03779284759112 ], [ -159.621492933981358, 22.039319465793938 ], [ -159.622135692743086, 22.038383129977309 ], [ -159.623789828171255, 22.03764765014277 ], [ -159.624161935282501, 22.037323531114616 ], [ -159.624718718533074, 22.036758699058986 ], [ -159.625319964495816, 22.036235017335425 ], [ -159.625676880374556, 22.035168895256884 ], [ -159.627055781526735, 22.03433121224063 ], [ -159.627716886571534, 22.0333680530069 ], [ -159.629082239832115, 22.032426273345902 ], [ -159.629359414916593, 22.03187283819717 ], [ -159.629810321564833, 22.031480068896531 ], [ -159.630776273218771, 22.030499977380344 ], [ -159.631398548454342, 22.030520573612709 ], [ -159.633351682907772, 22.029547329157015 ], [ -159.634018275074283, 22.031042711056745 ], [ -159.633992284652493, 22.031724622913565 ], [ -159.63402528590899, 22.032426057538178 ], [ -159.633283544343215, 22.033072145481281 ], [ -159.632865993930437, 22.033495794999634 ], [ -159.631445191633532, 22.034733391851901 ], [ -159.631131467561431, 22.035670679125321 ], [ -159.630623343476117, 22.036575018344504 ], [ -159.631419621920656, 22.03725721888361 ], [ -159.631802265896027, 22.038368009725904 ], [ -159.632623076890667, 22.037939282226723 ], [ -159.63253685078115, 22.036103587398937 ], [ -159.636060300192213, 22.035228237709404 ], [ -159.635732685920146, 22.03605217529665 ], [ -159.633307552568482, 22.036778367380993 ], [ -159.633761678775983, 22.038367337211945 ], [ -159.633235324803223, 22.039304143838386 ], [ -159.634661109703302, 22.039718923214142 ], [ -159.634589258269074, 22.041607401558757 ], [ -159.635076924012338, 22.041623525256323 ], [ -159.635894896179764, 22.041590128833167 ], [ -159.6346164349074, 22.045409996483841 ], [ -159.633309945215842, 22.048018660704088 ], [ -159.631261949904939, 22.050096432730175 ], [ -159.627591904489663, 22.053292754387584 ], [ -159.626221009147883, 22.054973457541475 ], [ -159.624880435529036, 22.057649760554128 ], [ -159.624390869325936, 22.05763354865298 ], [ -159.623135555814201, 22.057684716614684 ], [ -159.622511266394952, 22.05714994162641 ], [ -159.621940231539639, 22.056033875469264 ], [ -159.62082430895785, 22.055996872895307 ], [ -159.619949868702491, 22.0567583225634 ], [ -159.621315534012979, 22.057352773831475 ], [ -159.621623378546644, 22.057659980255394 ], [ -159.622580877714569, 22.058231223620737 ], [ -159.624139122339386, 22.060001150500913 ], [ -159.623542032681542, 22.063276484061362 ], [ -159.623721280719622, 22.067097172808083 ], [ -159.620090252152551, 22.067463831363177 ], [ -159.618309660252322, 22.067036145499699 ], [ -159.61644901560058, 22.067592971764093 ], [ -159.616429317772315, 22.068108873887105 ], [ -159.616448330601798, 22.068515337407476 ], [ -159.616437879438081, 22.068789923652503 ], [ -159.616802136755012, 22.07038064769646 ], [ -159.614635705349826, 22.071219621507698 ], [ -159.613020133889222, 22.070430544742287 ], [ -159.612941046396003, 22.070758405005094 ], [ -159.614484333323105, 22.071739739941616 ], [ -159.6155788660881, 22.071776053269421 ], [ -159.615730352268969, 22.071905833722372 ], [ -159.615831310069183, 22.072235895708047 ], [ -159.616085271078788, 22.071997281201465 ], [ -159.615730352268969, 22.071905833722372 ], [ -159.616008827399952, 22.071623423221048 ], [ -159.617653503065412, 22.071131252147893 ], [ -159.617596384764482, 22.069912491434774 ], [ -159.61803343153835, 22.06904027105168 ], [ -159.61877110546547, 22.069064727220521 ], [ -159.620456988512245, 22.068996045074833 ], [ -159.621391518847844, 22.069590241303587 ], [ -159.622109785926142, 22.068861766799753 ], [ -159.625146962749341, 22.068737968742656 ], [ -159.629349979009078, 22.070428435029847 ], [ -159.634170836169403, 22.071830618849859 ], [ -159.634295314684607, 22.074478346760721 ], [ -159.632064905866144, 22.078989819984425 ], [ -159.631614440428791, 22.081461414881595 ], [ -159.631344942439767, 22.085661069422375 ], [ -159.628729358464938, 22.08662195998772 ], [ -159.627082533665117, 22.087687445761926 ], [ -159.625250276429313, 22.087762152846416 ], [ -159.623506963230199, 22.087704429684479 ], [ -159.623223633848283, 22.088550520030321 ], [ -159.622633980978748, 22.089599472244245 ], [ -159.622654506321879, 22.090038151449974 ], [ -159.622633880123715, 22.090580274992593 ], [ -159.622667243983898, 22.09129130068013 ], [ -159.621773928942417, 22.092069010758753 ], [ -159.621495426457216, 22.092351414497688 ], [ -159.620335766491479, 22.092866865017271 ], [ -159.620308243012829, 22.093587435359048 ], [ -159.623372082748944, 22.092462112926299 ], [ -159.624038280984422, 22.091882110002771 ], [ -159.624489376479687, 22.08963027601536 ], [ -159.626836943044452, 22.090193955062265 ], [ -159.62875247971138, 22.089342416596267 ], [ -159.629322544252176, 22.089058498201883 ], [ -159.630705222371574, 22.089104234472064 ], [ -159.631478241387413, 22.088719199008821 ], [ -159.633527827232285, 22.088786964894645 ], [ -159.637350928023807, 22.088392733552258 ], [ -159.643083674946382, 22.086034407629167 ], [ -159.644999047723985, 22.086494467875323 ], [ -159.645144344392207, 22.089581183277168 ], [ -159.643636561936262, 22.093043761177526 ], [ -159.643509700054636, 22.096383066294845 ], [ -159.644149415298273, 22.097632581357853 ], [ -159.645280570190124, 22.09899521873729 ], [ -159.644203797732786, 22.099039250011163 ], [ -159.643096341040092, 22.099002703880654 ], [ -159.642465624172729, 22.099316899035593 ], [ -159.641376282189356, 22.099801222185896 ], [ -159.640731691777717, 22.100362517575252 ], [ -159.640424549842351, 22.102632434488115 ], [ -159.640495319182492, 22.104137521791529 ], [ -159.639191013736905, 22.105460418066603 ], [ -159.63729857150102, 22.106507150782438 ], [ -159.637114505225838, 22.107056801168525 ], [ -159.636760318717222, 22.107150956890738 ], [ -159.637016438889304, 22.107387623232775 ], [ -159.637114505225838, 22.107056801168525 ], [ -159.637836853237587, 22.106644737686853 ], [ -159.640219249850446, 22.105758321890001 ], [ -159.640744967410257, 22.105283677510002 ], [ -159.641027507352561, 22.104735100876407 ], [ -159.641321738907635, 22.104197329311507 ], [ -159.641685700272888, 22.101321145082274 ], [ -159.6430561913551, 22.100656383601297 ], [ -159.643629514979438, 22.100665027523032 ], [ -159.644499078396052, 22.100645058428338 ], [ -159.645001437767377, 22.10159969018817 ], [ -159.645662362198408, 22.100651532752639 ], [ -159.646248627066512, 22.100383619740324 ], [ -159.646900843981427, 22.100067240716299 ], [ -159.649155570983481, 22.100101175906552 ], [ -159.649476564994529, 22.09947786189915 ], [ -159.654119314013457, 22.09553367430971 ], [ -159.656221849092759, 22.095022523884104 ], [ -159.658598609930692, 22.095552375771298 ], [ -159.661892569096324, 22.097860726865292 ], [ -159.664494511030995, 22.098678895057191 ], [ -159.665996345345491, 22.097813948725328 ], [ -159.66603140969255, 22.095776569167413 ], [ -159.665165565166234, 22.093756752956608 ], [ -159.662959311179009, 22.090116048905639 ], [ -159.659839279327826, 22.083520579076012 ], [ -159.657777870688506, 22.079197967403296 ], [ -159.657489122508849, 22.078380638214718 ], [ -159.657190039141568, 22.077845222932751 ], [ -159.656902550362133, 22.077298909001634 ], [ -159.656309119690548, 22.076236558846045 ], [ -159.65294082725714, 22.069446834681678 ], [ -159.653929617331414, 22.069461693320509 ], [ -159.654823249497468, 22.06905315734204 ], [ -159.653953614812593, 22.068367005314403 ], [ -159.652125969649433, 22.068042007470723 ], [ -159.650740163000307, 22.064896098357355 ], [ -159.650724878026892, 22.06431725929502 ], [ -159.650734310944642, 22.063772679390482 ], [ -159.650291856530743, 22.062980460774334 ], [ -159.65130903333764, 22.062957061238368 ], [ -159.651745194217312, 22.062963612084243 ], [ -159.652326640672783, 22.062950245180158 ], [ -159.653016589785494, 22.062960610933555 ], [ -159.653933484243566, 22.062679227604896 ], [ -159.653918978759464, 22.062133684643644 ], [ -159.65461989415104, 22.061813261498422 ], [ -159.652474324210033, 22.060637596720841 ], [ -159.653334897198789, 22.060244188243612 ], [ -159.653327522987723, 22.059967852343053 ], [ -159.65448901507898, 22.05961139843302 ], [ -159.654203218691237, 22.059422276363268 ], [ -159.65301706883622, 22.058891701539036 ], [ -159.653902350711093, 22.05848697624609 ], [ -159.653616753527871, 22.058340530349358 ], [ -159.653028235366264, 22.058077283047751 ], [ -159.652736344591631, 22.057796474329397 ], [ -159.652132562245214, 22.057810361357305 ], [ -159.651180828159198, 22.056894884434978 ], [ -159.650325781269316, 22.058555815704889 ], [ -159.649830202287745, 22.058079061613501 ], [ -159.648973108399247, 22.058098756305998 ], [ -159.648329862821839, 22.055233104347046 ], [ -159.648951023079263, 22.048792777332256 ], [ -159.650124476894007, 22.04422073111342 ], [ -159.65293244446363, 22.040190532008911 ], [ -159.653242494816851, 22.040183406625655 ], [ -159.653958017929995, 22.040871755337918 ], [ -159.654553506880973, 22.041400587071628 ], [ -159.654654530528006, 22.041730624694935 ], [ -159.65490837167772, 22.041491951918527 ], [ -159.654553506880973, 22.041400587071628 ], [ -159.65440918298944, 22.040991916673619 ], [ -159.653822942694774, 22.039942059410137 ], [ -159.654345592531058, 22.038877235803628 ], [ -159.661133314280562, 22.032800794186471 ], [ -159.662791034565117, 22.031743335850727 ], [ -159.663087280398116, 22.031747761240577 ], [ -159.664324830985692, 22.030536345006794 ], [ -159.666695559870334, 22.028843904952879 ], [ -159.671221949250423, 22.027225605187112 ], [ -159.676468866637407, 22.026102451121151 ], [ -159.680102197643919, 22.026638503319099 ], [ -159.685164955837166, 22.028670141266531 ], [ -159.689758824045271, 22.032642746245674 ], [ -159.698485623738605, 22.037277742274313 ], [ -159.701133649434325, 22.039628003357844 ], [ -159.705897054299925, 22.047126943262619 ], [ -159.713162842253695, 22.060047863367181 ], [ -159.717770021525411, 22.074002707076783 ], [ -159.720040794811183, 22.086067195436144 ], [ -159.7197842125656, 22.091675602514471 ], [ -159.716365882851392, 22.091147671697836 ], [ -159.716249692597785, 22.091541392881258 ], [ -159.717189774322378, 22.091961349716268 ], [ -159.718269445406406, 22.092998783415805 ], [ -159.719785452382695, 22.093915569109114 ], [ -159.719855622201408, 22.096516997409672 ], [ -159.718478583071459, 22.10464136576558 ], [ -159.717815782644408, 22.104963251456475 ], [ -159.715784611700627, 22.105892547890015 ], [ -159.716070448129557, 22.106054983167219 ], [ -159.718107841166585, 22.106354873115269 ], [ -159.716833391764112, 22.113056720959531 ], [ -159.714651891135134, 22.113107774952333 ], [ -159.714177455167118, 22.112651944601694 ], [ -159.712611766076463, 22.112303526351308 ], [ -159.711353608816466, 22.112008903743472 ], [ -159.708962551580299, 22.112382280818569 ], [ -159.707966756764989, 22.11286576184791 ], [ -159.706076008623711, 22.11316096855796 ], [ -159.708270826314902, 22.114488246044957 ], [ -159.706507122296273, 22.115294986970675 ], [ -159.704743289275655, 22.116151318175941 ], [ -159.701879442116933, 22.117030896882689 ], [ -159.704803461195638, 22.117692227372853 ], [ -159.707210992775771, 22.117106211616012 ], [ -159.707984149785403, 22.117473104974884 ], [ -159.708716760916786, 22.117455991009411 ], [ -159.709249505287573, 22.118467126301145 ], [ -159.71229694968892, 22.117725261825726 ], [ -159.713809592923468, 22.117984249554052 ], [ -159.7143870915055, 22.118258275429849 ], [ -159.714945285098395, 22.118245212936841 ], [ -159.715843159375936, 22.118646243245635 ], [ -159.714647907342396, 22.124214753920658 ], [ -159.713253821581958, 22.129211155094254 ], [ -159.710045736493896, 22.128569679225517 ], [ -159.708360481739646, 22.127770050871334 ], [ -159.708840053404401, 22.128770217489432 ], [ -159.709205667739894, 22.129121470405234 ], [ -159.709816006804829, 22.129394070080618 ], [ -159.710373266064124, 22.12992944681999 ], [ -159.712078998711064, 22.130436946852125 ], [ -159.71283238028829, 22.131105024322686 ], [ -159.71144799467578, 22.135964807354242 ], [ -159.70927526392407, 22.141858994080348 ], [ -159.708545749344893, 22.141994959426022 ], [ -159.708385968025311, 22.141651538493058 ], [ -159.707876206111592, 22.141888012780196 ], [ -159.708545749344893, 22.141994959426022 ], [ -159.70868510789316, 22.142408505958052 ], [ -159.708998124503694, 22.142666617452736 ], [ -159.708233470485084, 22.144681420024355 ], [ -159.70723690481833, 22.145112755772324 ], [ -159.707634500018372, 22.145786829924329 ], [ -159.706819896065667, 22.147933058667117 ], [ -159.705873476115954, 22.149573631807371 ], [ -159.703800033115698, 22.151315627810511 ], [ -159.700699036083847, 22.152657648450489 ], [ -159.697728492593541, 22.153040707668687 ], [ -159.696733460964111, 22.152712913421084 ], [ -159.695964320002759, 22.151918387444276 ], [ -159.695347242287767, 22.151409478417591 ], [ -159.694933283121742, 22.150981847317357 ], [ -159.694470471363246, 22.150600160629924 ], [ -159.694194477952891, 22.150315066345186 ], [ -159.693269048288727, 22.150053161844671 ], [ -159.693317320225333, 22.14923550327693 ], [ -159.692972367017717, 22.148950989321321 ], [ -159.69189136085356, 22.149015615668525 ], [ -159.690974958170045, 22.148425060257708 ], [ -159.690695515482474, 22.148719063428892 ], [ -159.690098582145538, 22.148977356325705 ], [ -159.689504178383572, 22.149281514575279 ], [ -159.688887078116039, 22.149249864063922 ], [ -159.688368064197675, 22.148713649920104 ], [ -159.687508858750846, 22.148350661160528 ], [ -159.687201621759499, 22.149292603728139 ], [ -159.686611128203879, 22.149262312983424 ], [ -159.685753776007715, 22.149552966316161 ], [ -159.684147302524877, 22.149839281955057 ], [ -159.683564870683796, 22.149809393030559 ], [ -159.682639393960073, 22.149864671727343 ], [ -159.68067855844464, 22.150529345559494 ], [ -159.682275674867213, 22.152262481146362 ], [ -159.682554262659067, 22.153089621341199 ], [ -159.683330202355421, 22.154114558710663 ], [ -159.684567333416254, 22.155134943288324 ], [ -159.684754865759743, 22.155504307918136 ], [ -159.680953359080945, 22.154572918468279 ], [ -159.678506194291714, 22.15490848319925 ], [ -159.679963859840541, 22.155524353140798 ], [ -159.681563142994435, 22.156436118380284 ], [ -159.682284976861439, 22.157580658821512 ], [ -159.681396159385713, 22.157965163246111 ], [ -159.681433930038878, 22.158514452035782 ], [ -159.680214996088978, 22.158784008574258 ], [ -159.679554640043591, 22.159478689777544 ], [ -159.678974579095978, 22.159965825371341 ], [ -159.67822554789899, 22.159590709855721 ], [ -159.677655639127153, 22.160433691805224 ], [ -159.677076536732301, 22.160143674454755 ], [ -159.676477083767281, 22.159890395673521 ], [ -159.676197145030983, 22.159601151818933 ], [ -159.67532733253077, 22.159895938825027 ], [ -159.675023094074305, 22.159880309518822 ], [ -159.674748225075206, 22.160169437045649 ], [ -159.674148557416856, 22.16013863555537 ], [ -159.674187174703263, 22.160699890834284 ], [ -159.672379371681501, 22.16206023823305 ], [ -159.672444338103446, 22.160962970074586 ], [ -159.671824520734958, 22.16045166709106 ], [ -159.671472384227059, 22.159069656937252 ], [ -159.670946073777003, 22.159101052364722 ], [ -159.670653691496767, 22.158798930863806 ], [ -159.670071565902077, 22.15883365454949 ], [ -159.669793890653807, 22.158276622034791 ], [ -159.669253035236721, 22.157830439664192 ], [ -159.668328264106094, 22.158303461132391 ], [ -159.668046132046896, 22.158011912512038 ], [ -159.667188232424678, 22.158063072912512 ], [ -159.666743964057019, 22.157603956524895 ], [ -159.666227436930654, 22.157177828651623 ], [ -159.665409982738339, 22.157226564708147 ], [ -159.664753416994188, 22.156897664596741 ], [ -159.663233336078434, 22.156988274039065 ], [ -159.662415776210281, 22.156946214807721 ], [ -159.66163734226879, 22.156141768817086 ], [ -159.65914763321058, 22.155305743287688 ], [ -159.658109333646792, 22.15478557309287 ], [ -159.657423970000849, 22.154826399605657 ], [ -159.658313875411466, 22.156795381286059 ], [ -159.659160266472753, 22.15823138645791 ], [ -159.66110036801112, 22.159628359313846 ], [ -159.661936104275924, 22.161305164082922 ], [ -159.662512498701545, 22.161780678778971 ], [ -159.662814032037716, 22.162385672184879 ], [ -159.663124685734601, 22.162912708352465 ], [ -159.663107865824969, 22.163196333895556 ], [ -159.663710782612924, 22.163992884136913 ], [ -159.663850034812413, 22.164406470649659 ], [ -159.663415544939824, 22.164269917857009 ], [ -159.663105402173443, 22.164277076643899 ], [ -159.661966357624891, 22.165910794024466 ], [ -159.661676362255974, 22.165632069862195 ], [ -159.661379782774077, 22.165638913984139 ], [ -159.661089510426621, 22.165087773520202 ], [ -159.660344502041511, 22.166156340409554 ], [ -159.659828970608942, 22.165177465785749 ], [ -159.659345926061746, 22.165649864964465 ], [ -159.659056471501202, 22.165371663161679 ], [ -159.658759856786077, 22.165378502650796 ], [ -159.658468354219025, 22.164019053624461 ], [ -159.658018556739307, 22.163484257776183 ], [ -159.657541524110172, 22.165341785554656 ], [ -159.657014427535699, 22.16483515494469 ], [ -159.656719122820761, 22.165123954752964 ], [ -159.655848605003229, 22.164287307315167 ], [ -159.655563638186464, 22.165396886176378 ], [ -159.654971298038873, 22.16538801030822 ], [ -159.654992906308507, 22.166203916004072 ], [ -159.654400435463486, 22.166474601221889 ], [ -159.654099323086513, 22.166769052157324 ], [ -159.654127451977843, 22.167828499618604 ], [ -159.653509156962059, 22.168646326710551 ], [ -159.652365849999626, 22.167547419187116 ], [ -159.651505415783305, 22.168388754015041 ], [ -159.651105851467918, 22.168655943586618 ], [ -159.650626645765698, 22.16730037220724 ], [ -159.650046641762088, 22.167581628371078 ], [ -159.649362221593776, 22.167571346024285 ], [ -159.649752103636729, 22.166495360546978 ], [ -159.649295780806142, 22.165678910975341 ], [ -159.650306768239204, 22.165694094627675 ], [ -159.651066439670871, 22.165325706489661 ], [ -159.650024838147289, 22.16405836107214 ], [ -159.649424616826479, 22.163213553697322 ], [ -159.648592179841245, 22.162474881219453 ], [ -159.647690581171645, 22.161352033345938 ], [ -159.646787675785163, 22.161090023757179 ], [ -159.645071719797812, 22.162183462406428 ], [ -159.644490002977335, 22.161338256688904 ], [ -159.645365025376037, 22.159739414294357 ], [ -159.644760649800219, 22.159469222517647 ], [ -159.644779990239414, 22.15835114963815 ], [ -159.643320214527733, 22.160838899810958 ], [ -159.642625380073298, 22.158872621419846 ], [ -159.641570807611629, 22.159213497046675 ], [ -159.640007937278995, 22.159574896693591 ], [ -159.639537856306021, 22.160034541421414 ], [ -159.638479010310107, 22.160518185697985 ], [ -159.638081796109191, 22.15976369271457 ], [ -159.637642570632266, 22.159773764387257 ], [ -159.636758214923589, 22.159760405430696 ], [ -159.63576192173133, 22.161693902049972 ], [ -159.635444806431224, 22.160503835938929 ], [ -159.635466993239106, 22.15922815865915 ], [ -159.633790975755858, 22.159769831289079 ], [ -159.632645381042323, 22.158156878139557 ], [ -159.631721268987405, 22.158178027892955 ], [ -159.63019990329795, 22.157893904316243 ], [ -159.630232212363666, 22.159119489776515 ], [ -159.630215803211826, 22.160060298727192 ], [ -159.630549768061712, 22.160658008962244 ], [ -159.630521699683641, 22.162265585870326 ], [ -159.629352661941994, 22.164401067002242 ], [ -159.630249207741343, 22.164943638138645 ], [ -159.630537990326786, 22.165761006435726 ], [ -159.631433673815906, 22.166027906144731 ], [ -159.629671116692521, 22.167114029797702 ], [ -159.629097520145677, 22.167679539838119 ], [ -159.629699883197986, 22.168214142178616 ], [ -159.63124295012085, 22.168178837623085 ], [ -159.630844641240657, 22.169277649956818 ], [ -159.63056314783924, 22.17009722353691 ], [ -159.630049385737948, 22.171035678392986 ], [ -159.63231621162646, 22.171711128071436 ], [ -159.632602595942814, 22.17198645370587 ], [ -159.633485091725674, 22.172249401585411 ], [ -159.633182381096958, 22.172802376214062 ], [ -159.633200085273728, 22.173472031657806 ], [ -159.633189119506198, 22.174100853563633 ], [ -159.635531528737971, 22.174950854615886 ], [ -159.635817925896134, 22.175226174189447 ], [ -159.636115926002134, 22.175490613128254 ], [ -159.636402325392567, 22.175765931603951 ], [ -159.636700327727965, 22.176030369403986 ], [ -159.637153276688139, 22.177729933058224 ], [ -159.636122295612751, 22.178200779747559 ], [ -159.635259939327227, 22.178618802656565 ], [ -159.633206806259892, 22.179556387307873 ], [ -159.63235502608228, 22.180389013022246 ], [ -159.631519296144916, 22.181143085969232 ], [ -159.630313650033344, 22.180388738269791 ], [ -159.630029516498411, 22.180940059620607 ], [ -159.629151474302688, 22.181481065867533 ], [ -159.629714630443971, 22.182992873646288 ], [ -159.62886459664449, 22.183381024178143 ], [ -159.628887760039817, 22.184259671159836 ], [ -159.625454838760618, 22.18390990310337 ], [ -159.624276876861842, 22.184290455275406 ], [ -159.623650413620993, 22.186113968313354 ], [ -159.623268482410083, 22.186923070459112 ], [ -159.622698690763571, 22.183232635166668 ], [ -159.62188425797072, 22.182868486596639 ], [ -159.620972194191665, 22.182435284514135 ], [ -159.61961887121447, 22.183297198540572 ], [ -159.619134478993118, 22.184236769423858 ], [ -159.618578935906356, 22.185251299044427 ], [ -159.617159487058217, 22.185899295088461 ], [ -159.615205357498184, 22.185869549863092 ], [ -159.613607289201866, 22.186013886209459 ], [ -159.613877338583137, 22.185719563342655 ], [ -159.618185352584248, 22.182249862307764 ], [ -159.622961210726857, 22.177511997313132 ], [ -159.625016416905368, 22.174494977588491 ], [ -159.625904513674129, 22.172508084116039 ], [ -159.625593697585629, 22.169838858812135 ], [ -159.623642741263382, 22.165790199958487 ], [ -159.62226800128559, 22.160565165011921 ], [ -159.621689293766678, 22.154843250967343 ], [ -159.622055524725567, 22.151755159277265 ], [ -159.623277539130981, 22.149921064777736 ], [ -159.625899160969652, 22.148545296552072 ], [ -159.628573992322515, 22.148735167365537 ], [ -159.631282049165179, 22.148521933049189 ], [ -159.634550951344352, 22.149200431179434 ], [ -159.63541420748507, 22.149765569606018 ], [ -159.636231804988455, 22.149336416188756 ], [ -159.63657568386995, 22.151380867045656 ], [ -159.638482967823649, 22.151697266734605 ], [ -159.639244477426899, 22.15295622852318 ], [ -159.639844670826989, 22.154195191684195 ], [ -159.64120723826295, 22.1533927028688 ], [ -159.642012869554179, 22.15138973764477 ], [ -159.644188707702341, 22.151218231410301 ], [ -159.646794222507765, 22.15173685885885 ], [ -159.646756827038843, 22.151325234053754 ], [ -159.647065814789329, 22.150255512581101 ], [ -159.647465841416164, 22.147738284497191 ], [ -159.648775086823719, 22.147831051402349 ], [ -159.648799837666104, 22.147528346924908 ], [ -159.648677618946692, 22.146183816865324 ], [ -159.649179052919408, 22.146490730836124 ], [ -159.650132663320875, 22.147512958648274 ], [ -159.653710160236216, 22.14708243160192 ], [ -159.653756544937693, 22.146514194968745 ], [ -159.653278171171934, 22.145526982682156 ], [ -159.65142619694447, 22.145673073597067 ], [ -159.650663096226566, 22.144855053673691 ], [ -159.649927372321912, 22.144552725063587 ], [ -159.648632474759921, 22.143616306186651 ], [ -159.647607013096746, 22.144299798294362 ], [ -159.64711273940037, 22.143769942616689 ], [ -159.643543468673073, 22.143403053743093 ], [ -159.644107787675011, 22.142924259308963 ], [ -159.645710019953043, 22.143465226531209 ], [ -159.646461854719774, 22.14320800289244 ], [ -159.646024164556223, 22.142484447280982 ], [ -159.648525264862599, 22.143454060945718 ], [ -159.649659138787428, 22.143197065429476 ], [ -159.649493667834122, 22.14278274174762 ], [ -159.649933557739871, 22.142913787160005 ], [ -159.650500995567626, 22.143459313554665 ], [ -159.651088382341356, 22.14344579673535 ], [ -159.651812574962236, 22.143789694285079 ], [ -159.652554292846077, 22.143450791876642 ], [ -159.652941551019126, 22.143072049942386 ], [ -159.65457216904403, 22.143846360063232 ], [ -159.656038223591395, 22.143176479113443 ], [ -159.654663226150518, 22.141803638098295 ], [ -159.653692498528756, 22.141825990459463 ], [ -159.653715762218582, 22.140480368429053 ], [ -159.653123365654722, 22.139420157725947 ], [ -159.655164376585503, 22.139102207479105 ], [ -159.655142785262967, 22.138288333632495 ], [ -159.655147497491782, 22.13801729502859 ], [ -159.655133308208661, 22.137483136829701 ], [ -159.655439241032184, 22.136924022019851 ], [ -159.654843053043834, 22.136395003900862 ], [ -159.65484782486169, 22.13612135967103 ], [ -159.654840596481534, 22.135848235021399 ], [ -159.655173919276535, 22.133979062413829 ], [ -159.653990967966763, 22.133417309936746 ], [ -159.652712405243676, 22.133974798056311 ], [ -159.649605744698874, 22.136139596196625 ], [ -159.649125801980318, 22.136609016935658 ], [ -159.64728762170742, 22.136967391691034 ], [ -159.646991510960902, 22.136962933401822 ], [ -159.645837322692216, 22.137786098442739 ], [ -159.644741383210203, 22.138286792038013 ], [ -159.64256179919289, 22.139529957851845 ], [ -159.639512321174209, 22.140515783706359 ], [ -159.638279025385629, 22.140255017875567 ], [ -159.637006891112009, 22.137105886785854 ], [ -159.634993098753142, 22.134484559250097 ], [ -159.630378923967015, 22.130536681974498 ], [ -159.628039107673487, 22.129072115272166 ], [ -159.623375041517505, 22.1268560603779 ], [ -159.619019742218995, 22.125417620546795 ], [ -159.609123470030056, 22.122297297891585 ], [ -159.599050814539936, 22.118357171881573 ], [ -159.59089315067564, 22.114105744424197 ], [ -159.584873956527701, 22.11124377711587 ], [ -159.580390826328852, 22.109905825115842 ], [ -159.57766779978337, 22.108255987458985 ], [ -159.576474284473761, 22.106628594756835 ], [ -159.577129181791605, 22.105039221407704 ], [ -159.578200150895782, 22.103343373436484 ], [ -159.578495725725247, 22.103076729361728 ], [ -159.578637668227884, 22.102938002060018 ], [ -159.579074744544471, 22.103138530384978 ], [ -159.579510171462886, 22.102934909984192 ], [ -159.579611069550936, 22.103264994473417 ], [ -159.579865147002494, 22.103026426277324 ], [ -159.579510171462886, 22.102934909984192 ], [ -159.579072016396708, 22.101756656880323 ], [ -159.579423271664268, 22.101702990232965 ], [ -159.58023505098592, 22.10171554339049 ], [ -159.581108263868231, 22.101159392756227 ], [ -159.582228006545137, 22.101176696471725 ], [ -159.583424106395597, 22.100630664506685 ], [ -159.582656412536068, 22.100251416445261 ], [ -159.581098567059371, 22.100629389441835 ], [ -159.580811287717466, 22.100352853022365 ], [ -159.579574046415303, 22.100076445748275 ], [ -159.581014812108151, 22.094930414011181 ], [ -159.581367853914827, 22.094935874690833 ], [ -159.581804046776597, 22.094926035067594 ], [ -159.582505017844142, 22.094936854679844 ], [ -159.583114558500483, 22.094658579055434 ], [ -159.583837260725034, 22.094308352969783 ], [ -159.584563035872804, 22.094653504321929 ], [ -159.585147322335814, 22.094640297401252 ], [ -159.586280504499513, 22.094657790845805 ], [ -159.587179032653324, 22.094367578762338 ], [ -159.588056203640889, 22.094098827400398 ], [ -159.588476063917739, 22.093284245470624 ], [ -159.589508009142065, 22.093546124810775 ], [ -159.590069100535715, 22.094086147343038 ], [ -159.590955229393444, 22.093293298802131 ], [ -159.590658316675416, 22.092988957686277 ], [ -159.589615702167237, 22.093012555695541 ], [ -159.588621757048884, 22.09165741357338 ], [ -159.588636207444807, 22.090844455896544 ], [ -159.588328820280623, 22.091111160410641 ], [ -159.587191829982004, 22.092741026891382 ], [ -159.586590513171643, 22.092754616391701 ], [ -159.586595464759512, 22.092475221211124 ], [ -159.58658837186394, 22.092202006316604 ], [ -159.586980436269101, 22.090382139430883 ], [ -159.585962640059279, 22.090875450003725 ], [ -159.584550087587075, 22.090853643052149 ], [ -159.583680993256593, 22.090873273962718 ], [ -159.583673237087311, 22.090575479763309 ], [ -159.585122269445748, 22.089268015423308 ], [ -159.584835993762852, 22.088955503011512 ], [ -159.584252239960648, 22.088436798888353 ], [ -159.584879463816179, 22.088115510839369 ], [ -159.587734974447841, 22.088159577507053 ], [ -159.587444844167493, 22.087585439003274 ], [ -159.586301034909468, 22.087611314156078 ], [ -159.585699355324948, 22.087325160487872 ], [ -159.58483043496571, 22.087605829080683 ], [ -159.583550536041599, 22.087997964803257 ], [ -159.582787576848119, 22.088686368415075 ], [ -159.581888434508414, 22.089565287724319 ], [ -159.582161822013859, 22.076497934834521 ], [ -159.583313075322849, 22.075972279792776 ], [ -159.583470471703549, 22.075818423525469 ], [ -159.58382461890838, 22.075724375615543 ], [ -159.583568643767336, 22.075487629987709 ], [ -159.583470471703549, 22.075818423525469 ], [ -159.58332162656643, 22.075686155140964 ], [ -159.583035392680102, 22.07541062629144 ], [ -159.581611998157399, 22.075442773274133 ], [ -159.581551499335376, 22.073115013075647 ], [ -159.581568417310763, 22.072166367023339 ], [ -159.581554354704082, 22.071626981521781 ], [ -159.582139703019521, 22.071098780341249 ], [ -159.581561910998602, 22.0710795127846 ], [ -159.580671854790694, 22.071099597080238 ], [ -159.581463333633678, 22.068917158087011 ], [ -159.580968784781419, 22.069184513960309 ], [ -159.579814527618424, 22.069919799942003 ], [ -159.580104619308827, 22.068883719858515 ], [ -159.580892953773514, 22.067443783628313 ], [ -159.579265720807712, 22.068232471272669 ], [ -159.579891961879355, 22.066505728598376 ], [ -159.578578164995662, 22.066113469985552 ], [ -159.576489377881899, 22.061231408878335 ], [ -159.573613574238607, 22.055758364108165 ], [ -159.566966596667555, 22.045408353415315 ], [ -159.562676397329994, 22.039214545657188 ], [ -159.557869480321955, 22.034940271898332 ], [ -159.558394766992251, 22.033752211361627 ], [ -159.559027513499615, 22.033762079329662 ], [ -159.559311443499666, 22.033484558446929 ], [ -159.560188298098979, 22.03321596140006 ], [ -159.561313308019635, 22.032670735433172 ], [ -159.561918988236755, 22.032657129038803 ], [ -159.562512211179893, 22.032939502153916 ], [ -159.562845878842609, 22.031314264733915 ], [ -159.563375480089178, 22.031302370135041 ], [ -159.563965276181108, 22.031311556351334 ], [ -159.564538831969799, 22.03075083683316 ], [ -159.565120250795246, 22.03075988237698 ], [ -159.565688285790088, 22.030204603783492 ], [ -159.566280916210815, 22.030213821580656 ], [ -159.566652608149411, 22.029132235219027 ], [ -159.56771874736927, 22.029108263613935 ], [ -159.568570454072045, 22.029928678467719 ], [ -159.568908075283275, 22.02993392474777 ], [ -159.568880388805212, 22.028865779216414 ], [ -159.570018934453373, 22.027233430314578 ], [ -159.570622620688454, 22.026940815910411 ], [ -159.571490892915506, 22.026954298755097 ], [ -159.571785596028178, 22.025586658332465 ], [ -159.571778362642789, 22.025305086719783 ], [ -159.573204458918923, 22.02532723322533 ], [ -159.573823499967915, 22.02502712608732 ], [ -159.574684450411894, 22.025040485517401 ], [ -159.575260624558524, 22.024477106401608 ], [ -159.575830004635463, 22.025025512904424 ], [ -159.576474642883539, 22.02473931709239 ], [ -159.577307187187984, 22.023925259144072 ], [ -159.578173453624004, 22.023938680880047 ], [ -159.579120883792797, 22.02363258121736 ], [ -159.580785849243824, 22.023658366735454 ], [ -159.581079266330136, 22.023651751822317 ], [ -159.581640186369299, 22.024191913322291 ], [ -159.582243227098843, 22.023924171382028 ], [ -159.582525841978878, 22.023375688901503 ], [ -159.582821246040339, 22.023109038210148 ], [ -159.583104966409223, 22.022831576940984 ], [ -159.583400368257742, 22.022564925236381 ], [ -159.584234838691771, 22.021748873998451 ], [ -159.584851469790067, 22.022012274768109 ], [ -159.585412254859165, 22.022552324546592 ], [ -159.586015281286194, 22.022284568978346 ], [ -159.586611971619448, 22.021995229901549 ], [ -159.587928882675556, 22.02201557185699 ], [ -159.592383818726574, 22.021187989374273 ], [ -159.59299111429894, 22.020893494050004 ], [ -159.593564117851088, 22.020902320928869 ], [ -159.59472377975311, 22.020876049467972 ], [ -159.591635253495753, 22.022000859715913 ], [ -159.59094997167719, 22.021990297166582 ], [ -159.588897786773373, 22.022826957228741 ], [ -159.588046573127684, 22.022813819286764 ], [ -159.587471979458456, 22.023092431233387 ], [ -159.586864592510295, 22.023369868359715 ], [ -159.586312642786282, 22.023909661339193 ], [ -159.58543589778634, 22.024178396217849 ], [ -159.585152179442929, 22.024455861437012 ], [ -159.584709075545277, 22.024855843466696 ], [ -159.584283493470764, 22.025272039285742 ], [ -159.583676090827396, 22.025549464859576 ], [ -159.58311288173519, 22.026100238282755 ], [ -159.581961580365771, 22.026082429728277 ], [ -159.581947505392662, 22.026875707305216 ], [ -159.582260580137756, 22.027718060908967 ], [ -159.581089435760447, 22.027988646063427 ], [ -159.581570562606572, 22.029283145863847 ], [ -159.580522386740256, 22.029621824585316 ], [ -159.579639570269137, 22.029892370248078 ], [ -159.57966548540341, 22.030889007084291 ], [ -159.578488359720865, 22.03124974979302 ], [ -159.578206814721057, 22.032069247571929 ], [ -159.577039171584687, 22.032338998037694 ], [ -159.57705304836955, 22.03287365647909 ], [ -159.576177471041149, 22.033431527988949 ], [ -159.575301600759758, 22.033971298858642 ], [ -159.575328078712232, 22.034991424251881 ], [ -159.575003297584914, 22.035936656198295 ], [ -159.573422957883452, 22.037362932475439 ], [ -159.572997305620305, 22.037779099865926 ], [ -159.572417996835043, 22.038301920939958 ], [ -159.573441511835483, 22.038374682337981 ], [ -159.576595976799041, 22.03693420380737 ], [ -159.577344289646732, 22.035861227263176 ], [ -159.577787448200667, 22.035461264492461 ], [ -159.578213079389513, 22.035045084987654 ], [ -159.578508515380605, 22.034778441748308 ], [ -159.578934142423321, 22.034362260425176 ], [ -159.57982043870328, 22.033562308824898 ], [ -159.580723419423236, 22.032679351261525 ], [ -159.582087284518508, 22.033328254534513 ], [ -159.582751184679296, 22.032679064765652 ], [ -159.583154061167392, 22.033401414157115 ], [ -159.583444109574003, 22.033953449878499 ], [ -159.583989157857985, 22.032895658530993 ], [ -159.584580735268361, 22.032317238288961 ], [ -159.585035649123256, 22.032177802045346 ] ], [ [ -159.655005956708408, 22.139508471385241 ], [ -159.654869333386785, 22.139652155281553 ], [ -159.654334755999912, 22.140101033869936 ], [ -159.655006966442159, 22.141262469118296 ], [ -159.655727823580321, 22.140104142849015 ], [ -159.655005956708408, 22.139508471385241 ] ], [ [ -159.589432311423082, 22.111030113356698 ], [ -159.589533238676751, 22.111360190762692 ], [ -159.589787313210536, 22.111121607417797 ], [ -159.589432311423082, 22.111030113356698 ] ], [ [ -159.591394839646682, 22.093406510074697 ], [ -159.591495757859377, 22.093736587151817 ], [ -159.591749798246582, 22.093498009283053 ], [ -159.591394839646682, 22.093406510074697 ] ], [ [ -159.590508869582351, 22.090157429943542 ], [ -159.590690838201283, 22.091027326782338 ], [ -159.591521908702191, 22.090333876415894 ], [ -159.590508869582351, 22.090157429943542 ] ], [ [ -159.587293170581319, 22.086103656665308 ], [ -159.587394073701546, 22.08643373689177 ], [ -159.587648108386929, 22.086195165321399 ], [ -159.587293170581319, 22.086103656665308 ] ], [ [ -159.588744920751935, 22.0855563877364 ], [ -159.588845826802924, 22.085886467023215 ], [ -159.589099858036519, 22.085647893256311 ], [ -159.588744920751935, 22.0855563877364 ] ], [ [ -159.582296250691172, 22.073112363584542 ], [ -159.582116713792658, 22.07380513737327 ], [ -159.582352213671896, 22.074035937024703 ], [ -159.582706870022918, 22.073374448825799 ], [ -159.582296250691172, 22.073112363584542 ] ] ] } },
{ "type": "Feature", "properties": { "ID": 23, "GRIDCODE": 2 }, "geometry": { "type": "Polygon", "coordinates": [ [ [ -159.598350417392481, 22.01857843462188 ], [ -159.599367391835784, 22.018730396335037 ], [ -159.600662763385685, 22.018547049019059 ], [ -159.60000069594804, 22.019579616389652 ], [ -159.599355193046307, 22.02004795252396 ], [ -159.598977257879397, 22.02050821189744 ], [ -159.598323116320927, 22.02098287816704 ], [ -159.59784145816414, 22.021569415507354 ], [ -159.597071892888977, 22.02114038977637 ], [ -159.596420403014378, 22.020894547927799 ], [ -159.597279581487072, 22.020271189496341 ], [ -159.597608936145491, 22.019512278109929 ], [ -159.598202372057614, 22.019081722457045 ], [ -159.598350417392481, 22.01857843462188 ] ] ] } },
{ "type": "Feature", "properties": { "ID": 24, "GRIDCODE": 2 }, "geometry": { "type": "Polygon", "coordinates": [ [ [ -159.594768638306448, 21.996096295887302 ], [ -159.595123354636172, 21.996187794209067 ], [ -159.594869489532186, 21.99642637614383 ], [ -159.594768638306448, 21.996096295887302 ] ] ] } },
{ "type": "Feature", "properties": { "ID": 25, "GRIDCODE": 2 }, "geometry": { "type": "Polygon", "coordinates": [ [ [ -159.587767070549461, 21.989616887786006 ], [ -159.587865178210365, 21.989286089736979 ], [ -159.58812100178281, 21.98952283437486 ], [ -159.587767070549461, 21.989616887786006 ] ] ] } },
{ "type": "Feature", "properties": { "ID": 26, "GRIDCODE": 2 }, "geometry": { "type": "Polygon", "coordinates": [ [ [ -159.540963420252382, 21.985441426726851 ], [ -159.541318078259792, 21.985533042799357 ], [ -159.541064139682476, 21.985771543283089 ], [ -159.540963420252382, 21.985441426726851 ] ] ] } },
{ "type": "Feature", "properties": { "ID": 27, "GRIDCODE": 2 }, "geometry": { "type": "Polygon", "coordinates": [ [ [ -159.584825509222327, 21.980954526318929 ], [ -159.584923618299939, 21.980623729662518 ], [ -159.585179421219379, 21.980860479584891 ], [ -159.584825509222327, 21.980954526318929 ] ] ] } },
{ "type": "Feature", "properties": { "ID": 28, "GRIDCODE": 2 }, "geometry": { "type": "Polygon", "coordinates": [ [ [ -159.582780351251444, 21.97825152594012 ], [ -159.582878463399197, 21.977920730334727 ], [ -159.583134258051501, 21.978157483703161 ], [ -159.582780351251444, 21.97825152594012 ] ] ] } },
{ "type": "Feature", "properties": { "ID": 29, "GRIDCODE": 2 }, "geometry": { "type": "Polygon", "coordinates": [ [ [ -159.547615941805503, 21.977288500129394 ], [ -159.548596515696232, 21.977546461484479 ], [ -159.548794602275592, 21.97898957654883 ], [ -159.54800532438361, 21.978077028485657 ], [ -159.546601313995296, 21.977918884376404 ], [ -159.545746055153018, 21.97802100057087 ], [ -159.54600314826763, 21.977685428890801 ], [ -159.547487333039186, 21.977439430869637 ], [ -159.547615941805503, 21.977288500129394 ] ] ] } },
{ "type": "Feature", "properties": { "ID": 30, "GRIDCODE": 2 }, "geometry": { "type": "Polygon", "coordinates": [ [ [ -159.544407168815582, 21.974046826476414 ], [ -159.545073385679444, 21.974178178236993 ], [ -159.545382927366006, 21.97487164534499 ], [ -159.544554399900363, 21.974556337186794 ], [ -159.5437263144741, 21.974877918361216 ], [ -159.543930284583979, 21.974415398198285 ], [ -159.544304972074059, 21.974222232509891 ], [ -159.544407168815582, 21.974046826476414 ] ] ] } },
{ "type": "Feature", "properties": { "ID": 31, "GRIDCODE": 2 }, "geometry": { "type": "Polygon", "coordinates": [ [ [ -159.567933824397727, 21.971527863921747 ], [ -159.567579923095138, 21.971621873322391 ], [ -159.56783568143365, 21.971858651503567 ], [ -159.567933824397727, 21.971527863921747 ], [ -159.569247426927774, 21.971653667421776 ], [ -159.569686675975532, 21.972931140999883 ], [ -159.568471418080975, 21.973669101778732 ], [ -159.569129945882111, 21.974234004129929 ], [ -159.568667096947394, 21.974636989278252 ], [ -159.568388753301349, 21.974930056302629 ], [ -159.569468809648583, 21.974886380032075 ], [ -159.569833365007185, 21.973798239732911 ], [ -159.570708187119379, 21.973827524270277 ], [ -159.571319121821745, 21.973523288188289 ], [ -159.572172728225553, 21.973551877836488 ], [ -159.572128326455129, 21.972597412768113 ], [ -159.572155571455426, 21.971890004475767 ], [ -159.573893268939088, 21.970834730869178 ], [ -159.574751674657364, 21.970279349422228 ], [ -159.575042002477915, 21.970219723641844 ], [ -159.573885427787843, 21.971637520297993 ], [ -159.573608491212326, 21.972276820207103 ], [ -159.576776384724837, 21.972148568898838 ], [ -159.577084693695724, 21.972377389418387 ], [ -159.574870450475885, 21.97372210167968 ], [ -159.573332103808525, 21.975810198979666 ], [ -159.574600847261365, 21.975390436788373 ], [ -159.576727974333238, 21.975461602340545 ], [ -159.577803291978768, 21.975105802180341 ], [ -159.580334560834558, 21.972538286820864 ], [ -159.580276043592249, 21.97405946868281 ], [ -159.58031746462467, 21.97494770585763 ], [ -159.576830510031414, 21.977259034818065 ], [ -159.575701954563158, 21.978403682790191 ], [ -159.575436102154299, 21.980033958043389 ], [ -159.576705557043852, 21.97874645446139 ], [ -159.578671020810333, 21.978389288251822 ], [ -159.580883620883753, 21.978463273803495 ], [ -159.582780351251444, 21.97825152594012 ], [ -159.582257917686633, 21.978963074048476 ], [ -159.580411066513904, 21.9796150595682 ], [ -159.580662558268443, 21.980643062509959 ], [ -159.581191417143117, 21.980530523147515 ], [ -159.582144289538121, 21.980726198408629 ], [ -159.58290723497322, 21.980258968702714 ], [ -159.583999476850693, 21.979873357859457 ], [ -159.583769765461739, 21.9808463604619 ], [ -159.584825509222327, 21.980954526318929 ], [ -159.584631060780708, 21.981615484533421 ], [ -159.583114919944251, 21.982715608449357 ], [ -159.581473260031629, 21.982981691979763 ], [ -159.580933317147611, 21.983911688122458 ], [ -159.581800772013139, 21.983788981737192 ], [ -159.58205900129883, 21.984098629303148 ], [ -159.583259791080508, 21.98433048905444 ], [ -159.584802824275357, 21.984889929808983 ], [ -159.584619125543696, 21.986080712446377 ], [ -159.58606929478421, 21.985875560778858 ], [ -159.587504135551029, 21.986859801280307 ], [ -159.588284294521458, 21.986417083229 ], [ -159.588143297124759, 21.985550133069069 ], [ -159.5882313989473, 21.984978582510532 ], [ -159.589415173124934, 21.985638768058816 ], [ -159.588752518786151, 21.986479091268908 ], [ -159.588104218670424, 21.987498991964085 ], [ -159.58701563078094, 21.988111477072053 ], [ -159.585822597525322, 21.98901783600639 ], [ -159.585983818655734, 21.990008980629497 ], [ -159.587767070549461, 21.989616887786006 ], [ -159.587550971590417, 21.990670786455741 ], [ -159.586462814181402, 21.991653348196333 ], [ -159.586765162262083, 21.992195594836346 ], [ -159.585977067414234, 21.993288855409897 ], [ -159.586827475007368, 21.993269637256081 ], [ -159.588569944474898, 21.992424557882913 ], [ -159.589512682381155, 21.991502387683163 ], [ -159.590827487201182, 21.991099256246319 ], [ -159.591897040652725, 21.990052979725412 ], [ -159.592919601328617, 21.989465547445462 ], [ -159.593432850698633, 21.990064089714945 ], [ -159.591695710473033, 21.991632755045366 ], [ -159.590677604052047, 21.992924049585522 ], [ -159.587932344905568, 21.995169635112358 ], [ -159.587648687831035, 21.995447104249397 ], [ -159.586773092334369, 21.99598693285342 ], [ -159.586800646396455, 21.997045102828896 ], [ -159.586489304045415, 21.997614042747252 ], [ -159.586207866974206, 21.998433555152655 ], [ -159.58591363265657, 21.998971234314062 ], [ -159.585631076974465, 21.999519722911323 ], [ -159.584755590593517, 22.000059474522299 ], [ -159.583071911372969, 22.001706220237189 ], [ -159.582964301705402, 22.002234066228411 ], [ -159.58496957124089, 22.000712722374477 ], [ -159.586215664166872, 22.000330714738979 ], [ -159.587080935438195, 22.00005106781029 ], [ -159.587376832859434, 22.000055632664917 ], [ -159.588820966641151, 21.999231849074611 ], [ -159.589406931164433, 21.998964143469575 ], [ -159.591835743934354, 21.99764795499588 ], [ -159.592933759153965, 21.997311293562881 ], [ -159.594583338028428, 21.996511216203753 ], [ -159.592596798942253, 21.998676196615648 ], [ -159.592314269809918, 21.999224696164621 ], [ -159.5914335765722, 22.000315835044272 ], [ -159.592217890796718, 22.001013200717562 ], [ -159.593764922551202, 22.000027104459999 ], [ -159.596016601867944, 21.999506560748465 ], [ -159.594641312354725, 22.001108034996193 ], [ -159.594362940831729, 22.002653318977792 ], [ -159.595516583816305, 22.001917938156737 ], [ -159.596393172582111, 22.00164915209826 ], [ -159.597489429784019, 22.001294766258429 ], [ -159.598140870229003, 22.001922167068795 ], [ -159.599404491166126, 22.000686074508302 ], [ -159.600770558527131, 22.000278043582924 ], [ -159.600742996965209, 22.001837190387501 ], [ -159.602207965140877, 22.002164529063663 ], [ -159.602786860990193, 22.002980906303947 ], [ -159.60318945500515, 22.003516052230609 ], [ -159.603655282938746, 22.002159207862576 ], [ -159.604479780376096, 22.000535440234231 ], [ -159.604849125524964, 22.002600023465899 ], [ -159.606315060279258, 22.001665472657862 ], [ -159.606277780504143, 22.003778402048113 ], [ -159.606285069916481, 22.004057638983255 ], [ -159.606883525164307, 22.004044027711789 ], [ -159.607439206565687, 22.003500365103491 ], [ -159.607941059519788, 22.003047170500906 ], [ -159.609385655935569, 22.002685491713038 ], [ -159.609765505655872, 22.003786908647879 ], [ -159.607982455737954, 22.004601776443259 ], [ -159.607064770264998, 22.005499624564123 ], [ -159.606289419815113, 22.005130775598047 ], [ -159.605189407092041, 22.004869239061772 ], [ -159.604635579126494, 22.007024568441775 ], [ -159.602076308563198, 22.007500242078084 ], [ -159.60310506519923, 22.008123804085717 ], [ -159.603390721705097, 22.008320199653742 ], [ -159.601358839901593, 22.008943296004379 ], [ -159.600784328685819, 22.009221953257814 ], [ -159.599318868948899, 22.009199426782654 ], [ -159.599340699639498, 22.010037502761293 ], [ -159.599327123581844, 22.010808447868261 ], [ -159.601373804766496, 22.011111448259832 ], [ -159.602241090633328, 22.011384716152183 ], [ -159.603424894018417, 22.01164922180779 ], [ -159.602825798220408, 22.012190218666145 ], [ -159.602280948789229, 22.012723239304865 ], [ -159.601796211210115, 22.013007078893011 ], [ -159.600277694926092, 22.012055387952898 ], [ -159.599183278647843, 22.011666946750335 ], [ -159.598763709268979, 22.012481557494418 ], [ -159.598454566316917, 22.013046573759048 ], [ -159.596177652781847, 22.013011546535807 ], [ -159.594741905400525, 22.013707841777865 ], [ -159.594413022470519, 22.014665599008552 ], [ -159.59382700402179, 22.014933323221012 ], [ -159.593427768665009, 22.015323806518222 ], [ -159.591458363981729, 22.014860747976062 ], [ -159.590640075505462, 22.016034467108035 ], [ -159.590313842216148, 22.016029439050033 ], [ -159.588713909784161, 22.015268184650303 ], [ -159.588273009529331, 22.016124019458886 ], [ -159.587145732162583, 22.015768766396192 ], [ -159.586862099400236, 22.016872132924217 ], [ -159.585844716578066, 22.016856418212178 ], [ -159.585123875545548, 22.01687270654439 ], [ -159.584246653356217, 22.016322782695624 ], [ -159.583653889691277, 22.016336176245368 ], [ -159.583681772444521, 22.017409049285771 ], [ -159.582888542315033, 22.017771382352944 ], [ -159.582395288513794, 22.018728741701292 ], [ -159.580990324847022, 22.018060198619711 ], [ -159.580479314522876, 22.019051956835781 ], [ -159.579594126540258, 22.019456252976006 ], [ -159.579626858057253, 22.020716482447064 ], [ -159.578983482488923, 22.021220032990311 ], [ -159.577276185543411, 22.02040755094983 ], [ -159.576688512567017, 22.020420802434913 ], [ -159.576709868717529, 22.021243797960832 ], [ -159.575793296033083, 22.022071100675095 ], [ -159.574384478149597, 22.022049246396826 ], [ -159.573531979839998, 22.022068460043176 ], [ -159.572928258931057, 22.021781133934109 ], [ -159.572366197378585, 22.022871753115492 ], [ -159.571410826180056, 22.023164508639272 ], [ -159.570316749943373, 22.023147510019616 ], [ -159.569742118719688, 22.02342606056316 ], [ -159.569156016086964, 22.023693698063646 ], [ -159.568849079787441, 22.023993779758577 ], [ -159.568226973029766, 22.02580416048982 ], [ -159.567131016611199, 22.026139958429738 ], [ -159.566841602684036, 22.026422937381078 ], [ -159.566260201610476, 22.026413897568215 ], [ -159.565430194253821, 22.027225344281817 ], [ -159.564520284974094, 22.027504107194389 ], [ -159.563366618106699, 22.028326583806216 ], [ -159.562780482996999, 22.028594199022908 ], [ -159.562496710966855, 22.028871625996906 ], [ -159.561324430648909, 22.029406848274427 ], [ -159.560751220819071, 22.029967241271347 ], [ -159.560158591297352, 22.029958003440523 ], [ -159.559312479890195, 22.030785140273402 ], [ -159.558721549416077, 22.031318358423814 ], [ -159.558437764008403, 22.0315957785552 ], [ -159.556899555951901, 22.032066957855839 ], [ -159.55386194430227, 22.022920915307409 ], [ -159.550679455586334, 22.015440391594272 ], [ -159.544890948267323, 22.003822412100398 ], [ -159.540247532222082, 21.992498967174122 ], [ -159.538208878647112, 21.989388540708536 ], [ -159.537635180133208, 21.988295454894882 ], [ -159.537337760115946, 21.988030826280525 ], [ -159.537038708809291, 21.987181548410366 ], [ -159.537048048418995, 21.986665679690617 ], [ -159.537916785966246, 21.986679376307915 ], [ -159.538643231142402, 21.986663163854395 ], [ -159.539081218425878, 21.986670062794904 ], [ -159.539366730119553, 21.986637131755227 ], [ -159.538491986318746, 21.985858811895621 ], [ -159.537914504397406, 21.985302155628496 ], [ -159.53883396386297, 21.98531664070363 ], [ -159.540549582132428, 21.986133827833061 ], [ -159.541718628352271, 21.986107706608603 ], [ -159.542419116221737, 21.985422874631482 ], [ -159.541967243087868, 21.984205631625539 ], [ -159.541978495442009, 21.983581586431495 ], [ -159.543388828477788, 21.984026607876245 ], [ -159.544140552994406, 21.982568363164457 ], [ -159.545243187700606, 21.982585695578226 ], [ -159.544751021392841, 21.984403589573933 ], [ -159.545181986441293, 21.985564352441067 ], [ -159.5447832880308, 21.985924147695183 ], [ -159.545186122149516, 21.986647080098304 ], [ -159.544890134068851, 21.987187622564022 ], [ -159.544897705544429, 21.987479717386744 ], [ -159.543150802693589, 21.988277288809698 ], [ -159.542288464877061, 21.989240817198596 ], [ -159.5431617781135, 21.989632395348245 ], [ -159.543496539698424, 21.989955052032666 ], [ -159.545202103716434, 21.989623361656452 ], [ -159.54519168129795, 21.990200919861238 ], [ -159.544603775886884, 21.991274645792132 ], [ -159.544631524118671, 21.992354531843084 ], [ -159.543458071804963, 21.992336074781516 ], [ -159.543082535815472, 21.994164345178064 ], [ -159.543967180670847, 21.99495135650508 ], [ -159.544456320997085, 21.994002524031281 ], [ -159.545809747938335, 21.993694459450069 ], [ -159.546372197194415, 21.994236512971717 ], [ -159.546955824762051, 21.993953664020633 ], [ -159.547247314183238, 21.995586867817178 ], [ -159.547561725636996, 21.995851420919927 ], [ -159.548259969753872, 21.995168805160386 ], [ -159.549574932765438, 21.994766001356766 ], [ -159.550149278465312, 21.99448762209358 ], [ -159.551205489354345, 21.994218474109918 ], [ -159.551895484264463, 21.995133305694274 ], [ -159.5507399235332, 21.996924893083246 ], [ -159.550198911747316, 21.997974461157185 ], [ -159.549584755987581, 21.998825964208091 ], [ -159.549237617459966, 21.999499337475438 ], [ -159.549323171530432, 22.000453008675112 ], [ -159.550305169359802, 21.999492996394437 ], [ -159.551403539200066, 21.998501752430968 ], [ -159.55250552549839, 21.998008493063345 ], [ -159.552490816598493, 21.998827267389636 ], [ -159.553636904627581, 21.998801583484322 ], [ -159.554236011604587, 21.999086865498235 ], [ -159.555110513313821, 21.999067266516562 ], [ -159.556312829510944, 21.999086070657828 ], [ -159.555395126118754, 21.998269761635143 ], [ -159.5546856711901, 21.997268561884216 ], [ -159.555974934915156, 21.996370519377166 ], [ -159.555960395511875, 21.995807636521732 ], [ -159.557139863857572, 21.994743079126906 ], [ -159.556833423684083, 21.994470494574728 ], [ -159.556545634463561, 21.993922401399939 ], [ -159.555675730263459, 21.994203392331933 ], [ -159.554513724879143, 21.994322706553749 ], [ -159.555380896812181, 21.993120278723044 ], [ -159.555663496363252, 21.992556008885618 ], [ -159.555080250165247, 21.992037184033666 ], [ -159.554777007161476, 21.991744965462601 ], [ -159.554791656218185, 21.990932360932227 ], [ -159.555477460174188, 21.990313345514732 ], [ -159.553714205491218, 21.989522879449595 ], [ -159.553329719716658, 21.988769502589069 ], [ -159.553909044778351, 21.98824664887055 ], [ -159.553894937264175, 21.987701133030335 ], [ -159.555156879829383, 21.987314494004991 ], [ -159.554762709961551, 21.986607157100785 ], [ -159.554777063309103, 21.985809672695989 ], [ -159.554101764944136, 21.984597852042921 ], [ -159.555580123142875, 21.985064224993952 ], [ -159.556692251720193, 21.98365438084749 ], [ -159.557667658855678, 21.983355508591455 ], [ -159.557987285870269, 21.981798391496469 ], [ -159.560741826349357, 21.980954314002069 ], [ -159.561337113042981, 21.982088102949909 ], [ -159.561740941303412, 21.981693230720801 ], [ -159.561713482870744, 21.980628715153276 ], [ -159.561725695095021, 21.979945991189478 ], [ -159.560833538980773, 21.978728008761745 ], [ -159.561623777855885, 21.977284211457221 ], [ -159.560527925218594, 21.976309350329213 ], [ -159.560557378717988, 21.974667860224532 ], [ -159.559649752583482, 21.973039145014244 ], [ -159.559664079085991, 21.972241659471869 ], [ -159.559359590919229, 21.971695313403316 ], [ -159.559374213148942, 21.970882343154056 ], [ -159.558627396667106, 21.970547506216619 ], [ -159.557666901214589, 21.969191872821323 ], [ -159.558470853463945, 21.968466110211676 ], [ -159.558763735172022, 21.967897730054688 ], [ -159.559077027280921, 21.967614915470818 ], [ -159.560073131993136, 21.967630478257206 ], [ -159.560982479970022, 21.967610070751455 ], [ -159.561489414605802, 21.965139799824499 ], [ -159.562544868165276, 21.963675851481383 ], [ -159.562513731679729, 21.962469678250162 ], [ -159.562814988285595, 21.962197716568511 ], [ -159.563257339168985, 21.961765041929201 ], [ -159.562222744350606, 21.96084460091949 ], [ -159.561918781743458, 21.960265569224251 ], [ -159.561932808740238, 21.959485221342291 ], [ -159.561628197723309, 21.958938680226051 ], [ -159.562366621220349, 21.958272046719472 ], [ -159.56279207366083, 21.957855907300043 ], [ -159.563157075214775, 21.957526391011029 ], [ -159.56395328646272, 21.957612789134402 ], [ -159.563370511400876, 21.958677697410799 ], [ -159.56404118749623, 21.959881295393711 ], [ -159.56666924139347, 21.959453828666298 ], [ -159.56797415518534, 21.959474167863242 ], [ -159.566497313546705, 21.961193809534265 ], [ -159.566610116541966, 21.962450269600954 ], [ -159.567204943166814, 21.961868475677957 ], [ -159.568041751681477, 21.96286394278173 ], [ -159.567159845387266, 21.963266834166152 ], [ -159.567180876792548, 21.964079681916264 ], [ -159.566886496526791, 21.964617544755548 ], [ -159.566603975519797, 21.965177069612523 ], [ -159.568615212648439, 21.965131822278664 ], [ -159.569238231743356, 21.965732215789309 ], [ -159.569209919084756, 21.967314680664977 ], [ -159.569525150240054, 21.96759505415239 ], [ -159.569515224468944, 21.968148079786143 ], [ -159.568343535997883, 21.968683328216578 ], [ -159.568944529451983, 21.969217910753851 ], [ -159.569230439127438, 21.969509204916438 ], [ -159.568649408232659, 21.970033821326226 ], [ -159.569039740097679, 21.970734224521749 ], [ -159.567782234448146, 21.971119678718875 ], [ -159.567933824397727, 21.971527863921747 ] ] ] } },
{ "type": "Feature", "properties": { "ID": 32, "GRIDCODE": 2 }, "geometry": { "type": "Polygon", "coordinates": [ [ [ -159.537356965270959, 21.953742837296225 ], [ -159.53803611080815, 21.95386842063095 ], [ -159.537784035251775, 21.954645578561401 ], [ -159.537084750890045, 21.954258161575908 ], [ -159.537356965270959, 21.953742837296225 ] ] ] } },
{ "type": "Feature", "properties": { "ID": 33, "GRIDCODE": 2 }, "geometry": { "type": "Polygon", "coordinates": [ [ [ -159.521945884821292, 21.950269127797398 ], [ -159.522979246547465, 21.950400364498968 ], [ -159.523543358515411, 21.950944334323289 ], [ -159.52386494114316, 21.951230584315301 ], [ -159.526480756824924, 21.952013246273065 ], [ -159.527332899753617, 21.952834952210644 ], [ -159.527943141387283, 21.952821379546318 ], [ -159.530512522237871, 21.950309315503993 ], [ -159.531676308819897, 21.950434517942288 ], [ -159.530911934372881, 21.953978413077337 ], [ -159.529462001118219, 21.95577377059346 ], [ -159.528211795018592, 21.956344569997668 ], [ -159.527637556437156, 21.956622871551168 ], [ -159.526761103778114, 21.956891288762815 ], [ -159.526482452139106, 21.95854036424528 ], [ -159.527661987810575, 21.958514147758471 ], [ -159.528544973843253, 21.957650907466604 ], [ -159.530249152168722, 21.957306726668676 ], [ -159.529171107696499, 21.958801397736156 ], [ -159.530665211147664, 21.958768124480628 ], [ -159.531414400440184, 21.956588695019526 ], [ -159.532917417078181, 21.956612410871326 ], [ -159.534877501901548, 21.954696026797428 ], [ -159.535759835036146, 21.95473645943752 ], [ -159.534306233902157, 21.9560484037818 ], [ -159.533558565433935, 21.956779425498638 ], [ -159.534263230775906, 21.95930768462501 ], [ -159.533161249489496, 21.9606723037477 ], [ -159.533175779579352, 21.961239592908253 ], [ -159.534052049290665, 21.962019463385634 ], [ -159.533465608921091, 21.962832473526674 ], [ -159.533479388148123, 21.963369211222915 ], [ -159.533177765112811, 21.963920074744706 ], [ -159.534002117756216, 21.965400085969748 ], [ -159.533478763869823, 21.966355866301267 ], [ -159.533485895624125, 21.966632000875762 ], [ -159.532320712859871, 21.967443528081386 ], [ -159.531763957151526, 21.96798780492804 ], [ -159.530866398685816, 21.968262698412996 ], [ -159.531168320064126, 21.968531378592488 ], [ -159.531465533292703, 21.969097802361119 ], [ -159.532149740317891, 21.969706742675712 ], [ -159.53290891016772, 21.969338827175637 ], [ -159.534075989662739, 21.969069431372315 ], [ -159.535808225608037, 21.968229905471713 ], [ -159.536103098417271, 21.968791795606322 ], [ -159.537568761737191, 21.96905369881723 ], [ -159.537554072722685, 21.969863079982755 ], [ -159.538272271721837, 21.970843903104928 ], [ -159.537559899540128, 21.971486788762359 ], [ -159.537581179153307, 21.972315456054066 ], [ -159.536953850041925, 21.972881552429037 ], [ -159.535530726019346, 21.973531301765721 ], [ -159.535558901017737, 21.974631538545758 ], [ -159.536423010311211, 21.97501904953333 ], [ -159.536417839634311, 21.975304504027321 ], [ -159.534676643160168, 21.975837785276671 ], [ -159.534091080754564, 21.976121572612772 ], [ -159.532927836025067, 21.976103203211249 ], [ -159.532942445719442, 21.976672261094713 ], [ -159.532055660715912, 21.97747247758392 ], [ -159.532136117586901, 21.973038411715645 ], [ -159.530694131700812, 21.969152769795357 ], [ -159.526518258011976, 21.961655275398265 ], [ -159.519002001529884, 21.952748960587336 ], [ -159.518322180971694, 21.951648887180887 ], [ -159.520934431444601, 21.950952627125641 ], [ -159.521553693085849, 21.95065253552951 ], [ -159.521945884821292, 21.950269127797398 ] ] ] } },
{ "type": "Feature", "properties": { "ID": 34, "GRIDCODE": 2 }, "geometry": { "type": "Polygon", "coordinates": [ [ [ -159.372855643348487, 21.931973707158861 ], [ -159.373027774663285, 21.932084020255854 ], [ -159.373265914467765, 21.932404142878106 ], [ -159.374176205383179, 21.932894515807064 ], [ -159.37545590001713, 21.931964514263292 ], [ -159.37525099904812, 21.932827185819011 ], [ -159.373248139203668, 21.933311581663613 ], [ -159.372629372502644, 21.932479764143732 ], [ -159.372855643348487, 21.931973707158861 ] ] ] } },
{ "type": "Feature", "properties": { "ID": 35, "GRIDCODE": 2 }, "geometry": { "type": "Polygon", "coordinates": [ [ [ -159.376049657315917, 21.931424362621794 ], [ -159.37640408174326, 21.931516322877485 ], [ -159.376149957312037, 21.931754589495188 ], [ -159.376049657315917, 21.931424362621794 ] ] ] } },
{ "type": "Feature", "properties": { "ID": 36, "GRIDCODE": 2 }, "geometry": { "type": "Polygon", "coordinates": [ [ [ -159.412933603528245, 21.928354488232447 ], [ -159.413905610274867, 21.928469860933621 ], [ -159.413131411077842, 21.928702676700279 ], [ -159.412933603528245, 21.928354488232447 ] ] ] } },
{ "type": "Feature", "properties": { "ID": 37, "GRIDCODE": 2 }, "geometry": { "type": "Polygon", "coordinates": [ [ [ -159.380399131039326, 21.928432971916894 ], [ -159.381696131007828, 21.928650612395291 ], [ -159.381382634515973, 21.929518076176105 ], [ -159.38024776084643, 21.930184958711379 ], [ -159.379338100270502, 21.930789874588349 ], [ -159.378511141012297, 21.930729811595548 ], [ -159.376804444233272, 21.931169796435093 ], [ -159.377655673517779, 21.930482149907355 ], [ -159.377988401122991, 21.930119994238222 ], [ -159.379373415697358, 21.929102838250337 ], [ -159.38026505412958, 21.928578890591247 ], [ -159.380399131039326, 21.928432971916894 ] ] ] } },
{ "type": "Feature", "properties": { "ID": 38, "GRIDCODE": 2 }, "geometry": { "type": "Polygon", "coordinates": [ [ [ -159.414094762191894, 21.928080533907327 ], [ -159.414449201329319, 21.928172411947831 ], [ -159.414195147086417, 21.928410736422578 ], [ -159.414094762191894, 21.928080533907327 ] ] ] } },
{ "type": "Feature", "properties": { "ID": 39, "GRIDCODE": 2 }, "geometry": { "type": "Polygon", "coordinates": [ [ [ -159.401003942117768, 21.92133711187952 ], [ -159.402242686458095, 21.92168181355348 ], [ -159.404363155449346, 21.924164660677562 ], [ -159.404750680404504, 21.925354248069098 ], [ -159.406672402388409, 21.926618459444136 ], [ -159.407275640063062, 21.926867818987773 ], [ -159.409275610904501, 21.927902458361334 ], [ -159.41103441207062, 21.928270644325753 ], [ -159.409291392975064, 21.928238168218606 ], [ -159.407859694597931, 21.927950509187546 ], [ -159.402364612458712, 21.927493078267162 ], [ -159.402046355671985, 21.927150233017834 ], [ -159.40087324929442, 21.927241037675842 ], [ -159.399410338556464, 21.926636258310097 ], [ -159.398847422287531, 21.926345018290569 ], [ -159.397911280463177, 21.926417460057479 ], [ -159.399071757953266, 21.924672641109133 ], [ -159.399191157766552, 21.92323876534256 ], [ -159.39908229140255, 21.922014509357851 ], [ -159.400700634430223, 21.921667314544521 ], [ -159.401003942117768, 21.92133711187952 ] ] ] } },
{ "type": "Feature", "properties": { "ID": 40, "GRIDCODE": 1 }, "geometry": { "type": "Polygon", "coordinates": [ [ [ -157.99012569005265, 21.640123710785431 ], [ -157.991606380613376, 21.640305993350204 ], [ -157.990755196115913, 21.642416168547111 ], [ -157.990507234603569, 21.641536831328832 ], [ -157.990605083642208, 21.640838376737932 ], [ -157.99012569005265, 21.640123710785431 ] ] ] } },
{ "type": "Feature", "properties": { "ID": 41, "GRIDCODE": 1 }, "geometry": { "type": "Polygon", "coordinates": [ [ [ -157.983187839282465, 21.637371224467678 ], [ -157.983864044298571, 21.637503194149357 ], [ -157.983651115584706, 21.638137751317213 ], [ -157.982954530930016, 21.637802922081697 ], [ -157.983187839282465, 21.637371224467678 ] ] ] } },
{ "type": "Feature", "properties": { "ID": 42, "GRIDCODE": 1 }, "geometry": { "type": "Polygon", "coordinates": [ [ [ -157.983187839282465, 21.637371224467678 ], [ -157.98269888662, 21.637260380726833 ], [ -157.982385605363959, 21.636298123366675 ], [ -157.983084502024866, 21.636099270545145 ], [ -157.983187839282465, 21.637371224467678 ] ] ] } },
{ "type": "Feature", "properties": { "ID": 43, "GRIDCODE": 1 }, "geometry": { "type": "Polygon", "coordinates": [ [ [ -157.991064933361599, 21.630101743174752 ], [ -157.991255002851034, 21.631163348659179 ], [ -157.992507831081667, 21.63102538055826 ], [ -157.992993306740459, 21.631084762543924 ], [ -157.992881333164945, 21.631884038415652 ], [ -157.994965934819163, 21.632180577313839 ], [ -157.995607510901408, 21.631833110607527 ], [ -157.995280409290729, 21.634168469937094 ], [ -157.995832623587972, 21.634587399881717 ], [ -157.995943627018391, 21.635401126023474 ], [ -157.994864454614259, 21.634799235529059 ], [ -157.994970161547258, 21.634045376881684 ], [ -157.994303237998849, 21.63298208130271 ], [ -157.993802712451782, 21.634072984424208 ], [ -157.99291215625226, 21.633746814889733 ], [ -157.992614534587005, 21.634395627228376 ], [ -157.99177980597841, 21.633407991968056 ], [ -157.990881918880291, 21.633506887506822 ], [ -157.990607123719343, 21.63288576750892 ], [ -157.990330237829909, 21.633848992595347 ], [ -157.990906934201035, 21.634286547619972 ], [ -157.991161537446203, 21.634758603664849 ], [ -157.990274399657721, 21.635101715404915 ], [ -157.990734615914874, 21.635844649811773 ], [ -157.99166204851457, 21.636548336626916 ], [ -157.992007371908642, 21.638184943788726 ], [ -157.990950958019511, 21.638055528821592 ], [ -157.989195726048052, 21.637076514684463 ], [ -157.98840913145338, 21.636861054222045 ], [ -157.98831221739249, 21.63653002876373 ], [ -157.988056367690803, 21.636766141080312 ], [ -157.98840913145338, 21.636861054222045 ], [ -157.988528653443922, 21.637827812589723 ], [ -157.989972335079415, 21.638647001004578 ], [ -157.989695514907169, 21.639801842461477 ], [ -157.988282791319619, 21.639251144989782 ], [ -157.988208102488642, 21.638756955960648 ], [ -157.988308878633404, 21.638147514545683 ], [ -157.987531326753555, 21.638035258396286 ], [ -157.986730459121702, 21.638140874979605 ], [ -157.987362231224807, 21.637175916507019 ], [ -157.986147583391045, 21.636702433950919 ], [ -157.984996944039409, 21.635860786547546 ], [ -157.985684418325235, 21.6353713158645 ], [ -157.985939047381947, 21.635066915958014 ], [ -157.98738829998203, 21.634268521177351 ], [ -157.9900586661673, 21.631603700856935 ], [ -157.990900508076777, 21.630218786274881 ], [ -157.991064933361599, 21.630101743174752 ] ] ] } },
{ "type": "Feature", "properties": { "ID": 44, "GRIDCODE": 1 }, "geometry": { "type": "Polygon", "coordinates": [ [ [ -157.991358543470483, 21.629561488274994 ], [ -157.991354781411417, 21.630103502211146 ], [ -157.991064933361599, 21.630101743174752 ], [ -157.991068696501316, 21.62955972928701 ], [ -157.991358543470483, 21.629561488274994 ] ] ] } },
{ "type": "Feature", "properties": { "ID": 45, "GRIDCODE": 1 }, "geometry": { "type": "Polygon", "coordinates": [ [ [ -157.991358543470483, 21.629561488274994 ], [ -157.991456406794896, 21.628960826140062 ], [ -157.991985674929168, 21.629479937478791 ], [ -157.991358543470483, 21.629561488274994 ] ] ] } },
{ "type": "Feature", "properties": { "ID": 46, "GRIDCODE": 1 }, "geometry": { "type": "Polygon", "coordinates": [ [ [ -157.992248755945127, 21.626585684118155 ], [ -157.99260149841831, 21.626680587621721 ], [ -157.99234567345033, 21.626916707761065 ], [ -157.992248755945127, 21.626585684118155 ] ] ] } },
{ "type": "Feature", "properties": { "ID": 47, "GRIDCODE": 1 }, "geometry": { "type": "Polygon", "coordinates": [ [ [ -157.99740583219949, 21.593281481726386 ], [ -157.998093151382704, 21.593683283781015 ], [ -157.997125380639801, 21.593857098988316 ], [ -157.99740583219949, 21.593281481726386 ] ] ] } },
{ "type": "Feature", "properties": { "ID": 48, "GRIDCODE": 1 }, "geometry": { "type": "Polygon", "coordinates": [ [ [ -157.993648122525883, 21.591903706957059 ], [ -157.994193822943771, 21.592136339723009 ], [ -157.994661681138638, 21.592003126809772 ], [ -157.994950870835993, 21.592089302142604 ], [ -157.995418728279361, 21.591956087067782 ], [ -157.996532005647765, 21.592430602363919 ], [ -157.996383294818145, 21.593107652458961 ], [ -157.995540585933213, 21.592546634611772 ], [ -157.995064504194687, 21.592682116152599 ], [ -157.994649287067546, 21.593798028450426 ], [ -157.994189827413521, 21.592509894057617 ], [ -157.993326411681494, 21.592755778092489 ], [ -157.992954604596662, 21.592401190311044 ], [ -157.993536459638733, 21.592070698830209 ], [ -157.993648122525883, 21.591903706957059 ] ] ] } },
{ "type": "Feature", "properties": { "ID": 49, "GRIDCODE": 1 }, "geometry": { "type": "Polygon", "coordinates": [ [ [ -157.992218018883364, 21.589184858258275 ], [ -157.992899181710754, 21.589326210548588 ], [ -157.992576232149162, 21.589805422431695 ], [ -157.992218018883364, 21.589184858258275 ] ] ] } },
{ "type": "Feature", "properties": { "ID": 50, "GRIDCODE": 1 }, "geometry": { "type": "Polygon", "coordinates": [ [ [ -157.991933880361074, 21.588370078826852 ], [ -157.992599523519971, 21.588483945138098 ], [ -157.992088973449455, 21.588715152040042 ], [ -157.991933880361074, 21.588370078826852 ] ] ] } },
{ "type": "Feature", "properties": { "ID": 51, "GRIDCODE": 1 }, "geometry": { "type": "Polygon", "coordinates": [ [ [ -157.994257616067756, 21.587571073405226 ], [ -157.994610266572607, 21.587665969469509 ], [ -157.99435451614201, 21.587902096574116 ], [ -157.994257616067756, 21.587571073405226 ] ] ] } },
{ "type": "Feature", "properties": { "ID": 52, "GRIDCODE": 1 }, "geometry": { "type": "Polygon", "coordinates": [ [ [ -157.993098561893959, 21.587564067580072 ], [ -157.99379325768831, 21.588018930736748 ], [ -157.992856785148774, 21.58845949805325 ], [ -157.993098561893959, 21.587564067580072 ] ] ] } },
{ "type": "Feature", "properties": { "ID": 53, "GRIDCODE": 1 }, "geometry": { "type": "Polygon", "coordinates": [ [ [ -157.994839013824958, 21.587303564654235 ], [ -157.995191664123155, 21.587398459479388 ], [ -157.994935915084909, 21.587634587539501 ], [ -157.994839013824958, 21.587303564654235 ] ] ] } },
{ "type": "Feature", "properties": { "ID": 54, "GRIDCODE": 1 }, "geometry": { "type": "Polygon", "coordinates": [ [ [ -157.99657946031428, 21.587043043281501 ], [ -157.996837410936905, 21.587205714384037 ], [ -157.997179187664528, 21.588510006231395 ], [ -157.995961466871677, 21.588165744413462 ], [ -157.996460735973727, 21.58747611855998 ], [ -157.99657946031428, 21.587043043281501 ] ] ] } },
{ "type": "Feature", "properties": { "ID": 55, "GRIDCODE": 1 }, "geometry": { "type": "Polygon", "coordinates": [ [ [ -157.987115285466814, 21.572892710624529 ], [ -157.987817407456305, 21.573406464179996 ], [ -157.987273655877374, 21.573800690365491 ], [ -157.987115285466814, 21.572892710624529 ] ] ] } },
{ "type": "Feature", "properties": { "ID": 56, "GRIDCODE": 1 }, "geometry": { "type": "Polygon", "coordinates": [ [ [ -157.987115285466814, 21.572892710624529 ], [ -157.986762675887348, 21.572797800104905 ], [ -157.987018410496148, 21.572561683686093 ], [ -157.987115285466814, 21.572892710624529 ] ] ] } },
{ "type": "Feature", "properties": { "ID": 57, "GRIDCODE": 1 }, "geometry": { "type": "Polygon", "coordinates": [ [ [ -157.990089601244762, 21.56179893827905 ], [ -157.991000431252047, 21.56195293459519 ], [ -157.990196515062905, 21.563213577048238 ], [ -157.990279918752719, 21.563876348859516 ], [ -157.991409560394942, 21.563751848401907 ], [ -157.991325923284364, 21.564349095759617 ], [ -157.991530892275478, 21.564638361778716 ], [ -157.992760906349332, 21.563971955523026 ], [ -157.993688576223491, 21.562754262221553 ], [ -157.994373782614559, 21.562517417842379 ], [ -157.994224239874313, 21.563585578047 ], [ -157.994325238662981, 21.564386942450987 ], [ -157.993843482966838, 21.564742990909519 ], [ -157.992820840078963, 21.564368195695945 ], [ -157.992195040417329, 21.564707289931782 ], [ -157.992274166100714, 21.565335429684609 ], [ -157.992151391272586, 21.566212327556364 ], [ -157.990724313719852, 21.565689306456637 ], [ -157.990196649884439, 21.56574744630494 ], [ -157.989645771472198, 21.565440002996535 ], [ -157.989036033078861, 21.565195324198683 ], [ -157.988782252893401, 21.5646217038637 ], [ -157.98790644982364, 21.564270200602689 ], [ -157.987608126050134, 21.565222781777756 ], [ -157.986280428707886, 21.565060077269987 ], [ -157.985880182946374, 21.565308083923018 ], [ -157.986485947301844, 21.5662864759821 ], [ -157.986392761047142, 21.56695174773612 ], [ -157.985582163150923, 21.566499393229346 ], [ -157.984925590488473, 21.566235887589617 ], [ -157.983765497672834, 21.562343159686023 ], [ -157.985527949871994, 21.56255914839209 ], [ -157.985880341203654, 21.562152910348221 ], [ -157.986503350415319, 21.562500636820225 ], [ -157.987057478279979, 21.562439559324279 ], [ -157.987456935777516, 21.563342652899856 ], [ -157.988196248483803, 21.56326119255883 ], [ -157.988775210431584, 21.563332131185696 ], [ -157.98905473294775, 21.562722708088629 ], [ -157.989772779507689, 21.562810697848459 ], [ -157.990089601244762, 21.56179893827905 ] ] ] } },
{ "type": "Feature", "properties": { "ID": 58, "GRIDCODE": 1 }, "geometry": { "type": "Polygon", "coordinates": [ [ [ -157.886958197129871, 21.560600003644435 ], [ -157.887310702608602, 21.560695121644844 ], [ -157.887054835448538, 21.560931079510386 ], [ -157.886958197129871, 21.560600003644435 ] ] ] } },
{ "type": "Feature", "properties": { "ID": 59, "GRIDCODE": 1 }, "geometry": { "type": "Polygon", "coordinates": [ [ [ -157.888135591823414, 21.558168737527339 ], [ -157.888295505232918, 21.558290291699386 ], [ -157.888832375347221, 21.559678981181605 ], [ -157.889207902823756, 21.559964474541832 ], [ -157.888536709847926, 21.560460012350607 ], [ -157.888178352684491, 21.560872612013945 ], [ -157.88766330256172, 21.560481180491031 ], [ -157.888005580784835, 21.558318396711744 ], [ -157.888135591823414, 21.558168737527339 ] ] ] } },
{ "type": "Feature", "properties": { "ID": 60, "GRIDCODE": 1 }, "geometry": { "type": "Polygon", "coordinates": [ [ [ -157.990450592759885, 21.551502341486376 ], [ -157.991224375965885, 21.551725377239574 ], [ -157.991131450384728, 21.55272605684647 ], [ -157.99117424012735, 21.553268357385765 ], [ -157.991148258211268, 21.553548021161241 ], [ -157.991837236787404, 21.554110508161159 ], [ -157.992445802908009, 21.554068466105271 ], [ -157.993678608758444, 21.553434686498836 ], [ -157.994106809511663, 21.553905867179772 ], [ -157.994025975793306, 21.554776206141501 ], [ -157.994068918047986, 21.55531850710258 ], [ -157.994006734112702, 21.555986883788222 ], [ -157.994373459995899, 21.556286253648793 ], [ -157.992937223534113, 21.558147334470306 ], [ -157.992595735151014, 21.557061187814334 ], [ -157.991478200001183, 21.555708324806183 ], [ -157.990557428549806, 21.555442846561274 ], [ -157.990271310436043, 21.555128076790911 ], [ -157.989556027470883, 21.555177470085592 ], [ -157.988836964728932, 21.55511905110291 ], [ -157.988550393593982, 21.555523115459774 ], [ -157.989687108549901, 21.556451386610906 ], [ -157.989868173194822, 21.557044679897011 ], [ -157.988794317077634, 21.556475681695726 ], [ -157.988243059825919, 21.556513757053317 ], [ -157.987878153141168, 21.55648408229229 ], [ -157.987387210935339, 21.555944022055129 ], [ -157.987088018577055, 21.55596470098298 ], [ -157.986798470114763, 21.555941106037302 ], [ -157.986508618361114, 21.555961179028905 ], [ -157.985583278829239, 21.555885942296637 ], [ -157.986619007119401, 21.557460865596994 ], [ -157.985334264586584, 21.557010590197169 ], [ -157.984764198215714, 21.558388885440969 ], [ -157.984304817901602, 21.559147470660672 ], [ -157.983606429093442, 21.55808910606267 ], [ -157.98285433236731, 21.558141024523504 ], [ -157.98164117087191, 21.552909465296814 ], [ -157.982328691299017, 21.552965340322721 ], [ -157.982771526779459, 21.552934761107885 ], [ -157.983330062275769, 21.553230759181794 ], [ -157.983987907246899, 21.553485675506035 ], [ -157.984490866445412, 21.552946699493948 ], [ -157.985021298874926, 21.552524806340607 ], [ -157.985357923594933, 21.553243114393641 ], [ -157.98653815511895, 21.553501530399075 ], [ -157.986495801047624, 21.553957825956299 ], [ -157.985508996523976, 21.554362588588369 ], [ -157.98507790118552, 21.554941705369011 ], [ -157.986512246219064, 21.554583866766048 ], [ -157.986854527090571, 21.55461168649628 ], [ -157.987515391058139, 21.553903545176194 ], [ -157.988032732143751, 21.553492083369065 ], [ -157.988715310379433, 21.55354757137313 ], [ -157.990039562578573, 21.552681266828202 ], [ -157.989998978450501, 21.552168357693738 ], [ -157.990313614415442, 21.551918100513436 ], [ -157.990450592759885, 21.551502341486376 ] ] ] } },
{ "type": "Feature", "properties": { "ID": 61, "GRIDCODE": 1 }, "geometry": { "type": "Polygon", "coordinates": [ [ [ -157.988439662078122, 21.549050965366675 ], [ -157.989105123705144, 21.549164839061017 ], [ -157.98859470906379, 21.549396041480556 ], [ -157.988439662078122, 21.549050965366675 ] ] ] } },
{ "type": "Feature", "properties": { "ID": 62, "GRIDCODE": 1 }, "geometry": { "type": "Polygon", "coordinates": [ [ [ -157.98264404785607, 21.549286721814813 ], [ -157.982290204058984, 21.549377328519824 ], [ -157.982542588475781, 21.549616541090202 ], [ -157.98264404785607, 21.549286721814813 ], [ -157.98511516548524, 21.549157736514299 ], [ -157.985383379153745, 21.549989501716798 ], [ -157.986213159170717, 21.549948298665264 ], [ -157.987416667876147, 21.54917265662624 ], [ -157.988287006566907, 21.548993532337828 ], [ -157.987379046068781, 21.549742656682323 ], [ -157.98743942025601, 21.550806527982274 ], [ -157.987368367961466, 21.551811175306764 ], [ -157.985967176477914, 21.551331217494024 ], [ -157.985665769872156, 21.551346190345402 ], [ -157.984810299032375, 21.551053156245136 ], [ -157.984514694741677, 21.551067831527345 ], [ -157.984159226945991, 21.551045815789259 ], [ -157.983257740676379, 21.551977510786667 ], [ -157.982459683881785, 21.551565515611259 ], [ -157.981899863564649, 21.552144036971818 ], [ -157.981459796215887, 21.551677120824678 ], [ -157.980637480327829, 21.547975672358238 ], [ -157.981876249837029, 21.548615269280702 ], [ -157.983931011437647, 21.548513268723774 ], [ -157.983020908986418, 21.548897311814901 ], [ -157.98264404785607, 21.549286721814813 ] ] ] } },
{ "type": "Feature", "properties": { "ID": 63, "GRIDCODE": 2 }, "geometry": { "type": "Polygon", "coordinates": [ [ [ -158.209501932693456, 21.545909119176983 ], [ -158.209854641324739, 21.546003561397164 ], [ -158.209599302441461, 21.546240034470841 ], [ -158.209501932693456, 21.545909119176983 ] ] ] } },
{ "type": "Feature", "properties": { "ID": 64, "GRIDCODE": 1 }, "geometry": { "type": "Polygon", "coordinates": [ [ [ -157.987026971173918, 21.543892994152564 ], [ -157.987379511906255, 21.543987901707556 ], [ -157.987123830032004, 21.544224021461169 ], [ -157.987026971173918, 21.543892994152564 ] ] ] } },
{ "type": "Feature", "properties": { "ID": 65, "GRIDCODE": 2 }, "geometry": { "type": "Polygon", "coordinates": [ [ [ -158.171560930339808, 21.544098754719666 ], [ -158.171913607204118, 21.54419327630848 ], [ -158.171658212201379, 21.54442968949915 ], [ -158.171560930339808, 21.544098754719666 ] ] ] } },
{ "type": "Feature", "properties": { "ID": 66, "GRIDCODE": 1 }, "geometry": { "type": "Polygon", "coordinates": [ [ [ -157.980659780521904, 21.543041133639935 ], [ -157.981257499893218, 21.543209211412432 ], [ -157.982234738992076, 21.543740810110432 ], [ -157.983366096250364, 21.544058961423346 ], [ -157.983429256918413, 21.544677876857172 ], [ -157.982005585816438, 21.544167512629564 ], [ -157.980624744842885, 21.544290617477547 ], [ -157.979665939342055, 21.54389456625594 ], [ -157.980394770977568, 21.543335611323052 ], [ -157.980659780521904, 21.543041133639935 ] ] ] } },
{ "type": "Feature", "properties": { "ID": 67, "GRIDCODE": 1 }, "geometry": { "type": "Polygon", "coordinates": [ [ [ -157.980409855635855, 21.53734817458847 ], [ -157.981089282327162, 21.537702019752441 ], [ -157.980544665519687, 21.537953766283916 ], [ -157.980409855635855, 21.53734817458847 ] ] ] } },
{ "type": "Feature", "properties": { "ID": 68, "GRIDCODE": 2 }, "geometry": { "type": "Polygon", "coordinates": [ [ [ -158.148713296829328, 21.537478965685867 ], [ -158.149706985130564, 21.537743352292686 ], [ -158.148256634437701, 21.53867880133242 ], [ -158.148251837842423, 21.53814320119584 ], [ -158.148713296829328, 21.537478965685867 ] ] ] } },
{ "type": "Feature", "properties": { "ID": 69, "GRIDCODE": 2 }, "geometry": { "type": "Polygon", "coordinates": [ [ [ -158.149010871348764, 21.536125333030927 ], [ -158.148867213515274, 21.537038533038661 ], [ -158.148330109277964, 21.536267299248664 ], [ -158.149010871348764, 21.536125333030927 ] ] ] } },
{ "type": "Feature", "properties": { "ID": 70, "GRIDCODE": 1 }, "geometry": { "type": "Polygon", "coordinates": [ [ [ -157.866318851726021, 21.532275537677432 ], [ -157.866123910444315, 21.533337887057581 ], [ -157.866470093833186, 21.534146001395484 ], [ -157.867067796234011, 21.53458423890179 ], [ -157.866392242320984, 21.535064906001143 ], [ -157.866839512624779, 21.53615232883844 ], [ -157.867268596412259, 21.538126242590469 ], [ -157.867598537871487, 21.538368133881491 ], [ -157.867551352475829, 21.538652721443281 ], [ -157.86759224602207, 21.538924012305248 ], [ -157.867480969397036, 21.539593842338956 ], [ -157.86802457640664, 21.540262494402391 ], [ -157.869142542216025, 21.540699491841206 ], [ -157.868192513666656, 21.541880185428237 ], [ -157.867847410420211, 21.543008409575673 ], [ -157.867228912906, 21.543240287120405 ], [ -157.866896217757983, 21.544663623993134 ], [ -157.866034369242783, 21.544538469289865 ], [ -157.865333649698471, 21.545374927600108 ], [ -157.864737267031728, 21.545453243963532 ], [ -157.864582620387154, 21.544422726079848 ], [ -157.865032635167495, 21.543885484240114 ], [ -157.865587907500412, 21.543490484609574 ], [ -157.865230039733063, 21.54265516140039 ], [ -157.864950781319777, 21.54298871873771 ], [ -157.864332279826613, 21.543220585338965 ], [ -157.864077575170569, 21.543524798597534 ], [ -157.863459070137651, 21.543756661783956 ], [ -157.862906252666221, 21.545142891811889 ], [ -157.862278091746987, 21.54537845581665 ], [ -157.862614845006277, 21.546489549546795 ], [ -157.862045613711217, 21.546894500250854 ], [ -157.861906398703439, 21.547732656781719 ], [ -157.862306311709602, 21.548362896619029 ], [ -157.862257640690103, 21.548654749882687 ], [ -157.862762916885089, 21.549451054467134 ], [ -157.862209504406906, 21.550111510593538 ], [ -157.861257787176669, 21.547614556355779 ], [ -157.860643456392097, 21.547164075487125 ], [ -157.860518149621896, 21.546328678078677 ], [ -157.860596827833064, 21.545853355912161 ], [ -157.859970129493888, 21.545393856014993 ], [ -157.85968713002012, 21.545045414003784 ], [ -157.858862217937173, 21.545153707065541 ], [ -157.858811401315023, 21.544814792275336 ], [ -157.859461863316653, 21.544006403737821 ], [ -157.858511645958004, 21.543751782533587 ], [ -157.859198098686647, 21.542898582695216 ], [ -157.859079792237083, 21.542109944734268 ], [ -157.86053542633087, 21.541832938703848 ], [ -157.860623589542399, 21.541301771401923 ], [ -157.859928841598901, 21.540792381513029 ], [ -157.860177152418828, 21.539822045892642 ], [ -157.860530894686519, 21.539731699498379 ], [ -157.86027901834089, 21.539492313021686 ], [ -157.860177152418828, 21.539822045892642 ], [ -157.859478579161618, 21.540418910173528 ], [ -157.859159443370999, 21.541039804863992 ], [ -157.857974384985397, 21.541553075340268 ], [ -157.857413009338273, 21.54211189842945 ], [ -157.856820332503986, 21.542368527233904 ], [ -157.856211258626416, 21.543237267144757 ], [ -157.855651066770918, 21.543715568896594 ], [ -157.855234805375602, 21.544525748341879 ], [ -157.854666722604122, 21.542691985952914 ], [ -157.855677172968399, 21.541828983992719 ], [ -157.856098279731725, 21.541409871913221 ], [ -157.856552520077827, 21.541021951120452 ], [ -157.856833066378613, 21.540742540263981 ], [ -157.859031257835028, 21.539958979918183 ], [ -157.859802825977908, 21.53823774190618 ], [ -157.859749753949842, 21.536702478508893 ], [ -157.860354040215128, 21.536440756503477 ], [ -157.86077511781923, 21.536021631068099 ], [ -157.863521500277301, 21.535228649947463 ], [ -157.863555306240045, 21.53455591304899 ], [ -157.863246215915211, 21.533999407998348 ], [ -157.864672531437719, 21.534062053745707 ], [ -157.865595102052623, 21.532953311837122 ], [ -157.865877720070728, 21.532402885081975 ], [ -157.866318851726021, 21.532275537677432 ] ] ] } },
{ "type": "Feature", "properties": { "ID": 71, "GRIDCODE": 1 }, "geometry": { "type": "Polygon", "coordinates": [ [ [ -157.866318851726021, 21.532275537677432 ], [ -157.866420697842159, 21.531945799921182 ], [ -157.86667257232628, 21.532185177204251 ], [ -157.866318851726021, 21.532275537677432 ] ] ] } },
{ "type": "Feature", "properties": { "ID": 72, "GRIDCODE": 1 }, "geometry": { "type": "Polygon", "coordinates": [ [ [ -157.980159940251013, 21.531655212110827 ], [ -157.981199586593789, 21.531947604945945 ], [ -157.98113848884671, 21.532474253531017 ], [ -157.981184029100575, 21.532920697022774 ], [ -157.982114708154313, 21.532837647926261 ], [ -157.982595717154652, 21.533510988258119 ], [ -157.982013268244884, 21.533957702807633 ], [ -157.981748420544875, 21.534252118413693 ], [ -157.979402577271458, 21.534483792393722 ], [ -157.978848447382973, 21.534721911315419 ], [ -157.980725951248132, 21.53512351547581 ], [ -157.981132587498905, 21.535631119833603 ], [ -157.980288923357961, 21.535545439176524 ], [ -157.979996985347128, 21.535869924513772 ], [ -157.979551477982483, 21.535824720399404 ], [ -157.978849208332917, 21.535887317744365 ], [ -157.978545682934055, 21.533196890065007 ], [ -157.978465265870625, 21.531792860027764 ], [ -157.978997523920356, 21.532962115964157 ], [ -157.979891741874383, 21.532490190204037 ], [ -157.980159940251013, 21.531655212110827 ] ] ] } },
{ "type": "Feature", "properties": { "ID": 73, "GRIDCODE": 1 }, "geometry": { "type": "Polygon", "coordinates": [ [ [ -157.867221405882162, 21.527945453417392 ], [ -157.867095336508896, 21.529393156625297 ], [ -157.866545660580385, 21.528272683811565 ], [ -157.867221405882162, 21.527945453417392 ] ] ] } },
{ "type": "Feature", "properties": { "ID": 74, "GRIDCODE": 1 }, "geometry": { "type": "Polygon", "coordinates": [ [ [ -157.867221405882162, 21.527945453417392 ], [ -157.86732324647798, 21.527615714720529 ], [ -157.86757511539696, 21.527855090499735 ], [ -157.867221405882162, 21.527945453417392 ] ] ] } },
{ "type": "Feature", "properties": { "ID": 75, "GRIDCODE": 2 }, "geometry": { "type": "Polygon", "coordinates": [ [ [ -158.138624179238548, 21.529025246772058 ], [ -158.139025423319879, 21.529268571381078 ], [ -158.13874701606747, 21.530477108373749 ], [ -158.138624179238548, 21.529025246772058 ] ] ] } },
{ "type": "Feature", "properties": { "ID": 76, "GRIDCODE": 1 }, "geometry": { "type": "Polygon", "coordinates": [ [ [ -157.843478037028916, 21.526969532226506 ], [ -157.843320936450652, 21.527591386820959 ], [ -157.84249205251794, 21.52814096146075 ], [ -157.842828621793615, 21.527323776380975 ], [ -157.843478037028916, 21.526969532226506 ] ] ] } },
{ "type": "Feature", "properties": { "ID": 77, "GRIDCODE": 1 }, "geometry": { "type": "Polygon", "coordinates": [ [ [ -157.979614715692776, 21.526773503383627 ], [ -157.980072245328103, 21.526895732416328 ], [ -157.980002541287234, 21.527317916358015 ], [ -157.980152452266111, 21.528311737882653 ], [ -157.980687141768186, 21.528241096374153 ], [ -157.980578453104584, 21.528899259312446 ], [ -157.978911934817802, 21.529525597234894 ], [ -157.97856691661471, 21.52993835358139 ], [ -157.978187124565181, 21.527760120457284 ], [ -157.979487494607611, 21.526925703959929 ], [ -157.979614715692776, 21.526773503383627 ] ] ] } },
{ "type": "Feature", "properties": { "ID": 78, "GRIDCODE": 1 }, "geometry": { "type": "Polygon", "coordinates": [ [ [ -157.843478037028916, 21.526969532226506 ], [ -157.843652459779889, 21.526589035099526 ], [ -157.843958302563152, 21.525507106479534 ], [ -157.844865778120862, 21.525747152060259 ], [ -157.844049043620885, 21.526836659735224 ], [ -157.843478037028916, 21.526969532226506 ] ] ] } },
{ "type": "Feature", "properties": { "ID": 79, "GRIDCODE": 1 }, "geometry": { "type": "Polygon", "coordinates": [ [ [ -157.853093243070191, 21.519718557586675 ], [ -157.853794030681968, 21.519911214843379 ], [ -157.852377759046504, 21.520677203535122 ], [ -157.850355499315299, 21.521458128036421 ], [ -157.849984930041273, 21.522038357717349 ], [ -157.850049580544066, 21.522556942591986 ], [ -157.848479550123756, 21.523087810586823 ], [ -157.847288976866764, 21.524458008744247 ], [ -157.846658832108972, 21.524380211455558 ], [ -157.845235588915216, 21.526018143306143 ], [ -157.845590099969769, 21.524431179128673 ], [ -157.847313761170398, 21.52346768835438 ], [ -157.847699059768786, 21.522241001390412 ], [ -157.848024958699824, 21.521731265520547 ], [ -157.848291992013515, 21.520615446968659 ], [ -157.849916486048954, 21.5208158815988 ], [ -157.851189414501107, 21.52036797633907 ], [ -157.852919993171156, 21.519917847623592 ], [ -157.853093243070191, 21.519718557586675 ] ] ] } },
{ "type": "Feature", "properties": { "ID": 80, "GRIDCODE": 1 }, "geometry": { "type": "Polygon", "coordinates": [ [ [ -157.874602075667752, 21.509837439742181 ], [ -157.874703885170902, 21.509507694560124 ], [ -157.874955737006161, 21.509747058872293 ], [ -157.874602075667752, 21.509837439742181 ] ] ] } },
{ "type": "Feature", "properties": { "ID": 81, "GRIDCODE": 1 }, "geometry": { "type": "Polygon", "coordinates": [ [ [ -157.873156174704434, 21.509556673174394 ], [ -157.873541672137833, 21.509739244993135 ], [ -157.874602075667752, 21.509837439742181 ], [ -157.874156786119897, 21.511799954755325 ], [ -157.875726362421204, 21.514261771183737 ], [ -157.873158302225107, 21.515151520719527 ], [ -157.873862678717671, 21.51293363823569 ], [ -157.873853354866554, 21.512271521968501 ], [ -157.873865555118044, 21.511862634429374 ], [ -157.873290815031282, 21.510508845315591 ], [ -157.873156174704434, 21.509556673174394 ] ] ] } },
{ "type": "Feature", "properties": { "ID": 82, "GRIDCODE": 1 }, "geometry": { "type": "Polygon", "coordinates": [ [ [ -157.873156174704434, 21.509556673174394 ], [ -157.872803943139473, 21.509461531396269 ], [ -157.873059455126509, 21.509225589144631 ], [ -157.873156174704434, 21.509556673174394 ] ] ] } },
{ "type": "Feature", "properties": { "ID": 83, "GRIDCODE": 2 }, "geometry": { "type": "Polygon", "coordinates": [ [ [ -158.159979608535252, 21.492544859482411 ], [ -158.159627063708712, 21.492450316381362 ], [ -158.159882383562376, 21.492213917835521 ], [ -158.159979608535252, 21.492544859482411 ] ] ] } },
{ "type": "Feature", "properties": { "ID": 84, "GRIDCODE": 2 }, "geometry": { "type": "Polygon", "coordinates": [ [ [ -158.119553159566379, 21.473093565376608 ], [ -158.11992860871419, 21.473246276326506 ], [ -158.119665390337872, 21.473710062948928 ], [ -158.119553159566379, 21.473093565376608 ] ] ] } },
{ "type": "Feature", "properties": { "ID": 85, "GRIDCODE": 2 }, "geometry": { "type": "Polygon", "coordinates": [ [ [ -158.106607835534987, 21.45920235725346 ], [ -158.106708946990295, 21.458872446514899 ], [ -158.106961392854487, 21.459111475312334 ], [ -158.106607835534987, 21.45920235725346 ] ] ] } },
{ "type": "Feature", "properties": { "ID": 86, "GRIDCODE": 1 }, "geometry": { "type": "Polygon", "coordinates": [ [ [ -157.85661168139697, 21.440064499428551 ], [ -157.857286842476867, 21.440196942106628 ], [ -157.856978749217888, 21.440700081534899 ], [ -157.856375627415446, 21.440500839004301 ], [ -157.85661168139697, 21.440064499428551 ] ] ] } },
{ "type": "Feature", "properties": { "ID": 87, "GRIDCODE": 1 }, "geometry": { "type": "Polygon", "coordinates": [ [ [ -157.850320030600471, 21.430264859403017 ], [ -157.850984822690322, 21.430379257432257 ], [ -157.850474492103189, 21.43061004842853 ], [ -157.850320030600471, 21.430264859403017 ] ] ] } },
{ "type": "Feature", "properties": { "ID": 88, "GRIDCODE": 1 }, "geometry": { "type": "Polygon", "coordinates": [ [ [ -157.849460211010921, 21.429174892914435 ], [ -157.849835240676953, 21.42932819484459 ], [ -157.849571272794947, 21.429791527699823 ], [ -157.849460211010921, 21.429174892914435 ] ] ] } },
{ "type": "Feature", "properties": { "ID": 89, "GRIDCODE": 1 }, "geometry": { "type": "Polygon", "coordinates": [ [ [ -157.845725240751023, 21.425625994490932 ], [ -157.846699891219885, 21.426341079936257 ], [ -157.848073357638896, 21.428032997103031 ], [ -157.849210482546454, 21.428867292304609 ], [ -157.849460211010921, 21.429174892914435 ], [ -157.848723169430968, 21.429623659234835 ], [ -157.84842730203502, 21.429216226885192 ], [ -157.847619566431263, 21.429379922864825 ], [ -157.846511236171096, 21.42898284061031 ], [ -157.846393952389263, 21.428476261302105 ], [ -157.846516271118986, 21.427982183522406 ], [ -157.845822518410586, 21.427130944722613 ], [ -157.845897257067946, 21.426828552657305 ], [ -157.845341584209336, 21.426463722045863 ], [ -157.845725240751023, 21.425625994490932 ] ] ] } },
{ "type": "Feature", "properties": { "ID": 90, "GRIDCODE": 1 }, "geometry": { "type": "Polygon", "coordinates": [ [ [ -157.845725240751023, 21.425625994490932 ], [ -157.844625719152702, 21.425838017781906 ], [ -157.842685364088624, 21.425716308296927 ], [ -157.841333160473766, 21.425782388442475 ], [ -157.840965139481028, 21.424636034938445 ], [ -157.840660316277052, 21.424650929968355 ], [ -157.84011764841398, 21.424073780736464 ], [ -157.839504440316091, 21.423553043701418 ], [ -157.83985968448448, 21.4229516759784 ], [ -157.838337565141785, 21.423026017667219 ], [ -157.838386187016056, 21.422346369772171 ], [ -157.836638158220268, 21.421894964891298 ], [ -157.835181682834758, 21.422175840180621 ], [ -157.834623850530676, 21.421340787290642 ], [ -157.833723466435714, 21.421073563835446 ], [ -157.833772108482719, 21.420393918065145 ], [ -157.833738225931995, 21.41978429648762 ], [ -157.834045829226653, 21.419168648786332 ], [ -157.83463257159454, 21.418175283581949 ], [ -157.834366689470016, 21.417273779110879 ], [ -157.833952020743851, 21.416921538860969 ], [ -157.834404104309073, 21.416156103845879 ], [ -157.833496163597971, 21.415385108311703 ], [ -157.833516509817002, 21.415100803659268 ], [ -157.832634512736576, 21.414018476363349 ], [ -157.832957674794272, 21.41347115518786 ], [ -157.830537858550031, 21.413030692132221 ], [ -157.829772811485981, 21.412634510718011 ], [ -157.828907581193249, 21.412255292077635 ], [ -157.829759577005547, 21.411599124403555 ], [ -157.830641450151518, 21.411556053130795 ], [ -157.831120837491056, 21.411586194676655 ], [ -157.832985010246176, 21.411061326005871 ], [ -157.834114646551342, 21.410496656683499 ], [ -157.835278732875338, 21.410006125950378 ], [ -157.835697731175458, 21.409167805799409 ], [ -157.835580053919443, 21.410251048169112 ], [ -157.834981146980965, 21.412783878915711 ], [ -157.835301559095001, 21.417644853597849 ], [ -157.836400737148665, 21.419931767628679 ], [ -157.840455700380261, 21.421317935687991 ], [ -157.844286799715832, 21.423935662327953 ], [ -157.845725240751023, 21.425625994490932 ] ] ] } },
{ "type": "Feature", "properties": { "ID": 91, "GRIDCODE": 1 }, "geometry": { "type": "Polygon", "coordinates": [ [ [ -157.828862851289557, 21.398678509249965 ], [ -157.830433766967758, 21.398939713903204 ], [ -157.830142335289338, 21.39944490731914 ], [ -157.829178816038393, 21.399067719419243 ], [ -157.828862851289557, 21.398678509249965 ] ] ] } },
{ "type": "Feature", "properties": { "ID": 92, "GRIDCODE": 1 }, "geometry": { "type": "Polygon", "coordinates": [ [ [ -157.827707516428205, 21.398399420295494 ], [ -157.828865009645938, 21.39840750947641 ], [ -157.828862851289557, 21.398678509249965 ], [ -157.827705355939798, 21.398670419956762 ], [ -157.827707516428205, 21.398399420295494 ] ] ] } },
{ "type": "Feature", "properties": { "ID": 93, "GRIDCODE": 1 }, "geometry": { "type": "Polygon", "coordinates": [ [ [ -157.827707516428205, 21.398399420295494 ], [ -157.826693987390428, 21.398801697815973 ], [ -157.825842951237178, 21.398779463229779 ], [ -157.82468042672113, 21.399329888280171 ], [ -157.824108829398227, 21.399314962910584 ], [ -157.823381628015341, 21.399639101147717 ], [ -157.822333447878606, 21.400942614630491 ], [ -157.821183260380622, 21.399562852143681 ], [ -157.818011307305625, 21.398959718340713 ], [ -157.818303366830008, 21.397924168936484 ], [ -157.819186077095679, 21.396851624405109 ], [ -157.81918207760927, 21.396575421111784 ], [ -157.819485490432584, 21.396306543339154 ], [ -157.819477972564187, 21.395764461900885 ], [ -157.819775690015859, 21.395500704310809 ], [ -157.81977177321329, 21.395214047364206 ], [ -157.820645851702523, 21.394439178309305 ], [ -157.82065858868765, 21.394013756761989 ], [ -157.820638063608953, 21.392520452621788 ], [ -157.821542005807089, 21.391719056936715 ], [ -157.822102458626858, 21.391180965134268 ], [ -157.821442416459661, 21.395013538499974 ], [ -157.820338062250443, 21.397509214695017 ], [ -157.821459879898669, 21.398441304968305 ], [ -157.826297698883906, 21.397961067917088 ], [ -157.827566757714948, 21.398260215877265 ], [ -157.827707516428205, 21.398399420295494 ] ] ] } },
{ "type": "Feature", "properties": { "ID": 94, "GRIDCODE": 1 }, "geometry": { "type": "Polygon", "coordinates": [ [ [ -157.821697991138251, 21.389955845445126 ], [ -157.822103353188737, 21.390222230774679 ], [ -157.821785910712492, 21.391151216638161 ], [ -157.82145046180645, 21.390870500700363 ], [ -157.821697991138251, 21.389955845445126 ] ] ] } },
{ "type": "Feature", "properties": { "ID": 95, "GRIDCODE": 1 }, "geometry": { "type": "Polygon", "coordinates": [ [ [ -157.821697991138251, 21.389955845445126 ], [ -157.821310424832063, 21.389761109339638 ], [ -157.821581376168183, 21.389062054154969 ], [ -157.821697991138251, 21.389955845445126 ] ] ] } },
{ "type": "Feature", "properties": { "ID": 96, "GRIDCODE": 1 }, "geometry": { "type": "Polygon", "coordinates": [ [ [ -157.821134480051285, 21.388054783354367 ], [ -157.821486385046768, 21.38815002062675 ], [ -157.821231015009687, 21.38838589322118 ], [ -157.821134480051285, 21.388054783354367 ] ] ] } },
{ "type": "Feature", "properties": { "ID": 97, "GRIDCODE": 1 }, "geometry": { "type": "Polygon", "coordinates": [ [ [ -157.82056663776001, 21.386695718331172 ], [ -157.820941527825397, 21.38684907937898 ], [ -157.820677554453709, 21.387312368341501 ], [ -157.82056663776001, 21.386695718331172 ] ] ] } },
{ "type": "Feature", "properties": { "ID": 98, "GRIDCODE": 1 }, "geometry": { "type": "Polygon", "coordinates": [ [ [ -157.81942228625644, 21.385061580543507 ], [ -157.819731095490994, 21.385314587699106 ], [ -157.82056663776001, 21.386695718331172 ], [ -157.819987938884964, 21.386691648216946 ], [ -157.819992285594736, 21.38614964961846 ], [ -157.819413588987175, 21.3861455776218 ], [ -157.81942228625644, 21.385061580543507 ] ] ] } },
{ "type": "Feature", "properties": { "ID": 99, "GRIDCODE": 1 }, "geometry": { "type": "Polygon", "coordinates": [ [ [ -157.818847944606063, 21.384515508297916 ], [ -157.819230769946131, 21.384700291323995 ], [ -157.81942228625644, 21.385061580543507 ], [ -157.818843594046768, 21.385057506777674 ], [ -157.818847944606063, 21.384515508297916 ] ] ] } },
{ "type": "Feature", "properties": { "ID": 100, "GRIDCODE": 1 }, "geometry": { "type": "Polygon", "coordinates": [ [ [ -157.818847944606063, 21.384515508297916 ], [ -157.818155271725033, 21.384348391462602 ], [ -157.817886351449204, 21.38331642974261 ], [ -157.818706533177362, 21.383967454820187 ], [ -157.818847944606063, 21.384515508297916 ] ] ] } },
{ "type": "Feature", "properties": { "ID": 101, "GRIDCODE": 1 }, "geometry": { "type": "Polygon", "coordinates": [ [ [ -157.815121372732591, 21.380152997686299 ], [ -157.815799798954799, 21.380507472936312 ], [ -157.815255521984625, 21.380758698906753 ], [ -157.815121372732591, 21.380152997686299 ] ] ] } },
{ "type": "Feature", "properties": { "ID": 102, "GRIDCODE": 2 }, "geometry": { "type": "Polygon", "coordinates": [ [ [ -158.106607835534987, 21.45920235725346 ], [ -158.107237489013784, 21.460550945412297 ], [ -158.106502882032629, 21.461136659906423 ], [ -158.106160908471935, 21.463036412290517 ], [ -158.106727889437821, 21.465020092863103 ], [ -158.10702227888325, 21.466265916033112 ], [ -158.108261806669361, 21.467277115028839 ], [ -158.109896260594269, 21.467747288329736 ], [ -158.110224333457808, 21.468107871445472 ], [ -158.11013184160646, 21.46911375141114 ], [ -158.110196743776129, 21.469927187640565 ], [ -158.110113638466885, 21.470830554576612 ], [ -158.109474887494144, 21.47133983525001 ], [ -158.108999115282103, 21.472435515483031 ], [ -158.110291913306384, 21.472345196476478 ], [ -158.110870738867334, 21.472391814915419 ], [ -158.112631997627261, 21.472268765967115 ], [ -158.114561231273171, 21.473289732889022 ], [ -158.115643619065196, 21.472924183962448 ], [ -158.117326269253113, 21.473364765441566 ], [ -158.118001298780655, 21.474106713916637 ], [ -158.119417448952845, 21.474007711531371 ], [ -158.119366925981154, 21.474556653022113 ], [ -158.119910239055201, 21.475480131348782 ], [ -158.121276753935945, 21.475384623950585 ], [ -158.121710885586424, 21.475419592911766 ], [ -158.122205382523759, 21.475385002583437 ], [ -158.124313803232639, 21.475754235429708 ], [ -158.125489393365797, 21.476543705133693 ], [ -158.126482354087216, 21.476474256871967 ], [ -158.127772611633048, 21.476578064328773 ], [ -158.129045679746753, 21.47743299685564 ], [ -158.130305398523745, 21.477966993694274 ], [ -158.132543517109468, 21.477599204952806 ], [ -158.133962752842166, 21.47607446860285 ], [ -158.136313662207328, 21.476689767695014 ], [ -158.135578291998087, 21.477649200476311 ], [ -158.136224863828858, 21.478512815770127 ], [ -158.136117280804882, 21.479684721982359 ], [ -158.136200365808236, 21.480724479779052 ], [ -158.136744937605158, 21.481168579178966 ], [ -158.137042799775088, 21.482113300980714 ], [ -158.136991582609824, 21.482670582898269 ], [ -158.137040964718068, 21.483288333976738 ], [ -158.138178403161987, 21.483615258482164 ], [ -158.138903601732409, 21.484411908593092 ], [ -158.139410805745683, 21.485491764803857 ], [ -158.140770212819803, 21.486067885559152 ], [ -158.141036587115877, 21.486360401875903 ], [ -158.142095293221985, 21.486809111430627 ], [ -158.14277574215933, 21.486078184563862 ], [ -158.143678904772401, 21.485706506994198 ], [ -158.144520636032553, 21.485272574999321 ], [ -158.144962860710478, 21.485308121459802 ], [ -158.145408020443597, 21.48527691639595 ], [ -158.145659644462057, 21.488292106327894 ], [ -158.1462568767584, 21.487984226569669 ], [ -158.146525874878023, 21.488556778598163 ], [ -158.147003863771062, 21.489081166802144 ], [ -158.147641766382918, 21.487762613011277 ], [ -158.148960546326862, 21.488647871508086 ], [ -158.15014920575652, 21.489151584466548 ], [ -158.151129518500369, 21.490228188399666 ], [ -158.152082446834328, 21.489736884836727 ], [ -158.153470013769407, 21.490765384801449 ], [ -158.154631501557304, 21.490372922196965 ], [ -158.155620427266655, 21.491458940470725 ], [ -158.156084875795187, 21.491837595256598 ], [ -158.1565063368719, 21.493173576735881 ], [ -158.157517416234441, 21.492652296265977 ], [ -158.158086818133256, 21.492953394327788 ], [ -158.15839492276001, 21.492931787093514 ], [ -158.158712388182209, 21.493938375012721 ], [ -158.159820235588484, 21.493211580726452 ], [ -158.160266086898247, 21.493088363903876 ], [ -158.160363313254635, 21.493419305340453 ], [ -158.16061863370976, 21.493182905712843 ], [ -158.160266086898247, 21.493088363903876 ], [ -158.159979608535252, 21.492544859482411 ], [ -158.160419501178666, 21.492153557658195 ], [ -158.160406074498326, 21.491314322526179 ], [ -158.161299349869552, 21.49051967361223 ], [ -158.160843609920079, 21.489680864408484 ], [ -158.16233335774578, 21.489716792171688 ], [ -158.161593566853583, 21.488354677786965 ], [ -158.161316533965731, 21.487150382849439 ], [ -158.16368992997559, 21.486729061641615 ], [ -158.164794247751217, 21.486755692545469 ], [ -158.164787061178089, 21.486305236942123 ], [ -158.166537666700066, 21.485669016681882 ], [ -158.166533300485156, 21.485392800899948 ], [ -158.167130151414653, 21.484322298554321 ], [ -158.167847440665952, 21.482957142224546 ], [ -158.168340275957604, 21.482073312204811 ], [ -158.170454807360187, 21.481304798291273 ], [ -158.173553606758844, 21.48137937055693 ], [ -158.175313122423148, 21.48250838907958 ], [ -158.176374401043631, 21.486259915856927 ], [ -158.177237611655016, 21.489259230282197 ], [ -158.177223189178648, 21.489787396000324 ], [ -158.177811390492394, 21.490321968778026 ], [ -158.177796268195465, 21.490874349382548 ], [ -158.178664771484847, 21.491957459725491 ], [ -158.178956682180399, 21.492528024305173 ], [ -158.178942452586057, 21.493047985971725 ], [ -158.179232344960809, 21.494130234274113 ], [ -158.179196332099508, 21.494399370027462 ], [ -158.177491541587756, 21.493566836419284 ], [ -158.176625642242215, 21.493579113957345 ], [ -158.175901740434711, 21.493561715357064 ], [ -158.174294530953063, 21.493584483101156 ], [ -158.174310223220601, 21.494562555203963 ], [ -158.173133996263147, 21.494913394874363 ], [ -158.173142791751644, 21.495458944784549 ], [ -158.172691267367782, 21.49586067790047 ], [ -158.173138085640034, 21.496266726119398 ], [ -158.17341893362763, 21.496815607360276 ], [ -158.173712688003974, 21.497082667362271 ], [ -158.173992009526557, 21.497902572865108 ], [ -158.174288417783544, 21.4987272604452 ], [ -158.174273835479141, 21.499256416770915 ], [ -158.174279799838928, 21.499627792799373 ], [ -158.177084073554994, 21.500494696728751 ], [ -158.173966024610479, 21.502504573460332 ], [ -158.17368042062148, 21.502795433855042 ], [ -158.1742567003717, 21.503319108529656 ], [ -158.174539034642862, 21.503607616076785 ], [ -158.173375205858804, 21.50412890425676 ], [ -158.173790329403744, 21.504893171148542 ], [ -158.173081732200018, 21.505210588745197 ], [ -158.173090531195271, 21.505755343988632 ], [ -158.172491948069222, 21.506023411410467 ], [ -158.172500759780377, 21.50656551983732 ], [ -158.172480633961612, 21.507298120628178 ], [ -158.171330365033896, 21.507641132406533 ], [ -158.171037579537597, 21.508198220065616 ], [ -158.170168812591186, 21.508177296346307 ], [ -158.169878880355782, 21.508729036201014 ], [ -158.168415659454752, 21.508693831945859 ], [ -158.168725942500885, 21.509264901629408 ], [ -158.168711309046984, 21.509799084901449 ], [ -158.168716024036712, 21.510089131222955 ], [ -158.169303709795116, 21.510623135972153 ], [ -158.171018312523188, 21.510598903371196 ], [ -158.17131148521932, 21.511172133333964 ], [ -158.172144874337619, 21.510775542152214 ], [ -158.17251393506001, 21.511859316873547 ], [ -158.173245244815405, 21.51225817300978 ], [ -158.173627408777435, 21.511175935907492 ], [ -158.173931866270067, 21.510629951930518 ], [ -158.174609330035167, 21.510646271553217 ], [ -158.175202530596806, 21.512388018349544 ], [ -158.176524420750098, 21.511459627163973 ], [ -158.177102667971724, 21.511741980292157 ], [ -158.177680658108386, 21.511466979986672 ], [ -158.1782670624888, 21.511204260482195 ], [ -158.178556968107529, 21.510652637703309 ], [ -158.179136157809808, 21.510666536531524 ], [ -158.179860300244542, 21.510656265460437 ], [ -158.180587115694834, 21.510673729626586 ], [ -158.180877189415526, 21.509585463916377 ], [ -158.18119200783164, 21.509305255718733 ], [ -158.182042826943587, 21.509325703523015 ], [ -158.182620993282569, 21.508509878004364 ], [ -158.184076383143292, 21.508251388784615 ], [ -158.184067548556214, 21.50770570661707 ], [ -158.184955729312975, 21.507440731493652 ], [ -158.184946890275967, 21.506895247723104 ], [ -158.185335576388752, 21.506197990330701 ], [ -158.1867158677681, 21.506647595127184 ], [ -158.186693317273608, 21.505260624279437 ], [ -158.188225233574116, 21.505297391046561 ], [ -158.187855173816331, 21.50391660456809 ], [ -158.188734243369538, 21.503937684205546 ], [ -158.189123713691913, 21.503196285319717 ], [ -158.188446493157556, 21.502580987504771 ], [ -158.188164132508803, 21.502292502627643 ], [ -158.189328464571929, 21.501770847206174 ], [ -158.188732912901202, 21.50093937171949 ], [ -158.18961960026914, 21.500960615570204 ], [ -158.190053227184507, 21.50054247142754 ], [ -158.189141319551226, 21.49971402878937 ], [ -158.190209317741363, 21.499066109063421 ], [ -158.190496294443079, 21.498520007025633 ], [ -158.191082624670912, 21.498257239746554 ], [ -158.191657842374639, 21.497983432300767 ], [ -158.191982620110338, 21.497991223569819 ], [ -158.19310649743727, 21.498539914350356 ], [ -158.193684999920976, 21.49797754689444 ], [ -158.193096989821157, 21.497443359898064 ], [ -158.193119323787045, 21.496624411342939 ], [ -158.194275336271488, 21.496652091700518 ], [ -158.194592229955845, 21.495753901383171 ], [ -158.196349248734094, 21.494463901079332 ], [ -158.198450889873953, 21.493836776011619 ], [ -158.200121922102824, 21.494246108192343 ], [ -158.201009574804004, 21.495119702906727 ], [ -158.200350205865874, 21.497212298081791 ], [ -158.199459764284427, 21.500232483844162 ], [ -158.199467907441118, 21.500734226737453 ], [ -158.199459956894799, 21.501024213420855 ], [ -158.19877613932627, 21.501632812071676 ], [ -158.199171371907454, 21.502359934782319 ], [ -158.198866550636097, 21.502631161036831 ], [ -158.198875333136527, 21.503170690109169 ], [ -158.198867909364481, 21.503441688281811 ], [ -158.198885375970207, 21.504512871550276 ], [ -158.198571027329166, 21.504792719677866 ], [ -158.198285021806214, 21.505164680003809 ], [ -158.199730838862678, 21.505611448764107 ], [ -158.199723401907249, 21.505885093686281 ], [ -158.199727858271473, 21.506156148778878 ], [ -158.199713168681058, 21.506695565189176 ], [ -158.20001290244295, 21.50696790270613 ], [ -158.200295354134965, 21.507245715253749 ], [ -158.202595236956, 21.508107399492303 ], [ -158.20148008745204, 21.50909985331381 ], [ -158.199414651471557, 21.509404338588617 ], [ -158.199129611693195, 21.509598637326285 ], [ -158.201164992827472, 21.510861322367258 ], [ -158.202305270595843, 21.510502175335066 ], [ -158.202884181705713, 21.510516056646519 ], [ -158.203181032969781, 21.510229897179592 ], [ -158.203760226031392, 21.51024377677285 ], [ -158.204045702464668, 21.509968413397623 ], [ -158.204340813174753, 21.509975510549374 ], [ -158.205069896202218, 21.509628412456582 ], [ -158.20606717046843, 21.511067731198288 ], [ -158.206268949470882, 21.511334298449405 ], [ -158.206652737975929, 21.510246362300762 ], [ -158.207249466079361, 21.510260643963456 ], [ -158.208382604203763, 21.511895929493932 ], [ -158.20896491302193, 21.511073941329787 ], [ -158.209541250521795, 21.511355248279344 ], [ -158.210124872465144, 21.511623684515431 ], [ -158.210095053955854, 21.512718994761716 ], [ -158.210944946161334, 21.512706801806072 ], [ -158.211271574263861, 21.512745069736091 ], [ -158.210686486170772, 21.513794745210742 ], [ -158.210699346588257, 21.51458230008522 ], [ -158.210384050699503, 21.515430172395074 ], [ -158.209272850888624, 21.515403738319716 ], [ -158.208074845148587, 21.515684974342786 ], [ -158.2046534301831, 21.515603332590704 ], [ -158.204308445743351, 21.515948619652757 ], [ -158.205464139658488, 21.516480112121354 ], [ -158.206444192408412, 21.516958421167264 ], [ -158.207048199233014, 21.51813872646558 ], [ -158.205742114262705, 21.518107570776142 ], [ -158.205302371953223, 21.518113881456287 ], [ -158.203142593187067, 21.517282147131848 ], [ -158.200996826107797, 21.516944744459934 ], [ -158.199939940892193, 21.517277547800067 ], [ -158.19937175059269, 21.517263971694128 ], [ -158.198784983253887, 21.517543306344823 ], [ -158.198033803580927, 21.516804018452813 ], [ -158.197626744296599, 21.516448051614994 ], [ -158.197058623286352, 21.51752958534933 ], [ -158.196766184880886, 21.517522553966685 ], [ -158.196189671144907, 21.517530829299513 ], [ -158.195884983892711, 21.517230934202537 ], [ -158.194595327286748, 21.517249398329465 ], [ -158.194158226445779, 21.517238885215519 ], [ -158.193571733479075, 21.517518070261477 ], [ -158.19271124676203, 21.517497500839543 ], [ -158.192419807024294, 21.518052119060567 ], [ -158.191263538811086, 21.517222305597087 ], [ -158.190562795116563, 21.518211196695461 ], [ -158.189760031988328, 21.517421068504149 ], [ -158.18893497649006, 21.518585361514461 ], [ -158.188070950067015, 21.518564618479111 ], [ -158.187636440437956, 21.518570841832961 ], [ -158.187169498685705, 21.518559635732419 ], [ -158.186044365417757, 21.518010367288518 ], [ -158.185559525657567, 21.519384009191004 ], [ -158.184303924591404, 21.51935385824282 ], [ -158.184012706544905, 21.519634451616 ], [ -158.183391256309875, 21.519912833603275 ], [ -158.182415366205987, 21.51988939633685 ], [ -158.18198085292633, 21.519895604833753 ], [ -158.181691239652736, 21.519888626944045 ], [ -158.181111889037936, 21.519896836005163 ], [ -158.180532662353016, 21.519882942878887 ], [ -158.18014171379707, 21.519888500252307 ], [ -158.180734126985016, 21.521536263023187 ], [ -158.179356044523928, 21.52150322334175 ], [ -158.179364864195435, 21.522048242653419 ], [ -158.179357387946823, 21.522321752572427 ], [ -158.179750613806647, 21.52304546771839 ], [ -158.17935132803828, 21.523400756482047 ], [ -158.179362565051321, 21.524094537635534 ], [ -158.180341461921103, 21.52454487073615 ], [ -158.17991798235181, 21.525304274174523 ], [ -158.180315234459471, 21.525665131758448 ], [ -158.179911610105677, 21.526389099255574 ], [ -158.180497490360807, 21.526658642432768 ], [ -158.180779940484058, 21.526936487386017 ], [ -158.181363567212827, 21.527205023993201 ], [ -158.181356093347347, 21.527478666281304 ], [ -158.181365032179173, 21.528028913326224 ], [ -158.181938191531458, 21.528020740074588 ], [ -158.182219129034564, 21.528569739778849 ], [ -158.182802765008603, 21.528838271590324 ], [ -158.182780190824559, 21.529662506421626 ], [ -158.183667381072013, 21.529649909886476 ], [ -158.183654746355074, 21.530113765716418 ], [ -158.184837705045027, 21.530479381734594 ], [ -158.185394055650761, 21.53102681025177 ], [ -158.186268114149016, 21.530478556062253 ], [ -158.186550471496446, 21.531030334938674 ], [ -158.18713269581076, 21.531022056003916 ], [ -158.187732191637508, 21.531036423093902 ], [ -158.188285461102168, 21.531580717285166 ], [ -158.188857260060018, 21.532100219880107 ], [ -158.189192802773334, 21.532755809169725 ], [ -158.190023499787401, 21.531583738214628 ], [ -158.190472345150226, 21.531320310129249 ], [ -158.190889471465283, 21.532135430990486 ], [ -158.191388521458009, 21.532588799323733 ], [ -158.192535967012049, 21.532042697049651 ], [ -158.192915658822358, 21.532416410000121 ], [ -158.193208188730381, 21.532412200432614 ], [ -158.193605735828442, 21.532421731995438 ], [ -158.194448119406928, 21.533637574058897 ], [ -158.195643218507314, 21.532888008949907 ], [ -158.196383080054005, 21.534334016268271 ], [ -158.197521670014027, 21.53323657386041 ], [ -158.198417679567712, 21.533528324378985 ], [ -158.19884725742051, 21.533114310133922 ], [ -158.199304658609293, 21.532707376098898 ], [ -158.20001391070636, 21.532724343424753 ], [ -158.200728545585434, 21.532714071424909 ], [ -158.201602277839726, 21.533097013026065 ], [ -158.20040890249436, 21.533820955822797 ], [ -158.199863010179541, 21.534346971668686 ], [ -158.199276547529166, 21.534609764645559 ], [ -158.198698364351486, 21.535425512685489 ], [ -158.198401572239476, 21.53568969357196 ], [ -158.198110346702748, 21.535970310836433 ], [ -158.197241122910071, 21.535949521433736 ], [ -158.197246208743366, 21.536259420406509 ], [ -158.19782790546563, 21.537329476003507 ], [ -158.19868784237994, 21.537317132903979 ], [ -158.199260024407522, 21.537622939657197 ], [ -158.197481085795232, 21.539205648159076 ], [ -158.199676419559665, 21.539796375767732 ], [ -158.19856955528212, 21.541781522564619 ], [ -158.200346304903348, 21.541222047125213 ], [ -158.200683348287697, 21.54221085420917 ], [ -158.20184631426855, 21.542482030742061 ], [ -158.202125873001592, 21.543301892426584 ], [ -158.202419912804231, 21.543569038022166 ], [ -158.202399548231682, 21.544318846176704 ], [ -158.203862323364064, 21.544659928843672 ], [ -158.204140971870999, 21.545753263982153 ], [ -158.204919449958993, 21.545382785678015 ], [ -158.205299207957097, 21.545756471900489 ], [ -158.205605628935103, 21.545752042801382 ], [ -158.206165351863206, 21.546302663017062 ], [ -158.207034537733222, 21.546290189932279 ], [ -158.207433321571727, 21.547069121574129 ], [ -158.208499724053723, 21.547392332938347 ], [ -158.209347814785872, 21.546574920391738 ], [ -158.2096388008828, 21.546861096188863 ], [ -158.210798891159072, 21.547674263795084 ], [ -158.211172224169445, 21.548769426003275 ], [ -158.211659310754584, 21.548762399727956 ], [ -158.212193538579243, 21.54877511497051 ], [ -158.212535829930005, 21.54686937671034 ], [ -158.212987607786999, 21.546063836320595 ], [ -158.21350288945527, 21.54707053250813 ], [ -158.214180457822238, 21.546417451023348 ], [ -158.215146911737634, 21.546888965903015 ], [ -158.215435710899726, 21.546610623498754 ], [ -158.216301903785933, 21.54689254553724 ], [ -158.218334676619861, 21.547366271336024 ], [ -158.218324633881224, 21.547735851225557 ], [ -158.21934300774862, 21.548660388661833 ], [ -158.219772346471984, 21.549082645523185 ], [ -158.220351815864916, 21.549074239547696 ], [ -158.22064231692903, 21.549641684211959 ], [ -158.221508129233513, 21.54880708716815 ], [ -158.223240936908184, 21.549514522482319 ], [ -158.222365426357385, 21.550709975993417 ], [ -158.222103888451898, 21.55179288939172 ], [ -158.223231665981189, 21.551256080955685 ], [ -158.224158762206287, 21.550840547411639 ], [ -158.225002879505837, 21.553315801115446 ], [ -158.224931995361771, 21.555927145663276 ], [ -158.223982740274067, 21.557630185905964 ], [ -158.220217404279225, 21.55810399274139 ], [ -158.218855488953722, 21.557995647349838 ], [ -158.219437721304701, 21.557477549555717 ], [ -158.219723322260251, 21.5571913773368 ], [ -158.218291546554042, 21.55721199701123 ], [ -158.217299583370618, 21.556576144811807 ], [ -158.217713969481366, 21.55583274934963 ], [ -158.217698731682759, 21.554901862009228 ], [ -158.216932667043892, 21.554484436891954 ], [ -158.216550695771133, 21.555566774093446 ], [ -158.215669309365126, 21.556101452773159 ], [ -158.216250312474358, 21.556628981034685 ], [ -158.216534609816392, 21.55750819688118 ], [ -158.211894454963215, 21.557397719929046 ], [ -158.211908752195143, 21.556872396996919 ], [ -158.210454202870721, 21.556893238729071 ], [ -158.207704250771229, 21.556441019520356 ], [ -158.208728328144417, 21.555529825656862 ], [ -158.209014645857394, 21.555114511585476 ], [ -158.207266635048285, 21.554707070151125 ], [ -158.207288735929723, 21.553894077551671 ], [ -158.207281309000962, 21.55343846133708 ], [ -158.208456380264437, 21.553087851354203 ], [ -158.208157946371301, 21.552816791014425 ], [ -158.207875746144879, 21.552265709338894 ], [ -158.2072959427081, 21.552541661788066 ], [ -158.206688005162988, 21.552814037432832 ], [ -158.206128834843128, 21.553352977503209 ], [ -158.20584594241663, 21.552800367389672 ], [ -158.205552018860601, 21.55253336037428 ], [ -158.205273901037401, 21.551442478676488 ], [ -158.204974039932836, 21.551175442393884 ], [ -158.204982842315189, 21.551714836489431 ], [ -158.204964296988749, 21.552392329366462 ], [ -158.204975444460445, 21.553072478251533 ], [ -158.204659578097761, 21.55363897518663 ], [ -158.20467686690688, 21.554697381137331 ], [ -158.204068773857813, 21.554969812226695 ], [ -158.2035134250022, 21.55550512181582 ], [ -158.20314664930774, 21.555496354871295 ], [ -158.2023568486334, 21.555080801577514 ], [ -158.203228150018418, 21.554690529100576 ], [ -158.203516675194351, 21.553873384832059 ], [ -158.20397669552284, 21.553048258259214 ], [ -158.20294448984825, 21.553063044982963 ], [ -158.202652121139636, 21.553056022413589 ], [ -158.201901820642689, 21.553413124800112 ], [ -158.201498358493353, 21.553129639396055 ], [ -158.202674269745756, 21.551695275699799 ], [ -158.201488150004565, 21.551712228961641 ], [ -158.202093462168421, 21.550886016721211 ], [ -158.200621305171069, 21.550542754839555 ], [ -158.200691224447525, 21.547979266408891 ], [ -158.200549976018749, 21.547630865722514 ], [ -158.200072491469996, 21.54898373775519 ], [ -158.199463881050747, 21.550075400958523 ], [ -158.199496794875216, 21.552095133353404 ], [ -158.199455893877968, 21.553593753150142 ], [ -158.198161801727764, 21.55356278609375 ], [ -158.198614849443459, 21.552750346152834 ], [ -158.198586578558917, 21.551020791753025 ], [ -158.197803026384463, 21.549243866456308 ], [ -158.197421768819027, 21.55102233487062 ], [ -158.196576993639695, 21.551400794568437 ], [ -158.195998875964023, 21.551675855192638 ], [ -158.195412675045731, 21.55138975364288 ], [ -158.194838715685108, 21.551397966910059 ], [ -158.194557689831441, 21.550848854746835 ], [ -158.194157744694138, 21.550854597813228 ], [ -158.193696144583328, 21.549473847861588 ], [ -158.194364717807645, 21.548879168099518 ], [ -158.19281579580985, 21.548406700581939 ], [ -158.191970293283021, 21.550015761719802 ], [ -158.191640144036626, 21.550292802819001 ], [ -158.191677381743006, 21.548933324021167 ], [ -158.190939442074097, 21.5468815874437 ], [ -158.189641495361144, 21.548396861573753 ], [ -158.189049282827568, 21.548382667243786 ], [ -158.189071478517235, 21.547570473589996 ], [ -158.188783483969786, 21.546218875944902 ], [ -158.188224348959864, 21.543463685260022 ], [ -158.187636388009111, 21.545129163982484 ], [ -158.18733804715518, 21.545664348154954 ], [ -158.186753711688453, 21.547564148005915 ], [ -158.186164150239222, 21.548368940784183 ], [ -158.185877052981994, 21.548915028554099 ], [ -158.185428144526753, 21.549178441760134 ], [ -158.184930263601103, 21.548205429423881 ], [ -158.18325530896746, 21.547814705502681 ], [ -158.182698060647823, 21.547266470996842 ], [ -158.181825420190734, 21.547541163325185 ], [ -158.180941885891201, 21.547109831894073 ], [ -158.180979933784442, 21.54572422451033 ], [ -158.179807454311629, 21.545361872596835 ], [ -158.179524972467817, 21.545083893195162 ], [ -158.179229588207363, 21.545088130186183 ], [ -158.178947693503744, 21.544706067642757 ], [ -158.180118220160409, 21.54292160233371 ], [ -158.179644998505836, 21.542050928619275 ], [ -158.178960797872946, 21.542376359496661 ], [ -158.178005224880195, 21.542637257972221 ], [ -158.177521546871077, 21.540737652725603 ], [ -158.177230615699813, 21.539928218232166 ], [ -158.177253050612535, 21.539109808284884 ], [ -158.176925284327297, 21.539114411143085 ], [ -158.174933318875588, 21.54290476588907 ], [ -158.174267868729942, 21.542888767761969 ], [ -158.174667898474127, 21.540762463606661 ], [ -158.174183791515759, 21.540322751273596 ], [ -158.173760240166843, 21.539905967644668 ], [ -158.173319342580129, 21.539505374773874 ], [ -158.172742189389027, 21.538937357236414 ], [ -158.172314715234023, 21.539388631706252 ], [ -158.172950555578041, 21.540558557149829 ], [ -158.17213874025515, 21.542608239671953 ], [ -158.171712320203909, 21.541774567400932 ], [ -158.17084229274775, 21.542612783184243 ], [ -158.16997897896357, 21.542591946284606 ], [ -158.169676165299364, 21.542883636838866 ], [ -158.169689252402833, 21.543691369276765 ], [ -158.168830175389161, 21.543670679696159 ], [ -158.167399288537212, 21.544006168405577 ], [ -158.167076688482354, 21.543524959761363 ], [ -158.167948007452623, 21.543134871936164 ], [ -158.168815345040912, 21.542449510420965 ], [ -158.167736763338922, 21.541953350841013 ], [ -158.168544163476469, 21.541235334386371 ], [ -158.168531337064735, 21.540432565831246 ], [ -158.168836165291964, 21.539885869179351 ], [ -158.168803189272552, 21.539615732428079 ], [ -158.166816923939422, 21.540560518252445 ], [ -158.167972722504629, 21.538798498413112 ], [ -158.168262952143976, 21.537710395390718 ], [ -158.168852564802194, 21.536905666659248 ], [ -158.169140227280025, 21.536266841352049 ], [ -158.167119419891634, 21.536902778693534 ], [ -158.166523581892477, 21.53688842137176 ], [ -158.166538931815268, 21.536330356594682 ], [ -158.1674176741503, 21.535548780913629 ], [ -158.16800023683254, 21.534987590501071 ], [ -158.167991331572836, 21.534440388513126 ], [ -158.16741551954982, 21.533917156910267 ], [ -158.167133172852203, 21.533623475825415 ], [ -158.168518993279463, 21.532390962872213 ], [ -158.167381658776833, 21.531867644719505 ], [ -158.16787794088512, 21.530534285497822 ], [ -158.168389437704036, 21.52908573240618 ], [ -158.167920522246817, 21.528770080741733 ], [ -158.167134440621794, 21.529879002082378 ], [ -158.166291131358406, 21.530628993258457 ], [ -158.165400753745644, 21.532015429569984 ], [ -158.1646422989661, 21.531997142525341 ], [ -158.162723799234641, 21.534236368490976 ], [ -158.162187191494525, 21.534698648691922 ], [ -158.161616183694946, 21.533021819742437 ], [ -158.161644747268838, 21.53198832674644 ], [ -158.161635977798483, 21.531446220630727 ], [ -158.16164421090167, 21.531145388434176 ], [ -158.162617628715623, 21.530279682065231 ], [ -158.162159396528295, 21.528127726284019 ], [ -158.16253576380322, 21.527116623322129 ], [ -158.162529197591482, 21.526707661423675 ], [ -158.162550795057939, 21.525925511183019 ], [ -158.163911474315967, 21.525100514044606 ], [ -158.162543945164913, 21.524677713930444 ], [ -158.162082850139228, 21.523323683777797 ], [ -158.161389437193549, 21.524942947582485 ], [ -158.159634981630404, 21.526825913712543 ], [ -158.159225352198376, 21.527985326807176 ], [ -158.157699815090467, 21.529526466226443 ], [ -158.157313310480845, 21.52856121686342 ], [ -158.158206736518963, 21.527342249346994 ], [ -158.158189665726439, 21.526279279677652 ], [ -158.158197167556807, 21.526008286495369 ], [ -158.158190599707353, 21.525601706808818 ], [ -158.158210442752846, 21.524882542361869 ], [ -158.158794662931797, 21.523835242721809 ], [ -158.15878542253347, 21.523253829058952 ], [ -158.157920952024909, 21.521662587500867 ], [ -158.157943146132169, 21.520854502531513 ], [ -158.157499720561191, 21.520860734547298 ], [ -158.157050453493213, 21.520849864096245 ], [ -158.157063565838484, 21.521666067494781 ], [ -158.157047993840109, 21.522232467668552 ], [ -158.156472090569849, 21.522744622830242 ], [ -158.15647643588261, 21.523020903239342 ], [ -158.155883707972237, 21.523286290589155 ], [ -158.155900991403087, 21.524358591393298 ], [ -158.155676759198883, 21.524637685613094 ], [ -158.15410825104081, 21.52351154166859 ], [ -158.154148035715849, 21.525996281115194 ], [ -158.152985304038737, 21.525968150422095 ], [ -158.152396492358946, 21.526798699288577 ], [ -158.150439890122925, 21.524188085892749 ], [ -158.15010090685962, 21.523525259417799 ], [ -158.14980714582174, 21.523258158381712 ], [ -158.148950202713053, 21.52216424211726 ], [ -158.148650506494022, 21.521897108872327 ], [ -158.148659102876394, 21.522436501092066 ], [ -158.148637075435744, 21.523231350179024 ], [ -158.148942831743426, 21.523794027762374 ], [ -158.148637874485559, 21.524065157175759 ], [ -158.148650704369771, 21.524873153164066 ], [ -158.148193192489487, 21.525279944957241 ], [ -158.148645936469308, 21.525691381753546 ], [ -158.14863103886637, 21.526233366829253 ], [ -158.148930853470773, 21.526505926728582 ], [ -158.1489159717608, 21.527045331273385 ], [ -158.148920333051848, 21.527316384033586 ], [ -158.14890599067536, 21.527836006577047 ], [ -158.149244110793717, 21.52942480755322 ], [ -158.148451113143125, 21.530506736662282 ], [ -158.150065019910443, 21.531249514034588 ], [ -158.150046195942423, 21.531932155449095 ], [ -158.150418307811179, 21.532617052742452 ], [ -158.149593287702118, 21.534095575974256 ], [ -158.150034814848027, 21.534908402715679 ], [ -158.150027267154826, 21.535184489635029 ], [ -158.150555884234535, 21.535664926135375 ], [ -158.149010871348764, 21.536125333030927 ], [ -158.1491791609931, 21.535693839995805 ], [ -158.148573643024406, 21.535182105621647 ], [ -158.148300413606904, 21.534616814437225 ], [ -158.147690696898394, 21.534922711920444 ], [ -158.146861861226171, 21.534045170418686 ], [ -158.146197508018929, 21.535010823456545 ], [ -158.144541366700565, 21.534013370267356 ], [ -158.144976254957555, 21.532403843986781 ], [ -158.145430274591746, 21.531632384340014 ], [ -158.145119788738896, 21.531370019791783 ], [ -158.144732264365899, 21.530568375560112 ], [ -158.143184869325808, 21.531344875200279 ], [ -158.143006347320153, 21.530842460005349 ], [ -158.143121733672842, 21.52918391950173 ], [ -158.143106068403142, 21.52891280889687 ], [ -158.143175580504931, 21.527913014214711 ], [ -158.141966535860462, 21.528519795389514 ], [ -158.142245516310226, 21.527545627112033 ], [ -158.14282453813712, 21.526561750853876 ], [ -158.142868411270598, 21.525930256091545 ], [ -158.142256565702155, 21.525663691570703 ], [ -158.141927633141052, 21.524306849417954 ], [ -158.14142713672058, 21.524829197781088 ], [ -158.141388820332963, 21.525380589432945 ], [ -158.14141705980478, 21.525870058005808 ], [ -158.140818332213343, 21.526740413353913 ], [ -158.140101722848812, 21.527043682193909 ], [ -158.138870879237857, 21.528612365763294 ], [ -158.138734355017334, 21.528282534427358 ], [ -158.138810217183789, 21.527194240400487 ], [ -158.138507576103763, 21.525629160669347 ], [ -158.138202182086587, 21.525371044898446 ], [ -158.138257812275469, 21.524571939156957 ], [ -158.137403564251429, 21.523849785964256 ], [ -158.13794860112472, 21.522923583155549 ], [ -158.137436091028206, 21.522029434101505 ], [ -158.137939048072269, 21.521018713552987 ], [ -158.138276491418054, 21.5204452448612 ], [ -158.137966731751305, 21.518843071806916 ], [ -158.137180599969469, 21.519237548795282 ], [ -158.136052545343261, 21.518042847132925 ], [ -158.136210710091291, 21.519398816285921 ], [ -158.136693806872643, 21.52024160161405 ], [ -158.135909942658429, 21.521279250949529 ], [ -158.135630202003512, 21.522377141386549 ], [ -158.134962482278723, 21.522929107961797 ], [ -158.13443302912367, 21.525996424342861 ], [ -158.1338146059, 21.527581478857424 ], [ -158.133865273632125, 21.52845855207239 ], [ -158.133836980588825, 21.52886494972914 ], [ -158.13388354560567, 21.529670670967192 ], [ -158.133313847339878, 21.529237876659252 ], [ -158.133253056185197, 21.528184343366021 ], [ -158.133312277736991, 21.527333051363225 ], [ -158.13298111836832, 21.524553673363691 ], [ -158.131788491053868, 21.52208617085337 ], [ -158.131555625551783, 21.522882829631644 ], [ -158.131158595798269, 21.524813834826407 ], [ -158.130397224425394, 21.525602313120068 ], [ -158.1298055134626, 21.526091396070854 ], [ -158.129464383165185, 21.52775046658893 ], [ -158.129210903174027, 21.527493333440169 ], [ -158.128942592620035, 21.526663625669556 ], [ -158.128620890026923, 21.526391644461327 ], [ -158.128686940836417, 21.525443055268369 ], [ -158.127768583498863, 21.525042829970065 ], [ -158.128398132644094, 21.524209606748094 ], [ -158.12756856423016, 21.5235081783268 ], [ -158.128104944885933, 21.522596852222748 ], [ -158.127469301914914, 21.522319853956354 ], [ -158.127525917234891, 21.52150739208756 ], [ -158.127068432914228, 21.521120556188411 ], [ -158.126472816370267, 21.520489823946143 ], [ -158.125541848116569, 21.524141133610982 ], [ -158.124847842655413, 21.52505982913469 ], [ -158.124892950464385, 21.525840730677746 ], [ -158.124562501167247, 21.527525651663638 ], [ -158.124590433932752, 21.528009693886542 ], [ -158.124280355523638, 21.528536428167612 ], [ -158.123938808751717, 21.52987608395485 ], [ -158.123243279341921, 21.52991120570583 ], [ -158.122815037976125, 21.528774219084141 ], [ -158.122850482187971, 21.528265497981582 ], [ -158.122834854651188, 21.527994386712869 ], [ -158.122881443491565, 21.527325528442464 ], [ -158.12187090466719, 21.525955539602879 ], [ -158.122716551127098, 21.52451868909554 ], [ -158.121557494955709, 21.524447944702203 ], [ -158.120461269808175, 21.52589888592394 ], [ -158.11983461946545, 21.52715789153736 ], [ -158.119657184610077, 21.526630116470781 ], [ -158.119383676060266, 21.523105295846189 ], [ -158.118804663780878, 21.523900107861795 ], [ -158.117272247317743, 21.52633126957684 ], [ -158.116965876267301, 21.525585774954365 ], [ -158.117084028727021, 21.523891741532964 ], [ -158.116651893963081, 21.523526384510596 ], [ -158.117076604708075, 21.52226480058053 ], [ -158.117954568859716, 21.520773158675947 ], [ -158.117557315974238, 21.520183211597637 ], [ -158.115815152864627, 21.52198709349009 ], [ -158.115341929354543, 21.521728775792809 ], [ -158.114816871126379, 21.520641876245943 ], [ -158.114000103159782, 21.521669185862748 ], [ -158.113874026409462, 21.523475066492427 ], [ -158.113911905605534, 21.524132194784485 ], [ -158.113553781567447, 21.524740438414643 ], [ -158.113610213486339, 21.525719644120823 ], [ -158.111871437118737, 21.525807336917424 ], [ -158.11155454125182, 21.525471628487331 ], [ -158.110414081183507, 21.525529141290392 ], [ -158.110396173254969, 21.525218249673898 ], [ -158.110443427564348, 21.524542121230034 ], [ -158.110090269657519, 21.523450102723988 ], [ -158.108139599169675, 21.525469623894068 ], [ -158.107777460563085, 21.524345328725037 ], [ -158.107961808545269, 21.522088427356071 ], [ -158.108315518645981, 21.521997548460497 ], [ -158.108062966048976, 21.521758519649016 ], [ -158.107961808545269, 21.522088427356071 ], [ -158.10689932475151, 21.522396982013582 ], [ -158.104114450876324, 21.525177167316794 ], [ -158.103744373062113, 21.524061158956155 ], [ -158.102590898174384, 21.52409770539251 ], [ -158.101757788275478, 21.524062322418615 ], [ -158.100734836364893, 21.524561748644018 ], [ -158.099991328906384, 21.523802157282315 ], [ -158.097416956400735, 21.523024201472882 ], [ -158.09696919304875, 21.522221267688312 ], [ -158.100294261350911, 21.521645888491214 ], [ -158.101387129330334, 21.521112300473728 ], [ -158.101740350890481, 21.521101100397431 ], [ -158.102034874421349, 21.521113603124192 ], [ -158.102913194506328, 21.520555029511659 ], [ -158.103771028765607, 21.520591465280333 ], [ -158.10415265190511, 21.519846002454628 ], [ -158.106092430730342, 21.519002027415933 ], [ -158.105815762066186, 21.518683926527785 ], [ -158.10530286737918, 21.518234073800944 ], [ -158.106133422237576, 21.517872674682696 ], [ -158.105314848779784, 21.517154722007085 ], [ -158.105833622781091, 21.516249926536865 ], [ -158.105521945198547, 21.515691046908717 ], [ -158.106199531192487, 21.51511027068635 ], [ -158.104957944851549, 21.514350548239747 ], [ -158.105545181958973, 21.513326486425406 ], [ -158.105561376710142, 21.512991029648585 ], [ -158.104393019814211, 21.512723993806663 ], [ -158.104119471711726, 21.511899117967864 ], [ -158.102929415570088, 21.510514624526905 ], [ -158.104376054913359, 21.510576053726805 ], [ -158.104987973126725, 21.51027720674271 ], [ -158.105760493778661, 21.510309997126395 ], [ -158.106737604222644, 21.510026266692041 ], [ -158.107407387151255, 21.509699201252051 ], [ -158.108763651614396, 21.510039475362149 ], [ -158.109159960759371, 21.509265359574492 ], [ -158.110506535312936, 21.50922258050797 ], [ -158.110935720519961, 21.509365938988278 ], [ -158.111032843559911, 21.509696905110872 ], [ -158.111288270273064, 21.509460584996209 ], [ -158.110935720519961, 21.509365938988278 ], [ -158.111190861614801, 21.508152827511527 ], [ -158.112250308024244, 21.508419170059391 ], [ -158.113341709232685, 21.508967027289781 ], [ -158.113408515443098, 21.508701183148837 ], [ -158.112964546862344, 21.50707814196296 ], [ -158.114284189690437, 21.507345853446399 ], [ -158.114970103523063, 21.507690195738288 ], [ -158.116269295924837, 21.50727174017949 ], [ -158.11671667908476, 21.508171826024721 ], [ -158.116596022458737, 21.506397056542649 ], [ -158.115162687895577, 21.505754772247499 ], [ -158.115664748256847, 21.505702643456733 ], [ -158.116717888854879, 21.505747256866247 ], [ -158.116314408800349, 21.5046504172509 ], [ -158.116621117024209, 21.504115472845591 ], [ -158.116591653146884, 21.50330421340751 ], [ -158.116909754186509, 21.503294117529851 ], [ -158.118351950350103, 21.503355201754118 ], [ -158.116920176731071, 21.502481282346551 ], [ -158.115185661479671, 21.501957239007407 ], [ -158.115467677627578, 21.501389478053415 ], [ -158.115920989815322, 21.501000817296038 ], [ -158.116621667863086, 21.500301144310974 ], [ -158.117391817187723, 21.499640808984402 ], [ -158.114052508741878, 21.497779719670998 ], [ -158.114488845959499, 21.49706363263186 ], [ -158.114920223115263, 21.497049905720317 ], [ -158.115748095798949, 21.497084992473408 ], [ -158.116248727294561, 21.496655754179557 ], [ -158.115533180635822, 21.496028188663463 ], [ -158.115213206832237, 21.495157955167301 ], [ -158.115968223524277, 21.49414327435435 ], [ -158.114960051202445, 21.493691425765544 ], [ -158.115534779892641, 21.49218408667188 ], [ -158.115514891180595, 21.49163781914217 ], [ -158.115551089166416, 21.490889237735303 ], [ -158.115257934041779, 21.49000511815974 ], [ -158.114695455173347, 21.489511757535759 ], [ -158.114626354605463, 21.48761087344268 ], [ -158.115264683819333, 21.487063658273406 ], [ -158.114410509618466, 21.486477240025327 ], [ -158.11343663655947, 21.485881315924857 ], [ -158.112977423044754, 21.484030370243978 ], [ -158.112384185271992, 21.483764461963698 ], [ -158.112695720192448, 21.483220946214068 ], [ -158.112180565149828, 21.482297264474024 ], [ -158.11313128341672, 21.481482207512791 ], [ -158.112705920909235, 21.481047598911516 ], [ -158.11240691060641, 21.480785303800641 ], [ -158.112130082965052, 21.480502481137794 ], [ -158.111447822708215, 21.47990399259437 ], [ -158.112497639957411, 21.477549635717455 ], [ -158.111837451200273, 21.477253726725195 ], [ -158.111877198437867, 21.476434826006773 ], [ -158.111564953797028, 21.476444746634215 ], [ -158.111085510616931, 21.475954992329452 ], [ -158.110645821365353, 21.47804638779084 ], [ -158.109451993854378, 21.476826617292442 ], [ -158.108867329133773, 21.477969291619274 ], [ -158.108078406563379, 21.478312672228554 ], [ -158.10726738480048, 21.478708800322895 ], [ -158.106932722515154, 21.47803512875636 ], [ -158.105971654554878, 21.478065657071102 ], [ -158.10431742616916, 21.4777608265825 ], [ -158.103912386209231, 21.476945566858653 ], [ -158.103162588327933, 21.47720225347225 ], [ -158.102296820346083, 21.477625126839868 ], [ -158.100916737590211, 21.476932063782289 ], [ -158.100419040070733, 21.476910925197391 ], [ -158.099234684461635, 21.476948484463783 ], [ -158.098552433131118, 21.475280252179875 ], [ -158.097674362198973, 21.475014808481546 ], [ -158.097399105514739, 21.474460544412661 ], [ -158.097098744031456, 21.474470039076717 ], [ -158.096789566927413, 21.472905384232828 ], [ -158.09538457014915, 21.472480657584612 ], [ -158.095664313966864, 21.472283332097593 ], [ -158.096655065204573, 21.471995623747564 ], [ -158.09614534774596, 21.470969428630404 ], [ -158.094809637661228, 21.470912576397534 ], [ -158.094117861001081, 21.470934503858818 ], [ -158.094815285105369, 21.469105986673277 ], [ -158.094501133972727, 21.468077139822505 ], [ -158.092134467111947, 21.468643951443671 ], [ -158.091435753196066, 21.468030737866432 ], [ -158.090775649724634, 21.466846558331476 ], [ -158.090652405419547, 21.464265948246108 ], [ -158.091005983623432, 21.464175100863741 ], [ -158.090753556354684, 21.463936048733864 ], [ -158.090652405419547, 21.464265948246108 ], [ -158.090131746368854, 21.464420996609121 ], [ -158.088044835468367, 21.466430704174837 ], [ -158.087603620008082, 21.465200659969888 ], [ -158.087142976595658, 21.463845117906327 ], [ -158.086732486537528, 21.463835002930736 ], [ -158.085640874968448, 21.464886224559805 ], [ -158.085235754828432, 21.463290522346455 ], [ -158.084428995812033, 21.463551711435326 ], [ -158.083943115581349, 21.464475155141518 ], [ -158.082782373490829, 21.463330882372446 ], [ -158.082009782110021, 21.465133393063503 ], [ -158.080585406009874, 21.464436682123146 ], [ -158.079493962998356, 21.46651136694403 ], [ -158.078618045650813, 21.466772146385363 ], [ -158.07779263047388, 21.467566787135151 ], [ -158.077120887032947, 21.467867326934986 ], [ -158.075741277917018, 21.469195528670994 ], [ -158.075707353965043, 21.467401365893991 ], [ -158.07601910016237, 21.465673693819202 ], [ -158.076900136208337, 21.46459987035794 ], [ -158.077187455451934, 21.464053972718872 ], [ -158.078391205175649, 21.462984038172845 ], [ -158.076608704811662, 21.462566870341092 ], [ -158.076627842318942, 21.461885367994242 ], [ -158.0766213895063, 21.461473429643526 ], [ -158.078944133068376, 21.460956948342744 ], [ -158.078085553247519, 21.460264522794919 ], [ -158.076966877634106, 21.459748851585143 ], [ -158.076336163997723, 21.459174793925897 ], [ -158.077604651527139, 21.458797217807508 ], [ -158.077222161993546, 21.458091862750745 ], [ -158.079684233988957, 21.457823941317837 ], [ -158.077530278730364, 21.45648498972157 ], [ -158.078327973363201, 21.455682254386538 ], [ -158.080163969719422, 21.454860809846089 ], [ -158.079273681906216, 21.454584883987977 ], [ -158.078379822464171, 21.454292987034972 ], [ -158.076965339323266, 21.454312186917573 ], [ -158.076957093164111, 21.453780670600153 ], [ -158.077368866735441, 21.452997910417412 ], [ -158.079596231855078, 21.452407706305518 ], [ -158.083158476644968, 21.452495350604661 ], [ -158.082185719372234, 21.451890590497708 ], [ -158.081903602152494, 21.451612587701604 ], [ -158.081610109410576, 21.451345373780963 ], [ -158.081061476459411, 21.450804538154262 ], [ -158.08017740804641, 21.4503970411889 ], [ -158.080170978882023, 21.449979610219245 ], [ -158.080186077231247, 21.449442994386335 ], [ -158.0793192285673, 21.448230638852721 ], [ -158.079605746278901, 21.447805555434218 ], [ -158.080771040900913, 21.4475463563966 ], [ -158.081199256004851, 21.447134024881862 ], [ -158.081644611923139, 21.446738063879067 ], [ -158.081946962332637, 21.446446857290109 ], [ -158.083093765523785, 21.446475112016621 ], [ -158.083659491807623, 21.445930262096681 ], [ -158.085354958576005, 21.445971958931057 ], [ -158.086297697969314, 21.445400640557953 ], [ -158.085124695416937, 21.44485991548941 ], [ -158.084842585406221, 21.444581917701594 ], [ -158.083674875286704, 21.443761580054009 ], [ -158.085074894823975, 21.441852046911649 ], [ -158.083417522183112, 21.441874675355084 ], [ -158.082794784618329, 21.441569995359075 ], [ -158.080523405636171, 21.440866131503441 ], [ -158.081109166429826, 21.439557672976367 ], [ -158.082510449390554, 21.438891489623401 ], [ -158.083897134651835, 21.438478576827968 ], [ -158.082839769272425, 21.437516243116999 ], [ -158.083941483333945, 21.436536747621812 ], [ -158.080843669498478, 21.435952897102585 ], [ -158.081710231096935, 21.435349753838221 ], [ -158.082988269125934, 21.43496920393931 ], [ -158.083714725962352, 21.434323331031454 ], [ -158.081724653065862, 21.433948232889122 ], [ -158.082009870661238, 21.433725217818409 ], [ -158.083295613282331, 21.432945970336597 ], [ -158.081733210772114, 21.432580227434315 ], [ -158.082018344927491, 21.432370114810695 ], [ -158.083189168374531, 21.431567343044836 ], [ -158.082691994335732, 21.430650754399803 ], [ -158.08406299243012, 21.429431873684052 ], [ -158.083779386869509, 21.429398428708708 ], [ -158.080736030456109, 21.429102913693026 ], [ -158.081181016257176, 21.428305499503878 ], [ -158.081697825322664, 21.427322872421463 ], [ -158.084086363285081, 21.425685220981507 ], [ -158.082770597377646, 21.4253083983149 ], [ -158.081211650585175, 21.42532963063179 ], [ -158.080903734085496, 21.425049301786572 ], [ -158.081917643123063, 21.423813191912451 ], [ -158.081213136104736, 21.423171918724041 ], [ -158.081954053593506, 21.42074670030717 ], [ -158.083280047019002, 21.420451698958004 ], [ -158.082105184320653, 21.419382385285004 ], [ -158.082392487923414, 21.418820657961852 ], [ -158.084286135981785, 21.417672852820576 ], [ -158.082852226562494, 21.417011651886032 ], [ -158.083285021105638, 21.415849634714014 ], [ -158.083589587387905, 21.41498811872437 ], [ -158.086184384649385, 21.415417106602955 ], [ -158.086178630481953, 21.415047054812437 ], [ -158.086479058783766, 21.414779911975636 ], [ -158.085181411145754, 21.413868161958277 ], [ -158.084106650687886, 21.412525599331328 ], [ -158.084464145990154, 21.411514165315722 ], [ -158.085404595396398, 21.411093234150322 ], [ -158.084897692783187, 21.410158335644947 ], [ -158.08652435780661, 21.410198309270953 ], [ -158.085069525873791, 21.408163134473845 ], [ -158.085356028004071, 21.407724603838172 ], [ -158.087085721280744, 21.407418139636267 ], [ -158.085817061461, 21.406263181461668 ], [ -158.087684417421229, 21.405131200207514 ], [ -158.085380519323849, 21.404696946193884 ], [ -158.085759425104584, 21.403691910585518 ], [ -158.087987905830374, 21.403364664659538 ], [ -158.087417874346414, 21.402857283184797 ], [ -158.085691869559014, 21.401784068475365 ], [ -158.086280507289189, 21.399045535471128 ], [ -158.087445452470149, 21.399074112931828 ], [ -158.087146939556334, 21.398241594517863 ], [ -158.088024521194455, 21.39746119963057 ], [ -158.087563511561257, 21.397424151015638 ], [ -158.086509806961374, 21.397438529462345 ], [ -158.088037080144943, 21.38864348079256 ], [ -158.090086050813682, 21.384745755555223 ], [ -158.09194320919508, 21.383704643133296 ], [ -158.095843739676923, 21.382670166639098 ], [ -158.096217634566301, 21.383402764024336 ], [ -158.096539595048966, 21.382491418475421 ], [ -158.10105559424602, 21.38156540832555 ], [ -158.104542372315393, 21.381517354531155 ], [ -158.106895015679925, 21.382601916762848 ], [ -158.108015920822112, 21.384001886308102 ], [ -158.108636195813915, 21.386922161044765 ], [ -158.108253878689311, 21.388430197126766 ], [ -158.107470932108242, 21.389126774113191 ], [ -158.107752888294442, 21.389420547512973 ], [ -158.108618642228691, 21.389819590687939 ], [ -158.108041348827783, 21.39050621249886 ], [ -158.10745942244381, 21.391023941426742 ], [ -158.107741382092115, 21.39131771490629 ], [ -158.108880712140007, 21.391670702076929 ], [ -158.108925590376572, 21.394525980839447 ], [ -158.108451271486842, 21.39498314321893 ], [ -158.106923093215556, 21.396342680024169 ], [ -158.105706285621238, 21.398059394211042 ], [ -158.105377510132683, 21.398351832138328 ], [ -158.105385941513958, 21.398893875491936 ], [ -158.105081623595851, 21.399439609568113 ], [ -158.105102471615339, 21.400774038335729 ], [ -158.104788038394361, 21.401053846721044 ], [ -158.104792307621381, 21.401327482300974 ], [ -158.104784722432271, 21.401598473945384 ], [ -158.104793292244693, 21.402140583974141 ], [ -158.104774328932479, 21.402818062998218 ], [ -158.104780756183487, 21.403224645465738 ], [ -158.104773155022201, 21.403498217588748 ], [ -158.105364340801486, 21.404325189414962 ], [ -158.105338126160859, 21.405265655198946 ], [ -158.106407177691665, 21.405758434473611 ], [ -158.107085498713872, 21.407086705378557 ], [ -158.110487411977886, 21.411844482082987 ], [ -158.111076688534041, 21.414049016937998 ], [ -158.109947099372135, 21.415325063322118 ], [ -158.106389616521881, 21.41761757507663 ], [ -158.105847542753708, 21.418139807019855 ], [ -158.104376263422012, 21.418467363616195 ], [ -158.104392237356365, 21.419486795045611 ], [ -158.104050547752337, 21.420706198053207 ], [ -158.10437322043515, 21.421655342579452 ], [ -158.104925884308926, 21.42215827534795 ], [ -158.10552128908023, 21.423255771759546 ], [ -158.104946439074951, 21.423284661271975 ], [ -158.104369024562914, 21.423270524733326 ], [ -158.104077855902602, 21.423551115669987 ], [ -158.103785615505132, 21.423543927980333 ], [ -158.103351392555481, 21.423549941675063 ], [ -158.102052420764494, 21.423518103822563 ], [ -158.102044285618916, 21.42380841307844 ], [ -158.10205271980783, 21.424347609389809 ], [ -158.101751787160055, 21.424351752706912 ], [ -158.100808359472495, 21.423890186045561 ], [ -158.1003044327895, 21.42433842690534 ], [ -158.0997277627946, 21.424893999473596 ], [ -158.098568260172812, 21.424865596757183 ], [ -158.09798613551061, 21.425686540273144 ], [ -158.097399804360634, 21.425949052994586 ], [ -158.097414118361229, 21.426862536212447 ], [ -158.096523869032296, 21.42811793738813 ], [ -158.096227124304704, 21.42838194129498 ], [ -158.095938281045221, 21.429198900698658 ], [ -158.095459355396741, 21.430057379941818 ], [ -158.096785997292983, 21.431642751760979 ], [ -158.097656742970344, 21.432184081568646 ], [ -158.097937189824421, 21.432733080001249 ], [ -158.098807946294556, 21.433274404129204 ], [ -158.099095682385268, 21.433557967401228 ], [ -158.099961359355888, 21.433546080195917 ], [ -158.100316678428982, 21.434242043080651 ], [ -158.101660104313453, 21.433399968194649 ], [ -158.102010264755449, 21.434778704840777 ], [ -158.103021151165791, 21.434297974492111 ], [ -158.103421459968217, 21.435475821308501 ], [ -158.104712239841206, 21.434666657143126 ], [ -158.105480385536168, 21.43512005482491 ], [ -158.105432469547907, 21.436836042360071 ], [ -158.105453456307202, 21.438170069251758 ], [ -158.104563737833445, 21.439383959826959 ], [ -158.104544359194335, 21.440081085882138 ], [ -158.105114522121738, 21.440599794826937 ], [ -158.105501474551744, 21.441678310921365 ], [ -158.104534656749394, 21.44211105265158 ], [ -158.104541189767929, 21.442522927437274 ], [ -158.104533598960188, 21.442793917664545 ], [ -158.104542164192651, 21.443336025126506 ], [ -158.104512305509814, 21.444406688475038 ], [ -158.105103645334367, 21.445233662932978 ], [ -158.105096023741567, 21.445509814192704 ], [ -158.105671972264872, 21.446033846094494 ], [ -158.105383045820361, 21.446866634742047 ], [ -158.104507287853068, 21.447127556109628 ], [ -158.103929995570638, 21.447402047746809 ], [ -158.102501864415672, 21.446935840250895 ], [ -158.101211268752024, 21.447718052638471 ], [ -158.100463890062741, 21.449724863329909 ], [ -158.100430921674302, 21.450905348920255 ], [ -158.100728658669112, 21.451454303456895 ], [ -158.10070634941161, 21.452256885954736 ], [ -158.101011689389111, 21.452534718209971 ], [ -158.100989767441149, 21.453320429542067 ], [ -158.101570804046986, 21.453893137487675 ], [ -158.102439004951492, 21.453881188426443 ], [ -158.10244775993246, 21.454437059363691 ], [ -158.102432551351711, 21.454981685237339 ], [ -158.103015742001702, 21.455250483370424 ], [ -158.103337738673332, 21.455880819761035 ], [ -158.104456268703132, 21.45552909801139 ], [ -158.104893028760443, 21.455539838734676 ], [ -158.105607843293313, 21.455529964295749 ], [ -158.105620552022856, 21.456343454500054 ], [ -158.105030099586799, 21.457401722568019 ], [ -158.10500277650587, 21.458380686877696 ], [ -158.105889362402934, 21.45878926025237 ], [ -158.106171539994449, 21.459067224449768 ], [ -158.106607835534987, 21.45920235725346 ] ], [ [ -158.131069135749613, 21.484266084641238 ], [ -158.130929029973942, 21.484406032871455 ], [ -158.130022586001814, 21.485183442235805 ], [ -158.128709261504554, 21.4864952950096 ], [ -158.12800397534042, 21.4893187124596 ], [ -158.129120024088991, 21.491319612019417 ], [ -158.130724273155892, 21.493527773974147 ], [ -158.134755116763358, 21.495592412574851 ], [ -158.135989931465758, 21.496853445741227 ], [ -158.136366733527126, 21.498371340332003 ], [ -158.136310818183404, 21.499531004637802 ], [ -158.1353180045231, 21.50086533937143 ], [ -158.133128810536874, 21.501341396995951 ], [ -158.13202613146214, 21.501880113448166 ], [ -158.131376146825318, 21.503150696304438 ], [ -158.131407029073898, 21.503998885470235 ], [ -158.132522389668907, 21.505998304075785 ], [ -158.132807506256285, 21.507616636904679 ], [ -158.130921901877997, 21.510150653225068 ], [ -158.129889004323331, 21.513209117304893 ], [ -158.130792408829848, 21.514828489574789 ], [ -158.131495872377457, 21.515445210526373 ], [ -158.13267073582378, 21.515844298949819 ], [ -158.135204123384227, 21.514885941819209 ], [ -158.140333552774138, 21.513649654725661 ], [ -158.14180446766369, 21.514018375839285 ], [ -158.142780256370287, 21.515014741655381 ], [ -158.143761525629799, 21.516453936957557 ], [ -158.144739083573143, 21.517660521702126 ], [ -158.145986996465382, 21.518081198669819 ], [ -158.148975566234441, 21.515744065168256 ], [ -158.15130936295364, 21.515408356867795 ], [ -158.153440063594331, 21.515072313715411 ], [ -158.157456129368342, 21.513456450945593 ], [ -158.160238326051257, 21.512973930168904 ], [ -158.160587942733542, 21.511739702240558 ], [ -158.158804437184699, 21.509407239304299 ], [ -158.154382417915684, 21.506337520679274 ], [ -158.153828521342518, 21.504668956730935 ], [ -158.154274672620318, 21.503498025980765 ], [ -158.154559811511888, 21.502364657233251 ], [ -158.153359150617206, 21.500712733549527 ], [ -158.152573284917139, 21.499132252467234 ], [ -158.151930042497099, 21.497979485865827 ], [ -158.146540910498658, 21.49613819396836 ], [ -158.145040489101945, 21.495862137524757 ], [ -158.144011636775502, 21.495518741700771 ], [ -158.140153935037574, 21.492433685955731 ], [ -158.137365502587471, 21.490264960036566 ], [ -158.135009402694266, 21.487858562638046 ], [ -158.133869715411663, 21.485565438388697 ], [ -158.133050630840188, 21.484438093429947 ], [ -158.131069135749613, 21.484266084641238 ] ], [ [ -158.090229724129699, 21.439057881697355 ], [ -158.09032675963573, 21.439388859326613 ], [ -158.090582091377939, 21.439152565765795 ], [ -158.090229724129699, 21.439057881697355 ] ], [ [ -158.089662537334533, 21.437157587417929 ], [ -158.089759570464594, 21.43748856536018 ], [ -158.09001489965479, 21.437252272526759 ], [ -158.089662537334533, 21.437157587417929 ] ] ] } },
{ "type": "Feature", "properties": { "ID": 103, "GRIDCODE": 1 }, "geometry": { "type": "Polygon", "coordinates": [ [ [ -157.814836400943562, 21.379608956072477 ], [ -157.815188281252887, 21.379704205531471 ], [ -157.814932916996497, 21.37994006897916 ], [ -157.814836400943562, 21.379608956072477 ] ] ] } },
{ "type": "Feature", "properties": { "ID": 104, "GRIDCODE": 1 }, "geometry": { "type": "Polygon", "coordinates": [ [ [ -157.814549248618164, 21.379335913036044 ], [ -157.814838583008424, 21.379337957054684 ], [ -157.814836400943562, 21.379608956072477 ], [ -157.814547066020907, 21.379606912025434 ], [ -157.814549248618164, 21.379335913036044 ] ] ] } },
{ "type": "Feature", "properties": { "ID": 105, "GRIDCODE": 1 }, "geometry": { "type": "Polygon", "coordinates": [ [ [ -157.814549248618164, 21.379335913036044 ], [ -157.813444648205802, 21.379130269763994 ], [ -157.812969066398892, 21.378642044253752 ], [ -157.812670534203818, 21.378379239506184 ], [ -157.811726196193291, 21.377153916524382 ], [ -157.81069567278621, 21.376245771162004 ], [ -157.810181762427618, 21.374838425223391 ], [ -157.811829234522691, 21.376465862284562 ], [ -157.814549248618164, 21.379335913036044 ] ] ] } },
{ "type": "Feature", "properties": { "ID": 106, "GRIDCODE": 1 }, "geometry": { "type": "Polygon", "coordinates": [ [ [ -157.861459591117409, 21.3747824759498 ], [ -157.86213975649261, 21.374924318504323 ], [ -157.86181675602981, 21.375403290698308 ], [ -157.861459591117409, 21.3747824759498 ] ] ] } },
{ "type": "Feature", "properties": { "ID": 107, "GRIDCODE": 1 }, "geometry": { "type": "Polygon", "coordinates": [ [ [ -157.809670013012862, 21.374423113785387 ], [ -157.810021877183743, 21.374518373407405 ], [ -157.809766514501973, 21.374754229166495 ], [ -157.809670013012862, 21.374423113785387 ] ] ] } },
{ "type": "Feature", "properties": { "ID": 108, "GRIDCODE": 1 }, "geometry": { "type": "Polygon", "coordinates": [ [ [ -157.809670013012862, 21.374423113785387 ], [ -157.809318149333308, 21.374327853445575 ], [ -157.809573511921343, 21.374091998356214 ], [ -157.809670013012862, 21.374423113785387 ] ] ] } },
{ "type": "Feature", "properties": { "ID": 109, "GRIDCODE": 1 }, "geometry": { "type": "Polygon", "coordinates": [ [ [ -157.804205872279084, 21.370319058443528 ], [ -157.809233740088501, 21.374004035691996 ], [ -157.808697292604165, 21.374546557428818 ], [ -157.808363458513156, 21.374283494909228 ], [ -157.808089628422636, 21.373728803192591 ], [ -157.807769129750596, 21.373738436367066 ], [ -157.807226330683022, 21.373181038325864 ], [ -157.806638498901521, 21.372916167114074 ], [ -157.806073439853634, 21.372630812283077 ], [ -157.804827622535669, 21.372251550212031 ], [ -157.804321514660842, 21.371805628832121 ], [ -157.804360246816003, 21.371037326235061 ], [ -157.804205872279084, 21.370319058443528 ] ] ] } },
{ "type": "Feature", "properties": { "ID": 110, "GRIDCODE": 1 }, "geometry": { "type": "Polygon", "coordinates": [ [ [ -157.804205872279084, 21.370319058443528 ], [ -157.802785214889695, 21.370178915543701 ], [ -157.80156816773129, 21.369496996169996 ], [ -157.798286130280644, 21.369040278668521 ], [ -157.797995411801907, 21.369072007514838 ], [ -157.797706374835627, 21.369036193017191 ], [ -157.797403778079513, 21.369069291387081 ], [ -157.796745053042855, 21.368286796236362 ], [ -157.795706727335755, 21.367868131882499 ], [ -157.795965459649267, 21.367670499362223 ], [ -157.796867564974974, 21.36743599339481 ], [ -157.797713675132343, 21.367138224248855 ], [ -157.798019079908784, 21.367176008430636 ], [ -157.798943959571233, 21.36685054429211 ], [ -157.799748681167387, 21.366950122836702 ], [ -157.800814255676016, 21.366833744544529 ], [ -157.80280112991619, 21.36919442036876 ], [ -157.804078541363481, 21.370167624667264 ], [ -157.804205872279084, 21.370319058443528 ] ] ] } },
{ "type": "Feature", "properties": { "ID": 111, "GRIDCODE": 1 }, "geometry": { "type": "Polygon", "coordinates": [ [ [ -157.790964129703212, 21.362093800239169 ], [ -157.791066004744209, 21.361764104134419 ], [ -157.791317472694402, 21.362003580600145 ], [ -157.790964129703212, 21.362093800239169 ] ] ] } },
{ "type": "Feature", "properties": { "ID": 112, "GRIDCODE": 1 }, "geometry": { "type": "Polygon", "coordinates": [ [ [ -157.75018265997889, 21.360711125090315 ], [ -157.751423738156092, 21.361019356945295 ], [ -157.751567893065641, 21.36164515526799 ], [ -157.750355403862358, 21.361363272079316 ], [ -157.75018265997889, 21.360711125090315 ] ] ] } },
{ "type": "Feature", "properties": { "ID": 113, "GRIDCODE": 1 }, "geometry": { "type": "Polygon", "coordinates": [ [ [ -157.784059008143828, 21.357436714737744 ], [ -157.783888245055749, 21.359196862921777 ], [ -157.783925270460031, 21.359674380888613 ], [ -157.786370441873487, 21.360717766540169 ], [ -157.78808842139577, 21.362995939996878 ], [ -157.78896017917387, 21.363288858766058 ], [ -157.790964129703212, 21.362093800239169 ], [ -157.790736413085881, 21.363332164646344 ], [ -157.791064413239923, 21.365228641624466 ], [ -157.791456924534629, 21.366185174787557 ], [ -157.790217773814845, 21.366347550864639 ], [ -157.789209987546684, 21.364967553727208 ], [ -157.78829565575063, 21.364834250057147 ], [ -157.787264475973615, 21.365406874572738 ], [ -157.786615240249034, 21.36382400974103 ], [ -157.786452962736831, 21.362738785354264 ], [ -157.786530838263729, 21.362271229076448 ], [ -157.784969203838784, 21.361011925998355 ], [ -157.783989454143523, 21.361140339285534 ], [ -157.783578320745221, 21.360838360495265 ], [ -157.782947079146538, 21.360059785389335 ], [ -157.781664594569691, 21.359557222862961 ], [ -157.783665309666503, 21.358275286746025 ], [ -157.783559024881015, 21.357563240530236 ], [ -157.784059008143828, 21.357436714737744 ] ] ] } },
{ "type": "Feature", "properties": { "ID": 114, "GRIDCODE": 1 }, "geometry": { "type": "Polygon", "coordinates": [ [ [ -157.784059008143828, 21.357436714737744 ], [ -157.784198454687413, 21.356252837059866 ], [ -157.784440722344243, 21.357228411213889 ], [ -157.784059008143828, 21.357436714737744 ] ] ] } },
{ "type": "Feature", "properties": { "ID": 115, "GRIDCODE": 1 }, "geometry": { "type": "Polygon", "coordinates": [ [ [ -157.783787612692095, 21.355266646339071 ], [ -157.784162381774649, 21.355420084563061 ], [ -157.78389835739813, 21.355883314571948 ], [ -157.783787612692095, 21.355266646339071 ] ] ] } },
{ "type": "Feature", "properties": { "ID": 116, "GRIDCODE": 1 }, "geometry": { "type": "Polygon", "coordinates": [ [ [ -157.83820349394307, 21.351857686556787 ], [ -157.838844650320084, 21.351949724484612 ], [ -157.838290125897402, 21.352444055589896 ], [ -157.83820349394307, 21.351857686556787 ] ] ] } },
{ "type": "Feature", "properties": { "ID": 117, "GRIDCODE": 1 }, "geometry": { "type": "Polygon", "coordinates": [ [ [ -157.83820349394307, 21.351857686556787 ], [ -157.83750294989008, 21.351343359230587 ], [ -157.838046226701977, 21.350949591669014 ], [ -157.83820349394307, 21.351857686556787 ] ] ] } },
{ "type": "Feature", "properties": { "ID": 118, "GRIDCODE": 1 }, "geometry": { "type": "Polygon", "coordinates": [ [ [ -157.753042989416343, 21.330379173497164 ], [ -157.753560272901183, 21.330536909650526 ], [ -157.758154898413665, 21.332858439047488 ], [ -157.762342924393835, 21.333426193884257 ], [ -157.764075587032323, 21.334207980599004 ], [ -157.761544676887411, 21.334095329239855 ], [ -157.761110682096927, 21.334108208737568 ], [ -157.760170663289955, 21.334066407882833 ], [ -157.757880834903489, 21.334610512738031 ], [ -157.757487301921287, 21.33434691392204 ], [ -157.757055725971611, 21.333033193916339 ], [ -157.756066197341966, 21.332700010957698 ], [ -157.754610917060148, 21.332428544364703 ], [ -157.753763750680719, 21.33132789786097 ], [ -157.753465421072008, 21.331064996030292 ], [ -157.753042989416343, 21.330379173497164 ] ] ] } },
{ "type": "Feature", "properties": { "ID": 119, "GRIDCODE": 1 }, "geometry": { "type": "Polygon", "coordinates": [ [ [ -157.815828843922844, 21.328123057762898 ], [ -157.816287613644533, 21.328259348700453 ], [ -157.816234178951532, 21.329004796041051 ], [ -157.815248351680225, 21.330306283923974 ], [ -157.818274970123866, 21.330707315909727 ], [ -157.818558924073756, 21.331298917741915 ], [ -157.819419403616251, 21.331256927071767 ], [ -157.819708515021489, 21.331275101958042 ], [ -157.820308166071044, 21.331245831542667 ], [ -157.819933302626453, 21.332201483578633 ], [ -157.818632370369613, 21.333274358378869 ], [ -157.817657650346064, 21.332236836074213 ], [ -157.815963973343429, 21.331066809861156 ], [ -157.813108604468368, 21.329814396934452 ], [ -157.814236388861985, 21.329339013594616 ], [ -157.814731433897578, 21.328827733332602 ], [ -157.815691269689552, 21.328265205743421 ], [ -157.815828843922844, 21.328123057762898 ] ] ] } },
{ "type": "Feature", "properties": { "ID": 120, "GRIDCODE": 1 }, "geometry": { "type": "Polygon", "coordinates": [ [ [ -157.816700891810257, 21.327587166028181 ], [ -157.817406356781305, 21.327781563648841 ], [ -157.816893691629247, 21.328237281196337 ], [ -157.816700891810257, 21.327587166028181 ] ] ] } },
{ "type": "Feature", "properties": { "ID": 121, "GRIDCODE": 1 }, "geometry": { "type": "Polygon", "coordinates": [ [ [ -157.812940865147084, 21.327560657794521 ], [ -157.813468197770419, 21.327705975803863 ], [ -157.812058982806832, 21.32984304293727 ], [ -157.810774433768728, 21.329194400106083 ], [ -157.81132646791977, 21.328482785973204 ], [ -157.812378051393893, 21.328209145422083 ], [ -157.812940865147084, 21.327560657794521 ] ] ] } },
{ "type": "Feature", "properties": { "ID": 122, "GRIDCODE": 1 }, "geometry": { "type": "Polygon", "coordinates": [ [ [ -157.810924971317064, 21.326462348021682 ], [ -157.811565995622431, 21.326554484447335 ], [ -157.811011484452365, 21.327048727160076 ], [ -157.810924971317064, 21.326462348021682 ] ] ] } },
{ "type": "Feature", "properties": { "ID": 123, "GRIDCODE": 1 }, "geometry": { "type": "Polygon", "coordinates": [ [ [ -157.733183778400416, 21.318848256593807 ], [ -157.733861715323371, 21.319203042272321 ], [ -157.733317545370767, 21.319454008646115 ], [ -157.733183778400416, 21.318848256593807 ] ] ] } },
{ "type": "Feature", "properties": { "ID": 124, "GRIDCODE": 1 }, "geometry": { "type": "Polygon", "coordinates": [ [ [ -157.710350752936222, 21.317048647974946 ], [ -157.711014899575673, 21.317163572286386 ], [ -157.710504774946855, 21.317393948907853 ], [ -157.710350752936222, 21.317048647974946 ] ] ] } },
{ "type": "Feature", "properties": { "ID": 125, "GRIDCODE": 1 }, "geometry": { "type": "Polygon", "coordinates": [ [ [ -157.73956484465964, 21.316728120360342 ], [ -157.739462892874428, 21.317057782878706 ], [ -157.739211586030592, 21.316818235351555 ], [ -157.73956484465964, 21.316728120360342 ] ] ] } },
{ "type": "Feature", "properties": { "ID": 126, "GRIDCODE": 1 }, "geometry": { "type": "Polygon", "coordinates": [ [ [ -157.706309068548109, 21.316204580908167 ], [ -157.706598267205777, 21.316206805290435 ], [ -157.706591146294045, 21.31701977502674 ], [ -157.705434345523827, 21.317010874143865 ], [ -157.705439097078795, 21.316468894576488 ], [ -157.706306694417975, 21.316475570798271 ], [ -157.706309068548109, 21.316204580908167 ] ] ] } },
{ "type": "Feature", "properties": { "ID": 127, "GRIDCODE": 1 }, "geometry": { "type": "Polygon", "coordinates": [ [ [ -157.73956484465964, 21.316728120360342 ], [ -157.739849566382674, 21.315799183814399 ], [ -157.740552412801748, 21.316578510073356 ], [ -157.73956484465964, 21.316728120360342 ] ] ] } },
{ "type": "Feature", "properties": { "ID": 128, "GRIDCODE": 1 }, "geometry": { "type": "Polygon", "coordinates": [ [ [ -157.745080442537443, 21.314330267089893 ], [ -157.745571415567099, 21.314452232419775 ], [ -157.745850073078856, 21.315662480891138 ], [ -157.744168346769641, 21.316002656440222 ], [ -157.744899910844367, 21.314967940090735 ], [ -157.745080442537443, 21.314330267089893 ] ] ] } },
{ "type": "Feature", "properties": { "ID": 129, "GRIDCODE": 1 }, "geometry": { "type": "Polygon", "coordinates": [ [ [ -157.753042989416343, 21.330379173497164 ], [ -157.751748286201831, 21.330228897399898 ], [ -157.748768677691601, 21.329909333444579 ], [ -157.747782419804622, 21.32889601966826 ], [ -157.746128613209606, 21.328060337501036 ], [ -157.74428702564461, 21.327684934760928 ], [ -157.743955142928343, 21.328015263947464 ], [ -157.742801221898389, 21.327722791504868 ], [ -157.742204223404116, 21.327740490907498 ], [ -157.739345257235669, 21.326070781587433 ], [ -157.738906484130496, 21.326083767293298 ], [ -157.738328224091418, 21.326057991249336 ], [ -157.737590813879962, 21.326079847713306 ], [ -157.736458525867022, 21.325507486634287 ], [ -157.735581800627898, 21.325240206645454 ], [ -157.735016226073213, 21.324954223298942 ], [ -157.73471815669626, 21.324963029805112 ], [ -157.7326868998218, 21.324447989693372 ], [ -157.730749985903401, 21.324361457550758 ], [ -157.728409560902236, 21.324917153794953 ], [ -157.727788957056731, 21.324889433525819 ], [ -157.726039513518117, 21.326252207394397 ], [ -157.724001419175266, 21.326497438124239 ], [ -157.722354804936003, 21.327297959343177 ], [ -157.72208261256344, 21.326535993164249 ], [ -157.72285316013469, 21.325198249372047 ], [ -157.722870176467239, 21.324863851669392 ], [ -157.72233354100959, 21.32339152125175 ], [ -157.722301237243727, 21.322424548335857 ], [ -157.722327441939086, 21.321909724056894 ], [ -157.722030404582227, 21.321604301576347 ], [ -157.721720942596363, 21.321331270858614 ], [ -157.721748512340412, 21.320789462001347 ], [ -157.72144970409849, 21.320525841015851 ], [ -157.7214639966422, 21.320245280471855 ], [ -157.720589444174749, 21.31947363642055 ], [ -157.720606805699646, 21.319132426619095 ], [ -157.719727042497254, 21.319158416089842 ], [ -157.719215573070926, 21.318632749374782 ], [ -157.718297769500481, 21.318323385660751 ], [ -157.717999148802818, 21.318332225002905 ], [ -157.715878560177089, 21.317259931245385 ], [ -157.714567973387631, 21.317201288058886 ], [ -157.712893506730609, 21.317736916041756 ], [ -157.711362272043829, 21.317782024533305 ], [ -157.711652420674454, 21.317449192158104 ], [ -157.712509581174942, 21.317487581644254 ], [ -157.71253133898071, 21.317065355883791 ], [ -157.712504871333039, 21.316278526881728 ], [ -157.713873795022664, 21.316739910519615 ], [ -157.715225343459394, 21.316082974459082 ], [ -157.716844111138812, 21.316493642067549 ], [ -157.717992836213341, 21.315350680255726 ], [ -157.718320065571788, 21.315884870899225 ], [ -157.718855745163154, 21.316971731816558 ], [ -157.71931707644444, 21.316992382165925 ], [ -157.72002477510182, 21.316971502729519 ], [ -157.720618129358911, 21.317271441630137 ], [ -157.7211622856085, 21.316729856661105 ], [ -157.721781077858026, 21.316995248651086 ], [ -157.722354749428405, 21.317285438134299 ], [ -157.723349307726664, 21.315120415965421 ], [ -157.723528275635346, 21.315654596581126 ], [ -157.723503777257775, 21.316136153878599 ], [ -157.723794106245975, 21.317020858468961 ], [ -157.724372191214854, 21.31836997034879 ], [ -157.724922832718676, 21.320281534698637 ], [ -157.725829367152329, 21.320558026477396 ], [ -157.726488970047427, 21.321235981995564 ], [ -157.727164766769278, 21.320658851699228 ], [ -157.726570985127665, 21.319586593894588 ], [ -157.726956730444783, 21.319202584805986 ], [ -157.727861286129581, 21.318430012517947 ], [ -157.727273071436002, 21.317367591546137 ], [ -157.727636855384333, 21.315925708455278 ], [ -157.729009554367906, 21.315987100807831 ], [ -157.729311528661555, 21.315686481367912 ], [ -157.730180264019594, 21.315725331098069 ], [ -157.73014402178967, 21.314651868217311 ], [ -157.731032330615108, 21.314219967716546 ], [ -157.731325017849372, 21.315722788590907 ], [ -157.732142122862712, 21.31763025610368 ], [ -157.732196857113934, 21.31924905435168 ], [ -157.730288861868786, 21.319519099952213 ], [ -157.728971847555812, 21.320301867361522 ], [ -157.72763591808544, 21.321245855807213 ], [ -157.724350553877002, 21.321952940238365 ], [ -157.724301572082936, 21.322914400494327 ], [ -157.724858139252063, 21.324043417254032 ], [ -157.725470092290522, 21.324352810649973 ], [ -157.728305115093804, 21.323598367711579 ], [ -157.732273949514223, 21.323197939499927 ], [ -157.736257684836602, 21.323892354563885 ], [ -157.74422921198763, 21.326811062165671 ], [ -157.752266394958781, 21.329654066156372 ], [ -157.752767151188749, 21.330095793935872 ], [ -157.753042989416343, 21.330379173497164 ] ] ] } },
{ "type": "Feature", "properties": { "ID": 130, "GRIDCODE": 1 }, "geometry": { "type": "Polygon", "coordinates": [ [ [ -157.766777283801588, 21.313677714634274 ], [ -157.767182337095136, 21.313944220268276 ], [ -157.766821536766486, 21.314601772257603 ], [ -157.766590189006621, 21.314368431307241 ], [ -157.766777283801588, 21.313677714634274 ] ] ] } },
{ "type": "Feature", "properties": { "ID": 131, "GRIDCODE": 1 }, "geometry": { "type": "Polygon", "coordinates": [ [ [ -157.750584407034637, 21.313287196820301 ], [ -157.751107899222603, 21.313671996365361 ], [ -157.75132092001445, 21.315101020993616 ], [ -157.749283956936694, 21.315367615770093 ], [ -157.749538808274963, 21.315023534374259 ], [ -157.750475811630906, 21.314672347449214 ], [ -157.75035045698192, 21.313832113697668 ], [ -157.750584407034637, 21.313287196820301 ] ] ] } },
{ "type": "Feature", "properties": { "ID": 132, "GRIDCODE": 1 }, "geometry": { "type": "Polygon", "coordinates": [ [ [ -157.743354470560774, 21.313233335836589 ], [ -157.743831840097698, 21.313559389098177 ], [ -157.743753979069481, 21.313913848067347 ], [ -157.743870792948115, 21.314491942496954 ], [ -157.743159302415648, 21.315523760649587 ], [ -157.743263107472472, 21.31603724744901 ], [ -157.742437128264612, 21.316183781588368 ], [ -157.742889068850189, 21.314156033177095 ], [ -157.743229945906165, 21.313661285833096 ], [ -157.743354470560774, 21.313233335836589 ] ] ] } },
{ "type": "Feature", "properties": { "ID": 133, "GRIDCODE": 1 }, "geometry": { "type": "Polygon", "coordinates": [ [ [ -157.737292925657016, 21.31183288608565 ], [ -157.738009425014269, 21.312465041764938 ], [ -157.738277417893528, 21.314420036619357 ], [ -157.739134986009987, 21.314807179593693 ], [ -157.739163883603624, 21.315656885258161 ], [ -157.738774184826838, 21.317136780815467 ], [ -157.734410032658985, 21.319258844424759 ], [ -157.734676649522328, 21.318205789711225 ], [ -157.735664542217449, 21.317920904533 ], [ -157.735083425465604, 21.317408191606319 ], [ -157.735041055408914, 21.316155706997105 ], [ -157.735731254045987, 21.314813519597433 ], [ -157.736800746203613, 21.315354181330267 ], [ -157.737141189034787, 21.313327466531163 ], [ -157.737292925657016, 21.31183288608565 ] ] ] } },
{ "type": "Feature", "properties": { "ID": 134, "GRIDCODE": 1 }, "geometry": { "type": "Polygon", "coordinates": [ [ [ -157.772590576444856, 21.310197063254655 ], [ -157.773042026972405, 21.310318395731944 ], [ -157.773307437052409, 21.310939904219207 ], [ -157.77450371983258, 21.310783144060675 ], [ -157.774402358887386, 21.311391855269964 ], [ -157.773282689511859, 21.311675218309013 ], [ -157.773016973791101, 21.31333429608852 ], [ -157.772151387043778, 21.314410577140194 ], [ -157.770982324585049, 21.314550844434198 ], [ -157.771728432770828, 21.314019826156073 ], [ -157.772214253464227, 21.313439530110784 ], [ -157.772113119869204, 21.312762515668492 ], [ -157.77245208692969, 21.311704094169389 ], [ -157.772590576444856, 21.310197063254655 ] ] ] } },
{ "type": "Feature", "properties": { "ID": 135, "GRIDCODE": 1 }, "geometry": { "type": "Polygon", "coordinates": [ [ [ -157.76334998979786, 21.308503308858356 ], [ -157.763742474733561, 21.308716797514215 ], [ -157.763329359947704, 21.309685596055683 ], [ -157.762963192287003, 21.309263416297252 ], [ -157.76334998979786, 21.308503308858356 ] ] ] } },
{ "type": "Feature", "properties": { "ID": 136, "GRIDCODE": 1 }, "geometry": { "type": "Polygon", "coordinates": [ [ [ -157.761332477626382, 21.307675428079062 ], [ -157.761766970506955, 21.308031882641341 ], [ -157.762166356895619, 21.310623270856528 ], [ -157.763093616482678, 21.31014741637652 ], [ -157.763459175995706, 21.311452235469524 ], [ -157.762113164323921, 21.312521820384898 ], [ -157.761297884863751, 21.313720289039995 ], [ -157.76054542315714, 21.314028368536892 ], [ -157.760275243120731, 21.314317503913138 ], [ -157.759240495007475, 21.314741071780926 ], [ -157.758658984357623, 21.314098419950515 ], [ -157.759883623852403, 21.313125298615027 ], [ -157.760643143914166, 21.312312235291472 ], [ -157.76056671437351, 21.311322966148314 ], [ -157.760907506397132, 21.310190942625386 ], [ -157.760863172480612, 21.309617625601842 ], [ -157.761332477626382, 21.307675428079062 ] ] ] } }
]
}
