{
"type": "FeatureCollection",
"name": "metpoly",
"crs": { "type": "name", "properties": { "name": "urn:ogc:def:crs:OGC:1.3:CRS84" } },
"features": [
{ "type": "Feature", "properties": { "ID": 1, "GRIDCODE": 2 }, "geometry": { "type": "Polygon", "coordinates": [ [ [ -159.402178030703482, 22.233831419793354 ], [ -159.403191152017513, 22.234669653332613 ], [ -159.402352863097491, 22.235024449151187 ], [ -159.402178030703482, 22.233831419793354 ] ] ] } },
{ "type": "Feature", "properties": { "ID": 2, "GRIDCODE": 2 }, "geometry": { "type": "Polygon", "coordinates": [ [ [ -159.496717931672066, 22.21351451619736 ], [ -159.497096791249618, 22.213664097656327 ], [ -159.496836711260158, 22.214130060573886 ], [ -159.496717931672066, 22.21351451619736 ] ] ] } },
{ "type": "Feature", "properties": { "ID": 3, "GRIDCODE": 2 }, "geometry": { "type": "Polygon", "coordinates": [ [ [ -159.393962556955785, 22.210814397636266 ], [ -159.39425362117629, 22.210813692916549 ], [ -159.394254378291208, 22.211084716508847 ], [ -159.393963313511819, 22.211085421238053 ], [ -159.393962556955785, 22.210814397636266 ] ] ] } },
{ "type": "Feature", "properties": { "ID": 4, "GRIDCODE": 2 }, "geometry": { "type": "Polygon", "coordinates": [ [ [ -159.308572538401336, 22.161671567366369 ], [ -159.308473665656095, 22.162002203182375 ], [ -159.308217984003221, 22.16176501535486 ], [ -159.308572538401336, 22.161671567366369 ] ] ] } },
{ "type": "Feature", "properties": { "ID": 5, "GRIDCODE": 2 }, "geometry": { "type": "Polygon", "coordinates": [ [ [ -159.307825761966456, 22.085784546112119 ], [ -159.307470994414103, 22.085692427080314 ], [ -159.307725506011934, 22.085454282998793 ], [ -159.307825761966456, 22.085784546112119 ] ] ] } },
{ "type": "Feature", "properties": { "ID": 6, "GRIDCODE": 2 }, "geometry": { "type": "Polygon", "coordinates": [ [ [ -159.332325581996884, 21.991959356883179 ], [ -159.332703679672647, 21.992109326730432 ], [ -159.332443448569677, 21.992575048765545 ], [ -159.332325581996884, 21.991959356883179 ] ] ] } },
{ "type": "Feature", "properties": { "ID": 7, "GRIDCODE": 2 }, "geometry": { "type": "Polygon", "coordinates": [ [ [ -159.348215035775667, 21.953168493953168 ], [ -159.348569497343732, 21.953260513504702 ], [ -159.348315287808703, 21.953498737607845 ], [ -159.348215035775667, 21.953168493953168 ] ] ] } },
{ "type": "Feature", "properties": { "ID": 8, "GRIDCODE": 2 }, "geometry": { "type": "Polygon", "coordinates": [ [ [ -159.349371890476391, 21.950997758177177 ], [ -159.349726347348508, 21.951089775318007 ], [ -159.349472143573053, 21.951328001197844 ], [ -159.349371890476391, 21.950997758177177 ] ] ] } },
{ "type": "Feature", "properties": { "ID": 9, "GRIDCODE": 2 }, "geometry": { "type": "Polygon", "coordinates": [ [ [ -159.349661098721555, 21.95045507294321 ], [ -159.350015554419713, 21.950547089481439 ], [ -159.349761352083988, 21.950785315805369 ], [ -159.349661098721555, 21.95045507294321 ] ] ] } },
{ "type": "Feature", "properties": { "ID": 10, "GRIDCODE": 2 }, "geometry": { "type": "Polygon", "coordinates": [ [ [ -159.360410802279716, 21.950431844265989 ], [ -159.36050941403289, 21.950101171940933 ], [ -159.360764796352441, 21.95033829619063 ], [ -159.360410802279716, 21.950431844265989 ] ] ] } },
{ "type": "Feature", "properties": { "ID": 11, "GRIDCODE": 2 }, "geometry": { "type": "Polygon", "coordinates": [ [ [ -159.349950304794874, 21.949912387193333 ], [ -159.350304759319101, 21.950004403129 ], [ -159.350050558423106, 21.950242629897005 ], [ -159.349950304794874, 21.949912387193333 ] ] ] } },
{ "type": "Feature", "properties": { "ID": 12, "GRIDCODE": 2 }, "geometry": { "type": "Polygon", "coordinates": [ [ [ -159.350239508696461, 21.949369700927608 ], [ -159.350593962046787, 21.949461716260728 ], [ -159.350339762590465, 21.949699943472773 ], [ -159.350239508696461, 21.949369700927608 ] ] ] } },
{ "type": "Feature", "properties": { "ID": 13, "GRIDCODE": 2 }, "geometry": { "type": "Polygon", "coordinates": [ [ [ -159.384136198318885, 21.913788382670958 ], [ -159.384037665042001, 21.914119069500174 ], [ -159.383782310344145, 21.913881979991487 ], [ -159.384136198318885, 21.913788382670958 ] ] ] } },
{ "type": "Feature", "properties": { "ID": 14, "GRIDCODE": 2 }, "geometry": { "type": "Polygon", "coordinates": [ [ [ -159.58768339037411, 21.898551600607863 ], [ -159.588037859014463, 21.898643104251303 ], [ -159.587784150826366, 21.898881691003556 ], [ -159.58768339037411, 21.898551600607863 ] ] ] } },
{ "type": "Feature", "properties": { "ID": 15, "GRIDCODE": 2 }, "geometry": { "type": "Polygon", "coordinates": [ [ [ -159.588552417474403, 21.898006435728789 ], [ -159.588906885264777, 21.898097937524437 ], [ -159.58865317949892, 21.898336525578252 ], [ -159.588552417474403, 21.898006435728789 ] ] ] } },
{ "type": "Feature", "properties": { "ID": 16, "GRIDCODE": 2 }, "geometry": { "type": "Polygon", "coordinates": [ [ [ -159.589421437900853, 21.897461266372868 ], [ -159.589775904841105, 21.897552766320821 ], [ -159.589522201497431, 21.897791355676056 ], [ -159.589421437900853, 21.897461266372868 ] ] ] } },
{ "type": "Feature", "properties": { "ID": 17, "GRIDCODE": 2 }, "geometry": { "type": "Polygon", "coordinates": [ [ [ -159.454875836349458, 21.872139749340924 ], [ -159.45525373890581, 21.872289442397189 ], [ -159.454994121007843, 21.872755372333643 ], [ -159.454875836349458, 21.872139749340924 ] ] ] } },
{ "type": "Feature", "properties": { "ID": 18, "GRIDCODE": 2 }, "geometry": { "type": "Polygon", "coordinates": [ [ [ -159.532238059856098, 22.216112452054229 ], [ -159.532529129296535, 22.216111499869946 ], [ -159.532528106393073, 22.215840481761155 ], [ -159.533618915475188, 22.215050778701727 ], [ -159.533134326282891, 22.21352309863444 ], [ -159.533845976138224, 22.213007886224425 ], [ -159.534216463152376, 22.212156322837828 ], [ -159.533677006564204, 22.211771395920938 ], [ -159.533675981677561, 22.211500377718483 ], [ -159.533384921802678, 22.211501331766403 ], [ -159.533383897490722, 22.211230313542028 ], [ -159.533092838158922, 22.211231267056696 ], [ -159.533091814421653, 22.210960248810409 ], [ -159.532800755632906, 22.210961201791829 ], [ -159.53269988329825, 22.210631096145029 ], [ -159.5324455355655, 22.210869585058372 ], [ -159.532800755632906, 22.210961201791829 ], [ -159.53280177881129, 22.211232220050952 ], [ -159.533092838158922, 22.211231267056696 ], [ -159.533093861911965, 22.211502285293918 ], [ -159.533384921802678, 22.211501331766403 ], [ -159.533385946130409, 22.211772349981711 ], [ -159.533677006564204, 22.211771395920938 ], [ -159.533552863747332, 22.212466804295204 ], [ -159.533055376935494, 22.21324090322031 ], [ -159.532091038676413, 22.212703574622349 ], [ -159.531663975396071, 22.212763759907808 ], [ -159.532379278102667, 22.214440623452091 ], [ -159.532528106393073, 22.215840481761155 ], [ -159.532237037511663, 22.215841433932614 ], [ -159.532238059856098, 22.216112452054229 ], [ -159.531499112278027, 22.215989434429684 ], [ -159.528607857028476, 22.215193354360711 ], [ -159.525562008822192, 22.214914030047709 ], [ -159.523838290909623, 22.214330922576835 ], [ -159.522800447323277, 22.214411931984891 ], [ -159.521715609090137, 22.213852917484395 ], [ -159.520617392000361, 22.214133834983567 ], [ -159.519872594543813, 22.214944418126819 ], [ -159.519571992961318, 22.214922895605543 ], [ -159.519244774159745, 22.214948430142186 ], [ -159.519291442082249, 22.214383033317652 ], [ -159.518394011121046, 22.214134552993912 ], [ -159.518103145806833, 22.213822418118298 ], [ -159.517254058981621, 22.213888666478717 ], [ -159.517190794982383, 22.213185486494332 ], [ -159.517671615753613, 22.211098619107918 ], [ -159.516901197796386, 22.209823106116172 ], [ -159.516248206758178, 22.206552763715596 ], [ -159.515068499120076, 22.205286498852459 ], [ -159.514127668683528, 22.204536874365392 ], [ -159.513563902962318, 22.20393164878346 ], [ -159.51228540321199, 22.20327268960564 ], [ -159.510439568910016, 22.202761498573334 ], [ -159.509931536923858, 22.202216144718403 ], [ -159.508318578953009, 22.201824732377268 ], [ -159.508121740357296, 22.201465394760991 ], [ -159.507734547572284, 22.201284509201646 ], [ -159.507733573014349, 22.201013489529515 ], [ -159.507442533557622, 22.201014396783307 ], [ -159.507341727799258, 22.200684273747271 ], [ -159.507087353896821, 22.200922723809679 ], [ -159.507442533557622, 22.201014396783307 ], [ -159.507443507556985, 22.201285416467666 ], [ -159.507734547572284, 22.201284509201646 ], [ -159.50773649673323, 22.201826548518728 ], [ -159.508318578953009, 22.201824732377268 ], [ -159.508720780108973, 22.202226259363332 ], [ -159.509757226705915, 22.202528265627695 ], [ -159.509509934319084, 22.203035445326062 ], [ -159.506492086077827, 22.202457313103427 ], [ -159.504895257874267, 22.202521219670817 ], [ -159.501699770958112, 22.203755046356804 ], [ -159.498450329326374, 22.206447626270311 ], [ -159.496922199468258, 22.209488614736202 ], [ -159.496717931672066, 22.21351451619736 ], [ -159.494954832266188, 22.213275201525374 ], [ -159.491947466636077, 22.21401869761301 ], [ -159.491614883854368, 22.212852453122981 ], [ -159.491990067978634, 22.211501372674444 ], [ -159.491337175072402, 22.211954223839147 ], [ -159.491249416430236, 22.214200120443053 ], [ -159.492645525689767, 22.214247420293741 ], [ -159.496075780808667, 22.214110385068878 ], [ -159.497325193420608, 22.214654768752077 ], [ -159.498282528523362, 22.215475240658886 ], [ -159.4983357108718, 22.216629851361066 ], [ -159.497970731249637, 22.218281204908813 ], [ -159.498065694731253, 22.220340450455442 ], [ -159.49760937449247, 22.222150414983648 ], [ -159.494988880325081, 22.223161959310872 ], [ -159.493479175623662, 22.223110838383636 ], [ -159.491972507923464, 22.224419094896323 ], [ -159.491230731548256, 22.225894924450387 ], [ -159.490185979782922, 22.225859526898589 ], [ -159.489637059334001, 22.226414713096972 ], [ -159.488454566808372, 22.226767187078195 ], [ -159.488507052174782, 22.227906141619201 ], [ -159.486218602006716, 22.229382349221627 ], [ -159.485290913030781, 22.229419358114267 ], [ -159.484143697008278, 22.228858541735711 ], [ -159.483569533503697, 22.228881440781588 ], [ -159.480792522189859, 22.228349097316467 ], [ -159.479163802339173, 22.229157674341664 ], [ -159.477478568358407, 22.228834583991418 ], [ -159.476397184643673, 22.229532076523938 ], [ -159.475381690494288, 22.228885866188008 ], [ -159.474228828997724, 22.228197506092517 ], [ -159.471708750768045, 22.225681015052672 ], [ -159.470707714726672, 22.225646978384933 ], [ -159.468227483304219, 22.225745675523843 ], [ -159.465046300236793, 22.22319276143244 ], [ -159.463946477239318, 22.222654917609201 ], [ -159.461941525199364, 22.223017235703676 ], [ -159.45942570327469, 22.224461254079198 ], [ -159.457600385710521, 22.224871508630049 ], [ -159.454717159462149, 22.225905112291489 ], [ -159.453212052214383, 22.224947018830271 ], [ -159.450765204610434, 22.224863529531405 ], [ -159.449741744729437, 22.224904136574061 ], [ -159.448267851975572, 22.22418320800886 ], [ -159.446244436317443, 22.223829290572166 ], [ -159.445381366829224, 22.223550298179852 ], [ -159.443040752524752, 22.223295999408244 ], [ -159.44092707191507, 22.222612662163172 ], [ -159.439255322415448, 22.22220965552896 ], [ -159.438264214427562, 22.223211453952818 ], [ -159.435761870124963, 22.222773609101917 ], [ -159.435119214825704, 22.221852806769483 ], [ -159.434102128455947, 22.220980395935282 ], [ -159.433424843098607, 22.220069610239229 ], [ -159.431618730565731, 22.217102021017208 ], [ -159.431087826857521, 22.217083836284047 ], [ -159.430253873232317, 22.217497536163783 ], [ -159.428992373560817, 22.21694726319004 ], [ -159.429915885856445, 22.214836843940056 ], [ -159.429627858490022, 22.214366928253284 ], [ -159.428762277357094, 22.21440115970443 ], [ -159.428703504205032, 22.213113251359637 ], [ -159.429325747970239, 22.212210434864105 ], [ -159.43020675759783, 22.211134345199234 ], [ -159.430344664861479, 22.21045125196834 ], [ -159.431054902114084, 22.210027844679033 ], [ -159.433266288382072, 22.209722149524989 ], [ -159.433541352582637, 22.208816622232032 ], [ -159.433910478972734, 22.208668377499578 ], [ -159.43365739600668, 22.208193040649132 ], [ -159.433541352582637, 22.208816622232032 ], [ -159.432489362867869, 22.209552166116165 ], [ -159.431796950777112, 22.209458769778411 ], [ -159.430588024322759, 22.209628391094078 ], [ -159.430344664861479, 22.21045125196834 ], [ -159.429099393243604, 22.211571639055641 ], [ -159.428174168900227, 22.213255642747562 ], [ -159.428153044978842, 22.214373742630304 ], [ -159.429048775126631, 22.215981499119795 ], [ -159.42876444917718, 22.216285159666178 ], [ -159.426550701935497, 22.216693595267969 ], [ -159.425121593451877, 22.218457517341669 ], [ -159.425628375334554, 22.220277563656733 ], [ -159.424984356375688, 22.221449652308578 ], [ -159.425010707924315, 22.222506347125865 ], [ -159.424157564239806, 22.223337780978721 ], [ -159.422423707716433, 22.223375239381902 ], [ -159.420456901398666, 22.222271685901994 ], [ -159.420047039778439, 22.222264957359297 ], [ -159.41975596932366, 22.222271237694166 ], [ -159.419231258332189, 22.222262621865429 ], [ -159.417716233232539, 22.22254203610159 ], [ -159.416254040960268, 22.223098624016558 ], [ -159.415680572489094, 22.22308919515255 ], [ -159.414796906569507, 22.223373324395887 ], [ -159.41422571124474, 22.223363925976866 ], [ -159.413941118836021, 22.22364120398554 ], [ -159.411119277612613, 22.223969506790691 ], [ -159.409143806050622, 22.224604634543908 ], [ -159.406996600872787, 22.225259333169689 ], [ -159.404346975603175, 22.227098290773771 ], [ -159.40433239747091, 22.227863538626607 ], [ -159.404361733825084, 22.229047763341224 ], [ -159.403788738037321, 22.230154829964114 ], [ -159.403190153579857, 22.230443817266366 ], [ -159.401924059370458, 22.230829784845877 ], [ -159.402763307514078, 22.232336626984921 ], [ -159.401120785626404, 22.231794196356212 ], [ -159.40117261209906, 22.229076951220808 ], [ -159.398992037477058, 22.229906700054315 ], [ -159.397164482747428, 22.229613763223426 ], [ -159.396774687387762, 22.228562419550588 ], [ -159.396482540888968, 22.226118488799962 ], [ -159.395908861942786, 22.225607993297288 ], [ -159.394859931149227, 22.223972578669176 ], [ -159.391237246463476, 22.223636687965829 ], [ -159.391228301323906, 22.224101231125072 ], [ -159.391244868382699, 22.224770291614618 ], [ -159.390448383963673, 22.224787339986037 ], [ -159.39107844264791, 22.223058788331691 ], [ -159.387962552014187, 22.221812429681346 ], [ -159.387155411128617, 22.221799015628328 ], [ -159.386865097671318, 22.22208179388101 ], [ -159.385750079880779, 22.222063254912481 ], [ -159.383920678802184, 22.223186168930688 ], [ -159.382330480631282, 22.224734972733337 ], [ -159.38183478580649, 22.223844551347646 ], [ -159.382500392381502, 22.222634056134382 ], [ -159.382784168187726, 22.222085916481436 ], [ -159.383079626102784, 22.221548592149031 ], [ -159.383457987519108, 22.220817738496152 ], [ -159.38478031059941, 22.220216554833577 ], [ -159.38539735228494, 22.219661776679754 ], [ -159.38434110986077, 22.217342195152369 ], [ -159.38328003912099, 22.216319136076681 ], [ -159.380700907285785, 22.215710132227002 ], [ -159.378401855265963, 22.216133605676802 ], [ -159.376198483635676, 22.216732876928518 ], [ -159.374623696989914, 22.216142346526652 ], [ -159.373743938553076, 22.215878765223326 ], [ -159.373166883865025, 22.215603641977911 ], [ -159.371205577196889, 22.215163196419624 ], [ -159.370401377548546, 22.214387634541179 ], [ -159.368837050018385, 22.213918901710404 ], [ -159.367593402426905, 22.213163685464487 ], [ -159.366794220776569, 22.212392920044767 ], [ -159.364573069784427, 22.211333795085086 ], [ -159.361655371331551, 22.211284860921698 ], [ -159.36020011036328, 22.21131574414289 ], [ -159.356909963303963, 22.211260470694423 ], [ -159.356559502062879, 22.211575481332996 ], [ -159.356274959931454, 22.211852552320146 ], [ -159.35509005443916, 22.212917563968066 ], [ -159.353554731083932, 22.214412489323767 ], [ -159.351510035866824, 22.213929278944246 ], [ -159.350164010358696, 22.214578613845706 ], [ -159.349873593875969, 22.213210529916456 ], [ -159.349144246070551, 22.213225956334661 ], [ -159.348562077357059, 22.213216141565386 ], [ -159.347837561291357, 22.213231458732768 ], [ -159.347824195437965, 22.21268119861486 ], [ -159.347845194418625, 22.211600093924631 ], [ -159.347248250983682, 22.211590026805393 ], [ -159.346652144958313, 22.211602624650091 ], [ -159.345547367556918, 22.210536808192867 ], [ -159.344628262313734, 22.210246047544565 ], [ -159.343117459810031, 22.20990647339675 ], [ -159.342587520044447, 22.208895222311334 ], [ -159.341707864199435, 22.208631466229761 ], [ -159.341093893005024, 22.208039072441665 ], [ -159.336709230533273, 22.204533637655953 ], [ -159.335001227975653, 22.203495893325698 ], [ -159.334656799411903, 22.201872098043921 ], [ -159.331379949111266, 22.200150927664708 ], [ -159.330695470301606, 22.198301889511107 ], [ -159.331204200568379, 22.197806674308698 ], [ -159.331796684333938, 22.197274253081027 ], [ -159.3325080868361, 22.196581681879799 ], [ -159.333526761622522, 22.195666238421147 ], [ -159.333548320022771, 22.194565303166637 ], [ -159.333233176110554, 22.194284598638596 ], [ -159.331833026728333, 22.192933428905032 ], [ -159.33092081928325, 22.1929179485609 ], [ -159.328984641725611, 22.194016790726014 ], [ -159.32654165237804, 22.193720663691661 ], [ -159.323330634080946, 22.191052227578876 ], [ -159.321612405078866, 22.188903143592473 ], [ -159.32046056705596, 22.188353420345269 ], [ -159.317502199207951, 22.187540331556566 ], [ -159.317053943711869, 22.186684354422844 ], [ -159.314384477095246, 22.185215540317369 ], [ -159.312579994832049, 22.182747233834473 ], [ -159.312251285160727, 22.181858892272828 ], [ -159.31167090132044, 22.179957388780448 ], [ -159.311078977441866, 22.178357523669192 ], [ -159.311084796666393, 22.178064019929739 ], [ -159.311077919646607, 22.17777997363488 ], [ -159.312330583442559, 22.176654412517227 ], [ -159.313684637420749, 22.173301136739667 ], [ -159.313713689606658, 22.17182623080167 ], [ -159.311612144890148, 22.171511715774038 ], [ -159.311068023450133, 22.170472544259486 ], [ -159.310770035111773, 22.169936481446875 ], [ -159.310054141184963, 22.168569145427863 ], [ -159.309029905471647, 22.166726535537464 ], [ -159.308694041897724, 22.164615524994019 ], [ -159.309010508402736, 22.163700741084021 ], [ -159.309590145396243, 22.162647411663098 ], [ -159.308721223528494, 22.16180408741673 ], [ -159.308572538401336, 22.161671567366369 ], [ -159.307376596458681, 22.159561971045822 ], [ -159.30532247546941, 22.158485303618296 ], [ -159.304902823039384, 22.157474386533803 ], [ -159.305232358359547, 22.156949834083399 ], [ -159.305489244997659, 22.156106291225019 ], [ -159.30589533791894, 22.155116308603667 ], [ -159.305718996510507, 22.153817100509389 ], [ -159.305879238583657, 22.152597168784325 ], [ -159.305716832109198, 22.151400860391639 ], [ -159.306219008186787, 22.14975072427638 ], [ -159.306509949430392, 22.149750177878801 ], [ -159.306509362613781, 22.149479149696852 ], [ -159.306858557918275, 22.149253567363715 ], [ -159.3080146377944, 22.147647230695139 ], [ -159.309228670974306, 22.14686298704558 ], [ -159.309702594958765, 22.146220767252398 ], [ -159.310284462737712, 22.14621966167952 ], [ -159.310283868799559, 22.145948633476934 ], [ -159.310865735428052, 22.145947525843887 ], [ -159.310865140385346, 22.145676497647237 ], [ -159.311219652799622, 22.145583044205264 ], [ -159.310963996627152, 22.145345859916947 ], [ -159.310865140385346, 22.145676497647237 ], [ -159.310283274870585, 22.145677605265323 ], [ -159.310283868799559, 22.145948633476934 ], [ -159.309702002134372, 22.145949739034883 ], [ -159.309702594958765, 22.146220767252398 ], [ -159.308911084200645, 22.146433207200971 ], [ -159.30669238945481, 22.148093122045442 ], [ -159.306509362613781, 22.149479149696852 ], [ -159.306218421927156, 22.149479696087052 ], [ -159.306219008186787, 22.14975072427638 ], [ -159.305797751146628, 22.149401528720794 ], [ -159.305263547653141, 22.148322977581394 ], [ -159.303414269353198, 22.146993438864229 ], [ -159.299958307097711, 22.146010896074291 ], [ -159.297791728409521, 22.146391732371207 ], [ -159.296708533764644, 22.147985218681317 ], [ -159.295784188686582, 22.148038219771777 ], [ -159.295036566793215, 22.14676240628128 ], [ -159.294726793438883, 22.1458343374319 ], [ -159.294368602243367, 22.145223124428352 ], [ -159.293849493304634, 22.143667682490314 ], [ -159.293540209363357, 22.143139918165172 ], [ -159.293571411620519, 22.142636180787427 ], [ -159.293203131124329, 22.141365075782655 ], [ -159.293269797713577, 22.140288479298743 ], [ -159.293143606357006, 22.138377411180269 ], [ -159.294097096586341, 22.137100445743776 ], [ -159.29413468390851, 22.136492123916181 ], [ -159.293831500578534, 22.134994759646158 ], [ -159.293505771339056, 22.134438835946742 ], [ -159.294942061416123, 22.133238538690037 ], [ -159.294343419884115, 22.132216912580823 ], [ -159.294414334521235, 22.131071399662357 ], [ -159.294387496106793, 22.130664902882422 ], [ -159.294404262147054, 22.130393842513175 ], [ -159.294386369973182, 22.130122844638095 ], [ -159.294419353444795, 22.129590211892676 ], [ -159.293957524658396, 22.129565403480168 ], [ -159.292961149862748, 22.129622528817819 ], [ -159.292551566012833, 22.128208791296696 ], [ -159.292659399846855, 22.126467041618554 ], [ -159.292620765612469, 22.125882387460006 ], [ -159.292921701304266, 22.124968278440182 ], [ -159.293782459888888, 22.124598300077015 ], [ -159.293867806595472, 22.123219727827088 ], [ -159.292642457488654, 22.122698386886082 ], [ -159.293505958178883, 22.122252756760449 ], [ -159.294585910575648, 22.122797041506196 ], [ -159.295823218179436, 22.121422051575305 ], [ -159.295547010229654, 22.120627061529937 ], [ -159.294385364309619, 22.120132838550347 ], [ -159.294345402692699, 22.119526971176278 ], [ -159.295218284121773, 22.119573864751491 ], [ -159.295261636568625, 22.118873505717428 ], [ -159.29517129751045, 22.117505431354221 ], [ -159.295813076229365, 22.116561122232788 ], [ -159.29638991167019, 22.116078998844081 ], [ -159.296556076680673, 22.113392534671714 ], [ -159.296087618742234, 22.112446232838071 ], [ -159.295353006887694, 22.111836999218117 ], [ -159.29436250030335, 22.110521159709375 ], [ -159.295667913956748, 22.10831330225232 ], [ -159.296687459773352, 22.107082427283974 ], [ -159.296372973486115, 22.10654570879036 ], [ -159.296390146744841, 22.10626853432003 ], [ -159.29632745195039, 22.105319593185222 ], [ -159.297812838537595, 22.103133847769193 ], [ -159.300793524873512, 22.100857304426004 ], [ -159.301595390820893, 22.100017671726818 ], [ -159.302821970497547, 22.099662222800667 ], [ -159.304678138645698, 22.098110468519131 ], [ -159.306038418723261, 22.093747708014046 ], [ -159.30748271270167, 22.093825211732906 ], [ -159.309433868108783, 22.093498274207988 ], [ -159.310750469165214, 22.0933678870542 ], [ -159.310946655935311, 22.09372747709206 ], [ -159.311333308783958, 22.093908840082502 ], [ -159.311451175302835, 22.094524539503002 ], [ -159.311711657434131, 22.094058853550862 ], [ -159.311333308783958, 22.093908840082502 ], [ -159.311332120014441, 22.093366780252111 ], [ -159.310750469165214, 22.0933678870542 ], [ -159.31048201491538, 22.093078706256719 ], [ -159.306602018632987, 22.093376630799543 ], [ -159.30622985703809, 22.092437883868534 ], [ -159.305861250004511, 22.090576044941635 ], [ -159.304518098329879, 22.090201897704397 ], [ -159.306221045491981, 22.088352282962184 ], [ -159.308229690422621, 22.087002350934533 ], [ -159.30829717079709, 22.086198972448596 ], [ -159.30796069088484, 22.085929882058899 ], [ -159.307825761966456, 22.085784546112119 ], [ -159.30864263898539, 22.085343556191816 ], [ -159.30925575261432, 22.0846775569544 ], [ -159.309879582023058, 22.084174643602097 ], [ -159.310416613823662, 22.083591231725027 ], [ -159.31141343456045, 22.082787557203975 ], [ -159.312521147579332, 22.080276467755219 ], [ -159.314388180189439, 22.077475743068842 ], [ -159.314942382951585, 22.077516181826084 ], [ -159.315211052687232, 22.076951880974072 ], [ -159.316613772140073, 22.075364603236824 ], [ -159.31697484732814, 22.072373722691996 ], [ -159.316601673876391, 22.070794656906745 ], [ -159.318262127483422, 22.071128868082251 ], [ -159.318458871973064, 22.071489507828794 ], [ -159.320389596101478, 22.072387218986076 ], [ -159.320882204072518, 22.072478907717105 ], [ -159.320882816044815, 22.072749938078257 ], [ -159.321464381899517, 22.072748796232322 ], [ -159.32170264675986, 22.073068986718859 ], [ -159.322628744122596, 22.073288566940278 ], [ -159.322787554399838, 22.073632386219074 ], [ -159.323297740407696, 22.073397104495257 ], [ -159.322628744122596, 22.073288566940278 ], [ -159.322392777715748, 22.072856050061475 ], [ -159.321464381899517, 22.072748796232322 ], [ -159.321463768818091, 22.072477765886635 ], [ -159.320882204072518, 22.072478907717105 ], [ -159.321171761424807, 22.07193627632649 ], [ -159.321753323933279, 22.071935133493216 ], [ -159.321752096727892, 22.071393072754383 ], [ -159.322445943336589, 22.071225653439285 ], [ -159.32262259136499, 22.07057826356866 ], [ -159.322913369803928, 22.070577689864997 ], [ -159.322912754026078, 22.070306659486157 ], [ -159.323203531901015, 22.070306085273447 ], [ -159.323202915578236, 22.070035054893385 ], [ -159.324161653568865, 22.069415264184542 ], [ -159.32436293220502, 22.068677601026234 ], [ -159.324653706705504, 22.068677024276301 ], [ -159.324653087667883, 22.068405993881282 ], [ -159.324943861604368, 22.06840541662239 ], [ -159.324943242021931, 22.068134386226191 ], [ -159.325234015394415, 22.068133808458356 ], [ -159.325233395267162, 22.067862778060995 ], [ -159.325524168075674, 22.067862199784226 ], [ -159.325523547403634, 22.067591169385711 ], [ -159.327028912998429, 22.066462618526316 ], [ -159.327263813008159, 22.065690476208978 ], [ -159.32784534961084, 22.065689312030276 ], [ -159.327844724581126, 22.06541828162273 ], [ -159.32842626003648, 22.065417115393029 ], [ -159.328425633907813, 22.065146084992296 ], [ -159.329086139591567, 22.06503618974228 ], [ -159.328586530591195, 22.064793506820461 ], [ -159.328425633907813, 22.065146084992296 ], [ -159.327844099561105, 22.065147251206202 ], [ -159.327844724581126, 22.06541828162273 ], [ -159.327263189087063, 22.065419445785668 ], [ -159.327263813008159, 22.065690476208978 ], [ -159.325758457399274, 22.066819029213338 ], [ -159.325523547403634, 22.067591169385711 ], [ -159.325232775149544, 22.067591747654649 ], [ -159.325233395267162, 22.067862778060995 ], [ -159.3249426224491, 22.067863355821007 ], [ -159.324943242021931, 22.068134386226191 ], [ -159.324652468639869, 22.06813496347727 ], [ -159.324653087667883, 22.068405993881282 ], [ -159.324362313721792, 22.068406570623406 ], [ -159.32436293220502, 22.068677601026234 ], [ -159.323404200039505, 22.069297392899543 ], [ -159.323202915578236, 22.070035054893385 ], [ -159.322912138257777, 22.070035629098317 ], [ -159.322912754026078, 22.070306659486157 ], [ -159.322621976141619, 22.070307233182053 ], [ -159.32262259136499, 22.07057826356866 ], [ -159.322043925091464, 22.07085255277152 ], [ -159.321752096727892, 22.071393072754383 ], [ -159.321366316117036, 22.071575930417524 ], [ -159.321171761424807, 22.07193627632649 ], [ -159.320106115557422, 22.071847315392525 ], [ -159.318746207256879, 22.071218975289884 ], [ -159.318262127483422, 22.071128868082251 ], [ -159.317594662529245, 22.070460212129102 ], [ -159.316952071774637, 22.070437719933491 ], [ -159.316085345287092, 22.070471423069758 ], [ -159.316361985873812, 22.069094654523898 ], [ -159.316789142119717, 22.067950991648676 ], [ -159.317871285719093, 22.064478927684043 ], [ -159.318440159239259, 22.060537320868637 ], [ -159.319841373926067, 22.058304926509489 ], [ -159.321863560191673, 22.055372264206614 ], [ -159.324862609687159, 22.054188779182017 ], [ -159.326223381923455, 22.05336576413486 ], [ -159.327682297498626, 22.051891660742093 ], [ -159.329511881283281, 22.050984454209413 ], [ -159.330247254516451, 22.051721180810503 ], [ -159.331626499304036, 22.051325128128433 ], [ -159.33231155723837, 22.050632875198083 ], [ -159.333932431792306, 22.049915719223939 ], [ -159.335573741721106, 22.044687914893697 ], [ -159.337585998656351, 22.04670363299234 ], [ -159.33840868427842, 22.047107291747377 ], [ -159.339298415745247, 22.047496498125231 ], [ -159.340155007785228, 22.047916769058972 ], [ -159.342599428498943, 22.048750673634817 ], [ -159.344176207184603, 22.049524234115136 ], [ -159.346371988195386, 22.049202947317806 ], [ -159.348795548300956, 22.048481992847513 ], [ -159.34997229802832, 22.047460846127031 ], [ -159.35048925694241, 22.046544991391915 ], [ -159.351140843196816, 22.045250172628919 ], [ -159.351997893291809, 22.044383822896187 ], [ -159.353758346900094, 22.044036508135402 ], [ -159.35660350844401, 22.045432161901559 ], [ -159.358958076669609, 22.045038782026303 ], [ -159.359645898420609, 22.043819979096305 ], [ -159.360691949690334, 22.041740970412654 ], [ -159.362233812096292, 22.041282120006599 ], [ -159.361953092572776, 22.0410835197765 ], [ -159.360645343525476, 22.041134742010957 ], [ -159.360207301850011, 22.04027467056186 ], [ -159.360056078357644, 22.04014464843555 ], [ -159.359841754084698, 22.039339335702511 ], [ -159.359943445280976, 22.038911770543226 ], [ -159.359753638427321, 22.038679451518444 ], [ -159.35911711334694, 22.039543290319482 ], [ -159.360056078357644, 22.04014464843555 ], [ -159.359831155466452, 22.042671161136337 ], [ -159.358529513254211, 22.044589203525163 ], [ -159.357042432985537, 22.045090298297652 ], [ -159.35399172664961, 22.0435533937322 ], [ -159.351435831869168, 22.043957837328474 ], [ -159.349638297968937, 22.046606165129873 ], [ -159.349037443622677, 22.047235945200473 ], [ -159.34744061696253, 22.048280805880559 ], [ -159.34467075548784, 22.048978665146979 ], [ -159.343375375059935, 22.048658957750106 ], [ -159.340547897690726, 22.046826547249001 ], [ -159.335797823641315, 22.044388747729283 ], [ -159.335492659647258, 22.04440632930379 ], [ -159.335216022824483, 22.043577653707501 ], [ -159.334049488439689, 22.042027987314263 ], [ -159.334320526416064, 22.040598129064858 ], [ -159.335107731862905, 22.038099644283207 ], [ -159.335488256758225, 22.035732409860351 ], [ -159.335827446436241, 22.03332782303977 ], [ -159.33691452886552, 22.031106677012644 ], [ -159.33791362047387, 22.029383436399236 ], [ -159.338574557396271, 22.02406403061784 ], [ -159.337891645945263, 22.018772606071668 ], [ -159.338391399769137, 22.017464714172657 ], [ -159.338058909464962, 22.016468546512129 ], [ -159.337459363681603, 22.015671934875861 ], [ -159.336885989510392, 22.012134430683069 ], [ -159.336366935012649, 22.010794722159822 ], [ -159.33567820796759, 22.007820887581712 ], [ -159.335757899700212, 22.006526814401958 ], [ -159.335104588467317, 22.003934192822157 ], [ -159.334073269512373, 22.003078647174075 ], [ -159.333124604171559, 22.001818047273701 ], [ -159.332789565549064, 22.000488356393777 ], [ -159.332287987123976, 21.998756835174493 ], [ -159.332766922616969, 21.997778064819997 ], [ -159.334065789040864, 21.997218931848163 ], [ -159.336146003641261, 21.995038107298303 ], [ -159.340082007987917, 21.995248753607846 ], [ -159.341181077445299, 21.994328821013365 ], [ -159.341236261988115, 21.99343175059138 ], [ -159.341164272600849, 21.992345316865602 ], [ -159.341625991519976, 21.992211287436746 ], [ -159.341864163970058, 21.992531452856444 ], [ -159.342789765344293, 21.992750927416644 ], [ -159.342790416488555, 21.993021959810907 ], [ -159.343081036010886, 21.993021352290285 ], [ -159.343181305574234, 21.993351597271637 ], [ -159.343435593782573, 21.993113397780984 ], [ -159.343081036010886, 21.993021352290285 ], [ -159.343080384314618, 21.992750319904275 ], [ -159.342789765344293, 21.992750927416644 ], [ -159.342553875066102, 21.992318434431734 ], [ -159.341625991519976, 21.992211287436746 ], [ -159.341350782055372, 21.991297418917785 ], [ -159.340898571105129, 21.991846299477498 ], [ -159.34049888778361, 21.991365640791269 ], [ -159.340005997025514, 21.991012452990667 ], [ -159.339879055999035, 21.990859746640048 ], [ -159.34075090159007, 21.990857938174777 ], [ -159.340851164187171, 21.991188184756005 ], [ -159.341105452536681, 21.990949988814069 ], [ -159.34075090159007, 21.990857938174777 ], [ -159.340750254390286, 21.990586905651224 ], [ -159.339878410455071, 21.990588714091942 ], [ -159.339879055999035, 21.990859746640048 ], [ -159.339147293574484, 21.990991616612064 ], [ -159.338342090989215, 21.991391112044553 ], [ -159.336348102482731, 21.99074393001758 ], [ -159.332979776306502, 21.991298013649324 ], [ -159.332325581996884, 21.991959356883179 ], [ -159.33217504239488, 21.9920900174656 ], [ -159.331456450613871, 21.993132761504828 ], [ -159.330698565524102, 21.992043438705018 ], [ -159.329859379327246, 21.991321389154916 ], [ -159.33027630391959, 21.990039457756339 ], [ -159.331296895999884, 21.98938145258635 ], [ -159.332775971128882, 21.988941420197474 ], [ -159.3327359299374, 21.988048117816287 ], [ -159.333605178842447, 21.986062232051442 ], [ -159.333671689440735, 21.984406396191179 ], [ -159.333225440200437, 21.982832230669189 ], [ -159.333381865407716, 21.978937382428967 ], [ -159.332556800042425, 21.97675705016238 ], [ -159.330241649883305, 21.969966635479118 ], [ -159.330680816917294, 21.968789701511625 ], [ -159.330000353786716, 21.966638738927649 ], [ -159.330179458382048, 21.962179900357977 ], [ -159.329688787305003, 21.961319410202453 ], [ -159.330369056716819, 21.960392944201487 ], [ -159.331696393219715, 21.957754624745153 ], [ -159.332965370932328, 21.957124957772834 ], [ -159.334007811445531, 21.956663418362531 ], [ -159.334867702485866, 21.955916916622719 ], [ -159.335371865390499, 21.954420033489669 ], [ -159.335876809315977, 21.954950749557881 ], [ -159.336397315157257, 21.955973808165425 ], [ -159.337043451589949, 21.956845605728045 ], [ -159.337434910708595, 21.957614962402175 ], [ -159.338940413681456, 21.958056198711883 ], [ -159.339371376424651, 21.958488097972957 ], [ -159.340237769980803, 21.958454279020351 ], [ -159.341634672024242, 21.958503025718535 ], [ -159.342265458887965, 21.958189982690705 ], [ -159.34317774153206, 21.957918466988943 ], [ -159.344222622070703, 21.956861719342246 ], [ -159.34598847299651, 21.956426113772373 ], [ -159.347793650174992, 21.956823196367427 ], [ -159.348104055583718, 21.960345990906852 ], [ -159.351820126771656, 21.960033820629786 ], [ -159.352208658648181, 21.957564593835318 ], [ -159.35213308841503, 21.955884452900047 ], [ -159.352427555677906, 21.9532456984881 ], [ -159.35332039277219, 21.9550000148439 ], [ -159.358673489988462, 21.953798270280501 ], [ -159.359119374072151, 21.953007748787808 ], [ -159.358667197076329, 21.952618760214513 ], [ -159.357809584640336, 21.949909355795125 ], [ -159.360259675083086, 21.950301819620567 ], [ -159.360410802279716, 21.950431844265989 ], [ -159.3605761908658, 21.951266620484823 ], [ -159.362105505064534, 21.950466232320736 ], [ -159.361930269738195, 21.948490565798 ], [ -159.362951420407882, 21.946773601275119 ], [ -159.366201194610738, 21.946499128145025 ], [ -159.368963403168721, 21.94757708814841 ], [ -159.37108833616432, 21.947831592437325 ], [ -159.369498089730541, 21.948105912979059 ], [ -159.369602489589909, 21.94928248860084 ], [ -159.371867254030747, 21.950219150836077 ], [ -159.37367960768097, 21.949593598389715 ], [ -159.374647618240317, 21.949086876792887 ], [ -159.375065259569482, 21.947871132180193 ], [ -159.373533259770596, 21.94755012153793 ], [ -159.374794067988233, 21.947021823376534 ], [ -159.375060134458266, 21.945916895939298 ], [ -159.381763045846867, 21.945650608262618 ], [ -159.385458774901934, 21.945226827273565 ], [ -159.388968775490412, 21.944014915533643 ], [ -159.39221662485744, 21.943728750901293 ], [ -159.392350703352776, 21.943582822717669 ], [ -159.39390593768934, 21.943456223842137 ], [ -159.392608269265651, 21.94320539980961 ], [ -159.392350703352776, 21.943582822717669 ], [ -159.389295701691822, 21.94344894613392 ], [ -159.388070460948228, 21.943852870239642 ], [ -159.383874218596077, 21.945009626092435 ], [ -159.379426837980475, 21.945184421568008 ], [ -159.37552137552791, 21.945049008248827 ], [ -159.374735550110557, 21.945397171887155 ], [ -159.373708949177228, 21.946435972340662 ], [ -159.371957792291795, 21.9470130156806 ], [ -159.370709688809825, 21.946755124062516 ], [ -159.369162762487804, 21.946166412935373 ], [ -159.364464069333224, 21.945413921092879 ], [ -159.362761334914865, 21.945852793630532 ], [ -159.36170271160637, 21.946493839137748 ], [ -159.360136168426266, 21.947619996896094 ], [ -159.358090372149519, 21.947292258221882 ], [ -159.355906012228616, 21.947600958751352 ], [ -159.351539378678183, 21.948097970243531 ], [ -159.350674333811241, 21.948972973673268 ], [ -159.350124834737869, 21.948422249044015 ], [ -159.348099615099301, 21.947976756729012 ], [ -159.347523867404078, 21.946455255432504 ], [ -159.348057829079181, 21.945991559056093 ], [ -159.348335942542718, 21.945438576750881 ], [ -159.348641848917453, 21.945172914371597 ], [ -159.347744798349197, 21.944086670773139 ], [ -159.349676323907516, 21.943511618343852 ], [ -159.350493797458455, 21.941642737897972 ], [ -159.349891713287121, 21.940459399265471 ], [ -159.34890379082205, 21.940026989196625 ], [ -159.348333147035362, 21.939746841517263 ], [ -159.347215514999732, 21.939257623709548 ], [ -159.34603833392282, 21.937193394446449 ], [ -159.347996610628684, 21.936221281248596 ], [ -159.352467971850899, 21.936545817926657 ], [ -159.35440199860156, 21.935969977535766 ], [ -159.35514797658152, 21.933969316104083 ], [ -159.354125683679541, 21.932590041076757 ], [ -159.354890738117746, 21.931366349506195 ], [ -159.357199439694512, 21.931275956605788 ], [ -159.360926430962422, 21.931721087012058 ], [ -159.362256418814383, 21.931324975452789 ], [ -159.363394836496639, 21.93075974727606 ], [ -159.365619745684398, 21.929773999090866 ], [ -159.366530329933966, 21.9289830180834 ], [ -159.36736474104913, 21.927503133223528 ], [ -159.367763258624564, 21.926434114197537 ], [ -159.368103540169358, 21.925086943363535 ], [ -159.368630837128791, 21.925066274956496 ], [ -159.369101533946463, 21.925538042325162 ], [ -159.371157086436739, 21.924925703770235 ], [ -159.371683995473688, 21.92399114225595 ], [ -159.372102164167615, 21.923159191249727 ], [ -159.373482098122764, 21.923493236399644 ], [ -159.374440493608432, 21.922874709777616 ], [ -159.375547827682965, 21.922913144672727 ], [ -159.377617158961669, 21.922064895074122 ], [ -159.378756676743507, 21.921725366584376 ], [ -159.380807824317799, 21.920159894486062 ], [ -159.381344140761797, 21.920178503158184 ], [ -159.383399259476363, 21.919267649945247 ], [ -159.383438195974179, 21.918289059534235 ], [ -159.382855059384838, 21.917704707514353 ], [ -159.381683386151735, 21.917750772163082 ], [ -159.382540014891561, 21.916361777252501 ], [ -159.383131304933244, 21.916099688447524 ], [ -159.383990147213098, 21.915545292573444 ], [ -159.385150107703993, 21.914842494458682 ], [ -159.384791315853136, 21.914351983109636 ], [ -159.384136198318885, 21.913788382670958 ], [ -159.385366142131858, 21.912297524334857 ], [ -159.385733328664685, 21.912562273346257 ], [ -159.386158225481836, 21.913374382930279 ], [ -159.388322623414922, 21.91259069045265 ], [ -159.388854810746921, 21.911620759878339 ], [ -159.390060856188796, 21.908825862997961 ], [ -159.39010269672599, 21.906639150407706 ], [ -159.388970852419021, 21.905545379453137 ], [ -159.38787947161947, 21.904881350619185 ], [ -159.386870687150065, 21.903500026961286 ], [ -159.388056853153273, 21.90253894851319 ], [ -159.388752980063259, 21.902524038496111 ], [ -159.389453008020467, 21.902535716977127 ], [ -159.390062125795936, 21.902258143693818 ], [ -159.390829283852412, 21.901509189059013 ], [ -159.392431035849086, 21.901990046019669 ], [ -159.393575699197442, 21.902536894446222 ], [ -159.394709438523108, 21.902512574685385 ], [ -159.396957230576618, 21.903113789368184 ], [ -159.397324464790358, 21.902782843403241 ], [ -159.397607566088226, 21.902234662714257 ], [ -159.398483188357631, 21.901695900094939 ], [ -159.399347145179576, 21.901146309160985 ], [ -159.400240017922187, 21.900873501959165 ], [ -159.400797026705789, 21.900329678569513 ], [ -159.401404271357535, 21.900052928409757 ], [ -159.402228704864456, 21.899247900434158 ], [ -159.402539465048818, 21.899241218493202 ], [ -159.403105459390702, 21.899250619242743 ], [ -159.403436245687374, 21.898952536661827 ], [ -159.403390871515285, 21.89711482062744 ], [ -159.404270713245126, 21.896255651353954 ], [ -159.405133049932459, 21.895478373769844 ], [ -159.405149100541422, 21.89463452431746 ], [ -159.404187670112265, 21.893458451592281 ], [ -159.405144044737511, 21.892995651395676 ], [ -159.40600420235981, 21.893009909816502 ], [ -159.406565896002547, 21.892461357381205 ], [ -159.406879335306201, 21.89245462773253 ], [ -159.40800714852972, 21.892993345504152 ], [ -159.409130224661283, 21.893011931732271 ], [ -159.410647130310593, 21.892548367682839 ], [ -159.410659146852964, 21.891916505993343 ], [ -159.409776402707763, 21.889900892964931 ], [ -159.411861905363338, 21.889168836706922 ], [ -159.413520701248956, 21.8891962759653 ], [ -159.414129714655559, 21.888918614758762 ], [ -159.414704125380268, 21.888640608357864 ], [ -159.415523203712155, 21.888654126783241 ], [ -159.417884659660871, 21.887577474868166 ], [ -159.418226701170141, 21.886636485222823 ], [ -159.417887401090667, 21.885111216551966 ], [ -159.418181961374842, 21.884300769913914 ], [ -159.418620147605765, 21.882174945228041 ], [ -159.420409457276065, 21.881598208890569 ], [ -159.427056311704121, 21.88124367162974 ], [ -159.429157015620063, 21.880072382171015 ], [ -159.429564668418124, 21.878888715621098 ], [ -159.430854167201431, 21.877041631711332 ], [ -159.432836520715085, 21.874857166884905 ], [ -159.433827332971305, 21.874226467806366 ], [ -159.434402516078165, 21.874235903527836 ], [ -159.435185726056915, 21.873856696291284 ], [ -159.436123483103387, 21.874762575891914 ], [ -159.439824250307822, 21.87379107848751 ], [ -159.441101841000716, 21.872210086245683 ], [ -159.441064006872409, 21.870694413954837 ], [ -159.441371106629333, 21.87041746104968 ], [ -159.441654810383369, 21.870140239434591 ], [ -159.442240538552056, 21.869873059051589 ], [ -159.4427982341779, 21.868792117692692 ], [ -159.444332991586407, 21.868420573411317 ], [ -159.445786493237847, 21.869073955010176 ], [ -159.446881425303161, 21.870131573888042 ], [ -159.448339899841926, 21.870393221363379 ], [ -159.448768026964245, 21.870806747810505 ], [ -159.449362051222096, 21.871336347362156 ], [ -159.449790184102682, 21.871749871008277 ], [ -159.45038421603013, 21.87227946668369 ], [ -159.451172729700602, 21.873041051462156 ], [ -159.453137351136178, 21.872407369505925 ], [ -159.453848583791569, 21.873094248580216 ], [ -159.454719364044905, 21.873075238833884 ], [ -159.455603595062115, 21.873631144056592 ], [ -159.456771746004847, 21.873893518612 ], [ -159.459260781690659, 21.87555390019422 ], [ -159.461979849567427, 21.875494486369252 ], [ -159.46229495371449, 21.875775356818437 ], [ -159.462580408751194, 21.876051016243942 ], [ -159.463748591241483, 21.876313340687023 ], [ -159.464324428921884, 21.876588179332515 ], [ -159.465202239448558, 21.876851311502318 ], [ -159.466354565716131, 21.877401272318483 ], [ -159.466946207440714, 21.877388347384063 ], [ -159.467483952325665, 21.878414847648237 ], [ -159.468107308606278, 21.879016784213857 ], [ -159.468404372463198, 21.879281548224455 ], [ -159.468999643807933, 21.879856298848427 ], [ -159.468958007646961, 21.87820126128069 ], [ -159.470724777573537, 21.878461830592951 ], [ -159.471053611976231, 21.8793979641231 ], [ -159.47224370057495, 21.880121340112346 ], [ -159.473324400820587, 21.88116472423954 ], [ -159.473927056338511, 21.880897383107346 ], [ -159.474483280730226, 21.880353713358602 ], [ -159.474977242371665, 21.880770123092535 ], [ -159.47566536236522, 21.881434440731464 ], [ -159.477619364182772, 21.881784617776514 ], [ -159.478865722001501, 21.882379278780913 ], [ -159.479776969305163, 21.881937784745507 ], [ -159.481625906482407, 21.881967591316474 ], [ -159.482056420628339, 21.881132717179234 ], [ -159.482520551774769, 21.882453409610836 ], [ -159.483807503217264, 21.88303150358627 ], [ -159.484439078004186, 21.883332806708488 ], [ -159.486131194456846, 21.883295595994682 ], [ -159.487014527237278, 21.883574872082608 ], [ -159.487875012849884, 21.883555915146857 ], [ -159.487869803854267, 21.883837948576499 ], [ -159.48817160697223, 21.884106830765408 ], [ -159.486716600887689, 21.88455226168411 ], [ -159.487642271441416, 21.885812682024156 ], [ -159.488749548555973, 21.885455289141582 ], [ -159.489635454657105, 21.885735370304886 ], [ -159.490202456027447, 21.885722864713106 ], [ -159.491651057400986, 21.885746139487562 ], [ -159.491656495142536, 21.885450275841901 ], [ -159.491649530933756, 21.885176616261596 ], [ -159.492235364752702, 21.884909192572675 ], [ -159.492530231551825, 21.884620900301773 ], [ -159.493393103781784, 21.884634760863126 ], [ -159.493971088539496, 21.884622010951055 ], [ -159.494268002838879, 21.884908630037781 ], [ -159.495136363794643, 21.884889479076925 ], [ -159.495862397274266, 21.884901124285275 ], [ -159.496300653924237, 21.8848914667212 ], [ -159.497002425404219, 21.885226223250637 ], [ -159.499490829914777, 21.884338663677646 ], [ -159.500069251496569, 21.884614558771101 ], [ -159.50118727125124, 21.884949422510811 ], [ -159.501533718873958, 21.886502408710982 ], [ -159.501509070591567, 21.88784779043332 ], [ -159.503237098287627, 21.888393948038718 ], [ -159.504143493818844, 21.887672600404514 ], [ -159.5041501591638, 21.887309735740647 ], [ -159.504136495346899, 21.886770655886423 ], [ -159.504580853420606, 21.886760825186457 ], [ -159.505016479127079, 21.886767794211622 ], [ -159.50559723533803, 21.886754928706107 ], [ -159.507339738038468, 21.886782754045452 ], [ -159.509552805947806, 21.886733770856853 ], [ -159.511485953253185, 21.888093364244639 ], [ -159.512444919929294, 21.888108645775745 ], [ -159.515867342305881, 21.887707490162065 ], [ -159.516346975423829, 21.887274557871901 ], [ -159.516339216206489, 21.886970431310139 ], [ -159.519065283612974, 21.887013804869124 ], [ -159.52127382762626, 21.886169578823989 ], [ -159.523741019191192, 21.885413698401788 ], [ -159.525883720769968, 21.884435030714346 ], [ -159.526201478815551, 21.882887621522393 ], [ -159.526781410905301, 21.883447154473352 ], [ -159.52842327679511, 21.883938600298979 ], [ -159.529099922786429, 21.88586217417242 ], [ -159.529987617449137, 21.885876226237702 ], [ -159.530568365823768, 21.885863272781222 ], [ -159.531129872197567, 21.886934078478713 ], [ -159.534784053714844, 21.886991863102622 ], [ -159.536463382328833, 21.88644929949988 ], [ -159.53752359824, 21.887472072002385 ], [ -159.537979574770134, 21.887479251262263 ], [ -159.53856032837902, 21.887466302591005 ], [ -159.539286374099703, 21.887477756020637 ], [ -159.542081956972396, 21.887415310421115 ], [ -159.542775033632324, 21.887726308860323 ], [ -159.543258842058833, 21.888192997799457 ], [ -159.547699725902731, 21.888262852272778 ], [ -159.54983391851988, 21.887446615267152 ], [ -159.551462886006476, 21.887410134609816 ], [ -159.553151872353936, 21.888597379237805 ], [ -159.554248361251553, 21.889119874483889 ], [ -159.554974001682695, 21.888767921626354 ], [ -159.555261579022726, 21.889045262280685 ], [ -159.558229710006771, 21.889373585900685 ], [ -159.560205875394615, 21.89011386478748 ], [ -159.56101890068723, 21.889719471143835 ], [ -159.561597363138702, 21.890822037351018 ], [ -159.563698548523632, 21.891450450365767 ], [ -159.564565036039113, 21.891723938543365 ], [ -159.566272565727672, 21.892234595210894 ], [ -159.567480238561188, 21.893063645506498 ], [ -159.569009588115222, 21.894138354799594 ], [ -159.570178191975572, 21.894156577814982 ], [ -159.572418265858971, 21.893323007873317 ], [ -159.573003414194375, 21.893039089876932 ], [ -159.573578387434111, 21.893048038857259 ], [ -159.574738193719327, 21.892766313539418 ], [ -159.575025033820253, 21.893042893416329 ], [ -159.575607938215228, 21.893561644236293 ], [ -159.575328866549086, 21.894939046147549 ], [ -159.573592651538377, 21.896507500624107 ], [ -159.57508882397704, 21.897633879344863 ], [ -159.576999095302597, 21.895764356538386 ], [ -159.57823399904467, 21.895464378146709 ], [ -159.578520993467492, 21.895741050332116 ], [ -159.578816913347737, 21.895734385743058 ], [ -159.57969336386779, 21.89628434673984 ], [ -159.580268403121693, 21.896271369759429 ], [ -159.580840907452881, 21.896280268740536 ], [ -159.581428951608814, 21.895994921201375 ], [ -159.582019293125825, 21.896276106787759 ], [ -159.582856009579302, 21.896257199610258 ], [ -159.583466958191593, 21.896531160656135 ], [ -159.583802996896566, 21.898105729300827 ], [ -159.585217183755816, 21.898422158968284 ], [ -159.586100435882486, 21.898700799074213 ], [ -159.587245001304893, 21.898674916929391 ], [ -159.587252407358505, 21.898959683774418 ], [ -159.587237999855915, 21.899769781398227 ], [ -159.588083729755937, 21.899782874215752 ], [ -159.589571801174571, 21.899421294808938 ], [ -159.589288617953144, 21.899768209485067 ], [ -159.587839214371854, 21.900430851516937 ], [ -159.588445349508476, 21.90144286423957 ], [ -159.589298623555834, 21.902202016696574 ], [ -159.590443527572376, 21.903818103722191 ], [ -159.591473578520777, 21.903834024253623 ], [ -159.595214609868009, 21.903478970712126 ], [ -159.597123736323681, 21.902606064122232 ], [ -159.5974758898179, 21.899467664944961 ], [ -159.598038699996891, 21.899750215418059 ], [ -159.600636535846377, 21.904871324924788 ], [ -159.602714018950479, 21.909049066322243 ], [ -159.606080950913622, 21.911791057506562 ], [ -159.612377367053938, 21.916010174446988 ], [ -159.617679280593421, 21.921211914493746 ], [ -159.620739960087235, 21.925792549571842 ], [ -159.623301051746097, 21.933055714939965 ], [ -159.626306909202128, 21.938086717764016 ], [ -159.630606644298155, 21.942904730417261 ], [ -159.634567425182922, 21.949433232247241 ], [ -159.640636999810653, 21.952507061169186 ], [ -159.645373936327047, 21.953564685253667 ], [ -159.652520019380432, 21.960491547533142 ], [ -159.653918690923518, 21.965745969278533 ], [ -159.655497187262398, 21.967265416957471 ], [ -159.657608319874072, 21.967544559247976 ], [ -159.665208496241803, 21.965609243575727 ], [ -159.668923051032948, 21.965862664156635 ], [ -159.673588026129039, 21.968080208373991 ], [ -159.691005542669842, 21.973272264123484 ], [ -159.699577239483801, 21.975990921048755 ], [ -159.718853167777411, 21.987383202210307 ], [ -159.726546105978514, 21.993264565041471 ], [ -159.730251164164372, 21.996095341941754 ], [ -159.740490814208897, 22.007680938482192 ], [ -159.742522582789917, 22.010004882730897 ], [ -159.744082566735443, 22.012428405747897 ], [ -159.750518771345838, 22.022407619281143 ], [ -159.75130934544481, 22.023821422749716 ], [ -159.756719073701106, 22.038028611832321 ], [ -159.757927519100463, 22.047114433220639 ], [ -159.757690572713415, 22.061326214894471 ], [ -159.755195703945759, 22.070105317309181 ], [ -159.755067888904307, 22.077813251066235 ], [ -159.755639203586526, 22.08817753549139 ], [ -159.754376711795601, 22.0890795554098 ], [ -159.753238741293444, 22.08978239400119 ], [ -159.750494487624678, 22.092750416923064 ], [ -159.74959341516842, 22.093565204739296 ], [ -159.748461889843242, 22.094673630644461 ], [ -159.74714104462231, 22.095617201009379 ], [ -159.744965157464804, 22.097135791935195 ], [ -159.744255679190616, 22.099098689110107 ], [ -159.743353818752098, 22.1035183862965 ], [ -159.742822874376003, 22.104038419919256 ], [ -159.740515045024694, 22.106124888670912 ], [ -159.740497741767797, 22.107162959216456 ], [ -159.740550990304968, 22.109127211501438 ], [ -159.739963228862706, 22.110270300418115 ], [ -159.738528635076165, 22.111567184091022 ], [ -159.738026835794017, 22.112955213904836 ], [ -159.737509573857892, 22.118689905588944 ], [ -159.737086607453762, 22.119512375839339 ], [ -159.736213808382871, 22.120594955125842 ], [ -159.735933018741463, 22.121414697174007 ], [ -159.735060199411095, 22.122497270606928 ], [ -159.734777994759042, 22.123046000209001 ], [ -159.733902932852686, 22.124261381664262 ], [ -159.73304961476677, 22.126305971921514 ], [ -159.732523008712974, 22.127269763926055 ], [ -159.732480170057755, 22.129829033655149 ], [ -159.732498338486636, 22.13049986085003 ], [ -159.732115532081991, 22.13433722370349 ], [ -159.73124741072607, 22.137258447989034 ], [ -159.730052778518882, 22.140120437662947 ], [ -159.727850485122218, 22.141656629855419 ], [ -159.726008166808413, 22.143941152109875 ], [ -159.723843819858757, 22.147480940343257 ], [ -159.722231233236386, 22.150160216103817 ], [ -159.720454419304218, 22.150735564073901 ], [ -159.718085613112066, 22.151284577306271 ], [ -159.715860844942029, 22.1526573552472 ], [ -159.712510365683045, 22.154794464505674 ], [ -159.709277806636862, 22.15554347957881 ], [ -159.707309262065252, 22.156758008157915 ], [ -159.706940115826683, 22.15893391431683 ], [ -159.706448487449961, 22.158945390859945 ], [ -159.705869354008939, 22.158936890330505 ], [ -159.705570346272225, 22.159229472993218 ], [ -159.704713588531661, 22.15760367639373 ], [ -159.703398305494488, 22.157584352276974 ], [ -159.701995180986899, 22.158479168768398 ], [ -159.700337100810714, 22.15923729386618 ], [ -159.697940132188194, 22.161056665296009 ], [ -159.696951938088034, 22.161508474159213 ], [ -159.696419904425312, 22.162542015634223 ], [ -159.693963539900693, 22.162505791909606 ], [ -159.693668423357849, 22.162794557001483 ], [ -159.693372614732311, 22.162790191076564 ], [ -159.69071515433734, 22.163082785038331 ], [ -159.690172801766124, 22.163074768026448 ], [ -159.688877811236637, 22.163703118358473 ], [ -159.687239165224213, 22.162925548224258 ], [ -159.684968049842809, 22.163622599042423 ], [ -159.684500693395819, 22.164044644161578 ], [ -159.68407489878598, 22.164461195472875 ], [ -159.683218648563923, 22.164448508924977 ], [ -159.682621538265153, 22.164738197191429 ], [ -159.680582910370447, 22.165554347727536 ], [ -159.679523534349073, 22.166068281492088 ], [ -159.678203385247173, 22.166495325232741 ], [ -159.677300520522749, 22.16606683793739 ], [ -159.675520515325047, 22.167201509973495 ], [ -159.674071650165786, 22.166918649089197 ], [ -159.672935842117994, 22.165320498856598 ], [ -159.671551443526113, 22.166267293849046 ], [ -159.671605641280848, 22.168301194951503 ], [ -159.671012011384306, 22.168314929206971 ], [ -159.670685678030679, 22.168025461989025 ], [ -159.669887285480542, 22.166509660234691 ], [ -159.666755309386559, 22.167675154400275 ], [ -159.666319962946005, 22.168068169053775 ], [ -159.666348534646403, 22.169141753651047 ], [ -159.665196751204775, 22.169668048830442 ], [ -159.664338751637132, 22.170507140674175 ], [ -159.660850301656609, 22.171314269669946 ], [ -159.660534656587998, 22.171599217699228 ], [ -159.65972152252192, 22.172394372036397 ], [ -159.658219046749878, 22.172969094702328 ], [ -159.657341534627221, 22.173238237156312 ], [ -159.655607821010648, 22.174605729983622 ], [ -159.654441824461827, 22.175418054299062 ], [ -159.653326199081249, 22.177017861533926 ], [ -159.651275279899835, 22.178573447753774 ], [ -159.648041944954514, 22.179727841014671 ], [ -159.646321315612425, 22.18006319636314 ], [ -159.644058903847224, 22.18041541878711 ], [ -159.640322982578368, 22.182717724033374 ], [ -159.63948961791732, 22.183469755948408 ], [ -159.638821688198107, 22.184122687348047 ], [ -159.636790488649325, 22.18563550569726 ], [ -159.636434945052571, 22.186670567852346 ], [ -159.63390822800713, 22.188633855135464 ], [ -159.633260221573153, 22.189891070034186 ], [ -159.63224158947213, 22.190810137324352 ], [ -159.630212110562042, 22.192793727871912 ], [ -159.629501864401874, 22.19313795675771 ], [ -159.62891518678839, 22.193405824676862 ], [ -159.628340207200466, 22.193684480187915 ], [ -159.627145497496855, 22.194229940017035 ], [ -159.625550983575664, 22.195788327209723 ], [ -159.624009337860286, 22.195056225886326 ], [ -159.623416791627733, 22.195544088817542 ], [ -159.622825127868424, 22.196958003667206 ], [ -159.620296562814616, 22.196919600923163 ], [ -159.61676715477617, 22.198800770542011 ], [ -159.615754554740334, 22.199790231425023 ], [ -159.61485329204794, 22.19936219643537 ], [ -159.614307163580861, 22.200421371464365 ], [ -159.610914250547893, 22.201881357714797 ], [ -159.609437185897121, 22.202430263195978 ], [ -159.608783956482, 22.203068495665882 ], [ -159.606483045863115, 22.203599924800731 ], [ -159.605685546063, 22.20431920336533 ], [ -159.605173786310729, 22.205807900046707 ], [ -159.604233124771611, 22.206237179688863 ], [ -159.602946029537776, 22.206860650999243 ], [ -159.599275295765722, 22.208439777185664 ], [ -159.598035105702792, 22.208420772332236 ], [ -159.596392068218051, 22.210331386879005 ], [ -159.595747012717879, 22.211581956038522 ], [ -159.594949501244912, 22.211968204636051 ], [ -159.593823796319754, 22.212481831467333 ], [ -159.593048126712631, 22.213181179713789 ], [ -159.592195906611266, 22.214013601889967 ], [ -159.590511782719688, 22.214529239182617 ], [ -159.589280376496617, 22.215639462918837 ], [ -159.588854249096812, 22.2160556649632 ], [ -159.588558463489306, 22.216322332982561 ], [ -159.587985567327706, 22.217142884195756 ], [ -159.587393987183191, 22.217676218722261 ], [ -159.586399658735331, 22.218647344658734 ], [ -159.585380511247479, 22.219566122881577 ], [ -159.585087242480171, 22.220134546317588 ], [ -159.583359785733677, 22.22045498554267 ], [ -159.581766118002946, 22.222976607134942 ], [ -159.579742999876458, 22.223629415965153 ], [ -159.575889295481574, 22.223716334592751 ], [ -159.574535325891901, 22.223398368438126 ], [ -159.57290941200128, 22.223435000793632 ], [ -159.571995106766394, 22.223162314913434 ], [ -159.571377135561107, 22.222868645456387 ], [ -159.569418334663936, 22.222284417942703 ], [ -159.568204488141362, 22.221549476677065 ], [ -159.566396077242814, 22.220200680879504 ], [ -159.564739897426364, 22.220745709196063 ], [ -159.561813052437827, 22.223197792612289 ], [ -159.560843808819101, 22.223794242610225 ], [ -159.558394521174591, 22.226185364151128 ], [ -159.55687467713156, 22.225863429269211 ], [ -159.554657227361417, 22.224308760004426 ], [ -159.554100669965862, 22.224300081100228 ], [ -159.553373010958921, 22.224316385608201 ], [ -159.552228056258684, 22.224298522440353 ], [ -159.551085119613646, 22.224851645017981 ], [ -159.547702104947291, 22.223842151196251 ], [ -159.545600653790729, 22.222901621315479 ], [ -159.544334916438004, 22.221360060530511 ], [ -159.543835411630255, 22.219022458850031 ], [ -159.543164924916425, 22.218377317963956 ], [ -159.542022014108284, 22.217362188187284 ], [ -159.541703313040784, 22.216756063377126 ], [ -159.541403354684775, 22.21621863984327 ], [ -159.541758892232735, 22.214907394162225 ], [ -159.539978428239408, 22.213792251025726 ], [ -159.539069354742935, 22.213777990740553 ], [ -159.538484497144537, 22.213791040861853 ], [ -159.538002708904912, 22.213327432385992 ], [ -159.537034859579421, 22.213795723079379 ], [ -159.535908919824891, 22.214308953892271 ], [ -159.534541170982209, 22.215541178577393 ], [ -159.533011506598228, 22.217034104746318 ], [ -159.531838402632303, 22.21760166579103 ], [ -159.531774406086669, 22.217119874788494 ], [ -159.532238059856098, 22.216112452054229 ] ], [ [ -159.394254378291208, 22.211084716508847 ], [ -159.394602677077302, 22.21089132685999 ], [ -159.394370069504106, 22.210170488415031 ], [ -159.393962556955785, 22.210814397636266 ], [ -159.393518145231127, 22.210943363593593 ], [ -159.392889647433407, 22.211263356161439 ], [ -159.392374041078114, 22.212316496288427 ], [ -159.391329980711618, 22.213898186980238 ], [ -159.386154265909568, 22.214258966715743 ], [ -159.385398978633589, 22.216198874976243 ], [ -159.386738746057119, 22.218480564892428 ], [ -159.385674280754841, 22.219370672759933 ], [ -159.385927142292473, 22.219634353564143 ], [ -159.387508398447324, 22.218487337896718 ], [ -159.38741679461171, 22.217115359863481 ], [ -159.386277112237678, 22.216172075069402 ], [ -159.385979293925686, 22.215526360572579 ], [ -159.386611305890682, 22.214997856610747 ], [ -159.390051494712424, 22.214490282123968 ], [ -159.391841162207243, 22.214189718771912 ], [ -159.392940543904245, 22.212570911540233 ], [ -159.393651631601386, 22.211617767432678 ], [ -159.39411741760216, 22.211228182658505 ], [ -159.394254378291208, 22.211084716508847 ] ], [ [ -159.394831958593841, 22.209457163913747 ], [ -159.395186572005258, 22.209363523011152 ], [ -159.394930659987892, 22.209126483995526 ], [ -159.394831958593841, 22.209457163913747 ], [ -159.394462787552698, 22.209605320672015 ], [ -159.394715742202692, 22.210080720350625 ], [ -159.394831958593841, 22.209457163913747 ] ], [ [ -159.433828246232537, 22.207460735175861 ], [ -159.433946746801979, 22.208076330666493 ], [ -159.434207025654871, 22.20761046454183 ], [ -159.433828246232537, 22.207460735175861 ] ], [ [ -159.531923493322608, 22.20987998433268 ], [ -159.532024363275326, 22.210210090537359 ], [ -159.532278710571546, 22.209971602272343 ], [ -159.531923493322608, 22.20987998433268 ] ], [ [ -159.505981509124524, 22.199392806587561 ], [ -159.505880708002195, 22.199062682495654 ], [ -159.505626334445054, 22.199301130314385 ], [ -159.505981509124524, 22.199392806587561 ], [ -159.505982480241101, 22.19966382638728 ], [ -159.506273516980144, 22.199662921795191 ], [ -159.506274488670243, 22.199933941573665 ], [ -159.506565525952823, 22.199933036449263 ], [ -159.506566498216444, 22.200204056206481 ], [ -159.50685753604256, 22.200203150549754 ], [ -159.506958340307477, 22.200533273932724 ], [ -159.507212713744849, 22.200294824069612 ], [ -159.50685753604256, 22.200203150549754 ], [ -159.506856563220396, 22.199932130804743 ], [ -159.506565525952823, 22.199933036449263 ], [ -159.50656455370418, 22.199662016682993 ], [ -159.506273516980144, 22.199662921795191 ], [ -159.506272545305023, 22.199391902007669 ], [ -159.505981509124524, 22.199392806587561 ] ], [ [ -159.504812520064377, 22.198041320328159 ], [ -159.504711722692292, 22.197711195388781 ], [ -159.504457349506964, 22.197949641412173 ], [ -159.504812520064377, 22.198041320328159 ], [ -159.504813488872145, 22.198312340221843 ], [ -159.505104522878526, 22.198311437771039 ], [ -159.505105492259759, 22.198582457643507 ], [ -159.505396526809676, 22.198581554660453 ], [ -159.505497326438757, 22.198911679099172 ], [ -159.505751699530776, 22.198673231479699 ], [ -159.505396526809676, 22.198581554660453 ], [ -159.505395556869985, 22.19831053480015 ], [ -159.505104522878526, 22.198311437771039 ], [ -159.505103553512328, 22.198040417889516 ], [ -159.504812520064377, 22.198041320328159 ] ], [ [ -159.311445813578047, 22.145133331563713 ], [ -159.311546122219113, 22.145463589397174 ], [ -159.311800732833518, 22.145225431272429 ], [ -159.311445813578047, 22.145133331563713 ] ], [ [ -159.3123186083848, 22.145131663178297 ], [ -159.312218298193812, 22.144801405824548 ], [ -159.311963689043409, 22.145039564596278 ], [ -159.3123186083848, 22.145131663178297 ], [ -159.312610374812181, 22.14550924522673 ], [ -159.312900471543145, 22.145130548327586 ], [ -159.313561361748867, 22.145020720595461 ], [ -159.313061495018644, 22.144777987346352 ], [ -159.312900471543145, 22.145130548327586 ], [ -159.3123186083848, 22.145131663178297 ] ], [ [ -159.31347873464324, 22.143503262330452 ], [ -159.31361038698202, 22.144674991211904 ], [ -159.313878397285919, 22.143722970023894 ], [ -159.31347873464324, 22.143503262330452 ] ], [ [ -159.320658121947702, 22.102021735123454 ], [ -159.320540208909961, 22.101406043452577 ], [ -159.320279742781281, 22.101871742875211 ], [ -159.320658121947702, 22.102021735123454 ], [ -159.320658734397568, 22.102292764511777 ], [ -159.320949577835933, 22.10229219352254 ], [ -159.321049876869722, 22.102622447343247 ], [ -159.321304395371044, 22.102384282521196 ], [ -159.320949577835933, 22.10229219352254 ], [ -159.320948964830535, 22.102021164141938 ], [ -159.320658121947702, 22.102021735123454 ] ], [ [ -159.315121272851854, 22.09715395227532 ], [ -159.315120671133002, 22.096882922570618 ], [ -159.313957341004567, 22.096885161404394 ], [ -159.313957940502178, 22.097156191139387 ], [ -159.313376274271633, 22.097157307466343 ], [ -159.313376872667845, 22.097428337207432 ], [ -159.311206076299925, 22.097764921504428 ], [ -159.310247048615679, 22.097228305753081 ], [ -159.310344010592246, 22.097831489730808 ], [ -159.31283159437001, 22.098089506794398 ], [ -159.313376872667845, 22.097428337207432 ], [ -159.313958540009054, 22.097427220865374 ], [ -159.313957940502178, 22.097156191139387 ], [ -159.315121272851854, 22.09715395227532 ], [ -159.315121874580058, 22.097424981971017 ], [ -159.315412708199545, 22.097424420953633 ], [ -159.315413310492346, 22.097695450632756 ], [ -159.315994978814075, 22.097694327030222 ], [ -159.316224408840583, 22.098114788305871 ], [ -159.316868691393694, 22.09823469700013 ], [ -159.316869296491291, 22.098505726614203 ], [ -159.317450968051645, 22.098504597790612 ], [ -159.31768040370622, 22.098925056914105 ], [ -159.31832469109878, 22.099044959798313 ], [ -159.318325299001373, 22.099315989347161 ], [ -159.318616136405439, 22.099315422583402 ], [ -159.318616744872827, 22.099586452115588 ], [ -159.318907582822874, 22.099585884826592 ], [ -159.318908191855087, 22.099856914342098 ], [ -159.319199030351115, 22.099856346527851 ], [ -159.319199639948152, 22.100127376026677 ], [ -159.319490478990161, 22.100126807687158 ], [ -159.319491089152081, 22.100397837169297 ], [ -159.319781928740042, 22.100397268304501 ], [ -159.319782539466814, 22.100668297769946 ], [ -159.320073379600814, 22.100667728379854 ], [ -159.320191289960121, 22.10128342047464 ], [ -159.320451755327724, 22.100817721168976 ], [ -159.320073379600814, 22.100667728379854 ], [ -159.320072768318596, 22.100396698922097 ], [ -159.319781928740042, 22.100397268304501 ], [ -159.319781318022734, 22.100126238830057 ], [ -159.319490478990161, 22.100126807687158 ], [ -159.319489868837735, 22.099855778196016 ], [ -159.319199030351115, 22.099856346527851 ], [ -159.319198420763513, 22.099585317020022 ], [ -159.318907582822874, 22.099585884826592 ], [ -159.318906973800097, 22.09931485530208 ], [ -159.318616136405439, 22.099315422583402 ], [ -159.318615527947458, 22.099044393042224 ], [ -159.31832469109878, 22.099044959798313 ], [ -159.318095253349128, 22.098624501610452 ], [ -159.317450968051645, 22.098504597790612 ], [ -159.317450361843328, 22.098233568191805 ], [ -159.316868691393694, 22.09823469700013 ], [ -159.316639259272193, 22.09781423665995 ], [ -159.315994978814075, 22.097694327030222 ], [ -159.315994375410583, 22.097423297366309 ], [ -159.315412708199545, 22.097424420953633 ], [ -159.315412105916039, 22.097153391265529 ], [ -159.315121272851854, 22.09715395227532 ] ], [ [ -159.311338064229943, 22.096077079044157 ], [ -159.311719742274732, 22.095865237225787 ], [ -159.311465897814571, 22.094891835885669 ], [ -159.311338064229943, 22.096077079044157 ], [ -159.310694326254179, 22.096199460679077 ], [ -159.310466756906578, 22.096620798391015 ], [ -159.31011236598107, 22.096714257617361 ], [ -159.310367931957103, 22.096951437409249 ], [ -159.310466756906578, 22.096620798391015 ], [ -159.31111049699652, 22.096498417634262 ], [ -159.311338064229943, 22.096077079044157 ] ], [ [ -159.3156649789222, 22.080077941728035 ], [ -159.315538469071498, 22.079185158480321 ], [ -159.315273437891278, 22.079886688860519 ], [ -159.3156649789222, 22.080077941728035 ], [ -159.315666183434445, 22.080620002213557 ], [ -159.315956982621287, 22.080619440632471 ], [ -159.315957585446171, 22.080890470854133 ], [ -159.316248385178454, 22.080889908748357 ], [ -159.316248988567537, 22.081160938953417 ], [ -159.31653978884529, 22.081160376322927 ], [ -159.316540392798487, 22.081431406511388 ], [ -159.316831193621738, 22.081430843356177 ], [ -159.316989999318736, 22.081774667981808 ], [ -159.317500224230486, 22.081539404112807 ], [ -159.316831193621738, 22.081430843356177 ], [ -159.316830589113721, 22.081159813175343 ], [ -159.31653978884529, 22.081160376322927 ], [ -159.316539184901444, 22.080889346125485 ], [ -159.316248385178454, 22.080889908748357 ], [ -159.316247781798779, 22.080618878534299 ], [ -159.315956982621287, 22.080619440632471 ], [ -159.315955776999459, 22.080077380162148 ], [ -159.3156649789222, 22.080077941728035 ] ], [ [ -159.315078573939616, 22.077910820885347 ], [ -159.315205079661524, 22.078803604675073 ], [ -159.31547010923282, 22.078102074332779 ], [ -159.315078573939616, 22.077910820885347 ] ], [ [ -159.362384558851829, 22.041223639733335 ], [ -159.362635961939702, 22.041587794944093 ], [ -159.36395195157624, 22.041343868398915 ], [ -159.362384558851829, 22.041223639733335 ] ], [ [ -159.360342676929008, 22.038517826948901 ], [ -159.360443019953721, 22.038848058587654 ], [ -159.360697358934431, 22.038609832942534 ], [ -159.360342676929008, 22.038517826948901 ] ], [ [ -159.360923413282478, 22.038245516338566 ], [ -159.361023757447015, 22.038575747616854 ], [ -159.361278094962415, 22.038337521081704 ], [ -159.360923413282478, 22.038245516338566 ] ] ] } },
{ "type": "Feature", "properties": { "ID": 19, "GRIDCODE": 2 }, "geometry": { "type": "Polygon", "coordinates": [ [ [ -158.063405518019238, 21.64949664857081 ], [ -158.063758368426903, 21.649591404542861 ], [ -158.063502612544255, 21.649827636404311 ], [ -158.063405518019238, 21.64949664857081 ] ] ] } },
{ "type": "Feature", "properties": { "ID": 20, "GRIDCODE": 2 }, "geometry": { "type": "Polygon", "coordinates": [ [ [ -158.064013258037278, 21.645163720518976 ], [ -158.064366098479695, 21.645258474884141 ], [ -158.064110351471243, 21.645494708113002 ], [ -158.064013258037278, 21.645163720518976 ] ] ] } },
{ "type": "Feature", "properties": { "ID": 21, "GRIDCODE": 2 }, "geometry": { "type": "Polygon", "coordinates": [ [ [ -158.071626480122006, 21.633281435447909 ], [ -158.07197929764439, 21.633376172922869 ], [ -158.071723584255295, 21.633612419396425 ], [ -158.071626480122006, 21.633281435447909 ] ] ] } },
{ "type": "Feature", "properties": { "ID": 22, "GRIDCODE": 2 }, "geometry": { "type": "Polygon", "coordinates": [ [ [ -158.071626480122006, 21.633281435447909 ], [ -158.071273663087879, 21.633186697239275 ], [ -158.071529376402736, 21.632950451445463 ], [ -158.071626480122006, 21.633281435447909 ] ] ] } },
{ "type": "Feature", "properties": { "ID": 23, "GRIDCODE": 2 }, "geometry": { "type": "Polygon", "coordinates": [ [ [ -158.102004833529605, 21.595775830972176 ], [ -158.101715044513583, 21.595774267220879 ], [ -158.101862080514707, 21.595427941185601 ], [ -158.102004833529605, 21.595775830972176 ] ] ] } },
{ "type": "Feature", "properties": { "ID": 24, "GRIDCODE": 2 }, "geometry": { "type": "Polygon", "coordinates": [ [ [ -158.280338190861983, 21.574688627892566 ], [ -158.280691019330675, 21.574782923208655 ], [ -158.280435739781751, 21.575019505879286 ], [ -158.280338190861983, 21.574688627892566 ] ] ] } },
{ "type": "Feature", "properties": { "ID": 25, "GRIDCODE": 2 }, "geometry": { "type": "Polygon", "coordinates": [ [ [ -157.828852518993443, 21.508709771896573 ], [ -157.829788494160908, 21.508941559661423 ], [ -157.829933374478514, 21.509568164271609 ], [ -157.828704557562475, 21.510445496250263 ], [ -157.828368436976547, 21.510214273561658 ], [ -157.828733022846791, 21.508869251244562 ], [ -157.828852518993443, 21.508709771896573 ] ] ] } },
{ "type": "Feature", "properties": { "ID": 26, "GRIDCODE": 2 }, "geometry": { "type": "Polygon", "coordinates": [ [ [ -157.843051100774119, 21.507724708545307 ], [ -157.844018771376682, 21.50784918451539 ], [ -157.843244608522184, 21.508074673407979 ], [ -157.843051100774119, 21.507724708545307 ] ] ] } },
{ "type": "Feature", "properties": { "ID": 27, "GRIDCODE": 2 }, "geometry": { "type": "Polygon", "coordinates": [ [ [ -157.846496259002606, 21.511542720831923 ], [ -157.846222900389819, 21.511310643280549 ], [ -157.844651040492948, 21.507863683796867 ], [ -157.844326559663273, 21.507588440812391 ], [ -157.847585099468347, 21.506273100607412 ], [ -157.848730384098218, 21.506540037559887 ], [ -157.848134582676664, 21.507030778660475 ], [ -157.849631715674548, 21.507367691160812 ], [ -157.844992117083876, 21.507649286284568 ], [ -157.84634686200036, 21.510762395029012 ], [ -157.846496259002606, 21.511542720831923 ] ] ] } },
{ "type": "Feature", "properties": { "ID": 28, "GRIDCODE": 2 }, "geometry": { "type": "Polygon", "coordinates": [ [ [ -157.848996441100667, 21.488252847165196 ], [ -157.848994310050443, 21.488523845972381 ], [ -157.848624385879901, 21.488385790710929 ], [ -157.848996441100667, 21.488252847165196 ] ] ] } },
{ "type": "Feature", "properties": { "ID": 29, "GRIDCODE": 2 }, "geometry": { "type": "Polygon", "coordinates": [ [ [ -157.796394209768351, 21.476228809533463 ], [ -157.799892711602951, 21.476369352558194 ], [ -157.798994757729986, 21.477566901327336 ], [ -157.797428760150439, 21.476888968569448 ], [ -157.796508849990687, 21.476660961743494 ], [ -157.796394209768351, 21.476228809533463 ] ] ] } },
{ "type": "Feature", "properties": { "ID": 30, "GRIDCODE": 2 }, "geometry": { "type": "Polygon", "coordinates": [ [ [ -157.7182645003586, 21.471040961807695 ], [ -157.719137123614075, 21.471838762107179 ], [ -157.718423440321061, 21.472522911852408 ], [ -157.7182645003586, 21.471040961807695 ] ] ] } },
{ "type": "Feature", "properties": { "ID": 31, "GRIDCODE": 2 }, "geometry": { "type": "Polygon", "coordinates": [ [ [ -157.720604202910579, 21.468348835458368 ], [ -157.721135592969034, 21.468495415939117 ], [ -157.721879116155947, 21.46970216224916 ], [ -157.721328562625587, 21.470130925242554 ], [ -157.719846712230236, 21.470360553024594 ], [ -157.719378316814641, 21.470898975154647 ], [ -157.718392895631013, 21.470649466059161 ], [ -157.718433273190499, 21.470364744573342 ], [ -157.718348748061658, 21.469684534672698 ], [ -157.720474253450504, 21.468498362512324 ], [ -157.720604202910579, 21.468348835458368 ] ] ] } },
{ "type": "Feature", "properties": { "ID": 32, "GRIDCODE": 2 }, "geometry": { "type": "Polygon", "coordinates": [ [ [ -157.834157622076987, 21.460777676136868 ], [ -157.834509708842376, 21.460872893579726 ], [ -157.834254226082095, 21.46110877921004 ], [ -157.834157622076987, 21.460777676136868 ] ] ] } },
{ "type": "Feature", "properties": { "ID": 33, "GRIDCODE": 2 }, "geometry": { "type": "Polygon", "coordinates": [ [ [ -157.787499286453112, 21.431447858779055 ], [ -157.788627531246931, 21.432049985588886 ], [ -157.788417845628032, 21.433310495164509 ], [ -157.789004497630884, 21.435250058265638 ], [ -157.788434954725943, 21.435655299092179 ], [ -157.789034269860366, 21.436095462100326 ], [ -157.787629445491945, 21.435846572865099 ], [ -157.787347622578324, 21.434545916876235 ], [ -157.787018047042466, 21.434303880943549 ], [ -157.787107887885668, 21.433762510335704 ], [ -157.786684472844655, 21.433451445874816 ], [ -157.787369824065621, 21.432406045479325 ], [ -157.787326957619968, 21.432120300336202 ], [ -157.787499286453112, 21.431447858779055 ] ] ] } },
{ "type": "Feature", "properties": { "ID": 34, "GRIDCODE": 2 }, "geometry": { "type": "Polygon", "coordinates": [ [ [ -157.783032275093831, 21.411631665577215 ], [ -157.782680343925392, 21.411536346363846 ], [ -157.782935814884212, 21.411300537926778 ], [ -157.783032275093831, 21.411631665577215 ] ] ] } },
{ "type": "Feature", "properties": { "ID": 35, "GRIDCODE": 2 }, "geometry": { "type": "Polygon", "coordinates": [ [ [ -157.698712902029825, 21.390401736123387 ], [ -157.699988098814231, 21.391339501696816 ], [ -157.699631856242348, 21.392863063334172 ], [ -157.698851089237223, 21.392413778526262 ], [ -157.698057521480678, 21.392517318194486 ], [ -157.697419619617392, 21.391508269243079 ], [ -157.697967451387342, 21.390784991006118 ], [ -157.698585526201697, 21.390553717504027 ], [ -157.698712902029825, 21.390401736123387 ] ] ] } },
{ "type": "Feature", "properties": { "ID": 36, "GRIDCODE": 2 }, "geometry": { "type": "Polygon", "coordinates": [ [ [ -157.697010444036891, 21.386594444714031 ], [ -157.698250593622419, 21.386729784502457 ], [ -157.698851020341493, 21.387565455957489 ], [ -157.697470513243559, 21.388600850228155 ], [ -157.696606390906197, 21.388090501482953 ], [ -157.696318472533335, 21.387098856674136 ], [ -157.696895959162532, 21.386758765310859 ], [ -157.697010444036891, 21.386594444714031 ] ] ] } },
{ "type": "Feature", "properties": { "ID": 37, "GRIDCODE": 2 }, "geometry": { "type": "Polygon", "coordinates": [ [ [ -157.951521967555067, 21.36425735887568 ], [ -157.9522506197072, 21.364660835014288 ], [ -157.956552797235162, 21.367684117981952 ], [ -157.960752730182065, 21.369865665835167 ], [ -157.958857605253684, 21.371222608193953 ], [ -157.957983030418859, 21.371168348698038 ], [ -157.956881634293467, 21.371222977276389 ], [ -157.955881969903743, 21.370618734639166 ], [ -157.954156804156526, 21.36878579265948 ], [ -157.950439954013518, 21.368399529399543 ], [ -157.950493834004135, 21.36763873603164 ], [ -157.950470243794825, 21.367221928752809 ], [ -157.951384483233568, 21.364399621617181 ], [ -157.951521967555067, 21.36425735887568 ] ] ] } },
{ "type": "Feature", "properties": { "ID": 38, "GRIDCODE": 2 }, "geometry": { "type": "Polygon", "coordinates": [ [ [ -157.655027693039159, 21.32610043326946 ], [ -157.656564546201906, 21.326253450527151 ], [ -157.658509724435959, 21.326791341376641 ], [ -157.659226428540819, 21.32733847168609 ], [ -157.659478249962518, 21.327912526098398 ], [ -157.659986519896563, 21.328738324225373 ], [ -157.659289496091219, 21.330252135216281 ], [ -157.656731177105627, 21.331654611591738 ], [ -157.655530324739118, 21.331261926431313 ], [ -157.654291999792122, 21.329248998711069 ], [ -157.654574207756923, 21.32648829109284 ], [ -157.654897814019478, 21.326249914988761 ], [ -157.655027693039159, 21.32610043326946 ] ] ] } },
{ "type": "Feature", "properties": { "ID": 39, "GRIDCODE": 2 }, "geometry": { "type": "Polygon", "coordinates": [ [ [ -157.655381084116925, 21.319057159955317 ], [ -157.657534910550339, 21.319841132935338 ], [ -157.656614422632856, 21.321362942927838 ], [ -157.654938063081147, 21.320965133875742 ], [ -157.655214788425241, 21.320538742979188 ], [ -157.655831463210376, 21.320031373083893 ], [ -157.655513722244251, 21.319472335206708 ], [ -157.655381084116925, 21.319057159955317 ] ] ] } },
{ "type": "Feature", "properties": { "ID": 40, "GRIDCODE": 2 }, "geometry": { "type": "Polygon", "coordinates": [ [ [ -157.869776322424656, 21.308980962461277 ], [ -157.869424567372988, 21.308885832613964 ], [ -157.869679719808261, 21.308649874865775 ], [ -157.869776322424656, 21.308980962461277 ] ] ] } },
{ "type": "Feature", "properties": { "ID": 41, "GRIDCODE": 2 }, "geometry": { "type": "Polygon", "coordinates": [ [ [ -157.709444845652285, 21.288314763759239 ], [ -157.710436834889038, 21.288610180157487 ], [ -157.708985262523129, 21.29033620015457 ], [ -157.708698017920568, 21.291991413601583 ], [ -157.709369266817617, 21.291959112497413 ], [ -157.709908266314443, 21.289865635554403 ], [ -157.710721611500162, 21.290182243642857 ], [ -157.709521254595529, 21.292825773479397 ], [ -157.708463989603104, 21.292758579901783 ], [ -157.708133157673359, 21.290448428208414 ], [ -157.709444845652285, 21.288314763759239 ] ] ] } },
{ "type": "Feature", "properties": { "ID": 42, "GRIDCODE": 2 }, "geometry": { "type": "Polygon", "coordinates": [ [ [ -157.721929609772246, 21.282447777420774 ], [ -157.72182764724721, 21.282777429777539 ], [ -157.7215764256309, 21.282537859296397 ], [ -157.721929609772246, 21.282447777420774 ] ] ] } },
{ "type": "Feature", "properties": { "ID": 43, "GRIDCODE": 2 }, "geometry": { "type": "Polygon", "coordinates": [ [ [ -157.82717905794712, 21.282942687925932 ], [ -157.827622513982789, 21.283071227722971 ], [ -157.832495009528373, 21.285835381012763 ], [ -157.836214761578589, 21.287869424079521 ], [ -157.83638913112793, 21.288426958887737 ], [ -157.834943339339787, 21.288416960196173 ], [ -157.834941204299469, 21.288687964103072 ], [ -157.833495410706803, 21.288677952862425 ], [ -157.833497548395201, 21.288406949095073 ], [ -157.83320839030759, 21.288404945385711 ], [ -157.832595754218801, 21.287776019326785 ], [ -157.82826615395075, 21.284058943122862 ], [ -157.82717905794712, 21.282942687925932 ] ] ] } },
{ "type": "Feature", "properties": { "ID": 44, "GRIDCODE": 2 }, "geometry": { "type": "Polygon", "coordinates": [ [ [ -157.724245023134699, 21.282194324360979 ], [ -157.724596605669234, 21.282289750480562 ], [ -157.724341281352423, 21.282525480089397 ], [ -157.724245023134699, 21.282194324360979 ] ] ] } },
{ "type": "Feature", "properties": { "ID": 45, "GRIDCODE": 2 }, "geometry": { "type": "Polygon", "coordinates": [ [ [ -157.82717905794712, 21.282942687925932 ], [ -157.826827396015261, 21.282847472806942 ], [ -157.827082566021517, 21.282611579978497 ], [ -157.82717905794712, 21.282942687925932 ] ] ] } },
{ "type": "Feature", "properties": { "ID": 46, "GRIDCODE": 2 }, "geometry": { "type": "Polygon", "coordinates": [ [ [ -157.716116350914774, 21.285926684591281 ], [ -157.71598847939012, 21.285238127836095 ], [ -157.715345843259485, 21.284710658665659 ], [ -157.71228542494444, 21.284416933324923 ], [ -157.709916389767045, 21.28521182734822 ], [ -157.708847848297125, 21.285504486292638 ], [ -157.709698656805955, 21.286961662705739 ], [ -157.709248558810486, 21.287703289672574 ], [ -157.708134237656935, 21.28815915044629 ], [ -157.70703541187649, 21.288876736245143 ], [ -157.707563198852256, 21.289780822206431 ], [ -157.707807027228426, 21.292512898323327 ], [ -157.708185419279033, 21.293161169354008 ], [ -157.71011419003861, 21.293030796148784 ], [ -157.711322812146534, 21.29011836677855 ], [ -157.711279921069234, 21.289563845482817 ], [ -157.710637533070724, 21.287291340684888 ], [ -157.711395224806324, 21.285405434602211 ], [ -157.712204547866889, 21.285630300061978 ], [ -157.711522202467393, 21.287328549020156 ], [ -157.711959953996882, 21.287646444241187 ], [ -157.712986427633439, 21.285536965576938 ], [ -157.713502104334992, 21.285239262698592 ], [ -157.713332912173513, 21.287029769631133 ], [ -157.711856720674632, 21.288767339777849 ], [ -157.711914731053923, 21.289272154941358 ], [ -157.7149119171672, 21.286065042917464 ], [ -157.716116350914774, 21.285926684591281 ], [ -157.716231348526378, 21.286374304256999 ], [ -157.717060937778115, 21.286185111441608 ], [ -157.716708836968678, 21.287450735833122 ], [ -157.716099882899556, 21.287823627793554 ], [ -157.715950383078876, 21.287186712961944 ], [ -157.715101199378921, 21.287452765899559 ], [ -157.71494095144206, 21.288085795543232 ], [ -157.714651806851293, 21.288083588277384 ], [ -157.714649451444274, 21.288354579964846 ], [ -157.714296249428941, 21.288444645568262 ], [ -157.714547468111959, 21.288684226662244 ], [ -157.714649451444274, 21.288354579964846 ], [ -157.714938596564565, 21.28835678726146 ], [ -157.71494095144206, 21.288085795543232 ], [ -157.715661739996193, 21.287647199649477 ], [ -157.716099882899556, 21.287823627793554 ], [ -157.715683807490109, 21.288520342285999 ], [ -157.714819958160547, 21.289563118534478 ], [ -157.715794265145803, 21.289718365091478 ], [ -157.71595151971394, 21.291185901781081 ], [ -157.716511667435867, 21.290126050093257 ], [ -157.716946154210831, 21.290269167724219 ], [ -157.716803654723151, 21.290679757071128 ], [ -157.716289074308094, 21.292020560701797 ], [ -157.717660611784737, 21.290593789147589 ], [ -157.717384795231794, 21.290128801003906 ], [ -157.716946154210831, 21.290269167724219 ], [ -157.716950857035812, 21.289727183973962 ], [ -157.715794265145803, 21.289718365091478 ], [ -157.715801325459097, 21.288905389767599 ], [ -157.716668764554981, 21.288912004397368 ], [ -157.716678171431255, 21.287828036804594 ], [ -157.717256460111599, 21.287832443830503 ], [ -157.717410472097384, 21.288177738884638 ], [ -157.717920483664699, 21.287947334904256 ], [ -157.717256460111599, 21.287832443830503 ], [ -157.717461206872201, 21.286755984984605 ], [ -157.717846496110297, 21.286481888564481 ], [ -157.717942742029692, 21.286813047206699 ], [ -157.718198083785865, 21.286577328305775 ], [ -157.717846496110297, 21.286481888564481 ], [ -157.717976105950953, 21.286058893091109 ], [ -157.718598401061087, 21.285285534999257 ], [ -157.71885526595122, 21.2847105345495 ], [ -157.719350894458159, 21.28395453692319 ], [ -157.721206037347116, 21.28422595027418 ], [ -157.721464540935358, 21.283917336521277 ], [ -157.722035063860602, 21.283511579039985 ], [ -157.722625153301749, 21.284240360943947 ], [ -157.7237776397331, 21.28393488389699 ], [ -157.725262633721997, 21.283710056776606 ], [ -157.726256809042354, 21.283030856366505 ], [ -157.728064205259898, 21.282353361070989 ], [ -157.726615469037341, 21.281287613701558 ], [ -157.724435621995582, 21.281572695194654 ], [ -157.724245023134699, 21.282194324360979 ], [ -157.723080864355609, 21.281792813369332 ], [ -157.721929609772246, 21.282447777420774 ], [ -157.722242743807868, 21.281567583319173 ], [ -157.723440385180623, 21.281000835055618 ], [ -157.726004029336309, 21.28097122087058 ], [ -157.727870206239118, 21.281270498613111 ], [ -157.730397377277654, 21.282102603571584 ], [ -157.73302842530569, 21.281788750039631 ], [ -157.733483774859451, 21.279692168024106 ], [ -157.735399252711971, 21.279972148216057 ], [ -157.736201487724344, 21.280367154016918 ], [ -157.737417807421565, 21.279987161221165 ], [ -157.738069093379977, 21.280004547876494 ], [ -157.743133623503923, 21.279752155099558 ], [ -157.744657315185975, 21.278686351647835 ], [ -157.745532602840683, 21.278427286676397 ], [ -157.748715243581955, 21.277120247886455 ], [ -157.752174749954293, 21.276793914354339 ], [ -157.754227028938317, 21.276052704402744 ], [ -157.754691453720255, 21.273913374607776 ], [ -157.757651241813392, 21.273367861378262 ], [ -157.758386393367687, 21.273987825820086 ], [ -157.75924228800892, 21.2760696089079 ], [ -157.761092229895581, 21.276118624556027 ], [ -157.763674090245559, 21.275354195925363 ], [ -157.76580789870917, 21.274240861676009 ], [ -157.768534566947352, 21.272660801067783 ], [ -157.770652822482418, 21.272289269807015 ], [ -157.774756789950828, 21.270806487879291 ], [ -157.776601497954061, 21.269398454698209 ], [ -157.777420046952045, 21.268612193517601 ], [ -157.788061394750542, 21.268892667347419 ], [ -157.797210769115622, 21.268313046317179 ], [ -157.802793613156155, 21.267461350365146 ], [ -157.805627559400421, 21.268481566530525 ], [ -157.808662459962193, 21.27106104411456 ], [ -157.816490854279124, 21.276544450706904 ], [ -157.823895137088527, 21.280925856101412 ], [ -157.825876634356973, 21.282737031067935 ], [ -157.825592629163111, 21.28279883519081 ], [ -157.822367810186222, 21.283044950116604 ], [ -157.82663587038644, 21.283354496112398 ], [ -157.832112285546799, 21.288063137847846 ], [ -157.83320839030759, 21.288404945385711 ], [ -157.83320625208961, 21.288675949125132 ], [ -157.833495410706803, 21.288677952862425 ], [ -157.833493272984668, 21.28894895662085 ], [ -157.834939069225413, 21.28895896800104 ], [ -157.834941204299469, 21.288687964103072 ], [ -157.836386998735662, 21.288697962934002 ], [ -157.83638913112793, 21.288426958887737 ], [ -157.837599583479175, 21.288593855942516 ], [ -157.849628495725142, 21.295066611668791 ], [ -157.863864217380666, 21.303155229054095 ], [ -157.863302589474642, 21.303653776242232 ], [ -157.864682898819666, 21.304083851527572 ], [ -157.864164296251118, 21.305010660297764 ], [ -157.863904824917427, 21.305550948906557 ], [ -157.865031877521204, 21.305016514797074 ], [ -157.865612019179622, 21.304791952231977 ], [ -157.864447241629961, 21.305825630837628 ], [ -157.864160143354923, 21.306285671193411 ], [ -157.865881473874765, 21.305746508398229 ], [ -157.866171770801373, 21.307224255291402 ], [ -157.864132233908975, 21.309034127282697 ], [ -157.86414835067211, 21.31017052222407 ], [ -157.864938128661095, 21.31016076691898 ], [ -157.865281360567309, 21.31018882145332 ], [ -157.864698950233191, 21.310705692482554 ], [ -157.864413226008537, 21.310985767699552 ], [ -157.865015449276399, 21.310978318986326 ], [ -157.864967625930177, 21.312607358953844 ], [ -157.864975302943776, 21.313152031357077 ], [ -157.864674138148587, 21.31341929852395 ], [ -157.865999184917513, 21.314032937398757 ], [ -157.866818439433075, 21.313644500374782 ], [ -157.867412075909812, 21.310375016201696 ], [ -157.868533997361794, 21.309923895806016 ], [ -157.869542220895823, 21.31237111491404 ], [ -157.870406866772669, 21.31236038181261 ], [ -157.869821019798479, 21.310152883758988 ], [ -157.870595106892551, 21.310533117767775 ], [ -157.871352944691807, 21.310452980786703 ], [ -157.870198199181232, 21.309398465559802 ], [ -157.869776322424656, 21.308980962461277 ], [ -157.870211934207475, 21.30911668587634 ], [ -157.872566596493925, 21.310526823135604 ], [ -157.873083797440557, 21.31103851859373 ], [ -157.873766311697068, 21.311354472149159 ], [ -157.877396553400416, 21.313695980104612 ], [ -157.875928229325467, 21.3170196096411 ], [ -157.877408451987549, 21.317295488629977 ], [ -157.878248392603297, 21.316488030643811 ], [ -157.878852286621367, 21.31622646224012 ], [ -157.878819351395038, 21.317346387324605 ], [ -157.877063937278706, 21.319736212666648 ], [ -157.877520032173408, 21.320006440702691 ], [ -157.878928287121909, 21.31912562162276 ], [ -157.880287243188434, 21.317014743924886 ], [ -157.880215052766516, 21.319476014655223 ], [ -157.881041644396703, 21.319758889788307 ], [ -157.881423629396778, 21.317322242076187 ], [ -157.881744234032936, 21.317058778806764 ], [ -157.881664894205727, 21.319758602550383 ], [ -157.882485714900838, 21.320039513505602 ], [ -157.882887417606668, 21.317476348552781 ], [ -157.893354178799456, 21.323985821364442 ], [ -157.894393030530267, 21.325013221800177 ], [ -157.894372947192863, 21.325695738800761 ], [ -157.892919280045049, 21.326344736744986 ], [ -157.892927077793757, 21.326886831161978 ], [ -157.892919113295989, 21.327157800236009 ], [ -157.89292319681195, 21.32744188361 ], [ -157.892334693217634, 21.327964302218533 ], [ -157.891547822861696, 21.32872083408127 ], [ -157.890295233554781, 21.330666490498011 ], [ -157.889547185057154, 21.331685025866381 ], [ -157.889186291395816, 21.33255088809431 ], [ -157.890866081156588, 21.330935853644469 ], [ -157.891891174486261, 21.330677018858736 ], [ -157.892302104316371, 21.332305855339285 ], [ -157.893188135021148, 21.333696838835653 ], [ -157.893149402601836, 21.335018937496095 ], [ -157.893164333995173, 21.336059781342076 ], [ -157.892996556152355, 21.336508547714164 ], [ -157.892418039680649, 21.33650473597941 ], [ -157.892416004919625, 21.336775743758189 ], [ -157.892062632923199, 21.336866180969519 ], [ -157.89231451482658, 21.337105514234775 ], [ -157.892416004919625, 21.336775743758189 ], [ -157.89299452245362, 21.336779555545977 ], [ -157.892996556152355, 21.336508547714164 ], [ -157.893143013722437, 21.336642310140252 ], [ -157.893411981188876, 21.339123105080105 ], [ -157.893797845831983, 21.332665797260798 ], [ -157.893461136795963, 21.332042468171821 ], [ -157.893181761669808, 21.331477346256062 ], [ -157.894005169316245, 21.330746522049925 ], [ -157.896191492768509, 21.330361506708901 ], [ -157.897241677300229, 21.329351671040012 ], [ -157.897555503232326, 21.329088133422477 ], [ -157.898299287128879, 21.329823696568827 ], [ -157.899389138479648, 21.329306723402521 ], [ -157.898651739856689, 21.327942218999045 ], [ -157.898761757813872, 21.327469908590864 ], [ -157.911947192298214, 21.335686442852392 ], [ -157.920341807907874, 21.340907949264626 ], [ -157.932416759507703, 21.348315641724209 ], [ -157.938849157685326, 21.353689533107335 ], [ -157.942170684559983, 21.356625515439781 ], [ -157.940206866838707, 21.358873230266294 ], [ -157.941592426673651, 21.359720449103822 ], [ -157.942295012188566, 21.359044603958186 ], [ -157.943346254784558, 21.358111042246794 ], [ -157.945056759910699, 21.35921297286993 ], [ -157.945014885022431, 21.360661523300795 ], [ -157.94638150130109, 21.360232866525038 ], [ -157.946772394908919, 21.360450695686062 ], [ -157.945088424945197, 21.361202974490919 ], [ -157.944740361609632, 21.362184902998287 ], [ -157.94268178079048, 21.36326120767129 ], [ -157.941836694357789, 21.36323973845635 ], [ -157.941129554666986, 21.363248778281068 ], [ -157.940085566245273, 21.365680144759949 ], [ -157.938930710539864, 21.365395142969874 ], [ -157.937769697777583, 21.365122203128607 ], [ -157.937131554938702, 21.364809226688916 ], [ -157.935791382605828, 21.363484659416716 ], [ -157.934572660783743, 21.363204781708966 ], [ -157.933875569321458, 21.363875201386907 ], [ -157.933522152758314, 21.363965723873314 ], [ -157.933774149185865, 21.364204999022434 ], [ -157.933875569321458, 21.363875201386907 ], [ -157.935425264312329, 21.364042845462585 ], [ -157.938053155027433, 21.365937066393158 ], [ -157.939385897541484, 21.366553177189996 ], [ -157.938546912854775, 21.368799498093455 ], [ -157.936868526020049, 21.369718466897034 ], [ -157.936289609903326, 21.370533294026615 ], [ -157.935189502985821, 21.372031633897727 ], [ -157.935988933537146, 21.373509597260565 ], [ -157.934210875876971, 21.374037581438344 ], [ -157.933341859451957, 21.374873382043432 ], [ -157.933357297926619, 21.375940632062846 ], [ -157.93393577454853, 21.37593325804923 ], [ -157.934218284182919, 21.376488214191873 ], [ -157.934636010901329, 21.375695531429386 ], [ -157.935610273716577, 21.377108240220888 ], [ -157.936399236558515, 21.37757515950366 ], [ -157.937685672968797, 21.376770239964511 ], [ -157.938561263983559, 21.376510183551233 ], [ -157.939476464542366, 21.376223244009655 ], [ -157.940299502386864, 21.37543165136821 ], [ -157.940750825503784, 21.375030877385555 ], [ -157.941167481125291, 21.375442556009567 ], [ -157.94244944083141, 21.376611884561559 ], [ -157.94201026393165, 21.378173057671802 ], [ -157.942019932054791, 21.3788330097574 ], [ -157.942008090391653, 21.379242116526676 ], [ -157.942590668385606, 21.379511452572192 ], [ -157.943161727208377, 21.379791499450988 ], [ -157.944808933923184, 21.380552871272659 ], [ -157.945853197504761, 21.381225546877239 ], [ -157.946618389198221, 21.381981423758457 ], [ -157.947200846179584, 21.382250677450191 ], [ -157.948119557145901, 21.382701220278769 ], [ -157.949807684117076, 21.382171800326709 ], [ -157.951240451175181, 21.383094607525223 ], [ -157.952397889074945, 21.383079672907773 ], [ -157.952972585877546, 21.383647474306912 ], [ -157.953283884330403, 21.383643461786868 ], [ -157.954700927716345, 21.384338392428408 ], [ -157.955866176920694, 21.384876845320754 ], [ -157.95678986089294, 21.385329754999169 ], [ -157.95839912453016, 21.386919515178018 ], [ -157.959641446402287, 21.387493556624722 ], [ -157.960474754370438, 21.387482776538207 ], [ -157.960853473638736, 21.387856987280845 ], [ -157.961774571753864, 21.387419762524253 ], [ -157.962495522663801, 21.387773259665913 ], [ -157.963360757711655, 21.387362544686699 ], [ -157.964263521200309, 21.386959202935824 ], [ -157.964960839942421, 21.386976873143404 ], [ -157.965394944881723, 21.386971214054451 ], [ -157.965686954112613, 21.386978639175933 ], [ -157.96655622148424, 21.386434537203058 ], [ -157.967442949446365, 21.387005536617202 ], [ -157.968884737298822, 21.386986879720467 ], [ -157.969700554290625, 21.385437933949927 ], [ -157.969075107549173, 21.383088298362168 ], [ -157.968458767100373, 21.382526381472722 ], [ -157.967872505656914, 21.381947311437628 ], [ -157.967461936803261, 21.380735033015522 ], [ -157.966886466926439, 21.380210284078146 ], [ -157.966352084388575, 21.37530353583255 ], [ -157.966941956596258, 21.374779609216322 ], [ -157.96691924766813, 21.373243838121326 ], [ -157.975009995856198, 21.376435184196996 ], [ -157.975583987299984, 21.377824385718995 ], [ -157.977062467855177, 21.378104099987095 ], [ -157.97844946308706, 21.379473963153991 ], [ -157.979192435772575, 21.379464258801143 ], [ -157.979888452108469, 21.379481857875739 ], [ -157.982537692476086, 21.382521176725806 ], [ -157.983067702299678, 21.383561447022608 ], [ -157.984558696623481, 21.385314610707635 ], [ -157.984484431732056, 21.387906438973399 ], [ -157.988590557794424, 21.388196848455006 ], [ -157.99092785931262, 21.38765080992976 ], [ -157.992343393619393, 21.386288573427546 ], [ -157.992308022797403, 21.38392250662104 ], [ -157.992440664367251, 21.383618001848617 ], [ -157.999127406130867, 21.3852657929821 ], [ -158.007231946809213, 21.386433129587274 ], [ -158.018503876631996, 21.387237707916405 ], [ -158.026949746450782, 21.384782815228323 ], [ -158.028785053485336, 21.384097948014279 ], [ -158.038398915833483, 21.379529096321775 ], [ -158.051398987214895, 21.373013350069883 ], [ -158.057490837670741, 21.369195346774912 ], [ -158.059639920306324, 21.367686690536988 ], [ -158.062009728708517, 21.364344618819761 ], [ -158.062888334492214, 21.360258716822766 ], [ -158.063728300426561, 21.357599012438943 ], [ -158.066111435415593, 21.354096549682275 ], [ -158.067866969580876, 21.352535099630519 ], [ -158.070545752651327, 21.350910916923223 ], [ -158.074526726155739, 21.349882714986069 ], [ -158.078865698906498, 21.348026409799207 ], [ -158.086595584561564, 21.342995352197885 ], [ -158.089242815839356, 21.341135980571828 ], [ -158.090723478805273, 21.340814273080671 ], [ -158.092376290974585, 21.341623273181238 ], [ -158.096473359456638, 21.344108609099212 ], [ -158.099303699220826, 21.344771083906402 ], [ -158.110943046533123, 21.345848530479671 ], [ -158.11823625992605, 21.34878100206047 ], [ -158.120471471033994, 21.350490855025601 ], [ -158.121386371275634, 21.352282909879605 ], [ -158.122602307409664, 21.356192534752427 ], [ -158.124172409319101, 21.359758191384966 ], [ -158.125357061989433, 21.361415122703793 ], [ -158.129410977837097, 21.364387464995581 ], [ -158.131614900761775, 21.365403216293188 ], [ -158.132929948419189, 21.366699546012494 ], [ -158.13445806762536, 21.370617651055383 ], [ -158.134891666527295, 21.373649572519085 ], [ -158.134402994886983, 21.37539567590488 ], [ -158.131591101293623, 21.381584830408919 ], [ -158.131224529356672, 21.385135359144122 ], [ -158.133222063990701, 21.388259011458036 ], [ -158.135282696379448, 21.390133933385432 ], [ -158.137846412739265, 21.390927678094386 ], [ -158.138440740868191, 21.391218242865996 ], [ -158.139089255264651, 21.392487943639733 ], [ -158.13969294312642, 21.399924961177312 ], [ -158.140690906680078, 21.406574448579818 ], [ -158.139956356130796, 21.408548513682454 ], [ -158.137353524682482, 21.410127526547377 ], [ -158.135510425617838, 21.412280011566452 ], [ -158.135098200605171, 21.415349111033791 ], [ -158.136523355585211, 21.419319066454811 ], [ -158.137730385934759, 21.425282456206656 ], [ -158.139222178589392, 21.429991522090422 ], [ -158.141974645656433, 21.435491950263575 ], [ -158.143346629205922, 21.438801462986635 ], [ -158.144225974146394, 21.440863257062627 ], [ -158.150636257648642, 21.446357991084625 ], [ -158.154146361300661, 21.449815560663886 ], [ -158.157112389855769, 21.452137882548314 ], [ -158.163828970997884, 21.452855119317604 ], [ -158.165102299770922, 21.453270211580801 ], [ -158.169876926931067, 21.457498233994453 ], [ -158.174344256779307, 21.461062971356927 ], [ -158.177706269752093, 21.462251211373921 ], [ -158.182429596197238, 21.462994761946852 ], [ -158.185855022226804, 21.462713768436952 ], [ -158.188134511590306, 21.461628534102449 ], [ -158.190662940663572, 21.460874001770893 ], [ -158.194512836624654, 21.46141963296769 ], [ -158.195677055339218, 21.461988214728763 ], [ -158.196193311638837, 21.463105803935203 ], [ -158.195555519293094, 21.46594628778681 ], [ -158.195597708335697, 21.468537069602281 ], [ -158.204746583948406, 21.474084174624764 ], [ -158.20957354057856, 21.478020861540838 ], [ -158.213014309776412, 21.480600680191337 ], [ -158.215687529736755, 21.482103012053461 ], [ -158.218527272391924, 21.482405280449527 ], [ -158.219350404862951, 21.4823933782015 ], [ -158.222734453594796, 21.481326859176512 ], [ -158.224012914393825, 21.481067189412727 ], [ -158.226107520689823, 21.482570045090707 ], [ -158.227258237406801, 21.484038075460781 ], [ -158.227829832549105, 21.485715104073915 ], [ -158.227037955228866, 21.488935814769832 ], [ -158.226635633407312, 21.490814924085555 ], [ -158.227114960017246, 21.493526107145197 ], [ -158.228538705945596, 21.496144182716748 ], [ -158.229608514445374, 21.496807717114603 ], [ -158.229881018945719, 21.498982683036132 ], [ -158.230290641177646, 21.500121186011139 ], [ -158.229871060221058, 21.500874458714343 ], [ -158.229569948064466, 21.504130919412738 ], [ -158.229260463011997, 21.505779854864734 ], [ -158.229299310112026, 21.508122674855191 ], [ -158.228874133139698, 21.508885644895248 ], [ -158.229246907394469, 21.51063241862256 ], [ -158.228654012954053, 21.511981282273965 ], [ -158.228358369113636, 21.5141907429391 ], [ -158.229511425011452, 21.515237660193932 ], [ -158.229793754333656, 21.515552545565757 ], [ -158.228931817284632, 21.517871485715919 ], [ -158.228266478449001, 21.520371379310404 ], [ -158.22831405985113, 21.523252599170455 ], [ -158.229173184616599, 21.52445127869278 ], [ -158.229454296726374, 21.525000071986202 ], [ -158.229750323864124, 21.525268833748839 ], [ -158.229281401969587, 21.526110276935338 ], [ -158.228865856555672, 21.527797955348781 ], [ -158.229488629371161, 21.532542147409405 ], [ -158.229992152961529, 21.533941264924138 ], [ -158.230301247292715, 21.534847374118876 ], [ -158.231138012922969, 21.536385858588723 ], [ -158.231419153974286, 21.536934648698619 ], [ -158.232038793404769, 21.538073914350832 ], [ -158.232722135211077, 21.538694231136606 ], [ -158.233918720962691, 21.539871014952933 ], [ -158.234882558328508, 21.54046859141183 ], [ -158.235165140939387, 21.540746347793885 ], [ -158.236161700242235, 21.54136424912523 ], [ -158.237508866685971, 21.54296995311903 ], [ -158.238331635583251, 21.543716873774905 ], [ -158.238623039487948, 21.544285616489351 ], [ -158.238928977137135, 21.544563341018321 ], [ -158.239493575363895, 21.544555131003609 ], [ -158.239936705974117, 21.544565621114625 ], [ -158.24035134613618, 21.546190739221739 ], [ -158.241382845132165, 21.547799871438752 ], [ -158.24598053105575, 21.551972596391419 ], [ -158.246689787566794, 21.552995358161461 ], [ -158.248135666610324, 21.554622666395268 ], [ -158.248415508340344, 21.555442590068139 ], [ -158.248710774330419, 21.555438230427249 ], [ -158.250245563048537, 21.556538608785736 ], [ -158.25130170858003, 21.556523173935858 ], [ -158.251595472909713, 21.556811938016892 ], [ -158.252905813220281, 21.557216229124538 ], [ -158.253606947365654, 21.557905426615232 ], [ -158.253946077382267, 21.557900460189668 ], [ -158.255642048922056, 21.558727433007302 ], [ -158.255934492073322, 21.558723114289851 ], [ -158.256528458446525, 21.558737146157505 ], [ -158.256506802328033, 21.559544132151526 ], [ -158.256801117482155, 21.559811318199944 ], [ -158.256793768361462, 21.56008748142721 ], [ -158.257099914645323, 21.560365307021158 ], [ -158.257945985572178, 21.560352930594277 ], [ -158.258558318603605, 21.560651504549597 ], [ -158.259822469203925, 21.562473969844604 ], [ -158.260552336340112, 21.562809254013814 ], [ -158.260835010459687, 21.563087101155748 ], [ -158.261130150814637, 21.563082719322214 ], [ -158.262004163858137, 21.563366890888261 ], [ -158.261982545536625, 21.564172091430752 ], [ -158.263796371595333, 21.565442319188218 ], [ -158.26463607879117, 21.565828030002805 ], [ -158.265453033207564, 21.566630842156414 ], [ -158.265783151516104, 21.566930461950857 ], [ -158.266903345841598, 21.567444908142811 ], [ -158.268629329176804, 21.568813094000848 ], [ -158.269501541656837, 21.569353564391463 ], [ -158.26978424627265, 21.569631264639217 ], [ -158.271292021000704, 21.570565446490576 ], [ -158.272697191625724, 21.570998784578972 ], [ -158.273251778065287, 21.57154380425979 ], [ -158.273547077368846, 21.571539401524944 ], [ -158.276144068354, 21.572640537055353 ], [ -158.276436539984985, 21.572636183132477 ], [ -158.276871131964782, 21.572646407692002 ], [ -158.277308495211855, 21.572639901953409 ], [ -158.27816721881544, 21.573058449233248 ], [ -158.279043148084156, 21.573460656309109 ], [ -158.27961563704838, 21.573739594275466 ], [ -158.280203594413621, 21.574009597938055 ], [ -158.279902601406491, 21.574277611892242 ], [ -158.279911897246507, 21.574830243725483 ], [ -158.278738342177519, 21.575356583298138 ], [ -158.277592839300524, 21.575902225531092 ], [ -158.276108090881621, 21.575611113338628 ], [ -158.274744752968218, 21.57563118792422 ], [ -158.273524489659053, 21.57533299909139 ], [ -158.272947404484881, 21.575607868521917 ], [ -158.269751683750769, 21.576130532545367 ], [ -158.269176432632435, 21.576404470290747 ], [ -158.268589914995857, 21.576667504540758 ], [ -158.267970267149963, 21.576962616130878 ], [ -158.266287027076942, 21.57692311713528 ], [ -158.265323510982199, 21.577226827690566 ], [ -158.263365954443884, 21.57718079526693 ], [ -158.262794094021473, 21.577732310819304 ], [ -158.260545428937093, 21.577363301630093 ], [ -158.259890094295628, 21.577995230449485 ], [ -158.258878844490283, 21.577971411966622 ], [ -158.258154361615169, 21.577982016272518 ], [ -158.257719756630053, 21.577971742468609 ], [ -158.257140170123563, 21.577980275065052 ], [ -158.25642955133398, 21.577963539137876 ], [ -158.255531341942316, 21.578246574028586 ], [ -158.254951726320172, 21.578232931758194 ], [ -158.254370588673595, 21.578793242777198 ], [ -158.253195355039225, 21.579320053310596 ], [ -158.252639362081993, 21.579306905840337 ], [ -158.251770615083302, 21.579580722205364 ], [ -158.251099364340178, 21.579253404189021 ], [ -158.247713448095084, 21.579561717410623 ], [ -158.244828122638438, 21.578995277135661 ], [ -158.244241468506829, 21.57927456766787 ], [ -158.242511557122157, 21.579582274652591 ], [ -158.239890756464177, 21.579520309223376 ], [ -158.239311165156948, 21.579528713390392 ], [ -158.238269919617466, 21.579504103201828 ], [ -158.233938727226615, 21.579802449537052 ], [ -158.230912255465853, 21.579208122636111 ], [ -158.22895328083851, 21.578841018331456 ], [ -158.227306265927865, 21.57922769285457 ], [ -158.225259015937155, 21.57917907550344 ], [ -158.223211351201456, 21.579208644081049 ], [ -158.221930980003862, 21.578895373717678 ], [ -158.219150523723556, 21.578374109101127 ], [ -158.215510778111536, 21.57922839722033 ], [ -158.213470820523497, 21.580661081835736 ], [ -158.211482083920572, 21.581014487026863 ], [ -158.210616942093424, 21.581286846256482 ], [ -158.20945076816227, 21.581546920265744 ], [ -158.208295850472496, 21.581817891361897 ], [ -158.206714415041318, 21.582098865988989 ], [ -158.20272490616594, 21.581655731250105 ], [ -158.201047167943329, 21.582596366512643 ], [ -158.199841210135844, 21.582856181573078 ], [ -158.197288157054771, 21.582025044011544 ], [ -158.196419324930048, 21.582037462328053 ], [ -158.19576964398712, 21.581720416922941 ], [ -158.193754213209274, 21.581749116100283 ], [ -158.192064301090255, 21.582553026164316 ], [ -158.191136553306563, 21.582829611042719 ], [ -158.190176509163507, 21.582806615994539 ], [ -158.189741807962491, 21.582812838790289 ], [ -158.188458071937617, 21.582782038581527 ], [ -158.185982205241942, 21.581975919103122 ], [ -158.184474917180665, 21.581693014287669 ], [ -158.183250491398553, 21.581710371413443 ], [ -158.180967936273078, 21.580831281268178 ], [ -158.179235707366274, 21.580296109803506 ], [ -158.177530471562221, 21.580320252409557 ], [ -158.173575785174222, 21.581797890818631 ], [ -158.170852902737749, 21.580234866651889 ], [ -158.169469926622241, 21.579598770578482 ], [ -158.168038930664864, 21.57890015802435 ], [ -158.167418735907972, 21.578908903089108 ], [ -158.166291967445005, 21.579444664265516 ], [ -158.165369298143901, 21.579719608403163 ], [ -158.163720124581118, 21.580503779261129 ], [ -158.162750339890977, 21.580776619191006 ], [ -158.158655746297114, 21.57977310504366 ], [ -158.155431979575866, 21.58078697649464 ], [ -158.152187360022367, 21.580708555666099 ], [ -158.149684746083238, 21.581037559973819 ], [ -158.14627448536055, 21.581941781748384 ], [ -158.143380171142582, 21.582851763437539 ], [ -158.141019418375862, 21.583109241292945 ], [ -158.138321950690028, 21.58395728814785 ], [ -158.135195270236665, 21.583881394466665 ], [ -158.132417503362973, 21.582524642178221 ], [ -158.128636677882355, 21.582010884403264 ], [ -158.1265753794452, 21.582493440635062 ], [ -158.124999898443036, 21.582772540880789 ], [ -158.122783993162955, 21.583291291513845 ], [ -158.122070914327679, 21.584646375465201 ], [ -158.121212178198647, 21.584625435675381 ], [ -158.120471201471531, 21.582114389084712 ], [ -158.119626843269117, 21.580559659360993 ], [ -158.119488904166644, 21.579878648965462 ], [ -158.119857651777323, 21.57973330646665 ], [ -158.119610102033221, 21.579255979823692 ], [ -158.119488904166644, 21.579878648965462 ], [ -158.118516535318633, 21.580450033494667 ], [ -158.117590214737248, 21.579748106258492 ], [ -158.116615539412635, 21.578435312412775 ], [ -158.114864292144006, 21.577956944336339 ], [ -158.114708913835358, 21.577611974953363 ], [ -158.114198580960192, 21.577843565002375 ], [ -158.114864292144006, 21.577956944336339 ], [ -158.115130773094165, 21.578249568921301 ], [ -158.115595379809946, 21.578628338303186 ], [ -158.116386674854908, 21.579825031398009 ], [ -158.118746257803508, 21.581114127879562 ], [ -158.118471501383027, 21.58218705563015 ], [ -158.116816483568613, 21.583144481879106 ], [ -158.115903005728086, 21.584334971970456 ], [ -158.116405213644271, 21.584886374702286 ], [ -158.117024721603713, 21.585391418301374 ], [ -158.117824220531588, 21.586269215377886 ], [ -158.118598619984198, 21.586900463665437 ], [ -158.118998377106436, 21.587339359098536 ], [ -158.119528918327944, 21.587771732921865 ], [ -158.118502829063829, 21.589284676377595 ], [ -158.116535136414598, 21.589126359078087 ], [ -158.115225590800009, 21.589217731199998 ], [ -158.112890330291236, 21.588728360544383 ], [ -158.110651859123266, 21.59051130677922 ], [ -158.109483003297555, 21.592444590914383 ], [ -158.109129461803064, 21.593520452315069 ], [ -158.10852684785047, 21.59376813704985 ], [ -158.107040141962074, 21.594844272722167 ], [ -158.106146411885078, 21.594429495661011 ], [ -158.106278452962528, 21.592997127469257 ], [ -158.105452790411903, 21.592560545981023 ], [ -158.103285891274936, 21.5934508955201 ], [ -158.103388606812814, 21.5947398809219 ], [ -158.102923131340646, 21.595509757028744 ], [ -158.103379092824241, 21.596284598085052 ], [ -158.103236394945071, 21.597833626179348 ], [ -158.103900400595478, 21.600167852996666 ], [ -158.104763611028233, 21.600533646206763 ], [ -158.104669298921067, 21.601556764188338 ], [ -158.106180147266713, 21.601886332594599 ], [ -158.106444988453148, 21.60244992193687 ], [ -158.107602197771911, 21.602782540989161 ], [ -158.106476510829481, 21.60367698610743 ], [ -158.105565709441748, 21.604051237567319 ], [ -158.104714342502916, 21.604608825461831 ], [ -158.103382782237134, 21.605378802770399 ], [ -158.101524865783773, 21.607372092609769 ], [ -158.099762477063763, 21.608647487614981 ], [ -158.097746252316881, 21.609203296043834 ], [ -158.095976041194234, 21.610612795760911 ], [ -158.094618005084868, 21.613414779207766 ], [ -158.092738174177981, 21.613803397856383 ], [ -158.090739276384085, 21.614831983855382 ], [ -158.090136544053763, 21.615079597194782 ], [ -158.088118947212479, 21.61671480941893 ], [ -158.08585973442365, 21.61821302307203 ], [ -158.085432702284152, 21.618918871509226 ], [ -158.085493438789513, 21.619680402388422 ], [ -158.085178807465667, 21.619930838089967 ], [ -158.084906944853344, 21.620491505602349 ], [ -158.084594016933181, 21.620740692273216 ], [ -158.084322432572378, 21.621031857987802 ], [ -158.083829601993642, 21.620992089312473 ], [ -158.081773823353501, 21.621836301540608 ], [ -158.080864822026285, 21.623711374842415 ], [ -158.078249027660462, 21.624432019168736 ], [ -158.076023636155071, 21.625718210762898 ], [ -158.075009394479736, 21.627212330704733 ], [ -158.073823431563454, 21.627998682613541 ], [ -158.073551509546803, 21.628559328930415 ], [ -158.072650351384226, 21.629891554817718 ], [ -158.072673280047468, 21.630179909487371 ], [ -158.071942454544399, 21.630479871643473 ], [ -158.071214200818417, 21.631683497538077 ], [ -158.070915118653119, 21.632880983613241 ], [ -158.069519513421341, 21.633991675212226 ], [ -158.068554002228069, 21.636099926902602 ], [ -158.06827335251009, 21.638015627369583 ], [ -158.066305372072719, 21.638339919145981 ], [ -158.06496890064679, 21.639112057228036 ], [ -158.063819117419968, 21.640344703485965 ], [ -158.062879953681318, 21.641091999140063 ], [ -158.062080650456039, 21.640213945509327 ], [ -158.06099632574697, 21.639329778477297 ], [ -158.059502334621072, 21.637688579938828 ], [ -158.057840516695478, 21.637573894103159 ], [ -158.059007586366278, 21.638068690557574 ], [ -158.059977657438651, 21.63858195034457 ], [ -158.060437536889737, 21.640528817464762 ], [ -158.061760164338864, 21.641313759347842 ], [ -158.062879953681318, 21.641091999140063 ], [ -158.062569257419057, 21.641772169142182 ], [ -158.06276097854456, 21.642595316071461 ], [ -158.064595474030767, 21.643248868884751 ], [ -158.064252311395904, 21.644640424820533 ], [ -158.064013258037278, 21.645163720518976 ], [ -158.063014057286807, 21.646018861197881 ], [ -158.062936919644699, 21.647596851708219 ], [ -158.062998241757612, 21.649302995321097 ], [ -158.062098607846195, 21.650714034113605 ], [ -158.061329527364052, 21.651372158064536 ], [ -158.062077380179716, 21.652027668922159 ], [ -158.062098132548442, 21.652606023372904 ], [ -158.062059141019205, 21.653404444121549 ], [ -158.062640583658748, 21.654446820142208 ], [ -158.062670942210474, 21.655291618714621 ], [ -158.061773410923507, 21.655319766582302 ], [ -158.061222611042041, 21.655296274362819 ], [ -158.060574641178192, 21.655850666048693 ], [ -158.058853097294104, 21.657731915649006 ], [ -158.058054343407861, 21.659289399027973 ], [ -158.056235501984077, 21.66070861577581 ], [ -158.054866066727243, 21.661524277976788 ], [ -158.051114038266519, 21.665739629497299 ], [ -158.049807358415876, 21.666624088848028 ], [ -158.049526630949686, 21.666903824474897 ], [ -158.048642321715732, 21.667430477942855 ], [ -158.048361590458654, 21.667710211433413 ], [ -158.0469353067204, 21.668930354703054 ], [ -158.046104233905481, 21.670550710517759 ], [ -158.043824428557286, 21.671908242790956 ], [ -158.043391453076993, 21.672278665155886 ], [ -158.042970326480031, 21.672698250557985 ], [ -158.040438924500904, 21.674069699837148 ], [ -158.039613505592143, 21.675248387331106 ], [ -158.038743701528603, 21.676414307484812 ], [ -158.038715043755872, 21.676999652585891 ], [ -158.038734384908679, 21.677541804035439 ], [ -158.038714417042769, 21.677948217891338 ], [ -158.038760288254366, 21.679229475004096 ], [ -158.037422483401656, 21.680912217028787 ], [ -158.033424318303474, 21.681246869255965 ], [ -158.031879584515309, 21.682568013644332 ], [ -158.031136249256235, 21.683861403088933 ], [ -158.030665048994649, 21.685660404132932 ], [ -158.028479384414197, 21.687364842449842 ], [ -158.025014295530212, 21.688703871979545 ], [ -158.022653005745781, 21.690630045912879 ], [ -158.021518207230315, 21.691122449332351 ], [ -158.020894772202638, 21.692337127875199 ], [ -158.019765535086179, 21.693009226625136 ], [ -158.018611095976098, 21.693825775053362 ], [ -158.016583597428451, 21.695032451330885 ], [ -158.014577415619385, 21.697554782112888 ], [ -158.013126582955636, 21.69826127983314 ], [ -158.012785755132683, 21.69757512354818 ], [ -158.012484434069421, 21.697034701788418 ], [ -158.013071811757783, 21.696532555253704 ], [ -158.011833806297062, 21.695682652507458 ], [ -158.009780167614451, 21.696061775886829 ], [ -158.00756320333457, 21.697956957330177 ], [ -158.00788263551928, 21.69907562394685 ], [ -158.009280200247701, 21.699702271911537 ], [ -158.008992736075328, 21.700552379076338 ], [ -158.008645828282937, 21.700198035702812 ], [ -158.006180431982557, 21.700274585330867 ], [ -158.004555392925596, 21.699946642977171 ], [ -158.003768484576966, 21.699971062753534 ], [ -158.003363312813377, 21.699155179976312 ], [ -158.00039312809696, 21.700093004076471 ], [ -157.998258808333077, 21.702951733002841 ], [ -157.998194400303078, 21.704258224095224 ], [ -157.999147004005749, 21.704685423450456 ], [ -157.99908706372716, 21.705899673174944 ], [ -157.999135079041366, 21.70724988427969 ], [ -157.998215435100036, 21.70617058507769 ], [ -157.997560500842582, 21.705209202093229 ], [ -157.996386373681219, 21.705953843572118 ], [ -157.995330307712038, 21.70560076902315 ], [ -157.992711084055884, 21.70532417931155 ], [ -157.991072623382593, 21.70450116690477 ], [ -157.989314948982866, 21.704854769715176 ], [ -157.987582370993039, 21.70657946542936 ], [ -157.985552688765125, 21.708117455628319 ], [ -157.984867472145822, 21.708799533016339 ], [ -157.983945583197652, 21.709587378355799 ], [ -157.98400029335329, 21.711133712283939 ], [ -157.983594422378104, 21.712304608760345 ], [ -157.983090111749902, 21.711764115996157 ], [ -157.983679073506778, 21.711260865395811 ], [ -157.982932751332811, 21.710418131054972 ], [ -157.982240622917686, 21.710388242898553 ], [ -157.980832699037279, 21.71043172957452 ], [ -157.979109990032072, 21.709308350513894 ], [ -157.976388081820545, 21.709190692564462 ], [ -157.975570607576543, 21.709545054154297 ], [ -157.974694701839468, 21.709971236903964 ], [ -157.970930450961788, 21.709526630119697 ], [ -157.968579848302056, 21.709051803383275 ], [ -157.967050079501888, 21.709542157661875 ], [ -157.966002306747072, 21.709224943581745 ], [ -157.965727294854418, 21.708670877204405 ], [ -157.965427688181677, 21.70840795094805 ], [ -157.965465257799082, 21.707649034398834 ], [ -157.964868915230824, 21.707039432811253 ], [ -157.963894253860218, 21.706442616768371 ], [ -157.963336885499785, 21.704188840057764 ], [ -157.960501428163582, 21.702763907819268 ], [ -157.958288273461505, 21.701942531456204 ], [ -157.957641579481276, 21.70078146301806 ], [ -157.956629384558511, 21.698741763091714 ], [ -157.955231211670679, 21.697056952900773 ], [ -157.952775211178647, 21.695038861613433 ], [ -157.951213206345813, 21.693952841253502 ], [ -157.949605148495067, 21.692308673990944 ], [ -157.949050803503553, 21.691822087878712 ], [ -157.94873395784316, 21.690958406769479 ], [ -157.948313178233605, 21.689686519813549 ], [ -157.946731079088522, 21.688767267688863 ], [ -157.944435906315221, 21.687486436005663 ], [ -157.944413847174388, 21.686860602141994 ], [ -157.944529955911491, 21.684527023797983 ], [ -157.944155000561125, 21.684143657018875 ], [ -157.943622651159103, 21.683676348869625 ], [ -157.943281931614877, 21.683064365014463 ], [ -157.942732177350564, 21.681956164002003 ], [ -157.941900754731648, 21.681226219551014 ], [ -157.941560047662989, 21.680614265591032 ], [ -157.94090214392395, 21.679002842456129 ], [ -157.939916162473821, 21.677553940894615 ], [ -157.938688384067575, 21.676801731428167 ], [ -157.936681873529125, 21.675152483075191 ], [ -157.934513095488825, 21.67486127315437 ], [ -157.932633246281881, 21.673709428354435 ], [ -157.932928282031014, 21.673209858353502 ], [ -157.934585719918601, 21.673281908484281 ], [ -157.936368970295064, 21.671758706073774 ], [ -157.937001755703136, 21.669562758931633 ], [ -157.936377117469419, 21.66730847011322 ], [ -157.935414497281556, 21.664949720124014 ], [ -157.932298467238184, 21.662453797929107 ], [ -157.931238510485969, 21.66209888166431 ], [ -157.93046243126679, 21.662122599785516 ], [ -157.929520457121384, 21.661837112448783 ], [ -157.92866385886316, 21.66155025201304 ], [ -157.926928236749262, 21.66102421082557 ], [ -157.927308858737604, 21.658195255102783 ], [ -157.928699168514072, 21.655272175991161 ], [ -157.927569351737304, 21.652617406339484 ], [ -157.926416796731303, 21.651779253202108 ], [ -157.923461718866719, 21.650237593879982 ], [ -157.922047353128761, 21.648158503171651 ], [ -157.918817169307971, 21.649019824754816 ], [ -157.913962941468952, 21.648727466622805 ], [ -157.91368620875437, 21.6484443224264 ], [ -157.912413610631233, 21.648152146236132 ], [ -157.917667338002076, 21.647314468316402 ], [ -157.91805045336784, 21.646315022405236 ], [ -157.91833743910405, 21.645222516443518 ], [ -157.918849908556808, 21.643444548335037 ], [ -157.917903536361734, 21.639969469089746 ], [ -157.918475377622428, 21.637020693247521 ], [ -157.918386473890308, 21.634475789385764 ], [ -157.918984340822391, 21.633312454600734 ], [ -157.919594649201315, 21.633577114967135 ], [ -157.920127717639872, 21.634122606878019 ], [ -157.920175044240807, 21.633582144008802 ], [ -157.919872802126065, 21.63303894651613 ], [ -157.920478109911386, 21.632776629290266 ], [ -157.920168052545051, 21.632504263014226 ], [ -157.921114460492646, 21.630391855840291 ], [ -157.92002758439844, 21.629047460694608 ], [ -157.921051309511512, 21.628603786047979 ], [ -157.92109504601234, 21.627726318051241 ], [ -157.920731739922303, 21.625877875268618 ], [ -157.919582177825333, 21.625127171141859 ], [ -157.917939599729948, 21.624389263483831 ], [ -157.916931278759961, 21.623357265130299 ], [ -157.915896372960674, 21.622722808441853 ], [ -157.915430214629538, 21.622245825003255 ], [ -157.912456991421891, 21.619857284502096 ], [ -157.912409565700784, 21.618497274202202 ], [ -157.912796901707623, 21.61715380279259 ], [ -157.91246504524139, 21.614031004042239 ], [ -157.911642210391364, 21.613188892944422 ], [ -157.910898915743701, 21.61253573815533 ], [ -157.909609196917387, 21.610756568038827 ], [ -157.909636829394231, 21.610204068934827 ], [ -157.909128404616609, 21.610219592672145 ], [ -157.908469908666859, 21.608226405191708 ], [ -157.907326745391231, 21.607479633842836 ], [ -157.905613768218529, 21.607162094259067 ], [ -157.901302921771816, 21.605224676970749 ], [ -157.89815770201912, 21.602697269228866 ], [ -157.897509424535201, 21.601190955523357 ], [ -157.897548614083092, 21.600407288033995 ], [ -157.89696927887087, 21.599365579122569 ], [ -157.896672156655313, 21.598465877875952 ], [ -157.896091766351049, 21.597117284246202 ], [ -157.895317595310701, 21.594772606466595 ], [ -157.893507799414976, 21.59291960023663 ], [ -157.891804892181057, 21.592402900588613 ], [ -157.889045181825423, 21.589977014211978 ], [ -157.888198523841453, 21.588454390119935 ], [ -157.887018926775852, 21.585233058517094 ], [ -157.886464359063837, 21.581820116929372 ], [ -157.885839458467245, 21.580558399006012 ], [ -157.884746262673275, 21.579205014325566 ], [ -157.884503730287918, 21.578470476820332 ], [ -157.884857696488666, 21.578380083561687 ], [ -157.884605431815771, 21.578140728408883 ], [ -157.884503730287918, 21.578470476820332 ], [ -157.884064608445101, 21.578337189315228 ], [ -157.882517927313899, 21.577437093732772 ], [ -157.881467398019339, 21.576964701271745 ], [ -157.880036101917227, 21.576131722207595 ], [ -157.877566735265049, 21.575382120776467 ], [ -157.876374355800436, 21.574650498423079 ], [ -157.874748450176043, 21.572753946706005 ], [ -157.874577904921722, 21.567834205142315 ], [ -157.874666194048132, 21.566073218237996 ], [ -157.87454867914289, 21.562677022105763 ], [ -157.87523578223238, 21.561483209532216 ], [ -157.87519020072267, 21.560166675706114 ], [ -157.875527866832044, 21.559579884700582 ], [ -157.875814965519623, 21.558487447240708 ], [ -157.876398223469295, 21.557989185569333 ], [ -157.875326538739444, 21.556355018098493 ], [ -157.873195004870439, 21.555519113298612 ], [ -157.871597651127644, 21.555449023077614 ], [ -157.868891083441639, 21.556170471570329 ], [ -157.869172867727258, 21.555732384808458 ], [ -157.869910055248681, 21.554794000479582 ], [ -157.870552604013852, 21.554677206974898 ], [ -157.87078331102029, 21.554257892790208 ], [ -157.871738700493495, 21.554148308319338 ], [ -157.870991231657115, 21.553894796700444 ], [ -157.87078331102029, 21.554257892790208 ], [ -157.869914254071944, 21.554252003196765 ], [ -157.869910055248681, 21.554794000479582 ], [ -157.869092398085826, 21.555018312982753 ], [ -157.868569152575674, 21.556094181520251 ], [ -157.868605179005243, 21.556555928457229 ], [ -157.867127366399444, 21.557339674212518 ], [ -157.866991764746615, 21.558151790179561 ], [ -157.868621660170106, 21.557604361942396 ], [ -157.868557188007827, 21.558293034877469 ], [ -157.865622206914509, 21.558691049395481 ], [ -157.865106109951654, 21.559243124457563 ], [ -157.864792961259099, 21.559491889881482 ], [ -157.864520390042941, 21.560052171873838 ], [ -157.863972860666877, 21.560570350795409 ], [ -157.86118153778105, 21.559448195424405 ], [ -157.859720377905063, 21.558672476354317 ], [ -157.856004867957239, 21.557726923445795 ], [ -157.854432140333756, 21.557834225359425 ], [ -157.853143337349394, 21.557381395100403 ], [ -157.850858784984723, 21.555586881742812 ], [ -157.849793082511496, 21.55396881248307 ], [ -157.848107527392131, 21.551709485461984 ], [ -157.846545313976549, 21.54981483691834 ], [ -157.846011179648428, 21.548672442823278 ], [ -157.846236068928334, 21.546277043227501 ], [ -157.845496943335434, 21.54501585251634 ], [ -157.845366155700532, 21.544598372644707 ], [ -157.845719917270486, 21.544508058646798 ], [ -157.845468058509312, 21.544268650642572 ], [ -157.845366155700532, 21.544598372644707 ], [ -157.845062109076139, 21.544340473484681 ], [ -157.844222767366631, 21.54344831296218 ], [ -157.842054930434614, 21.542137236163207 ], [ -157.840910067527233, 21.539290346810304 ], [ -157.840643397742099, 21.538460241393466 ], [ -157.840341524668617, 21.53793133801538 ], [ -157.83975657169691, 21.536111242609266 ], [ -157.837771478068674, 21.53442676019597 ], [ -157.837442649775937, 21.533057767483239 ], [ -157.836555016978593, 21.531849893176854 ], [ -157.835935070541382, 21.530560514777324 ], [ -157.834371219880097, 21.527819237603474 ], [ -157.834308363070818, 21.526692804982734 ], [ -157.834671899426581, 21.522428966589302 ], [ -157.835049818615772, 21.52114727805434 ], [ -157.835413546560943, 21.516072980778414 ], [ -157.835315303280424, 21.514310719351638 ], [ -157.835344877581974, 21.513900173537216 ], [ -157.834253948303513, 21.508941169415166 ], [ -157.836640087270666, 21.50848142363715 ], [ -157.839728639776951, 21.508675274242712 ], [ -157.842896670687963, 21.507904798643001 ], [ -157.842621638473815, 21.508135859983557 ], [ -157.840885675010895, 21.509065612375565 ], [ -157.840843378398262, 21.509656106946938 ], [ -157.842266019535685, 21.511400628484893 ], [ -157.842646093342665, 21.513799763905311 ], [ -157.844174600450486, 21.513895640549094 ], [ -157.845187292707323, 21.513302861952283 ], [ -157.845742772688055, 21.512192151374641 ], [ -157.846358531986652, 21.511684884487604 ], [ -157.846496259002606, 21.511542720831923 ], [ -157.846939867041044, 21.511417887869747 ], [ -157.849540632509814, 21.510065547474582 ], [ -157.850243231182105, 21.50976966614888 ], [ -157.851077824086161, 21.508908249113514 ], [ -157.851007153257797, 21.50764413819628 ], [ -157.851055745517016, 21.506966939952772 ], [ -157.850989566517711, 21.505779082124263 ], [ -157.851916239312658, 21.504676855729073 ], [ -157.852225758157431, 21.503472259917078 ], [ -157.852201677484459, 21.503045129452786 ], [ -157.852221658142639, 21.502769423443496 ], [ -157.851923236884232, 21.501695758300766 ], [ -157.851658688807049, 21.500594668433678 ], [ -157.850443719935726, 21.496280468134866 ], [ -157.849054191184166, 21.494141963907936 ], [ -157.847931014781921, 21.49380888722942 ], [ -157.846968618487949, 21.49316977343809 ], [ -157.847109387988951, 21.491203186167247 ], [ -157.84874648990106, 21.489255979129677 ], [ -157.848994310050443, 21.488523845972381 ], [ -157.849366365334618, 21.488390901605626 ], [ -157.848996441100667, 21.488252847165196 ], [ -157.848803556877897, 21.486386580284012 ], [ -157.846570196643626, 21.48484084103028 ], [ -157.845976721560675, 21.484580948583499 ], [ -157.844765457238367, 21.483953933956133 ], [ -157.84197906791573, 21.484090006351575 ], [ -157.841599961852069, 21.48307763024674 ], [ -157.841685153597979, 21.481888303556122 ], [ -157.841143892320417, 21.479428296201096 ], [ -157.841996080562012, 21.47532374497154 ], [ -157.842889502177286, 21.474261095171606 ], [ -157.843187428331703, 21.472554765834762 ], [ -157.844341770579121, 21.471603481944083 ], [ -157.843898299973432, 21.469683867814652 ], [ -157.843226224527484, 21.468285907775147 ], [ -157.842094628625603, 21.466898129663274 ], [ -157.842050050888702, 21.46609893937412 ], [ -157.842949587964711, 21.464576412081893 ], [ -157.842524056765541, 21.463575890751574 ], [ -157.841738591010909, 21.462506710834273 ], [ -157.841048486811474, 21.461071036096673 ], [ -157.839954485715964, 21.459907872811041 ], [ -157.838931491597975, 21.460419049223308 ], [ -157.838658608370707, 21.459569112431712 ], [ -157.838249550656087, 21.459991384933272 ], [ -157.837777745803834, 21.459590916468382 ], [ -157.837451506321486, 21.458232986051247 ], [ -157.835860945094822, 21.457409479927271 ], [ -157.833849904529899, 21.457806228174956 ], [ -157.83370491425012, 21.45982597375577 ], [ -157.833749215089824, 21.460618678896139 ], [ -157.833422506666864, 21.461171461755807 ], [ -157.833056245019208, 21.462252959698702 ], [ -157.832257918244608, 21.461991592945864 ], [ -157.831891029285345, 21.459673774366976 ], [ -157.83091819562253, 21.457650127014009 ], [ -157.830419160115042, 21.45761878323307 ], [ -157.829413129528803, 21.457667854884292 ], [ -157.828938416716539, 21.456679860587581 ], [ -157.826579701992642, 21.456148699722409 ], [ -157.825863722426675, 21.454365419021624 ], [ -157.824786996103882, 21.453220081827762 ], [ -157.823078746593893, 21.453303352531005 ], [ -157.822266948404376, 21.452439742204938 ], [ -157.82158567777725, 21.452396900559446 ], [ -157.819337033743523, 21.452708764794178 ], [ -157.816789263540727, 21.454528304920448 ], [ -157.815849435189534, 21.454574058548356 ], [ -157.815088135954625, 21.453238485945285 ], [ -157.814398896410609, 21.450754464162909 ], [ -157.814077632409209, 21.448006005487045 ], [ -157.812029960045322, 21.443511312071298 ], [ -157.811278364540897, 21.442872974504294 ], [ -157.810891386139417, 21.442067577117506 ], [ -157.809260252841, 21.441964872381401 ], [ -157.808153861262781, 21.443106549590421 ], [ -157.807254773550596, 21.442739942772569 ], [ -157.807206917674108, 21.441880647419357 ], [ -157.808371055263677, 21.441390385283327 ], [ -157.808695361093385, 21.440129271803102 ], [ -157.809822888083318, 21.439654485475224 ], [ -157.810776174759809, 21.438040942898422 ], [ -157.810742872097279, 21.437441316501602 ], [ -157.810762931791174, 21.437163565475579 ], [ -157.810458320652629, 21.436904879245702 ], [ -157.810124733979961, 21.436210620080974 ], [ -157.807482177977249, 21.432254268021673 ], [ -157.805834131446233, 21.431256200180886 ], [ -157.804439533575277, 21.429544682146926 ], [ -157.803765220636478, 21.427864038000791 ], [ -157.802755552961059, 21.426789448465904 ], [ -157.8017124076828, 21.426840213556499 ], [ -157.801277437540108, 21.425934742113633 ], [ -157.800710122048002, 21.425452836964507 ], [ -157.799616428778563, 21.42428870229924 ], [ -157.79893427913197, 21.42499263799564 ], [ -157.795390761148695, 21.42476929125511 ], [ -157.794123241946551, 21.425813317572494 ], [ -157.794805245604437, 21.428918383539536 ], [ -157.791582389087495, 21.428601254883159 ], [ -157.791060505137438, 21.427685273638666 ], [ -157.791638804267677, 21.424768665259069 ], [ -157.791126039531264, 21.424222810274664 ], [ -157.788713275778917, 21.424809265783225 ], [ -157.788036985542703, 21.423666669592919 ], [ -157.787980645687583, 21.422650367228027 ], [ -157.788305925734619, 21.422382437157466 ], [ -157.788675873170092, 21.421290812398492 ], [ -157.789462959076673, 21.42047850576585 ], [ -157.790382426295054, 21.41972120763138 ], [ -157.790046970034581, 21.419132630393477 ], [ -157.791177008686475, 21.418201841748566 ], [ -157.789446122304383, 21.41775430979229 ], [ -157.787498227494666, 21.417848866619494 ], [ -157.786868091949088, 21.413859724902565 ], [ -157.785580143809028, 21.413003352944926 ], [ -157.784028193465844, 21.412322708702387 ], [ -157.784189853588998, 21.411640068074021 ], [ -157.784479248301096, 21.411642167449479 ], [ -157.784481489933739, 21.411371172489609 ], [ -157.784834956183715, 21.411280972826223 ], [ -157.784583419392931, 21.411041484521384 ], [ -157.784481489933739, 21.411371172489609 ], [ -157.784192095755031, 21.411369073143263 ], [ -157.784189853588998, 21.411640068074021 ], [ -157.78339079345136, 21.412126204284572 ], [ -157.783032275093831, 21.411631665577215 ], [ -157.784170760838037, 21.411009974068328 ], [ -157.783646234627724, 21.409537969859613 ], [ -157.781978702032433, 21.410157335777082 ], [ -157.781159634199895, 21.410943241043991 ], [ -157.780283598879691, 21.411202452647018 ], [ -157.779708168879353, 21.411474699814157 ], [ -157.776603275049126, 21.411807035048611 ], [ -157.775325559149394, 21.412411644177723 ], [ -157.773872862696493, 21.413052742827542 ], [ -157.772742458788173, 21.412497021507111 ], [ -157.771700300468325, 21.412509301255927 ], [ -157.77128848025427, 21.414405404435666 ], [ -157.768975922675963, 21.414344232567768 ], [ -157.768090804742201, 21.41601903412905 ], [ -157.76663018341435, 21.415980367071814 ], [ -157.766028692232624, 21.416557391683458 ], [ -157.766060817964018, 21.418957678114598 ], [ -157.764947834043511, 21.419286849219311 ], [ -157.764569194563336, 21.420350164726244 ], [ -157.763829147544868, 21.421669912191025 ], [ -157.765401047480395, 21.424582946573519 ], [ -157.764241633918402, 21.425990446526612 ], [ -157.763520767234979, 21.428015776265561 ], [ -157.763033217062912, 21.428447603363587 ], [ -157.761474415488266, 21.428406242417356 ], [ -157.760768827617056, 21.428414520283866 ], [ -157.760414023063362, 21.432406032741792 ], [ -157.759234219628638, 21.433838152902776 ], [ -157.758049896226225, 21.434365236253154 ], [ -157.756987754433084, 21.435384023768375 ], [ -157.75809119312359, 21.43693423469761 ], [ -157.759842267182876, 21.437347707053561 ], [ -157.762277884201097, 21.43854537400351 ], [ -157.761807956729513, 21.439798489923906 ], [ -157.762341357455227, 21.440068877808585 ], [ -157.763674358957786, 21.438003816853907 ], [ -157.765292497438935, 21.439605885443207 ], [ -157.771605729698365, 21.442531011726981 ], [ -157.776278203994366, 21.443420611293437 ], [ -157.77712157778663, 21.444255154403553 ], [ -157.778254442310299, 21.446379036962664 ], [ -157.776501511098871, 21.44830326104146 ], [ -157.776012925726064, 21.449227644100485 ], [ -157.777061389714106, 21.450185695466793 ], [ -157.777349178396008, 21.450796378863455 ], [ -157.776412786686194, 21.452465743124627 ], [ -157.773903902279301, 21.453835240471104 ], [ -157.772550170021503, 21.457260168002811 ], [ -157.768480587875075, 21.456371778217154 ], [ -157.767816992587854, 21.456379595471862 ], [ -157.767446662782163, 21.457755266140754 ], [ -157.766281101886051, 21.458787238145987 ], [ -157.766284909177728, 21.459073889365357 ], [ -157.765792131908739, 21.459510179716347 ], [ -157.765400189393603, 21.460964552434934 ], [ -157.765028481289022, 21.461627088645514 ], [ -157.763392550882656, 21.462743628757885 ], [ -157.762494031152301, 21.46227687820997 ], [ -157.763398722345158, 21.461476036724296 ], [ -157.763376136680478, 21.459796691214848 ], [ -157.760831106570748, 21.45835671909397 ], [ -157.759051001714994, 21.457936482119035 ], [ -157.756770981826236, 21.456992926252454 ], [ -157.75443078666089, 21.456547107008273 ], [ -157.753859830161247, 21.456266422048039 ], [ -157.752698518415684, 21.455992185688121 ], [ -157.752087590192048, 21.455691810838228 ], [ -157.750389619078135, 21.455161933600557 ], [ -157.749314458210506, 21.454633322189157 ], [ -157.747248307358404, 21.453852480655346 ], [ -157.743005630585571, 21.453467146387386 ], [ -157.742255535955678, 21.453475866887786 ], [ -157.73991807226858, 21.454205267322628 ], [ -157.739083056503318, 21.455376822246645 ], [ -157.738502187012045, 21.455891034153968 ], [ -157.737389127861036, 21.455861398935561 ], [ -157.736079483043341, 21.45626999467251 ], [ -157.732424434690671, 21.459034971336418 ], [ -157.729960510466384, 21.460378919144329 ], [ -157.728380072569877, 21.459601532957659 ], [ -157.726614982889259, 21.459318754080684 ], [ -157.724725234512306, 21.459002189484011 ], [ -157.722727760144721, 21.459369373482517 ], [ -157.721939255844887, 21.458981323707782 ], [ -157.722030371674009, 21.45598839315252 ], [ -157.722892780662079, 21.455225300317473 ], [ -157.723179009080837, 21.454950922082094 ], [ -157.723746836533564, 21.454966105472902 ], [ -157.724793148547519, 21.454639826335725 ], [ -157.725245211940177, 21.452166773969854 ], [ -157.725235665548496, 21.451443799405006 ], [ -157.725915090191023, 21.450521891736287 ], [ -157.725537271672493, 21.449821453102167 ], [ -157.726710065247033, 21.449021267921946 ], [ -157.7269962729724, 21.448747014319572 ], [ -157.729259078951372, 21.446744305541873 ], [ -157.731119912011565, 21.446334580731634 ], [ -157.731665380740395, 21.446349169377985 ], [ -157.732330979647685, 21.445711168109295 ], [ -157.73309861503725, 21.446088820446747 ], [ -157.734024804433716, 21.446078097272686 ], [ -157.735133926838557, 21.445014631857589 ], [ -157.735993925777478, 21.444253365479138 ], [ -157.736343650723541, 21.443592384215329 ], [ -157.736314191202922, 21.441367671124841 ], [ -157.73633900082811, 21.440554838396146 ], [ -157.736331796721004, 21.440012770620768 ], [ -157.73637550252505, 21.438581184621746 ], [ -157.73606527795846, 21.437709914076184 ], [ -157.735780490919353, 21.43657689278432 ], [ -157.735795820170608, 21.436077141304441 ], [ -157.735462941110228, 21.433472671008818 ], [ -157.735823790875401, 21.432829769617587 ], [ -157.735810039923138, 21.431800752636498 ], [ -157.736139760096876, 21.430636112031717 ], [ -157.736910230124522, 21.429953887668969 ], [ -157.73730235150893, 21.428499586149549 ], [ -157.737854628309606, 21.428010630075097 ], [ -157.738198565945453, 21.425254254092586 ], [ -157.73891839248239, 21.424277009066703 ], [ -157.739946135121926, 21.425294868526017 ], [ -157.741387520436433, 21.425278115777303 ], [ -157.741817916726234, 21.425419698310328 ], [ -157.741815594753803, 21.425690688437541 ], [ -157.74326268384911, 21.425701552922334 ], [ -157.743265003152658, 21.425430562644468 ], [ -157.743554420547525, 21.425432734011839 ], [ -157.743556739280763, 21.425161743694879 ], [ -157.743846156178364, 21.425163914532327 ], [ -157.743848474341377, 21.424892924176262 ], [ -157.744137890741712, 21.424895094483801 ], [ -157.744140208334443, 21.424624104088643 ], [ -157.744493727017755, 21.42453399243416 ], [ -157.744242237839671, 21.424294445998711 ], [ -157.744140208334443, 21.424624104088643 ], [ -157.743850792467896, 21.424621933811199 ], [ -157.743848474341377, 21.424892924176262 ], [ -157.743559057977563, 21.42489075336891 ], [ -157.743556739280763, 21.425161743694879 ], [ -157.743267322419712, 21.425159572357614 ], [ -157.743265003152658, 21.425430562644468 ], [ -157.741817916726234, 21.425419698310328 ], [ -157.741963305858064, 21.425011433979588 ], [ -157.743103261628391, 21.425041826499015 ], [ -157.745963664493672, 21.421570070018404 ], [ -157.748844903915256, 21.415137831980385 ], [ -157.755423962099172, 21.406771059198533 ], [ -157.755464373227056, 21.405436294856944 ], [ -157.755001577510342, 21.403118825541796 ], [ -157.753950854366366, 21.401048939995032 ], [ -157.748633570622275, 21.394778642060043 ], [ -157.748021694410511, 21.39388945787157 ], [ -157.746321618032113, 21.39442029578035 ], [ -157.745415224757039, 21.39360591576245 ], [ -157.743632462523152, 21.391840142340612 ], [ -157.742548225064866, 21.391139938186111 ], [ -157.741102736230914, 21.390321493360116 ], [ -157.73935756131948, 21.38906059399854 ], [ -157.736539683228443, 21.38849790257516 ], [ -157.730034486469037, 21.389044248172034 ], [ -157.73066253814423, 21.392039020438506 ], [ -157.730677356295331, 21.393170801573746 ], [ -157.730091176699318, 21.394817617811668 ], [ -157.728986409049696, 21.395877199556388 ], [ -157.726618383662242, 21.39716947607268 ], [ -157.726146060245469, 21.398062342524202 ], [ -157.725792147131756, 21.397454253820868 ], [ -157.726430464878206, 21.39684225781486 ], [ -157.72687642967972, 21.396447271876475 ], [ -157.727019479515604, 21.396310141612712 ], [ -157.72759819602544, 21.396314534300718 ], [ -157.727600540694709, 21.396043544717344 ], [ -157.728179256286609, 21.39604793534814 ], [ -157.728181599853229, 21.39577694569482 ], [ -157.728470957171737, 21.395779140231166 ], [ -157.728473300168588, 21.395508150538387 ], [ -157.729350176652673, 21.39528051124891 ], [ -157.730357676025562, 21.393244602389878 ], [ -157.729997840574015, 21.390343167069897 ], [ -157.729420262512548, 21.3889009163629 ], [ -157.728821206597559, 21.38873559854105 ], [ -157.728823548102071, 21.388464608583966 ], [ -157.72853420513033, 21.388462415368942 ], [ -157.728437881727785, 21.388131262186473 ], [ -157.728182370291677, 21.388366985894912 ], [ -157.72853420513033, 21.388462415368942 ], [ -157.728531863093195, 21.388733405295579 ], [ -157.728821206597559, 21.38873559854105 ], [ -157.728935591172842, 21.389167788495751 ], [ -157.729726152216614, 21.390324965433607 ], [ -157.728890446991727, 21.391318238827758 ], [ -157.729500192848747, 21.391719380048976 ], [ -157.729927046617405, 21.39281491456067 ], [ -157.729669996152467, 21.393849756941787 ], [ -157.728473300168588, 21.395508150538387 ], [ -157.728183943382959, 21.395505956032498 ], [ -157.728181599853229, 21.39577694569482 ], [ -157.72760288532703, 21.395772555124967 ], [ -157.727600540694709, 21.396043544717344 ], [ -157.727021825250603, 21.396039152090314 ], [ -157.727019479515604, 21.396310141612712 ], [ -157.726289303703766, 21.396434939289946 ], [ -157.724705771239201, 21.396941296261922 ], [ -157.722051700357042, 21.395599995430143 ], [ -157.721085572179135, 21.395853314577995 ], [ -157.720428022783267, 21.396172831218031 ], [ -157.716377332052161, 21.393451785817707 ], [ -157.712846030338341, 21.38935922470899 ], [ -157.711381429761673, 21.388067248075696 ], [ -157.71103401167133, 21.387114468353211 ], [ -157.710582360723436, 21.38573876260385 ], [ -157.709088465526776, 21.383669450569087 ], [ -157.708757355041882, 21.382760857212816 ], [ -157.708327708422786, 21.381006594795423 ], [ -157.705902026159265, 21.38044562448361 ], [ -157.70576595188237, 21.376382789830551 ], [ -157.706810708258359, 21.373792332917226 ], [ -157.707412437533463, 21.372452257876663 ], [ -157.708268693510973, 21.369988826441627 ], [ -157.709471804085837, 21.366856427321068 ], [ -157.709524645938188, 21.365823686018743 ], [ -157.709483869965055, 21.364608671409343 ], [ -157.709646696995662, 21.364469589643452 ], [ -157.709742965056307, 21.364800751628916 ], [ -157.709998461352995, 21.36456505479098 ], [ -157.709646696995662, 21.364469589643452 ], [ -157.70950228995477, 21.36379612300826 ], [ -157.709102338154679, 21.360430139947901 ], [ -157.708355476114036, 21.357965682258246 ], [ -157.708418559121895, 21.356731616517401 ], [ -157.707842442751627, 21.356223346697689 ], [ -157.707562328152335, 21.35536966252376 ], [ -157.70726879353299, 21.354564703543751 ], [ -157.70679139671833, 21.353110121329411 ], [ -157.706254574540537, 21.352021826308842 ], [ -157.705575480429786, 21.351018247851172 ], [ -157.705265992055416, 21.350745186176599 ], [ -157.705303212852073, 21.350013370356049 ], [ -157.704281530099934, 21.347940982304248 ], [ -157.70329948596796, 21.346664580838709 ], [ -157.70156925378771, 21.344764489345131 ], [ -157.700153484270118, 21.342575164807307 ], [ -157.699307317965861, 21.341402611953381 ], [ -157.698143661980509, 21.339588850655851 ], [ -157.696445935523911, 21.336584293104249 ], [ -157.695280869952995, 21.33496985459248 ], [ -157.693130017441831, 21.331791310971788 ], [ -157.690307394723021, 21.329458904541738 ], [ -157.684734377882222, 21.326639827384973 ], [ -157.679182250561524, 21.325077579914588 ], [ -157.678330854940185, 21.324518556043106 ], [ -157.677743469416555, 21.324253253289871 ], [ -157.676271118402497, 21.323111132223488 ], [ -157.673809953855312, 21.321998915975765 ], [ -157.67245942935412, 21.321166575127958 ], [ -157.670469668566938, 21.319119902948533 ], [ -157.669694413855041, 21.318769655996515 ], [ -157.668039336264457, 21.316762656214461 ], [ -157.666601521219121, 21.316035110499708 ], [ -157.665089370921066, 21.316283797935696 ], [ -157.663991517639801, 21.316817089514334 ], [ -157.662896391497213, 21.316362181015077 ], [ -157.662340205723837, 21.315870928939798 ], [ -157.661926341215576, 21.31544525054159 ], [ -157.661626599202236, 21.315453980899122 ], [ -157.661353431503528, 21.31489907923898 ], [ -157.660256211545573, 21.313930314274938 ], [ -157.660207450709976, 21.31245607403633 ], [ -157.660274685981364, 21.311146445332138 ], [ -157.658721209903803, 21.310010349292259 ], [ -157.655025975630821, 21.310320989095484 ], [ -157.652910386911572, 21.310996920132734 ], [ -157.651259980310215, 21.310492698805426 ], [ -157.650742083365486, 21.309959571877098 ], [ -157.648959784718329, 21.311217647418687 ], [ -157.648944101989116, 21.310739956869057 ], [ -157.648958196679274, 21.310464964280232 ], [ -157.648624844749889, 21.309548906213472 ], [ -157.649026041283406, 21.305609605878882 ], [ -157.648972936194298, 21.30400479155815 ], [ -157.64960307059485, 21.303162301199443 ], [ -157.649937075496098, 21.301595262171443 ], [ -157.650836429083284, 21.298668802535545 ], [ -157.653794616212537, 21.297487131252463 ], [ -157.654280990465139, 21.297509083661581 ], [ -157.656309798939162, 21.295888150479051 ], [ -157.656843591711379, 21.295912260236818 ], [ -157.65809472194502, 21.295370967570179 ], [ -157.657199930987019, 21.294580457739464 ], [ -157.657820954094404, 21.29395414696366 ], [ -157.658788614676922, 21.294151947648626 ], [ -157.658786156149432, 21.294422933053063 ], [ -157.657832374591493, 21.294531380585131 ], [ -157.65857812815355, 21.294785768996174 ], [ -157.658786156149432, 21.294422933053063 ], [ -157.660601430923435, 21.294604847754801 ], [ -157.661229189408402, 21.294106405001848 ], [ -157.661266956592414, 21.293709129634955 ], [ -157.658945057711378, 21.294027748496852 ], [ -157.658788614676922, 21.294151947648626 ], [ -157.658653422091618, 21.293739202093814 ], [ -157.65753996963187, 21.293052680590147 ], [ -157.658384086823332, 21.292642647899243 ], [ -157.660016483645109, 21.292716322567596 ], [ -157.660843221296943, 21.29201058692993 ], [ -157.661264101247355, 21.291591944588369 ], [ -157.664532816982984, 21.290177860783984 ], [ -157.665308294906708, 21.289515891973355 ], [ -157.665973389834136, 21.288568210650862 ], [ -157.668147368622755, 21.287794504066795 ], [ -157.669006146167874, 21.286125636546412 ], [ -157.673568756311681, 21.285346506776783 ], [ -157.675640021792105, 21.283577846012697 ], [ -157.676101818156184, 21.282776396867167 ], [ -157.676402983005687, 21.282191031645308 ], [ -157.676979187637556, 21.281698934361554 ], [ -157.676961813248425, 21.281178948989858 ], [ -157.677681478490342, 21.280463151393924 ], [ -157.67871940986717, 21.279805557611841 ], [ -157.679311279315243, 21.279549514637846 ], [ -157.680172284038605, 21.27900392856121 ], [ -157.681342675834628, 21.278752344736475 ], [ -157.681325074813913, 21.278224351375485 ], [ -157.682856221831486, 21.277254327838438 ], [ -157.683682316520134, 21.276852951565914 ], [ -157.684527371729388, 21.276890981711315 ], [ -157.684549196533368, 21.276468761376904 ], [ -157.684525066881065, 21.275752744876954 ], [ -157.685900459996844, 21.275814625846298 ], [ -157.686292218225873, 21.274687468105402 ], [ -157.686876895383051, 21.274188187978801 ], [ -157.686833838716638, 21.272899109164396 ], [ -157.687182551596521, 21.272293845687436 ], [ -157.687467669898666, 21.271472721812376 ], [ -157.687770383291195, 21.271214393604325 ], [ -157.688053094013213, 21.270664257745608 ], [ -157.688943619775472, 21.269326471080031 ], [ -157.689312221554445, 21.268609473434278 ], [ -157.689813424765617, 21.269051907646823 ], [ -157.690089307931686, 21.269335779744566 ], [ -157.690838573816848, 21.269313748552577 ], [ -157.691592474267168, 21.270843630344864 ], [ -157.692967254680724, 21.272057497587252 ], [ -157.693496379928916, 21.272601964963073 ], [ -157.694619426280582, 21.272652420932793 ], [ -157.69624697428722, 21.2716850005209 ], [ -157.697317201725212, 21.26929879498093 ], [ -157.696983135494065, 21.26805318339164 ], [ -157.695888627963313, 21.268004024179586 ], [ -157.694707830922567, 21.268038747293708 ], [ -157.695118437015935, 21.26732563374313 ], [ -157.69380922553637, 21.26597897194884 ], [ -157.691874469668733, 21.26538826798576 ], [ -157.691809232748227, 21.26344081363202 ], [ -157.69303730687912, 21.262843749085775 ], [ -157.693918177314742, 21.26258989131475 ], [ -157.695406818484429, 21.261866138434069 ], [ -157.697110117527416, 21.26125955427144 ], [ -157.697964441703562, 21.260844160657083 ], [ -157.698851802189949, 21.260459982463555 ], [ -157.699831159604599, 21.259983746632159 ], [ -157.702038906532493, 21.259671529520585 ], [ -157.703340335916437, 21.259362502104285 ], [ -157.70463741901051, 21.259420710081397 ], [ -157.705215781952035, 21.259403650793537 ], [ -157.705797720289496, 21.259429756232045 ], [ -157.707075941555132, 21.259126277611468 ], [ -157.70926619901897, 21.259716712237701 ], [ -157.70954154382224, 21.260000152518082 ], [ -157.71093344059264, 21.260973499304736 ], [ -157.711271226911208, 21.26190119615033 ], [ -157.71125014984861, 21.262311652474239 ], [ -157.711294546118523, 21.263633762074075 ], [ -157.71037290204049, 21.26542671826963 ], [ -157.710067877091831, 21.265956081814767 ], [ -157.709782894376531, 21.266777251433052 ], [ -157.708654529334041, 21.268473335897006 ], [ -157.708297207684268, 21.270011369265116 ], [ -157.708624672158891, 21.272866428856496 ], [ -157.708504444849126, 21.275221821975183 ], [ -157.709181811188046, 21.278266542958242 ], [ -157.710174562477192, 21.280280651895737 ], [ -157.711092549553683, 21.281091115245562 ], [ -157.710346752438682, 21.281517988547375 ], [ -157.706252842341883, 21.278134434655822 ], [ -157.705635548579153, 21.278106732657147 ], [ -157.705344433338723, 21.278396610769185 ], [ -157.704519618111647, 21.278753709056602 ], [ -157.704176067994297, 21.279742670967966 ], [ -157.703870989041377, 21.280272019781407 ], [ -157.703588315145112, 21.280822183662195 ], [ -157.703285607073525, 21.281080540428729 ], [ -157.701653984596533, 21.28321261729706 ], [ -157.700079112250535, 21.283894331180957 ], [ -157.698370151909131, 21.28646278940824 ], [ -157.699465626460352, 21.286128656672158 ], [ -157.70090201527222, 21.284080913360423 ], [ -157.702055081176212, 21.283520462048621 ], [ -157.702964693621396, 21.283898123309118 ], [ -157.702993999694201, 21.284774562531318 ], [ -157.700050406869508, 21.287288796582846 ], [ -157.699770086809451, 21.287567962082782 ], [ -157.699141577762731, 21.288104793078364 ], [ -157.699177783535106, 21.289189371215986 ], [ -157.696831247527058, 21.289434159605239 ], [ -157.695561481552318, 21.291243904164997 ], [ -157.692279174011276, 21.294509302718534 ], [ -157.68899451277926, 21.296208710158623 ], [ -157.6898986110034, 21.296161495768565 ], [ -157.692058373360169, 21.295111928895821 ], [ -157.693850654586811, 21.295059286087202 ], [ -157.694736970430881, 21.295841802752513 ], [ -157.695561090907859, 21.298104981085991 ], [ -157.693875884821949, 21.300129695225191 ], [ -157.69444346381411, 21.300264442664343 ], [ -157.694742046319192, 21.300255709502597 ], [ -157.695095776564898, 21.30097375184317 ], [ -157.69560091987691, 21.299991758363216 ], [ -157.696185702702365, 21.298976834831777 ], [ -157.696250919273041, 21.297698389215064 ], [ -157.696201780355977, 21.296225726136978 ], [ -157.697108115889932, 21.294322587819998 ], [ -157.697416425360132, 21.292599546724695 ], [ -157.700040170991372, 21.289738115709635 ], [ -157.700387925898838, 21.287794911844809 ], [ -157.702098901166806, 21.287054235412249 ], [ -157.702686874068007, 21.286469045061278 ], [ -157.704423901023517, 21.285717098014697 ], [ -157.705744234910384, 21.284403238186766 ], [ -157.707333954021152, 21.283894670370699 ], [ -157.708896826495646, 21.285037145855956 ], [ -157.709341502838242, 21.2846571323646 ], [ -157.70876856014911, 21.283621435365646 ], [ -157.709265249945503, 21.283040350075151 ], [ -157.711181943323169, 21.282628005642259 ], [ -157.711690650262739, 21.281638306673141 ], [ -157.713120256610466, 21.281969010584671 ], [ -157.713406283859882, 21.282263312383648 ], [ -157.714227641810766, 21.282239084006601 ], [ -157.716134831304601, 21.283309687698129 ], [ -157.718288094960286, 21.284923502599863 ], [ -157.717424261190246, 21.285806308589525 ], [ -157.716116350914774, 21.285926684591281 ] ], [ [ -157.821389651521173, 21.283715320553888 ], [ -157.821742789162386, 21.283625026498207 ], [ -157.821491396162628, 21.283385597300782 ], [ -157.821389651521173, 21.283715320553888 ], [ -157.821100503861857, 21.283713296476492 ], [ -157.821098343980992, 21.283984299188333 ], [ -157.820809195826314, 21.28398227458646 ], [ -157.820807035381875, 21.284253277261154 ], [ -157.82051788673192, 21.284251252134794 ], [ -157.820515725723823, 21.28452225477233 ], [ -157.820162585297879, 21.284612546110477 ], [ -157.820413978022259, 21.284851977255045 ], [ -157.820515725723823, 21.28452225477233 ], [ -157.820804874903274, 21.28452427992692 ], [ -157.820807035381875, 21.284253277261154 ], [ -157.821096184065993, 21.284255301891253 ], [ -157.821098343980992, 21.283984299188333 ], [ -157.821387492169777, 21.283986323293949 ], [ -157.821389651521173, 21.283715320553888 ] ], [ [ -157.857558593924523, 21.318113099771381 ], [ -157.857911796706873, 21.318022732893635 ], [ -157.857660286653328, 21.317783353368579 ], [ -157.857558593924523, 21.318113099771381 ], [ -157.857205390744838, 21.318203465886821 ], [ -157.85745690070695, 21.318442846079641 ], [ -157.857558593924523, 21.318113099771381 ] ], [ [ -157.866742876313964, 21.327389915689562 ], [ -157.866839482394823, 21.327721004501939 ], [ -157.867094672843308, 21.327485052824674 ], [ -157.866742876313964, 21.327389915689562 ] ], [ [ -157.710976909894811, 21.34469627243864 ], [ -157.711073170627515, 21.345027433919135 ], [ -157.711328628805234, 21.344791732677823 ], [ -157.710976909894811, 21.34469627243864 ] ], [ [ -157.893805387023747, 21.344373487391302 ], [ -157.89418706539584, 21.344164926475976 ], [ -157.893944080136805, 21.343189477343991 ], [ -157.893805387023747, 21.344373487391302 ], [ -157.893516113269158, 21.344371582497342 ], [ -157.893514079702243, 21.344642590123527 ], [ -157.893224805448341, 21.344640684705219 ], [ -157.893222771317966, 21.344911692295977 ], [ -157.892869379987587, 21.345002130293604 ], [ -157.893121276505411, 21.345241462782166 ], [ -157.893222771317966, 21.344911692295977 ], [ -157.89351204610324, 21.344913597740788 ], [ -157.893514079702243, 21.344642590123527 ], [ -157.893803353988233, 21.344644495043976 ], [ -157.893805387023747, 21.344373487391302 ] ], [ [ -157.893831813566521, 21.340850387094836 ], [ -157.893712213287813, 21.339677644900117 ], [ -157.893436573177866, 21.340627315346897 ], [ -157.893831813566521, 21.340850387094836 ], [ -157.893952146137423, 21.342302359799909 ], [ -157.894232125436503, 21.341094267851251 ], [ -157.893831813566521, 21.340850387094836 ] ], [ [ -157.729980920357974, 21.388473376455387 ], [ -157.730135054526556, 21.388818662562798 ], [ -157.730645405574592, 21.388588239049692 ], [ -157.729980920357974, 21.388473376455387 ] ], [ [ -157.752473417564147, 21.431732594682575 ], [ -157.751497157306915, 21.431924340112058 ], [ -157.750913285623994, 21.431279649727905 ], [ -157.749995793794739, 21.431341812426435 ], [ -157.748295588254052, 21.43074283245247 ], [ -157.746017661228507, 21.430240278359026 ], [ -157.745121143719985, 21.429635043126492 ], [ -157.743811154613411, 21.429255034202367 ], [ -157.74337281871675, 21.430997084470651 ], [ -157.742977158334185, 21.432309519996256 ], [ -157.745906793056747, 21.433920349080022 ], [ -157.749712724155955, 21.434276522813153 ], [ -157.75159728838014, 21.434774575155039 ], [ -157.75275631408897, 21.433535027456294 ], [ -157.752473417564147, 21.431732594682575 ], [ -157.752664844166219, 21.431825062554321 ], [ -157.753235934649183, 21.432910768192844 ], [ -157.7536196361701, 21.433096171586353 ], [ -157.752275843287094, 21.434657825184285 ], [ -157.752312007006566, 21.435125477760831 ], [ -157.75197528770525, 21.435963251872419 ], [ -157.752743050862705, 21.436592569734476 ], [ -157.753319668560891, 21.437229327001596 ], [ -157.754455198247058, 21.43556157745207 ], [ -157.755192822486379, 21.434046346787888 ], [ -157.755663253327015, 21.43327142230482 ], [ -157.7536196361701, 21.433096171586353 ], [ -157.753749519869274, 21.432946614971023 ], [ -157.754654385605448, 21.432441369205566 ], [ -157.755059895388001, 21.429588739352667 ], [ -157.753680929658117, 21.429738930328693 ], [ -157.752771484039869, 21.430784896810991 ], [ -157.752473417564147, 21.431732594682575 ] ], [ [ -157.755930512712752, 21.433655373942848 ], [ -157.756102285802712, 21.4343330463462 ], [ -157.755989911570452, 21.434784774266234 ], [ -157.757200904075262, 21.434314077308205 ], [ -157.755930512712752, 21.433655373942848 ] ], [ [ -157.757708403695176, 21.428790419431014 ], [ -157.757575722623898, 21.428937444512378 ], [ -157.755530603954213, 21.429346173399757 ], [ -157.755129291749768, 21.432471630890713 ], [ -157.756991857020836, 21.433731405534346 ], [ -157.758666731414337, 21.433156358955827 ], [ -157.759704522561776, 21.432005315196204 ], [ -157.759516810593851, 21.43013465244703 ], [ -157.75831271807732, 21.429426901992166 ], [ -157.757865360102301, 21.428914582978997 ], [ -157.757708403695176, 21.428790419431014 ] ], [ [ -157.74119493839774, 21.43056415880989 ], [ -157.741072613102688, 21.430721106297042 ], [ -157.739573722084174, 21.431207118614324 ], [ -157.739322078788376, 21.43207137544195 ], [ -157.739011662104929, 21.432011475522973 ], [ -157.737997046365308, 21.432191273858891 ], [ -157.736963924295253, 21.431992072328324 ], [ -157.736712086246484, 21.432909849508579 ], [ -157.737358114810974, 21.432795428965953 ], [ -157.738035837236339, 21.43369599940587 ], [ -157.737365760573852, 21.434666797734419 ], [ -157.736967508702008, 21.434137791729601 ], [ -157.736698627247222, 21.434473595551388 ], [ -157.737491444891077, 21.436321840549528 ], [ -157.738522154290877, 21.4357201088471 ], [ -157.738969256851561, 21.434183646110938 ], [ -157.739308119789342, 21.433959917572867 ], [ -157.739554373164253, 21.433460448024118 ], [ -157.738824608576664, 21.432365168171238 ], [ -157.740247263168641, 21.432925103732071 ], [ -157.742155050666753, 21.432586991051494 ], [ -157.741775951950558, 21.430712365768944 ], [ -157.74119493839774, 21.43056415880989 ] ], [ [ -157.742945425060299, 21.428951263295843 ], [ -157.742494831567598, 21.429615342244048 ], [ -157.742167689526383, 21.430287294302474 ], [ -157.742508139512779, 21.432054509320803 ], [ -157.743365897960871, 21.429295957328307 ], [ -157.742945425060299, 21.428951263295843 ] ], [ [ -157.745017719754429, 21.423546649890604 ], [ -157.745371235371096, 21.423456536218954 ], [ -157.745119746435279, 21.423216991091579 ], [ -157.745017719754429, 21.423546649890604 ], [ -157.744728305913327, 21.423544481232849 ], [ -157.744725989533976, 21.423815471724172 ], [ -157.744372472720698, 21.4239055839682 ], [ -157.74462396149147, 21.424145130196703 ], [ -157.744725989533976, 21.423815471724172 ], [ -157.745015403908781, 21.423817640411993 ], [ -157.745017719754429, 21.423546649890604 ] ], [ [ -157.745895218109979, 21.422469190328968 ], [ -157.746248730660199, 21.422379074640382 ], [ -157.745997241966734, 21.422139530821003 ], [ -157.745895218109979, 21.422469190328968 ], [ -157.74560580629435, 21.422467023290743 ], [ -157.745603491661939, 21.422738013908251 ], [ -157.745249977915137, 21.422828128169346 ], [ -157.74550146644367, 21.423067673089793 ], [ -157.745603491661939, 21.422738013908251 ], [ -157.745892904011242, 21.422740180976525 ], [ -157.745895218109979, 21.422469190328968 ] ], [ [ -157.746191570438668, 21.421658384780638 ], [ -157.746287952157985, 21.42198952951885 ], [ -157.746543497596576, 21.421753780573116 ], [ -157.746191570438668, 21.421658384780638 ] ], [ [ -157.746485606461164, 21.421118569232995 ], [ -157.746581988566561, 21.421449713837884 ], [ -157.746837532570225, 21.421213964359669 ], [ -157.746485606461164, 21.421118569232995 ] ], [ [ -157.746779640239822, 21.42057875302951 ], [ -157.7468760227313, 21.42090989750108 ], [ -157.747131565300123, 21.420674147490427 ], [ -157.746779640239822, 21.42057875302951 ] ], [ [ -157.747075983374771, 21.419767945312572 ], [ -157.747186606496598, 21.420384628066472 ], [ -157.747450870305272, 21.419921470527083 ], [ -157.747075983374771, 21.419767945312572 ] ], [ [ -157.74737001205969, 21.419228127749545 ], [ -157.747466395184659, 21.419559271955144 ], [ -157.7477219343846, 21.41932352084552 ], [ -157.74737001205969, 21.419228127749545 ] ], [ [ -157.747666348851993, 21.418417318568139 ], [ -157.747762732224373, 21.418748462641108 ], [ -157.748018269490359, 21.418512710964965 ], [ -157.747666348851993, 21.418417318568139 ] ], [ [ -157.747960372443714, 21.417877499645765 ], [ -157.748056756202033, 21.418208643585416 ], [ -157.748312292033404, 21.417972891376969 ], [ -157.747960372443714, 21.417877499645765 ] ], [ [ -157.748256702894111, 21.417066689000134 ], [ -157.748353086899726, 21.417397832807158 ], [ -157.748608620797341, 21.417162080032274 ], [ -157.748256702894111, 21.417066689000134 ] ], [ [ -157.748550721393144, 21.41652686871862 ], [ -157.748647105784613, 21.416858012392332 ], [ -157.748902638247728, 21.416622259085205 ], [ -157.748550721393144, 21.41652686871862 ] ], [ [ -157.748847045502288, 21.415716056609 ], [ -157.748943430141026, 21.416047200150096 ], [ -157.749198960670526, 21.415811446276614 ], [ -157.748847045502288, 21.415716056609 ] ], [ [ -157.749430456754965, 21.415178395200709 ], [ -157.749783949751617, 21.415088271011125 ], [ -157.749532466819147, 21.414848732624733 ], [ -157.749430456754965, 21.415178395200709 ], [ -157.749076963362938, 21.415268518622216 ], [ -157.749328446195165, 21.415508057679567 ], [ -157.749430456754965, 21.415178395200709 ] ], [ [ -157.750016169277671, 21.414369740181083 ], [ -157.750369660009937, 21.414279614634602 ], [ -157.750118177384593, 21.414040077125907 ], [ -157.750016169277671, 21.414369740181083 ], [ -157.749662678150031, 21.414459864959525 ], [ -157.749914160675189, 21.41469940313916 ], [ -157.750016169277671, 21.414369740181083 ] ], [ [ -157.750893573836663, 21.413292248814535 ], [ -157.75124706150379, 21.413202121252684 ], [ -157.750995579121479, 21.412962585051289 ], [ -157.750893573836663, 21.413292248814535 ], [ -157.750540085774134, 21.413382375608411 ], [ -157.750791568056343, 21.413621912480711 ], [ -157.750893573836663, 21.413292248814535 ] ], [ [ -157.75177096534, 21.412214752090232 ], [ -157.752124449942102, 21.412124622513232 ], [ -157.751872967802967, 21.411885087619048 ], [ -157.75177096534, 21.412214752090232 ], [ -157.751417480342525, 21.41230488089931 ], [ -157.751668962381615, 21.412544416464357 ], [ -157.75177096534, 21.412214752090232 ] ], [ [ -157.772611830615375, 21.411826677222397 ], [ -157.772708267512485, 21.412157809702805 ], [ -157.772963754785451, 21.411922017304331 ], [ -157.772611830615375, 21.411826677222397 ] ], [ [ -157.752356652709437, 21.411406087404977 ], [ -157.752710135047437, 21.411315956471501 ], [ -157.752458653215626, 21.41107642245484 ], [ -157.752356652709437, 21.411406087404977 ], [ -157.752003169976007, 21.411496217570566 ], [ -157.752254651707801, 21.411735752258075 ], [ -157.752356652709437, 21.411406087404977 ] ], [ [ -157.753234021873908, 21.4103285817109 ], [ -157.753587501147138, 21.410238448762669 ], [ -157.753336019558759, 21.409998916053066 ], [ -157.753234021873908, 21.4103285817109 ], [ -157.752880542205276, 21.41041871389131 ], [ -157.753132023693752, 21.410658247271723 ], [ -157.753234021873908, 21.4103285817109 ] ], [ [ -157.838806750452818, 21.458641905768811 ], [ -157.838917783033168, 21.459258544487522 ], [ -157.839181841527392, 21.458795233937963 ], [ -157.838806750452818, 21.458641905768811 ] ], [ [ -157.873967763831985, 21.554550448243969 ], [ -157.87445052292108, 21.554462665260029 ], [ -157.874459341757245, 21.553649685206722 ], [ -157.873967763831985, 21.554550448243969 ], [ -157.873613992068528, 21.554640821786183 ], [ -157.873865916211912, 21.554880189790719 ], [ -157.873967763831985, 21.554550448243969 ] ], [ [ -157.872231739925724, 21.554267698715176 ], [ -157.872386370370435, 21.554612870523687 ], [ -157.872897112339018, 21.554382033500524 ], [ -157.872231739925724, 21.554267698715176 ] ], [ [ -158.118387256167267, 21.570386862182293 ], [ -158.118499540737901, 21.571003355826242 ], [ -158.118762950122687, 21.570539582491389 ], [ -158.118387256167267, 21.570386862182293 ] ], [ [ -157.965316757199304, 21.704472753349183 ], [ -157.965475566733119, 21.705433873942432 ], [ -157.964845350507005, 21.705899020671978 ], [ -157.964901629800892, 21.706345890739289 ], [ -157.967044549675876, 21.706110343585852 ], [ -157.966862292466232, 21.704663223701544 ], [ -157.965316757199304, 21.704472753349183 ] ], [ [ -157.987972399327532, 21.699463313887744 ], [ -157.98786064159512, 21.699630329435205 ], [ -157.986639216781526, 21.700011031354229 ], [ -157.986563716099255, 21.700642091082663 ], [ -157.988233691165931, 21.700167161537948 ], [ -157.988661896336424, 21.699619504431208 ], [ -157.987972399327532, 21.699463313887744 ] ], [ [ -157.971460547979575, 21.696922569769921 ], [ -157.971348773791618, 21.697089573567933 ], [ -157.970964911241452, 21.697307391457255 ], [ -157.970556961769518, 21.698503220360443 ], [ -157.971678181623673, 21.698837235354535 ], [ -157.973008854591086, 21.697411240092915 ], [ -157.971889809127163, 21.697729377752857 ], [ -157.97163921104729, 21.69702699578086 ], [ -157.971460547979575, 21.696922569769921 ] ], [ [ -157.952674628134019, 21.688132529581214 ], [ -157.952774051108975, 21.688579245539188 ], [ -157.953290284178735, 21.689226129615875 ], [ -157.953932511482037, 21.688778435863302 ], [ -157.954790021441823, 21.688536746384049 ], [ -157.9530659707479, 21.688310074230756 ], [ -157.952674628134019, 21.688132529581214 ] ], [ [ -157.95499040350046, 21.688689164278742 ], [ -157.955087270099028, 21.689020205515725 ], [ -157.955343267203745, 21.688784151247734 ], [ -157.95499040350046, 21.688689164278742 ] ], [ [ -157.949498818610522, 21.686215348656514 ], [ -157.948938286157897, 21.687521808885656 ], [ -157.949322252206457, 21.687993255713732 ], [ -157.950255938872232, 21.688357354492219 ], [ -157.950141771937808, 21.689047631485259 ], [ -157.951638203988921, 21.688523173889351 ], [ -157.951208797106631, 21.687090754239996 ], [ -157.950557762040035, 21.686291326806945 ], [ -157.949924122693687, 21.686374754592745 ], [ -157.949498818610522, 21.686215348656514 ] ], [ [ -157.952709884418425, 21.683254496305661 ], [ -157.952572086236813, 21.683396742530736 ], [ -157.952291196721148, 21.687350578548134 ], [ -157.953650738819817, 21.687995573945045 ], [ -157.95341645770705, 21.683852659303323 ], [ -157.952709884418425, 21.683254496305661 ] ], [ [ -157.908912013170408, 21.607901720105264 ], [ -157.909008728195488, 21.608232784834595 ], [ -157.909264648265378, 21.607996796557842 ], [ -157.908912013170408, 21.607901720105264 ] ], [ [ -157.904297729563467, 21.604890243379597 ], [ -157.904394432285244, 21.605221310382557 ], [ -157.904650353965479, 21.604985329213687 ], [ -157.904297729563467, 21.604890243379597 ] ], [ [ -157.904012022454765, 21.604346334349483 ], [ -157.904108724216485, 21.60467740149705 ], [ -157.904364645339513, 21.604441420731778 ], [ -157.904012022454765, 21.604346334349483 ] ], [ [ -158.096443324933404, 21.60468957040132 ], [ -158.096367879307479, 21.603553382141229 ], [ -158.095865561014307, 21.604001722562828 ], [ -158.096151091033704, 21.604281445283604 ], [ -158.095817403899986, 21.604600813082488 ], [ -158.096443324933404, 21.60468957040132 ], [ -158.09654046967384, 21.605020542294859 ], [ -158.096796092114403, 21.604784253665866 ], [ -158.096443324933404, 21.60468957040132 ] ], [ [ -157.903438572206056, 21.603529515133168 ], [ -157.903535272193523, 21.603860582567915 ], [ -157.90379119270321, 21.603624602640746 ], [ -157.903438572206056, 21.603529515133168 ] ], [ [ -157.903736525635082, 21.602447423957774 ], [ -157.90409054091387, 21.602356992024486 ], [ -157.903838203568, 21.602117663582806 ], [ -157.903736525635082, 21.602447423957774 ], [ -157.903446740881463, 21.602445514479381 ], [ -157.903444698760609, 21.602716514656329 ], [ -157.903090682261194, 21.602806945157486 ], [ -157.903343019463364, 21.603046274712145 ], [ -157.903444698760609, 21.602716514656329 ], [ -157.903734484053643, 21.602718424161026 ], [ -157.903736525635082, 21.602447423957774 ] ], [ [ -158.102004833529605, 21.595775830972176 ], [ -158.102699045548462, 21.595202387777725 ], [ -158.101732942033948, 21.594020305076125 ], [ -158.10100247522783, 21.595171860498478 ], [ -158.101715044513583, 21.595774267220879 ], [ -158.101856052292675, 21.596405017673437 ], [ -158.102004833529605, 21.595775830972176 ] ], [ [ -158.098540792371239, 21.593588899815476 ], [ -158.098894682771942, 21.59349804790423 ], [ -158.09864202697878, 21.59325900308048 ], [ -158.098540792371239, 21.593588899815476 ], [ -158.097585256210522, 21.593699781531846 ], [ -158.098333223786625, 21.593952297205028 ], [ -158.098540792371239, 21.593588899815476 ] ], [ [ -158.102021550180837, 21.593065662229485 ], [ -158.10217691301753, 21.593410642354332 ], [ -158.102687319087352, 21.593179092120586 ], [ -158.102021550180837, 21.593065662229485 ] ], [ [ -158.101153872528528, 21.592789953250175 ], [ -158.101309233008578, 21.593134934114818 ], [ -158.101819639369126, 21.592903386548741 ], [ -158.101153872528528, 21.592789953250175 ] ], [ [ -158.100286198321413, 21.59251423985236 ], [ -158.100383344863587, 21.592845210001499 ], [ -158.100638939129567, 21.592608914168377 ], [ -158.100286198321413, 21.59251423985236 ] ], [ [ -158.099125392042367, 21.592778987468403 ], [ -158.099479280138667, 21.592688134224321 ], [ -158.099226624703107, 21.592449090280542 ], [ -158.099125392042367, 21.592778987468403 ], [ -158.098771503531992, 21.592869839943706 ], [ -158.09902415889556, 21.593108884565847 ], [ -158.099125392042367, 21.592778987468403 ] ], [ [ -158.094492241060465, 21.592211797279806 ], [ -158.09464758494434, 21.592556783815393 ], [ -158.095157999024195, 21.592325256960653 ], [ -158.094492241060465, 21.592211797279806 ] ], [ [ -158.104421482532445, 21.579798304165625 ], [ -158.104518631229809, 21.580129272432192 ], [ -158.104774195903275, 21.579892968889268 ], [ -158.104421482532445, 21.579798304165625 ] ], [ [ -158.106746189140893, 21.578726682733556 ], [ -158.106843342554782, 21.579057649843527 ], [ -158.107098901649493, 21.578821342507752 ], [ -158.106746189140893, 21.578726682733556 ] ], [ [ -158.109360616069523, 21.5776565772426 ], [ -158.109457774864865, 21.577987543049133 ], [ -158.109713327931246, 21.57775123146061 ], [ -158.109360616069523, 21.5776565772426 ] ], [ [ -158.119786849548035, 21.57852508730069 ], [ -158.119899145009867, 21.579141579820963 ], [ -158.120162565744778, 21.578677805068661 ], [ -158.119786849548035, 21.57852508730069 ] ], [ [ -158.120089698569217, 21.576358468352428 ], [ -158.120212372112434, 21.577810330593326 ], [ -158.120491037187435, 21.576601839559512 ], [ -158.120089698569217, 21.576358468352428 ] ], [ [ -158.113708570946926, 21.577408744121133 ], [ -158.113805739575724, 21.577739707733606 ], [ -158.114061285400595, 21.577503389209237 ], [ -158.113708570946926, 21.577408744121133 ] ], [ [ -158.110231531825661, 21.577390205313804 ], [ -158.110328692465544, 21.577721170684544 ], [ -158.110584243687583, 21.577484857687494 ], [ -158.110231531825661, 21.577390205313804 ] ], [ [ -158.113130713697245, 21.577134641104006 ], [ -158.113227880841691, 21.577465605013227 ], [ -158.113483427071031, 21.577229287383535 ], [ -158.113130713697245, 21.577134641104006 ] ], [ [ -158.111102444556877, 21.57712382871259 ], [ -158.111199607041215, 21.57745479364748 ], [ -158.111455156418884, 21.577218479241992 ], [ -158.111102444556877, 21.57712382871259 ] ], [ [ -158.111973354263029, 21.576857447439142 ], [ -158.112128725259851, 21.577202419156031 ], [ -158.112639058891347, 21.576970835468163 ], [ -158.111973354263029, 21.576857447439142 ] ], [ [ -158.118081117923879, 21.57309551665627 ], [ -158.118178294089802, 21.573426478127562 ], [ -158.11843382524728, 21.573190152273188 ], [ -158.118081117923879, 21.57309551665627 ] ], [ [ -158.118089317461994, 21.571740422772901 ], [ -158.118201601584474, 21.572356916511385 ], [ -158.118465014513134, 21.571893143837649 ], [ -158.118089317461994, 21.571740422772901 ] ], [ [ -158.117256195977831, 21.565773404542934 ], [ -158.117353366017653, 21.566104366552455 ], [ -158.117608885164316, 21.56586804136662 ], [ -158.117256195977831, 21.565773404542934 ] ], [ [ -157.874545046272203, 21.554825360176654 ], [ -157.874641794322429, 21.555156443035603 ], [ -157.874897387133245, 21.554920502591525 ], [ -157.874545046272203, 21.554825360176654 ] ], [ [ -157.875430820772863, 21.552663232321567 ], [ -157.875527428221943, 21.552994313821369 ], [ -157.875783298598577, 21.552758373639879 ], [ -157.875430820772863, 21.552663232321567 ] ], [ [ -157.837827705547227, 21.509043495513055 ], [ -157.837537565681941, 21.509430460079649 ], [ -157.836573346031031, 21.509760457984768 ], [ -157.838061424041143, 21.510239864485293 ], [ -157.83852377293988, 21.509215868919778 ], [ -157.837827705547227, 21.509043495513055 ] ], [ [ -157.839100535739846, 21.458101917360477 ], [ -157.839197149608026, 21.458433018107431 ], [ -157.839452619915193, 21.45819712428149 ], [ -157.839100535739846, 21.458101917360477 ] ], [ [ -157.83853013978495, 21.4570139032645 ], [ -157.838626751757118, 21.457345004292488 ], [ -157.838882220950723, 21.457109111263591 ], [ -157.83853013978495, 21.4570139032645 ] ], [ [ -158.090229724129699, 21.439057881697355 ], [ -158.09032675963573, 21.439388859326613 ], [ -158.090582091377939, 21.439152565765795 ], [ -158.090229724129699, 21.439057881697355 ] ], [ [ -158.089662537334533, 21.437157587417929 ], [ -158.089759570464594, 21.43748856536018 ], [ -158.09001489965479, 21.437252272526759 ], [ -158.089662537334533, 21.437157587417929 ] ], [ [ -157.786511725865068, 21.410843863574172 ], [ -157.786608194001616, 21.411174989551263 ], [ -157.78686365831993, 21.410939174786236 ], [ -157.786511725865068, 21.410843863574172 ] ], [ [ -157.785064759422966, 21.410833379620652 ], [ -157.785258009487734, 21.41118340321189 ], [ -157.786031727870977, 21.41095816063579 ], [ -157.785064759422966, 21.410833379620652 ] ], [ [ -157.754111377985453, 21.409251070661124 ], [ -157.754464854194026, 21.409160935698356 ], [ -157.754213372849136, 21.408921404295722 ], [ -157.754111377985453, 21.409251070661124 ], [ -157.75382199129362, 21.409248919078767 ], [ -157.753819693378347, 21.409519910975753 ], [ -157.753466215973589, 21.409610044512405 ], [ -157.753717697154627, 21.409849577015372 ], [ -157.753819693378347, 21.409519910975753 ], [ -157.754109080603456, 21.409522062587961 ], [ -157.754111377985453, 21.409251070661124 ] ], [ [ -157.754697040206906, 21.408442396314094 ], [ -157.755050514151691, 21.408352259995279 ], [ -157.754799033114352, 21.408112729470002 ], [ -157.754697040206906, 21.408442396314094 ], [ -157.754343565866691, 21.408532531865188 ], [ -157.754595046804184, 21.408772063061207 ], [ -157.754697040206906, 21.408442396314094 ] ], [ [ -157.75557437398416, 21.407364876298026 ], [ -157.755927844864516, 21.407274737965057 ], [ -157.755676364070951, 21.407035208746599 ], [ -157.75557437398416, 21.407364876298026 ], [ -157.755220902708345, 21.407455013863331 ], [ -157.755472383402179, 21.407694543752495 ], [ -157.75557437398416, 21.407364876298026 ] ], [ [ -157.756458572649677, 21.405474374081521 ], [ -157.756355251000741, 21.406195593176658 ], [ -157.755928264676925, 21.40669090676991 ], [ -157.756125870653108, 21.406917993877961 ], [ -157.75737646443568, 21.405913896602108 ], [ -157.756458572649677, 21.405474374081521 ] ], [ [ -157.755599610687227, 21.404383962176603 ], [ -157.755696004744863, 21.404715102648584 ], [ -157.755951504292, 21.404479336679032 ], [ -157.755599610687227, 21.404383962176603 ] ], [ [ -157.755319411443537, 21.403297844706181 ], [ -157.755415804284098, 21.403628985315912 ], [ -157.755671302272333, 21.403393219673884 ], [ -157.755319411443537, 21.403297844706181 ] ], [ [ -157.755036921080347, 21.402482719081302 ], [ -157.75513331284256, 21.402813859828026 ], [ -157.755388809770636, 21.402578094547479 ], [ -157.755036921080347, 21.402482719081302 ] ], [ [ -157.754754433626374, 21.401667593055244 ], [ -157.754850824310353, 21.401998733938928 ], [ -157.755106320178271, 21.401762969019835 ], [ -157.754754433626374, 21.401667593055244 ] ], [ [ -157.748739894364547, 21.394305566635037 ], [ -157.748836267403249, 21.394636710365095 ], [ -157.749091758956467, 21.394400954258423 ], [ -157.748739894364547, 21.394305566635037 ] ], [ [ -157.7473000356228, 21.393481789370707 ], [ -157.747396404936183, 21.393812933775227 ], [ -157.747651897170641, 21.393577179883252 ], [ -157.7473000356228, 21.393481789370707 ] ], [ [ -157.748170406992699, 21.393217280029798 ], [ -157.748266778153948, 21.393548424031579 ], [ -157.748522268583685, 21.393312668715179 ], [ -157.748170406992699, 21.393217280029798 ] ], [ [ -157.760911171653021, 21.392227866574437 ], [ -157.760788716145527, 21.391802979217069 ], [ -157.759650997610663, 21.390966982156414 ], [ -157.759360235258839, 21.389624337681184 ], [ -157.759007604964211, 21.389385653684531 ], [ -157.757330738601809, 21.390089600783003 ], [ -157.758906029224022, 21.390707134270475 ], [ -157.759787575942596, 21.391794387438612 ], [ -157.760911171653021, 21.392227866574437 ], [ -157.761045103660365, 21.392833600222765 ], [ -157.761589509479279, 21.392582557072465 ], [ -157.760911171653021, 21.392227866574437 ] ], [ [ -157.976789965580139, 21.392057852731003 ], [ -157.976886716206991, 21.392388886990521 ], [ -157.97714213796462, 21.392152768839836 ], [ -157.976789965580139, 21.392057852731003 ] ], [ [ -157.974484411071927, 21.390688646220536 ], [ -157.974581155688838, 21.391019681619699 ], [ -157.974836578509468, 21.390783566996035 ], [ -157.974484411071927, 21.390688646220536 ] ], [ [ -157.752255853856155, 21.389182587040228 ], [ -157.753198644989197, 21.389071560981158 ], [ -157.753439557339931, 21.38855343147992 ], [ -157.752396316756148, 21.388947094131161 ], [ -157.752255853856155, 21.389182587040228 ], [ -157.751966506857428, 21.38918043417431 ], [ -157.75196420789095, 21.389451426527256 ], [ -157.751385512936821, 21.389447119238934 ], [ -157.751383212868802, 21.389718111523091 ], [ -157.750724759012996, 21.389821783861411 ], [ -157.75121915995885, 21.390069149351749 ], [ -157.751383212868802, 21.389718111523091 ], [ -157.751961908888262, 21.389722418871223 ], [ -157.75196420789095, 21.389451426527256 ], [ -157.752253555422357, 21.389453579423066 ], [ -157.752255853856155, 21.389182587040228 ] ], [ [ -157.754288167759597, 21.38838466530283 ], [ -157.754485464902729, 21.38867857752151 ], [ -157.755697770577086, 21.389042945362029 ], [ -157.755546195460141, 21.388521503212363 ], [ -157.754288167759597, 21.38838466530283 ] ], [ [ -157.738950575300237, 21.388541056822991 ], [ -157.739046922929333, 21.388872205134234 ], [ -157.739302418809388, 21.38863646406616 ], [ -157.738950575300237, 21.388541056822991 ] ], [ [ -157.976515674745627, 21.389887979265779 ], [ -157.97661242354323, 21.390219013686011 ], [ -157.976867841795183, 21.389982895760042 ], [ -157.976515674745627, 21.389887979265779 ] ], [ [ -157.738084867059257, 21.388263537125649 ], [ -157.73823902048062, 21.388608816721728 ], [ -157.738749359475634, 21.38837836787355 ], [ -157.738084867059257, 21.388263537125649 ] ], [ [ -157.732876687588259, 21.388224270821617 ], [ -157.733069783315472, 21.388574348020455 ], [ -157.733843447409384, 21.388349343864316 ], [ -157.732876687588259, 21.388224270821617 ] ], [ [ -157.727962548383147, 21.387645057791243 ], [ -157.72785202355368, 21.387028365194467 ], [ -157.727587764689446, 21.38749149347062 ], [ -157.727962548383147, 21.387645057791243 ], [ -157.728058870443647, 21.387976211196474 ], [ -157.728314381352675, 21.387740487641615 ], [ -157.727962548383147, 21.387645057791243 ] ], [ [ -157.974495746047211, 21.389062566265284 ], [ -157.974689431861776, 21.389412390571607 ], [ -157.975462928066264, 21.389186256359753 ], [ -157.974495746047211, 21.389062566265284 ] ], [ [ -157.949899475692746, 21.388910377937375 ], [ -157.950054278149281, 21.389255485835246 ], [ -157.950564178987321, 21.38902437676018 ], [ -157.949899475692746, 21.388910377937375 ] ], [ [ -157.948742009532793, 21.388903127306833 ], [ -157.948838694538381, 21.389234175223745 ], [ -157.949094153631705, 21.388998101314272 ], [ -157.948742009532793, 21.388903127306833 ] ], [ [ -157.982327469638108, 21.386400013318486 ], [ -157.982042554497326, 21.387960849384914 ], [ -157.983633450340363, 21.387386230363713 ], [ -157.984188747127831, 21.386547866520651 ], [ -157.982327469638108, 21.386400013318486 ] ], [ [ -157.976241390564638, 21.387718105123636 ], [ -157.976338137533247, 21.388049139704528 ], [ -157.976593552279979, 21.387813022003186 ], [ -157.976241390564638, 21.387718105123636 ] ], [ [ -157.727414335270424, 21.384117799421155 ], [ -157.727533161919894, 21.385832679067988 ], [ -157.727819498558546, 21.384384403842731 ], [ -157.727414335270424, 21.384117799421155 ] ], [ [ -157.975961454833879, 21.386361271038176 ], [ -157.976073027754722, 21.386977846026841 ], [ -157.976336522935412, 21.386514291568936 ], [ -157.975961454833879, 21.386361271038176 ] ], [ [ -157.982039979927549, 21.386127243462429 ], [ -157.984151856278373, 21.386017502236925 ], [ -157.983856705918669, 21.38474614227351 ], [ -157.982431889912078, 21.38560292135957 ], [ -157.982039979927549, 21.386127243462429 ], [ -157.98107118583431, 21.386768752299794 ], [ -157.981616259286483, 21.387592946484521 ], [ -157.982039979927549, 21.386127243462429 ] ], [ [ -157.976254589930477, 21.385821010094379 ], [ -157.976351335876302, 21.386152044692537 ], [ -157.976606747170194, 21.385915926785991 ], [ -157.976254589930477, 21.385821010094379 ] ], [ [ -157.952235638728411, 21.385943728862344 ], [ -157.952589099045952, 21.3858531688944 ], [ -157.952337035298115, 21.385613919816937 ], [ -157.952235638728411, 21.385943728862344 ], [ -157.951830044010137, 21.386212218529607 ], [ -157.952231779137975, 21.386485751921331 ], [ -157.95222984929714, 21.38675676343745 ], [ -157.952808574522948, 21.386760377372728 ], [ -157.952652325658164, 21.387650087495061 ], [ -157.95158690728428, 21.388329261268584 ], [ -157.951348240761064, 21.388648418628129 ], [ -157.950689893026379, 21.38875288269579 ], [ -157.951184797862936, 21.388999674222333 ], [ -157.951348240761064, 21.388648418628129 ], [ -157.951814834602544, 21.388545532779002 ], [ -157.952856933720597, 21.388125259198173 ], [ -157.953209111947615, 21.38700412549894 ], [ -157.952808574522948, 21.386760377372728 ], [ -157.952810503298309, 21.386489365806419 ], [ -157.952231779137975, 21.386485751921331 ], [ -157.952235638728411, 21.385943728862344 ] ], [ [ -157.9771283305368, 21.38501326462826 ], [ -157.977481775685305, 21.384922651480949 ], [ -157.977229671259892, 21.384683438217934 ], [ -157.9771283305368, 21.38501326462826 ], [ -157.976774884984337, 21.385103877012384 ], [ -157.977026989328408, 21.385343090946449 ], [ -157.9771283305368, 21.38501326462826 ] ], [ [ -157.727713041380838, 21.383036034137568 ], [ -157.727809360441654, 21.383367187685437 ], [ -157.72806486330478, 21.383131464006457 ], [ -157.727713041380838, 21.383036034137568 ] ], [ [ -157.95311336227175, 21.384594090611177 ], [ -157.953481759264065, 21.384449099479546 ], [ -157.953235065033084, 21.383971548471486 ], [ -157.95311336227175, 21.384594090611177 ], [ -157.952824003874838, 21.384592284592653 ], [ -157.952820146719262, 21.385134307841163 ], [ -157.952466688268913, 21.385224868380195 ], [ -157.952718751599662, 21.385464117255033 ], [ -157.952820146719262, 21.385134307841163 ], [ -157.953109506181534, 21.385136113909851 ], [ -157.95311336227175, 21.384594090611177 ] ], [ [ -157.728007058208334, 21.38249624812163 ], [ -157.728103377655998, 21.382827401536741 ], [ -157.728358879087011, 21.382591677325031 ], [ -157.728007058208334, 21.38249624812163 ] ], [ [ -157.977723997174252, 21.382577668231303 ], [ -157.977845750269267, 21.384292499452034 ], [ -157.978129640367598, 21.382843687796228 ], [ -157.977723997174252, 21.382577668231303 ] ], [ [ -157.728590402949862, 21.381958654432015 ], [ -157.728686723446145, 21.382289807580555 ], [ -157.728942223010449, 21.382054082372584 ], [ -157.728590402949862, 21.381958654432015 ] ], [ [ -157.729460733152052, 21.381694240145666 ], [ -157.729557055496144, 21.382025392893265 ], [ -157.729812553257915, 21.381789666260111 ], [ -157.729460733152052, 21.381694240145666 ] ], [ [ -157.730041731143814, 21.381427631249654 ], [ -157.730138054673915, 21.381758783730099 ], [ -157.730393551067749, 21.381523056135364 ], [ -157.730041731143814, 21.381427631249654 ] ], [ [ -157.730914392713572, 21.380892218708489 ], [ -157.731267811255719, 21.380802129707988 ], [ -157.731016415561129, 21.380562566959799 ], [ -157.730914392713572, 21.380892218708489 ], [ -157.73054581109318, 21.38103671141246 ], [ -157.730791761018594, 21.381514556677626 ], [ -157.730914392713572, 21.380892218708489 ] ], [ [ -157.977733409303198, 21.381222598938944 ], [ -157.977844986788256, 21.381839173261351 ], [ -157.978108466572877, 21.381375615149487 ], [ -157.977733409303198, 21.381222598938944 ] ], [ [ -157.73150005628284, 21.380083623454077 ], [ -157.731945864007827, 21.379961546352753 ], [ -157.733811872470625, 21.379835305252801 ], [ -157.734225021062542, 21.381604807089676 ], [ -157.734552778678619, 21.382165837430207 ], [ -157.734414115942059, 21.383635289396786 ], [ -157.734890030533251, 21.384449456080624 ], [ -157.736184433977741, 21.384851566678467 ], [ -157.737400988830956, 21.383064436518936 ], [ -157.73946423042446, 21.382348904047809 ], [ -157.739349518902259, 21.380863118010826 ], [ -157.740469199580161, 21.380217890944007 ], [ -157.740289362158961, 21.37788848446538 ], [ -157.739314219663555, 21.375680933654881 ], [ -157.738890271552862, 21.376551778080387 ], [ -157.737909902811253, 21.37733023983769 ], [ -157.738113345934892, 21.379966959320747 ], [ -157.737676211741075, 21.3814173649324 ], [ -157.736419619767815, 21.382143253970028 ], [ -157.735116097324976, 21.381423952454959 ], [ -157.735926994122991, 21.378734336806879 ], [ -157.734747176739774, 21.379504527062203 ], [ -157.733097276173282, 21.378389980507578 ], [ -157.732523486664292, 21.377755830536323 ], [ -157.731789251480478, 21.377805463394697 ], [ -157.732370669249889, 21.378800267902516 ], [ -157.73150005628284, 21.380083623454077 ], [ -157.731146639605868, 21.380173713044123 ], [ -157.731398034894937, 21.380413275585507 ], [ -157.73150005628284, 21.380083623454077 ] ], [ [ -157.978028408682349, 21.380411319976083 ], [ -157.978125155663321, 21.380742353778359 ], [ -157.978380554448108, 21.380506232531975 ], [ -157.978028408682349, 21.380411319976083 ] ], [ [ -157.978321523505542, 21.379871054266047 ], [ -157.978418270853723, 21.380202087932386 ], [ -157.978673668211457, 21.379965966168545 ], [ -157.978321523505542, 21.379871054266047 ] ], [ [ -157.930086906453113, 21.367645418394929 ], [ -157.930440333721464, 21.367554903638414 ], [ -157.930188337476181, 21.367315623564455 ], [ -157.930086906453113, 21.367645418394929 ], [ -157.929733478783135, 21.367735932388005 ], [ -157.929985474943351, 21.367975213132343 ], [ -157.930086906453113, 21.367645418394929 ] ], [ [ -157.710516950414672, 21.364205269613418 ], [ -157.710870338342374, 21.364115222023681 ], [ -157.710619004534806, 21.363875631338448 ], [ -157.710516950414672, 21.364205269613418 ], [ -157.710163562094408, 21.364295316436291 ], [ -157.710414895798777, 21.364534907790677 ], [ -157.710516950414672, 21.364205269613418 ] ], [ [ -157.931549248909448, 21.365486549854271 ], [ -157.931902670181415, 21.365396031741206 ], [ -157.931650674982393, 21.365156753857573 ], [ -157.931549248909448, 21.365486549854271 ], [ -157.931259930080273, 21.365484708209831 ], [ -157.931257963739597, 21.365755718561857 ], [ -157.930968644409347, 21.365753876393399 ], [ -157.930966677505609, 21.366024886710917 ], [ -157.930677357674284, 21.36602304401843 ], [ -157.93067342270956, 21.366565064575489 ], [ -157.930305051205522, 21.366710006854284 ], [ -157.930551643170048, 21.367187588259441 ], [ -157.93067342270956, 21.366565064575489 ], [ -157.93096274360505, 21.366566907319193 ], [ -157.930966677505609, 21.366024886710917 ], [ -157.931255997367941, 21.366026728904977 ], [ -157.931257963739597, 21.365755718561857 ], [ -157.931547283100883, 21.365757560231899 ], [ -157.931549248909448, 21.365486549854271 ] ], [ [ -157.711100279258886, 21.363667735163649 ], [ -157.711196550215789, 21.363998896484624 ], [ -157.711452042848236, 21.363763197224269 ], [ -157.711100279258886, 21.363667735163649 ] ], [ [ -157.71168123386451, 21.363401187392277 ], [ -157.711777506007195, 21.363732348447336 ], [ -157.712032997273667, 21.363496648225084 ], [ -157.71168123386451, 21.363401187392277 ] ], [ [ -157.712553846165378, 21.362865867221398 ], [ -157.712650120018253, 21.363197027877735 ], [ -157.712905608986489, 21.36296132619529 ], [ -157.712553846165378, 21.362865867221398 ] ], [ [ -157.932714378947963, 21.364409869439019 ], [ -157.933372626422369, 21.364305471627876 ], [ -157.932877835000738, 21.364058631522237 ], [ -157.932714378947963, 21.364409869439019 ], [ -157.932135745328964, 21.364406189843585 ], [ -157.932133780708426, 21.364677200308048 ], [ -157.931780361301406, 21.364767718993409 ], [ -157.932032356084846, 21.365006996674204 ], [ -157.932133780708426, 21.364677200308048 ], [ -157.932712415391478, 21.364680879954612 ], [ -157.932714378947963, 21.364409869439019 ] ], [ [ -157.713134795182555, 21.362599314101711 ], [ -157.71323107022107, 21.362930474492071 ], [ -157.713486557823359, 21.362694771847856 ], [ -157.713134795182555, 21.362599314101711 ] ], [ [ -157.714588341143866, 21.361797427350815 ], [ -157.714684619077843, 21.362128587076334 ], [ -157.71494010301609, 21.361892882010487 ], [ -157.714588341143866, 21.361797427350815 ] ], [ [ -157.715169282557298, 21.361530866758567 ], [ -157.715265561676745, 21.361862026218024 ], [ -157.715521044249044, 21.361626320190588 ], [ -157.715169282557298, 21.361530866758567 ] ], [ [ -157.890961561658372, 21.337850236074864 ], [ -157.891058087228657, 21.338181312315424 ], [ -157.891313542192336, 21.337945325105135 ], [ -157.890961561658372, 21.337850236074864 ] ], [ [ -157.89154619247293, 21.337041030034356 ], [ -157.891642718932616, 21.33737210600432 ], [ -157.891898171539054, 21.337136117781281 ], [ -157.89154619247293, 21.337041030034356 ] ], [ [ -157.887818514779525, 21.332680066554921 ], [ -157.887973116322456, 21.333025225277002 ], [ -157.888482906557613, 21.332794299118813 ], [ -157.887818514779525, 21.332680066554921 ] ], [ [ -157.888688306868687, 21.332414798612199 ], [ -157.888784824319742, 21.332745875991524 ], [ -157.889040272904253, 21.332509891836182 ], [ -157.888688306868687, 21.332414798612199 ] ], [ [ -157.868499079462623, 21.324691546321308 ], [ -157.868595688074748, 21.325022634324974 ], [ -157.868850870965304, 21.324786679575229 ], [ -157.868499079462623, 21.324691546321308 ] ], [ [ -157.869660160966134, 21.324157316240019 ], [ -157.87001337228142, 21.324066924315602 ], [ -157.869761831881391, 21.32382756172996 ], [ -157.869660160966134, 21.324157316240019 ], [ -157.869306949252888, 21.324247707402122 ], [ -157.869558489562422, 21.32448707065576 ], [ -157.869660160966134, 21.324157316240019 ] ], [ [ -157.870532003568854, 21.323621135067306 ], [ -157.870885213142799, 21.323530741224779 ], [ -157.870633672132868, 21.323291379906593 ], [ -157.870532003568854, 21.323621135067306 ], [ -157.870178793596892, 21.323711528147555 ], [ -157.870430334516413, 21.32395089013372 ], [ -157.870532003568854, 21.323621135067306 ] ], [ [ -157.871405911864002, 21.322813942788464 ], [ -157.87150252606537, 21.323145029428598 ], [ -157.871757701133163, 21.322909069864608 ], [ -157.871405911864002, 21.322813942788464 ] ], [ [ -157.872566968744422, 21.322279691392062 ], [ -157.872920174035897, 21.322189293062415 ], [ -157.872668631748695, 21.321949934706872 ], [ -157.872566968744422, 21.322279691392062 ], [ -157.872213763054901, 21.322370088959513 ], [ -157.872465305251836, 21.322609447983009 ], [ -157.872566968744422, 21.322279691392062 ] ], [ [ -157.873440858131033, 21.321472487564204 ], [ -157.8735374762297, 21.321803573249717 ], [ -157.873792645772568, 21.321567610313462 ], [ -157.873440858131033, 21.321472487564204 ] ], [ [ -157.874021378856213, 21.321205355453859 ], [ -157.8741757955884, 21.321550524436315 ], [ -157.87468570600609, 21.321319639968657 ], [ -157.874021378856213, 21.321205355453859 ] ], [ [ -157.874891123509627, 21.320940156671622 ], [ -157.875045542069643, 21.321285324943464 ], [ -157.875555450322508, 21.321054437730151 ], [ -157.874891123509627, 21.320940156671622 ] ], [ [ -157.875760865240068, 21.320674953243689 ], [ -157.875857488177672, 21.321006037833406 ], [ -157.876112652745974, 21.320770071129246 ], [ -157.875760865240068, 21.320674953243689 ] ], [ [ -157.876341378960234, 21.320407812773599 ], [ -157.876495800484179, 21.320752979859858 ], [ -157.87700570480871, 21.320522088052385 ], [ -157.876341378960234, 21.320407812773599 ] ], [ [ -157.859304374296784, 21.31676985275859 ], [ -157.859657572942041, 21.316679482007576 ], [ -157.859406062101783, 21.316440105032171 ], [ -157.859304374296784, 21.31676985275859 ], [ -157.858951175254163, 21.316860222747362 ], [ -157.85920268600313, 21.31709960039051 ], [ -157.859304374296784, 21.31676985275859 ] ], [ [ -157.859893268333195, 21.315418747983028 ], [ -157.859989852379385, 21.315749840157764 ], [ -157.860245031580035, 21.315513898113974 ], [ -157.859893268333195, 21.315418747983028 ] ], [ [ -157.861054303325915, 21.314884574893448 ], [ -157.861407496518552, 21.314794200197195 ], [ -157.86115598576356, 21.314554825803416 ], [ -157.861054303325915, 21.314884574893448 ], [ -157.860701109735885, 21.314974948827576 ], [ -157.860952620399729, 21.31521432388903 ], [ -157.861054303325915, 21.314884574893448 ] ], [ [ -157.861928206805317, 21.314077431060454 ], [ -157.862024794749942, 21.314408522282914 ], [ -157.862279968428766, 21.314172576865168 ], [ -157.861928206805317, 21.314077431060454 ] ], [ [ -157.862508716592657, 21.313810338101749 ], [ -157.862605305711696, 21.314141429051425 ], [ -157.862860478024402, 21.313905482683417 ], [ -157.862508716592657, 21.313810338101749 ] ], [ [ -157.863667645025657, 21.313547151716449 ], [ -157.863822029965291, 21.313892329083899 ], [ -157.864331927930778, 21.313661475353868 ], [ -157.863667645025657, 21.313547151716449 ] ], [ [ -157.689127943460335, 21.296830036150304 ], [ -157.689481178073322, 21.296740025267276 ], [ -157.689229989265925, 21.296500408353641 ], [ -157.689127943460335, 21.296830036150304 ], [ -157.688838784737925, 21.29682778368004 ], [ -157.688836380953262, 21.297098772305429 ], [ -157.6885472217391, 21.297096519307281 ], [ -157.688544817386713, 21.297367507892297 ], [ -157.68825565768077, 21.297365254366245 ], [ -157.688253252760632, 21.29763624291089 ], [ -157.687964092562936, 21.29763398885693 ], [ -157.687961687075017, 21.297904977361185 ], [ -157.687672526385541, 21.297902722779295 ], [ -157.687670120329841, 21.298173711243159 ], [ -157.687316881358356, 21.29826371807539 ], [ -157.687568069725415, 21.298503337790983 ], [ -157.687670120329841, 21.298173711243159 ], [ -157.687959281549098, 21.298175965856466 ], [ -157.687961687075017, 21.297904977361185 ], [ -157.688250847802522, 21.297907231446555 ], [ -157.688253252760632, 21.29763624291089 ], [ -157.688542412996355, 21.297638496468341 ], [ -157.688544817386713, 21.297367507892297 ], [ -157.688833977130656, 21.297369760921839 ], [ -157.688836380953262, 21.297098772305429 ], [ -157.689125540205424, 21.297101024807077 ], [ -157.689127943460335, 21.296830036150304 ] ], [ [ -157.715486283891124, 21.291884092686633 ], [ -157.715582527267543, 21.292215252382245 ], [ -157.715837882407442, 21.291979537870311 ], [ -157.715486283891124, 21.291884092686633 ] ], [ [ -157.714922111379963, 21.290253729038035 ], [ -157.715027726741511, 21.291780816922547 ], [ -157.715428864890157, 21.291699783494781 ], [ -157.71512736454082, 21.290388881797941 ], [ -157.714922111379963, 21.290253729038035 ] ], [ [ -157.716960262239922, 21.288643216365866 ], [ -157.717093941668509, 21.289248978732076 ], [ -157.717638022002461, 21.288998059769497 ], [ -157.716960262239922, 21.288643216365866 ] ] ] } },
{ "type": "Feature", "properties": { "ID": 47, "GRIDCODE": 2 }, "geometry": { "type": "Polygon", "coordinates": [ [ [ -156.971734867907458, 21.214664368212102 ], [ -156.972085688585679, 21.214761321130201 ], [ -156.971829378801203, 21.214995839951573 ], [ -156.971734867907458, 21.214664368212102 ] ] ] } },
{ "type": "Feature", "properties": { "ID": 48, "GRIDCODE": 2 }, "geometry": { "type": "Polygon", "coordinates": [ [ [ -156.923652441589013, 21.181838953822673 ], [ -156.924286926899242, 21.18201760171528 ], [ -156.924602373544502, 21.18468038669079 ], [ -156.922910902074676, 21.184375641378676 ], [ -156.923414733396584, 21.182397143774185 ], [ -156.923652441589013, 21.181838953822673 ] ] ] } },
{ "type": "Feature", "properties": { "ID": 49, "GRIDCODE": 2 }, "geometry": { "type": "Polygon", "coordinates": [ [ [ -156.928097990060621, 21.173765557690526 ], [ -156.929654673151788, 21.174160667510083 ], [ -156.929209118996624, 21.175244494932507 ], [ -156.928030969992705, 21.174972024185564 ], [ -156.927870286208702, 21.174255881487152 ], [ -156.928097990060621, 21.173765557690526 ] ] ] } },
{ "type": "Feature", "properties": { "ID": 50, "GRIDCODE": 2 }, "geometry": { "type": "Polygon", "coordinates": [ [ [ -156.70316195053573, 21.131849041402663 ], [ -156.704151289990165, 21.132020597629214 ], [ -156.703098018623763, 21.133545484336963 ], [ -156.701557932123762, 21.134089469261994 ], [ -156.702121662055077, 21.132970322666267 ], [ -156.702736829511878, 21.132537991261923 ], [ -156.70316195053573, 21.131849041402663 ] ] ] } },
{ "type": "Feature", "properties": { "ID": 51, "GRIDCODE": 2 }, "geometry": { "type": "Polygon", "coordinates": [ [ [ -156.783336208981154, 21.080089368808533 ], [ -156.783232386856923, 21.080418322739057 ], [ -156.782983106874241, 21.080177484934772 ], [ -156.783336208981154, 21.080089368808533 ] ] ] } },
{ "type": "Feature", "properties": { "ID": 52, "GRIDCODE": 2 }, "geometry": { "type": "Polygon", "coordinates": [ [ [ -156.783913401604991, 21.080096909790569 ], [ -156.783336208981154, 21.080089368808533 ], [ -156.783630409470362, 21.079715280238258 ], [ -156.783913401604991, 21.080096909790569 ] ] ] } },
{ "type": "Feature", "properties": { "ID": 53, "GRIDCODE": 2 }, "geometry": { "type": "Polygon", "coordinates": [ [ [ -156.809520496733739, 21.066070767147831 ], [ -156.809870838894113, 21.06616801973826 ], [ -156.809614575143428, 21.06640229661819 ], [ -156.809520496733739, 21.066070767147831 ] ] ] } },
{ "type": "Feature", "properties": { "ID": 54, "GRIDCODE": 2 }, "geometry": { "type": "Polygon", "coordinates": [ [ [ -156.836249830993552, 21.053951141198024 ], [ -156.836245914288526, 21.054222014676224 ], [ -156.835957357722179, 21.054218337718019 ], [ -156.835961274948517, 21.053947464291522 ], [ -156.836249830993552, 21.053951141198024 ] ] ] } },
{ "type": "Feature", "properties": { "ID": 55, "GRIDCODE": 2 }, "geometry": { "type": "Polygon", "coordinates": [ [ [ -156.836249830993552, 21.053951141198024 ], [ -156.836353515449929, 21.053622142083061 ], [ -156.836602849155838, 21.053862905771528 ], [ -156.836249830993552, 21.053951141198024 ] ] ] } },
{ "type": "Feature", "properties": { "ID": 56, "GRIDCODE": 2 }, "geometry": { "type": "Polygon", "coordinates": [ [ [ -156.892853777128778, 21.051411762048172 ], [ -156.893142339025388, 21.051415341915412 ], [ -156.893134712435767, 21.05195710918407 ], [ -156.892846149496478, 21.051953529216156 ], [ -156.892853777128778, 21.051411762048172 ] ] ] } },
{ "type": "Feature", "properties": { "ID": 57, "GRIDCODE": 2 }, "geometry": { "type": "Polygon", "coordinates": [ [ [ -156.892572843725162, 21.050866414586995 ], [ -156.892861404518499, 21.050869994843026 ], [ -156.892853777128778, 21.051411762048172 ], [ -156.892565215292819, 21.05140818169145 ], [ -156.892572843725162, 21.050866414586995 ] ] ] } },
{ "type": "Feature", "properties": { "ID": 58, "GRIDCODE": 2 }, "geometry": { "type": "Polygon", "coordinates": [ [ [ -156.89228809763901, 21.050591950325675 ], [ -156.892576657850384, 21.050595531020829 ], [ -156.892572843725162, 21.050866414586995 ], [ -156.892284282992506, 21.050862833841496 ], [ -156.89228809763901, 21.050591950325675 ] ] ] } },
{ "type": "Feature", "properties": { "ID": 59, "GRIDCODE": 2 }, "geometry": { "type": "Polygon", "coordinates": [ [ [ -156.890575825606106, 21.04921603966892 ], [ -156.891033592191491, 21.049332318878513 ], [ -156.892072402338954, 21.049757298837125 ], [ -156.89228809763901, 21.050591950325675 ], [ -156.890931272543412, 21.049713103035149 ], [ -156.890575825606106, 21.04921603966892 ] ] ] } },
{ "type": "Feature", "properties": { "ID": 60, "GRIDCODE": 2 }, "geometry": { "type": "Polygon", "coordinates": [ [ [ -156.880791760238168, 21.047197742489207 ], [ -156.880787925471566, 21.047468624096997 ], [ -156.880434939934219, 21.047556955011341 ], [ -156.880684341714726, 21.047797659289422 ], [ -156.880787925471566, 21.047468624096997 ], [ -156.881159549847069, 21.047337795310128 ], [ -156.880791760238168, 21.047197742489207 ], [ -156.881489870802255, 21.046401334683679 ], [ -156.881797975505094, 21.047114382716465 ], [ -156.882289254976513, 21.046554042942258 ], [ -156.883558673923545, 21.046811557369569 ], [ -156.883489440906203, 21.047282969868654 ], [ -156.884975901988184, 21.04907522925248 ], [ -156.888323208601633, 21.048525672046889 ], [ -156.890449728743135, 21.049064059470286 ], [ -156.890575825606106, 21.04921603966892 ], [ -156.889315345306528, 21.049341402391107 ], [ -156.890953518712166, 21.050274555068999 ], [ -156.891448494568834, 21.051491025537604 ], [ -156.891859501939109, 21.051785976024945 ], [ -156.892101420392095, 21.052099596658426 ], [ -156.892935524299105, 21.052612121738647 ], [ -156.893134712435767, 21.05195710918407 ], [ -156.893279942611258, 21.052091730416365 ], [ -156.893528479490243, 21.054538483345961 ], [ -156.894452616315704, 21.055123820419581 ], [ -156.896842412670821, 21.055107662331004 ], [ -156.897563642059538, 21.055130483750688 ], [ -156.897872585690976, 21.055128355342081 ], [ -156.898738174036538, 21.054304710051156 ], [ -156.900327974913495, 21.054354800828353 ], [ -156.900918510240643, 21.055536712547337 ], [ -156.902246590477318, 21.056162059544437 ], [ -156.90366396292859, 21.055726069436865 ], [ -156.904764625912378, 21.054678678340593 ], [ -156.905518040882839, 21.054415849293701 ], [ -156.905057673730539, 21.055228127262499 ], [ -156.905061956545836, 21.055787904166003 ], [ -156.906236679785934, 21.056315947213793 ], [ -156.907365018723482, 21.055787858499791 ], [ -156.907944545780651, 21.055806111672183 ], [ -156.909357355583751, 21.055796391709375 ], [ -156.910506654715192, 21.056370130680076 ], [ -156.912424511863463, 21.056687406656764 ], [ -156.914262700695161, 21.056674805616225 ], [ -156.91485247981916, 21.056969122088759 ], [ -156.915934777369671, 21.0574786357272 ], [ -156.91750099395631, 21.058396643104789 ], [ -156.91914981753186, 21.059172774297004 ], [ -156.925396423587927, 21.059608255919489 ], [ -156.929202645840206, 21.062834374309787 ], [ -156.934642958679575, 21.066417522736337 ], [ -156.939118548757875, 21.069454469818918 ], [ -156.944320979633858, 21.071901885563904 ], [ -156.951274133587361, 21.07447626592587 ], [ -156.958685133869949, 21.077521296821175 ], [ -156.967028226583722, 21.083070156503545 ], [ -156.978480474200637, 21.090517126595401 ], [ -156.979333394381626, 21.091074464764112 ], [ -156.988210776652011, 21.096864495590147 ], [ -156.995195188425896, 21.103182607875123 ], [ -157.008159702311787, 21.113218018253363 ], [ -157.026302408911874, 21.126532556553627 ], [ -157.039366579621742, 21.133854807554421 ], [ -157.07592696620685, 21.145840986681893 ], [ -157.077233434392298, 21.146277079388263 ], [ -157.088558121860444, 21.149857430374887 ], [ -157.098107603093496, 21.150426964209007 ], [ -157.107649940367111, 21.15227769117941 ], [ -157.113435362717325, 21.151880629122946 ], [ -157.119664783589911, 21.150877063130071 ], [ -157.123898138876967, 21.14871829884293 ], [ -157.127868581772589, 21.145430876005268 ], [ -157.130219653809206, 21.141644874773309 ], [ -157.130861942050217, 21.138200037920733 ], [ -157.131512087082911, 21.128568366664393 ], [ -157.132400323722663, 21.125810303535975 ], [ -157.133948012414294, 21.123942495169725 ], [ -157.138308088321907, 21.122194378113754 ], [ -157.144959261457501, 21.11989069312207 ], [ -157.148462809278129, 21.119288533494029 ], [ -157.161472892485591, 21.117446565881405 ], [ -157.169634426642517, 21.116645043993596 ], [ -157.183924773888123, 21.11542335788608 ], [ -157.20032703795286, 21.114845268733649 ], [ -157.211715758868849, 21.114126745596753 ], [ -157.225947104013613, 21.115276990175825 ], [ -157.233854668699536, 21.11651651020134 ], [ -157.237290003870612, 21.117865986165551 ], [ -157.242060647289662, 21.123125648420377 ], [ -157.243830348521669, 21.129041715902137 ], [ -157.24527705425885, 21.13590665595504 ], [ -157.245468535885664, 21.145490245711464 ], [ -157.243750530581849, 21.153424757847478 ], [ -157.236461334391322, 21.162128370371779 ], [ -157.231688702473946, 21.165481520517513 ], [ -157.225859286760709, 21.168059290947372 ], [ -157.223767692890107, 21.170377468604283 ], [ -157.222564078404446, 21.173314761228568 ], [ -157.220527455805694, 21.175908668340586 ], [ -157.217548522661446, 21.177696185699133 ], [ -157.207234663103065, 21.177965845078621 ], [ -157.205174519945672, 21.178437819236986 ], [ -157.200862263286496, 21.181277653406195 ], [ -157.198746104187222, 21.181896933619988 ], [ -157.194812900157814, 21.181779687026292 ], [ -157.190231339384809, 21.180482844173138 ], [ -157.186560440827975, 21.178340758842701 ], [ -157.183648874675981, 21.177419872905642 ], [ -157.176083387092035, 21.176875011461409 ], [ -157.170282705820171, 21.176255584170278 ], [ -157.16558715687205, 21.175451880343676 ], [ -157.164061536368479, 21.174943541453164 ], [ -157.15681002511505, 21.17071007483014 ], [ -157.152234498317966, 21.168873232577496 ], [ -157.147763743636773, 21.168237881475232 ], [ -157.141045105182286, 21.168292753027995 ], [ -157.134089894123207, 21.169622068524454 ], [ -157.127471052062987, 21.172055508793527 ], [ -157.123399483865228, 21.174353180052993 ], [ -157.118981301439902, 21.180513422358576 ], [ -157.115844265850285, 21.18464189371516 ], [ -157.11124627513675, 21.188227672550532 ], [ -157.107008918739496, 21.190418462648381 ], [ -157.10178653185281, 21.192428793346114 ], [ -157.09753229267298, 21.194596647013196 ], [ -157.096142139654063, 21.194554392461416 ], [ -157.095097457023201, 21.194876608216155 ], [ -157.092115497918797, 21.194785867003073 ], [ -157.090606628511665, 21.193684880653986 ], [ -157.088310606524175, 21.193132357815617 ], [ -157.086882429278774, 21.192297912885291 ], [ -157.086013600338561, 21.192022545097764 ], [ -157.085159689773207, 21.191465542734441 ], [ -157.08342427051474, 21.191180337807289 ], [ -157.082415741453076, 21.190843766262837 ], [ -157.080756439480496, 21.190018159510633 ], [ -157.078238981583326, 21.190037766366036 ], [ -157.074742002632064, 21.188616480633865 ], [ -157.072915020452058, 21.188630579811779 ], [ -157.072190513212348, 21.18860842338454 ], [ -157.071036563695571, 21.188871891100789 ], [ -157.070456449948495, 21.1888541539054 ], [ -157.069878587549624, 21.188858600582318 ], [ -157.067133980925149, 21.188774635887814 ], [ -157.065559173433655, 21.187990865746947 ], [ -157.064884493297001, 21.187674287901334 ], [ -157.063253197693626, 21.187157028538337 ], [ -157.060965743442154, 21.185770629313335 ], [ -157.055827876407449, 21.185433898924764 ], [ -157.050511309913645, 21.185474383485186 ], [ -157.048147434281788, 21.186202848169685 ], [ -157.047086606974602, 21.186700004628019 ], [ -157.045629656100374, 21.187219627528712 ], [ -157.044150950429241, 21.187762335896338 ], [ -157.040349760452074, 21.188412656290989 ], [ -157.038980991055524, 21.187955430617507 ], [ -157.03742597330583, 21.187651943708453 ], [ -157.035815727457361, 21.187664057737166 ], [ -157.030832981096239, 21.186248626074612 ], [ -157.025872744570279, 21.185865165295809 ], [ -157.024285605714937, 21.185074796247797 ], [ -157.020926512449535, 21.184008867106279 ], [ -157.017629959924932, 21.183376613792145 ], [ -157.01644784761524, 21.183930359836314 ], [ -157.01347314054405, 21.183578038347441 ], [ -157.011582257029033, 21.182471898548659 ], [ -157.009877647842444, 21.181930785899755 ], [ -157.009020483378208, 21.181644323733849 ], [ -157.005797833966795, 21.181337171719857 ], [ -157.003497717143034, 21.180755299813629 ], [ -157.001256310129662, 21.179291218527624 ], [ -156.999463578380244, 21.178722107384154 ], [ -156.997499900743634, 21.179075167257505 ], [ -156.994559041884969, 21.17948844787502 ], [ -156.989429146321072, 21.18164628150036 ], [ -156.988305701749823, 21.182341151450881 ], [ -156.98674727739035, 21.183824334035741 ], [ -156.986167123199323, 21.184333964909111 ], [ -156.985594284194576, 21.185406791849701 ], [ -156.984683135047021, 21.186503693944093 ], [ -156.984373887027175, 21.18763059234896 ], [ -156.984381370978781, 21.188534846993395 ], [ -156.984348025181419, 21.189474929220101 ], [ -156.984641298415596, 21.190025597065421 ], [ -156.98463135317516, 21.190301245858812 ], [ -156.985038039130956, 21.191871601373112 ], [ -156.983589410525411, 21.192509503495042 ], [ -156.982475520476953, 21.19752000566745 ], [ -156.981250354037343, 21.199169491980904 ], [ -156.981651637094473, 21.200720672378907 ], [ -156.979606679411205, 21.201943485485181 ], [ -156.978967135586089, 21.204819307300649 ], [ -156.980953936249591, 21.206237652177581 ], [ -156.981443579961677, 21.206727768490449 ], [ -156.980359483903044, 21.207043355563933 ], [ -156.979907072548826, 21.208296189028975 ], [ -156.978885585411462, 21.209193217813681 ], [ -156.978332727850216, 21.209719212307583 ], [ -156.976844945388819, 21.210523460904302 ], [ -156.976392271506512, 21.212558199226056 ], [ -156.975672881243867, 21.213190072085165 ], [ -156.975067432235619, 21.214032265763013 ], [ -156.974100601449095, 21.213400737611902 ], [ -156.972468851569971, 21.213998689833168 ], [ -156.971980911733226, 21.213983435084351 ], [ -156.971734867907458, 21.214664368212102 ], [ -156.97046820725933, 21.215160256524054 ], [ -156.968962601846982, 21.214208487700557 ], [ -156.968425663642591, 21.213670737242296 ], [ -156.968135771312291, 21.213946584426118 ], [ -156.967555321622825, 21.213928483449664 ], [ -156.966428241842323, 21.213936471921578 ], [ -156.965525796275841, 21.213365932164105 ], [ -156.965563530657704, 21.212301032935763 ], [ -156.96474493421465, 21.211481070106931 ], [ -156.964122828866266, 21.211188742053288 ], [ -156.963579327321639, 21.210103140734969 ], [ -156.962392182448411, 21.20980253458065 ], [ -156.961830634385564, 21.20980653760401 ], [ -156.961261748624111, 21.209523044474274 ], [ -156.960684117132161, 21.209527180245246 ], [ -156.960399109486161, 21.209241821691062 ], [ -156.959826555557925, 21.208712347924838 ], [ -156.959509930485666, 21.20742250580545 ], [ -156.958706803571175, 21.20624108281806 ], [ -156.958127065093947, 21.205968561703909 ], [ -156.957847634601791, 21.205688823264939 ], [ -156.957283458785582, 21.205167248813229 ], [ -156.957276959451832, 21.204347618645215 ], [ -156.957742740985992, 21.202730024406133 ], [ -156.957322060894143, 21.201889376895039 ], [ -156.956752050953156, 21.201362307018023 ], [ -156.956749833051589, 21.201072361310136 ], [ -156.956759519431898, 21.200798963890147 ], [ -156.95559889673828, 21.199725982895615 ], [ -156.955939811320633, 21.199124739469625 ], [ -156.953729911308784, 21.196252370501732 ], [ -156.952129022566567, 21.194416331041037 ], [ -156.951377221558602, 21.192611017228209 ], [ -156.951100151799039, 21.191774017500656 ], [ -156.95015413589087, 21.19089920231448 ], [ -156.949238020199317, 21.188635413446796 ], [ -156.948843157680329, 21.188239895277224 ], [ -156.948552063763259, 21.187970718484941 ], [ -156.948562075225681, 21.187695077128229 ], [ -156.948260568914691, 21.186218475698784 ], [ -156.948314061066185, 21.184714037644969 ], [ -156.948310925940007, 21.18430759810775 ], [ -156.948343650674502, 21.183387837342998 ], [ -156.948001160370467, 21.182407958060086 ], [ -156.948111359603701, 21.17930869809426 ], [ -156.946670919012917, 21.178188946255109 ], [ -156.945590068352345, 21.177505223530286 ], [ -156.945245551747007, 21.176816953478678 ], [ -156.944686538136807, 21.176299972769037 ], [ -156.944392117370256, 21.175457330376588 ], [ -156.94408331204059, 21.173165981100336 ], [ -156.942228453263112, 21.171953447039353 ], [ -156.938164107443782, 21.17137065931302 ], [ -156.936564471245504, 21.170127048731775 ], [ -156.93356160174838, 21.169365945222669 ], [ -156.930572614420356, 21.169272105105211 ], [ -156.928435305531622, 21.170549528206969 ], [ -156.929123515632455, 21.172519109365037 ], [ -156.927770790599595, 21.172144619916594 ], [ -156.927138304140669, 21.170954779597057 ], [ -156.926680325637932, 21.169570228525036 ], [ -156.9248355106254, 21.169512274023731 ], [ -156.921465513020252, 21.169535369520474 ], [ -156.919696267274787, 21.168652860929285 ], [ -156.918083208209737, 21.168987015809336 ], [ -156.916783305222253, 21.170223265308284 ], [ -156.916153497006064, 21.170500324881726 ], [ -156.914980519717602, 21.171312611107936 ], [ -156.915019592391843, 21.170215546780671 ], [ -156.914175293991207, 21.169434277436924 ], [ -156.913864190851712, 21.168849222045914 ], [ -156.914458250621294, 21.167801998911521 ], [ -156.913640812204648, 21.166152441459086 ], [ -156.910278434406166, 21.164474824295162 ], [ -156.907052205386606, 21.164373145769066 ], [ -156.906113918697145, 21.165265201895053 ], [ -156.903164409540267, 21.164841706479539 ], [ -156.901985812599804, 21.163750978687933 ], [ -156.902640094753309, 21.162597525878965 ], [ -156.901288387218841, 21.161923079377807 ], [ -156.899861453202845, 21.162222992634444 ], [ -156.898370739872661, 21.163144059112398 ], [ -156.897361934709977, 21.161658147482498 ], [ -156.896482404425967, 21.16288067493462 ], [ -156.895250035308436, 21.163422741887413 ], [ -156.894864949780441, 21.16482345410861 ], [ -156.894411931748152, 21.165622462021119 ], [ -156.893964006830515, 21.166459829408261 ], [ -156.89224896929278, 21.166405585972008 ], [ -156.892799474243759, 21.167507005781349 ], [ -156.894210116641403, 21.169876678206734 ], [ -156.893789789635235, 21.169998968943961 ], [ -156.89185475559097, 21.16938318981574 ], [ -156.889658305821655, 21.168287027689026 ], [ -156.888603560062137, 21.168253685624929 ], [ -156.885017568639739, 21.168277524578013 ], [ -156.884485814818333, 21.166754119562565 ], [ -156.884162878008652, 21.165502665543766 ], [ -156.883780989495051, 21.163101350260863 ], [ -156.882965368160512, 21.1614692864826 ], [ -156.880531009650269, 21.160851436422806 ], [ -156.879122250521448, 21.161141478303474 ], [ -156.878431537410563, 21.162721594902607 ], [ -156.878129190035452, 21.163254428066729 ], [ -156.878135372757669, 21.164066952619013 ], [ -156.877524876135567, 21.165143126685734 ], [ -156.87723393047338, 21.165686749824104 ], [ -156.876929724555424, 21.165953724018404 ], [ -156.876935691019582, 21.166761085985993 ], [ -156.876201973659306, 21.166765894328023 ], [ -156.875244376028718, 21.164849448319394 ], [ -156.874387583182397, 21.164822276752226 ], [ -156.873474099520024, 21.16562376579904 ], [ -156.873479663566656, 21.166398777166556 ], [ -156.872039853815778, 21.165345116054855 ], [ -156.870278751945534, 21.164334227666942 ], [ -156.868928819918892, 21.16234514565274 ], [ -156.867232274860299, 21.161498020735969 ], [ -156.865616285070871, 21.161446678650531 ], [ -156.86399899735332, 21.161721723352709 ], [ -156.861682726279753, 21.162510647702035 ], [ -156.860806957855146, 21.162765071874954 ], [ -156.859942310980415, 21.163030479546737 ], [ -156.856467593352704, 21.163251971232604 ], [ -156.855103747503421, 21.163670628683619 ], [ -156.853156803477532, 21.163176173728644 ], [ -156.850973125964799, 21.16372408155059 ], [ -156.849523087784149, 21.164523838014844 ], [ -156.848370048794919, 21.165030510205892 ], [ -156.847527240747553, 21.165831358888575 ], [ -156.845849152145064, 21.166346408504591 ], [ -156.842908394123924, 21.166872455335376 ], [ -156.841159292882537, 21.166351084579556 ], [ -156.838704754107425, 21.164744208097218 ], [ -156.835446887657639, 21.164074776924227 ], [ -156.835085745660621, 21.164063208827791 ], [ -156.834521869392745, 21.164066770132628 ], [ -156.833008712624377, 21.163559254051556 ], [ -156.829979679203092, 21.164318883221693 ], [ -156.826972164610623, 21.166113793989524 ], [ -156.826946819072532, 21.16680624324125 ], [ -156.82695629163706, 21.168127293740373 ], [ -156.825267421274788, 21.167560698815631 ], [ -156.822289196985764, 21.168618341846056 ], [ -156.821049992684721, 21.169357851339555 ], [ -156.818598296552125, 21.171686316409527 ], [ -156.817354480944772, 21.171968297730608 ], [ -156.812947747898988, 21.172200052775594 ], [ -156.811788959486677, 21.172741111189424 ], [ -156.80846045977728, 21.172634231544627 ], [ -156.806797916091199, 21.173364303319843 ], [ -156.805765772089529, 21.173980179867439 ], [ -156.803956958061349, 21.175311268895378 ], [ -156.800914659444686, 21.174788882528269 ], [ -156.799875099805746, 21.173825762360334 ], [ -156.79693535797071, 21.169030060084232 ], [ -156.795099356383446, 21.167685151721184 ], [ -156.793451057344356, 21.167131872678684 ], [ -156.792287084340558, 21.167849985852172 ], [ -156.79012670338895, 21.168314183171393 ], [ -156.789666890982659, 21.169172570637858 ], [ -156.788549227377814, 21.168613878298643 ], [ -156.787729995184293, 21.169932066413498 ], [ -156.786886135515545, 21.172259767642707 ], [ -156.784733822768402, 21.173843496440032 ], [ -156.781223461349668, 21.17339432708917 ], [ -156.780273156729407, 21.173075288279414 ], [ -156.778597127223208, 21.173359436640382 ], [ -156.776351183863056, 21.174407535967656 ], [ -156.776009572830361, 21.174409589534282 ], [ -156.77376864575416, 21.173839324885019 ], [ -156.772585681937159, 21.173801054505827 ], [ -156.771661670341501, 21.17423221558089 ], [ -156.768781831561057, 21.174850603161261 ], [ -156.767109043027745, 21.175461476248138 ], [ -156.764724840582346, 21.175886727123551 ], [ -156.760751281866419, 21.174750887746885 ], [ -156.758966694876875, 21.174693041893025 ], [ -156.757089118982464, 21.174704117889782 ], [ -156.756367392178333, 21.174680716096937 ], [ -156.754943979948962, 21.17468906561902 ], [ -156.746213725190586, 21.173955733866432 ], [ -156.743680009392023, 21.173433689279939 ], [ -156.743184672132429, 21.17343653458008 ], [ -156.740253877024287, 21.173060795818259 ], [ -156.736519260351457, 21.170385825612115 ], [ -156.735646926655306, 21.168418603041452 ], [ -156.735785899546698, 21.164661899191497 ], [ -156.735759415503509, 21.160601184218944 ], [ -156.736219168945439, 21.160598542543806 ], [ -156.73693771496184, 21.160621916429033 ], [ -156.736998020246943, 21.158993114668057 ], [ -156.735797063042412, 21.158701438234505 ], [ -156.734707328156247, 21.157606592160317 ], [ -156.734118626779775, 21.158077025991197 ], [ -156.733796422713027, 21.158678148269736 ], [ -156.733486063130755, 21.158668036847217 ], [ -156.732187683793001, 21.159273531514863 ], [ -156.729254130122769, 21.157805696365216 ], [ -156.727590438016364, 21.157751538982502 ], [ -156.725515258342625, 21.158196605215611 ], [ -156.723104858197161, 21.159076228756575 ], [ -156.721940207861309, 21.159326026823614 ], [ -156.721075404769323, 21.159590704044792 ], [ -156.72019948631268, 21.159844379983131 ], [ -156.718525121972675, 21.160356797141439 ], [ -156.715428169742353, 21.160374315553216 ], [ -156.71436140578885, 21.160015517546945 ], [ -156.712721834180996, 21.16002470042557 ], [ -156.710728441351591, 21.159255919068887 ], [ -156.709843208428254, 21.157585048651374 ], [ -156.710143704572261, 21.156457685873139 ], [ -156.711132222704265, 21.155868609702896 ], [ -156.711750755367802, 21.1542501681033 ], [ -156.710697808999925, 21.152262809807372 ], [ -156.711248609086368, 21.149912885293912 ], [ -156.710833779475564, 21.148298385794551 ], [ -156.713153451107075, 21.14626715409447 ], [ -156.713584712327474, 21.145508881726126 ], [ -156.712487763397547, 21.144111361144628 ], [ -156.713226528960746, 21.143766908813706 ], [ -156.714642094761899, 21.143146073397769 ], [ -156.714995322747683, 21.141866759114951 ], [ -156.71704958831495, 21.140067662058197 ], [ -156.717042424484191, 21.138952662741474 ], [ -156.717635220648702, 21.138433662899043 ], [ -156.71793711316667, 21.137870592476663 ], [ -156.718239660032822, 21.137338284721412 ], [ -156.718531093584261, 21.136794979656731 ], [ -156.718833635853855, 21.136262670386394 ], [ -156.719287900971437, 21.135010696334337 ], [ -156.721146521724336, 21.133382979020453 ], [ -156.722380742010159, 21.130892321894038 ], [ -156.722710874745388, 21.129696668549752 ], [ -156.724733252687116, 21.128491221390117 ], [ -156.725594455441012, 21.127673802507022 ], [ -156.726340646387712, 21.127020116210492 ], [ -156.727486502987517, 21.125932757395198 ], [ -156.729075418943779, 21.126466983577927 ], [ -156.729108905408054, 21.125564432017107 ], [ -156.728536986087562, 21.125033930101818 ], [ -156.729406727026117, 21.124208600020662 ], [ -156.730576674673443, 21.1238696425665 ], [ -156.730566733052541, 21.122373964660941 ], [ -156.731179968509622, 21.12152329381745 ], [ -156.732042596027156, 21.121144756431111 ], [ -156.732068041524542, 21.120454270164917 ], [ -156.732066280225297, 21.120180759770534 ], [ -156.733077425385574, 21.118823289352644 ], [ -156.734138034357528, 21.117233793871769 ], [ -156.734476154290945, 21.116301647217298 ], [ -156.735606282121864, 21.115627912873908 ], [ -156.73560173484293, 21.11496169355679 ], [ -156.736494208105711, 21.114545431887368 ], [ -156.737350336076616, 21.114573270859022 ], [ -156.737944205121153, 21.113749163471848 ], [ -156.739629854453426, 21.11459272082713 ], [ -156.739962769970703, 21.114057196981719 ], [ -156.739495667612118, 21.113623966719828 ], [ -156.738909134458652, 21.111341857435985 ], [ -156.739565829684409, 21.111338053072377 ], [ -156.740561715366425, 21.111370384459235 ], [ -156.741768692397812, 21.110625866585078 ], [ -156.744604790110088, 21.111348322174884 ], [ -156.744641735631546, 21.110340443758034 ], [ -156.744127282243454, 21.108861716376666 ], [ -156.743744377964333, 21.107372437480993 ], [ -156.744391181805838, 21.107070719052416 ], [ -156.745124844653816, 21.106748592038159 ], [ -156.746009194956514, 21.105521288751422 ], [ -156.747903057910634, 21.104689951621566 ], [ -156.748729957416117, 21.103904742358797 ], [ -156.749942179908345, 21.103086150490579 ], [ -156.751343373136365, 21.101756013807233 ], [ -156.753445078495218, 21.100147306223164 ], [ -156.754386402404293, 21.09958568064102 ], [ -156.755566161941687, 21.098465541776584 ], [ -156.758567244197991, 21.096057519831305 ], [ -156.761797813863069, 21.094639020522653 ], [ -156.763082724451664, 21.093512669460765 ], [ -156.763656677959489, 21.092967700870812 ], [ -156.765698767890825, 21.091916262422281 ], [ -156.767760636232566, 21.090294129172449 ], [ -156.769918097897687, 21.089346803978209 ], [ -156.770991835596618, 21.086892934657115 ], [ -156.772432724000424, 21.086583277123889 ], [ -156.773284273505936, 21.085774309665783 ], [ -156.774076606070793, 21.085079513334996 ], [ -156.774667841140371, 21.082934111821871 ], [ -156.775098456343301, 21.082525319880251 ], [ -156.77927942763543, 21.082660138961085 ], [ -156.781063051645788, 21.082008176884525 ], [ -156.781556889713528, 21.082504082532072 ], [ -156.782010152204492, 21.082106547133638 ], [ -156.782361250237614, 21.081451045929757 ], [ -156.783757822358979, 21.081045727537877 ], [ -156.783913401604991, 21.080096909790569 ], [ -156.785809873432555, 21.079454437058146 ], [ -156.787428833043293, 21.078839277052946 ], [ -156.788328621676698, 21.077886134964011 ], [ -156.78874283780911, 21.074867006894486 ], [ -156.790135332406095, 21.073245097389709 ], [ -156.791213630031052, 21.072397176809613 ], [ -156.792292831306042, 21.072785186520353 ], [ -156.79293186500837, 21.072745347954697 ], [ -156.794562549025699, 21.071691743252497 ], [ -156.796038562002622, 21.070918274029431 ], [ -156.796544126125553, 21.069893156309284 ], [ -156.797090577724902, 21.069306427332819 ], [ -156.797659613486815, 21.071817023665535 ], [ -156.79861068338127, 21.071202469598756 ], [ -156.799417399777923, 21.070877062967231 ], [ -156.798333771624925, 21.07040623095487 ], [ -156.798072254010492, 21.070019478725104 ], [ -156.798803486360015, 21.068828221451508 ], [ -156.799769863609157, 21.069910931620509 ], [ -156.801319023872026, 21.068741508229895 ], [ -156.801920268881389, 21.066956842970519 ], [ -156.803538125473864, 21.066633847512943 ], [ -156.804171780580049, 21.066689801004298 ], [ -156.804732922123719, 21.066654860794774 ], [ -156.807445954992858, 21.065995433662412 ], [ -156.809162483953514, 21.065669821066244 ], [ -156.809520496733739, 21.066070767147831 ], [ -156.808502659943912, 21.06618792930287 ], [ -156.808515856537127, 21.066672262151627 ], [ -156.810800364651755, 21.066980996524432 ], [ -156.8101465311195, 21.065781071668493 ], [ -156.811507086040933, 21.065395943536174 ], [ -156.812717082490167, 21.065456649070182 ], [ -156.815495621473588, 21.065152854239805 ], [ -156.817325549764206, 21.065244521580656 ], [ -156.818385733579561, 21.065218729807121 ], [ -156.818919078531309, 21.064692869933513 ], [ -156.819769578582907, 21.065129358658986 ], [ -156.820689631292453, 21.065551523618989 ], [ -156.821626601393973, 21.065528627404923 ], [ -156.822097561785938, 21.064195542275211 ], [ -156.822531769418333, 21.063450258531567 ], [ -156.823719889154233, 21.06187594746806 ], [ -156.827016110793124, 21.060719526469612 ], [ -156.828874945803392, 21.059418990550839 ], [ -156.830112376248678, 21.0600540423161 ], [ -156.832617268907313, 21.059992908597511 ], [ -156.832568413967834, 21.058229038131024 ], [ -156.833457242242417, 21.057849078358338 ], [ -156.834920293052079, 21.05569003710416 ], [ -156.835506382206376, 21.055194157838365 ], [ -156.835805559423136, 21.054346705692936 ], [ -156.835957357722179, 21.054218337718019 ], [ -156.836093967023828, 21.054360699399282 ], [ -156.836992452617181, 21.054772843029095 ], [ -156.837831134239366, 21.054369730320008 ], [ -156.838398510802392, 21.054660973542912 ], [ -156.839198145426622, 21.054931755795973 ], [ -156.840813944790369, 21.053801014006265 ], [ -156.842487993285857, 21.054375780331572 ], [ -156.845043879567072, 21.053781720661881 ], [ -156.84691847080731, 21.053387602016929 ], [ -156.847667606059304, 21.052330066708254 ], [ -156.848534156925012, 21.051181545582182 ], [ -156.848868545841299, 21.049094180713016 ], [ -156.848957107925941, 21.048834695540823 ], [ -156.850704033620275, 21.050653146051072 ], [ -156.849872638611117, 21.051356976661449 ], [ -156.848414160144358, 21.051980630190887 ], [ -156.847641701809692, 21.053464897999369 ], [ -156.847666242366273, 21.05434531811671 ], [ -156.848736669919077, 21.056307742826796 ], [ -156.851195411174785, 21.057435408237367 ], [ -156.853087984267773, 21.056733485072343 ], [ -156.854379380926474, 21.056461949602728 ], [ -156.855390227200814, 21.056512289391197 ], [ -156.856483164309196, 21.055987148000376 ], [ -156.857473098237222, 21.055706623087293 ], [ -156.858027720258519, 21.055159597048853 ], [ -156.859408930915492, 21.055228341616093 ], [ -156.859814595753988, 21.053370173662476 ], [ -156.86094458827074, 21.053049985403579 ], [ -156.862383998054781, 21.052515937246866 ], [ -156.863580362334233, 21.052264297670426 ], [ -156.864352779871751, 21.051502505230189 ], [ -156.866494091884249, 21.05006908204178 ], [ -156.868674736441193, 21.049354186704935 ], [ -156.869921084666657, 21.050182605487727 ], [ -156.870903369408836, 21.05045553129569 ], [ -156.871808786060456, 21.049177324101393 ], [ -156.872548606343969, 21.048860896145207 ], [ -156.873015396704034, 21.048400290217899 ], [ -156.873426230524274, 21.047235996912889 ], [ -156.874061121707342, 21.046170548291759 ], [ -156.874679073632706, 21.046813799048671 ], [ -156.878056663852902, 21.046730349516295 ], [ -156.879662286784622, 21.046810193819621 ], [ -156.880791760238168, 21.047197742489207 ] ], [ [ -156.790943823045893, 21.073144770869693 ], [ -156.789306462141354, 21.075466716410546 ], [ -156.78933655710992, 21.076557520825663 ], [ -156.790922141790048, 21.076519174269325 ], [ -156.792266017657397, 21.074848859508574 ], [ -156.792225804976738, 21.073391893336961 ], [ -156.790943823045893, 21.073144770869693 ] ], [ [ -156.815588483951984, 21.065607126478962 ], [ -156.815424241480656, 21.065794312990107 ], [ -156.81195555440857, 21.066222686188322 ], [ -156.811691083686782, 21.066767598191912 ], [ -156.812614329571858, 21.067856696267135 ], [ -156.81668963240773, 21.067003675827515 ], [ -156.816545201180674, 21.065776061792111 ], [ -156.815588483951984, 21.065607126478962 ] ] ] } },
{ "type": "Feature", "properties": { "ID": 61, "GRIDCODE": 2 }, "geometry": { "type": "Polygon", "coordinates": [ [ [ -156.584259867809465, 21.021297512840263 ], [ -156.584609912899595, 21.02139520754589 ], [ -156.584353416172604, 21.021629119917094 ], [ -156.584259867809465, 21.021297512840263 ] ] ] } },
{ "type": "Feature", "properties": { "ID": 62, "GRIDCODE": 2 }, "geometry": { "type": "Polygon", "coordinates": [ [ [ -156.640927991850731, 21.01369547061833 ], [ -156.641278069300284, 21.013793050459963 ], [ -156.641021666135401, 21.014027058266034 ], [ -156.640927991850731, 21.01369547061833 ] ] ] } },
{ "type": "Feature", "properties": { "ID": 63, "GRIDCODE": 2 }, "geometry": { "type": "Polygon", "coordinates": [ [ [ -156.666428937457397, 21.006462066260017 ], [ -156.666779020705633, 21.006559593615389 ], [ -156.666522666854576, 21.006793644978828 ], [ -156.666428937457397, 21.006462066260017 ] ] ] } },
{ "type": "Feature", "properties": { "ID": 64, "GRIDCODE": 2 }, "geometry": { "type": "Polygon", "coordinates": [ [ [ -156.667658456078357, 21.001602703494516 ], [ -156.668346034738875, 21.002062659711068 ], [ -156.667896201685409, 21.002528852560616 ], [ -156.667658456078357, 21.001602703494516 ] ] ] } },
{ "type": "Feature", "properties": { "ID": 65, "GRIDCODE": 2 }, "geometry": { "type": "Polygon", "coordinates": [ [ [ -156.670167645712354, 20.98863378684695 ], [ -156.670517691810744, 20.988731303031216 ], [ -156.670261376626343, 20.988965363871827 ], [ -156.670167645712354, 20.98863378684695 ] ] ] } },
{ "type": "Feature", "properties": { "ID": 66, "GRIDCODE": 2 }, "geometry": { "type": "Polygon", "coordinates": [ [ [ -156.536371899920653, 20.985937430277652 ], [ -156.536267638572639, 20.986266191573144 ], [ -156.536018935273489, 20.98602504099523 ], [ -156.536371899920653, 20.985937430277652 ] ] ] } },
{ "type": "Feature", "properties": { "ID": 67, "GRIDCODE": 2 }, "geometry": { "type": "Polygon", "coordinates": [ [ [ -156.525990843630041, 20.985786884721602 ], [ -156.526392575717892, 20.98605619635233 ], [ -156.526060071353811, 20.987346381160563 ], [ -156.524689258224953, 20.987614264336166 ], [ -156.524994457053594, 20.986494706163523 ], [ -156.525870492823401, 20.985945442087491 ], [ -156.525990843630041, 20.985786884721602 ] ] ] } },
{ "type": "Feature", "properties": { "ID": 68, "GRIDCODE": 2 }, "geometry": { "type": "Polygon", "coordinates": [ [ [ -156.260380706524273, 20.937573045905044 ], [ -156.260275907392213, 20.937901579795671 ], [ -156.26002776614024, 20.937660079820912 ], [ -156.260380706524273, 20.937573045905044 ] ] ] } },
{ "type": "Feature", "properties": { "ID": 69, "GRIDCODE": 2 }, "geometry": { "type": "Polygon", "coordinates": [ [ [ -156.400916840431819, 20.91322829731509 ], [ -156.40157773944253, 20.913348131970341 ], [ -156.401067392855566, 20.913574458541028 ], [ -156.400916840431819, 20.91322829731509 ] ] ] } },
{ "type": "Feature", "properties": { "ID": 70, "GRIDCODE": 2 }, "geometry": { "type": "Polygon", "coordinates": [ [ [ -156.195179566182929, 20.893722222100841 ], [ -156.195528975117838, 20.89382065975213 ], [ -156.195272184471719, 20.894053948049088 ], [ -156.195179566182929, 20.893722222100841 ] ] ] } },
{ "type": "Feature", "properties": { "ID": 71, "GRIDCODE": 2 }, "geometry": { "type": "Polygon", "coordinates": [ [ [ -156.130408927546881, 20.859606615356082 ], [ -156.130303931247425, 20.859935046044654 ], [ -156.1300561350061, 20.859693393246662 ], [ -156.130408927546881, 20.859606615356082 ] ] ] } },
{ "type": "Feature", "properties": { "ID": 72, "GRIDCODE": 2 }, "geometry": { "type": "Polygon", "coordinates": [ [ [ -156.130702094845333, 20.859340715073259 ], [ -156.130696954419449, 20.859611447405303 ], [ -156.130408927546881, 20.859606615356082 ], [ -156.130414068487056, 20.859335883092452 ], [ -156.130702094845333, 20.859340715073259 ] ] ] } },
{ "type": "Feature", "properties": { "ID": 73, "GRIDCODE": 2 }, "geometry": { "type": "Polygon", "coordinates": [ [ [ -156.130702094845333, 20.859340715073259 ], [ -156.130807089727142, 20.859012283971644 ], [ -156.131054886338632, 20.859253935706715 ], [ -156.130702094845333, 20.859340715073259 ] ] ] } },
{ "type": "Feature", "properties": { "ID": 74, "GRIDCODE": 2 }, "geometry": { "type": "Polygon", "coordinates": [ [ [ -156.121018172494729, 20.838325073812648 ], [ -156.121367389733223, 20.838423643445278 ], [ -156.121110604337247, 20.8386568192089 ], [ -156.121018172494729, 20.838325073812648 ] ] ] } },
{ "type": "Feature", "properties": { "ID": 75, "GRIDCODE": 2 }, "geometry": { "type": "Polygon", "coordinates": [ [ [ -156.092119502419109, 20.828087368784328 ], [ -156.092490898335797, 20.828244287861544 ], [ -156.092222979123306, 20.828704536446836 ], [ -156.092119502419109, 20.828087368784328 ] ] ] } },
{ "type": "Feature", "properties": { "ID": 76, "GRIDCODE": 2 }, "geometry": { "type": "Polygon", "coordinates": [ [ [ -156.095019860056993, 20.827053342124255 ], [ -156.095369028230408, 20.827151959933577 ], [ -156.095112229348587, 20.827385094464482 ], [ -156.095019860056993, 20.827053342124255 ] ] ] } },
{ "type": "Feature", "properties": { "ID": 77, "GRIDCODE": 2 }, "geometry": { "type": "Polygon", "coordinates": [ [ [ -156.010925349133373, 20.797172433254772 ], [ -156.011274372937663, 20.797271208152804 ], [ -156.011017518484863, 20.797504207744442 ], [ -156.010925349133373, 20.797172433254772 ] ] ] } },
{ "type": "Feature", "properties": { "ID": 78, "GRIDCODE": 2 }, "geometry": { "type": "Polygon", "coordinates": [ [ [ -156.670167645712354, 20.98863378684695 ], [ -156.669717483079268, 20.988452888180017 ], [ -156.669313546830864, 20.990211924955528 ], [ -156.669725369252035, 20.991193498132365 ], [ -156.669634349765772, 20.991594636710108 ], [ -156.66827821290974, 20.991323681654571 ], [ -156.667976715525953, 20.991926963751297 ], [ -156.669288839726534, 20.99283753627779 ], [ -156.668951031915071, 20.994327764368496 ], [ -156.666757067643147, 20.994709608973867 ], [ -156.665889775951769, 20.996732651239295 ], [ -156.667479376944556, 20.997627468447021 ], [ -156.667925978217056, 20.998764153461909 ], [ -156.66669245469356, 20.999191691535533 ], [ -156.666300455994531, 21.000105766503012 ], [ -156.666425671026786, 21.000749419238616 ], [ -156.667544567739981, 21.001172435549961 ], [ -156.667658456078357, 21.001602703494516 ], [ -156.667037001672981, 21.001347488837869 ], [ -156.666203663231158, 21.001510929555721 ], [ -156.666686080425706, 21.003478405236269 ], [ -156.666489576648758, 21.004248201846071 ], [ -156.665975810016874, 21.004965894039561 ], [ -156.666326333348053, 21.005487637015047 ], [ -156.666428937457397, 21.006462066260017 ], [ -156.665722470220118, 21.006038350303495 ], [ -156.665029732752458, 21.005728312825863 ], [ -156.664114883665405, 21.004737971140727 ], [ -156.66279319110842, 21.004039789501459 ], [ -156.657759482360461, 21.004462495881445 ], [ -156.657110181639695, 21.005124984817016 ], [ -156.656220329567731, 21.005062992280962 ], [ -156.656111831369373, 21.006435440118111 ], [ -156.656573520334888, 21.008621564129104 ], [ -156.655389765879789, 21.007264114248326 ], [ -156.654992708788654, 21.005990916412703 ], [ -156.654172983988389, 21.005623927213165 ], [ -156.653660395472087, 21.00453326106572 ], [ -156.651796417307082, 21.004826590676359 ], [ -156.64969668878075, 21.00540381094704 ], [ -156.649281830725897, 21.0058273105072 ], [ -156.64897306353086, 21.006078598385919 ], [ -156.64847828614387, 21.007053105542568 ], [ -156.648102647231582, 21.007436403073566 ], [ -156.647639485954272, 21.007813462862142 ], [ -156.647086325838529, 21.008378032091315 ], [ -156.64615370826192, 21.00913747984843 ], [ -156.645615004353175, 21.010036765416864 ], [ -156.646589825318927, 21.010879352439595 ], [ -156.646311711891798, 21.011204999716188 ], [ -156.645968086958732, 21.011181064344548 ], [ -156.644856490432886, 21.011728503041613 ], [ -156.642700365967158, 21.01115419234171 ], [ -156.64151280443582, 21.011551085565948 ], [ -156.6408841438124, 21.013366558226458 ], [ -156.637634192368239, 21.013139304293084 ], [ -156.637519929364998, 21.014579898202879 ], [ -156.638541213163194, 21.0161381153784 ], [ -156.639589270106654, 21.016784538768487 ], [ -156.639848344661317, 21.01761616947439 ], [ -156.641029764402504, 21.019009535533929 ], [ -156.640935565476667, 21.020197106955603 ], [ -156.640987248010617, 21.021281412214051 ], [ -156.640933491795238, 21.021957908860564 ], [ -156.6409468673954, 21.022235869704481 ], [ -156.640553279880663, 21.022556330732673 ], [ -156.641038371487753, 21.023886992000339 ], [ -156.640047386438368, 21.023817682914753 ], [ -156.639758063896437, 21.024387337812925 ], [ -156.639449240986522, 21.024638602769254 ], [ -156.639097586690383, 21.024997339887019 ], [ -156.638295158629546, 21.024637916968029 ], [ -156.63724197484683, 21.024081489189815 ], [ -156.636568912900316, 21.024327685716877 ], [ -156.636074355224878, 21.024832178780564 ], [ -156.634366960975484, 21.02538064196311 ], [ -156.632805873594435, 21.025103358097017 ], [ -156.632334384701807, 21.024592698301394 ], [ -156.630826102227132, 21.024487161818808 ], [ -156.630221271969816, 21.025103986455395 ], [ -156.629875360052864, 21.023993757519428 ], [ -156.62685063571783, 21.022395501183489 ], [ -156.624109949089586, 21.022203653140156 ], [ -156.620780810726643, 21.022643197001301 ], [ -156.620216285814905, 21.023754055826952 ], [ -156.618412220167329, 21.024089630261585 ], [ -156.6166610909371, 21.02432063837842 ], [ -156.616364663751455, 21.024622956736565 ], [ -156.613517368091806, 21.023463855259301 ], [ -156.612357951118668, 21.023109885186162 ], [ -156.611348528417579, 21.022237261088424 ], [ -156.610459734517406, 21.021274530748521 ], [ -156.609296843314723, 21.021192972464494 ], [ -156.608865516217037, 21.021544172404816 ], [ -156.608976889733782, 21.023887872551732 ], [ -156.608584380712813, 21.024207210435844 ], [ -156.608307698717653, 21.024489553624125 ], [ -156.607998828966458, 21.024740756350365 ], [ -156.607317205182682, 21.025714734357646 ], [ -156.605120894537833, 21.027953977529474 ], [ -156.604174811683976, 21.02821365236117 ], [ -156.604213158471765, 21.029022502259373 ], [ -156.603885998282806, 21.029288781691324 ], [ -156.603922266386519, 21.03005130724949 ], [ -156.603458809800713, 21.030523858759373 ], [ -156.602994613771983, 21.030901559937831 ], [ -156.60302032738673, 21.031442911375471 ], [ -156.600417789161497, 21.031081459420935 ], [ -156.598222842588996, 21.030306959958885 ], [ -156.596942073043408, 21.030544402302791 ], [ -156.59613889749815, 21.030939643644228 ], [ -156.594208750425395, 21.030258386438682 ], [ -156.593781513203879, 21.030228397172401 ], [ -156.593176721671057, 21.030253694644522 ], [ -156.593241353066759, 21.029440221049455 ], [ -156.592156203449264, 21.028866670186162 ], [ -156.591483064349859, 21.029112678761237 ], [ -156.591175695281606, 21.029426035925649 ], [ -156.589862191645551, 21.029333872394751 ], [ -156.589114204107403, 21.029643357456575 ], [ -156.58822645260156, 21.030548319415015 ], [ -156.58833307141083, 21.029211127268983 ], [ -156.588313694584798, 21.028804518707322 ], [ -156.588357062056019, 21.028263355877961 ], [ -156.588331132087234, 21.027721209750666 ], [ -156.588352956333409, 21.027450630291717 ], [ -156.588316536481386, 21.026684931127114 ], [ -156.588826967093041, 21.025834003916867 ], [ -156.588400462687673, 21.024463851827747 ], [ -156.587949452576169, 21.024074001939937 ], [ -156.587421160352648, 21.022376755081211 ], [ -156.585531254395505, 21.021935522777973 ], [ -156.584860741304169, 21.021355650951836 ], [ -156.585294450685637, 21.020632342850075 ], [ -156.584987954233696, 21.020367417721726 ], [ -156.584655088192591, 21.019658351974986 ], [ -156.580838904488019, 21.01679363085259 ], [ -156.579419994942015, 21.016693944216389 ], [ -156.577541291035629, 21.016995482799118 ], [ -156.576683327092184, 21.017540376237502 ], [ -156.573778524960176, 21.017754496761537 ], [ -156.572095462162508, 21.018152146396726 ], [ -156.568985217920755, 21.015693403904983 ], [ -156.568277456878178, 21.01418507581085 ], [ -156.566245024338428, 21.011982562598657 ], [ -156.565514778731682, 21.011931240080592 ], [ -156.564360050370851, 21.011979253891745 ], [ -156.561883135458288, 21.011805013770559 ], [ -156.560123580322113, 21.013045586837698 ], [ -156.559167238619011, 21.012397770265522 ], [ -156.55886417873009, 21.012410350773209 ], [ -156.558351747017014, 21.011318660871837 ], [ -156.55801185064692, 21.011569322782048 ], [ -156.55748759388436, 21.012103564283162 ], [ -156.557416962839852, 21.011787222934391 ], [ -156.557538381656997, 21.010265371227657 ], [ -156.556899311675636, 21.009927242155712 ], [ -156.556034406441938, 21.009963226467992 ], [ -156.555506218618802, 21.008837443153279 ], [ -156.554526804450745, 21.008398123411911 ], [ -156.555131163894202, 21.007391126144373 ], [ -156.555253664163956, 21.005855669016277 ], [ -156.554633073444194, 21.00531860338986 ], [ -156.554690751556478, 21.00459724975147 ], [ -156.554122838036477, 21.003386902868311 ], [ -156.553274949077718, 21.002209166779302 ], [ -156.552347481734671, 20.999227472668117 ], [ -156.551297383936344, 20.998756569284005 ], [ -156.550537564897752, 20.997932980547173 ], [ -156.549287739618194, 20.998170525915306 ], [ -156.548936159125105, 20.998861718405479 ], [ -156.547685165309844, 20.999583862214326 ], [ -156.546984218388786, 21.001604591820843 ], [ -156.545538718924945, 21.002315447276665 ], [ -156.544255373069944, 21.001861901287409 ], [ -156.543285936187345, 21.001902135191258 ], [ -156.543860513309738, 21.000944483985652 ], [ -156.543514115980742, 20.999441690059239 ], [ -156.542356437851822, 20.998627005514798 ], [ -156.542573974275143, 20.995905048198516 ], [ -156.542126545383354, 20.995102867657202 ], [ -156.541840480434075, 20.994492820358658 ], [ -156.541050276415291, 20.993809091436304 ], [ -156.541001842549349, 20.992776444214716 ], [ -156.541034809273242, 20.992363189187717 ], [ -156.539860456310038, 20.992088694731727 ], [ -156.540458754080049, 20.99109158329999 ], [ -156.539615447117797, 20.989919810638497 ], [ -156.5392365892898, 20.989112002628243 ], [ -156.538339916191603, 20.989048776188842 ], [ -156.537362391478212, 20.989089262976879 ], [ -156.536989606283328, 20.986126383430065 ], [ -156.536371899920653, 20.985937430277652 ], [ -156.535166017560442, 20.984721771044924 ], [ -156.533940868993142, 20.984680485630982 ], [ -156.533652416800635, 20.984681862337428 ], [ -156.532211067132693, 20.984633332061431 ], [ -156.530480359319142, 20.984641435160867 ], [ -156.529341358228777, 20.984603085763649 ], [ -156.528455832369559, 20.985148263797107 ], [ -156.528162212677813, 20.985138445717258 ], [ -156.527033358962029, 20.985663946014299 ], [ -156.525570544411835, 20.985208593568359 ], [ -156.526156790901723, 20.984296806294047 ], [ -156.526455436870094, 20.984035555273618 ], [ -156.526451105164824, 20.983238324693477 ], [ -156.526767844172355, 20.982682117773631 ], [ -156.526476005538086, 20.982410568467813 ], [ -156.52651749193393, 20.981328176302462 ], [ -156.526064549935683, 20.981312866328196 ], [ -156.524769369160794, 20.981318909099524 ], [ -156.525654593393682, 20.980757079406395 ], [ -156.526791027335776, 20.980795413709622 ], [ -156.526830651761912, 20.979757435454925 ], [ -156.52422930856784, 20.979241227420097 ], [ -156.524221959823819, 20.977824419718107 ], [ -156.525985503879667, 20.977527584820958 ], [ -156.526295061547643, 20.975901504607226 ], [ -156.526888190007156, 20.974859660544862 ], [ -156.52689994569127, 20.974556148000563 ], [ -156.526618984522571, 20.973744450523245 ], [ -156.526349740491185, 20.972922606181243 ], [ -156.525760068643052, 20.972643160206491 ], [ -156.526649359004892, 20.971864991713097 ], [ -156.526697793430657, 20.970599245647644 ], [ -156.526167457091617, 20.968409548417476 ], [ -156.525578374878194, 20.967222897829235 ], [ -156.525265661737308, 20.966630167780821 ], [ -156.525345868764362, 20.964529622571501 ], [ -156.523603122546717, 20.963111803913311 ], [ -156.522010008160635, 20.962356947059387 ], [ -156.521048776333799, 20.961744726632801 ], [ -156.520592765733852, 20.960826250749388 ], [ -156.519062845803035, 20.9601012551101 ], [ -156.519354725377354, 20.959547739166187 ], [ -156.519894169062468, 20.958600101970632 ], [ -156.517656640997359, 20.957307957983392 ], [ -156.517684925898948, 20.956566888122218 ], [ -156.516837124865049, 20.9551769906329 ], [ -156.515970073639153, 20.954765972231648 ], [ -156.516023651632736, 20.953363414306878 ], [ -156.514835935005237, 20.95298210699212 ], [ -156.51601973906935, 20.951946262720437 ], [ -156.515504790154665, 20.951377158138403 ], [ -156.514734751901358, 20.951351119613406 ], [ -156.51429935959834, 20.95135310413534 ], [ -156.514021262720576, 20.951072746033972 ], [ -156.51186393165375, 20.950236701182856 ], [ -156.51128401390713, 20.949068268783762 ], [ -156.510313807541536, 20.948580725289187 ], [ -156.508598622378628, 20.94791590216203 ], [ -156.508594925463029, 20.947203864603054 ], [ -156.508692336832894, 20.944654024186999 ], [ -156.508374486785925, 20.94340859979383 ], [ -156.508892731985696, 20.941206680082555 ], [ -156.507857037744969, 20.939881989808871 ], [ -156.507538625093758, 20.937072784643952 ], [ -156.5049039896941, 20.934826098331776 ], [ -156.500469975207523, 20.933272806882439 ], [ -156.499043414639317, 20.932704851405131 ], [ -156.497101576454952, 20.931952091145352 ], [ -156.496470431604365, 20.931047134970168 ], [ -156.495591048936717, 20.928358915141473 ], [ -156.494679425935431, 20.927051985707561 ], [ -156.492921606451091, 20.914366749044266 ], [ -156.491788925492614, 20.898328786671353 ], [ -156.492301078802541, 20.888363949018387 ], [ -156.493314658709579, 20.879975770869322 ], [ -156.495159371211628, 20.867418448867308 ], [ -156.498625121461998, 20.853607349427559 ], [ -156.499019585376146, 20.852183323513763 ], [ -156.503701683966796, 20.842846247110501 ], [ -156.50612763810733, 20.83782638569706 ], [ -156.512357457498211, 20.829773072773275 ], [ -156.516094601888767, 20.825148224012981 ], [ -156.517676664010509, 20.819865512042444 ], [ -156.520303588301744, 20.814097658016294 ], [ -156.523853264961645, 20.807181893078774 ], [ -156.527450390904562, 20.798007428460114 ], [ -156.530389639582182, 20.793704488705568 ], [ -156.53432552946299, 20.79098425687997 ], [ -156.536727730885673, 20.790249490761752 ], [ -156.539872704162008, 20.790234306892707 ], [ -156.543018243491588, 20.790601332831422 ], [ -156.553353887948958, 20.795044012333626 ], [ -156.556897883378895, 20.796723709202013 ], [ -156.562013138023673, 20.800609743265401 ], [ -156.56521861633243, 20.803289733875108 ], [ -156.568388130020395, 20.804360345679591 ], [ -156.572302532127566, 20.804930882914409 ], [ -156.575399607396122, 20.806719376222624 ], [ -156.575993682642206, 20.807272340816962 ], [ -156.577212010330499, 20.808867304264531 ], [ -156.582654616876795, 20.812751866575169 ], [ -156.586476415004228, 20.814173689635147 ], [ -156.590896137945606, 20.814643008432586 ], [ -156.593834216356612, 20.815716675028671 ], [ -156.599915703588891, 20.819386433929406 ], [ -156.603347496340149, 20.822023726963703 ], [ -156.606333039199313, 20.826447434919356 ], [ -156.609968423498827, 20.828272651787021 ], [ -156.613073735760707, 20.829474542657984 ], [ -156.616465794248285, 20.831912642002806 ], [ -156.620248735951208, 20.836128597478201 ], [ -156.626018683849139, 20.843194931634127 ], [ -156.628694089501607, 20.847326989976292 ], [ -156.63139572116134, 20.851554353490698 ], [ -156.636853378357046, 20.859635659820864 ], [ -156.64333859058334, 20.869201375541969 ], [ -156.643896535427388, 20.870027058340536 ], [ -156.649530039693616, 20.87835796620794 ], [ -156.654174421784148, 20.88668521129755 ], [ -156.657777468252561, 20.896221255292037 ], [ -156.661623634234559, 20.901724282182489 ], [ -156.664458804171431, 20.908351397830049 ], [ -156.666598836039128, 20.917154993949008 ], [ -156.669245385104034, 20.926993420428019 ], [ -156.67222940157427, 20.938081422927986 ], [ -156.67252207008562, 20.939223530113924 ], [ -156.672787911067445, 20.940316063831595 ], [ -156.67883175982027, 20.964774655308041 ], [ -156.680359097490879, 20.971915418086866 ], [ -156.679485852805442, 20.973452359336765 ], [ -156.678904515876667, 20.975054913846456 ], [ -156.678058841604241, 20.976190759281046 ], [ -156.677698388331407, 20.977496843205028 ], [ -156.675667445664971, 20.978592036388715 ], [ -156.675643817899385, 20.979227040024334 ], [ -156.675649727068048, 20.980155836970098 ], [ -156.675345264771096, 20.980444674312331 ], [ -156.673609279648389, 20.981206691034878 ], [ -156.673557671912931, 20.982592643136723 ], [ -156.674712876672487, 20.983665711284111 ], [ -156.674412979202316, 20.984241252272518 ], [ -156.672782260613417, 20.984187621275538 ], [ -156.672385885265669, 20.985280495889835 ], [ -156.671994934437549, 20.985968544551714 ], [ -156.672909605432466, 20.987276434388129 ], [ -156.67176710576058, 20.987981191565407 ], [ -156.671473162656895, 20.98797161563963 ], [ -156.671179008487741, 20.988520507706887 ], [ -156.670316889327466, 20.988492177129888 ], [ -156.670167645712354, 20.98863378684695 ] ] ] } },
{ "type": "Feature", "properties": { "ID": 79, "GRIDCODE": 2 }, "geometry": { "type": "Polygon", "coordinates": [ [ [ -156.971892619221393, 20.754334381251169 ], [ -156.973984019491809, 20.754573115178317 ], [ -156.977130856724301, 20.755574789645273 ], [ -156.978334914936227, 20.756690621949005 ], [ -156.978873147051985, 20.759899403471231 ], [ -156.978071667462018, 20.763008672790889 ], [ -156.977430836410207, 20.764212198881474 ], [ -156.97327819740579, 20.770689838304296 ], [ -156.971346376571006, 20.77689580117654 ], [ -156.970207767793113, 20.783630118839575 ], [ -156.970406442071265, 20.79258936694994 ], [ -156.971097492073085, 20.799363566555513 ], [ -156.97256393830753, 20.806276982550628 ], [ -156.976458847315399, 20.818855535040303 ], [ -156.983123432035171, 20.831014726382509 ], [ -156.99149677493503, 20.841662669047501 ], [ -156.999208233711926, 20.854000735992088 ], [ -157.00572221843268, 20.863755437479394 ], [ -157.008234909045228, 20.867456698242826 ], [ -157.014287152810795, 20.872778461187448 ], [ -157.018866239558861, 20.875524941760784 ], [ -157.02409939371401, 20.880368165275311 ], [ -157.025349699408878, 20.883944680182964 ], [ -157.025383560015598, 20.887856943951071 ], [ -157.024865459092723, 20.889753179077029 ], [ -157.022792831601834, 20.893239151324924 ], [ -157.019946205496154, 20.896756607105008 ], [ -157.017203568607073, 20.898457406994389 ], [ -157.012967959739058, 20.899301225194154 ], [ -157.00534622809846, 20.900195001641471 ], [ -156.994526084589126, 20.900614461179998 ], [ -156.982205263933196, 20.898771074827902 ], [ -156.965990901570365, 20.89541108937803 ], [ -156.95654061279734, 20.892906546093169 ], [ -156.948191765132776, 20.891359454170665 ], [ -156.943576360675848, 20.890627551190754 ], [ -156.935017150651532, 20.889867765836449 ], [ -156.927666374399735, 20.888089123094392 ], [ -156.917381335308704, 20.884000840756837 ], [ -156.910989683367745, 20.881146797583011 ], [ -156.903079190890764, 20.874175591744144 ], [ -156.901276504952961, 20.871753675430725 ], [ -156.899436719616659, 20.868885988669291 ], [ -156.89803886249635, 20.867482250581226 ], [ -156.896206660845991, 20.866281787968692 ], [ -156.893583395108692, 20.865693213970836 ], [ -156.890464359719914, 20.865009190673653 ], [ -156.880230601085572, 20.861110376918653 ], [ -156.862314018738317, 20.850191064648818 ], [ -156.85487961355355, 20.845232534478228 ], [ -156.847680774683852, 20.839082490214963 ], [ -156.840620487652586, 20.832770154318109 ], [ -156.8364548555478, 20.826893925792376 ], [ -156.833286339945317, 20.82091513508038 ], [ -156.832024638738631, 20.816599499072328 ], [ -156.832373523841198, 20.812294970606715 ], [ -156.836134520204126, 20.799881686830275 ], [ -156.83931982473888, 20.792045670559475 ], [ -156.843964246997444, 20.783920590315642 ], [ -156.848567455593667, 20.77930186561338 ], [ -156.851045179272091, 20.7757619612395 ], [ -156.854107250920265, 20.770836416026469 ], [ -156.856068827682719, 20.768966632914879 ], [ -156.858707449806502, 20.767537465147047 ], [ -156.863448644690806, 20.76460022883079 ], [ -156.87381040079606, 20.760153197519738 ], [ -156.878373101237941, 20.7597903749922 ], [ -156.881496100300865, 20.759003406321597 ], [ -156.884664469447472, 20.758026698384349 ], [ -156.887700181848572, 20.758455906802787 ], [ -156.888154252670347, 20.758877157512313 ], [ -156.890495989998215, 20.76180158584009 ], [ -156.892537763205269, 20.763298556072002 ], [ -156.89495002045183, 20.764108410660356 ], [ -156.898657781470547, 20.763817653940151 ], [ -156.902466815401397, 20.761753315907267 ], [ -156.905133785786575, 20.759781591462826 ], [ -156.908059398173208, 20.758408828151772 ], [ -156.918409568960158, 20.758167961837472 ], [ -156.93242181025883, 20.756725005632831 ], [ -156.940538743100831, 20.756666651721432 ], [ -156.94319673250439, 20.75710649911198 ], [ -156.944627417390421, 20.757399858934285 ], [ -156.955285866436867, 20.757792699311771 ], [ -156.958891502839549, 20.75860065808715 ], [ -156.964556111607635, 20.758147403653158 ], [ -156.966233930666078, 20.75765699705655 ], [ -156.969125957664914, 20.755369886605745 ], [ -156.970876387706028, 20.754726160726669 ], [ -156.971749584938237, 20.754470813463442 ], [ -156.971892619221393, 20.754334381251169 ] ] ] } },
{ "type": "Feature", "properties": { "ID": 80, "GRIDCODE": 2 }, "geometry": { "type": "Polygon", "coordinates": [ [ [ -156.260380706524273, 20.937573045905044 ], [ -156.25921571340993, 20.936305266594289 ], [ -156.258522077408912, 20.936332865770524 ], [ -156.257692967345974, 20.935220046660028 ], [ -156.256352154152211, 20.934055220647689 ], [ -156.255953594991411, 20.933201115889009 ], [ -156.253931894639862, 20.933281648196335 ], [ -156.253249886533581, 20.934616922200647 ], [ -156.252392531514346, 20.93707477273345 ], [ -156.251502652296409, 20.937010576794904 ], [ -156.250463196029727, 20.936457832507116 ], [ -156.248979565449872, 20.936178409440469 ], [ -156.248221884683915, 20.937661212066899 ], [ -156.247097583639061, 20.936437392135637 ], [ -156.245557055944943, 20.935852330044543 ], [ -156.245000540135464, 20.935556370470568 ], [ -156.244705564181402, 20.935568135749257 ], [ -156.244129754515711, 20.935526564558476 ], [ -156.24355276399038, 20.935549507597557 ], [ -156.243264859526704, 20.935528720314117 ], [ -156.242970449180262, 20.935540359472423 ], [ -156.241462272196713, 20.935004319184451 ], [ -156.240811943614773, 20.935664805909205 ], [ -156.240151152358408, 20.93494555030907 ], [ -156.238913561868657, 20.934653890013116 ], [ -156.238991503781648, 20.933704449893305 ], [ -156.239873913254968, 20.932239582295981 ], [ -156.240278919669947, 20.931446587739043 ], [ -156.238961012213309, 20.930301318301844 ], [ -156.23845954521579, 20.930321236497679 ], [ -156.238164905314761, 20.930299935810755 ], [ -156.237139545325505, 20.93094825349452 ], [ -156.236130917637524, 20.931972804253896 ], [ -156.235864359760143, 20.930805136591726 ], [ -156.235251205941495, 20.929456364289045 ], [ -156.23471390863395, 20.930001888493646 ], [ -156.234400102801345, 20.928985666247694 ], [ -156.233518104773026, 20.928587990846385 ], [ -156.232732672138354, 20.928619156550354 ], [ -156.231892836829019, 20.927704688629294 ], [ -156.23103280963872, 20.928577820285188 ], [ -156.230564711555871, 20.92854403750427 ], [ -156.230124667189273, 20.928561490386954 ], [ -156.22957380264603, 20.92796168231607 ], [ -156.22870104221056, 20.927996304425871 ], [ -156.228125272514376, 20.927954682821913 ], [ -156.227834696919615, 20.928523499602008 ], [ -156.227636090254748, 20.928775765715784 ], [ -156.22726989725399, 20.927886033714778 ], [ -156.228147798618039, 20.927174417551733 ], [ -156.228425702420225, 20.926850308310012 ], [ -156.22784134877125, 20.926342389679775 ], [ -156.227924459393677, 20.925329435187184 ], [ -156.227326752499806, 20.923911069140772 ], [ -156.227037870230191, 20.92264517199435 ], [ -156.227101430836512, 20.921868483139246 ], [ -156.227069296168054, 20.921152128898544 ], [ -156.22588163160205, 20.921199211064362 ], [ -156.22597271871058, 20.92008971804637 ], [ -156.225958272829246, 20.919773554566778 ], [ -156.226836633186338, 20.918315700161457 ], [ -156.227188179822264, 20.917308297333676 ], [ -156.227157191293713, 20.916621319479685 ], [ -156.227495219497683, 20.915782173534495 ], [ -156.227195649704186, 20.914653768674814 ], [ -156.226315362688098, 20.914688660346158 ], [ -156.225544893705177, 20.913850015586171 ], [ -156.223324082061794, 20.913554310233071 ], [ -156.22289052483822, 20.915177282360343 ], [ -156.222024719397524, 20.91486934929917 ], [ -156.221160827180626, 20.915144765896134 ], [ -156.220867064725155, 20.915123584803517 ], [ -156.219157756962034, 20.915191355430789 ], [ -156.217707430614269, 20.9148010111901 ], [ -156.217122922123195, 20.914824145952139 ], [ -156.216854674136215, 20.9139550393548 ], [ -156.214062714044758, 20.913296549914634 ], [ -156.214383541338606, 20.909385962805182 ], [ -156.214058024946866, 20.90879918214528 ], [ -156.213582337938703, 20.907778840781269 ], [ -156.214585591910435, 20.906113487061297 ], [ -156.21412307165852, 20.905279427044942 ], [ -156.213781943791389, 20.904547851144553 ], [ -156.212961229451366, 20.903906306924036 ], [ -156.212997567658334, 20.904711725732316 ], [ -156.212970709172708, 20.905037925417219 ], [ -156.211672358619069, 20.904943862615198 ], [ -156.212366067382845, 20.90379251713394 ], [ -156.211170222284125, 20.902752743239063 ], [ -156.210430562978644, 20.902782053436997 ], [ -156.210136267977958, 20.902760715308716 ], [ -156.209191849946848, 20.903223204979373 ], [ -156.205306685777515, 20.90087757103419 ], [ -156.20446348273336, 20.899068591930927 ], [ -156.203233106154784, 20.897998847876263 ], [ -156.201585906693111, 20.8974911696167 ], [ -156.199473233340655, 20.896739397806652 ], [ -156.199039629333782, 20.895809112811246 ], [ -156.198739940805183, 20.895548708421472 ], [ -156.198228766813145, 20.894991788687914 ], [ -156.197026360773521, 20.894708108902698 ], [ -156.196471775761239, 20.894412838273279 ], [ -156.195883985599892, 20.894147700820664 ], [ -156.195491016044571, 20.893304032972072 ], [ -156.19491701767069, 20.893326742792834 ], [ -156.194445234933056, 20.894678297113913 ], [ -156.194136282221876, 20.894341562792896 ], [ -156.194188351029169, 20.89370594370569 ], [ -156.194157893100652, 20.893028371124238 ], [ -156.194230262485235, 20.89214857227574 ], [ -156.194793179468604, 20.891692329430469 ], [ -156.195149910363568, 20.89067001468667 ], [ -156.196130563647927, 20.889042490200165 ], [ -156.195332747415961, 20.888722067522245 ], [ -156.19338990916944, 20.890695064133414 ], [ -156.192206895913301, 20.89129239501494 ], [ -156.192899800973834, 20.890142312705731 ], [ -156.192228871765366, 20.888931865553076 ], [ -156.188247612219271, 20.885766944175291 ], [ -156.187119210996286, 20.885066277429726 ], [ -156.186120181457227, 20.884385719231972 ], [ -156.185315623827762, 20.88350894131154 ], [ -156.1841176426868, 20.882466725822884 ], [ -156.18345128543541, 20.881740591295529 ], [ -156.182912671431609, 20.881272180110532 ], [ -156.182200298052976, 20.880177524257824 ], [ -156.179457182696211, 20.878710964909548 ], [ -156.178336664944538, 20.877864650782485 ], [ -156.177460902538769, 20.877594704574019 ], [ -156.175781027622406, 20.876579789658798 ], [ -156.174778561528541, 20.875487192864686 ], [ -156.174283414054372, 20.873315178327999 ], [ -156.172114769001809, 20.874376770481135 ], [ -156.170917796941467, 20.873950462895717 ], [ -156.170042074559007, 20.873680482627147 ], [ -156.16957878932439, 20.873175462474773 ], [ -156.168146903020926, 20.872162074827919 ], [ -156.167391462626767, 20.87100106708105 ], [ -156.166571857466749, 20.868340994672966 ], [ -156.166839391682544, 20.865088786249579 ], [ -156.16675481866929, 20.863191611274569 ], [ -156.166821525047681, 20.862380241749143 ], [ -156.166797360665271, 20.861838191677492 ], [ -156.166875330666272, 20.860891199356484 ], [ -156.165601243988533, 20.860607331855103 ], [ -156.164049564764383, 20.861366710654725 ], [ -156.163101055053573, 20.863569411706166 ], [ -156.162143174849945, 20.863228345408146 ], [ -156.161262371340115, 20.863263052185427 ], [ -156.160473235481362, 20.862402701670597 ], [ -156.158326409454816, 20.861740368691187 ], [ -156.157838935715887, 20.861208870754989 ], [ -156.157973146895301, 20.859578358698538 ], [ -156.156706593613876, 20.858791255199318 ], [ -156.155682494731536, 20.858831620062535 ], [ -156.150888938349993, 20.860004262436163 ], [ -156.148866957998308, 20.861423855937552 ], [ -156.148223498646956, 20.861377027325229 ], [ -156.147752822934308, 20.862298011837421 ], [ -156.147808898828259, 20.863560620906323 ], [ -156.14715396303319, 20.864091339460394 ], [ -156.147190688901418, 20.86491803664428 ], [ -156.145951662801423, 20.865922065804185 ], [ -156.14609841011017, 20.864141697153617 ], [ -156.145160914455033, 20.864600515102033 ], [ -156.143624376846418, 20.86490954816021 ], [ -156.143742314670504, 20.863478601153407 ], [ -156.142930723931954, 20.863112104709437 ], [ -156.143787692423956, 20.862417762630702 ], [ -156.143144367125899, 20.861857838520372 ], [ -156.143244085668414, 20.860646364768108 ], [ -156.143812834610713, 20.859703229896709 ], [ -156.144395555122372, 20.858496777609801 ], [ -156.143511120346574, 20.857802445372588 ], [ -156.13796825691955, 20.858262276714598 ], [ -156.137283796039412, 20.858212474392612 ], [ -156.135182053731938, 20.858477065695755 ], [ -156.133990662678229, 20.858155609583068 ], [ -156.133453984655631, 20.858176634085858 ], [ -156.133060615953127, 20.857747680076923 ], [ -156.131436740944793, 20.858955272458424 ], [ -156.131116991063408, 20.858931925653938 ], [ -156.131160884839403, 20.858398297492467 ], [ -156.131109095001051, 20.857865709200571 ], [ -156.13058064673271, 20.85840178830086 ], [ -156.130010774655716, 20.858244652594436 ], [ -156.131473851835267, 20.857059370256568 ], [ -156.132046275133547, 20.855940203840738 ], [ -156.128822145203316, 20.85471279446865 ], [ -156.129286376490853, 20.853942775587878 ], [ -156.128675032527781, 20.851866864918353 ], [ -156.128423346842396, 20.849119943670789 ], [ -156.128469414698543, 20.848560831428269 ], [ -156.127706689724278, 20.847183359810387 ], [ -156.127375024956649, 20.845330066013123 ], [ -156.126797032943898, 20.84452205763284 ], [ -156.126830657755761, 20.844114543490651 ], [ -156.127477230614062, 20.842511462250819 ], [ -156.12830555716792, 20.841840381688552 ], [ -156.128598640490054, 20.84071746085521 ], [ -156.127326690057828, 20.840142712816721 ], [ -156.12627599066272, 20.840183788777651 ], [ -156.125724481527669, 20.839582246331261 ], [ -156.125765840780218, 20.839078594877073 ], [ -156.125468227797228, 20.836989302729151 ], [ -156.123624565072618, 20.836287241280477 ], [ -156.122558088540785, 20.836626883355237 ], [ -156.121746681364073, 20.838213155733797 ], [ -156.120569479163748, 20.837895432906318 ], [ -156.120666042690431, 20.836724000361112 ], [ -156.119768060123107, 20.835468134140285 ], [ -156.1195121467278, 20.834636037856992 ], [ -156.118385587405612, 20.833935674076692 ], [ -156.118108357111538, 20.832716695397259 ], [ -156.116662208831087, 20.832166054198183 ], [ -156.115756344574095, 20.831548204092392 ], [ -156.115056157019865, 20.830043215276717 ], [ -156.115616220764281, 20.829114312986306 ], [ -156.11558197823669, 20.828342675881316 ], [ -156.115929978285038, 20.827765514244923 ], [ -156.115874657961399, 20.826520253979247 ], [ -156.114759951589519, 20.826176048700347 ], [ -156.114475942508761, 20.825565497107036 ], [ -156.113916719447275, 20.825078575366511 ], [ -156.113650526535196, 20.824787933990468 ], [ -156.112598823905927, 20.823973097761183 ], [ -156.111137310915183, 20.824896573432003 ], [ -156.110062114480286, 20.825269054431221 ], [ -156.107956594735498, 20.824518391874225 ], [ -156.107261376736147, 20.823759926007671 ], [ -156.105974431183483, 20.823319665596124 ], [ -156.104137362052626, 20.825184318548889 ], [ -156.103048589607312, 20.825692195539435 ], [ -156.099598025114318, 20.825055273762846 ], [ -156.097269687509538, 20.825146209919382 ], [ -156.094552315598037, 20.825852934787122 ], [ -156.094611151051481, 20.827184327613242 ], [ -156.093708254900548, 20.827429638056952 ], [ -156.092758884070776, 20.828029463639574 ], [ -156.091065995574468, 20.826874491099929 ], [ -156.09055675632905, 20.82739146459641 ], [ -156.088771988954846, 20.827621895663619 ], [ -156.08823749272662, 20.828164481542803 ], [ -156.087928313054363, 20.828414696882454 ], [ -156.087645712642001, 20.828701595216724 ], [ -156.086078919851388, 20.827866210053909 ], [ -156.084436621456831, 20.827549066049681 ], [ -156.084538220927328, 20.826319584012207 ], [ -156.082673108120929, 20.824997901471495 ], [ -156.081952960372377, 20.825350196090483 ], [ -156.081505211114404, 20.825317442652672 ], [ -156.080218384871642, 20.823912763456356 ], [ -156.079095427008582, 20.823405020872421 ], [ -156.078834534030563, 20.822843612452832 ], [ -156.07848851757484, 20.822218470901017 ], [ -156.076813606506136, 20.822283646867721 ], [ -156.07566871771985, 20.821033957009988 ], [ -156.073975212884676, 20.820067915287556 ], [ -156.073027322019385, 20.819033278127907 ], [ -156.071122025450876, 20.818665111427304 ], [ -156.07045357378189, 20.818308559172994 ], [ -156.068831632255581, 20.818371657602324 ], [ -156.068416054499437, 20.817477543391028 ], [ -156.066227115991495, 20.816115387495408 ], [ -156.065597999051647, 20.816139786655075 ], [ -156.064828337514371, 20.814954777168428 ], [ -156.064289523442966, 20.814485252029723 ], [ -156.064353401635373, 20.813714518182756 ], [ -156.064028663571179, 20.813127537447166 ], [ -156.063652271439793, 20.812317920991092 ], [ -156.061746298480216, 20.812005185400444 ], [ -156.061428780251447, 20.811322193565097 ], [ -156.060012404385532, 20.81088415103072 ], [ -156.059501592884317, 20.809784886211123 ], [ -156.058177091625168, 20.808845933541718 ], [ -156.056811301785217, 20.807354732998103 ], [ -156.054320878873568, 20.80700319071164 ], [ -156.054356410932598, 20.807808550134219 ], [ -156.054331850288179, 20.808102603061737 ], [ -156.053677739924751, 20.808054599109784 ], [ -156.052682697752232, 20.806968150824964 ], [ -156.051309202624253, 20.806642778236238 ], [ -156.04985656441508, 20.806699100635281 ], [ -156.049466532917762, 20.807461298459561 ], [ -156.049157345445423, 20.807711441659219 ], [ -156.048593824594917, 20.808283281011171 ], [ -156.047890462103396, 20.807515345945738 ], [ -156.045810923388245, 20.807022530002168 ], [ -156.044886729491992, 20.806013030849655 ], [ -156.044340543898642, 20.805537110125542 ], [ -156.041281530489101, 20.805098488485221 ], [ -156.040287694251759, 20.805136997739378 ], [ -156.04000010919259, 20.805115899576791 ], [ -156.039586082327816, 20.805131888823112 ], [ -156.039075219572936, 20.806591722310056 ], [ -156.038393675117305, 20.806984167631736 ], [ -156.036329742239701, 20.80588299700241 ], [ -156.034344345267442, 20.805412302849273 ], [ -156.030490994588689, 20.804967149761218 ], [ -156.029090510592653, 20.804588246656937 ], [ -156.027649872253193, 20.803819359749195 ], [ -156.026061777906875, 20.803327960655732 ], [ -156.02336336829714, 20.802120170672087 ], [ -156.021804617311858, 20.801525579044174 ], [ -156.018074584391059, 20.798937591132336 ], [ -156.017674827568385, 20.79850090190498 ], [ -156.015673160756194, 20.797737106916529 ], [ -156.014512852421774, 20.797378010178516 ], [ -156.013424288490313, 20.796989082801922 ], [ -156.011647551660218, 20.797057689469245 ], [ -156.011079734761694, 20.797015925037147 ], [ -156.010925349133373, 20.797172433254772 ], [ -156.0099133576783, 20.79729349149375 ], [ -156.009325563537487, 20.796995648545003 ], [ -156.008467230936276, 20.796997202167187 ], [ -156.007780462369396, 20.796299761025498 ], [ -156.007348072439754, 20.795894083689358 ], [ -156.006890065136361, 20.794962759161287 ], [ -156.004996653745707, 20.793707142299834 ], [ -156.003651434661577, 20.793657724441836 ], [ -156.00336345630825, 20.793658245382712 ], [ -156.00307569746758, 20.793647662771857 ], [ -156.002784908049364, 20.793648133607736 ], [ -156.001655222909591, 20.792810572477681 ], [ -156.000514150267946, 20.792265022773638 ], [ -156.00104066649817, 20.79036966465528 ], [ -156.001412722837244, 20.790369030429883 ], [ -156.001985137570301, 20.790390012987412 ], [ -156.001996554318396, 20.790111217886324 ], [ -156.00199560670049, 20.789561674323817 ], [ -156.00374457895586, 20.788801136757481 ], [ -156.002170385798792, 20.787548166051025 ], [ -156.001475214408828, 20.78820388200996 ], [ -156.001170115455039, 20.787933039919519 ], [ -156.000626892742247, 20.78656426902743 ], [ -156.000338664848783, 20.78629372094186 ], [ -156.000061893991216, 20.78601266264528 ], [ -155.99924890639312, 20.786014043930901 ], [ -155.997576089914247, 20.785470945077474 ], [ -155.996905861453769, 20.785150467507808 ], [ -155.996278191542075, 20.783873691820187 ], [ -155.995498776274417, 20.783501052459219 ], [ -155.994701316790923, 20.782690959979874 ], [ -155.993782399145232, 20.78237708965688 ], [ -155.993209019801185, 20.782378147424836 ], [ -155.992407587120027, 20.780748054169159 ], [ -155.991830898469857, 20.780207195360479 ], [ -155.991332752871358, 20.779193953404526 ], [ -155.989278955769379, 20.777705312499709 ], [ -155.987584542738148, 20.776316310802443 ], [ -155.986554208131224, 20.775654685907654 ], [ -155.985889810360447, 20.774661784653542 ], [ -155.985030445677239, 20.773420049274858 ], [ -155.985133227596663, 20.770949008661741 ], [ -155.984558712653268, 20.769268402191205 ], [ -155.984242712950277, 20.767199897504238 ], [ -155.982360109657293, 20.765950751602112 ], [ -155.981171588498199, 20.765641871176246 ], [ -155.979439276718409, 20.766027106911547 ], [ -155.979861894029568, 20.76400399097297 ], [ -155.980628360174364, 20.7640026646583 ], [ -155.981347600513573, 20.764029196953793 ], [ -155.981779476031704, 20.764028460566184 ], [ -155.98229530765704, 20.764047445791284 ], [ -155.984639614434457, 20.763028073687469 ], [ -155.985801183181479, 20.762016994140826 ], [ -155.986444537838594, 20.760894071886529 ], [ -155.986490631415421, 20.759789489220498 ], [ -155.985348169636893, 20.758138981984214 ], [ -155.985359824313605, 20.757863367732778 ], [ -155.984765100394384, 20.757004048794439 ], [ -155.984164641083368, 20.755782466924764 ], [ -155.982851144774912, 20.755116522871567 ], [ -155.981948777216758, 20.755366171322279 ], [ -155.981655744555923, 20.75590802969387 ], [ -155.981362723696151, 20.755897325663195 ], [ -155.979651766232706, 20.756515267355258 ], [ -155.979107526871104, 20.753755053172899 ], [ -155.979544775811206, 20.753256196369808 ], [ -155.981145255427748, 20.752918871440912 ], [ -155.981144016937776, 20.752103824101994 ], [ -155.982881127323054, 20.751737545749105 ], [ -155.982920894397296, 20.75078239946728 ], [ -155.982918369060769, 20.7493235312884 ], [ -155.983475921132651, 20.74393700746419 ], [ -155.982798679619805, 20.741841401136423 ], [ -155.982427250070117, 20.740754345942499 ], [ -155.983090466181721, 20.739036769084592 ], [ -155.983454946702722, 20.737795900208919 ], [ -155.983453317618455, 20.736999355045935 ], [ -155.983798666565804, 20.736396657862308 ], [ -155.983794445587847, 20.734043791330006 ], [ -155.984412044379411, 20.733192395967421 ], [ -155.98614592889993, 20.732438322443567 ], [ -155.985890935424294, 20.731063876643194 ], [ -155.985607914323197, 20.730522480311603 ], [ -155.985673987039263, 20.728932717945732 ], [ -155.985348844897317, 20.728602141636078 ], [ -155.983670324350612, 20.727799320020868 ], [ -155.983076794872375, 20.726941746312125 ], [ -155.984014390291861, 20.726125450216308 ], [ -155.984009330112144, 20.72345906335152 ], [ -155.98432166012762, 20.723187267619092 ], [ -155.984042415222177, 20.722371042832524 ], [ -155.984053727137734, 20.722098066273116 ], [ -155.98405324285855, 20.721824618357314 ], [ -155.984352129741666, 20.72156435433525 ], [ -155.984745444681494, 20.719233131566476 ], [ -155.986126864930583, 20.719705323112763 ], [ -155.986688759753406, 20.719704327442471 ], [ -155.987496832854418, 20.719734087492618 ], [ -155.987880145733925, 20.717834521576222 ], [ -155.987878008807115, 20.716777613769583 ], [ -155.988281802295887, 20.716072656003394 ], [ -155.988273495084485, 20.711746387127683 ], [ -155.98833354931449, 20.710301430248986 ], [ -155.987952280258696, 20.709186316475652 ], [ -155.988354804152436, 20.708089419875229 ], [ -155.990954994839626, 20.707869408416293 ], [ -155.991266387968409, 20.706504342978935 ], [ -155.992129722966752, 20.706536098062333 ], [ -155.9927053439541, 20.706535053037783 ], [ -155.99328052688611, 20.706556212242145 ], [ -155.993568337648668, 20.706555688047313 ], [ -155.994134535725976, 20.706576422959959 ], [ -155.994157508894318, 20.706024651904663 ], [ -155.993603390330094, 20.704964706448092 ], [ -155.993602330863979, 20.704391756327343 ], [ -155.994482492886192, 20.7041399047536 ], [ -155.994481451822963, 20.703594325199163 ], [ -155.995649015126304, 20.703347883117846 ], [ -155.99593653370323, 20.703076816062278 ], [ -155.997144250096795, 20.702361399074416 ], [ -155.997139678246867, 20.699983639991103 ], [ -155.99823927310922, 20.699505124943926 ], [ -155.998679328003846, 20.696996544564307 ], [ -155.998174246014401, 20.694987426733238 ], [ -155.999188050584706, 20.695024540229799 ], [ -156.001003362237981, 20.694504926455966 ], [ -156.001301504623541, 20.693692434909977 ], [ -156.001600023259812, 20.693432124854581 ], [ -156.001903801626185, 20.692604259346631 ], [ -156.002638929001165, 20.69196359868695 ], [ -156.003070156358262, 20.69155684144939 ], [ -156.00394933796241, 20.691035834062316 ], [ -156.004381735690146, 20.68913890274052 ], [ -156.004996174733378, 20.689161492279322 ], [ -156.005532777402806, 20.688167755903802 ], [ -156.006853066411537, 20.687593048021011 ], [ -156.007188157666207, 20.68730096606841 ], [ -156.007794424709772, 20.686465119623094 ], [ -156.008365387048144, 20.685967421783911 ], [ -156.008671205080702, 20.684875120275116 ], [ -156.009942136998603, 20.684321873214031 ], [ -156.011878183410204, 20.682494249299157 ], [ -156.012165833221985, 20.682786701556257 ], [ -156.012731580466692, 20.682252533146794 ], [ -156.013042111856748, 20.682251968841253 ], [ -156.014182394235547, 20.68282987266856 ], [ -156.015045422860737, 20.682828304461715 ], [ -156.016509070879209, 20.683913998424096 ], [ -156.018199020825193, 20.683429959601131 ], [ -156.018917345909557, 20.682751902182755 ], [ -156.019962536043806, 20.681841090333066 ], [ -156.021369664935065, 20.68051260765148 ], [ -156.022561201953664, 20.680510334111752 ], [ -156.023120292991536, 20.681078265145498 ], [ -156.023421832541487, 20.681077658612249 ], [ -156.023711913590205, 20.681088225163357 ], [ -156.0245749462606, 20.680826911780773 ], [ -156.025931648487671, 20.680540268261918 ], [ -156.027782701245968, 20.679443253416011 ], [ -156.027779938470246, 20.678171563722756 ], [ -156.029497133459813, 20.677423812322377 ], [ -156.029832162297083, 20.677131677934522 ], [ -156.030417240071586, 20.676047835909106 ], [ -156.03101439155796, 20.675527229603748 ], [ -156.032079002101426, 20.674521989398155 ], [ -156.033341679541138, 20.673937202348874 ], [ -156.034145125479654, 20.673587140723633 ], [ -156.034985180257678, 20.671685333242863 ], [ -156.035993633262706, 20.670733046141766 ], [ -156.036286788427759, 20.670743642365316 ], [ -156.037098006266035, 20.669977571825168 ], [ -156.037740518465796, 20.669679994843516 ], [ -156.039382644451194, 20.669332949006325 ], [ -156.040036775469389, 20.668189556178206 ], [ -156.040639466383652, 20.666626239985071 ], [ -156.041041945592411, 20.662967605599366 ], [ -156.040692261087514, 20.661945547512619 ], [ -156.041349908509687, 20.661372248461266 ], [ -156.041897538801805, 20.660356996840314 ], [ -156.043105934104062, 20.65921555853485 ], [ -156.044002163674151, 20.658958799180503 ], [ -156.044000915575907, 20.658413592476727 ], [ -156.044302715778969, 20.658150604182836 ], [ -156.04373450175521, 20.65761775837872 ], [ -156.045167785361741, 20.657891981321207 ], [ -156.045566543868546, 20.658702511847736 ], [ -156.046862900800051, 20.658749715649964 ], [ -156.047387223846954, 20.657833082944268 ], [ -156.046615887004549, 20.657109660591576 ], [ -156.046373741268525, 20.654912866268102 ], [ -156.045543814512769, 20.653326427040827 ], [ -156.046412122855088, 20.652767951404666 ], [ -156.04699809880276, 20.652512468678896 ], [ -156.047290661746928, 20.651970572924576 ], [ -156.048164245601242, 20.651720010305684 ], [ -156.048716296420935, 20.651198685346916 ], [ -156.049612760036609, 20.650926952592783 ], [ -156.049902791852219, 20.650937468293503 ], [ -156.050190510323063, 20.650936836541987 ], [ -156.050478014495269, 20.650947308039783 ], [ -156.050768260948615, 20.650946718561695 ], [ -156.051652807269164, 20.651248653437253 ], [ -156.052486180668069, 20.651246900222297 ], [ -156.053062595998824, 20.651267859254798 ], [ -156.053391244127681, 20.650091989786606 ], [ -156.055144435116404, 20.650690399845459 ], [ -156.056459189616987, 20.648875490725796 ], [ -156.056849732265249, 20.648889693324879 ], [ -156.057712541013785, 20.648628183987533 ], [ -156.058873703786219, 20.648382469099467 ], [ -156.060109332257156, 20.648106808657129 ], [ -156.063144958494945, 20.648216842912131 ], [ -156.063485859824823, 20.647919439505568 ], [ -156.063983410423646, 20.646561026512337 ], [ -156.064659486860506, 20.646585492722835 ], [ -156.064949728209456, 20.646584878335876 ], [ -156.067030538382113, 20.647124742324358 ], [ -156.069250823645689, 20.647205196403256 ], [ -156.070060304882787, 20.647203346341545 ], [ -156.070974204043267, 20.647499863947672 ], [ -156.071826128757607, 20.64779043223378 ], [ -156.072705972318175, 20.648075784482387 ], [ -156.073386980980359, 20.648767548592119 ], [ -156.073819204811485, 20.649173036429129 ], [ -156.074372345127358, 20.649734758499132 ], [ -156.075524164360445, 20.6502852110712 ], [ -156.076564059256697, 20.650811940880992 ], [ -156.077924898243083, 20.651276268132129 ], [ -156.080090682793752, 20.650654959729867 ], [ -156.080413558303547, 20.65037334724498 ], [ -156.080700832551912, 20.650102106754932 ], [ -156.081148289011082, 20.649711525216436 ], [ -156.082677078235804, 20.64826682141241 ], [ -156.084388687657849, 20.647664480565922 ], [ -156.084886756080181, 20.646740782058536 ], [ -156.086235630412631, 20.646152653101787 ], [ -156.086551915012535, 20.645331399963254 ], [ -156.086550814705191, 20.644917488321077 ], [ -156.087429937879676, 20.644534045431506 ], [ -156.088877938807485, 20.643740619467668 ], [ -156.089447330756713, 20.643761071048655 ], [ -156.090033805749869, 20.643489306166746 ], [ -156.09032636329809, 20.643499795078998 ], [ -156.090901498246808, 20.643233257305624 ], [ -156.091487381415533, 20.642977609627145 ], [ -156.092637647335948, 20.642444258795518 ], [ -156.093223319317531, 20.642465368508532 ], [ -156.094349394856891, 20.641400938781562 ], [ -156.097265344571412, 20.641715555969153 ], [ -156.09837178757536, 20.642275805554835 ], [ -156.099560958806677, 20.64203027501258 ], [ -156.100423211196983, 20.641630476380975 ], [ -156.101302005618606, 20.641247083636618 ], [ -156.10187683393417, 20.640980633343247 ], [ -156.102462694579231, 20.640724945063678 ], [ -156.103516260156198, 20.64023630630221 ], [ -156.105647674036163, 20.640231084449347 ], [ -156.106461135356085, 20.641057055568663 ], [ -156.107612829906714, 20.641098584207754 ], [ -156.109087486632006, 20.640018335694428 ], [ -156.111101845087148, 20.639591630420814 ], [ -156.111143422303684, 20.638565907308433 ], [ -156.111138173995386, 20.636672722226464 ], [ -156.112742662000386, 20.634709152123037 ], [ -156.114972440412998, 20.633075501238192 ], [ -156.11643634928339, 20.632021972445099 ], [ -156.118963454470617, 20.630170409032747 ], [ -156.119640548583277, 20.63016861874566 ], [ -156.121841064082417, 20.630919014333269 ], [ -156.123894161331407, 20.630023213099303 ], [ -156.124522251490674, 20.629474974040537 ], [ -156.124842734316161, 20.628641528837797 ], [ -156.125140069520739, 20.62782872290574 ], [ -156.125736731098982, 20.627307724447807 ], [ -156.126310761619521, 20.626764924184968 ], [ -156.126872282869527, 20.626274676313663 ], [ -156.127222896656804, 20.625660712105503 ], [ -156.127217509010705, 20.623823042883316 ], [ -156.127797241190564, 20.623274776515171 ], [ -156.130044767260785, 20.623268911786592 ], [ -156.131160971708681, 20.623834005006529 ], [ -156.132441410493556, 20.624270507096895 ], [ -156.133274155404109, 20.623906928621846 ], [ -156.133561293920081, 20.623635450054529 ], [ -156.133851579739911, 20.62364582364296 ], [ -156.13413926523657, 20.623645045533468 ], [ -156.13470551938687, 20.623665288180469 ], [ -156.135032568672443, 20.623092568232579 ], [ -156.135027107808668, 20.621253565757169 ], [ -156.135348051606854, 20.620691454478308 ], [ -156.135781979840914, 20.619886178066896 ], [ -156.136215946216737, 20.620429737118162 ], [ -156.136567864634486, 20.621514907501915 ], [ -156.138735719639243, 20.621592502706843 ], [ -156.139637888285677, 20.620804759728539 ], [ -156.13996564457932, 20.619952353602411 ], [ -156.139629302265206, 20.619310182724305 ], [ -156.140054144959663, 20.618147828616365 ], [ -156.140987901930373, 20.620043734052825 ], [ -156.142715471778416, 20.622622435783082 ], [ -156.143632306209895, 20.62380250438698 ], [ -156.144651031222253, 20.625484781388849 ], [ -156.147110732368532, 20.625478239068418 ], [ -156.152224594864435, 20.625840248551349 ], [ -156.154254416691856, 20.626365788639951 ], [ -156.158000973056687, 20.624310470119351 ], [ -156.162195881343621, 20.622281075514611 ], [ -156.163096942394276, 20.620607957107254 ], [ -156.164956682820929, 20.621017771434627 ], [ -156.164960321398638, 20.622125484678765 ], [ -156.164900972560474, 20.623600191067599 ], [ -156.166030420371584, 20.624171636289521 ], [ -156.166931809504888, 20.62392088990579 ], [ -156.167799086863397, 20.623388036600417 ], [ -156.168091909780628, 20.623398394218061 ], [ -156.168666863050618, 20.623131571519604 ], [ -156.169252569500486, 20.622875634581249 ], [ -156.169683188361319, 20.622468381141356 ], [ -156.170130357501307, 20.622077531145653 ], [ -156.170433960113456, 20.620988206031537 ], [ -156.171010330525661, 20.621008758951273 ], [ -156.17235128350336, 20.621004937642521 ], [ -156.172713818780352, 20.62212289755978 ], [ -156.173594424850819, 20.621581766694003 ], [ -156.174163780555517, 20.621602062240889 ], [ -156.174972347665999, 20.621599689400746 ], [ -156.176714248204092, 20.622430760572303 ], [ -156.177584166110108, 20.623550001361764 ], [ -156.177195214202044, 20.624562437490383 ], [ -156.17758074535638, 20.624923415028825 ], [ -156.177516441220405, 20.626520777343625 ], [ -156.17860950386131, 20.627073699019967 ], [ -156.179789814556131, 20.62711573233279 ], [ -156.180398746347038, 20.626849689477762 ], [ -156.181440123092784, 20.626366025303007 ], [ -156.18436348531543, 20.626357661171919 ], [ -156.186717219488742, 20.626938629818909 ], [ -156.18807030341199, 20.628311276723494 ], [ -156.192906475835542, 20.62848295964892 ], [ -156.198406627267985, 20.626809900401145 ], [ -156.199520941579465, 20.627373356846615 ], [ -156.201915978090312, 20.626684454602575 ], [ -156.203431679838417, 20.625870188574112 ], [ -156.203983161141991, 20.625348291522204 ], [ -156.205758199619908, 20.624808246354597 ], [ -156.209078503816642, 20.624925697505144 ], [ -156.210690278970077, 20.624340376815645 ], [ -156.214905010520368, 20.623444879820205 ], [ -156.221403766641316, 20.621574496429311 ], [ -156.230106069700781, 20.618772752360993 ], [ -156.239725515630738, 20.615416135177796 ], [ -156.252333565553158, 20.609857744350897 ], [ -156.252919114830434, 20.609601501101242 ], [ -156.263906092672443, 20.604774707294212 ], [ -156.270547839745717, 20.602977331976049 ], [ -156.27911503549646, 20.599792543418705 ], [ -156.285535017328044, 20.596762175885804 ], [ -156.291349181725906, 20.593729325929733 ], [ -156.295955758581727, 20.592324845935227 ], [ -156.310092323523037, 20.590280544390254 ], [ -156.323753311949957, 20.589895952005229 ], [ -156.327911481744309, 20.589880253964051 ], [ -156.333133384117872, 20.59006139627061 ], [ -156.339690267488692, 20.589589479183115 ], [ -156.353128710189452, 20.588971373800653 ], [ -156.363162468105457, 20.588931854949273 ], [ -156.377138694508005, 20.589622157798047 ], [ -156.381513838165233, 20.590264994143034 ], [ -156.388530381407548, 20.592841608312483 ], [ -156.393430458128535, 20.594888095055136 ], [ -156.397256065401479, 20.596938646341588 ], [ -156.405376434498919, 20.601158855506466 ], [ -156.409420329513608, 20.604076640583745 ], [ -156.412753564661671, 20.60762768769985 ], [ -156.416752933909436, 20.612920487761119 ], [ -156.421056189505322, 20.620704423304325 ], [ -156.423053762330255, 20.624501480581436 ], [ -156.424245225509708, 20.629185750697467 ], [ -156.424289837889205, 20.638417287420815 ], [ -156.422272149273397, 20.655967064340903 ], [ -156.419772395620384, 20.668538206044829 ], [ -156.416850306883788, 20.682115785286378 ], [ -156.408468825581224, 20.707736278944825 ], [ -156.405318412835868, 20.715430126936965 ], [ -156.40471416763026, 20.716770065187838 ], [ -156.399635651384983, 20.728053413554306 ], [ -156.398245145889803, 20.730642915517414 ], [ -156.393791798606657, 20.738316056929932 ], [ -156.392028572113418, 20.742918501000506 ], [ -156.390915217829075, 20.748512672411966 ], [ -156.389431566783912, 20.757452890320099 ], [ -156.385467786329485, 20.76952620556057 ], [ -156.38411562085733, 20.774534971849018 ], [ -156.382759438645252, 20.781026262654454 ], [ -156.381529637636191, 20.785727370189072 ], [ -156.379601644885014, 20.792070612808388 ], [ -156.378722619267279, 20.805251005664303 ], [ -156.378738594643096, 20.820913233720606 ], [ -156.378987207217762, 20.825274631347934 ], [ -156.380480415357681, 20.836015161710154 ], [ -156.381762129759636, 20.839944936437838 ], [ -156.385428847793207, 20.850290036711417 ], [ -156.386426211189814, 20.853181728371272 ], [ -156.38951911964665, 20.864942689786162 ], [ -156.393267578407205, 20.887805366149546 ], [ -156.393907402803791, 20.891175910038051 ], [ -156.396933886346062, 20.901658597127906 ], [ -156.401068351372516, 20.912637297536868 ], [ -156.399048683587864, 20.913067057864229 ], [ -156.395478319024534, 20.913340354961619 ], [ -156.392457131627964, 20.915422507707071 ], [ -156.390740343551357, 20.915363341374228 ], [ -156.387762250489288, 20.915603333154266 ], [ -156.383449350303124, 20.915867385921615 ], [ -156.381077712402345, 20.917463446607318 ], [ -156.381085432175013, 20.91925443965399 ], [ -156.38048062295465, 20.919826950324374 ], [ -156.379251421773404, 20.919410386452814 ], [ -156.377854988961985, 20.920240265431584 ], [ -156.377861346344361, 20.921686576178754 ], [ -156.376666181354267, 20.922208999710453 ], [ -156.375819758376679, 20.923009752227447 ], [ -156.374467346923154, 20.922328599262347 ], [ -156.373170033829439, 20.922702225142046 ], [ -156.372053364983401, 20.92375880974744 ], [ -156.37117847908678, 20.924010901318564 ], [ -156.370833048851949, 20.925252477704458 ], [ -156.369490598226804, 20.925839100397159 ], [ -156.370236612559836, 20.928002252609041 ], [ -156.370240995042906, 20.929057183866941 ], [ -156.369066419311451, 20.929395500410905 ], [ -156.368490504532048, 20.929662897657945 ], [ -156.366555249545229, 20.92959600365106 ], [ -156.365886552683065, 20.929888145690192 ], [ -156.364436780921153, 20.930683614328828 ], [ -156.361628062769142, 20.931796494271858 ], [ -156.360952895524804, 20.9330510591906 ], [ -156.360354244969386, 20.933329051532091 ], [ -156.356845163195118, 20.933596749155686 ], [ -156.355724601565527, 20.934575382407118 ], [ -156.355025360329421, 20.936491473004143 ], [ -156.3530906819893, 20.936195893690854 ], [ -156.352049448662854, 20.935671481999069 ], [ -156.350314716152809, 20.93670190387725 ], [ -156.349305282082327, 20.938577038501847 ], [ -156.348228051216836, 20.938034321830347 ], [ -156.345957041858441, 20.937955483078202 ], [ -156.343027684664406, 20.9384718102786 ], [ -156.341339393947607, 20.937744825558759 ], [ -156.339318630656976, 20.935439896233259 ], [ -156.33892145264636, 20.936040472596417 ], [ -156.339393238134846, 20.938402714967999 ], [ -156.336302727950397, 20.938669362566202 ], [ -156.333770571360247, 20.940173169400161 ], [ -156.333140382689862, 20.942957659023609 ], [ -156.331539673481274, 20.942150876685332 ], [ -156.329925679580356, 20.942855505527778 ], [ -156.329610096467263, 20.943408399281598 ], [ -156.329249582135674, 20.945001405749736 ], [ -156.328459346575954, 20.944202527117312 ], [ -156.327314736049857, 20.944206541944052 ], [ -156.325607954196016, 20.943080111390966 ], [ -156.325046324852792, 20.943535105218785 ], [ -156.323832671372685, 20.9446827769336 ], [ -156.323235213610104, 20.945204384655042 ], [ -156.322941965394108, 20.945481474349478 ], [ -156.322359494701601, 20.945461218175804 ], [ -156.322364037338588, 20.9466139864208 ], [ -156.32046672369691, 20.946147749237184 ], [ -156.319612378766152, 20.94491986318031 ], [ -156.319223647176585, 20.943792135284191 ], [ -156.31925526705183, 20.942997145942766 ], [ -156.318694653069628, 20.942430366286921 ], [ -156.317237109726619, 20.942379402582254 ], [ -156.317225646689252, 20.942674933902055 ], [ -156.317227475008877, 20.943172488293165 ], [ -156.316914026203364, 20.944297899065898 ], [ -156.316623076234322, 20.944287765636378 ], [ -156.316334743066648, 20.944288781919468 ], [ -156.316044074753734, 20.944278651937374 ], [ -156.315467743351178, 20.944545981102923 ], [ -156.315177074782241, 20.944535849593855 ], [ -156.314608857208896, 20.944537745248503 ], [ -156.313748832268828, 20.944104435620059 ], [ -156.312840637658581, 20.943672743406694 ], [ -156.311236045175207, 20.942050133401224 ], [ -156.310039204026594, 20.941480965150927 ], [ -156.307238692377524, 20.939824508480626 ], [ -156.306043404777, 20.93951653217896 ], [ -156.305175908442408, 20.939519356529903 ], [ -156.304043392338599, 20.939479766751123 ], [ -156.303115112728648, 20.940030850519257 ], [ -156.301738661075859, 20.941332359992145 ], [ -156.300816251346845, 20.941335350133777 ], [ -156.298730050691915, 20.940797651936293 ], [ -156.297365015852705, 20.942088193710912 ], [ -156.296456551775691, 20.942349133355243 ], [ -156.295885146704762, 20.942889565026924 ], [ -156.293653535358317, 20.941764431180474 ], [ -156.292453767745428, 20.94172237299232 ], [ -156.291602238031231, 20.942527201370886 ], [ -156.290671691888662, 20.942809975827469 ], [ -156.289562803090547, 20.94277105981779 ], [ -156.288682079870739, 20.94303861289357 ], [ -156.287790295392824, 20.943294876327993 ], [ -156.28705559069661, 20.943989655401321 ], [ -156.283601441936526, 20.944461531610919 ], [ -156.282872847514426, 20.945097272929249 ], [ -156.282874703259836, 20.945649303437754 ], [ -156.281671035461784, 20.945354511905673 ], [ -156.280334444471521, 20.944002523180544 ], [ -156.278954182747668, 20.943120629036912 ], [ -156.278570364601762, 20.941941206459617 ], [ -156.277060711195929, 20.94097656364805 ], [ -156.276335641854786, 20.939597152822923 ], [ -156.275548587665298, 20.937178875577786 ], [ -156.273763554286262, 20.934727719641103 ], [ -156.272238302481071, 20.934334364074189 ], [ -156.27124493946522, 20.934636130550846 ], [ -156.269891226164702, 20.934176466290825 ], [ -156.268915317611942, 20.934602280886573 ], [ -156.268355899498886, 20.935130639188458 ], [ -156.266780006797262, 20.93546496920618 ], [ -156.265426101262278, 20.937526936339438 ], [ -156.264584286530891, 20.937497169325589 ], [ -156.263103609213573, 20.938291221470955 ], [ -156.262406179548066, 20.939254282033495 ], [ -156.26179631519858, 20.938684561416075 ], [ -156.260846166811035, 20.937723215986136 ], [ -156.260380706524273, 20.937573045905044 ] ], [ [ -156.183800632446435, 20.730766740560394 ], [ -156.183659754323543, 20.730905005621253 ], [ -156.18267496151762, 20.731480518435717 ], [ -156.181054135746251, 20.731393381277805 ], [ -156.180676141063486, 20.731401332373935 ], [ -156.178905158968746, 20.731952818122778 ], [ -156.177858650162165, 20.733247341062246 ], [ -156.176549807018858, 20.734012285350353 ], [ -156.174949502110167, 20.734272557575014 ], [ -156.173463435721942, 20.734981402207762 ], [ -156.168325664885515, 20.7347049568633 ], [ -156.167893665635432, 20.734713972785144 ], [ -156.164415518857851, 20.734526769399814 ], [ -156.16521097203335, 20.735244994037785 ], [ -156.168013237712643, 20.736325042742003 ], [ -156.170625143300697, 20.737680810918988 ], [ -156.172012274686523, 20.738015861391133 ], [ -156.173133357184923, 20.73859778262764 ], [ -156.175137878486197, 20.738556026673471 ], [ -156.175967931553743, 20.739428705363693 ], [ -156.176630236375559, 20.739736204097301 ], [ -156.17730104131212, 20.739722229941993 ], [ -156.177876266248091, 20.739753100199618 ], [ -156.178308282544663, 20.739744060738243 ], [ -156.178739700519003, 20.73976727720289 ], [ -156.179980338771912, 20.739741487842942 ], [ -156.180608852659901, 20.740067592602433 ], [ -156.181024756048373, 20.739274619719669 ], [ -156.18048951873152, 20.73775405645765 ], [ -156.181010263116178, 20.736431192355194 ], [ -156.183318456581191, 20.734488584247639 ], [ -156.185357465644785, 20.733917639815434 ], [ -156.183966041191667, 20.733039643399191 ], [ -156.184571496533806, 20.731010393102622 ], [ -156.183800632446435, 20.730766740560394 ] ], [ [ -156.156990440217186, 20.732762895639134 ], [ -156.156874935355063, 20.732926152224476 ], [ -156.156120177463777, 20.733162012421968 ], [ -156.157788330765499, 20.733694228497757 ], [ -156.159577569075026, 20.733253031259661 ], [ -156.159029292658829, 20.73291006568072 ], [ -156.156990440217186, 20.732762895639134 ] ], [ [ -156.186062836816092, 20.701824787565688 ], [ -156.185932206994494, 20.701973011169045 ], [ -156.184987316168815, 20.702210538356812 ], [ -156.185936272859891, 20.702605195430614 ], [ -156.18696229430688, 20.703195503547544 ], [ -156.189886763524697, 20.702765752146902 ], [ -156.190033096755428, 20.701796290804111 ], [ -156.186832933356612, 20.702117862542256 ], [ -156.186062836816092, 20.701824787565688 ] ], [ [ -156.29441793936428, 20.694624174818927 ], [ -156.294689493126214, 20.693371524239719 ], [ -156.298083573717349, 20.689741343655239 ], [ -156.298694064137408, 20.688377618297878 ], [ -156.297469150167046, 20.686837769486196 ], [ -156.295026137294201, 20.686262342724444 ], [ -156.294126463735296, 20.687178863904204 ], [ -156.292526557751074, 20.687433827603229 ], [ -156.290229241108989, 20.688562167188394 ], [ -156.288339730076217, 20.688426359677408 ], [ -156.287850869972942, 20.688446037282016 ], [ -156.287078767675354, 20.689962034584926 ], [ -156.285985487776856, 20.690413503876439 ], [ -156.28513906292784, 20.690829314767782 ], [ -156.284023648783915, 20.691134152246679 ], [ -156.279762604226448, 20.690827649783095 ], [ -156.277932689103807, 20.691257904314806 ], [ -156.277496451638342, 20.69122654128121 ], [ -156.277059902900021, 20.691244104741465 ], [ -156.275635311694799, 20.690934059815589 ], [ -156.275102003663648, 20.690955509688671 ], [ -156.272778830386954, 20.690330351738961 ], [ -156.271440502464571, 20.690384268114652 ], [ -156.270279179917765, 20.689971229898102 ], [ -156.26816708786464, 20.690290047937484 ], [ -156.266132032301073, 20.690513255871561 ], [ -156.26527997933141, 20.690785913020125 ], [ -156.264027455136244, 20.69103924255792 ], [ -156.262904494739644, 20.691590595033418 ], [ -156.261804937843436, 20.691511352768295 ], [ -156.259810102259678, 20.691591368643483 ], [ -156.258309667982445, 20.691187534327188 ], [ -156.257252060233156, 20.691229938589505 ], [ -156.25557912405327, 20.692290363229223 ], [ -156.252317385678253, 20.691376747810153 ], [ -156.247873456529362, 20.690948311343654 ], [ -156.247107490163728, 20.69132421364748 ], [ -156.246132309379732, 20.691253869501196 ], [ -156.244608870710891, 20.692219236702606 ], [ -156.239328434548355, 20.69252319500518 ], [ -156.238385588963268, 20.692824673849888 ], [ -156.237891052971918, 20.693328006920694 ], [ -156.236295563352257, 20.693581708483709 ], [ -156.235857095689028, 20.693550071752817 ], [ -156.234705151871879, 20.694361023645385 ], [ -156.234200716047809, 20.69432462001997 ], [ -156.232111721197697, 20.694589395702117 ], [ -156.227781638204021, 20.694996208127726 ], [ -156.225629714250886, 20.695320325836118 ], [ -156.224575530699866, 20.695837606340401 ], [ -156.222461796287547, 20.69568476003235 ], [ -156.221693200848506, 20.696061952630171 ], [ -156.220874656478713, 20.696002719173368 ], [ -156.220278212042871, 20.696295402090399 ], [ -156.219925924051182, 20.696269876565591 ], [ -156.21740343050314, 20.697075886774641 ], [ -156.213125060956145, 20.697755842761232 ], [ -156.21063967340379, 20.698681764904521 ], [ -156.208978441800781, 20.699850589500137 ], [ -156.207265063001557, 20.701593546381957 ], [ -156.212532041462282, 20.701241199021471 ], [ -156.213548857474194, 20.701603218651673 ], [ -156.214418892437465, 20.701568635879511 ], [ -156.216301940125533, 20.701704765262779 ], [ -156.217843077914353, 20.702755375753725 ], [ -156.21871796848427, 20.703025013712761 ], [ -156.219271953247897, 20.703320143681168 ], [ -156.220937332260547, 20.703833573694197 ], [ -156.222420066973001, 20.704729535912268 ], [ -156.223253373244944, 20.704320723934241 ], [ -156.226119011368922, 20.704527879444814 ], [ -156.227314558248224, 20.704247079900078 ], [ -156.229124426729044, 20.704020730362505 ], [ -156.231078848417496, 20.705352561405547 ], [ -156.233033656193413, 20.705813803032584 ], [ -156.23126442646938, 20.708644108728496 ], [ -156.230352267775999, 20.710606372816493 ], [ -156.230377275047516, 20.711163530556899 ], [ -156.232650686364423, 20.712458169030164 ], [ -156.232916962026678, 20.712748632459451 ], [ -156.233376904461181, 20.713148535985717 ], [ -156.233734202252606, 20.71529944598678 ], [ -156.232551805691571, 20.716259709818626 ], [ -156.233580838431692, 20.716576857450885 ], [ -156.233121382826226, 20.717340858854818 ], [ -156.232814295685358, 20.719295540206399 ], [ -156.234015283786761, 20.719247545033877 ], [ -156.235034353155783, 20.718210589427802 ], [ -156.235962123896371, 20.717943551821364 ], [ -156.237691249618877, 20.719325532517622 ], [ -156.23856136870566, 20.719865845633393 ], [ -156.23882766799295, 20.720156302415763 ], [ -156.239445122047812, 20.720693348729068 ], [ -156.239317509070304, 20.722258024841231 ], [ -156.237366667692555, 20.723842483280421 ], [ -156.236745890816479, 20.724727155354159 ], [ -156.23643629710233, 20.724978473351804 ], [ -156.236461579479055, 20.725536958761268 ], [ -156.235907344115674, 20.725496972692792 ], [ -156.234327932642657, 20.725867918473867 ], [ -156.233803775736675, 20.726895370002847 ], [ -156.233072707708118, 20.727489029071211 ], [ -156.232499609310537, 20.729135259313995 ], [ -156.231897720937553, 20.73063237838528 ], [ -156.231994257181611, 20.732774727382001 ], [ -156.231386964793899, 20.733563315052042 ], [ -156.231028608326142, 20.734592233102756 ], [ -156.229923250695776, 20.73489392889455 ], [ -156.228707795517181, 20.736130536655335 ], [ -156.228753244695241, 20.73713897975583 ], [ -156.229308816725933, 20.738141761511859 ], [ -156.228924060942973, 20.738781709642666 ], [ -156.228405239185861, 20.739202876568093 ], [ -156.228123569832093, 20.73975535132459 ], [ -156.226960263188886, 20.741459475568512 ], [ -156.22591984021139, 20.741743408753717 ], [ -156.225827203160151, 20.741411697156916 ], [ -156.225570742073387, 20.741645069048417 ], [ -156.22591984021139, 20.741743408753717 ], [ -156.226330942787229, 20.742434810269042 ], [ -156.226955528758793, 20.743307129514797 ], [ -156.226867266313207, 20.744384958225062 ], [ -156.226277635733652, 20.744863822346467 ], [ -156.226863021921304, 20.745373025800244 ], [ -156.227114122425291, 20.746852141301048 ], [ -156.226006151469136, 20.748693886174255 ], [ -156.224505760652363, 20.749912226281108 ], [ -156.224186439968804, 20.750399546896492 ], [ -156.225905063389661, 20.749996057911847 ], [ -156.227486614456893, 20.749676826982938 ], [ -156.229559827880962, 20.749826649976658 ], [ -156.231770918276993, 20.749307523930266 ], [ -156.232847809625412, 20.748212158448126 ], [ -156.234259296058326, 20.747827041216265 ], [ -156.236044857215944, 20.747466444480335 ], [ -156.236326517281611, 20.746913955523727 ], [ -156.238938016074911, 20.74670044385493 ], [ -156.240043091617252, 20.74600036642687 ], [ -156.240673600317564, 20.745358783441848 ], [ -156.241250348135253, 20.744890502942166 ], [ -156.241838674525894, 20.743737237087434 ], [ -156.242945348661408, 20.742838528699739 ], [ -156.247200059961756, 20.741452950427618 ], [ -156.248660738610141, 20.739089811910045 ], [ -156.250320495855192, 20.738216035563742 ], [ -156.253037170936636, 20.736420708303189 ], [ -156.254478013970754, 20.734089324958507 ], [ -156.255569425113777, 20.733202707823505 ], [ -156.255900527141961, 20.732553367063243 ], [ -156.256477180876288, 20.732085024080025 ], [ -156.256758735260064, 20.731532489195867 ], [ -156.257177880209611, 20.731192158477896 ], [ -156.258526743428064, 20.730635617256983 ], [ -156.259403810169403, 20.73020511494925 ], [ -156.259963973614248, 20.730245518479069 ], [ -156.262285696579511, 20.728370458592366 ], [ -156.262882213727039, 20.728124451825938 ], [ -156.263566942074618, 20.727788330755089 ], [ -156.264447284032769, 20.726892469069764 ], [ -156.26521875745982, 20.726265715552771 ], [ -156.265495403589028, 20.725983929129484 ], [ -156.267072428652625, 20.724866635591695 ], [ -156.267539219097273, 20.72439134525203 ], [ -156.268721038799612, 20.723612923270668 ], [ -156.269202136431119, 20.723123175077138 ], [ -156.269597562763067, 20.721986425291451 ], [ -156.269911101007409, 20.721465051501188 ], [ -156.270192584797286, 20.720912486350592 ], [ -156.270822262232429, 20.719865147428145 ], [ -156.270796436138454, 20.719298446700169 ], [ -156.272698757725777, 20.716509594245483 ], [ -156.273746778716884, 20.714453329057079 ], [ -156.274573727900474, 20.713077150462254 ], [ -156.276129277811805, 20.711813144827453 ], [ -156.27668819371587, 20.711244061133179 ], [ -156.280685771188359, 20.708010293872004 ], [ -156.283121121154693, 20.705530715688393 ], [ -156.283730808018475, 20.70433421607429 ], [ -156.285162920677038, 20.702747191536663 ], [ -156.28579498948281, 20.702486178827769 ], [ -156.287259621932776, 20.701454569749856 ], [ -156.288417626131945, 20.69980288512939 ], [ -156.288719138849018, 20.699824562631544 ], [ -156.289285154678225, 20.699546492498044 ], [ -156.290211654580816, 20.699293271800894 ], [ -156.290738407929894, 20.698756821028869 ], [ -156.291293151085796, 20.698305978401745 ], [ -156.291913508382578, 20.69742105949496 ], [ -156.293085380695317, 20.697183980683036 ], [ -156.294007915234886, 20.696598856469425 ], [ -156.29395474687712, 20.695429447731605 ], [ -156.293992127495301, 20.694970461748646 ], [ -156.29441793936428, 20.694624174818927 ], [ -156.294568080618234, 20.694970387870875 ], [ -156.295077771592162, 20.69474431128457 ], [ -156.29441793936428, 20.694624174818927 ] ] ] } },
{ "type": "Feature", "properties": { "ID": 81, "GRIDCODE": 2 }, "geometry": { "type": "Polygon", "coordinates": [ [ [ -155.102996989365295, 19.869683563211613 ], [ -155.102891204909866, 19.870011063428404 ], [ -155.102646290131617, 19.869768641950859 ], [ -155.102996989365295, 19.869683563211613 ] ] ] } },
{ "type": "Feature", "properties": { "ID": 82, "GRIDCODE": 2 }, "geometry": { "type": "Polygon", "coordinates": [ [ [ -155.013694112699199, 19.734570731899968 ], [ -155.014039907787833, 19.734671190587118 ], [ -155.013783545438201, 19.734902517251822 ], [ -155.013694112699199, 19.734570731899968 ] ] ] } },
{ "type": "Feature", "properties": { "ID": 83, "GRIDCODE": 2 }, "geometry": { "type": "Polygon", "coordinates": [ [ [ -155.501357238129998, 19.134836394045308 ], [ -155.50101217731239, 19.134737022955868 ], [ -155.501266872419308, 19.134504723894704 ], [ -155.501357238129998, 19.134836394045308 ] ] ] } },
{ "type": "Feature", "properties": { "ID": 84, "GRIDCODE": 2 }, "geometry": { "type": "Polygon", "coordinates": [ [ [ -155.549390489939753, 19.085116924239387 ], [ -155.549045482842814, 19.085017654815797 ], [ -155.549300033763302, 19.084785265416979 ], [ -155.549390489939753, 19.085116924239387 ] ] ] } },
{ "type": "Feature", "properties": { "ID": 85, "GRIDCODE": 2 }, "geometry": { "type": "Polygon", "coordinates": [ [ [ -155.546549497233258, 19.084792911120985 ], [ -155.546894501580141, 19.084892184926449 ], [ -155.546639947682195, 19.085124570435536 ], [ -155.546549497233258, 19.084792911120985 ] ] ] } },
{ "type": "Feature", "properties": { "ID": 86, "GRIDCODE": 2 }, "geometry": { "type": "Polygon", "coordinates": [ [ [ -155.781250534589674, 18.994811177393611 ], [ -155.781354427552941, 18.994482959305106 ], [ -155.781599145765824, 18.99472442697018 ], [ -155.781250534589674, 18.994811177393611 ] ] ] } },
{ "type": "Feature", "properties": { "ID": 87, "GRIDCODE": 2 }, "geometry": { "type": "Polygon", "coordinates": [ [ [ -155.781250534589674, 18.994811177393611 ], [ -155.781524241227771, 18.99509202332813 ], [ -155.781951782449852, 18.995497720612416 ], [ -155.782225491374248, 18.995778565828836 ], [ -155.782844406652913, 18.996077583642901 ], [ -155.786009529603888, 18.998200079689219 ], [ -155.787870717880423, 18.998579387439893 ], [ -155.789415652652565, 18.999112380770395 ], [ -155.791830403777539, 19.001113333739227 ], [ -155.792350892523302, 19.002183064861345 ], [ -155.792638368927612, 19.002182501142403 ], [ -155.793511827393871, 19.002214583441813 ], [ -155.793457087236021, 19.003561255909485 ], [ -155.794596956597587, 19.004112042283264 ], [ -155.795212557886089, 19.004427363429294 ], [ -155.794774591062634, 19.006288087052596 ], [ -155.797291884615731, 19.010403969832634 ], [ -155.798177161103524, 19.010402126746371 ], [ -155.79885061216487, 19.010747002502622 ], [ -155.799879514450822, 19.010431889084938 ], [ -155.802279935221634, 19.010029182366033 ], [ -155.802725485649319, 19.010486457210916 ], [ -155.803324620694667, 19.011054284257948 ], [ -155.805137452330371, 19.011050474476253 ], [ -155.806135990992885, 19.011087310829357 ], [ -155.807299708006951, 19.010278641929862 ], [ -155.808643600814804, 19.010327779292531 ], [ -155.810109813853131, 19.011426506869753 ], [ -155.810679530118563, 19.01170185229206 ], [ -155.810968037757107, 19.011997993270029 ], [ -155.812087098473938, 19.012538541848617 ], [ -155.812924949378555, 19.013100148825696 ], [ -155.813243872552619, 19.013099304553958 ], [ -155.814357939059846, 19.012035858786135 ], [ -155.815367333457971, 19.012072833244154 ], [ -155.816643011407081, 19.012069963524919 ], [ -155.81832671206891, 19.013198563037804 ], [ -155.820215872271291, 19.013817649729919 ], [ -155.821996637032299, 19.015151784907946 ], [ -155.823249661885171, 19.015756988702673 ], [ -155.826529593974016, 19.015749642472439 ], [ -155.828151234702005, 19.016579588011467 ], [ -155.830249478536075, 19.018317375595302 ], [ -155.831355884278366, 19.018827719500173 ], [ -155.832526301476861, 19.01827948552382 ], [ -155.835307645752437, 19.018381119109787 ], [ -155.835902254718889, 19.017551662012661 ], [ -155.836356945896938, 19.017150867957465 ], [ -155.837035545516045, 19.017847167062207 ], [ -155.837646946345842, 19.018142456506052 ], [ -155.838438201787653, 19.018954396782672 ], [ -155.83929263525286, 19.01923453699273 ], [ -155.84013575361584, 19.019525058221198 ], [ -155.841289495212237, 19.019813749294283 ], [ -155.842091686182926, 19.020636971255659 ], [ -155.842989965253338, 19.020922606194581 ], [ -155.844389079872656, 19.019586419108833 ], [ -155.845261844374932, 19.01961825666654 ], [ -155.846116059270997, 19.019616451671336 ], [ -155.846961317068292, 19.019647282509652 ], [ -155.84754146111402, 19.019375539908744 ], [ -155.848323100963142, 19.019123366186598 ], [ -155.849812724034962, 19.020239144597276 ], [ -155.850485781890484, 19.019596355650684 ], [ -155.850936576035821, 19.02052197878308 ], [ -155.851513667514212, 19.02163646266624 ], [ -155.853140253653265, 19.022421601326371 ], [ -155.854021703676523, 19.023012084771533 ], [ -155.854451607626146, 19.023010946699188 ], [ -155.855188520802443, 19.023037780543035 ], [ -155.855867225168367, 19.023734289104318 ], [ -155.856731408925356, 19.022908815837685 ], [ -155.857284640252658, 19.023476243121156 ], [ -155.857723931522827, 19.023892574739101 ], [ -155.859072600231798, 19.023889341997052 ], [ -155.860409894819043, 19.024239753727453 ], [ -155.861371581316632, 19.02584498303202 ], [ -155.86194145299325, 19.026120189008825 ], [ -155.862248913222373, 19.026435362836896 ], [ -155.862764314449578, 19.027493502186434 ], [ -155.863334194312671, 19.027768704952305 ], [ -155.863608103872792, 19.028049456097719 ], [ -155.86401136037162, 19.028431577261845 ], [ -155.865870673214658, 19.029165828974801 ], [ -155.866144589567654, 19.029446577254603 ], [ -155.867831039745539, 19.029998836140688 ], [ -155.868980590154848, 19.030859592677203 ], [ -155.870099068725381, 19.030856876943787 ], [ -155.871628574482145, 19.031639169679327 ], [ -155.873965324572652, 19.033388778920298 ], [ -155.875187834461968, 19.033385680747905 ], [ -155.879148411458061, 19.034227312820992 ], [ -155.87970197631978, 19.035363289453322 ], [ -155.880831419717907, 19.036189528002204 ], [ -155.880820149921988, 19.036465173525556 ], [ -155.881095576536808, 19.037277237963004 ], [ -155.881389922887251, 19.038520434136789 ], [ -155.881043299176326, 19.039717093200938 ], [ -155.88135707211697, 19.040322730733031 ], [ -155.881250863673301, 19.042969542808152 ], [ -155.881253693771612, 19.044052835232634 ], [ -155.881237483111107, 19.04445877784725 ], [ -155.881238509176825, 19.044865011872012 ], [ -155.881222298088915, 19.045270954438433 ], [ -155.881223552394857, 19.045679836932933 ], [ -155.8809263684538, 19.045941655865605 ], [ -155.881213935368407, 19.046789100576483 ], [ -155.88176238439047, 19.04730852476386 ], [ -155.88204726948959, 19.047600549003782 ], [ -155.88202628322847, 19.04812806451547 ], [ -155.882027144312019, 19.048453898802435 ], [ -155.882706846633482, 19.051176410882142 ], [ -155.883099827436837, 19.051934925350384 ], [ -155.883368747923157, 19.052486382765682 ], [ -155.884701479846314, 19.053349900702504 ], [ -155.88504155268879, 19.054410330643538 ], [ -155.885326859555988, 19.054680672908471 ], [ -155.885640397432269, 19.055658141230857 ], [ -155.889512993211497, 19.059323947520877 ], [ -155.889500586883628, 19.059631046890939 ], [ -155.890386360073194, 19.06078266385801 ], [ -155.891293136909354, 19.062642871171676 ], [ -155.891713831345129, 19.063454735394377 ], [ -155.891702897894277, 19.063727744052827 ], [ -155.891706638470197, 19.065122599053097 ], [ -155.892385276297034, 19.06576505905652 ], [ -155.892933312766047, 19.066326504413134 ], [ -155.893382093934235, 19.066751662162478 ], [ -155.895013575225079, 19.06947327627525 ], [ -155.895298922716961, 19.069743608660122 ], [ -155.895623360759146, 19.070408918616504 ], [ -155.897414568962205, 19.070995262769408 ], [ -155.897825621317963, 19.071416339082308 ], [ -155.89873505357852, 19.072005542537962 ], [ -155.899508850079172, 19.072798743968519 ], [ -155.899794210830947, 19.073069071135748 ], [ -155.900041549148256, 19.07600961150526 ], [ -155.899580349795599, 19.077220248859202 ], [ -155.901127231979217, 19.077966159725896 ], [ -155.90219872752823, 19.078683171342945 ], [ -155.905006065076918, 19.078049361630921 ], [ -155.906243253407553, 19.078877303477988 ], [ -155.906221649902278, 19.079411166440877 ], [ -155.906507310949024, 19.079681490836734 ], [ -155.906756223007875, 19.08131585419542 ], [ -155.907322205640696, 19.082713289858198 ], [ -155.907269645100087, 19.084029988508412 ], [ -155.907271264534927, 19.08460153179302 ], [ -155.908110234655339, 19.085395538712657 ], [ -155.908638900643439, 19.087305415344137 ], [ -155.908919270752904, 19.087846464993319 ], [ -155.9091682067737, 19.089480828911665 ], [ -155.90943852366857, 19.090563341344431 ], [ -155.909701840582585, 19.091977908857356 ], [ -155.909682162626552, 19.09246816785701 ], [ -155.910232508353232, 19.093826461650682 ], [ -155.910751154841023, 19.096277801170014 ], [ -155.9110315429335, 19.096818850243363 ], [ -155.911309523532026, 19.097684361987618 ], [ -155.911850708335919, 19.098728311288859 ], [ -155.912129426156355, 19.099299745439172 ], [ -155.912684968869115, 19.099825574964576 ], [ -155.913255731614782, 19.100685683124887 ], [ -155.91376319645272, 19.102827933323073 ], [ -155.915128467762628, 19.105056240531574 ], [ -155.915376527847258, 19.108000507193214 ], [ -155.915651922054593, 19.108812286035132 ], [ -155.916174795554895, 19.110441193615713 ], [ -155.916471181587895, 19.110721740110471 ], [ -155.916609661166831, 19.118312222485237 ], [ -155.916890095833566, 19.118853269408195 ], [ -155.917152904631081, 19.119744442736099 ], [ -155.916505922782989, 19.123001112398274 ], [ -155.916782656415506, 19.126903768455964 ], [ -155.916432819017899, 19.127522311374065 ], [ -155.916435128127489, 19.128326865600645 ], [ -155.916412855065573, 19.128881877296319 ], [ -155.915284469639005, 19.128840989730481 ], [ -155.914704613878712, 19.129139362133646 ], [ -155.915335627699392, 19.13035566902176 ], [ -155.916650424430799, 19.131207109992591 ], [ -155.916957282246045, 19.134850562203628 ], [ -155.915727356337982, 19.134806117166665 ], [ -155.915729777590457, 19.135619135430886 ], [ -155.915307121375463, 19.136366304736772 ], [ -155.913982588291759, 19.136949693381716 ], [ -155.91427447770559, 19.138117464978276 ], [ -155.914222572479218, 19.139412224778383 ], [ -155.913643465171361, 19.139922440600184 ], [ -155.913644303196719, 19.14020649380997 ], [ -155.912489193090209, 19.14071548896742 ], [ -155.910748845018759, 19.142003012424862 ], [ -155.910751194622549, 19.142833216512638 ], [ -155.910322639317513, 19.144656653274893 ], [ -155.91070493090362, 19.145018529226054 ], [ -155.910990014778548, 19.145310536785654 ], [ -155.910969059142673, 19.145838062072414 ], [ -155.910970528409223, 19.146371782835985 ], [ -155.91066406887299, 19.146913546715201 ], [ -155.910068346736665, 19.148029626558031 ], [ -155.910069817206733, 19.148533197598898 ], [ -155.90974863240055, 19.150148449250903 ], [ -155.909749389815914, 19.150421392447338 ], [ -155.909738457843474, 19.150694403355207 ], [ -155.910038418858363, 19.15157721965705 ], [ -155.912567958950575, 19.152091057932282 ], [ -155.913411896298669, 19.152381353412043 ], [ -155.914283482691417, 19.152666556252562 ], [ -155.914958277711946, 19.153357845538316 ], [ -155.915961126836237, 19.154306683235486 ], [ -155.91565047054911, 19.154580213717651 ], [ -155.915651226751066, 19.15485368691288 ], [ -155.915640625514243, 19.155124324582268 ], [ -155.915641152545362, 19.155395149228216 ], [ -155.915624972159549, 19.15580110102087 ], [ -155.915626269616496, 19.156209991165412 ], [ -155.915330599984543, 19.156470548965125 ], [ -155.91502885347515, 19.156758508744794 ], [ -155.91503241702469, 19.157957668286588 ], [ -155.915004441590071, 19.158653278789735 ], [ -155.914399509083381, 19.159186327370698 ], [ -155.912790579203545, 19.161430784912206 ], [ -155.91224520104663, 19.164292935332366 ], [ -155.911562509984719, 19.166084320969667 ], [ -155.91029066125094, 19.166947550461689 ], [ -155.909737262175639, 19.16747562726281 ], [ -155.908576331573641, 19.167986853883232 ], [ -155.908270864862033, 19.168278438065602 ], [ -155.90756163797036, 19.16825273206603 ], [ -155.907134125738963, 19.168253723665941 ], [ -155.9068290176196, 19.168242761375573 ], [ -155.90683182993854, 19.169329237329695 ], [ -155.90671843267188, 19.172152356161732 ], [ -155.907659874384422, 19.172606186972562 ], [ -155.908777675653994, 19.172603342536899 ], [ -155.908743916742765, 19.173442720236014 ], [ -155.907874881121501, 19.174208512583359 ], [ -155.907875426994082, 19.174492294480096 ], [ -155.907859218531627, 19.174898241941481 ], [ -155.907860793622291, 19.175439896114963 ], [ -155.907834205996409, 19.176103523454103 ], [ -155.908254454869649, 19.177342229946241 ], [ -155.90778236992503, 19.178580965491033 ], [ -155.90778832452682, 19.180765559227833 ], [ -155.908320838193106, 19.18126935604332 ], [ -155.907708605531894, 19.182351013484453 ], [ -155.906862468365887, 19.182320343518779 ], [ -155.906865977295041, 19.183547526146256 ], [ -155.90681615508916, 19.184783594072712 ], [ -155.907679627289639, 19.185600287793115 ], [ -155.907647019095549, 19.186406889022784 ], [ -155.908225773530461, 19.186954311713329 ], [ -155.907347001611953, 19.187208978684982 ], [ -155.907350050362624, 19.188281969713039 ], [ -155.907037038974806, 19.188557815693748 ], [ -155.906747442054552, 19.189099844593819 ], [ -155.906343284494881, 19.189813957775989 ], [ -155.907167661500409, 19.190593764758379 ], [ -155.905830411075641, 19.191771604081744 ], [ -155.905833435575516, 19.192845122079881 ], [ -155.90543124032402, 19.193899896448418 ], [ -155.906356283697988, 19.194775029767424 ], [ -155.906624950086638, 19.195352927616735 ], [ -155.905755492006676, 19.196118950543983 ], [ -155.905152086535566, 19.196694551193794 ], [ -155.905156415480093, 19.198277980000018 ], [ -155.905134550054697, 19.198821616382475 ], [ -155.905688026983285, 19.199888298977026 ], [ -155.905937213699531, 19.202161887847236 ], [ -155.905912749648252, 19.202770010141769 ], [ -155.905053566217561, 19.203148226773962 ], [ -155.905054521456691, 19.203424344880236 ], [ -155.904758741801828, 19.203684870329557 ], [ -155.904474173009106, 19.203956163256471 ], [ -155.903917989316881, 19.204446073333912 ], [ -155.903018909318348, 19.20555643694124 ], [ -155.902707270844559, 19.205830971103637 ], [ -155.902138633910113, 19.206895610231516 ], [ -155.901548000079629, 19.207692765086172 ], [ -155.901258338230662, 19.208235041500487 ], [ -155.9006886000561, 19.208214292742685 ], [ -155.900256054485396, 19.208626676981226 ], [ -155.899243825317853, 19.209518504259684 ], [ -155.89893792151446, 19.210361989678823 ], [ -155.898642397901028, 19.210622506689781 ], [ -155.898183349839542, 19.21148217315319 ], [ -155.898939650878788, 19.212584046451649 ], [ -155.899748767732035, 19.213349355739521 ], [ -155.899716223999519, 19.214163883409558 ], [ -155.899716909542462, 19.214453747791808 ], [ -155.900666642435624, 19.215351816587713 ], [ -155.900176721160449, 19.218182810137577 ], [ -155.901743491050752, 19.22073893809705 ], [ -155.902074940197849, 19.22568791863706 ], [ -155.90204673581627, 19.226389858681777 ], [ -155.90204822150946, 19.226933887139893 ], [ -155.900823918097359, 19.230143584711179 ], [ -155.900826882694616, 19.231246185738382 ], [ -155.900520868519123, 19.232048410191659 ], [ -155.900210815311652, 19.233673312532471 ], [ -155.899850910849494, 19.234616638633717 ], [ -155.899019498850294, 19.236085129155402 ], [ -155.89872976992595, 19.236627127617037 ], [ -155.898149465633622, 19.237652132688794 ], [ -155.897839078190401, 19.238507696605375 ], [ -155.89724828878667, 19.239304816482804 ], [ -155.896946374421987, 19.240494009580878 ], [ -155.898337972393165, 19.242302216249872 ], [ -155.899178149188714, 19.24370278317005 ], [ -155.899146413417952, 19.24448743708027 ], [ -155.899708018847775, 19.245569624885224 ], [ -155.900262214893672, 19.246705636734628 ], [ -155.900230908907133, 19.247482364592589 ], [ -155.900231621132917, 19.247755567600528 ], [ -155.899925561098854, 19.248557785138402 ], [ -155.899615445894511, 19.250182678814959 ], [ -155.899314467721439, 19.250714169943222 ], [ -155.899315177610362, 19.250987372662358 ], [ -155.899304201023796, 19.251260112671002 ], [ -155.899570757603357, 19.25261842238957 ], [ -155.899250522866453, 19.252900197173954 ], [ -155.899254078496682, 19.254236061714881 ], [ -155.899237810713032, 19.254642001341782 ], [ -155.899239035407959, 19.255050617901983 ], [ -155.898938044782682, 19.255582106757355 ], [ -155.898622802105308, 19.257477718265676 ], [ -155.898001361208458, 19.258316096460529 ], [ -155.897446899076158, 19.259353427184887 ], [ -155.895925957855241, 19.261642171919725 ], [ -155.89492849522162, 19.265246504488978 ], [ -155.894463274092317, 19.266067684949618 ], [ -155.894152792002188, 19.266923230174765 ], [ -155.893572325427982, 19.267948198903515 ], [ -155.893262082969414, 19.269573064988556 ], [ -155.892945158025555, 19.270665983378407 ], [ -155.892946447646665, 19.271202862612828 ], [ -155.892360519710564, 19.271718907354177 ], [ -155.892034924157088, 19.274155932935496 ], [ -155.89173926122001, 19.27441641969466 ], [ -155.891431558931998, 19.274709758564093 ], [ -155.891435025205652, 19.276030801932194 ], [ -155.891116390595045, 19.276593175220164 ], [ -155.891120453585756, 19.278103582489404 ], [ -155.891938203608362, 19.279294358560897 ], [ -155.891915221586004, 19.27986255918438 ], [ -155.891042653263185, 19.280630506496692 ], [ -155.891337342117254, 19.280908977851819 ], [ -155.891326332713277, 19.281182243247581 ], [ -155.891328129439671, 19.281957145118515 ], [ -155.891005491044837, 19.283069791859106 ], [ -155.890652660733252, 19.285455831640096 ], [ -155.889508358018674, 19.28683559514965 ], [ -155.889073547411016, 19.287648540763982 ], [ -155.888392691166501, 19.288850277870157 ], [ -155.889179243636363, 19.290366352957555 ], [ -155.889125219164498, 19.291706246969639 ], [ -155.889128544534572, 19.293047383020152 ], [ -155.888240590100168, 19.293828795510144 ], [ -155.88785779047285, 19.295527241303652 ], [ -155.888631975203253, 19.298625376405504 ], [ -155.889317499172108, 19.299623770084413 ], [ -155.889220186747337, 19.302028964372845 ], [ -155.888630890163199, 19.303069083658613 ], [ -155.888330728846654, 19.304152480472201 ], [ -155.887743966220398, 19.304410630089357 ], [ -155.887745131930956, 19.304952264079805 ], [ -155.887701517362586, 19.306034747804574 ], [ -155.887704846426061, 19.307388839611829 ], [ -155.887681257027452, 19.307972628962258 ], [ -155.887064598387383, 19.309587736285561 ], [ -155.887068072979758, 19.310933631331835 ], [ -155.88801956450385, 19.311833436109278 ], [ -155.887299788264954, 19.312803351408082 ], [ -155.887301362961949, 19.31344072628934 ], [ -155.888561439464468, 19.314256147253719 ], [ -155.88948893416196, 19.317145600220506 ], [ -155.890340404129944, 19.318534265092499 ], [ -155.890680978718535, 19.319231903998496 ], [ -155.890297394686087, 19.319908459890254 ], [ -155.890299583679734, 19.320705051343822 ], [ -155.889691768018508, 19.32205691202271 ], [ -155.889693131565167, 19.322587971041472 ], [ -155.889682105910651, 19.322861234504927 ], [ -155.88997110881246, 19.323134329906502 ], [ -155.889671950973138, 19.323397386069065 ], [ -155.889673341902494, 19.323941668493767 ], [ -155.889086226620549, 19.324199807636607 ], [ -155.889087665287292, 19.324741446011778 ], [ -155.888785946437849, 19.325007101019743 ], [ -155.88850111421857, 19.325278332981725 ], [ -155.88792016942341, 19.325533928296487 ], [ -155.886769550453465, 19.326331979220633 ], [ -155.885885613777475, 19.326860864897828 ], [ -155.88529554234637, 19.327964150327315 ], [ -155.885297743610039, 19.328743813220036 ], [ -155.884990490394387, 19.329285725173285 ], [ -155.884995126880455, 19.331140719495775 ], [ -155.883899723746651, 19.332461202139154 ], [ -155.884609025285755, 19.334955546034163 ], [ -155.885012344166455, 19.339186645443082 ], [ -155.885652151300889, 19.340118699961252 ], [ -155.885927119236612, 19.342629151015085 ], [ -155.88556344434943, 19.34445351377494 ], [ -155.885988250547427, 19.345704795304471 ], [ -155.886394694281819, 19.346089130636489 ], [ -155.886779234390815, 19.34648261118549 ], [ -155.887203539181911, 19.348274701561962 ], [ -155.887764219720822, 19.349091418661246 ], [ -155.888033486635635, 19.349642924320268 ], [ -155.888462108858619, 19.350048528178835 ], [ -155.888901598818961, 19.350498217290134 ], [ -155.888848085948752, 19.351820656739985 ], [ -155.888849726661931, 19.352497700486452 ], [ -155.888816766541851, 19.353309555765811 ], [ -155.888817890500945, 19.353734825412136 ], [ -155.889377914549812, 19.354264326396326 ], [ -155.890097288986965, 19.355000976732377 ], [ -155.890545058976926, 19.356395719213488 ], [ -155.890178674791827, 19.356717916089227 ], [ -155.890467451133304, 19.356991013501617 ], [ -155.890894445898823, 19.358320872744599 ], [ -155.890414739818567, 19.359167142775394 ], [ -155.890971283491496, 19.360806518576798 ], [ -155.890949111167203, 19.361358331048859 ], [ -155.89179631589181, 19.362159047231792 ], [ -155.891785280874359, 19.362432309930899 ], [ -155.89178711663493, 19.363202183244802 ], [ -155.893170890968207, 19.364890598532167 ], [ -155.89346531616934, 19.365807220766968 ], [ -155.894639273185248, 19.368702478844444 ], [ -155.896034387169152, 19.369605098394032 ], [ -155.897072659097006, 19.370105193859636 ], [ -155.897044867396147, 19.37079258137042 ], [ -155.896185009656136, 19.371170629865734 ], [ -155.895894263107692, 19.371749594957731 ], [ -155.896435065237853, 19.37334162156704 ], [ -155.896400675383461, 19.374185720735792 ], [ -155.895576296146089, 19.374910812291958 ], [ -155.89496448792417, 19.375638207608013 ], [ -155.895797556719458, 19.376850967455017 ], [ -155.896069901024617, 19.377698981224587 ], [ -155.897256621779917, 19.379426332280993 ], [ -155.900239575075062, 19.379939503721012 ], [ -155.901146173566758, 19.381304771691855 ], [ -155.901114592657279, 19.382089682599517 ], [ -155.901115763568498, 19.382631318792008 ], [ -155.901094089826927, 19.383172565432019 ], [ -155.901095037224877, 19.383578793719145 ], [ -155.901056908665453, 19.384518037963979 ], [ -155.901452521919055, 19.384892120168463 ], [ -155.901883243473634, 19.386709171239836 ], [ -155.902582154425744, 19.38772683213794 ], [ -155.904135324145443, 19.388637925411199 ], [ -155.905255432045465, 19.389474987156994 ], [ -155.90583736793954, 19.389473526515772 ], [ -155.907019000283299, 19.390683460440986 ], [ -155.907771865466458, 19.392225660529792 ], [ -155.908612954620139, 19.393317923285696 ], [ -155.908882346541702, 19.393869415546302 ], [ -155.90916308434609, 19.394410522158985 ], [ -155.909432479488714, 19.394962014049998 ], [ -155.909713220571064, 19.395503120265278 ], [ -155.909982618935032, 19.396054611786525 ], [ -155.910533901463253, 19.397116550428187 ], [ -155.91079199858811, 19.398532112933758 ], [ -155.909683989254262, 19.400486416964476 ], [ -155.908443615289087, 19.401980937853583 ], [ -155.908135807293803, 19.403091991389722 ], [ -155.907266523126026, 19.403856556794526 ], [ -155.906372447321331, 19.404958676538286 ], [ -155.906378020571225, 19.407064679163593 ], [ -155.9053686688585, 19.408424262992071 ], [ -155.904853768426733, 19.409842253388195 ], [ -155.904856887170524, 19.411016778774087 ], [ -155.905686923043248, 19.412224708459668 ], [ -155.905675571195559, 19.412500348101041 ], [ -155.905956867481109, 19.413041999935356 ], [ -155.905945520825185, 19.413317375251459 ], [ -155.906452965296126, 19.414810975873849 ], [ -155.908198249872697, 19.415246400484289 ], [ -155.908802017485584, 19.415554469241968 ], [ -155.909587891507641, 19.416358859017429 ], [ -155.909889499570255, 19.416358176683268 ], [ -155.910449653400377, 19.416644076712675 ], [ -155.911041600494656, 19.416929194092742 ], [ -155.911712921779241, 19.417616056649916 ], [ -155.912141763836217, 19.418021634746637 ], [ -155.912420853235915, 19.418593126731448 ], [ -155.913263501676624, 19.419389214091435 ], [ -155.913886976436061, 19.42002765354065 ], [ -155.91349196198172, 19.421061859842631 ], [ -155.910949868981476, 19.420969144319372 ], [ -155.910642163835774, 19.421262218684259 ], [ -155.91064691521845, 19.423103484685431 ], [ -155.911857363847616, 19.42467463474577 ], [ -155.91665318938837, 19.42575931766704 ], [ -155.917869866607816, 19.427004723405972 ], [ -155.918811176948452, 19.427613377739487 ], [ -155.919096690794504, 19.427905434848807 ], [ -155.919075261948223, 19.42843532042443 ], [ -155.919351242904582, 19.429247415419532 ], [ -155.91961560582763, 19.430069627038019 ], [ -155.919891591130408, 19.430881721832382 ], [ -155.919880262040977, 19.431157100619988 ], [ -155.920161357930652, 19.431698471229037 ], [ -155.920415511161536, 19.43306213091898 ], [ -155.920701870439075, 19.434521544474212 ], [ -155.921236964756957, 19.436095727386604 ], [ -155.921195056710815, 19.437134887682117 ], [ -155.921197160747198, 19.437939422388517 ], [ -155.920889296390413, 19.438210294529274 ], [ -155.920587896111755, 19.438773772649128 ], [ -155.920592486081432, 19.440524600114255 ], [ -155.920226697082796, 19.442076605792945 ], [ -155.920482959321873, 19.445322224758179 ], [ -155.922129063453298, 19.448491750490202 ], [ -155.922099200072438, 19.449232006338665 ], [ -155.921228395055749, 19.450404920418023 ], [ -155.921511136600884, 19.450949229685349 ], [ -155.921494505744391, 19.451357543426209 ], [ -155.921497185577834, 19.452382120919353 ], [ -155.92214826285533, 19.454298113309314 ], [ -155.923197641660437, 19.455659677455149 ], [ -155.923697005893246, 19.456131498131512 ], [ -155.924246825960182, 19.456958556175113 ], [ -155.925153786670961, 19.457254813108058 ], [ -155.92595986843952, 19.457252889570601 ], [ -155.926234496190318, 19.457533914701649 ], [ -155.927116228078177, 19.458103984246705 ], [ -155.927641148372203, 19.458641023516016 ], [ -155.92810026499825, 19.459074862368329 ], [ -155.925267787778381, 19.460079374275914 ], [ -155.923948125407378, 19.463093807516042 ], [ -155.923553451215639, 19.463440956456076 ], [ -155.922368044379539, 19.464569910725473 ], [ -155.922371491587882, 19.465863460227197 ], [ -155.921466377645771, 19.467223284878727 ], [ -155.921470564484338, 19.468816482706647 ], [ -155.920957635683152, 19.469267398152606 ], [ -155.921972558138947, 19.469755663293359 ], [ -155.922268033418675, 19.471029316812722 ], [ -155.920572488655097, 19.470967692740206 ], [ -155.91923864240627, 19.471375282102414 ], [ -155.91883344559426, 19.471761113839055 ], [ -155.918537412807552, 19.472021595978134 ], [ -155.918236754780224, 19.473115849136157 ], [ -155.919368569600977, 19.473660599861706 ], [ -155.919642557973646, 19.474816204112837 ], [ -155.919572235052442, 19.476558345755475 ], [ -155.921109478085299, 19.478432303034232 ], [ -155.922754003670974, 19.478969626759866 ], [ -155.925564433711912, 19.480568997647968 ], [ -155.926075457138865, 19.481091795896738 ], [ -155.926718733489309, 19.481699351827167 ], [ -155.930487129767215, 19.482263675766255 ], [ -155.931767133854009, 19.482260787197387 ], [ -155.932915236781412, 19.48230246440647 ], [ -155.933507589382515, 19.480670966695079 ], [ -155.933808719017236, 19.480139732954367 ], [ -155.934223404805692, 19.478997919958115 ], [ -155.935420657004897, 19.478471809742597 ], [ -155.93639232600907, 19.478967471434014 ], [ -155.937332739468047, 19.479420285097465 ], [ -155.938905335668835, 19.481028927370431 ], [ -155.939518292390233, 19.48132386000248 ], [ -155.94034345639318, 19.482167973313587 ], [ -155.94032254001965, 19.48268729655711 ], [ -155.940643936960981, 19.482990784271706 ], [ -155.942402977256705, 19.483837188316901 ], [ -155.94444461846615, 19.483832004290559 ], [ -155.94501533765515, 19.483852748008406 ], [ -155.945872042327153, 19.483850547868606 ], [ -155.94658794901909, 19.48387664617044 ], [ -155.947460774357808, 19.483609713616268 ], [ -155.948320200145133, 19.483640870567928 ], [ -155.949105743834309, 19.485248066524285 ], [ -155.950328257577354, 19.486737797376197 ], [ -155.949917000331453, 19.488801916679975 ], [ -155.949601473334354, 19.490697594659732 ], [ -155.948407436929813, 19.492803250286205 ], [ -155.948411828073972, 19.49442742193688 ], [ -155.947785659042694, 19.49553158820272 ], [ -155.94778734439808, 19.496110536583686 ], [ -155.948628339291304, 19.496904643215313 ], [ -155.948903073050673, 19.497185382863357 ], [ -155.949474646957043, 19.497460550740904 ], [ -155.94973414968544, 19.498553478454195 ], [ -155.95002081719889, 19.4991052335705 ], [ -155.949988446951124, 19.499909199612045 ], [ -155.949993578545445, 19.501851010842067 ], [ -155.95081187193307, 19.502623306832984 ], [ -155.950784153640029, 19.503313101371411 ], [ -155.951789156609635, 19.503796569884447 ], [ -155.951044943742545, 19.50479905030581 ], [ -155.950576167698586, 19.506491145021677 ], [ -155.952152804790529, 19.507249517136309 ], [ -155.953113885554586, 19.508232615379761 ], [ -155.954116115144046, 19.509178584148099 ], [ -155.954094108579284, 19.509727779269539 ], [ -155.954094637217821, 19.510012092013611 ], [ -155.955226844669482, 19.510556667247752 ], [ -155.955215017738908, 19.510845532506931 ], [ -155.956509618913827, 19.512727347470946 ], [ -155.957750575722656, 19.513036512250473 ], [ -155.959160354080552, 19.513520679317175 ], [ -155.959402283206714, 19.516048583169663 ], [ -155.95994953967886, 19.517657567555453 ], [ -155.959937918375772, 19.517950668864483 ], [ -155.959940006613493, 19.518763154695108 ], [ -155.959903397380373, 19.519676016743361 ], [ -155.958566601024017, 19.52047522504121 ], [ -155.956669230801197, 19.522282127254297 ], [ -155.955799752767689, 19.523906919762311 ], [ -155.955804036828113, 19.525463919207727 ], [ -155.955782974758137, 19.525992237133046 ], [ -155.95606452434069, 19.52682000863841 ], [ -155.956053548465434, 19.527093019837245 ], [ -155.956054049976132, 19.527363844234895 ], [ -155.956000291395782, 19.528698769489228 ], [ -155.956309469740091, 19.528990399792335 ], [ -155.956298488625009, 19.529263675370771 ], [ -155.956299819751763, 19.529802685006469 ], [ -155.955997483979644, 19.530068405264636 ], [ -155.95600052865916, 19.531110991869106 ], [ -155.955630911766917, 19.532078534357858 ], [ -155.957054735015646, 19.535243627932889 ], [ -155.956968819340574, 19.537370888391496 ], [ -155.957288975302561, 19.537673018269128 ], [ -155.957614144754444, 19.53800538163663 ], [ -155.958390022605812, 19.539592573949122 ], [ -155.958954371033087, 19.540678470427835 ], [ -155.958365260802651, 19.541196160400709 ], [ -155.958064351436349, 19.542024430921803 ], [ -155.957740477475568, 19.54287214861397 ], [ -155.95774417266253, 19.544207248787437 ], [ -155.958299257602107, 19.544731260518503 ], [ -155.959410498924939, 19.546109619803499 ], [ -155.959973494808423, 19.546107996502634 ], [ -155.960548824454577, 19.546341427770795 ], [ -155.958954107811337, 19.548147596455063 ], [ -155.959656967065541, 19.548810826581892 ], [ -155.960206343932867, 19.549372557704114 ], [ -155.960778999930511, 19.549912993192692 ], [ -155.962395686096954, 19.551565909329486 ], [ -155.963895719740293, 19.551866733916281 ], [ -155.96452800781293, 19.551264595847396 ], [ -155.965952548325163, 19.551753493917641 ], [ -155.966444537659243, 19.552759876733635 ], [ -155.96640766458026, 19.553671943189315 ], [ -155.966409639617609, 19.554326804407857 ], [ -155.966035078700571, 19.555915524505032 ], [ -155.966043593790971, 19.558918724279749 ], [ -155.965719413784399, 19.559767508881194 ], [ -155.96486905377111, 19.559736539947217 ], [ -155.964297973322886, 19.560003299973697 ], [ -155.963716216811292, 19.560259034988107 ], [ -155.962854739981026, 19.560791453200039 ], [ -155.961982020746774, 19.561313098456949 ], [ -155.961982753088563, 19.561586571857042 ], [ -155.961949692737107, 19.562412480886678 ], [ -155.963083884049496, 19.562409632427332 ], [ -155.964922463291373, 19.562798939696577 ], [ -155.964512173577617, 19.563522234802395 ], [ -155.964218461892386, 19.564247755511808 ], [ -155.966496743709484, 19.564638897162375 ], [ -155.967124202149108, 19.565922080816165 ], [ -155.967949228532746, 19.568486240798471 ], [ -155.967241287445773, 19.570338847419581 ], [ -155.967242031403231, 19.570612057371015 ], [ -155.967214854294269, 19.571288643174036 ], [ -155.967222776762355, 19.574113843693084 ], [ -155.96830451815481, 19.5755162765786 ], [ -155.96825066113874, 19.576857820439638 ], [ -155.968252747835038, 19.577670307314971 ], [ -155.968240703436095, 19.577970807059732 ], [ -155.966815964612323, 19.579222900968055 ], [ -155.96620478426118, 19.580226060658074 ], [ -155.967039253020232, 19.581438683336323 ], [ -155.967589643089411, 19.5822656865756 ], [ -155.968151394486995, 19.58308230110125 ], [ -155.968681091897849, 19.58416548983331 ], [ -155.968982979494712, 19.584450377704101 ], [ -155.969257879042715, 19.584731108640419 ], [ -155.970404161691135, 19.585566806189409 ], [ -155.971071217030584, 19.586930787360664 ], [ -155.971542041420093, 19.587836314990387 ], [ -155.971436712593572, 19.590452271705761 ], [ -155.971439572362186, 19.591507027332089 ], [ -155.971076542167623, 19.592147023795906 ], [ -155.971435049560483, 19.593969698340487 ], [ -155.97296103540279, 19.595947673391212 ], [ -155.974134522089884, 19.598347365724891 ], [ -155.976169514550065, 19.599538874769433 ], [ -155.97608042312001, 19.601751265159905 ], [ -155.974351119526744, 19.602685414707107 ], [ -155.974065358187261, 19.602983166404357 ], [ -155.974617050838731, 19.604043973316433 ], [ -155.974916215791836, 19.604655696285743 ], [ -155.976015084360654, 19.605692370982819 ], [ -155.977116714279816, 19.607611891183783 ], [ -155.977403020821157, 19.607882228067119 ], [ -155.977815446100237, 19.608303314986777 ], [ -155.978786553389313, 19.609219613464756 ], [ -155.979076068534567, 19.609811334851262 ], [ -155.980896728944543, 19.612027742684294 ], [ -155.982183955152237, 19.61202447201698 ], [ -155.982456216174512, 19.614497618165839 ], [ -155.9835986271612, 19.615046773636085 ], [ -155.984942802405357, 19.616420225668875 ], [ -155.986081310711569, 19.617494015869852 ], [ -155.986327431055116, 19.619411597286465 ], [ -155.986608722851571, 19.619952659324987 ], [ -155.986877869221189, 19.620546412218861 ], [ -155.985836613253667, 19.622381334199812 ], [ -155.985389676696741, 19.624015688718472 ], [ -155.985962930528018, 19.624556355671562 ], [ -155.986522858718246, 19.62455489391456 ], [ -155.987508975170471, 19.625212758210246 ], [ -155.987881580845453, 19.628116296419243 ], [ -155.988447176969203, 19.628649688870006 ], [ -155.989278495019278, 19.629752178277418 ], [ -155.990401870132899, 19.631119794728416 ], [ -155.990656395772703, 19.632499314440036 ], [ -155.990075218609519, 19.633010069620209 ], [ -155.98977257656594, 19.63329803917965 ], [ -155.989775505080644, 19.634248603706144 ], [ -155.990619622673393, 19.635474813960084 ], [ -155.992311216203319, 19.636026513314647 ], [ -155.993459813406673, 19.636882783653888 ], [ -155.993995184313945, 19.637977400282708 ], [ -155.993974344747869, 19.63849674237861 ], [ -155.99441092170855, 19.63933581183332 ], [ -155.995951690923846, 19.640330070441401 ], [ -155.997912894749419, 19.644338412292175 ], [ -156.003092524322767, 19.655440244116583 ], [ -156.004747501271311, 19.658983250950936 ], [ -156.009037026917781, 19.668175712701807 ], [ -156.0156671566385, 19.685646564567843 ], [ -156.01906076391748, 19.6955851720694 ], [ -156.021145549688185, 19.706095761265487 ], [ -156.022025014675677, 19.716492429567143 ], [ -156.020913431877403, 19.730454194897057 ], [ -156.019024124295385, 19.740551133582347 ], [ -156.017099523455926, 19.745964095422305 ], [ -156.012905114306022, 19.757466220795148 ], [ -156.006518494080751, 19.77196551019825 ], [ -156.001676245792993, 19.779479727720279 ], [ -155.994642913095618, 19.788398537357992 ], [ -155.989067399088555, 19.792902708832546 ], [ -155.987295000144996, 19.793858759272517 ], [ -155.974089088886416, 19.799649456733459 ], [ -155.96139944524009, 19.806017770323216 ], [ -155.945197385613625, 19.815345632024833 ], [ -155.942278778687751, 19.816624548717364 ], [ -155.932184121620139, 19.821060226919162 ], [ -155.927555523438372, 19.823087754728554 ], [ -155.89345209914282, 19.839318705931923 ], [ -155.868992881690133, 19.849229728329213 ], [ -155.866878249854352, 19.850784244921638 ], [ -155.863945888172822, 19.856242339688215 ], [ -155.861288992079153, 19.859126099445543 ], [ -155.859463421649508, 19.86021303720246 ], [ -155.845407382051718, 19.868012296326523 ], [ -155.822023128501542, 19.881240967283087 ], [ -155.816179856598694, 19.884009571153772 ], [ -155.806547667439958, 19.888487219545365 ], [ -155.785453388852147, 19.897256944162933 ], [ -155.778749828077395, 19.901218089254748 ], [ -155.777101142374391, 19.903239620577867 ], [ -155.774758972144838, 19.907141832824138 ], [ -155.773497645664207, 19.911656469530222 ], [ -155.771661433386527, 19.915344362356489 ], [ -155.765999596614705, 19.92029504208211 ], [ -155.761874455923902, 19.922290840240663 ], [ -155.760047973360713, 19.923630936955984 ], [ -155.758910192229934, 19.926363863298519 ], [ -155.758081043231925, 19.930658004002222 ], [ -155.756942127642276, 19.933345669269158 ], [ -155.755112746809715, 19.935981566446152 ], [ -155.752958499408123, 19.940866997875645 ], [ -155.751646404173584, 19.948084387347603 ], [ -155.751102171322827, 19.954763179691923 ], [ -155.751357885582735, 19.96124006023312 ], [ -155.753208981564399, 19.971911571074092 ], [ -155.758555305337723, 19.996362157838604 ], [ -155.763576034225622, 20.011000071718449 ], [ -155.767355660381526, 20.018784323371165 ], [ -155.769329845297506, 20.023892133865029 ], [ -155.770403052417123, 20.025958097403059 ], [ -155.772106764595151, 20.028167779595407 ], [ -155.778463663235669, 20.032527312017834 ], [ -155.790870032487192, 20.042232087974714 ], [ -155.793764750766371, 20.044733350171832 ], [ -155.8017270411477, 20.052273822083087 ], [ -155.804647984345479, 20.056150182521467 ], [ -155.806462770251443, 20.059864511583065 ], [ -155.808250464125962, 20.063303467518654 ], [ -155.810661851353927, 20.06623923503787 ], [ -155.817081194775824, 20.071946729089152 ], [ -155.82132526395165, 20.07689019763723 ], [ -155.835280569097307, 20.093291299331579 ], [ -155.848134452831772, 20.110509779617864 ], [ -155.854702762018007, 20.1205544853905 ], [ -155.859840927041063, 20.128397612204868 ], [ -155.864695462269538, 20.136979721038475 ], [ -155.866085590674203, 20.139436250800252 ], [ -155.870575058791502, 20.147371822636646 ], [ -155.879870164708962, 20.165148378705805 ], [ -155.884147863540363, 20.176221685915429 ], [ -155.894963572903407, 20.20141737339879 ], [ -155.897149760700955, 20.206606316153831 ], [ -155.901005071305349, 20.215741005034754 ], [ -155.900963844293585, 20.216732733761855 ], [ -155.900354220008751, 20.21831708874091 ], [ -155.90035533917947, 20.218981258187526 ], [ -155.900327513262965, 20.219649940647184 ], [ -155.900624924979468, 20.220220442722624 ], [ -155.899704907989729, 20.221831174465134 ], [ -155.899706473267145, 20.222627969579321 ], [ -155.899379380436812, 20.223200657980911 ], [ -155.898795224268071, 20.223710755803435 ], [ -155.898798220935902, 20.225324572234669 ], [ -155.898179385743504, 20.226932020364902 ], [ -155.898743908304482, 20.227750801630187 ], [ -155.899379180180972, 20.228703582886045 ], [ -155.898991126218249, 20.229382554762118 ], [ -155.899280173480719, 20.229937310184727 ], [ -155.898684578578582, 20.230457647720048 ], [ -155.898392537308581, 20.230999350599784 ], [ -155.898077606049526, 20.231550828891031 ], [ -155.898079155833329, 20.23234762219565 ], [ -155.897472512150784, 20.233409469161085 ], [ -155.89688868293976, 20.234493004373729 ], [ -155.896304214227371, 20.234748159786836 ], [ -155.895995222307846, 20.23559207849722 ], [ -155.895996589695812, 20.236369166190091 ], [ -155.895113978223748, 20.236893396595658 ], [ -155.894827292037348, 20.237164396725117 ], [ -155.894219636130202, 20.237429578364722 ], [ -155.893429834070872, 20.237400379857561 ], [ -155.893051852626542, 20.23935901187911 ], [ -155.893053336718225, 20.240101193486634 ], [ -155.892744171732545, 20.240642446526852 ], [ -155.892235632233451, 20.241585949464429 ], [ -155.889893397292298, 20.242410187166584 ], [ -155.889033643149503, 20.24359853221225 ], [ -155.888573740996719, 20.244855452732985 ], [ -155.888979694463728, 20.24692437070139 ], [ -155.888588622078856, 20.247609204547111 ], [ -155.88828515139673, 20.24817236336785 ], [ -155.888285997100297, 20.248692136157175 ], [ -155.887959090006717, 20.249264133241105 ], [ -155.887961547175792, 20.250714764634079 ], [ -155.887918934447782, 20.25174162302957 ], [ -155.88591544126524, 20.252165094566994 ], [ -155.885628709307184, 20.25243607345595 ], [ -155.885330983213208, 20.252696278720922 ], [ -155.884724996622026, 20.254586297630791 ], [ -155.884164618438774, 20.255075594146614 ], [ -155.883258402218331, 20.256184928462449 ], [ -155.88260789545393, 20.256752872491109 ], [ -155.881510266786535, 20.257231671639683 ], [ -155.879755893810909, 20.258308958321649 ], [ -155.879757701757654, 20.259507426368192 ], [ -155.878851424978365, 20.259902613884535 ], [ -155.878008602032253, 20.259871330517104 ], [ -155.877423640964423, 20.260424817576556 ], [ -155.877424354150094, 20.260963094118097 ], [ -155.876260534288889, 20.261470688503465 ], [ -155.875973768349581, 20.261741646869684 ], [ -155.874815484027039, 20.261986478144284 ], [ -155.874241873117114, 20.262252314577619 ], [ -155.872868753122987, 20.26264601027848 ], [ -155.871064377457259, 20.264352191055625 ], [ -155.869348691997402, 20.265100294089532 ], [ -155.867000109204724, 20.26536702109809 ], [ -155.86562736266103, 20.266311745257347 ], [ -155.86248283102546, 20.265747451662246 ], [ -155.862112046471793, 20.2660980596829 ], [ -155.860475801577536, 20.265751145318003 ], [ -155.859284943260178, 20.266303349392174 ], [ -155.858367519684947, 20.266566267174468 ], [ -155.857793870642013, 20.26683204360511 ], [ -155.854246917633333, 20.26736796176618 ], [ -155.853463885349754, 20.268108188702925 ], [ -155.853138067360675, 20.268367824339201 ], [ -155.851938977391399, 20.267757377239317 ], [ -155.850258756415684, 20.268131742795578 ], [ -155.849470024353053, 20.266947967383903 ], [ -155.847982350567349, 20.265546542806106 ], [ -155.846339100554275, 20.265548688629867 ], [ -155.844659894329993, 20.265486046387508 ], [ -155.844001651288551, 20.265791105594943 ], [ -155.842304325972037, 20.266277337571992 ], [ -155.84142718122996, 20.266543004749057 ], [ -155.840604237107613, 20.266512292591422 ], [ -155.837868860979057, 20.266989662596004 ], [ -155.835423399555793, 20.267320180489435 ], [ -155.835133455988938, 20.266418655243804 ], [ -155.834415537993607, 20.26574222400269 ], [ -155.833191696903612, 20.264493142812302 ], [ -155.831729686374075, 20.264196187014189 ], [ -155.831333276147973, 20.263791709990013 ], [ -155.829932518921652, 20.264755323171752 ], [ -155.829468245321777, 20.262796094768792 ], [ -155.827765575149527, 20.260858996812065 ], [ -155.826919611570958, 20.26085993492395 ], [ -155.825513282980268, 20.259812171986205 ], [ -155.823836645916657, 20.259394125128637 ], [ -155.820926669301031, 20.259397391437744 ], [ -155.820639960828686, 20.259386634428701 ], [ -155.819723115703482, 20.259387706252927 ], [ -155.818601512709904, 20.25990742926119 ], [ -155.817746426110546, 20.259875368858268 ], [ -155.817211952459644, 20.258782963207608 ], [ -155.816621164977022, 20.257965197775484 ], [ -155.815097595889853, 20.258671284547976 ], [ -155.814354856066728, 20.25791315436522 ], [ -155.813640333811719, 20.257913908277036 ], [ -155.813207477720482, 20.257897704357177 ], [ -155.81267033098365, 20.258405411993721 ], [ -155.812252005420959, 20.258692766013095 ], [ -155.810658818760402, 20.25658075436715 ], [ -155.8092138688896, 20.257018241821516 ], [ -155.808574951057579, 20.256994306755811 ], [ -155.806910519197487, 20.256422697566329 ], [ -155.806199451355582, 20.254968621863288 ], [ -155.805197261852953, 20.254486944556472 ], [ -155.804073673059236, 20.254488133392474 ], [ -155.802966005173005, 20.253356814105274 ], [ -155.802993478109386, 20.252699693466788 ], [ -155.801272128630671, 20.252270184684658 ], [ -155.800665693612586, 20.251961371071957 ], [ -155.799872019954819, 20.251150830295771 ], [ -155.79929781893685, 20.25060951248285 ], [ -155.798761842436505, 20.250062545435306 ], [ -155.798167281319621, 20.24977654975277 ], [ -155.797762313540233, 20.2489487773748 ], [ -155.797222150193306, 20.247910036191602 ], [ -155.795906254089971, 20.248519536630251 ], [ -155.795006116262726, 20.248911607584368 ], [ -155.793741805383348, 20.248864151144414 ], [ -155.791355204436485, 20.248866342416836 ], [ -155.790727455683651, 20.248546663071128 ], [ -155.79015924790906, 20.248547096794383 ], [ -155.789067636988506, 20.247432393631261 ], [ -155.788461048332891, 20.247432912283998 ], [ -155.78789847026755, 20.247146413374111 ], [ -155.785397004540812, 20.246714754321307 ], [ -155.78495286645375, 20.245806519587696 ], [ -155.783343176969908, 20.245172781300187 ], [ -155.782218067425617, 20.244599489333872 ], [ -155.781441147614174, 20.244600162656511 ], [ -155.781013075351183, 20.243267426027909 ], [ -155.779372867398763, 20.242933740200666 ], [ -155.778247791254699, 20.242360426745943 ], [ -155.777522714873413, 20.242361111413281 ], [ -155.776519390230789, 20.242323359134655 ], [ -155.77482829942798, 20.2423247728854 ], [ -155.774233334028168, 20.242021641620092 ], [ -155.773642860480919, 20.241745297513091 ], [ -155.772869930804973, 20.242475537178631 ], [ -155.772473398567627, 20.243889878723287 ], [ -155.771280969008473, 20.245314544347785 ], [ -155.771282252422736, 20.246498630256241 ], [ -155.770044735768579, 20.245673186222106 ], [ -155.76882737044761, 20.244429798433941 ], [ -155.76934826464759, 20.243519493556928 ], [ -155.769909186654388, 20.243030347778543 ], [ -155.770209274163477, 20.242121390098568 ], [ -155.768784485896589, 20.241655799994767 ], [ -155.768222250191371, 20.241369382706836 ], [ -155.766707648721621, 20.241061167875419 ], [ -155.76507289815325, 20.241062470278081 ], [ -155.764793140030179, 20.240191342921197 ], [ -155.764814897799027, 20.239682081717724 ], [ -155.764500217105478, 20.239076841513441 ], [ -155.763373878053557, 20.238014777158444 ], [ -155.761685093632963, 20.238016111589438 ], [ -155.760949808615891, 20.236511354389876 ], [ -155.759133115337079, 20.236062383008786 ], [ -155.757820844829268, 20.237873424899661 ], [ -155.756829799025951, 20.237368172619238 ], [ -155.756258285452731, 20.237368571754558 ], [ -155.754564143209279, 20.236105176578764 ], [ -155.753525380076695, 20.235605502842766 ], [ -155.752911061234727, 20.232692840821173 ], [ -155.752624224022043, 20.232422056754025 ], [ -155.752328261353824, 20.230825066272917 ], [ -155.752669209096837, 20.230527568677374 ], [ -155.752962268082314, 20.229959745315536 ], [ -155.751998454888167, 20.229050555904092 ], [ -155.750003958114519, 20.230273402566596 ], [ -155.748358457047146, 20.229707460147949 ], [ -155.748463478176802, 20.227232117893621 ], [ -155.747828585284878, 20.226376470341091 ], [ -155.746141639528474, 20.2271574573336 ], [ -155.745557029356917, 20.227412080266546 ], [ -155.74525400562797, 20.227973225630425 ], [ -155.74466226459117, 20.228489216821231 ], [ -155.744071933505751, 20.228466887721176 ], [ -155.743263058124455, 20.227640254011554 ], [ -155.742127312427414, 20.226812172996315 ], [ -155.741851927094501, 20.22653101084585 ], [ -155.741421716408013, 20.22612494562506 ], [ -155.739875058611091, 20.224544501617721 ], [ -155.739917915633612, 20.223537492550484 ], [ -155.739256221214788, 20.222264345505231 ], [ -155.738121627085434, 20.221531587015026 ], [ -155.73706388861703, 20.22102248966797 ], [ -155.736522761174143, 20.2204697194109 ], [ -155.735670640520084, 20.220470258396851 ], [ -155.734819196533863, 20.219902058026971 ], [ -155.734245691210958, 20.219625914136692 ], [ -155.733683331943581, 20.21933926749389 ], [ -155.732948867866185, 20.219339737031994 ], [ -155.733457635844331, 20.218451008214085 ], [ -155.733368773875668, 20.217985048575493 ], [ -155.731681689604244, 20.219578560898558 ], [ -155.731378567741899, 20.219567096306037 ], [ -155.731091668497157, 20.219838059094684 ], [ -155.730604378728572, 20.219819591679752 ], [ -155.730213431928917, 20.217230738404997 ], [ -155.730586150829282, 20.216579435489212 ], [ -155.730901531346149, 20.215200596081711 ], [ -155.731497226673611, 20.214159605181738 ], [ -155.732063377784101, 20.213111186337532 ], [ -155.732999586069354, 20.211993107609782 ], [ -155.732998374817271, 20.210442184161003 ], [ -155.731354812593793, 20.206084371213059 ], [ -155.731402893508118, 20.204949491343189 ], [ -155.731402724401477, 20.204407975490536 ], [ -155.731426063520672, 20.2038539412241 ], [ -155.730857780654844, 20.203317446589445 ], [ -155.729969628097678, 20.202138689203423 ], [ -155.728933601139858, 20.201161166037434 ], [ -155.724923666554702, 20.200749020374893 ], [ -155.72097914093419, 20.197564493813896 ], [ -155.718328146611213, 20.19628851046021 ], [ -155.716379414682734, 20.1962896257739 ], [ -155.716117558334105, 20.193499459141695 ], [ -155.716320377471931, 20.192348715471066 ], [ -155.716671698462875, 20.192262608984301 ], [ -155.716425561669467, 20.192020569070078 ], [ -155.716320377471931, 20.192348715471066 ], [ -155.715428455169189, 20.192492267536604 ], [ -155.714751404926687, 20.193780223451526 ], [ -155.713708884367662, 20.193799717513773 ], [ -155.713279216598266, 20.193775547608801 ], [ -155.712762857379829, 20.193785316661678 ], [ -155.711024457345474, 20.193108276213046 ], [ -155.709861796049893, 20.192368370090378 ], [ -155.707763555503618, 20.190785710886647 ], [ -155.706653326437277, 20.190204223669458 ], [ -155.705624471613049, 20.189841862459499 ], [ -155.703231125310651, 20.18936372759547 ], [ -155.70178224701985, 20.188441251781768 ], [ -155.699288146519024, 20.18579649664871 ], [ -155.695691581893641, 20.185077788051583 ], [ -155.692923198017127, 20.182141585176556 ], [ -155.690345092731064, 20.180078422625261 ], [ -155.689204283077174, 20.179254997891238 ], [ -155.688128174522888, 20.177610231220875 ], [ -155.686653391015398, 20.177842865853926 ], [ -155.684863805203747, 20.179162849219978 ], [ -155.68048122587777, 20.178256898244715 ], [ -155.678229984191631, 20.176558284797707 ], [ -155.67582998886337, 20.174930998632117 ], [ -155.674531948635206, 20.174515791170794 ], [ -155.673063870757289, 20.173998603043149 ], [ -155.670815848698624, 20.17404011238402 ], [ -155.667709136548893, 20.172258945387917 ], [ -155.665222793164787, 20.171092857825808 ], [ -155.662187366193308, 20.169257568411648 ], [ -155.661608493472926, 20.16898614460986 ], [ -155.660562869089489, 20.168438018866819 ], [ -155.659530809977952, 20.168107743887084 ], [ -155.657801982743308, 20.166273155150453 ], [ -155.656192330510322, 20.165337916027088 ], [ -155.655667462369905, 20.164780633184265 ], [ -155.653271707007747, 20.164824674744512 ], [ -155.652254296354585, 20.164466085712757 ], [ -155.65095642873726, 20.164050724503703 ], [ -155.650552047677877, 20.163621443777075 ], [ -155.650259817281011, 20.163355447651956 ], [ -155.649715388713901, 20.162522542806979 ], [ -155.647770680544056, 20.160317047716337 ], [ -155.646924066956274, 20.158729479778799 ], [ -155.646665540571007, 20.15662605426451 ], [ -155.64582479365194, 20.156231674018265 ], [ -155.645268832608821, 20.155940019502722 ], [ -155.6446900436855, 20.155668550683522 ], [ -155.644134087161461, 20.155376893142609 ], [ -155.642115962867479, 20.154882032240813 ], [ -155.640600738251379, 20.153273746703299 ], [ -155.64016272699098, 20.152874740202289 ], [ -155.639904957768124, 20.152047290345891 ], [ -155.639365931876597, 20.150495847993813 ], [ -155.639114809357466, 20.148783338049391 ], [ -155.638741224593105, 20.148082831060176 ], [ -155.637464924633235, 20.14497086764213 ], [ -155.637486541074878, 20.144628363734334 ], [ -155.634444866186101, 20.143033037355245 ], [ -155.632538737426472, 20.142925184850228 ], [ -155.630219498050138, 20.143451871450953 ], [ -155.627153087478519, 20.14350786735951 ], [ -155.625360148068438, 20.142875573573814 ], [ -155.622037709641177, 20.142510422198889 ], [ -155.620546933548354, 20.141316239884866 ], [ -155.61892646729018, 20.140555532927756 ], [ -155.618016513767088, 20.139937886376117 ], [ -155.61694397778615, 20.139434499150493 ], [ -155.616442472348893, 20.138375369269944 ], [ -155.614241555223458, 20.136805675384021 ], [ -155.611707259594823, 20.13591152904316 ], [ -155.609173427390573, 20.136838057525431 ], [ -155.607661514952099, 20.136435213933115 ], [ -155.606586871764534, 20.135294030209483 ], [ -155.606149003680798, 20.13489495779076 ], [ -155.605879737167129, 20.134608723592702 ], [ -155.604490550615282, 20.133723074735578 ], [ -155.604182208614475, 20.131619490509649 ], [ -155.603248001955478, 20.130627207111459 ], [ -155.601064564575069, 20.128636548427945 ], [ -155.598978426255115, 20.125955457047329 ], [ -155.597795064439168, 20.123067594162663 ], [ -155.597845515786474, 20.122275943847676 ], [ -155.597255589276557, 20.121998972513815 ], [ -155.596699854543857, 20.121707193688827 ], [ -155.59612129238198, 20.121435594138973 ], [ -155.594879200291672, 20.120783671807292 ], [ -155.592139586808401, 20.120004951393625 ], [ -155.588248616086645, 20.118846712451756 ], [ -155.585567964553405, 20.119055184694837 ], [ -155.583415785794216, 20.119841890810328 ], [ -155.581955111833537, 20.119758823526677 ], [ -155.577618322934853, 20.120325248971088 ], [ -155.575540159770185, 20.121425389811161 ], [ -155.573485796001933, 20.123435166149655 ], [ -155.572652156904098, 20.123387614707596 ], [ -155.570517487676881, 20.12502142468195 ], [ -155.568039829881627, 20.125709710954858 ], [ -155.564743987747391, 20.127063299648626 ], [ -155.563156644607346, 20.126972706112181 ], [ -155.562123504560475, 20.127292261438438 ], [ -155.560627020761899, 20.127206855795457 ], [ -155.559301594840349, 20.127477854917316 ], [ -155.558733623671031, 20.127747786899825 ], [ -155.556711196353888, 20.12796865719617 ], [ -155.555849951359278, 20.128235090468788 ], [ -155.554767693644209, 20.127666659316994 ], [ -155.552998299075881, 20.127364876964489 ], [ -155.551830691122262, 20.127051334477578 ], [ -155.550485775849182, 20.127075222097456 ], [ -155.549331601623209, 20.126469132593144 ], [ -155.548989703185214, 20.126475254073345 ], [ -155.548379307246734, 20.125185173401857 ], [ -155.547608302649905, 20.124822803530531 ], [ -155.54677212987238, 20.12425465968203 ], [ -155.545620684720348, 20.123971667955001 ], [ -155.545065066303636, 20.123679738885713 ], [ -155.543856560597106, 20.123382662701871 ], [ -155.542750590026969, 20.122801804693637 ], [ -155.541392557333239, 20.122826030360823 ], [ -155.540920891243815, 20.122395620973201 ], [ -155.540516941772182, 20.121966144309702 ], [ -155.538919278323135, 20.121573355959661 ], [ -155.536494551660098, 20.118996047169379 ], [ -155.531761892326244, 20.119377860113929 ], [ -155.531364682140293, 20.120483169873843 ], [ -155.530537704078426, 20.119604108182944 ], [ -155.528333567655437, 20.119161476914293 ], [ -155.527339482774124, 20.117638277218798 ], [ -155.525881835132253, 20.117664125236743 ], [ -155.523067484786566, 20.117049717526235 ], [ -155.522278097886641, 20.117004524517103 ], [ -155.521392764203313, 20.117020220700166 ], [ -155.520582817849089, 20.116159170280202 ], [ -155.520290918654069, 20.115893001569301 ], [ -155.519841381246636, 20.11541499956914 ], [ -155.518587012796104, 20.114755862743472 ], [ -155.517791292049338, 20.114769876520157 ], [ -155.516065090837856, 20.113958241154908 ], [ -155.515312054237882, 20.112804585455837 ], [ -155.513634041130047, 20.111664218125526 ], [ -155.512651872299443, 20.111681526585762 ], [ -155.51207942779422, 20.111648648694125 ], [ -155.51108829963394, 20.111666167558873 ], [ -155.507833590058851, 20.111280479968428 ], [ -155.507490225236637, 20.111568705600494 ], [ -155.506468038507393, 20.113135027485125 ], [ -155.505451667875377, 20.112600811498655 ], [ -155.504868190994301, 20.112611046824533 ], [ -155.504087346824832, 20.111780781532474 ], [ -155.503193114799728, 20.111493779666262 ], [ -155.502205673979688, 20.111144648100204 ], [ -155.500355034841135, 20.111177028409323 ], [ -155.499661801595778, 20.110812710385666 ], [ -155.498627015435204, 20.111132384759287 ], [ -155.497750659617736, 20.111375364206797 ], [ -155.497181550447095, 20.111645464806827 ], [ -155.496598496309929, 20.111611929289236 ], [ -155.496609141680182, 20.112163999037705 ], [ -155.496023992275184, 20.112174171789444 ], [ -155.495032156379466, 20.111119197388849 ], [ -155.492733631850143, 20.10927486636696 ], [ -155.491752102948084, 20.10881331222248 ], [ -155.491239813583832, 20.108268042621443 ], [ -155.490661536872494, 20.10799612980415 ], [ -155.489828384193714, 20.107558009685938 ], [ -155.48804486552325, 20.107118924076126 ], [ -155.485903372961189, 20.105993407742478 ], [ -155.482282890399517, 20.106056788532221 ], [ -155.48006078963644, 20.105609796289826 ], [ -155.478848793747204, 20.104320623120682 ], [ -155.474991976596186, 20.10389350897518 ], [ -155.474162701435972, 20.103011145970118 ], [ -155.47215598501495, 20.103046065659825 ], [ -155.47170288248256, 20.102087024990777 ], [ -155.470519416528333, 20.100827853327793 ], [ -155.469622843320053, 20.100776323755536 ], [ -155.468546714790875, 20.100795080015441 ], [ -155.465900985953425, 20.100451653991122 ], [ -155.465018934887013, 20.10099942427853 ], [ -155.464476154331692, 20.10042188936433 ], [ -155.463317321646457, 20.100684145048628 ], [ -155.462798051725883, 20.100131662736786 ], [ -155.462192704333717, 20.100096910940916 ], [ -155.461892841437361, 20.100390010480368 ], [ -155.461494304026871, 20.099546249331468 ], [ -155.461053668483459, 20.099553925119 ], [ -155.460767489004695, 20.099537340452756 ], [ -155.460337491656702, 20.099544831513946 ], [ -155.459908219949597, 20.099520084734195 ], [ -155.459174761921929, 20.099532845163548 ], [ -155.457903522990023, 20.099219685162829 ], [ -155.457281266339152, 20.098892332971925 ], [ -155.455394296486162, 20.098285903078196 ], [ -155.453118995568616, 20.095864782321001 ], [ -155.45282726152081, 20.095598523851127 ], [ -155.452558369184231, 20.095312105057829 ], [ -155.451664364100452, 20.095024868897042 ], [ -155.450967539510913, 20.094283077045464 ], [ -155.449633657230351, 20.093375923671687 ], [ -155.448621455459829, 20.093317602762649 ], [ -155.447598662626262, 20.09380283636337 ], [ -155.445154458487224, 20.09326808690416 ], [ -155.442159654274434, 20.092755239451904 ], [ -155.441157828588359, 20.09211498399419 ], [ -155.440306297352237, 20.091535518965014 ], [ -155.439739165008547, 20.091545348398512 ], [ -155.438714845996287, 20.091182724156184 ], [ -155.43801375331185, 20.091770488704906 ], [ -155.43759826503242, 20.092176596103005 ], [ -155.43638711805167, 20.089042170862839 ], [ -155.435789662361458, 20.089007625887682 ], [ -155.43476963023852, 20.08902520389433 ], [ -155.433498551344542, 20.088711887435192 ], [ -155.432995277969923, 20.088176312839956 ], [ -155.430955294255682, 20.087566949985206 ], [ -155.430126738346132, 20.087581239903653 ], [ -155.429530032010405, 20.087267405066598 ], [ -155.428957323775535, 20.087277220845706 ], [ -155.427763408574037, 20.086006372247535 ], [ -155.426698809755237, 20.08532591653605 ], [ -155.425079156355309, 20.084223805262486 ], [ -155.424438135031522, 20.084186755188714 ], [ -155.424147586688974, 20.084191835028321 ], [ -155.422729899946177, 20.083881291508629 ], [ -155.421896332304613, 20.083895575527187 ], [ -155.420027319806167, 20.082761533866861 ], [ -155.417882435435644, 20.082440157800892 ], [ -155.417306795528646, 20.082137156567125 ], [ -155.416702762432777, 20.082147487976901 ], [ -155.415393729632342, 20.08075316392199 ], [ -155.414860238047908, 20.080762279729409 ], [ -155.413545882840907, 20.080438172155443 ], [ -155.412795442199666, 20.079359187011985 ], [ -155.412118042723449, 20.077923762080307 ], [ -155.41054764434719, 20.077418639006723 ], [ -155.409706132480636, 20.077120516769778 ], [ -155.406264495206386, 20.076790063534983 ], [ -155.404561678559588, 20.076473974679882 ], [ -155.404266672036471, 20.076479064704152 ], [ -155.403743880385434, 20.075922407451134 ], [ -155.40156826094281, 20.075385575560961 ], [ -155.399788007773367, 20.073758443529179 ], [ -155.399478361194696, 20.072862083930083 ], [ -155.399080643559216, 20.071118824230435 ], [ -155.398265662147509, 20.07025034862151 ], [ -155.396792601300177, 20.069776578960905 ], [ -155.396314973177027, 20.068764177376284 ], [ -155.394429248283643, 20.068157326520325 ], [ -155.39343241292076, 20.067095453615263 ], [ -155.39246722764068, 20.066753495637066 ], [ -155.39152521818886, 20.066450336159154 ], [ -155.390088897462419, 20.065694424332143 ], [ -155.389062128647737, 20.065330439439936 ], [ -155.388197893445579, 20.065052381449075 ], [ -155.387719446499545, 20.064542459019833 ], [ -155.386618739449318, 20.063963097499716 ], [ -155.384875945179346, 20.063861987931652 ], [ -155.383494249596254, 20.064288082949314 ], [ -155.381800405700659, 20.063687816768141 ], [ -155.380504095549497, 20.063270679898231 ], [ -155.379102505978011, 20.062419578508109 ], [ -155.377092995567239, 20.062117974353299 ], [ -155.375691438340169, 20.061266850159203 ], [ -155.375113585356615, 20.060994613181922 ], [ -155.37484490338386, 20.060708105444935 ], [ -155.374058567251154, 20.059989216129143 ], [ -155.37330902892063, 20.058838492862531 ], [ -155.371066014994142, 20.05713871333711 ], [ -155.368908752017575, 20.057013473674473 ], [ -155.367123327433035, 20.057043490633209 ], [ -155.36597386085171, 20.055818696032205 ], [ -155.364108122207625, 20.054261682694229 ], [ -155.36353031948471, 20.0539894146252 ], [ -155.362657288600417, 20.053394655424004 ], [ -155.360978510658697, 20.052854131908685 ], [ -155.360709869501477, 20.052567608535249 ], [ -155.358235405482191, 20.051597904547375 ], [ -155.357294027160862, 20.05115410183274 ], [ -155.35684848996479, 20.05067902382061 ], [ -155.3556918448555, 20.049891501508402 ], [ -155.354479950928635, 20.049461664481868 ], [ -155.352850627797721, 20.049132634092853 ], [ -155.350476077074291, 20.048492008173554 ], [ -155.348189883809454, 20.048530396619334 ], [ -155.34656797445993, 20.047955107751953 ], [ -155.346122460306333, 20.048253705112426 ], [ -155.345355467982472, 20.049002412782073 ], [ -155.344765781584755, 20.047917820279253 ], [ -155.34408291653105, 20.046147078739626 ], [ -155.343413049211136, 20.045433133941533 ], [ -155.342830183168275, 20.04489994018985 ], [ -155.342852499858907, 20.044564702813769 ], [ -155.340595793729591, 20.042949038261629 ], [ -155.339047439244212, 20.042341909333103 ], [ -155.33752266916747, 20.041538728597061 ], [ -155.333333225408836, 20.040818630332488 ], [ -155.332637674475507, 20.039816928441329 ], [ -155.331594196598019, 20.038213264036056 ], [ -155.330695505575648, 20.037600923699728 ], [ -155.329409037653932, 20.036777653626196 ], [ -155.327562146749329, 20.035518881570258 ], [ -155.323208171000687, 20.034115832430277 ], [ -155.322379071413167, 20.033232120618159 ], [ -155.320199407117769, 20.032791582922648 ], [ -155.318785852188483, 20.032481167360626 ], [ -155.315879686977155, 20.03215681429517 ], [ -155.31479721867791, 20.031586038192586 ], [ -155.313596359150068, 20.031199003289728 ], [ -155.311207171258587, 20.029386778726714 ], [ -155.310096558888489, 20.028992751887245 ], [ -155.309401419196661, 20.029322123123524 ], [ -155.308127656283148, 20.027963865246075 ], [ -155.306695902516338, 20.027502317661135 ], [ -155.304874623758451, 20.026787855440311 ], [ -155.304319894839153, 20.026495284838415 ], [ -155.303456083093124, 20.026216866920617 ], [ -155.302615120015531, 20.02591830599145 ], [ -155.301751315739921, 20.025639880683592 ], [ -155.300636797516063, 20.024794258899895 ], [ -155.2989142970562, 20.024497850301191 ], [ -155.297021998474861, 20.022975124249857 ], [ -155.294332551753257, 20.021864535938178 ], [ -155.292925848223831, 20.0213650878155 ], [ -155.291854346526293, 20.021382795504987 ], [ -155.289952116658924, 20.020597248066061 ], [ -155.286129222300417, 20.020169811134981 ], [ -155.285574559746152, 20.019877190593331 ], [ -155.284997053725647, 20.019604705403626 ], [ -155.283424234549585, 20.018775134151173 ], [ -155.282470823948159, 20.018719277810131 ], [ -155.281504621984652, 20.019016803086554 ], [ -155.279864184064564, 20.018684810495625 ], [ -155.277772886153912, 20.017097989685521 ], [ -155.277037610442619, 20.016710090844402 ], [ -155.276109390522436, 20.016725304567135 ], [ -155.274776052334801, 20.015871105461208 ], [ -155.274419257364656, 20.015490376490202 ], [ -155.270459508038783, 20.013003506250751 ], [ -155.268980497223112, 20.012305316821227 ], [ -155.267723020812809, 20.011391882516634 ], [ -155.267454631745295, 20.011105253844818 ], [ -155.267017780743913, 20.010705511808446 ], [ -155.266215890175687, 20.009849392249428 ], [ -155.264792586696046, 20.008878653884253 ], [ -155.262682604016561, 20.007526799383704 ], [ -155.262400360267407, 20.006407684702715 ], [ -155.262146101669401, 20.005287707566225 ], [ -155.260176253302745, 20.005319822835325 ], [ -155.258892237106807, 20.003949180341301 ], [ -155.257896778647137, 20.003595625596006 ], [ -155.256411862422652, 20.003295013259155 ], [ -155.25534034566553, 20.002729576870745 ], [ -155.254476785831741, 20.002450953033183 ], [ -155.254074262571976, 20.002020988786406 ], [ -155.253346839225173, 20.001354723478549 ], [ -155.252561961304991, 20.000517419929398 ], [ -155.252095101244635, 20.000490088129528 ], [ -155.251659861556902, 20.000497124432918 ], [ -155.25127659987308, 19.999255206775707 ], [ -155.250304542211353, 19.998365033683221 ], [ -155.249598684211463, 19.996531362097912 ], [ -155.247690356880639, 19.994494321968133 ], [ -155.246048184103017, 19.994133079937942 ], [ -155.243945364176, 19.994167234037572 ], [ -155.241991721433891, 19.993359537789097 ], [ -155.240464029886937, 19.993829546000345 ], [ -155.239854361584207, 19.993271329581326 ], [ -155.23983317201251, 19.992116120325885 ], [ -155.24042397382118, 19.991868061748519 ], [ -155.240418785057983, 19.991592278746563 ], [ -155.240537835248091, 19.989782714039752 ], [ -155.240195359551109, 19.989417172094193 ], [ -155.239641536170865, 19.988909700896063 ], [ -155.239120432152674, 19.987802152909605 ], [ -155.237489670281349, 19.986941677648161 ], [ -155.235956006986015, 19.986630897219833 ], [ -155.235401572510398, 19.986338151890418 ], [ -155.234252004957114, 19.986053364684242 ], [ -155.233305494178268, 19.985553912780905 ], [ -155.232279738045008, 19.985189152202317 ], [ -155.230483151729743, 19.984744016430668 ], [ -155.228237064604997, 19.982865875841043 ], [ -155.2266228777506, 19.981831227069851 ], [ -155.225425673590394, 19.981014122392189 ], [ -155.222753383236466, 19.980552893824086 ], [ -155.222064661448627, 19.979493147290643 ], [ -155.219833191161115, 19.978438803189984 ], [ -155.218044864063302, 19.976997972260218 ], [ -155.215356336494239, 19.976331595274715 ], [ -155.213061732345125, 19.974765198400608 ], [ -155.212484538921785, 19.97449278571364 ], [ -155.209802229364612, 19.972331845533066 ], [ -155.208829792342328, 19.971708168812111 ], [ -155.207995844496082, 19.971138461935091 ], [ -155.207381639809597, 19.970848328175101 ], [ -155.206870844602264, 19.970302449684258 ], [ -155.206293680433532, 19.970030021048547 ], [ -155.206025482860667, 19.969743063103842 ], [ -155.205298418966805, 19.969076786833799 ], [ -155.204627363831463, 19.968359905406377 ], [ -155.204336313850632, 19.968093600149391 ], [ -155.203825537940361, 19.967547715881643 ], [ -155.203211356305815, 19.967257571049906 ], [ -155.202916992976071, 19.966943090605177 ], [ -155.201800312427025, 19.96641540455856 ], [ -155.201553031081971, 19.963997583786664 ], [ -155.200502620716719, 19.962875584137681 ], [ -155.199403115404891, 19.962355920809216 ], [ -155.198897660869022, 19.961892602261901 ], [ -155.197958488831802, 19.960889004352865 ], [ -155.197085987397628, 19.960089550008572 ], [ -155.196837298347845, 19.958991078120974 ], [ -155.196565754131285, 19.957913259735165 ], [ -155.196290270064139, 19.955998061432737 ], [ -155.195272093352742, 19.954910828787632 ], [ -155.194151708003517, 19.954844757379835 ], [ -155.193110939768815, 19.955164676557331 ], [ -155.191773876488014, 19.954833340366086 ], [ -155.190089400338451, 19.954233933056194 ], [ -155.188427898531359, 19.954260593912558 ], [ -155.184999450612537, 19.952981401827763 ], [ -155.183017600680785, 19.951710040374056 ], [ -155.182709142760586, 19.951380167424482 ], [ -155.182132097757773, 19.951107677521943 ], [ -155.180965010646304, 19.95022068046983 ], [ -155.179876173131134, 19.949705903465819 ], [ -155.178762915275172, 19.948859434404145 ], [ -155.177906349495714, 19.94831027274688 ], [ -155.177644761473687, 19.947752789612448 ], [ -155.177353796650522, 19.94748645307665 ], [ -155.176942149423667, 19.946151090860031 ], [ -155.175490793689335, 19.945464880141316 ], [ -155.174990488382718, 19.944399297553009 ], [ -155.17269286058567, 19.943829075319677 ], [ -155.172100027933908, 19.942568293621321 ], [ -155.170633652155459, 19.941001634091794 ], [ -155.169221545983476, 19.940545105991855 ], [ -155.168387918815114, 19.939975260960015 ], [ -155.167810945046313, 19.939702734943946 ], [ -155.16737501864236, 19.938774640989223 ], [ -155.16530686949352, 19.937202347560977 ], [ -155.16280345540423, 19.936018379223803 ], [ -155.161094906357107, 19.933863665062542 ], [ -155.160517969865765, 19.933591120857621 ], [ -155.158693090379955, 19.932203748891567 ], [ -155.158268350726559, 19.932178696501129 ], [ -155.157655527835857, 19.932188421072105 ], [ -155.157740186185436, 19.930907923792621 ], [ -155.156214128403292, 19.929277250381556 ], [ -155.155487466600704, 19.928610831874465 ], [ -155.155219431769979, 19.928323822469501 ], [ -155.154642527354696, 19.928051263980628 ], [ -155.15408737110829, 19.927757767811567 ], [ -155.153548369495326, 19.927766437296981 ], [ -155.152656254867793, 19.92719368185098 ], [ -155.153135338693971, 19.926382394906508 ], [ -155.151586498253266, 19.924726885829877 ], [ -155.151295620360827, 19.924460520105381 ], [ -155.150299763086707, 19.923396046883106 ], [ -155.149612383554739, 19.923070865202185 ], [ -155.148963193233328, 19.922069934790201 ], [ -155.147935738697299, 19.921410711661771 ], [ -155.147566946918573, 19.921016057516827 ], [ -155.14539072142648, 19.9191941373772 ], [ -155.144294855785944, 19.91861481260349 ], [ -155.143718009028163, 19.918342227248303 ], [ -155.143164020805813, 19.918048993971116 ], [ -155.140674571512619, 19.917069637332801 ], [ -155.140047038407744, 19.915732721245369 ], [ -155.138946482051637, 19.914980425163332 ], [ -155.138127115714411, 19.9145928732725 ], [ -155.137830393189688, 19.913281382903861 ], [ -155.136781356965258, 19.912319034430819 ], [ -155.135887913467826, 19.910865062703667 ], [ -155.135593049327326, 19.910236258142358 ], [ -155.134509609596904, 19.909242231118331 ], [ -155.134494599003546, 19.908389060534336 ], [ -155.135394191804693, 19.907636133437379 ], [ -155.134731794697018, 19.907574678008928 ], [ -155.133746197395055, 19.907590227887002 ], [ -155.133120307929119, 19.907016058274067 ], [ -155.132124679615799, 19.905951519678105 ], [ -155.130861210710663, 19.905353417722019 ], [ -155.129194064156309, 19.90421371896085 ], [ -155.128394668709035, 19.903835553836583 ], [ -155.127951477418264, 19.902071324389446 ], [ -155.128957725567375, 19.899898120082252 ], [ -155.127661503847293, 19.899821247759576 ], [ -155.125329495788066, 19.900537620076072 ], [ -155.124953041583836, 19.899315300285473 ], [ -155.123874687301225, 19.898966449617852 ], [ -155.123596793345541, 19.897392141788526 ], [ -155.122786046729914, 19.896221131094336 ], [ -155.12283732282819, 19.895447377263945 ], [ -155.122548706992376, 19.895138214197402 ], [ -155.122238264444434, 19.894853416994053 ], [ -155.121569284716173, 19.892681757851438 ], [ -155.120308226646131, 19.88965438544496 ], [ -155.119555119884581, 19.888848540884691 ], [ -155.118713295345145, 19.888450127477718 ], [ -155.118702635416071, 19.887833592965702 ], [ -155.119024878121422, 19.886671980098168 ], [ -155.119463131681073, 19.885930989894959 ], [ -155.11881416295887, 19.884040696960998 ], [ -155.119119687321614, 19.883128726871433 ], [ -155.119987224233455, 19.882402916781427 ], [ -155.11948362271292, 19.882318721353116 ], [ -155.11855377089131, 19.882758802711511 ], [ -155.117712009422576, 19.88231334894343 ], [ -155.117135344889391, 19.882040705798435 ], [ -155.115744788731746, 19.880982551524859 ], [ -155.114309188526505, 19.880625859370223 ], [ -155.11343956011379, 19.880315883432282 ], [ -155.112654814449769, 19.880328065415235 ], [ -155.112035088695507, 19.880034909940619 ], [ -155.110636781528001, 19.879181897798848 ], [ -155.109506716531797, 19.878647121969987 ], [ -155.109493149114115, 19.877876453993949 ], [ -155.109814157141443, 19.8772695573888 ], [ -155.110410950915394, 19.876259852468639 ], [ -155.109299788885863, 19.87536395907059 ], [ -155.107353276980916, 19.873946860293689 ], [ -155.106502095475435, 19.87233648657482 ], [ -155.106140330981646, 19.871160461205839 ], [ -155.105695523214791, 19.870684538977919 ], [ -155.105404818618126, 19.870418126057519 ], [ -155.104476012186126, 19.869424457260596 ], [ -155.102996989365295, 19.869683563211613 ], [ -155.102420072246673, 19.868693893964416 ], [ -155.099894349662776, 19.867322977807159 ], [ -155.098853185652018, 19.867565749387715 ], [ -155.098135964806232, 19.868290786614299 ], [ -155.096950308962988, 19.868866799255251 ], [ -155.096150927069829, 19.868202578992559 ], [ -155.097905135257889, 19.867200344123919 ], [ -155.096947846099113, 19.865889947129947 ], [ -155.096504393014072, 19.865497284239936 ], [ -155.096025255813771, 19.864965093154641 ], [ -155.094094012536601, 19.865031592522438 ], [ -155.093486461719607, 19.864701654242744 ], [ -155.092466605049736, 19.864736873191848 ], [ -155.091825788097566, 19.864169145390346 ], [ -155.091569193667794, 19.863606948305836 ], [ -155.090268749959279, 19.862783445158069 ], [ -155.089883335122664, 19.861688811880281 ], [ -155.089931365793774, 19.861143084722627 ], [ -155.089332573596948, 19.860866975514931 ], [ -155.088806683473905, 19.860283795256805 ], [ -155.087918769254117, 19.859497094519533 ], [ -155.088251210573702, 19.858948898762147 ], [ -155.088535100369143, 19.858398577964238 ], [ -155.089128352939838, 19.857420588196423 ], [ -155.088047753409398, 19.855881762730679 ], [ -155.087779144161232, 19.853170228689294 ], [ -155.086360666887458, 19.852653317363714 ], [ -155.085658455644193, 19.852677520155986 ], [ -155.083814342036646, 19.852228398821126 ], [ -155.083874139885268, 19.851545248525259 ], [ -155.083453727097776, 19.851172626110063 ], [ -155.084463227313705, 19.849508506701678 ], [ -155.084086101943228, 19.848920134747001 ], [ -155.082068205557846, 19.847748095935458 ], [ -155.081541412974616, 19.846249710224111 ], [ -155.082730570091201, 19.845047799574264 ], [ -155.083892823731873, 19.844735885219993 ], [ -155.084443098121653, 19.842549235651905 ], [ -155.083833309374427, 19.840176402807053 ], [ -155.083903086999072, 19.839381947678042 ], [ -155.083573991363806, 19.839090355020744 ], [ -155.083598814674332, 19.838807336299318 ], [ -155.08309328496108, 19.837876024316834 ], [ -155.083055783546399, 19.836901091363313 ], [ -155.083389333391011, 19.836351338266141 ], [ -155.082733337134925, 19.835770315060895 ], [ -155.083402527968644, 19.834471593072443 ], [ -155.08378207094745, 19.833845417359434 ], [ -155.08371600988832, 19.83212222857648 ], [ -155.084230134304562, 19.830859468306684 ], [ -155.084665280325254, 19.829628268402665 ], [ -155.08554252704073, 19.827473364685197 ], [ -155.085612401790911, 19.826673887147653 ], [ -155.085316357259899, 19.826128531713255 ], [ -155.086474757318399, 19.825466596212028 ], [ -155.086532845304987, 19.824805866477359 ], [ -155.086487158610964, 19.823616689568222 ], [ -155.087737535636649, 19.822003790080224 ], [ -155.08771367836863, 19.821381958617312 ], [ -155.088249657839839, 19.820340853068561 ], [ -155.089525276260332, 19.819998590567007 ], [ -155.087851815286854, 19.819664831248307 ], [ -155.087791162242212, 19.818082877866992 ], [ -155.088983818034535, 19.816543748089174 ], [ -155.089014002901422, 19.816200589365877 ], [ -155.088995002218695, 19.815699372849199 ], [ -155.089303663384271, 19.815387427928044 ], [ -155.089922401772213, 19.814888040269199 ], [ -155.089893782271275, 19.814140837191474 ], [ -155.091361980361, 19.812430925188103 ], [ -155.091467433986793, 19.811225235716059 ], [ -155.089440517656982, 19.810436340941585 ], [ -155.090485031892484, 19.810109340976148 ], [ -155.093991466156837, 19.810778675500945 ], [ -155.093751686613018, 19.809530536019057 ], [ -155.093181576704524, 19.809550026060691 ], [ -155.093164722850361, 19.809120209362359 ], [ -155.093201045502326, 19.808708206802621 ], [ -155.09236034543099, 19.807963561816614 ], [ -155.092645835639587, 19.807342162304884 ], [ -155.093059009838697, 19.806660396867276 ], [ -155.090970506560438, 19.805697077803057 ], [ -155.090619163344797, 19.804102407763921 ], [ -155.088966902150986, 19.803730299135708 ], [ -155.08816653789691, 19.803757941655789 ], [ -155.087595796712407, 19.803712919942338 ], [ -155.086463438901262, 19.803752036947291 ], [ -155.086375322959782, 19.801466777904075 ], [ -155.086825157240696, 19.800724785320938 ], [ -155.085699765606876, 19.799727836109941 ], [ -155.085979341193877, 19.799348129460597 ], [ -155.086554719249648, 19.798883735563638 ], [ -155.086863105358503, 19.798285047135668 ], [ -155.087762109637168, 19.797237620630895 ], [ -155.088045870065258, 19.796686486996339 ], [ -155.08858148364925, 19.79672835516234 ], [ -155.089159122511973, 19.796262149857462 ], [ -155.090107081475253, 19.794239284556671 ], [ -155.089875232878768, 19.792668112341779 ], [ -155.089511357555125, 19.791997603368603 ], [ -155.090307451113716, 19.790040909354747 ], [ -155.089699143097135, 19.789501677539697 ], [ -155.089385877613495, 19.788611344247933 ], [ -155.089498269105974, 19.787325995094225 ], [ -155.087797703314493, 19.785145998693661 ], [ -155.087331357990706, 19.784122815606324 ], [ -155.085816287453667, 19.783423901214469 ], [ -155.085776018655594, 19.782376757645402 ], [ -155.086117244933575, 19.782031695848538 ], [ -155.087556102176364, 19.781645410767144 ], [ -155.087295629715044, 19.78124567029344 ], [ -155.086601555079966, 19.780630557950595 ], [ -155.087042598136804, 19.779902368953891 ], [ -155.087350932402899, 19.779303672179292 ], [ -155.088179684768022, 19.778634978203428 ], [ -155.088233233882022, 19.778020391163466 ], [ -155.087456905996362, 19.776590573584478 ], [ -155.087380759015332, 19.774612132094347 ], [ -155.08819851924784, 19.773455342275032 ], [ -155.089431594176801, 19.773124249179926 ], [ -155.089520796578256, 19.772101078966852 ], [ -155.089435497035709, 19.769878772382647 ], [ -155.090155489522061, 19.768859893348349 ], [ -155.090734714786095, 19.768392379911276 ], [ -155.090805207680802, 19.767586032222422 ], [ -155.0904964439857, 19.76724364658655 ], [ -155.090053238533045, 19.766851013367219 ], [ -155.089659146625507, 19.766413470320391 ], [ -155.089162947348854, 19.76597342760838 ], [ -155.088553866049239, 19.764851990540258 ], [ -155.088832655790128, 19.764501057357585 ], [ -155.089223932206295, 19.764184826950054 ], [ -155.088861126709048, 19.763152292070561 ], [ -155.089386231310556, 19.762728258396578 ], [ -155.090087455528902, 19.758954156887576 ], [ -155.090155523207159, 19.758178147498626 ], [ -155.090103455158129, 19.756834489182658 ], [ -155.09244541834957, 19.757018103189345 ], [ -155.092878648885602, 19.757155218711802 ], [ -155.093062899476962, 19.757520775841062 ], [ -155.093828798183637, 19.757294380623918 ], [ -155.093318866549964, 19.756960026468843 ], [ -155.092878648885602, 19.757155218711802 ], [ -155.092725656415666, 19.756629664897261 ], [ -155.091912682399993, 19.756176894373684 ], [ -155.091083240740232, 19.755804364796159 ], [ -155.090809536129456, 19.754529063412139 ], [ -155.090120532459622, 19.752153486280626 ], [ -155.091008061373174, 19.75028094323924 ], [ -155.090612685847077, 19.749943011412817 ], [ -155.090757834727896, 19.748615292253447 ], [ -155.090172890386015, 19.746391044558113 ], [ -155.090141067821264, 19.745864704535201 ], [ -155.090315604088119, 19.744270180882861 ], [ -155.08993733126573, 19.74341464346908 ], [ -155.089396519898315, 19.742952229641801 ], [ -155.090004363992449, 19.741489803543697 ], [ -155.08997372421436, 19.740983574371544 ], [ -155.090471218140038, 19.739788029589242 ], [ -155.090051136152255, 19.737739696262651 ], [ -155.09081803776462, 19.736506166616479 ], [ -155.091006922249306, 19.734779550089275 ], [ -155.090554164256986, 19.73439253586254 ], [ -155.089973740066057, 19.733724184238007 ], [ -155.08888232646305, 19.733043077074218 ], [ -155.088140540188391, 19.731713148382717 ], [ -155.087938563805437, 19.728366970831669 ], [ -155.088812112415098, 19.727450792533389 ], [ -155.09002615422915, 19.726969117034869 ], [ -155.090089404455796, 19.726389091738504 ], [ -155.088893088618903, 19.726693298215256 ], [ -155.087376345659351, 19.727662807594815 ], [ -155.086563423980152, 19.727236993063325 ], [ -155.085737590372815, 19.725921872357883 ], [ -155.085209409881259, 19.725470567364127 ], [ -155.084497661167575, 19.72465054672012 ], [ -155.082414435117983, 19.723765629053592 ], [ -155.08039998613296, 19.723470997975653 ], [ -155.076689705306364, 19.722749646710529 ], [ -155.070712137500351, 19.723174297803425 ], [ -155.071113586033789, 19.721435483126314 ], [ -155.073047963507975, 19.721144944388399 ], [ -155.074249088980451, 19.720756909672069 ], [ -155.076335952251782, 19.720644096807565 ], [ -155.077608259252742, 19.720768965919039 ], [ -155.076730361968146, 19.72017255713012 ], [ -155.075179950962422, 19.719802947870573 ], [ -155.074627491168059, 19.718269420028321 ], [ -155.075710191664967, 19.716582782524068 ], [ -155.077431288616395, 19.716132911799026 ], [ -155.077541898279748, 19.715123433417187 ], [ -155.075694566100111, 19.71441302639683 ], [ -155.075839690129953, 19.713087708129329 ], [ -155.075002213650748, 19.713693830349971 ], [ -155.074619651075096, 19.714457648629118 ], [ -155.073311212377689, 19.714329066607551 ], [ -155.073158197650486, 19.715725031269191 ], [ -155.073201931670013, 19.716447188562306 ], [ -155.072828919906527, 19.717344667356812 ], [ -155.073938899252369, 19.718902581079973 ], [ -155.073602061766252, 19.719963910249671 ], [ -155.072496582510524, 19.720321005658235 ], [ -155.071312446433069, 19.72063064835514 ], [ -155.070501651448438, 19.72126163918028 ], [ -155.069906239636396, 19.7231486775147 ], [ -155.070405082869996, 19.724043616247258 ], [ -155.070649149195191, 19.724880899979457 ], [ -155.071054974379393, 19.725608626534889 ], [ -155.070358236926381, 19.725956967841675 ], [ -155.069694839190902, 19.726220150035687 ], [ -155.068788554820316, 19.727170383860688 ], [ -155.068006157311629, 19.727779517430037 ], [ -155.067733456025593, 19.72806580892658 ], [ -155.067001230710275, 19.727993957699702 ], [ -155.066539940822054, 19.728914843301208 ], [ -155.064761096667041, 19.73005147158505 ], [ -155.063742586000984, 19.729180765911483 ], [ -155.06343744756461, 19.728490917599235 ], [ -155.062960724575902, 19.728083498155133 ], [ -155.062350725417673, 19.726988688456228 ], [ -155.062943442266373, 19.726035031128557 ], [ -155.062621017245874, 19.723661143193922 ], [ -155.06158424724174, 19.723559318040646 ], [ -155.061520937612102, 19.724137731166675 ], [ -155.062082376117303, 19.724617840206264 ], [ -155.061474243536622, 19.725267246264057 ], [ -155.060339076316268, 19.725717418546481 ], [ -155.060371645339956, 19.726255129338661 ], [ -155.060051956893062, 19.726272404803865 ], [ -155.059756846107376, 19.726243445248958 ], [ -155.059437136082238, 19.727170859527931 ], [ -155.057139153268594, 19.728081654120249 ], [ -155.056581966491848, 19.728360071905058 ], [ -155.055143839385408, 19.728735877021933 ], [ -155.055670657508557, 19.729693038087465 ], [ -155.056230450114612, 19.730171808128198 ], [ -155.055816447781268, 19.730278961221956 ], [ -155.054244427758789, 19.729834162593072 ], [ -155.053865387043146, 19.733421684987768 ], [ -155.053591452893926, 19.732894508876978 ], [ -155.053333428357405, 19.730994553092348 ], [ -155.051632475244787, 19.731207553691544 ], [ -155.05104690556135, 19.732048740382506 ], [ -155.049910433079788, 19.731936976037971 ], [ -155.048908865014482, 19.731990971278101 ], [ -155.048338678129909, 19.731935040210921 ], [ -155.047651223083733, 19.731971916952062 ], [ -155.046320971700823, 19.731230069966855 ], [ -155.045927339005459, 19.731642874759547 ], [ -155.045035788065121, 19.731875808233113 ], [ -155.045336187238632, 19.73270933242701 ], [ -155.044204317243583, 19.733158138321514 ], [ -155.044138169990816, 19.733758141915821 ], [ -155.044162313008229, 19.734159829259614 ], [ -155.042562249684806, 19.73439980763526 ], [ -155.042472754561174, 19.734068026440244 ], [ -155.042216426596269, 19.734299401234107 ], [ -155.042562249684806, 19.73439980763526 ], [ -155.042390647571153, 19.73479425778039 ], [ -155.042463593922577, 19.735480051102517 ], [ -155.042325082312459, 19.736365706998658 ], [ -155.042735876313486, 19.737452727696844 ], [ -155.041483717379094, 19.737571954658485 ], [ -155.040374540516098, 19.737416332208014 ], [ -155.039438874627564, 19.738032758097805 ], [ -155.037199547566416, 19.73737324632641 ], [ -155.035934163047386, 19.737801856233556 ], [ -155.034902442077566, 19.737900286933765 ], [ -155.034617645345776, 19.737860148465234 ], [ -155.034317190902584, 19.737888899098991 ], [ -155.03395257630055, 19.737013507949648 ], [ -155.033486516522743, 19.73705787694637 ], [ -155.03214640775991, 19.736535838843185 ], [ -155.031773042915148, 19.737323248389881 ], [ -155.031483788515629, 19.7366286952271 ], [ -155.030707579981026, 19.736011073120309 ], [ -155.031526945429022, 19.735087423301884 ], [ -155.03197251070182, 19.734765658069453 ], [ -155.031270659133128, 19.733895204887602 ], [ -155.029905094884697, 19.73435801942712 ], [ -155.029585579946485, 19.733961936955961 ], [ -155.029274665299454, 19.733714559595231 ], [ -155.028842518808318, 19.733178560968117 ], [ -155.02843980830454, 19.733122055375848 ], [ -155.02801539920776, 19.733265640953551 ], [ -155.02792593583635, 19.73293385774214 ], [ -155.02766959298566, 19.733165208347067 ], [ -155.02801539920776, 19.733265640953551 ], [ -155.02785781412976, 19.733701343438742 ], [ -155.027272454519078, 19.734190969961098 ], [ -155.02671320469463, 19.735248804723348 ], [ -155.025662886329968, 19.735265114057331 ], [ -155.024277147799637, 19.734919591429108 ], [ -155.023241756161241, 19.733320801184668 ], [ -155.02271324345017, 19.733835986160607 ], [ -155.022168682262304, 19.732994898953077 ], [ -155.021872746428613, 19.732999418219016 ], [ -155.021362779648229, 19.731911488159827 ], [ -155.019600926201093, 19.732396856094301 ], [ -155.019059820219326, 19.732924433161546 ], [ -155.018450079909513, 19.73293385599521 ], [ -155.017726111195969, 19.732890525334767 ], [ -155.017282792430649, 19.733728132678618 ], [ -155.016126509105931, 19.73421372786947 ], [ -155.015518225315418, 19.73450143534604 ], [ -155.013525767151805, 19.734382265270384 ], [ -155.013547453320484, 19.735665715717243 ], [ -155.013087735615073, 19.737318967413835 ], [ -155.01263267237772, 19.736831312910251 ], [ -155.011808506905766, 19.736843858776609 ], [ -155.011060920731808, 19.736156243798028 ], [ -155.009887669609412, 19.734899439094363 ], [ -155.009290772264734, 19.734863663706633 ], [ -155.008073891394673, 19.735136709634915 ], [ -155.00700103331107, 19.735072600432247 ], [ -155.006392735562144, 19.735360273363401 ], [ -155.00580387091324, 19.735607153980833 ], [ -155.004710961733906, 19.7361239432262 ], [ -155.002712391423273, 19.735645656366128 ], [ -155.001836604091579, 19.734706746058244 ], [ -155.00126069512865, 19.734433848921167 ], [ -155.000999985011106, 19.733876259715025 ], [ -155.000429240415741, 19.733351642250746 ], [ -155.000458632310966, 19.732911524199103 ], [ -155.000217316458276, 19.730882211228213 ], [ -154.999311532753694, 19.730588194969425 ], [ -154.997968255605457, 19.728948326756491 ], [ -154.997714308664172, 19.728120291786514 ], [ -154.996376749366419, 19.727259297590997 ], [ -154.995984442163206, 19.725982107987903 ], [ -154.994907619400919, 19.72563271875395 ], [ -154.994368095797256, 19.724798291324589 ], [ -154.994077831218419, 19.724531770664132 ], [ -154.993817157601427, 19.723974177666729 ], [ -154.993526895341972, 19.723707656512282 ], [ -154.993259473402787, 19.723420506159655 ], [ -154.992702431199518, 19.722908335387107 ], [ -154.992697257183409, 19.72260142313575 ], [ -154.992715164876785, 19.722331230130582 ], [ -154.992708558613884, 19.721925191349946 ], [ -154.992753208102272, 19.721254462597486 ], [ -154.992451502178795, 19.720977114413184 ], [ -154.99247019812114, 19.720697690275731 ], [ -154.992176611675518, 19.720139888239824 ], [ -154.992212182530295, 19.719609274269018 ], [ -154.99191048026816, 19.719331925836308 ], [ -154.991955918775034, 19.7186519664379 ], [ -154.990854466279274, 19.717056328453321 ], [ -154.990844511426275, 19.716471581240341 ], [ -154.99087385131017, 19.716034109233647 ], [ -154.990067125922224, 19.714503997338653 ], [ -154.989789977802957, 19.713601450133101 ], [ -154.988969119540826, 19.711699482957943 ], [ -154.988179656889741, 19.70963596798407 ], [ -154.986976551007956, 19.708002633747149 ], [ -154.986221552364924, 19.707308441699009 ], [ -154.985960924698446, 19.706750846097307 ], [ -154.985301318958903, 19.706437988492699 ], [ -154.984847819552954, 19.705112914487767 ], [ -154.984593957904082, 19.704284877639381 ], [ -154.984310502258523, 19.703747909443425 ], [ -154.984070162306807, 19.70237899164486 ], [ -154.98378671070418, 19.701842023429126 ], [ -154.98353285671763, 19.701013986712173 ], [ -154.982995557391803, 19.700519684566675 ], [ -154.982698619988554, 19.699651836882207 ], [ -154.982751289700872, 19.698861854185783 ], [ -154.982168065599865, 19.698017447584473 ], [ -154.981954784061315, 19.695566771086018 ], [ -154.98166762220194, 19.695022584281219 ], [ -154.982100184328345, 19.694661012565657 ], [ -154.981718705920514, 19.693135138327612 ], [ -154.981790835567892, 19.69205756029578 ], [ -154.981466011245203, 19.692038121994521 ], [ -154.981180214703954, 19.692042283698566 ], [ -154.980889933870401, 19.692024940183629 ], [ -154.980346608430494, 19.692554201974499 ], [ -154.980318133511503, 19.692019251425595 ], [ -154.980349319347795, 19.691553022485227 ], [ -154.97979896640652, 19.69037718983104 ], [ -154.979261710032006, 19.689882884281634 ], [ -154.97871205631273, 19.688277925787702 ], [ -154.978697093541001, 19.687381257967111 ], [ -154.978778827485968, 19.686165432527471 ], [ -154.978767291025008, 19.685488696533614 ], [ -154.978794162808782, 19.685083412927966 ], [ -154.978783506110858, 19.684438406501094 ], [ -154.9791179166902, 19.683337117915073 ], [ -154.979419581840801, 19.682250948603208 ], [ -154.979736287325665, 19.68145578945607 ], [ -154.979731998412717, 19.681180874100875 ], [ -154.979795244089019, 19.680235222820134 ], [ -154.979776234955921, 19.679097996326131 ], [ -154.980098728811441, 19.677936715317241 ], [ -154.980422187248763, 19.676870584360273 ], [ -154.980413257640294, 19.67631228934944 ], [ -154.981033683922021, 19.675262324633806 ], [ -154.981321804652396, 19.674717027245027 ], [ -154.982866680922655, 19.67232687594603 ], [ -154.982843683948204, 19.670968115148781 ], [ -154.982861690778293, 19.670693698217349 ], [ -154.98224292162206, 19.668884526009212 ], [ -154.982664973918276, 19.667174501718087 ], [ -154.982377416176689, 19.666334353602487 ], [ -154.982421028672434, 19.665682103856643 ], [ -154.982390565939454, 19.66386205954668 ], [ -154.982877046475608, 19.659165331770094 ], [ -154.982455633723305, 19.657295048717003 ], [ -154.981796021134556, 19.656587683809931 ], [ -154.980853114525132, 19.655719916714105 ], [ -154.980139833425199, 19.653854989249993 ], [ -154.979623939247261, 19.653380470903567 ], [ -154.979036981173465, 19.652266461610356 ], [ -154.98023662766235, 19.649527688144381 ], [ -154.98186348536484, 19.648670144458404 ], [ -154.981791440548704, 19.644399569272821 ], [ -154.982806845606177, 19.644460337679984 ], [ -154.983240038891864, 19.643641601392655 ], [ -154.983766396912102, 19.643673191798193 ], [ -154.984869039856562, 19.643210039093834 ], [ -154.985305375869586, 19.641771696771627 ], [ -154.984148016503497, 19.641789424707206 ], [ -154.983263522061378, 19.641736350650028 ], [ -154.983277885446114, 19.642570382824477 ], [ -154.982974243689625, 19.642824142886969 ], [ -154.982606009848581, 19.643520926814542 ], [ -154.981562272869638, 19.642560544896853 ], [ -154.98129968512589, 19.641704312409104 ], [ -154.981016311103048, 19.641167357497842 ], [ -154.98081473765231, 19.638154359463627 ], [ -154.980247630233805, 19.637632460349074 ], [ -154.97998034930265, 19.63734531735486 ], [ -154.97966243652445, 19.637053077250364 ], [ -154.979114328864824, 19.635881282259749 ], [ -154.977240430975087, 19.634415821254194 ], [ -154.976364158844518, 19.633476083734948 ], [ -154.975929025649322, 19.633076042917082 ], [ -154.975528120437986, 19.632645586645854 ], [ -154.974952605181699, 19.632372674405833 ], [ -154.974399918161083, 19.632079132163529 ], [ -154.973226954314242, 19.631786751145789 ], [ -154.972559864957674, 19.631071278370204 ], [ -154.971306987421656, 19.630115418613439 ], [ -154.971011814275101, 19.630119899160427 ], [ -154.969020180721117, 19.629242590333572 ], [ -154.968442673731317, 19.629251303394941 ], [ -154.967896203694067, 19.628665362465377 ], [ -154.967049756761753, 19.628678078274152 ], [ -154.966429379034736, 19.628349172786933 ], [ -154.964588661878253, 19.627751081778758 ], [ -154.963224610504227, 19.626872482317061 ], [ -154.960162768116959, 19.623588084095431 ], [ -154.958022703107787, 19.622452606013184 ], [ -154.95669785609627, 19.622817591196597 ], [ -154.953974260661795, 19.624314550241763 ], [ -154.952315743917325, 19.624017193056716 ], [ -154.951190669866833, 19.623710434656175 ], [ -154.950758255767028, 19.623717076792847 ], [ -154.950187997810673, 19.623682561204998 ], [ -154.949203218938237, 19.623697364201934 ], [ -154.948669334579591, 19.623124873688191 ], [ -154.948346336054641, 19.623105438155353 ], [ -154.948060672013639, 19.623109568483248 ], [ -154.947775538530067, 19.623092570953382 ], [ -154.947242141911346, 19.623100627604586 ], [ -154.94620536406677, 19.622432498822739 ], [ -154.945534068474103, 19.62115851215821 ], [ -154.94528046810737, 19.620330472889357 ], [ -154.944968650163133, 19.62004387214105 ], [ -154.945022116814386, 19.619247597810961 ], [ -154.945013599700928, 19.618720772698175 ], [ -154.94564385033766, 19.617653710791725 ], [ -154.946832082239354, 19.614953790760982 ], [ -154.948334295490412, 19.61198532597394 ], [ -154.94810691055622, 19.610112010080812 ], [ -154.947830477459775, 19.609304599553798 ], [ -154.947345778929531, 19.6063066856617 ], [ -154.946959310171707, 19.605951028191509 ], [ -154.946149727392594, 19.603833383303979 ], [ -154.944337604271425, 19.601888943550282 ], [ -154.943468226985289, 19.601088774671176 ], [ -154.942959419820994, 19.600542477946028 ], [ -154.940874151348567, 19.599551577316632 ], [ -154.939824349363249, 19.598831353337971 ], [ -154.939249026785461, 19.598558357885345 ], [ -154.938915089502757, 19.598199646186902 ], [ -154.93642950747136, 19.597141798742562 ], [ -154.935722011949622, 19.596381986784912 ], [ -154.933039353593358, 19.595712307318646 ], [ -154.932486881115608, 19.595418670887579 ], [ -154.931626243016154, 19.595139205615663 ], [ -154.93065204887418, 19.593478639057107 ], [ -154.929960338973984, 19.593488892742737 ], [ -154.92945818942917, 19.592415300194272 ], [ -154.927786893869751, 19.591268753370112 ], [ -154.926848316115127, 19.590963460798207 ], [ -154.92633199732731, 19.590409033076291 ], [ -154.92578975712118, 19.58990977165681 ], [ -154.924168185768139, 19.587146668707771 ], [ -154.923591632961717, 19.586615710777863 ], [ -154.922202040695197, 19.584362807705634 ], [ -154.921640444162307, 19.583548923841555 ], [ -154.921378226525064, 19.582692673088793 ], [ -154.920529242199137, 19.581910591385888 ], [ -154.919759984887492, 19.581084865027957 ], [ -154.918542815294899, 19.58075288124882 ], [ -154.917560002921277, 19.580767594788298 ], [ -154.915205744842808, 19.580179129875987 ], [ -154.914607692056734, 19.579861428997798 ], [ -154.913091854177338, 19.579368586786956 ], [ -154.91181916874811, 19.578763669467683 ], [ -154.910626141214067, 19.57721354185356 ], [ -154.909837716783585, 19.575715404403155 ], [ -154.909316718804973, 19.5746003997392 ], [ -154.907362926240069, 19.57240199300783 ], [ -154.90585624209092, 19.570493292357884 ], [ -154.904235927616725, 19.569308902368117 ], [ -154.903531947943577, 19.568553048092877 ], [ -154.902063302332323, 19.567941774660856 ], [ -154.900917598873519, 19.567655708212246 ], [ -154.900080007045545, 19.56735550829406 ], [ -154.89856434791858, 19.566862572088962 ], [ -154.897806889422498, 19.566502621374337 ], [ -154.89718802234492, 19.566173832259793 ], [ -154.895348367497149, 19.565575200737289 ], [ -154.893712638091671, 19.564520384517795 ], [ -154.891635336796469, 19.563094289363637 ], [ -154.890114449848397, 19.562371029975509 ], [ -154.888977385103658, 19.561637755899589 ], [ -154.888256155246893, 19.560862968285846 ], [ -154.887821443376254, 19.560462785530088 ], [ -154.886937409158008, 19.559513588671177 ], [ -154.886105116427956, 19.559117540446358 ], [ -154.884630143199018, 19.557533384535557 ], [ -154.884195449382247, 19.557133196147671 ], [ -154.883527439505627, 19.556415627305416 ], [ -154.882377896868604, 19.555869109577642 ], [ -154.881726659969985, 19.555522892516368 ], [ -154.879564003039064, 19.555554851376101 ], [ -154.875671835711842, 19.555071880521535 ], [ -154.874703550209119, 19.554611375638135 ], [ -154.873872982041149, 19.55404066656774 ], [ -154.873012708083422, 19.553760977535813 ], [ -154.872460510177945, 19.553467201012605 ], [ -154.871885491173884, 19.553194038394402 ], [ -154.870886576961055, 19.552120873941451 ], [ -154.868320096956325, 19.549956748179479 ], [ -154.867483538101112, 19.548661117383865 ], [ -154.866117396023014, 19.547935161467009 ], [ -154.865319278077806, 19.547886740633594 ], [ -154.861120836879735, 19.547948158999926 ], [ -154.859728814577721, 19.547495033870192 ], [ -154.858966552110047, 19.546676414076643 ], [ -154.858643747974583, 19.54665684655679 ], [ -154.858358246024352, 19.546660858154418 ], [ -154.8577883290221, 19.546626365539336 ], [ -154.856936831412469, 19.54663877416942 ], [ -154.856654181390894, 19.546335032726372 ], [ -154.856361483265943, 19.54662053389637 ], [ -154.855885152466186, 19.546108891801172 ], [ -154.854379113935266, 19.546017731912865 ], [ -154.854093614386272, 19.546021736925354 ], [ -154.853523703265296, 19.545987231367558 ], [ -154.852691731138862, 19.545999276602647 ], [ -154.85181625727347, 19.545685592886514 ], [ -154.851531562361629, 19.545963078327976 ], [ -154.850956646629044, 19.545928185364254 ], [ -154.850105158756833, 19.545940562215989 ], [ -154.849694501611225, 19.545499115058259 ], [ -154.849232169078817, 19.54507312360095 ], [ -154.848728601392253, 19.543993828927452 ], [ -154.848080436268134, 19.543685362078783 ], [ -154.84669061858375, 19.542192503740917 ], [ -154.843837245532569, 19.541607586891882 ], [ -154.842258097846099, 19.540327261666572 ], [ -154.841694368000844, 19.540335403272092 ], [ -154.839441200595303, 19.538909788529093 ], [ -154.838829416900296, 19.538618778892204 ], [ -154.837552025233407, 19.537246038740786 ], [ -154.836088112481946, 19.536126861027626 ], [ -154.835513234336219, 19.535853604205702 ], [ -154.834510291713713, 19.535320251787535 ], [ -154.833263856711909, 19.534979431508937 ], [ -154.824351400932954, 19.534511270261607 ], [ -154.822739309857582, 19.533653840116443 ], [ -154.822164470935007, 19.533380546339245 ], [ -154.820895846478862, 19.53241057605705 ], [ -154.818253562442038, 19.531152484847791 ], [ -154.817719381173617, 19.530578394282283 ], [ -154.81661712023606, 19.530053486765222 ], [ -154.815714078434297, 19.529432793816106 ], [ -154.814290690672522, 19.528869251134658 ], [ -154.813128731410927, 19.52798071126383 ], [ -154.812044119639296, 19.527464380708377 ], [ -154.811777331516993, 19.527177071805795 ], [ -154.811297746654702, 19.526734753566522 ], [ -154.810660107655991, 19.525808964155647 ], [ -154.810407288772126, 19.524980880764083 ], [ -154.810124664707445, 19.524443790815063 ], [ -154.809494999383219, 19.521634384814973 ], [ -154.80849742726906, 19.521159428812794 ], [ -154.808018473454268, 19.520132694292361 ], [ -154.80768825698604, 19.519777329188798 ], [ -154.806871821810716, 19.519388741561439 ], [ -154.806844121839561, 19.517635085214131 ], [ -154.807218537994316, 19.515437652085105 ], [ -154.808112821790701, 19.51438626328164 ], [ -154.808108359843999, 19.514105835732675 ], [ -154.809011989967075, 19.513857584003482 ], [ -154.809555644859444, 19.51332751879454 ], [ -154.811285536141639, 19.512416505753418 ], [ -154.811321519684242, 19.511885753539026 ], [ -154.811315363045253, 19.511476352237086 ], [ -154.811939916822894, 19.508954172910737 ], [ -154.811164890823704, 19.506680653798359 ], [ -154.811468838557886, 19.505525978409938 ], [ -154.812049747416779, 19.504543645857591 ], [ -154.812110064142075, 19.503652283668359 ], [ -154.812088918855892, 19.502332600330501 ], [ -154.812992127168371, 19.501773597477502 ], [ -154.813924865839709, 19.501517264189047 ], [ -154.814734798825924, 19.500728341201576 ], [ -154.815293846667601, 19.501025844264998 ], [ -154.81590544338431, 19.501316900833867 ], [ -154.816900982678021, 19.502387017441325 ], [ -154.817283113572103, 19.501331891898921 ], [ -154.81840674344636, 19.500391949662887 ], [ -154.818883495440588, 19.499491985878347 ], [ -154.819476062123442, 19.499483239508201 ], [ -154.820813564288954, 19.499564645353914 ], [ -154.82052119235064, 19.497889655511862 ], [ -154.819104991690409, 19.497055806961033 ], [ -154.818041860687572, 19.49540789862592 ], [ -154.817714405798029, 19.495660303288645 ], [ -154.817430332654425, 19.495937490178338 ], [ -154.816408351838049, 19.495570888895507 ], [ -154.81519726394697, 19.496143131158622 ], [ -154.815440350120809, 19.49533710879507 ], [ -154.816334437508516, 19.494286175179518 ], [ -154.817213739552784, 19.492943205140222 ], [ -154.817838785924835, 19.492125936246342 ], [ -154.816572235220036, 19.490957351799963 ], [ -154.81732505773823, 19.488616963709156 ], [ -154.817927020039718, 19.487829805811 ], [ -154.81850724494879, 19.487021005285168 ], [ -154.820342711046976, 19.485110668311101 ], [ -154.820027365737644, 19.479733555617152 ], [ -154.82126529224044, 19.477395097072034 ], [ -154.821928641211031, 19.476839990395234 ], [ -154.822524146080781, 19.475715522694568 ], [ -154.823251821501174, 19.475106674696988 ], [ -154.824095863208356, 19.474283591326031 ], [ -154.824852561228994, 19.473650568867193 ], [ -154.826612597875027, 19.471630325945078 ], [ -154.828053968718365, 19.470737770035395 ], [ -154.829504133644264, 19.470240666149945 ], [ -154.829785284300158, 19.469966023939442 ], [ -154.830836771227837, 19.469676900969162 ], [ -154.831275310290579, 19.468847598526448 ], [ -154.832383241363829, 19.467920366732006 ], [ -154.832723183056942, 19.467068178820302 ], [ -154.83301816654776, 19.466252736978735 ], [ -154.833619958165059, 19.465465495891031 ], [ -154.834416156918081, 19.463960627789842 ], [ -154.835360645181339, 19.463039382803618 ], [ -154.836268675955239, 19.462279784789349 ], [ -154.836556715038455, 19.461734729581227 ], [ -154.83834140388916, 19.461507070284984 ], [ -154.838314910933235, 19.45986250914908 ], [ -154.838910375602012, 19.459364413339248 ], [ -154.839191490734294, 19.459089749820929 ], [ -154.840601968618671, 19.458701799730623 ], [ -154.840936457500334, 19.457776800891047 ], [ -154.841231823018148, 19.45779468437177 ], [ -154.84211034891112, 19.457250234911104 ], [ -154.842894417807713, 19.458092601042988 ], [ -154.843481821218518, 19.457647673499451 ], [ -154.843807857195628, 19.457031342418123 ], [ -154.844117592477431, 19.456507904899826 ], [ -154.844431914003593, 19.455127713886576 ], [ -154.846417457543311, 19.453465374665207 ], [ -154.847337538845494, 19.451726257690172 ], [ -154.847669392689738, 19.451448776788105 ], [ -154.848012954470619, 19.450799279455566 ], [ -154.849440002803249, 19.449604435552949 ], [ -154.849430329631133, 19.449043805187351 ], [ -154.850993219854644, 19.448507586698256 ], [ -154.853176379724175, 19.447063958236185 ], [ -154.854499969535112, 19.445772631088165 ], [ -154.854954172889308, 19.445392773434978 ], [ -154.856484314378434, 19.443710615264632 ], [ -154.857155940523398, 19.44314839127426 ], [ -154.857577518083332, 19.442736600420893 ], [ -154.858650974560419, 19.441837692665242 ], [ -154.859625809514029, 19.440478625936954 ], [ -154.860508118721867, 19.44010826987488 ], [ -154.860502991654215, 19.439827548854819 ], [ -154.862221129560027, 19.439556868504113 ], [ -154.863107283914331, 19.4388150885041 ], [ -154.863388323177134, 19.438540372798567 ], [ -154.863691094593833, 19.438287290514243 ], [ -154.863978991615937, 19.43774216576384 ], [ -154.864588365673939, 19.436711337922556 ], [ -154.864582806833141, 19.43640339100866 ], [ -154.865465649088037, 19.436032753114187 ], [ -154.865455103315782, 19.435394148624571 ], [ -154.867337619014933, 19.435097568211688 ], [ -154.868639632797567, 19.434341721424534 ], [ -154.86913997276605, 19.433853216031803 ], [ -154.870338033332757, 19.433286282891096 ], [ -154.870892549652638, 19.433319793169183 ], [ -154.872073772923699, 19.432823539759536 ], [ -154.872403317765475, 19.43250208593334 ], [ -154.873522363301788, 19.432569583596838 ], [ -154.873954719065694, 19.432147419457582 ], [ -154.874408842365511, 19.43176749714792 ], [ -154.874689851505394, 19.431492757973235 ], [ -154.875810241345903, 19.431022306494082 ], [ -154.876445120032002, 19.430190436444448 ], [ -154.877028436554696, 19.428577393311905 ], [ -154.877633096008566, 19.428323485548816 ], [ -154.878133693184282, 19.426522274459579 ], [ -154.878542844212205, 19.426179627770939 ], [ -154.87912308738143, 19.425370280996049 ], [ -154.880100828629821, 19.425429233393654 ], [ -154.882841393369802, 19.424875320509823 ], [ -154.883727950624717, 19.42413289111801 ], [ -154.884538298835082, 19.423341957529114 ], [ -154.884883216699876, 19.42333684013909 ], [ -154.885419360747136, 19.423369090968929 ], [ -154.886055890598556, 19.422291742755146 ], [ -154.886399814511918, 19.420779172555093 ], [ -154.887471635299903, 19.4183416622331 ], [ -154.887875623714393, 19.418003362546891 ], [ -154.887870978906449, 19.417723438142811 ], [ -154.888180526945717, 19.417198299214427 ], [ -154.888175888005833, 19.416918110629489 ], [ -154.888772047436959, 19.416667662036321 ], [ -154.888253287250762, 19.416189270672934 ], [ -154.889642384867955, 19.41532766413949 ], [ -154.891091933219542, 19.414829938227641 ], [ -154.892242094214367, 19.414033443400083 ], [ -154.892801567217276, 19.414067252902264 ], [ -154.893920501629225, 19.413537439898228 ], [ -154.896019279522619, 19.413268658589324 ], [ -154.896582995943533, 19.412202819064269 ], [ -154.897158779067496, 19.411720409565611 ], [ -154.897439715481482, 19.411445621241576 ], [ -154.89831919767775, 19.410934933073943 ], [ -154.899483476267193, 19.410128395928602 ], [ -154.900313775288538, 19.410178607321967 ], [ -154.901467052191151, 19.409632340139705 ], [ -154.903211854889236, 19.409151478432179 ], [ -154.903492777680583, 19.408876677980121 ], [ -154.90408044265908, 19.408629941801593 ], [ -154.90574969532949, 19.407474077706787 ], [ -154.907531999796362, 19.407073549385352 ], [ -154.907886249315283, 19.407095016284824 ], [ -154.909066939322059, 19.405941834441499 ], [ -154.911651535029932, 19.404439518305466 ], [ -154.912199031016002, 19.403905149846917 ], [ -154.913830253000981, 19.403219206265391 ], [ -154.914204575249983, 19.402905531144366 ], [ -154.914689230842953, 19.401988180157009 ], [ -154.915666035024088, 19.40103381350912 ], [ -154.916351602611684, 19.400745634097383 ], [ -154.918451448603321, 19.39833176557115 ], [ -154.920835986314273, 19.397674047089875 ], [ -154.921186390599445, 19.397380426229162 ], [ -154.922187095459861, 19.396403033398908 ], [ -154.923202141168417, 19.395921931718338 ], [ -154.924084106433867, 19.395551193647062 ], [ -154.924076871764441, 19.39512666301577 ], [ -154.926506245601587, 19.394701074950067 ], [ -154.927732542353908, 19.395352197291022 ], [ -154.929439447453944, 19.394417285854189 ], [ -154.930423370694143, 19.393127127351075 ], [ -154.930412673883296, 19.39250539300372 ], [ -154.931023354082043, 19.390815784136414 ], [ -154.931663543925964, 19.38973009504225 ], [ -154.931646737729494, 19.388726922917972 ], [ -154.931955920678433, 19.388141157226087 ], [ -154.932556934621488, 19.387353441604709 ], [ -154.932851225080981, 19.386537713862104 ], [ -154.93370415795215, 19.385092123681719 ], [ -154.934152719938453, 19.383849924770317 ], [ -154.936163929008131, 19.382517973969421 ], [ -154.93707769236633, 19.381625459448745 ], [ -154.93898354017, 19.38072209279828 ], [ -154.93957106451623, 19.380475212663818 ], [ -154.940554445148479, 19.379513943079868 ], [ -154.941612826729568, 19.378626744789134 ], [ -154.943107830636421, 19.376907143301171 ], [ -154.944343545411471, 19.376188508447104 ], [ -154.945102014236824, 19.375447056663774 ], [ -154.946272839874212, 19.374671994102815 ], [ -154.94655363239508, 19.374397102127823 ], [ -154.947857493630323, 19.373533830197907 ], [ -154.948588546189598, 19.372818965043066 ], [ -154.949344313509954, 19.37218524189727 ], [ -154.950046813169507, 19.371498535110998 ], [ -154.950802568903242, 19.370864803688278 ], [ -154.951922776687411, 19.369769885284729 ], [ -154.9531070170367, 19.369034966682765 ], [ -154.954697247044066, 19.368365625318777 ], [ -154.954978015011278, 19.368090715628458 ], [ -154.956053879959796, 19.367188470673824 ], [ -154.956453740713471, 19.366510587322431 ], [ -154.95684340395789, 19.365771962881848 ], [ -154.959083103828846, 19.364935482823473 ], [ -154.960227338031814, 19.363336844453645 ], [ -154.96052982835343, 19.363083545898043 ], [ -154.961079319091084, 19.362546382219467 ], [ -154.963684260472633, 19.36234184310349 ], [ -154.964017487543458, 19.362016022806362 ], [ -154.967273553283036, 19.362211162865634 ], [ -154.967960934947627, 19.361884998678029 ], [ -154.968548360741153, 19.361638004078568 ], [ -154.968829095838231, 19.361363066499095 ], [ -154.969996964079229, 19.360383219405595 ], [ -154.970368852469875, 19.357670728548872 ], [ -154.97151337311837, 19.356551880382764 ], [ -154.972088752856365, 19.356069154830852 ], [ -154.972490576102786, 19.355307496263617 ], [ -154.973568044060073, 19.354853853924332 ], [ -154.973561119987096, 19.354433274917955 ], [ -154.973870240894428, 19.353908707453954 ], [ -154.974475760081646, 19.35201737909798 ], [ -154.97478485278009, 19.351493600949695 ], [ -154.975354856933308, 19.350412472782637 ], [ -154.976224428348274, 19.350464480584044 ], [ -154.975958053741891, 19.350156017275783 ], [ -154.975424995789581, 19.349665131800222 ], [ -154.975401347597739, 19.348292871060586 ], [ -154.975855469202259, 19.347848667395365 ], [ -154.976309132068224, 19.347468401334755 ], [ -154.976589827394093, 19.347193444698735 ], [ -154.977177188457347, 19.346946410013224 ], [ -154.977457881518887, 19.346671451598873 ], [ -154.977760314841674, 19.346418113600986 ], [ -154.978393551089312, 19.34579896217755 ], [ -154.980357807822458, 19.345122547551707 ], [ -154.981457464161025, 19.344600627930959 ], [ -154.983511855627484, 19.344380420268838 ], [ -154.983792534717708, 19.344105449291998 ], [ -154.986102661387974, 19.343355209532437 ], [ -154.987210152739692, 19.341807052142524 ], [ -154.988424120303932, 19.341231053234662 ], [ -154.989011447888316, 19.340983973063846 ], [ -154.989511151303446, 19.340495014253342 ], [ -154.991306386897321, 19.339941581193056 ], [ -154.993033380612871, 19.339719590288301 ], [ -154.994466925327686, 19.338928781684118 ], [ -154.995915596382901, 19.338430033597312 ], [ -154.99619680914634, 19.338154785860816 ], [ -154.996756110938463, 19.338188231437368 ], [ -154.997342517228304, 19.337909653389993 ], [ -154.999457607828475, 19.337480496686037 ], [ -155.001663009610951, 19.336110154204619 ], [ -155.00195767117367, 19.336127726565522 ], [ -155.003684611625943, 19.335175208300662 ], [ -155.005861088090057, 19.334830029982353 ], [ -155.007994152115174, 19.33409514314463 ], [ -155.009032271368312, 19.333602334583034 ], [ -155.010281582533537, 19.333582685122622 ], [ -155.011349591021656, 19.333646260575257 ], [ -155.012827006293236, 19.333313155484028 ], [ -155.015112024004281, 19.333449345842066 ], [ -155.016265138237145, 19.331751324463255 ], [ -155.016366494966604, 19.330214206745897 ], [ -155.016341587089073, 19.32878663775135 ], [ -155.019511238728569, 19.328142718546644 ], [ -155.020399289758842, 19.327590792282031 ], [ -155.020924663540569, 19.32762209526495 ], [ -155.021555787664738, 19.327356295373789 ], [ -155.022121286372141, 19.327087473558159 ], [ -155.022708529612999, 19.326840265917799 ], [ -155.022989681717064, 19.32656496482214 ], [ -155.024656976801879, 19.32666427157632 ], [ -155.024990017701271, 19.326338303616005 ], [ -155.02544352105204, 19.325957883003099 ], [ -155.02586438981217, 19.325545565215872 ], [ -155.026166718568987, 19.325292125753663 ], [ -155.026447299886883, 19.32501706974492 ], [ -155.026749626794526, 19.324763628967276 ], [ -155.027030206229, 19.324488571710809 ], [ -155.027617435083727, 19.324241345166474 ], [ -155.027898012255463, 19.323966286139143 ], [ -155.029624852187425, 19.323743907908106 ], [ -155.03019032893971, 19.323475056310404 ], [ -155.032576790865676, 19.323096310404505 ], [ -155.033545507721328, 19.322636445394739 ], [ -155.03593195794997, 19.322257651826551 ], [ -155.037109722948514, 19.32144026720545 ], [ -155.038494584730898, 19.321522458391666 ], [ -155.038984394332175, 19.321043156900423 ], [ -155.040240322842493, 19.320446527774259 ], [ -155.040827524443245, 19.320199252323075 ], [ -155.04139297626304, 19.319930360333252 ], [ -155.041980174849954, 19.319683080508938 ], [ -155.043128464543912, 19.318885621567826 ], [ -155.044000557325973, 19.318644523219078 ], [ -155.044287617991728, 19.318098960336687 ], [ -155.045159705741298, 19.31785785536356 ], [ -155.045725144251037, 19.317588947145047 ], [ -155.049161319089052, 19.317403468498256 ], [ -155.050789052301127, 19.316900972755612 ], [ -155.05168016943162, 19.31688672817749 ], [ -155.053304686753108, 19.317467129497494 ], [ -155.054268690849852, 19.317524484332264 ], [ -155.054854954806785, 19.31724568952545 ], [ -155.055442131167808, 19.3169983608331 ], [ -155.055722655218034, 19.316723248186381 ], [ -155.056024928525773, 19.316469747770984 ], [ -155.056305450693401, 19.316194633879643 ], [ -155.056607722152592, 19.315941132152027 ], [ -155.056888242437651, 19.315666017016149 ], [ -155.057190512048379, 19.315412513976394 ], [ -155.057477525071391, 19.314866921340943 ], [ -155.057779792244474, 19.314613416882782 ], [ -155.058656071918023, 19.313268721053841 ], [ -155.063231774976316, 19.313107607856509 ], [ -155.064082073537122, 19.312844790249738 ], [ -155.066663502710611, 19.312640492743267 ], [ -155.068131109450206, 19.312381731359157 ], [ -155.069457581624931, 19.312460301737772 ], [ -155.070084347296756, 19.3121625036589 ], [ -155.070956387957267, 19.311921262463581 ], [ -155.071377119735928, 19.311508812120334 ], [ -155.07207252375963, 19.310924687351768 ], [ -155.073090206571095, 19.309667781611232 ], [ -155.073876494829904, 19.309007379893018 ], [ -155.074156977161493, 19.308732230741086 ], [ -155.074459210759414, 19.308478691870629 ], [ -155.07473969120926, 19.308203541476178 ], [ -155.075193044802944, 19.307822966810399 ], [ -155.075832648606394, 19.307196393642155 ], [ -155.076481350602165, 19.306887941068759 ], [ -155.07706846776037, 19.306640529994215 ], [ -155.077633830954909, 19.306371506173708 ], [ -155.079308355168308, 19.305907786471177 ], [ -155.079658305743635, 19.305613771445103 ], [ -155.080236569603045, 19.304803770237228 ], [ -155.080823675371505, 19.304556344683082 ], [ -155.081307082355551, 19.303638322378895 ], [ -155.083632156651248, 19.301361303960032 ], [ -155.085200122424652, 19.300320417735037 ], [ -155.085620789289521, 19.299907922497972 ], [ -155.086074096191567, 19.299527311968866 ], [ -155.086862384201339, 19.298755353918065 ], [ -155.08752426130863, 19.298475942817571 ], [ -155.088102459108228, 19.297665904872396 ], [ -155.090684244619581, 19.297460966503618 ], [ -155.090674516393847, 19.296933778071672 ], [ -155.091585376293381, 19.296366863002973 ], [ -155.092692736891678, 19.296432354916824 ], [ -155.092983990430042, 19.296146827719994 ], [ -155.094995440095119, 19.295929864926343 ], [ -155.095560744331408, 19.295660773484244 ], [ -155.097002434152415, 19.295431585037935 ], [ -155.097871874802593, 19.294357113490797 ], [ -155.098743800619616, 19.294115714857611 ], [ -155.099024218310547, 19.293840515217422 ], [ -155.099611265015369, 19.293593016927279 ], [ -155.100176555656958, 19.293323908350814 ], [ -155.101048474433298, 19.293082497093895 ], [ -155.102196337655414, 19.292284579924353 ], [ -155.102783375530493, 19.2920370695531 ], [ -155.103397174457342, 19.29143545702258 ], [ -155.105096347170246, 19.290181509728175 ], [ -155.107516941826617, 19.28883326163016 ], [ -155.108539310652475, 19.287831493738189 ], [ -155.110020443734356, 19.287320241947285 ], [ -155.111742110699652, 19.286123519394984 ], [ -155.112697416179259, 19.285719962182714 ], [ -155.113485522233844, 19.284947854353376 ], [ -155.113938729826458, 19.284567155371761 ], [ -155.1143592891803, 19.284154573428903 ], [ -155.114661420874455, 19.283900948421365 ], [ -155.115239435997665, 19.283090790835065 ], [ -155.115541564336752, 19.282837163765095 ], [ -155.1161195708913, 19.28202700190063 ], [ -155.117153552634505, 19.281590468743381 ], [ -155.117865151163585, 19.28099219557798 ], [ -155.119113626702728, 19.279768664627198 ], [ -155.119886572710357, 19.279400825636149 ], [ -155.120873866815572, 19.278983888958692 ], [ -155.122074398382182, 19.277974445199842 ], [ -155.123017981669705, 19.277049655467113 ], [ -155.123949193814525, 19.276791403323951 ], [ -155.124448333611156, 19.276301965401245 ], [ -155.127171816793151, 19.275006609746889 ], [ -155.128557793713696, 19.274724151782397 ], [ -155.128995374826872, 19.274295236825257 ], [ -155.130858656136638, 19.273408930380594 ], [ -155.131147703640693, 19.273425893880532 ], [ -155.131575359558695, 19.27341883698438 ], [ -155.132144553718007, 19.273452572642782 ], [ -155.13271476641836, 19.27344298399893 ], [ -155.133568565582493, 19.273493317410647 ], [ -155.135081509606493, 19.273468539412352 ], [ -155.13620033685865, 19.274061254570221 ], [ -155.136621682614731, 19.27408603202532 ], [ -155.140991855154738, 19.273894372575597 ], [ -155.143427328289249, 19.272603228710647 ], [ -155.146492706193072, 19.270106408375767 ], [ -155.148366336807584, 19.269724398081209 ], [ -155.149244229554114, 19.268863601410693 ], [ -155.151186405700798, 19.267429776784937 ], [ -155.153717068463351, 19.266726953102925 ], [ -155.154632519744382, 19.265829120002337 ], [ -155.156420033940066, 19.265175616943147 ], [ -155.160474726704535, 19.26566319492877 ], [ -155.160968634618996, 19.265655079995515 ], [ -155.162082019034699, 19.265720247319432 ], [ -155.162414688102359, 19.265393956645017 ], [ -155.163680376098796, 19.265468129801508 ], [ -155.164860861793812, 19.265448527683422 ], [ -155.16886389781115, 19.266197290147687 ], [ -155.170089142000478, 19.26585720178943 ], [ -155.170945396501821, 19.265323296983389 ], [ -155.171825710831087, 19.264951380973436 ], [ -155.172673365479739, 19.264547587680102 ], [ -155.173829933164569, 19.264311752869801 ], [ -155.174768463886522, 19.264021124741738 ], [ -155.175828492434732, 19.264083238917365 ], [ -155.177479525852704, 19.263791130217669 ], [ -155.179709649298445, 19.263921852453421 ], [ -155.180959154217987, 19.263638489320464 ], [ -155.184161012153766, 19.263414692539033 ], [ -155.184761904732966, 19.262825158913419 ], [ -155.186995777898716, 19.26188066839406 ], [ -155.187851969378158, 19.261346670943027 ], [ -155.188911044228433, 19.260728359735602 ], [ -155.189626090258002, 19.259510021562857 ], [ -155.190524475491401, 19.257800454522901 ], [ -155.192263315389141, 19.25671657576035 ], [ -155.193441352001855, 19.258535785359051 ], [ -155.195190340070752, 19.258506416755868 ], [ -155.196700611169263, 19.258594699781696 ], [ -155.198883124316012, 19.257555672845168 ], [ -155.200200017750149, 19.257533384164859 ], [ -155.204003212836426, 19.257755987673352 ], [ -155.205049083265465, 19.257103727584347 ], [ -155.205635893457384, 19.256855836368889 ], [ -155.206508340419532, 19.255999350800142 ], [ -155.207927375055988, 19.256351540942354 ], [ -155.20876432284183, 19.256650142806652 ], [ -155.210278720648517, 19.257140152182227 ], [ -155.211035817597718, 19.25749867285203 ], [ -155.21186655841683, 19.258067789817527 ], [ -155.213011117594192, 19.258351609243601 ], [ -155.213564341713834, 19.258644572974902 ], [ -155.21466743344692, 19.258625941431635 ], [ -155.215926198204585, 19.259487522147595 ], [ -155.216402028721745, 19.259515353874793 ], [ -155.218874941588552, 19.25915899522947 ], [ -155.21991749062812, 19.260275104067407 ], [ -155.222535739569793, 19.26098478110826 ], [ -155.223791941467539, 19.2604800147482 ], [ -155.224262866976943, 19.260017947705801 ], [ -155.226586828079718, 19.260769853784122 ], [ -155.228028943575566, 19.261650216733482 ], [ -155.229549852767235, 19.261958629204599 ], [ -155.231143875087781, 19.262526512621687 ], [ -155.232869895398863, 19.262824066382748 ], [ -155.232825970930151, 19.263503250195708 ], [ -155.232833379859727, 19.263909395329136 ], [ -155.232762844250203, 19.264997458354799 ], [ -155.233344771588747, 19.264987525396077 ], [ -155.233937397275355, 19.265532086343701 ], [ -155.233884738092172, 19.266349857682481 ], [ -155.234908176994367, 19.266409555892725 ], [ -155.235736804728901, 19.266395452016603 ], [ -155.239139308800475, 19.266776144956001 ], [ -155.240154632565094, 19.267313536897909 ], [ -155.240729579619853, 19.267585466795445 ], [ -155.241941979749356, 19.268415281253237 ], [ -155.242649675344097, 19.268456543936239 ], [ -155.244464819044055, 19.268194681246985 ], [ -155.245138049059136, 19.268233903588285 ], [ -155.247275389301109, 19.268001369721215 ], [ -155.247556110807324, 19.267725637526691 ], [ -155.247845751951218, 19.267742427545137 ], [ -155.248314644124946, 19.26773461824779 ], [ -155.249839560138156, 19.268043485513029 ], [ -155.250391793505116, 19.268336066721009 ], [ -155.251457465220142, 19.268840603061214 ], [ -155.252442474081448, 19.269514230592282 ], [ -155.255079825810611, 19.270672428720111 ], [ -155.256052786642584, 19.270065675426814 ], [ -155.256924487573229, 19.269823456435365 ], [ -155.258013458955844, 19.26930444597998 ], [ -155.258918939026245, 19.269853766183019 ], [ -155.259186310878249, 19.270140485978622 ], [ -155.259621470139706, 19.270539809333336 ], [ -155.260270918480046, 19.271234807447087 ], [ -155.262760908925259, 19.27084543654043 ], [ -155.263330709943915, 19.270365720675187 ], [ -155.263890980053844, 19.269815232637285 ], [ -155.265228222023438, 19.269443199100746 ], [ -155.265978074035729, 19.268706795560767 ], [ -155.26950252492594, 19.268186226866625 ], [ -155.270352429392119, 19.267922347433682 ], [ -155.272078774258148, 19.267697507498802 ], [ -155.272358898224724, 19.267421982834847 ], [ -155.272945687191196, 19.267173864082267 ], [ -155.274445965969932, 19.266237572713617 ], [ -155.275495478150845, 19.265737465049344 ], [ -155.278287019116391, 19.26673090201708 ], [ -155.279516468331252, 19.266495858771453 ], [ -155.279796579520337, 19.266220320211929 ], [ -155.283659419305138, 19.265799136162311 ], [ -155.285517598586978, 19.265281588562363 ], [ -155.286433382299066, 19.263995744157189 ], [ -155.288663152760023, 19.263488888284751 ], [ -155.290552684327054, 19.263456175576533 ], [ -155.29191142134502, 19.26353505132931 ], [ -155.293343114585184, 19.263241632194738 ], [ -155.297084100908478, 19.260636132130834 ], [ -155.297599217887182, 19.260627279028121 ], [ -155.29810457146462, 19.260656554902983 ], [ -155.300734301507561, 19.259118547928736 ], [ -155.301071764559197, 19.258542789996199 ], [ -155.301681228502844, 19.257380958397281 ], [ -155.302980555456486, 19.25628568918987 ], [ -155.303400636082529, 19.255872576692159 ], [ -155.304650579336169, 19.254818850670834 ], [ -155.306052490795167, 19.252969629200024 ], [ -155.306840971887169, 19.251467226012124 ], [ -155.308342146748657, 19.249607296830607 ], [ -155.310615336959671, 19.247374099012433 ], [ -155.312628567079429, 19.245935238334607 ], [ -155.314997566455901, 19.243195845189128 ], [ -155.316675168994806, 19.242026657352156 ], [ -155.318085620195575, 19.241354048325235 ], [ -155.319851751883334, 19.240805425423101 ], [ -155.321901104052387, 19.24038540021769 ], [ -155.322307426373555, 19.239986228243509 ], [ -155.324028586842303, 19.239256640357468 ], [ -155.325441253340671, 19.238582424794163 ], [ -155.326321202740644, 19.238209678715364 ], [ -155.326886046348221, 19.2379397698456 ], [ -155.32747267193372, 19.23769144375429 ], [ -155.328721240449482, 19.236911602311704 ], [ -155.329194535719495, 19.236903394768131 ], [ -155.329483599084881, 19.236920036259974 ], [ -155.330049553071831, 19.236649874090574 ], [ -155.33122392323088, 19.236152161656435 ], [ -155.331212476003884, 19.2355907347977 ], [ -155.333017970242679, 19.235220396027014 ], [ -155.334102517698881, 19.234305579058702 ], [ -155.334663007997136, 19.233754558897768 ], [ -155.335265962165806, 19.233246153600298 ], [ -155.335623426097555, 19.232563647284273 ], [ -155.33677269652793, 19.231890922905961 ], [ -155.337291062002606, 19.231381343140917 ], [ -155.338440653058086, 19.23089418143039 ], [ -155.338476601821867, 19.230327620347868 ], [ -155.338456114819905, 19.229269308041044 ], [ -155.339622916937657, 19.227729335574882 ], [ -155.339950703920692, 19.22710358485746 ], [ -155.340601458256145, 19.226244799145054 ], [ -155.34113205197292, 19.225232401841424 ], [ -155.342446756091476, 19.224123334735207 ], [ -155.342911914234037, 19.222571680116584 ], [ -155.34328173562244, 19.220348532489357 ], [ -155.343859563112517, 19.218734359525214 ], [ -155.344873610350447, 19.217878843601344 ], [ -155.34529348777798, 19.21746559966294 ], [ -155.34588159647339, 19.216969801668458 ], [ -155.346310411879927, 19.214718475027116 ], [ -155.346789440094966, 19.214247193337965 ], [ -155.347319686108108, 19.213800194611853 ], [ -155.348759536487904, 19.212134203098866 ], [ -155.35090646188695, 19.21178895816487 ], [ -155.35280395921464, 19.210187826587401 ], [ -155.35325831709423, 19.209320039573612 ], [ -155.354040311229681, 19.208988528434155 ], [ -155.354616956270831, 19.208177363240726 ], [ -155.356255649818138, 19.207305653418356 ], [ -155.358131123069171, 19.205461869463971 ], [ -155.35953031555141, 19.205026821689081 ], [ -155.360686401125292, 19.204789685701495 ], [ -155.361251083222726, 19.204519641573206 ], [ -155.36183754892923, 19.204271176204649 ], [ -155.362402227857871, 19.204001127905023 ], [ -155.363709137851544, 19.203636643005044 ], [ -155.364227902826684, 19.203126175547105 ], [ -155.3655648684298, 19.202710459876439 ], [ -155.366436129269346, 19.202467630252105 ], [ -155.367000796535478, 19.202197565448373 ], [ -155.367587248035989, 19.20194907879689 ], [ -155.368717125071072, 19.20140921406157 ], [ -155.37018269485435, 19.200787437829131 ], [ -155.371070721627035, 19.200363306448551 ], [ -155.372701438096328, 19.200456943456011 ], [ -155.374049400543299, 19.199614448359529 ], [ -155.374759712038184, 19.199655210209283 ], [ -155.375847855552678, 19.199316699074352 ], [ -155.379404408393526, 19.198683072744412 ], [ -155.380333015480431, 19.198666269124946 ], [ -155.38090214922687, 19.198699193626229 ], [ -155.382184827392678, 19.198676159292464 ], [ -155.384605901007887, 19.198815171285467 ], [ -155.38560213796174, 19.198505184637053 ], [ -155.387046159819249, 19.198102249215509 ], [ -155.38966770664328, 19.197114234031357 ], [ -155.391648036013635, 19.195646692659665 ], [ -155.392234439610064, 19.195398116894633 ], [ -155.392799052755123, 19.195127961351446 ], [ -155.394187556660938, 19.194538555029084 ], [ -155.395315207085616, 19.192385089885768 ], [ -155.396442126595815, 19.190799967327312 ], [ -155.397183101843098, 19.19007090218917 ], [ -155.398310929725824, 19.189592382931128 ], [ -155.398641537503863, 19.189027339761964 ], [ -155.398927218268341, 19.188480975178525 ], [ -155.399228795686099, 19.188226773592898 ], [ -155.399508582994997, 19.187950994547339 ], [ -155.400094949855202, 19.18770238702297 ], [ -155.401428208478734, 19.187065035731258 ], [ -155.403794222773001, 19.187504587552958 ], [ -155.404652637791003, 19.187489180914621 ], [ -155.406040427102965, 19.187568484666787 ], [ -155.406646037686045, 19.187278991757179 ], [ -155.407232395343129, 19.187030359193088 ], [ -155.407512169093792, 19.186754565369437 ], [ -155.408389190615679, 19.186240921913601 ], [ -155.409814744261922, 19.185349146426351 ], [ -155.411266459325589, 19.184943765201645 ], [ -155.412124486562391, 19.184406993657053 ], [ -155.413992562967337, 19.184816835269874 ], [ -155.414913681652877, 19.184038864025322 ], [ -155.415288707596176, 19.183398249057689 ], [ -155.415574324839071, 19.182851847676492 ], [ -155.416172378859557, 19.182061997336326 ], [ -155.416457990320509, 19.181515593663452 ], [ -155.418206887787846, 19.180206817081515 ], [ -155.419218937199417, 19.179210379900887 ], [ -155.42081091466099, 19.178362728093507 ], [ -155.422446740297374, 19.177339320848908 ], [ -155.42323522868449, 19.177004424628294 ], [ -155.424275865726912, 19.175712686436569 ], [ -155.42572424442352, 19.174091031457749 ], [ -155.426706529247042, 19.170989353318546 ], [ -155.427606326590336, 19.169723129044996 ], [ -155.428419608923633, 19.169036287904145 ], [ -155.429700991232835, 19.167232358976861 ], [ -155.431827043617119, 19.166329154729596 ], [ -155.432939484249914, 19.164202817977269 ], [ -155.434858848317333, 19.1631800226053 ], [ -155.436142384329145, 19.161916967989246 ], [ -155.437388990996936, 19.161387067861973 ], [ -155.437956852747448, 19.160828118623531 ], [ -155.438887176841718, 19.160568064887027 ], [ -155.43955621468541, 19.159909291770052 ], [ -155.441165356669018, 19.158715695134529 ], [ -155.442749864583078, 19.157657753137663 ], [ -155.444081872796176, 19.156075680933952 ], [ -155.444373145400249, 19.155258609015572 ], [ -155.444680401751839, 19.154733709263894 ], [ -155.445268023202146, 19.153380948091193 ], [ -155.44557527243029, 19.152856045733223 ], [ -155.445988348056403, 19.15206617886065 ], [ -155.448039363734097, 19.151796043490538 ], [ -155.448602102899315, 19.150719844175075 ], [ -155.45046970000493, 19.148881320833642 ], [ -155.45394939215754, 19.147051713127897 ], [ -155.45489865126288, 19.146786376962954 ], [ -155.456840725855272, 19.145857327571019 ], [ -155.458625158068457, 19.145301151059158 ], [ -155.460846021392399, 19.144758921009483 ], [ -155.462729354566278, 19.143712344178358 ], [ -155.464844105673706, 19.144283937876022 ], [ -155.465456439644726, 19.144607159921549 ], [ -155.466826170481113, 19.144581972073563 ], [ -155.468459323974088, 19.144674993513476 ], [ -155.470279001778891, 19.14410800558397 ], [ -155.471093079580868, 19.144154322244148 ], [ -155.471678213202949, 19.143873962176976 ], [ -155.472264344493709, 19.143625079798046 ], [ -155.472828678800141, 19.143354626502518 ], [ -155.473707876208408, 19.142981031461783 ], [ -155.474554365511466, 19.142575607237578 ], [ -155.475546680482978, 19.142298027617965 ], [ -155.4776265137981, 19.141189221693004 ], [ -155.479161872521502, 19.140227518165148 ], [ -155.480032717104535, 19.139984066088008 ], [ -155.480881763482785, 19.139719041564149 ], [ -155.482247353711955, 19.139337007064146 ], [ -155.483546299244097, 19.138056914913054 ], [ -155.484913925418255, 19.137630481060125 ], [ -155.487777875331489, 19.137425125700286 ], [ -155.489636426668568, 19.137092378968749 ], [ -155.490913447535036, 19.137766099806512 ], [ -155.492230280638438, 19.137741552818436 ], [ -155.492891852531585, 19.138053730467291 ], [ -155.494009558821659, 19.138816923086686 ], [ -155.495158612202687, 19.138097004296423 ], [ -155.496014173178907, 19.137733150524284 ], [ -155.496041073292673, 19.137302458548628 ], [ -155.495745749668856, 19.136744796688635 ], [ -155.496348462135757, 19.13623520062956 ], [ -155.496907955928407, 19.135163761031187 ], [ -155.497499043464785, 19.135705117940635 ], [ -155.497871223789303, 19.136496369885901 ], [ -155.498904788876501, 19.136554939380137 ], [ -155.499184895846525, 19.136278712356422 ], [ -155.499519668903929, 19.135995595199233 ], [ -155.499497856141858, 19.134919939151093 ], [ -155.501175991454005, 19.13501536522292 ], [ -155.501357238129998, 19.134836394045308 ], [ -155.501774570306196, 19.134991074980054 ], [ -155.502075914852981, 19.134973812797476 ], [ -155.503275273329706, 19.136351874352215 ], [ -155.504313687356529, 19.1358373239032 ], [ -155.504680215737096, 19.134944340318022 ], [ -155.504625964007857, 19.134086443105449 ], [ -155.504668994270332, 19.13368116985631 ], [ -155.504650937800477, 19.133402695483849 ], [ -155.504991958137992, 19.132848692474621 ], [ -155.504910089656335, 19.131558532294925 ], [ -155.505985109745694, 19.131496758999898 ], [ -155.507044458077644, 19.131598070250821 ], [ -155.507841653071779, 19.130753450929422 ], [ -155.508152783515357, 19.130508729208763 ], [ -155.508572141397792, 19.130064603224525 ], [ -155.51186038322777, 19.129280770200833 ], [ -155.511604060517186, 19.128929824206949 ], [ -155.51070073570682, 19.128525876345741 ], [ -155.510792363269957, 19.127660435860832 ], [ -155.510446566096476, 19.126881866656909 ], [ -155.509337072820983, 19.125330273043005 ], [ -155.50941821654726, 19.12456668691722 ], [ -155.509400550820715, 19.124295622043576 ], [ -155.509429596275112, 19.124025444443237 ], [ -155.509382750313591, 19.123290095581659 ], [ -155.509715036497596, 19.122937901892932 ], [ -155.510347323800204, 19.122684203115913 ], [ -155.509565045425887, 19.121287146642317 ], [ -155.510045255536653, 19.120778337182387 ], [ -155.511945041645077, 19.120273734958175 ], [ -155.511362764316857, 19.119233169988931 ], [ -155.512225500579177, 19.119183711016031 ], [ -155.512842308105178, 19.119242474677659 ], [ -155.514426639946493, 19.118606010589627 ], [ -155.514962851419995, 19.118184436528079 ], [ -155.515507729844757, 19.116580692492132 ], [ -155.515856714773577, 19.11630626531834 ], [ -155.516132062930495, 19.115749928533393 ], [ -155.516989533917183, 19.115075336202217 ], [ -155.51738080811316, 19.113924473611547 ], [ -155.518760483307489, 19.113653961967607 ], [ -155.520223960270272, 19.11310054532796 ], [ -155.5213226351988, 19.113205411374057 ], [ -155.52323463287388, 19.11309563611362 ], [ -155.524900245883032, 19.114020756275909 ], [ -155.525338150268027, 19.112419704294087 ], [ -155.525275068521239, 19.111419654896658 ], [ -155.526769171347325, 19.111022747804601 ], [ -155.52650847049361, 19.110800760517865 ], [ -155.525960998785479, 19.110832190993861 ], [ -155.527684324588961, 19.108117218184507 ], [ -155.528291384873057, 19.107336571412034 ], [ -155.529397976437338, 19.105729351667321 ], [ -155.531351477899364, 19.105066366390076 ], [ -155.53220608842912, 19.102550423352234 ], [ -155.532795858844338, 19.102516594840072 ], [ -155.533232202221512, 19.102558132204742 ], [ -155.533537679771428, 19.101939929251156 ], [ -155.534111116925487, 19.101488845367022 ], [ -155.534092630344048, 19.101201633926721 ], [ -155.534454204284799, 19.100613832775732 ], [ -155.534357436061129, 19.099092031276349 ], [ -155.535766121494646, 19.097983270239418 ], [ -155.536211623861959, 19.096276292492405 ], [ -155.537070844132273, 19.095028149205604 ], [ -155.537381863829182, 19.094783359760761 ], [ -155.537840584757134, 19.093856047428758 ], [ -155.538833398797948, 19.093456986105021 ], [ -155.53910299298974, 19.093171226310524 ], [ -155.539414006331668, 19.092926432364386 ], [ -155.539724670561554, 19.091735903193864 ], [ -155.540714230327666, 19.090957630445324 ], [ -155.54146861159947, 19.089986949172619 ], [ -155.541755073621971, 19.088889289077137 ], [ -155.542071700062621, 19.088373856973099 ], [ -155.542557218854967, 19.085699662260033 ], [ -155.544396837209462, 19.085418255902976 ], [ -155.544684934011713, 19.085445608376542 ], [ -155.546312636709644, 19.085351888978632 ], [ -155.546661396303307, 19.08575264187856 ], [ -155.547391010411985, 19.086374696583874 ], [ -155.546420668878085, 19.087623200636376 ], [ -155.548660562336494, 19.087325203429646 ], [ -155.548583746389454, 19.086121566118649 ], [ -155.549390489939753, 19.085116924239387 ], [ -155.549823013131771, 19.084992305465857 ], [ -155.549822510273287, 19.084265477616214 ], [ -155.550984097731885, 19.083931104934422 ], [ -155.551570986445086, 19.083657611106119 ], [ -155.551569666467429, 19.082057208476538 ], [ -155.551882939061585, 19.081782024715025 ], [ -155.552167752182811, 19.081511330822963 ], [ -155.552463464749849, 19.081251416217047 ], [ -155.553033091837591, 19.080709761139843 ], [ -155.5552842746485, 19.078732971053917 ], [ -155.554758075325225, 19.076021538875864 ], [ -155.553100324031874, 19.075475478056536 ], [ -155.553503228918885, 19.074093624102112 ], [ -155.553200934026279, 19.072872280224949 ], [ -155.552944699798815, 19.071763372892445 ], [ -155.5538153269639, 19.070998905671981 ], [ -155.553814868434017, 19.07040295102404 ], [ -155.553271603495972, 19.069350542541166 ], [ -155.553862969519486, 19.068830965550106 ], [ -155.55358119447672, 19.067693026642814 ], [ -155.552469644852295, 19.066636859926351 ], [ -155.552794584265598, 19.066064973103526 ], [ -155.552793644933615, 19.064739809009033 ], [ -155.552828234856122, 19.063928235372181 ], [ -155.552827355565228, 19.062868788956941 ], [ -155.553514573179115, 19.061343658039938 ], [ -155.552609917782007, 19.059589398485642 ], [ -155.552645071780546, 19.058750338058147 ], [ -155.553478985963295, 19.05728347136623 ], [ -155.552153023471902, 19.054713079362106 ], [ -155.551913269998551, 19.052808125186704 ], [ -155.551632584309772, 19.052263774208182 ], [ -155.55252147903397, 19.051067619140628 ], [ -155.553515962388815, 19.049685711068928 ], [ -155.553128393004044, 19.047237041296949 ], [ -155.553470468026461, 19.046344755814825 ], [ -155.553931153964641, 19.044690582982632 ], [ -155.554670357148353, 19.043389026436842 ], [ -155.554985558216998, 19.042800817430336 ], [ -155.556138020854007, 19.041250506738962 ], [ -155.557616947961151, 19.03829466658453 ], [ -155.55916619514187, 19.03605134523632 ], [ -155.559971741538192, 19.034548200413621 ], [ -155.561154544260773, 19.03268033882993 ], [ -155.562003998002069, 19.031095241848028 ], [ -155.562775534518636, 19.030417421837328 ], [ -155.563746465234431, 19.029493190253191 ], [ -155.564647444941102, 19.028954993007453 ], [ -155.56557160890091, 19.028384172180854 ], [ -155.567701117993835, 19.026356983832432 ], [ -155.568757603652813, 19.025893570384088 ], [ -155.57041114943766, 19.025542509694635 ], [ -155.573299792641365, 19.024490174948863 ], [ -155.573864929211481, 19.023435397208914 ], [ -155.574735122220744, 19.023053359205971 ], [ -155.575678222361745, 19.022613443215807 ], [ -155.577287267635256, 19.021081467218529 ], [ -155.578307794404282, 19.020633716577525 ], [ -155.579075796336269, 19.019200087150416 ], [ -155.57937134677465, 19.018940103957444 ], [ -155.579684915565082, 19.018641851322123 ], [ -155.579683424574341, 19.017316378884665 ], [ -155.579990336140582, 19.016514845620932 ], [ -155.580291602334427, 19.015432147843494 ], [ -155.581480219685346, 19.013832049564567 ], [ -155.58147931696513, 19.01299308532187 ], [ -155.582314932058978, 19.010125773551923 ], [ -155.582689996379912, 19.009796128957316 ], [ -155.5826897496963, 19.009522732385165 ], [ -155.582700841686858, 19.009252189603121 ], [ -155.582700625025922, 19.008963722640132 ], [ -155.583297821899805, 19.00791187200511 ], [ -155.583296607071219, 19.006829121283069 ], [ -155.584047569193416, 19.006168782182193 ], [ -155.58458946338007, 19.00467990178327 ], [ -155.585395500378922, 19.003595148672279 ], [ -155.586693857098766, 19.00302528950257 ], [ -155.58713904508744, 19.001424353932787 ], [ -155.588875226245023, 18.999898281184894 ], [ -155.589444152408817, 18.999356442370349 ], [ -155.590183164774146, 18.998706689913167 ], [ -155.591485968568577, 18.997466077139542 ], [ -155.591485219321157, 18.996957349108001 ], [ -155.592065787661227, 18.996702593240318 ], [ -155.592065521928816, 18.996429193968492 ], [ -155.592077543161679, 18.996139363758363 ], [ -155.593213792733621, 18.996182521419488 ], [ -155.593494243684546, 18.99615569768644 ], [ -155.592944731306574, 18.995090857861921 ], [ -155.59354984291204, 18.99455865885631 ], [ -155.593547821298699, 18.992678966509754 ], [ -155.593862825817581, 18.992401857720154 ], [ -155.593581792568983, 18.991857028499521 ], [ -155.593300435715406, 18.99065937720523 ], [ -155.593369648218641, 18.989007592416701 ], [ -155.593368977388081, 18.98833070314247 ], [ -155.593385856365643, 18.987924887975051 ], [ -155.593385509000683, 18.987518755394408 ], [ -155.593402387516079, 18.987112940177198 ], [ -155.593401738594338, 18.986571426606972 ], [ -155.5934189482237, 18.986162973392119 ], [ -155.593134010351122, 18.985892260993083 ], [ -155.592845200819738, 18.984323777203755 ], [ -155.593197766014839, 18.983702575181944 ], [ -155.593902843964145, 18.981164845481569 ], [ -155.593161716113883, 18.980080089658895 ], [ -155.593578311216476, 18.978319420366997 ], [ -155.593884887728507, 18.976966022495439 ], [ -155.59476582770111, 18.975904524278523 ], [ -155.595346727812398, 18.975096351858507 ], [ -155.59649949528432, 18.975400213584976 ], [ -155.59724824076244, 18.975399445024362 ], [ -155.597638271753453, 18.974327576937018 ], [ -155.59821819378962, 18.974072777253319 ], [ -155.598531338815377, 18.973488115333133 ], [ -155.598530164075356, 18.972451356016361 ], [ -155.598541217739097, 18.972180807004019 ], [ -155.598541158660055, 18.971910053685782 ], [ -155.598569347729324, 18.971233691290283 ], [ -155.598568022313856, 18.970012637667548 ], [ -155.599165090934122, 18.969487395440225 ], [ -155.599449938412761, 18.96920072527497 ], [ -155.598669874399206, 18.968459534945811 ], [ -155.599761521448812, 18.968144593170006 ], [ -155.600046043493023, 18.967873780033525 ], [ -155.600347296406909, 18.967613849959967 ], [ -155.600324679858915, 18.968153089046819 ], [ -155.600336265803008, 18.968691370004287 ], [ -155.600893982628691, 18.968160109626599 ], [ -155.602366204635587, 18.967921680641766 ], [ -155.604998472289594, 18.968833282054948 ], [ -155.606059172807591, 18.968509272827106 ], [ -155.607021255929652, 18.967593024852814 ], [ -155.608583444906486, 18.966218707242419 ], [ -155.609916767582519, 18.965894115396658 ], [ -155.610314551751799, 18.966713666197549 ], [ -155.610593740600478, 18.967255001404776 ], [ -155.610845176094955, 18.968618669640062 ], [ -155.611425337910845, 18.968899784881661 ], [ -155.611993078118047, 18.970069880088989 ], [ -155.611911661696581, 18.972019995149278 ], [ -155.611912338127723, 18.972439889626653 ], [ -155.614178576793222, 18.972437482835975 ], [ -155.613076968473933, 18.97082557451381 ], [ -155.613089777577017, 18.970522002273952 ], [ -155.613679135713966, 18.969482817594436 ], [ -155.614134327894305, 18.968632343595971 ], [ -155.616830579574639, 18.968734009860292 ], [ -155.616807566422267, 18.969281712087877 ], [ -155.617667761519698, 18.970091990922075 ], [ -155.61872672027107, 18.969083050386509 ], [ -155.619965108829234, 18.968243958313018 ], [ -155.620351534365966, 18.967521769587552 ], [ -155.621845228418891, 18.966865802012002 ], [ -155.628074569854306, 18.962469311961652 ], [ -155.638122953577124, 18.956931194070393 ], [ -155.648164355875451, 18.952781823320088 ], [ -155.659929900960719, 18.94757378861782 ], [ -155.662580849404435, 18.946408408345931 ], [ -155.67180922551924, 18.943741415391163 ], [ -155.680199270145437, 18.943025956577166 ], [ -155.684672889827482, 18.943651572419878 ], [ -155.687707494399291, 18.946169509164157 ], [ -155.689327991679789, 18.94833345607282 ], [ -155.693790274706657, 18.956760069379769 ], [ -155.697945017521363, 18.959318775161183 ], [ -155.701401614773118, 18.960274426233184 ], [ -155.709537561275368, 18.961322239131192 ], [ -155.718426440494767, 18.961894384065236 ], [ -155.718823987276693, 18.962712180430042 ], [ -155.719407612012361, 18.96356553503259 ], [ -155.721074169632686, 18.964371437940784 ], [ -155.721051942184317, 18.964910751538589 ], [ -155.722077226884352, 18.966247109809725 ], [ -155.722784003525874, 18.966589109311549 ], [ -155.724987577231019, 18.966585275911886 ], [ -155.726136465890193, 18.967174134342436 ], [ -155.728412942599391, 18.967479880923968 ], [ -155.729074050474281, 18.969165435880587 ], [ -155.73234862065982, 18.969986443398295 ], [ -155.733207528840779, 18.970282966722316 ], [ -155.734147856051862, 18.97028131802049 ], [ -155.734587447141138, 18.971656207011165 ], [ -155.734895150099362, 18.971655554695719 ], [ -155.734892715747719, 18.970440165850437 ], [ -155.734916519296178, 18.969860678582979 ], [ -155.735931121702009, 18.969513391134985 ], [ -155.73717452414067, 18.970347665433781 ], [ -155.738488086280881, 18.970677038394463 ], [ -155.739450798028201, 18.970382497310265 ], [ -155.740641006701821, 18.970038012617731 ], [ -155.742290652147233, 18.970708584441322 ], [ -155.743708403425302, 18.971269816585213 ], [ -155.744266530794135, 18.971555709910813 ], [ -155.745120705482378, 18.971968979669001 ], [ -155.745957905209423, 18.972397813763735 ], [ -155.747926255169858, 18.973176811906619 ], [ -155.749400308419069, 18.973546219240774 ], [ -155.749941787491537, 18.973545153612779 ], [ -155.751671545062379, 18.974431782375326 ], [ -155.752170273395308, 18.974944029629373 ], [ -155.753308817908504, 18.975229509344917 ], [ -155.754711960680908, 18.976348113261285 ], [ -155.75554782066277, 18.976346642733656 ], [ -155.756438846495996, 18.976654208135631 ], [ -155.757539620447261, 18.976652084332226 ], [ -155.758119809382663, 18.976949434183432 ], [ -155.758683265551781, 18.976948200523637 ], [ -155.759663759635629, 18.977286936351703 ], [ -155.760615484128408, 18.978724972936359 ], [ -155.760889788098268, 18.980537758011131 ], [ -155.761999382241157, 18.981590091678239 ], [ -155.762540477194023, 18.982702811632656 ], [ -155.763121018910425, 18.982983495886842 ], [ -155.763679497727594, 18.983269610207522 ], [ -155.764242977957025, 18.983268362738709 ], [ -155.764812195333661, 18.983559950699433 ], [ -155.76538172653693, 18.983835411700746 ], [ -155.765670102193383, 18.984131605353184 ], [ -155.76680945696728, 18.984682262050299 ], [ -155.767341790190585, 18.985228913994284 ], [ -155.769318433535631, 18.986341322456557 ], [ -155.770155996951019, 18.986902820176876 ], [ -155.77072555015809, 18.987178267599617 ], [ -155.771662415109603, 18.988140538038454 ], [ -155.773072332671404, 18.98860306603143 ], [ -155.774082418879942, 18.989950047571615 ], [ -155.775221121030597, 18.990235412472149 ], [ -155.776058726053378, 18.990796889027454 ], [ -155.77743138516999, 18.991247367255149 ], [ -155.778019415863071, 18.992455811967471 ], [ -155.77858900344205, 18.992731239697783 ], [ -155.779169569729902, 18.993028541609426 ], [ -155.779960845799735, 18.994655172341222 ], [ -155.781250534589674, 18.994811177393611 ] ], [ [ -155.032891053845219, 19.732562001438804 ], [ -155.032760146228441, 19.732709463838578 ], [ -155.031924147794598, 19.733313525596529 ], [ -155.03173110480833, 19.733738933294546 ], [ -155.03368220946183, 19.732710350762432 ], [ -155.032891053845219, 19.732562001438804 ] ], [ [ -155.02781682712137, 19.729743396734417 ], [ -155.026846761732372, 19.730915524588372 ], [ -155.028227268755359, 19.731223381739117 ], [ -155.02845512112205, 19.732075130338629 ], [ -155.028771727738047, 19.732317878125588 ], [ -155.029006278211909, 19.732899172268258 ], [ -155.030312562179887, 19.733275133969393 ], [ -155.030734256280113, 19.732361425200448 ], [ -155.03111268114742, 19.731797693951659 ], [ -155.030265296171478, 19.731147576184011 ], [ -155.029623713451429, 19.730075504692369 ], [ -155.02781682712137, 19.729743396734417 ] ], [ [ -155.733843908438701, 20.218397385518887 ], [ -155.733935294496803, 20.218729203646099 ], [ -155.734191415272051, 20.218496530769237 ], [ -155.733843908438701, 20.218397385518887 ] ], [ [ -155.091325617487371, 19.820716465520164 ], [ -155.091240625273798, 19.820264277818456 ], [ -155.089811709631221, 19.82022977080684 ], [ -155.090557548904883, 19.820607655908212 ], [ -155.091325617487371, 19.820716465520164 ], [ -155.091415233176889, 19.821048245311861 ], [ -155.091671666564537, 19.820816813008253 ], [ -155.091325617487371, 19.820716465520164 ] ], [ [ -155.45380042753456, 19.738151019098154 ], [ -155.453279187916735, 19.73892055210457 ], [ -155.453618944792765, 19.739641588453683 ], [ -155.45416788758979, 19.740675543453111 ], [ -155.452957522516044, 19.741497770315448 ], [ -155.44927269082109, 19.742251860975035 ], [ -155.448898249370387, 19.742619026610267 ], [ -155.445843201674649, 19.742443629555158 ], [ -155.444734342257476, 19.742463101976 ], [ -155.444079715930627, 19.742118586557478 ], [ -155.44213293288658, 19.742152845560874 ], [ -155.440990785789921, 19.742087302774205 ], [ -155.440704777327511, 19.742092187358626 ], [ -155.439392537507558, 19.74201690591936 ], [ -155.438693007876481, 19.742312280691515 ], [ -155.437542812391001, 19.743112060208581 ], [ -155.436954323753781, 19.743360467795068 ], [ -155.436387690041414, 19.743630457064494 ], [ -155.435200720837628, 19.743873015781531 ], [ -155.434435797945184, 19.744622554291812 ], [ -155.433785632535461, 19.744932108657991 ], [ -155.433197133026084, 19.745180501875925 ], [ -155.432064572099023, 19.746766784644848 ], [ -155.431164349131848, 19.747045697046303 ], [ -155.430446034828549, 19.747004399562861 ], [ -155.429587979215398, 19.747019525479111 ], [ -155.429159669503264, 19.746994849903736 ], [ -155.428701036008846, 19.747002876596209 ], [ -155.426343646264883, 19.745314417668332 ], [ -155.424599562177008, 19.744296169725921 ], [ -155.423570512001589, 19.742715119203154 ], [ -155.422390856859181, 19.743080397014655 ], [ -155.420614468740467, 19.743311860982885 ], [ -155.419515040912472, 19.743834955945122 ], [ -155.418354990713794, 19.744071857253289 ], [ -155.417502562463739, 19.744336059502761 ], [ -155.415239293101479, 19.74496481770133 ], [ -155.41487732601604, 19.746169352416363 ], [ -155.414882802856596, 19.746448882041808 ], [ -155.413640457270589, 19.746794069827448 ], [ -155.41286021699284, 19.747449876689807 ], [ -155.412840516360149, 19.74775639347784 ], [ -155.412845525631752, 19.748031683661591 ], [ -155.412266742254644, 19.74901720756246 ], [ -155.4121615334262, 19.750649315764779 ], [ -155.412534987528943, 19.75135363719281 ], [ -155.411588524414725, 19.752598510519451 ], [ -155.411282904317488, 19.753179500850351 ], [ -155.410706939851678, 19.753663598732501 ], [ -155.410209633267158, 19.754151123825832 ], [ -155.407825454181534, 19.754461703088808 ], [ -155.406376390513685, 19.755679788863389 ], [ -155.405198149217284, 19.757071960003667 ], [ -155.404911146710901, 19.757618150756993 ], [ -155.404602288832052, 19.758142753299982 ], [ -155.404192849645824, 19.759964079508581 ], [ -155.403682970409847, 19.761383158192675 ], [ -155.403048333268373, 19.762761921702385 ], [ -155.403120691751894, 19.766503385038504 ], [ -155.402691913171452, 19.76731846557675 ], [ -155.40238910194924, 19.767572489124454 ], [ -155.401773704401251, 19.770006908957772 ], [ -155.401232537133524, 19.770926517078991 ], [ -155.401136308993415, 19.772425019736488 ], [ -155.401144284440363, 19.772840471470129 ], [ -155.398773870496683, 19.7754811263348 ], [ -155.398791734868979, 19.776400094546172 ], [ -155.398164121463907, 19.777014474012358 ], [ -155.396608484996449, 19.776924681028294 ], [ -155.395403889548589, 19.776945582223071 ], [ -155.393917313703497, 19.776418344184233 ], [ -155.393870093288342, 19.777150952623298 ], [ -155.393881619288578, 19.777754952753867 ], [ -155.392397506645295, 19.779001778597742 ], [ -155.39241442018718, 19.779862038241141 ], [ -155.390968417840384, 19.781076838613245 ], [ -155.390644551886737, 19.781692828354139 ], [ -155.390043658386617, 19.782482179864701 ], [ -155.389756547534887, 19.78302832974239 ], [ -155.389176330090777, 19.784014767876265 ], [ -155.388579228694454, 19.785674677507192 ], [ -155.387951239750095, 19.78650021425933 ], [ -155.387664112702197, 19.787046358317294 ], [ -155.387317955998043, 19.787634131189563 ], [ -155.386757715521668, 19.78919353162118 ], [ -155.38643136046565, 19.790016969034788 ], [ -155.386456096556657, 19.791295575880458 ], [ -155.385805533667991, 19.792401641432136 ], [ -155.384951717387281, 19.794023552452483 ], [ -155.383801702335461, 19.794342585025351 ], [ -155.382894382739352, 19.795612084996648 ], [ -155.382390107421685, 19.795582832872689 ], [ -155.381434688068282, 19.796385310525551 ], [ -155.381771599421683, 19.798479131800104 ], [ -155.379938434634653, 19.799882892583732 ], [ -155.379063807083924, 19.800125262501073 ], [ -155.378764362360414, 19.801212508074066 ], [ -155.378455317169454, 19.801737036608227 ], [ -155.378168123757433, 19.802283155222518 ], [ -155.377567080561505, 19.803072441368524 ], [ -155.376824055506091, 19.80411234587535 ], [ -155.375304078024669, 19.804534028833611 ], [ -155.374646200231695, 19.805783952176451 ], [ -155.372937478279766, 19.805685253694726 ], [ -155.372508313713098, 19.805692653663943 ], [ -155.371548805660353, 19.805636928567449 ], [ -155.370671858855729, 19.806373256693206 ], [ -155.369956006694679, 19.808181586097305 ], [ -155.370290387701118, 19.809150325181875 ], [ -155.370963838392754, 19.811324483292193 ], [ -155.371378897107746, 19.811348523101593 ], [ -155.371818691186377, 19.811341079817311 ], [ -155.37221251091043, 19.812177534326693 ], [ -155.373322327090136, 19.812700764945159 ], [ -155.373629803621526, 19.813280901434286 ], [ -155.3730542203798, 19.816464025353415 ], [ -155.374125655878174, 19.816809101618713 ], [ -155.373811310317109, 19.817343288162444 ], [ -155.373816683736038, 19.817623334838025 ], [ -155.372941374932083, 19.818358377619553 ], [ -155.373202452247199, 19.818964799302204 ], [ -155.37431030941076, 19.82056068773392 ], [ -155.373997571624841, 19.822229194526383 ], [ -155.373475903122142, 19.82266717155315 ], [ -155.373090719717396, 19.824376231300135 ], [ -155.372758697448887, 19.824654700256591 ], [ -155.373840663447623, 19.825645256477834 ], [ -155.373305463736074, 19.826555333457598 ], [ -155.373330126834645, 19.827855071210433 ], [ -155.37224347891302, 19.829282604168732 ], [ -155.371646672390256, 19.830296626623447 ], [ -155.372090249989299, 19.831132777863175 ], [ -155.370768019016339, 19.832870066100096 ], [ -155.371151586721197, 19.834109438582203 ], [ -155.371713668246628, 19.834623658998076 ], [ -155.37210698310767, 19.835459316921003 ], [ -155.372784687971233, 19.836736925834884 ], [ -155.37331197430052, 19.838438382336079 ], [ -155.374148827404554, 19.839204292118371 ], [ -155.374444625993391, 19.839832834645829 ], [ -155.37524476732375, 19.840985518014872 ], [ -155.375277937995776, 19.842697537685186 ], [ -155.374941569140731, 19.843632540495005 ], [ -155.374471998342926, 19.844429752801609 ], [ -155.375058658603933, 19.845536064252602 ], [ -155.374589944367216, 19.845508814093211 ], [ -155.374605649239186, 19.846317224036479 ], [ -155.373992850129156, 19.847122356171301 ], [ -155.374002782689558, 19.847668422113642 ], [ -155.372260113987295, 19.848403751961254 ], [ -155.372222850245265, 19.848985599098555 ], [ -155.372245970618252, 19.850204150407055 ], [ -155.370844028295096, 19.850795463833354 ], [ -155.370190653634864, 19.851344134062234 ], [ -155.370144270578123, 19.852056113176623 ], [ -155.37015735269685, 19.852733089813281 ], [ -155.370131356926265, 19.853138585858801 ], [ -155.370153407549111, 19.854305038253017 ], [ -155.369527993211221, 19.85536709253007 ], [ -155.370872002896931, 19.857101335152311 ], [ -155.37089700817026, 19.858432531944814 ], [ -155.370845241753358, 19.859233483845259 ], [ -155.371687091786782, 19.860445989678663 ], [ -155.371396029582115, 19.861154832127109 ], [ -155.370226925230014, 19.862534111416952 ], [ -155.371330099800957, 19.86412334711596 ], [ -155.371004282781456, 19.865204462477621 ], [ -155.371851136111104, 19.866296534513381 ], [ -155.373077806092851, 19.868181964435454 ], [ -155.374747029946178, 19.868719546345762 ], [ -155.375988796651967, 19.869305242317505 ], [ -155.378454896562943, 19.872301269786128 ], [ -155.37881071051342, 19.874298738384265 ], [ -155.379095789616201, 19.874836131388193 ], [ -155.379046549295111, 19.875600661994721 ], [ -155.37934488370604, 19.876464522172803 ], [ -155.379624462608177, 19.87736685872795 ], [ -155.380169968049415, 19.87839593981122 ], [ -155.380108612483411, 19.87934922877632 ], [ -155.381516883552109, 19.881120953714259 ], [ -155.381808149241039, 19.881386991687219 ], [ -155.383048389335158, 19.882709345258295 ], [ -155.384306334768496, 19.883302467559218 ], [ -155.384612882993849, 19.883880208273016 ], [ -155.38505062375026, 19.884808754858799 ], [ -155.387632373827131, 19.886026178312154 ], [ -155.38829754992625, 19.886735441385028 ], [ -155.390299828746521, 19.888345507874469 ], [ -155.390864526479902, 19.888335823611662 ], [ -155.393567464183718, 19.889759443433174 ], [ -155.394454214174232, 19.889744385113833 ], [ -155.395326302333046, 19.890203788402228 ], [ -155.397050371460409, 19.890629172766754 ], [ -155.397903346756578, 19.89153835785681 ], [ -155.399873895027156, 19.892310510570304 ], [ -155.401381174463296, 19.892932370064255 ], [ -155.40271637224177, 19.89290943168162 ], [ -155.403430848092455, 19.892950586833045 ], [ -155.404963421454482, 19.892924222785027 ], [ -155.405844673177938, 19.893524662871936 ], [ -155.406422039994766, 19.893796452902837 ], [ -155.408693069122734, 19.895175981858564 ], [ -155.41258256405888, 19.894707318823588 ], [ -155.413834596439386, 19.894779635906445 ], [ -155.414836577289748, 19.894762309564673 ], [ -155.415787746620339, 19.894817177772428 ], [ -155.416420873213951, 19.894550260695251 ], [ -155.417638945974886, 19.893971565880285 ], [ -155.419568634935416, 19.894082874370323 ], [ -155.419860681028837, 19.893796913589199 ], [ -155.421021859555253, 19.893560174176656 ], [ -155.422415441725377, 19.893129311985792 ], [ -155.423928882980022, 19.892786498624158 ], [ -155.424967691869, 19.892846251390196 ], [ -155.426173541643379, 19.892337299179793 ], [ -155.426821600210019, 19.891703192234132 ], [ -155.429080778662353, 19.891004695880898 ], [ -155.429955896346854, 19.890762147477613 ], [ -155.43123575461928, 19.890366199349089 ], [ -155.432548428590337, 19.890002093198778 ], [ -155.433122740400194, 19.889439968923732 ], [ -155.434128044238179, 19.889497935855662 ], [ -155.435333534279806, 19.889476903616593 ], [ -155.437077490748976, 19.890094495167229 ], [ -155.438171160283247, 19.890075432990205 ], [ -155.438835418709232, 19.890388252470171 ], [ -155.439899358936316, 19.890948578771017 ], [ -155.441105570495353, 19.891245806462265 ], [ -155.441947342823909, 19.891544192805586 ], [ -155.442831905160148, 19.89152884876675 ], [ -155.444793872479607, 19.892673100042138 ], [ -155.445907094926667, 19.893431061400495 ], [ -155.447135747149218, 19.893826248031377 ], [ -155.448396420858074, 19.894489859908102 ], [ -155.451903454678245, 19.894428506444171 ], [ -155.452479540581066, 19.894461680972835 ], [ -155.453615606269182, 19.893921795215466 ], [ -155.455937385171438, 19.893447575793122 ], [ -155.456766130083395, 19.893053282261349 ], [ -155.457654470359785, 19.89347148849334 ], [ -155.457620318428013, 19.894001111428828 ], [ -155.458196533775919, 19.89430470887843 ], [ -155.459346126493415, 19.894587738330149 ], [ -155.460274480375915, 19.894916583871602 ], [ -155.461634362762169, 19.894892900003594 ], [ -155.464649198705558, 19.895552188023174 ], [ -155.466331174793595, 19.895522713628857 ], [ -155.467617360433763, 19.895596390246826 ], [ -155.468762538367514, 19.895576316390791 ], [ -155.469619994278588, 19.895625599720479 ], [ -155.47047888218566, 19.89561040320168 ], [ -155.471050522692906, 19.895643165666073 ], [ -155.471581175175857, 19.89563387231761 ], [ -155.473041342669489, 19.895953383186658 ], [ -155.475335229928078, 19.896259014424572 ], [ -155.476462068783491, 19.896562636286028 ], [ -155.478183854094908, 19.896856891086898 ], [ -155.47905459671, 19.897165204872415 ], [ -155.480121512294062, 19.897146416482496 ], [ -155.481800347485148, 19.897740633365732 ], [ -155.486584863620152, 19.897169334656887 ], [ -155.487057573549123, 19.896772348403363 ], [ -155.487611181871102, 19.896230236397638 ], [ -155.487927154171871, 19.896248375911121 ], [ -155.489359894203062, 19.895356685161897 ], [ -155.490818214824372, 19.894951654518486 ], [ -155.493881006565204, 19.893494887878514 ], [ -155.495946700779683, 19.892920696815381 ], [ -155.496582183289604, 19.892618359334705 ], [ -155.498101245028835, 19.892093115028228 ], [ -155.499274043575156, 19.890944797478042 ], [ -155.500646555821163, 19.889991274198596 ], [ -155.502273103889053, 19.889304195731661 ], [ -155.50328902975545, 19.888450173805047 ], [ -155.504822790544409, 19.886947779901696 ], [ -155.506456826550391, 19.88604481365557 ], [ -155.5080679997115, 19.885597154561122 ], [ -155.509238763964419, 19.884612624233764 ], [ -155.510245781218373, 19.883422628025457 ], [ -155.511000597880809, 19.882365149768479 ], [ -155.513661071375964, 19.881625525885212 ], [ -155.514011823326683, 19.881330752812215 ], [ -155.515009669629421, 19.880352832383988 ], [ -155.51604967659847, 19.879746379506649 ], [ -155.517200667213729, 19.87894619273532 ], [ -155.517789612528134, 19.878697580076114 ], [ -155.518324788141257, 19.878172965761244 ], [ -155.519495348269231, 19.877678229830614 ], [ -155.519827397218279, 19.877113152300247 ], [ -155.520391315425684, 19.87603999023381 ], [ -155.522038528128434, 19.875343850618012 ], [ -155.522449036704216, 19.874998672177078 ], [ -155.522977926153146, 19.873992757740648 ], [ -155.523325743658177, 19.873651638906804 ], [ -155.523628627679159, 19.873397413303191 ], [ -155.524131262075798, 19.872441476059148 ], [ -155.527971501253887, 19.869490154642452 ], [ -155.528434431467645, 19.868610358319209 ], [ -155.530505142191771, 19.867171295555178 ], [ -155.53177398343459, 19.86677778345399 ], [ -155.533792988949216, 19.866556968735555 ], [ -155.534880654390577, 19.866039084456617 ], [ -155.535372661044306, 19.866030155822873 ], [ -155.536527548800251, 19.866095989929725 ], [ -155.537528964024858, 19.865817520963372 ], [ -155.538538548289011, 19.865188641045226 ], [ -155.540132572208194, 19.864514538416973 ], [ -155.541575240079794, 19.863449108509585 ], [ -155.542201615583735, 19.863184208938147 ], [ -155.542764061377483, 19.862633066036405 ], [ -155.544940700262799, 19.861712459118202 ], [ -155.545351407120535, 19.86136722004348 ], [ -155.545789653618669, 19.860937384242771 ], [ -155.54765793030856, 19.860047768573555 ], [ -155.550590120029483, 19.859810084145888 ], [ -155.551107714339338, 19.859302456123618 ], [ -155.551410530673394, 19.859048172101247 ], [ -155.551691458427769, 19.858772313123431 ], [ -155.552296812714047, 19.858263472142443 ], [ -155.552886052532983, 19.857685577780241 ], [ -155.554025639651343, 19.85720372740068 ], [ -155.554884436319668, 19.856668319081503 ], [ -155.556920857792193, 19.855635378315746 ], [ -155.557294258181201, 19.855269027328063 ], [ -155.561258480307202, 19.853001348896694 ], [ -155.562133286878435, 19.852758086225958 ], [ -155.56268895653551, 19.851699914282758 ], [ -155.566516661982973, 19.848510994538781 ], [ -155.566797545871509, 19.848235104764814 ], [ -155.56710031756657, 19.847980786900376 ], [ -155.567521913721748, 19.847567219835419 ], [ -155.56848062091467, 19.846760285116329 ], [ -155.569074621268101, 19.845748561273705 ], [ -155.569480060978435, 19.844721570697899 ], [ -155.569454179655253, 19.843456524187342 ], [ -155.569768151251907, 19.843148481279542 ], [ -155.57026981388168, 19.842726664254268 ], [ -155.571227342112621, 19.84146547389722 ], [ -155.571285722605637, 19.840543102830313 ], [ -155.570852940442251, 19.8388395426073 ], [ -155.571597116020655, 19.837571861286335 ], [ -155.572444219206687, 19.834906502226342 ], [ -155.572954798687419, 19.83440605789497 ], [ -155.57395521789752, 19.833563924679734 ], [ -155.574278850851584, 19.832947518186543 ], [ -155.575171243050363, 19.831891791493405 ], [ -155.575151684283611, 19.830928259874458 ], [ -155.575486622685617, 19.829992689360996 ], [ -155.576131361902299, 19.828589553271833 ], [ -155.57611049951791, 19.827569152888962 ], [ -155.576618646856446, 19.826281305752037 ], [ -155.575973317043776, 19.825068074163454 ], [ -155.575630906470138, 19.823161094738076 ], [ -155.57448624325562, 19.820364120047572 ], [ -155.573919380155928, 19.81854192703943 ], [ -155.572818643941304, 19.817124561010548 ], [ -155.572088040453991, 19.815578674543989 ], [ -155.571549096147692, 19.815086871610102 ], [ -155.57044428292167, 19.813392871570116 ], [ -155.569841374203662, 19.813109492229589 ], [ -155.569315242940803, 19.811995569742898 ], [ -155.568499335171879, 19.811250441408752 ], [ -155.567629193276105, 19.810078344042338 ], [ -155.566742750984872, 19.808937392002768 ], [ -155.566188849822424, 19.807765294475779 ], [ -155.563982112338323, 19.806228518231229 ], [ -155.562510880870434, 19.804381491091252 ], [ -155.561201196721385, 19.803765362896158 ], [ -155.560427828899861, 19.802942241010598 ], [ -155.559493308233812, 19.8026117274539 ], [ -155.558658331291298, 19.802627090386352 ], [ -155.558070910924954, 19.801782958366463 ], [ -155.557774101957534, 19.801154614036395 ], [ -155.556956383571048, 19.800407825028476 ], [ -155.556277416040786, 19.799366545004982 ], [ -155.555555963939639, 19.799027170385997 ], [ -155.555152651949868, 19.79859769840089 ], [ -155.554468364890113, 19.79797271213393 ], [ -155.5538927195486, 19.797089405559252 ], [ -155.551808715887546, 19.794562394166388 ], [ -155.551400979410516, 19.793250855956693 ], [ -155.551104231552074, 19.793256227800168 ], [ -155.550784353031617, 19.791069963728216 ], [ -155.550030396562875, 19.789986506351909 ], [ -155.549224173866747, 19.788749753800431 ], [ -155.546376655118621, 19.787468510409937 ], [ -155.546081594388028, 19.787473907870464 ], [ -155.543393779062768, 19.786301198739466 ], [ -155.542367783001083, 19.786319936953689 ], [ -155.54182009982128, 19.785737216282982 ], [ -155.540123683934979, 19.785192522697685 ], [ -155.539273171041231, 19.784613711032488 ], [ -155.538184049069798, 19.784633318277447 ], [ -155.534610410766646, 19.783126330041977 ], [ -155.533586344231821, 19.783444068248457 ], [ -155.532995580749116, 19.782815016782017 ], [ -155.531349052830649, 19.781492361424551 ], [ -155.528234156193093, 19.779547373447905 ], [ -155.525713858965219, 19.777592754751637 ], [ -155.524147605271821, 19.776591502358077 ], [ -155.523585116570814, 19.776077980814197 ], [ -155.522493801825789, 19.774915964536053 ], [ -155.521776449294492, 19.774538221389879 ], [ -155.518665844715684, 19.773384189176561 ], [ -155.516919919784527, 19.771788243477832 ], [ -155.515575948352733, 19.770356631953565 ], [ -155.515284593055412, 19.770090807253357 ], [ -155.513735392592849, 19.76844104137443 ], [ -155.513320365973271, 19.768417347024471 ], [ -155.512602480020888, 19.768759186334108 ], [ -155.5115091279539, 19.768183986953172 ], [ -155.510483772990113, 19.76782081441619 ], [ -155.509049069491397, 19.767532654414186 ], [ -155.50833183545052, 19.766768355645631 ], [ -155.507654864172196, 19.766411974395947 ], [ -155.50548773891262, 19.765878414978999 ], [ -155.504528367412945, 19.765538708991588 ], [ -155.503665371559833, 19.765261688912194 ], [ -155.502890855087117, 19.764436768894214 ], [ -155.502117173261581, 19.76439254985225 ], [ -155.501233274309101, 19.764408297285094 ], [ -155.499401515037789, 19.764095373759162 ], [ -155.498847162659729, 19.763803226881802 ], [ -155.498270019989121, 19.763531781687682 ], [ -155.497715672054738, 19.763239631890581 ], [ -155.496566876959776, 19.762956980868463 ], [ -155.496012534850593, 19.762664826540039 ], [ -155.495398369124132, 19.762375727844145 ], [ -155.494866785605922, 19.761809336986239 ], [ -155.493285634403179, 19.761837546725104 ], [ -155.491766605107358, 19.760686555685648 ], [ -155.490639136799047, 19.760324185029553 ], [ -155.490624574013736, 19.759586575789321 ], [ -155.490727675253197, 19.757964320023653 ], [ -155.490700919222775, 19.756610228496402 ], [ -155.490748479139285, 19.755866435950995 ], [ -155.489816092733548, 19.753891016713933 ], [ -155.489136092292114, 19.754238530262324 ], [ -155.487415503880896, 19.757065464955687 ], [ -155.485591934355938, 19.757098102724324 ], [ -155.484731687835932, 19.75585955173305 ], [ -155.484703697579477, 19.7544620854238 ], [ -155.484797373850654, 19.75299166594894 ], [ -155.483952929717304, 19.752943341246773 ], [ -155.483460210760882, 19.753357962116439 ], [ -155.482453993330267, 19.75454844357348 ], [ -155.482464341286999, 19.755094828661417 ], [ -155.482397776224843, 19.756143054793643 ], [ -155.482964637843281, 19.757211143662815 ], [ -155.482976687087358, 19.757807263285006 ], [ -155.48266261555392, 19.758071267776401 ], [ -155.482122682100311, 19.758600481565566 ], [ -155.481781316559591, 19.758606718494633 ], [ -155.481816323023253, 19.758055145807795 ], [ -155.480971259842164, 19.75696571689209 ], [ -155.480708727368352, 19.756408553053372 ], [ -155.480417461189404, 19.756142683758899 ], [ -155.480148989199563, 19.755856113520441 ], [ -155.479590018313274, 19.755345193291674 ], [ -155.479583917590475, 19.755038144226415 ], [ -155.479601123782004, 19.754763277924617 ], [ -155.479173170508432, 19.753957524617444 ], [ -155.478779381376285, 19.753122041434988 ], [ -155.478214226093996, 19.752308562425913 ], [ -155.478282422245599, 19.751237902045933 ], [ -155.477369899642639, 19.750654188463709 ], [ -155.476856052741795, 19.749564926940888 ], [ -155.476570750909957, 19.749028460975541 ], [ -155.476121481271775, 19.748075825759205 ], [ -155.47431412467148, 19.747630444391476 ], [ -155.473149432502936, 19.74731668256565 ], [ -155.472074033851641, 19.747335659221715 ], [ -155.470970513902728, 19.746754760722364 ], [ -155.469842233783055, 19.746690199492758 ], [ -155.466405700742371, 19.747854544011926 ], [ -155.462919825412598, 19.747152762309046 ], [ -155.461779439908952, 19.745511254128814 ], [ -155.461798412734822, 19.745208141497901 ], [ -155.461279814412194, 19.743707145186796 ], [ -155.460930518225723, 19.742176452308868 ], [ -155.460312927999325, 19.741518133882277 ], [ -155.459876128616258, 19.741119029150603 ], [ -155.458867377607703, 19.740043735087387 ], [ -155.457462429549025, 19.739665116849899 ], [ -155.456269347684582, 19.740034596785286 ], [ -155.455937892865876, 19.738583298528145 ], [ -155.455064223976592, 19.738598773222996 ], [ -155.45380042753456, 19.738151019098154 ] ], [ [ -155.566315337018608, 19.797740172298994 ], [ -155.565966881273567, 19.798370899041743 ], [ -155.566421040005338, 19.798645341645933 ], [ -155.566693370872542, 19.797930397473575 ], [ -155.566315337018608, 19.797740172298994 ] ], [ [ -155.564628935118662, 19.796354080523301 ], [ -155.564326235966547, 19.796948141711997 ], [ -155.564890826492388, 19.797542766453731 ], [ -155.565303980711747, 19.796513802887876 ], [ -155.564628935118662, 19.796354080523301 ] ], [ [ -155.472766037647347, 19.681676744141221 ], [ -155.472856453037821, 19.682008450692294 ], [ -155.473112173281208, 19.681776342755715 ], [ -155.472766037647347, 19.681676744141221 ] ], [ [ -155.473063574543346, 19.68114117330127 ], [ -155.473153990462549, 19.681472879766243 ], [ -155.473409709363182, 19.681240771195828 ], [ -155.473063574543346, 19.68114117330127 ] ], [ [ -155.473361109233167, 19.680605601635296 ], [ -155.473451525681071, 19.680937308014155 ], [ -155.473707243238948, 19.680705198809935 ], [ -155.473361109233167, 19.680605601635296 ] ], [ [ -155.712142699777587, 19.293341503013721 ], [ -155.711764011578026, 19.293714920112674 ], [ -155.71082156484357, 19.294009686311821 ], [ -155.710006783124925, 19.293964320411739 ], [ -155.709380024027524, 19.294264771715856 ], [ -155.708284840379577, 19.294203762772867 ], [ -155.707124268658475, 19.29501628007668 ], [ -155.705817214096015, 19.295383234165801 ], [ -155.705393049899783, 19.295801559378646 ], [ -155.70455260993208, 19.295229767310854 ], [ -155.704262591630936, 19.295235368992124 ], [ -155.703708184651759, 19.295204462027083 ], [ -155.703122459761403, 19.295485534980038 ], [ -155.701231207517338, 19.29579297643847 ], [ -155.699577956733037, 19.297423640295705 ], [ -155.698809088016674, 19.297019175142317 ], [ -155.696756720637836, 19.297776604202415 ], [ -155.69579861233791, 19.297795475364882 ], [ -155.694855312490375, 19.297742687302211 ], [ -155.693728423013425, 19.298094832038892 ], [ -155.691946280130452, 19.297157671111613 ], [ -155.691130268017162, 19.297173542300847 ], [ -155.690260883368325, 19.296866377807849 ], [ -155.689011653969146, 19.29689077212657 ], [ -155.686840749273159, 19.296273595681836 ], [ -155.685636114113294, 19.29545369414933 ], [ -155.684053228965581, 19.29621236512828 ], [ -155.682285177512341, 19.295920027076757 ], [ -155.681011014401008, 19.295469547644306 ], [ -155.680322255006899, 19.296148995717001 ], [ -155.679138767894244, 19.296393721304078 ], [ -155.676293104928817, 19.297046825581784 ], [ -155.675374132621812, 19.296563381524486 ], [ -155.673149918612921, 19.296836953331606 ], [ -155.672599703460094, 19.296806027872137 ], [ -155.669494293789484, 19.297866770702644 ], [ -155.668333774624784, 19.297801682307945 ], [ -155.66735466159534, 19.298376877407232 ], [ -155.666041808177027, 19.299671519934222 ], [ -155.665674897910463, 19.299678561644797 ], [ -155.664667915903692, 19.299622336916652 ], [ -155.66310743663675, 19.299902627166773 ], [ -155.660370798441591, 19.299749412216887 ], [ -155.659840653331969, 19.301238927724143 ], [ -155.658934394340235, 19.30213243658147 ], [ -155.656834575078506, 19.302721667543128 ], [ -155.656201802129374, 19.303024980638924 ], [ -155.655121932677645, 19.303484554778642 ], [ -155.654146566434406, 19.304309870511599 ], [ -155.65283499361658, 19.305602834028875 ], [ -155.65144599737107, 19.304871878913154 ], [ -155.649243133881697, 19.304215595599246 ], [ -155.647605761671429, 19.304481109596647 ], [ -155.646758381766432, 19.304887262489004 ], [ -155.645255105215796, 19.305527509683856 ], [ -155.644195563844306, 19.306571732739933 ], [ -155.642720081274632, 19.306600094184578 ], [ -155.641535336339956, 19.306533588361749 ], [ -155.640693193201884, 19.307363654033463 ], [ -155.638860018148478, 19.307260855098889 ], [ -155.636744121887716, 19.307745890633491 ], [ -155.634726197905422, 19.307784536854999 ], [ -155.63311356140602, 19.306935890486137 ], [ -155.632727180129706, 19.306914212036094 ], [ -155.632314127041013, 19.307704828733645 ], [ -155.630261069897188, 19.307976776433232 ], [ -155.629607981924408, 19.309226981865326 ], [ -155.629167979878588, 19.309660405486795 ], [ -155.627238406229594, 19.310332794377928 ], [ -155.626740398897454, 19.310823835743953 ], [ -155.626092363457445, 19.311134417482414 ], [ -155.625505739726492, 19.311383733709167 ], [ -155.624130636797105, 19.312245351897253 ], [ -155.621662679713438, 19.312755140070699 ], [ -155.621138215405608, 19.313272112870276 ], [ -155.618893148912292, 19.314520772191528 ], [ -155.617273395571374, 19.315209894338317 ], [ -155.61686439711309, 19.315555546002031 ], [ -155.616584662119408, 19.315831678572785 ], [ -155.61605463406994, 19.316279520417979 ], [ -155.614527566496776, 19.318050952270482 ], [ -155.611945252910914, 19.319535965247912 ], [ -155.610503331833257, 19.319769319996631 ], [ -155.608488261174074, 19.320230750267818 ], [ -155.60664854263058, 19.320265769701479 ], [ -155.605252889742303, 19.32018715560514 ], [ -155.603353878181764, 19.320719168391175 ], [ -155.6030741136492, 19.320995275258454 ], [ -155.60149023906385, 19.321439015076432 ], [ -155.600496722315739, 19.323339233439597 ], [ -155.59927864021634, 19.324704335450821 ], [ -155.59753536643413, 19.326870266532264 ], [ -155.595608885039354, 19.326761560511457 ], [ -155.594962711989183, 19.327070991591654 ], [ -155.593022724566595, 19.327385043412598 ], [ -155.59222368248416, 19.32891312527277 ], [ -155.591062609600016, 19.330706226597105 ], [ -155.588862395493209, 19.331062418551568 ], [ -155.58807056791008, 19.331731581686221 ], [ -155.586223122908734, 19.333873476145481 ], [ -155.584987617837129, 19.334219407112396 ], [ -155.583424787047477, 19.335758225398425 ], [ -155.582512239543462, 19.336043040055575 ], [ -155.580831887244017, 19.336389578465294 ], [ -155.578458709997534, 19.338945060017938 ], [ -155.578157040673318, 19.339199554960668 ], [ -155.577877203391864, 19.339475611288687 ], [ -155.576435099159937, 19.339708661204192 ], [ -155.575885609090022, 19.340759871371066 ], [ -155.574282766167471, 19.341526863571243 ], [ -155.572412026121157, 19.342050576118115 ], [ -155.571925153129968, 19.34252974288874 ], [ -155.570670311381889, 19.343130338754655 ], [ -155.568740185163222, 19.343802008091824 ], [ -155.56836676369366, 19.344169877279679 ], [ -155.567018888647027, 19.344742779681976 ], [ -155.566199775021715, 19.346308659246418 ], [ -155.56460359891085, 19.346806262235109 ], [ -155.561588794866083, 19.347090919781696 ], [ -155.560557000922699, 19.348621019223714 ], [ -155.560879769102911, 19.348916363704603 ], [ -155.559413683226836, 19.350155082286125 ], [ -155.558679328255209, 19.351844929468751 ], [ -155.558212748686714, 19.351818654169598 ], [ -155.556483371782122, 19.353150714693211 ], [ -155.556193462100424, 19.353134387273741 ], [ -155.555908114697047, 19.353139561365992 ], [ -155.555577864410793, 19.353120882962809 ], [ -155.554475944365038, 19.354205696137694 ], [ -155.551364281853125, 19.355076065054682 ], [ -155.55082851911979, 19.356099933182747 ], [ -155.549270355842395, 19.357074794903845 ], [ -155.546968149678406, 19.358247556731879 ], [ -155.543755855587392, 19.36157255573552 ], [ -155.543303207860987, 19.361954452867501 ], [ -155.542622171412461, 19.362624947656649 ], [ -155.541284397934504, 19.362998998163416 ], [ -155.540611313624822, 19.36366170327231 ], [ -155.539986734391277, 19.363926897621088 ], [ -155.539706793314394, 19.364202878098663 ], [ -155.538802020572746, 19.36496665594759 ], [ -155.537961637437633, 19.365794049151759 ], [ -155.536292495811125, 19.36650280559088 ], [ -155.534571693112213, 19.368546498508433 ], [ -155.533889475777215, 19.369506695036428 ], [ -155.53332218632093, 19.369985519473968 ], [ -155.533285237793734, 19.370572806907756 ], [ -155.533290551711758, 19.370848132907884 ], [ -155.532829241954602, 19.371636719769018 ], [ -155.532205035437585, 19.372829349604256 ], [ -155.530530949892409, 19.374476773439625 ], [ -155.529246532957103, 19.375561078216037 ], [ -155.528025863895891, 19.376975218131491 ], [ -155.526845604902917, 19.378295734249672 ], [ -155.526559873073666, 19.378842305542239 ], [ -155.525754805119192, 19.379521979246775 ], [ -155.525131556224011, 19.38058662989096 ], [ -155.524286837515461, 19.382529021684597 ], [ -155.523339457519967, 19.382982026322257 ], [ -155.521957962891861, 19.383568688905719 ], [ -155.521026766767108, 19.384151007889209 ], [ -155.51999274720356, 19.384589907424704 ], [ -155.519435303820785, 19.387953795241611 ], [ -155.518938457668469, 19.388442633793069 ], [ -155.518607667560701, 19.388721561863772 ], [ -155.518054128663238, 19.389779316579109 ], [ -155.516596388772285, 19.391509234929686 ], [ -155.5165711062958, 19.391911402035866 ], [ -155.516591985383684, 19.392945531482745 ], [ -155.516006893359361, 19.393521233477571 ], [ -155.515104949534248, 19.393773067780241 ], [ -155.514684900287023, 19.394186693633902 ], [ -155.514232093564431, 19.394568492576131 ], [ -155.513694612969914, 19.396072808835918 ], [ -155.511335942088607, 19.398392385242222 ], [ -155.510031284083027, 19.399156749690572 ], [ -155.508651820127454, 19.401283595360582 ], [ -155.507785839477037, 19.402014602658245 ], [ -155.507213594563581, 19.403107374372382 ], [ -155.5062830319049, 19.403652329081297 ], [ -155.505764466238702, 19.404162379986694 ], [ -155.504364444506678, 19.405343632153421 ], [ -155.501921427832514, 19.409273595964468 ], [ -155.500901578882264, 19.410134046904055 ], [ -155.499920164505255, 19.411098867569763 ], [ -155.499044441097539, 19.411838092134676 ], [ -155.498498842632443, 19.412878990369329 ], [ -155.497939235932591, 19.413429197500928 ], [ -155.496400932885365, 19.414529444231565 ], [ -155.495873886992712, 19.415535527079648 ], [ -155.494766592801398, 19.416623986691206 ], [ -155.493954453299381, 19.416968901981722 ], [ -155.492773691601627, 19.418129686969106 ], [ -155.492019371068466, 19.418765993371824 ], [ -155.490897790335993, 19.419868686812663 ], [ -155.488524072318569, 19.421871387662407 ], [ -155.488545983278129, 19.422951515558847 ], [ -155.488222210062588, 19.423857072848566 ], [ -155.486882619682632, 19.424987235898538 ], [ -155.486426966616051, 19.427384208025831 ], [ -155.485830438286769, 19.42840238325914 ], [ -155.485528562097471, 19.429247285975425 ], [ -155.484945592399555, 19.429738823594281 ], [ -155.482500894374994, 19.432308967761262 ], [ -155.481753608625723, 19.432665646662254 ], [ -155.480964820068095, 19.432620728166555 ], [ -155.48028589454924, 19.432908668616747 ], [ -155.479146686605503, 19.434509791029068 ], [ -155.477894560435203, 19.435040912662291 ], [ -155.477104010145297, 19.436083829499449 ], [ -155.476466530642909, 19.437548480841016 ], [ -155.475271504688294, 19.439588396567405 ], [ -155.475305376448489, 19.44127071797967 ], [ -155.473208000287201, 19.443615592184617 ], [ -155.472637272051543, 19.445211854057234 ], [ -155.472166657650718, 19.446405311268762 ], [ -155.471222732944483, 19.449044375099312 ], [ -155.469168359361532, 19.451480431197297 ], [ -155.468247358049865, 19.452774540839233 ], [ -155.466453268244436, 19.454024911917269 ], [ -155.465574795938522, 19.454538623893832 ], [ -155.465154457403798, 19.454952088450685 ], [ -155.464269259496064, 19.455698305419162 ], [ -155.46379453905169, 19.457024888605456 ], [ -155.462918139060491, 19.45852048634724 ], [ -155.462942481776054, 19.459710087777633 ], [ -155.462591981654327, 19.460988067839477 ], [ -155.461965881349101, 19.461814144663272 ], [ -155.461397940919227, 19.463401146673121 ], [ -155.461089979764949, 19.46392597689356 ], [ -155.460747912146559, 19.465173712368411 ], [ -155.459419541537159, 19.465736747886822 ], [ -155.459045893172373, 19.466051703001408 ], [ -155.458704513727724, 19.46670276963205 ], [ -155.457584116311466, 19.467647372383027 ], [ -155.457006779290651, 19.468458781238986 ], [ -155.455837012924547, 19.469237439296794 ], [ -155.455544959506938, 19.470054427235052 ], [ -155.454950959666661, 19.470554870760356 ], [ -155.454966581082118, 19.471348009512436 ], [ -155.453209523776621, 19.472445069647637 ], [ -155.451818551953664, 19.472832858027004 ], [ -155.451438730545931, 19.475117454569357 ], [ -155.45083252035127, 19.476150864213295 ], [ -155.450843343691531, 19.476677162247277 ], [ -155.449886844906445, 19.477616455802117 ], [ -155.447778475700886, 19.478049081762048 ], [ -155.446461037347092, 19.478819740607715 ], [ -155.446503438686619, 19.480937333227455 ], [ -155.44600535334871, 19.481356875698403 ], [ -155.445507210066609, 19.482748743864043 ], [ -155.444332831514032, 19.483246460390728 ], [ -155.443379253884046, 19.485910204849148 ], [ -155.442905569391712, 19.486309066169067 ], [ -155.442586713463271, 19.487199513376837 ], [ -155.44173770321359, 19.488648437924848 ], [ -155.441414696385806, 19.489549638584347 ], [ -155.440574447024659, 19.489501643826053 ], [ -155.44025476379008, 19.490046810924479 ], [ -155.439810686193027, 19.492377672506336 ], [ -155.437231467837506, 19.49327222954021 ], [ -155.43592265399667, 19.494557138628831 ], [ -155.435297427921768, 19.494821863396652 ], [ -155.435017073989883, 19.495097615760585 ], [ -155.433896339650374, 19.496042016592199 ], [ -155.433432010724687, 19.496926924399837 ], [ -155.430401139858219, 19.49919003588759 ], [ -155.429743594089302, 19.500442804029472 ], [ -155.428469414393675, 19.501516310064805 ], [ -155.427706290886789, 19.502523241901702 ], [ -155.427715302038422, 19.503001116776272 ], [ -155.426314581789228, 19.504376114045133 ], [ -155.424485195753192, 19.505010344049911 ], [ -155.421569902524482, 19.506873994899419 ], [ -155.421024161279917, 19.50780509292855 ], [ -155.421029155663632, 19.508084617656351 ], [ -155.420714981725268, 19.508880983800765 ], [ -155.420422655142545, 19.509697872890989 ], [ -155.419267648997817, 19.510670820540902 ], [ -155.418903892599786, 19.511995705677695 ], [ -155.417754031217413, 19.513694929484103 ], [ -155.417164375476887, 19.51504731557419 ], [ -155.416267512943051, 19.516372455189739 ], [ -155.415405252052011, 19.519084821989658 ], [ -155.414162374708866, 19.521204075378744 ], [ -155.41416734773378, 19.521483862397034 ], [ -155.412665313299158, 19.523367964873177 ], [ -155.412684306874695, 19.524325308266874 ], [ -155.412068039044044, 19.526044854673366 ], [ -155.411181453134418, 19.527555735046256 ], [ -155.410838964202526, 19.529350504762636 ], [ -155.409392903606971, 19.530312286348597 ], [ -155.409100465472505, 19.531129140361969 ], [ -155.408198938297971, 19.533412936296319 ], [ -155.408173365399136, 19.533812395144494 ], [ -155.408201713278856, 19.535252367144789 ], [ -155.407845081890912, 19.53624743558796 ], [ -155.407530791587703, 19.537042700898642 ], [ -155.407208360023617, 19.539212442729923 ], [ -155.406603344515304, 19.540745014454714 ], [ -155.406845866515681, 19.542182904930911 ], [ -155.407130669828831, 19.542719398423888 ], [ -155.407848950992218, 19.544583383621973 ], [ -155.408503788729547, 19.545183021857763 ], [ -155.408771828205289, 19.545469630223405 ], [ -155.409615801955084, 19.546242481287937 ], [ -155.410341283365256, 19.547783035820856 ], [ -155.412023605041725, 19.54857705320757 ], [ -155.412392148507649, 19.550194568132348 ], [ -155.413230153786515, 19.550961737574468 ], [ -155.41369946458633, 19.551957906843008 ], [ -155.415206847411952, 19.552443622026299 ], [ -155.416857199818111, 19.55395548711877 ], [ -155.417131020104478, 19.554839645680332 ], [ -155.41769533014579, 19.555652383107425 ], [ -155.417945458518005, 19.556750727664799 ], [ -155.41850977808528, 19.557563464097495 ], [ -155.418765893536261, 19.558391226888901 ], [ -155.419621645013905, 19.558939048534562 ], [ -155.420383965559751, 19.559752540635468 ], [ -155.421993090295501, 19.5603837769529 ], [ -155.42299376877645, 19.560911462438355 ], [ -155.423570074612911, 19.561183022774184 ], [ -155.424962048710825, 19.562304012083775 ], [ -155.426102735892641, 19.563034578234763 ], [ -155.427291074451318, 19.564639785571902 ], [ -155.428532708464985, 19.565776808477324 ], [ -155.429156062465694, 19.566951541229532 ], [ -155.429115456947528, 19.567578851878423 ], [ -155.430542993310638, 19.569773017171929 ], [ -155.431306813499759, 19.570472567938626 ], [ -155.431633503666006, 19.571088119170724 ], [ -155.432088576925707, 19.572054108131702 ], [ -155.433881494588178, 19.572756839514547 ], [ -155.435285556011166, 19.573336602295228 ], [ -155.436959952303482, 19.573875438086393 ], [ -155.437831005422822, 19.57446975752833 ], [ -155.43880046807385, 19.574926965105806 ], [ -155.43981097035936, 19.5758518396235 ], [ -155.440079114851642, 19.576138417295642 ], [ -155.440940989397291, 19.576415574952236 ], [ -155.441451683281286, 19.576960728371986 ], [ -155.442065069311781, 19.577249892517507 ], [ -155.442898791641142, 19.577818605079408 ], [ -155.443194555838204, 19.577813341114943 ], [ -155.445268711132911, 19.579482744582805 ], [ -155.447121105506625, 19.580608721972499 ], [ -155.448542125307, 19.581438288866501 ], [ -155.449934456427201, 19.582559137333259 ], [ -155.451258481749136, 19.583183480127673 ], [ -155.451677988291834, 19.584073659413018 ], [ -155.455335033944834, 19.584008461329738 ], [ -155.456048195896898, 19.584049195413233 ], [ -155.456766994332554, 19.584036371676198 ], [ -155.458374533804943, 19.584606233451069 ], [ -155.458748946741309, 19.584627606530002 ], [ -155.459177550574793, 19.584619906607276 ], [ -155.459605449103066, 19.584644444283885 ], [ -155.460220448457562, 19.584633532141279 ], [ -155.462420400774846, 19.585792904602926 ], [ -155.463720215886525, 19.586405850787092 ], [ -155.464959369665792, 19.587727420470635 ], [ -155.46667098147725, 19.588822968889243 ], [ -155.467715554613022, 19.589936616107753 ], [ -155.469782835244615, 19.589717018303922 ], [ -155.470067309831563, 19.589437871710931 ], [ -155.471115788174473, 19.589990327833018 ], [ -155.472132926540155, 19.590317452493814 ], [ -155.474190758639963, 19.591401745083683 ], [ -155.475505339446386, 19.591725688100585 ], [ -155.476727735391677, 19.593029153765869 ], [ -155.477403953370356, 19.593385535091183 ], [ -155.480550193884085, 19.593707201830735 ], [ -155.482203897331487, 19.59429310959505 ], [ -155.482778201264921, 19.594282915847621 ], [ -155.485077408049875, 19.595690645362772 ], [ -155.485797714029417, 19.596458691144225 ], [ -155.489051310818638, 19.596851050885601 ], [ -155.491149640252701, 19.597416210231316 ], [ -155.492602331865328, 19.597499244350022 ], [ -155.494174046910985, 19.59747090485396 ], [ -155.496892781531614, 19.597625878527921 ], [ -155.49760028568187, 19.597288293327885 ], [ -155.500699399686567, 19.596882206142343 ], [ -155.501160563325442, 19.596429044356832 ], [ -155.502751407854277, 19.596857573695228 ], [ -155.505041230104922, 19.597162186548228 ], [ -155.505874763449498, 19.597730381088862 ], [ -155.507571300436297, 19.598071563657459 ], [ -155.508986474945402, 19.599144353400138 ], [ -155.509956341445474, 19.599601230221651 ], [ -155.510967450498953, 19.600525789538739 ], [ -155.511499748966429, 19.60109341097629 ], [ -155.512996879396781, 19.600826583867132 ], [ -155.514566670380361, 19.600915943887134 ], [ -155.517186223993036, 19.600319454415981 ], [ -155.520127989596887, 19.60048685999519 ], [ -155.522109852624681, 19.600199185276722 ], [ -155.525340331165438, 19.600796676263688 ], [ -155.527376016822615, 19.600912631241464 ], [ -155.529420825633451, 19.600162102382694 ], [ -155.532389383108182, 19.600669024491179 ], [ -155.53412931891117, 19.601385959386299 ], [ -155.535838299213253, 19.600996641512406 ], [ -155.536375512085215, 19.601027072620457 ], [ -155.53680418758529, 19.601019193646955 ], [ -155.537374830563493, 19.60105185127777 ], [ -155.537807973922924, 19.601043791469706 ], [ -155.538363015918492, 19.601336033157722 ], [ -155.539302845190889, 19.601637787053352 ], [ -155.540807442192829, 19.602429716431097 ], [ -155.542200088445981, 19.60250882405963 ], [ -155.543057451610423, 19.602493038393938 ], [ -155.543755723043404, 19.602532886693592 ], [ -155.544346490717771, 19.602251029273649 ], [ -155.546309832187859, 19.602778879940459 ], [ -155.547826511624606, 19.60183187168133 ], [ -155.549225311241571, 19.601544606114103 ], [ -155.551557332920993, 19.600431558924299 ], [ -155.554382286729236, 19.599553697839195 ], [ -155.55683351251912, 19.5995083295382 ], [ -155.557902380741666, 19.599568957661539 ], [ -155.560419729873161, 19.599051552595402 ], [ -155.562429273275171, 19.598313697514318 ], [ -155.565156176857613, 19.598029446662906 ], [ -155.566433916789748, 19.598343590268872 ], [ -155.567445072634115, 19.598875786037329 ], [ -155.569295570248613, 19.597585946224722 ], [ -155.571506327697477, 19.597342521614824 ], [ -155.572793264649363, 19.596538958098545 ], [ -155.57472342176527, 19.59664813312823 ], [ -155.575087529684225, 19.596290466562913 ], [ -155.57675854682131, 19.596385171570997 ], [ -155.578093029670725, 19.595970065849574 ], [ -155.579044353333956, 19.596417779059649 ], [ -155.580112115627287, 19.596979537080713 ], [ -155.583896206351682, 19.59671454369964 ], [ -155.587196334345975, 19.596181984135089 ], [ -155.58847379567851, 19.595784488336292 ], [ -155.589783500693329, 19.595418791675439 ], [ -155.590482600254234, 19.594731654314085 ], [ -155.591864678916124, 19.595220244274415 ], [ -155.592801143393359, 19.594773164041875 ], [ -155.594248988413767, 19.594855021285792 ], [ -155.597087471433412, 19.594396821707242 ], [ -155.597070208697858, 19.593573170862189 ], [ -155.599245353271044, 19.593256538247815 ], [ -155.601251227425422, 19.593626755365964 ], [ -155.602248567646598, 19.593348132558457 ], [ -155.602814438968693, 19.593077492263134 ], [ -155.603439618312592, 19.592812198965504 ], [ -155.603973724284998, 19.592287135122323 ], [ -155.604852693732852, 19.591772801844709 ], [ -155.606319744908689, 19.590686288118743 ], [ -155.60729694888164, 19.59074145172292 ], [ -155.607868516550269, 19.590730538199178 ], [ -155.608299296700579, 19.5907550445162 ], [ -155.611088765596179, 19.590501915382369 ], [ -155.613346352213057, 19.590629256267249 ], [ -155.61405477769307, 19.590290927543549 ], [ -155.616107290534785, 19.590406445802369 ], [ -155.617794257694953, 19.589352249142021 ], [ -155.619192911777986, 19.589064403657598 ], [ -155.620044304142084, 19.588799062650665 ], [ -155.621353916517933, 19.588433116566986 ], [ -155.622825857139617, 19.587975019925128 ], [ -155.624912081572148, 19.588359697447562 ], [ -155.625486995240436, 19.588348789173473 ], [ -155.626330458378334, 19.588396318538006 ], [ -155.629216621050375, 19.586794675268127 ], [ -155.630391714126802, 19.586296055183304 ], [ -155.6312487162499, 19.585760013940302 ], [ -155.631836394178691, 19.58551083206476 ], [ -155.63269338804497, 19.584974782569354 ], [ -155.633281061465823, 19.584725595200457 ], [ -155.633642189966764, 19.584370112850614 ], [ -155.635879179925723, 19.583420391651778 ], [ -155.636944690725386, 19.582098439813397 ], [ -155.638214197510308, 19.581027238695693 ], [ -155.639131914792443, 19.579888916112349 ], [ -155.639675654941669, 19.579430005447762 ], [ -155.640236386646365, 19.578878074941173 ], [ -155.640840306535836, 19.578368723167731 ], [ -155.641120532355444, 19.578092621048604 ], [ -155.642087275957408, 19.577682039912339 ], [ -155.643193113485665, 19.577034229089026 ], [ -155.645196688474442, 19.574929595912749 ], [ -155.645186103700752, 19.574430730791477 ], [ -155.645778971345749, 19.573847383252087 ], [ -155.646382855412867, 19.573338007277343 ], [ -155.646943543082415, 19.572786049048158 ], [ -155.648001045247241, 19.572166386917299 ], [ -155.648416040829119, 19.570647424983211 ], [ -155.648718109780248, 19.570392866070804 ], [ -155.650995573629132, 19.567567178623467 ], [ -155.652197716121862, 19.56638460599353 ], [ -155.653051121262394, 19.56643270936879 ], [ -155.653695206860959, 19.565581641120023 ], [ -155.653667598198354, 19.564285005035806 ], [ -155.657284782671582, 19.561328864316483 ], [ -155.657990508008879, 19.561368386281568 ], [ -155.658621970069504, 19.561100080279299 ], [ -155.658616047764809, 19.560819169004031 ], [ -155.659203885444072, 19.560569618399761 ], [ -155.660012178731762, 19.559773914830302 ], [ -155.661224825140039, 19.559524029509234 ], [ -155.662065843798132, 19.55869613383036 ], [ -155.662971371649263, 19.557931827273169 ], [ -155.663251524171187, 19.557655679382073 ], [ -155.663553546224023, 19.557401088253648 ], [ -155.663833696832796, 19.557124939161874 ], [ -155.665555365412558, 19.556115797096833 ], [ -155.665591236083173, 19.555538196048609 ], [ -155.665575604350408, 19.554793064663262 ], [ -155.665948690364189, 19.554079973183558 ], [ -155.667643012480852, 19.55264856517444 ], [ -155.668473921206413, 19.551060527770993 ], [ -155.66911927337884, 19.550425696196722 ], [ -155.671143876659414, 19.548866551656111 ], [ -155.672016872343079, 19.548622476342352 ], [ -155.672582494021327, 19.548351575064224 ], [ -155.674602850815489, 19.548084750436932 ], [ -155.675716318981046, 19.547144131451706 ], [ -155.676063833641763, 19.546260258006622 ], [ -155.676505573051941, 19.544276048409049 ], [ -155.677184169252769, 19.543608476303902 ], [ -155.67936858936028, 19.542150257022072 ], [ -155.679869513359648, 19.541727422323945 ], [ -155.68045961664501, 19.540599185314857 ], [ -155.681335733091288, 19.539859074914869 ], [ -155.682092292034696, 19.539114117336638 ], [ -155.683803225641384, 19.538110644004295 ], [ -155.684796808848262, 19.537271135865481 ], [ -155.685108050366779, 19.536397938870277 ], [ -155.685415527876643, 19.535872640995098 ], [ -155.685948943743085, 19.534376065294321 ], [ -155.687480210835247, 19.532661410567972 ], [ -155.688181966034904, 19.531318893352477 ], [ -155.689569300497254, 19.530505345301968 ], [ -155.690401325588283, 19.528913744849397 ], [ -155.691466519483072, 19.527333813943343 ], [ -155.69189477943533, 19.526244069378766 ], [ -155.69235647798908, 19.523800067828827 ], [ -155.692817341985347, 19.523011821427367 ], [ -155.693601406624424, 19.521511863895729 ], [ -155.695453988299306, 19.519180821962273 ], [ -155.69656718310415, 19.516345213567512 ], [ -155.696981366644508, 19.514956663606071 ], [ -155.696443114226582, 19.514465319776374 ], [ -155.696407912274793, 19.512822910714767 ], [ -155.697188804348173, 19.511789828748565 ], [ -155.697923397087578, 19.510098025504902 ], [ -155.698516788679797, 19.509082926597952 ], [ -155.699044617194431, 19.506709899975725 ], [ -155.70002585734764, 19.50554401829265 ], [ -155.700311345704193, 19.504997125218001 ], [ -155.700909922585936, 19.504205541750721 ], [ -155.700903891271167, 19.503925677252546 ], [ -155.701502460779864, 19.503134090743366 ], [ -155.701930950650052, 19.502314014549295 ], [ -155.702402966955901, 19.50150610065775 ], [ -155.702356559446514, 19.499353680492785 ], [ -155.702583837589088, 19.495694834069539 ], [ -155.702098754798726, 19.49478326312509 ], [ -155.702550911542573, 19.493124348325004 ], [ -155.703734315980029, 19.491717794090881 ], [ -155.704539287407414, 19.489666820195421 ], [ -155.704683583914715, 19.48734705470903 ], [ -155.704657425006673, 19.48613315807609 ], [ -155.706116940556029, 19.485723974442948 ], [ -155.705358570129846, 19.481922884787704 ], [ -155.705679061841778, 19.479643076943631 ], [ -155.706013581491334, 19.47879112449138 ], [ -155.705996994427693, 19.478026385133454 ], [ -155.706326816528446, 19.476414138851784 ], [ -155.706295521018205, 19.474970630226778 ], [ -155.706650222097039, 19.473974668605113 ], [ -155.707777076711693, 19.472045862359447 ], [ -155.707916029093298, 19.469806105534833 ], [ -155.707895396066533, 19.468854610510011 ], [ -155.7082403775091, 19.4674277247783 ], [ -155.708224535500733, 19.466694198949909 ], [ -155.708543024916509, 19.465625912900375 ], [ -155.708866671543177, 19.463184318762842 ], [ -155.709348611606032, 19.462359358418048 ], [ -155.70925154046239, 19.457862177157789 ], [ -155.7095685739327, 19.456698667557287 ], [ -155.710166599921848, 19.455907805278152 ], [ -155.711071793307582, 19.45293522465963 ], [ -155.711663117808797, 19.451922647691894 ], [ -155.711208761113255, 19.44984900546163 ], [ -155.710874046391808, 19.449140891262925 ], [ -155.710582809573026, 19.448875413970203 ], [ -155.710363437194161, 19.446153181143707 ], [ -155.710098376118992, 19.443194784187494 ], [ -155.710973499228231, 19.44245468608149 ], [ -155.711314159974592, 19.441802986685136 ], [ -155.71216715803692, 19.441081253569809 ], [ -155.711904695562112, 19.440495029389094 ], [ -155.711241245481318, 19.439889367067423 ], [ -155.710566863407792, 19.437946060824732 ], [ -155.711130341279812, 19.435877930429395 ], [ -155.711442953795284, 19.435081874437987 ], [ -155.711744607117964, 19.433722929150751 ], [ -155.712068433304239, 19.432383687423098 ], [ -155.712039476878346, 19.431040163573275 ], [ -155.712871985611542, 19.43033602814463 ], [ -155.713269281869344, 19.428876743735195 ], [ -155.713977414449857, 19.427939770661933 ], [ -155.713916061572377, 19.425102993386172 ], [ -155.713966116449399, 19.424291594484771 ], [ -155.713942771498012, 19.423208097245244 ], [ -155.714548863098173, 19.422949893243242 ], [ -155.714186240813575, 19.422618614507947 ], [ -155.714606572497388, 19.419153300536713 ], [ -155.714952118739262, 19.416730569787052 ], [ -155.714912812578376, 19.414915653345744 ], [ -155.715577069387876, 19.414036042865789 ], [ -155.715570985626641, 19.413756437674252 ], [ -155.715883817571353, 19.412959310767494 ], [ -155.716207123535867, 19.41051766035973 ], [ -155.716535855413326, 19.409414087615062 ], [ -155.716524697628046, 19.408901433487014 ], [ -155.716865063825963, 19.406746722437166 ], [ -155.716853413227739, 19.406216871686453 ], [ -155.717440450122552, 19.405211043494344 ], [ -155.717478859250861, 19.40458902052772 ], [ -155.717473151922064, 19.404318147616674 ], [ -155.717540022947816, 19.403236277676797 ], [ -155.717516430221679, 19.402149070153673 ], [ -155.717834666505922, 19.401080734110991 ], [ -155.718209526311114, 19.39970404441566 ], [ -155.719156778851271, 19.39975685866759 ], [ -155.718371731946434, 19.39667614954212 ], [ -155.719100700638194, 19.395426959747418 ], [ -155.718686067343612, 19.394648408776607 ], [ -155.719170939426192, 19.393411994789606 ], [ -155.719138144124088, 19.391907357974688 ], [ -155.719565233439823, 19.391175476768009 ], [ -155.719138628414356, 19.390785679457718 ], [ -155.719203871784913, 19.389727838905916 ], [ -155.719176798332654, 19.3884795321421 ], [ -155.719612606161576, 19.387367829149436 ], [ -155.719181640716101, 19.385208691599885 ], [ -155.719865615463448, 19.384629787172916 ], [ -155.719627418333062, 19.382667688819378 ], [ -155.718956206104366, 19.382054534704668 ], [ -155.719372002889685, 19.381342278176518 ], [ -155.719657145800227, 19.380795307068645 ], [ -155.720248087267805, 19.379782649384925 ], [ -155.719920825010405, 19.379372702633404 ], [ -155.719258650389804, 19.378767911344532 ], [ -155.719945777505671, 19.377015014568599 ], [ -155.719231135489082, 19.37495494287348 ], [ -155.719187723443582, 19.372963836139281 ], [ -155.720339012867726, 19.371989314318633 ], [ -155.720997428191708, 19.370860725773987 ], [ -155.720735400889765, 19.370254697771355 ], [ -155.720318119008283, 19.369471084449351 ], [ -155.720756778573701, 19.36863045664121 ], [ -155.722231629401051, 19.366772225457176 ], [ -155.722538392753819, 19.365142548152683 ], [ -155.723073907509814, 19.363776392471742 ], [ -155.723469766403667, 19.361368525420623 ], [ -155.724629320297737, 19.359988745690163 ], [ -155.724667984493749, 19.359364603437985 ], [ -155.724644229171673, 19.358281087096405 ], [ -155.724780874948777, 19.356071888344133 ], [ -155.724444150473602, 19.355439665544612 ], [ -155.724206301982804, 19.353191729230844 ], [ -155.723039967799281, 19.352126246057846 ], [ -155.723149082233448, 19.350360789218453 ], [ -155.722612141893165, 19.348637905747591 ], [ -155.721552570989161, 19.347961195176158 ], [ -155.7220456415792, 19.347544086932775 ], [ -155.7223415194251, 19.34645575105186 ], [ -155.723200547913052, 19.345318057375366 ], [ -155.723245899873291, 19.344581918811731 ], [ -155.723239985489613, 19.344306280533644 ], [ -155.72381890696974, 19.343816142648137 ], [ -155.723854671237291, 19.343239015380721 ], [ -155.723842734123451, 19.342693025127339 ], [ -155.724209939891637, 19.341756160831022 ], [ -155.723637030014146, 19.340104822616723 ], [ -155.723594974701712, 19.338179572646489 ], [ -155.724008019820701, 19.337471467563883 ], [ -155.723693353198485, 19.336461515235424 ], [ -155.722853597814748, 19.335103119451585 ], [ -155.722596023066615, 19.334275590171146 ], [ -155.722240961956658, 19.333252482007623 ], [ -155.721784076441566, 19.329350322774932 ], [ -155.72188993452454, 19.327634252575223 ], [ -155.721865927920675, 19.326534866209318 ], [ -155.722192984190855, 19.325332853132693 ], [ -155.723026202493401, 19.323206783453188 ], [ -155.722547880282264, 19.321828716277146 ], [ -155.722578728786459, 19.321329770028889 ], [ -155.722295976950988, 19.320731575951662 ], [ -155.720890207528299, 19.319713363764038 ], [ -155.721171389462171, 19.319357482045469 ], [ -155.721751629019025, 19.318866305330587 ], [ -155.721483851828566, 19.318550787233114 ], [ -155.720944973040872, 19.318058514038317 ], [ -155.72064418404122, 19.31719239516924 ], [ -155.720305928614522, 19.315719802265967 ], [ -155.719697855375699, 19.31516440612527 ], [ -155.720139026924215, 19.313923462601 ], [ -155.721017894582332, 19.312758877663853 ], [ -155.720478494260703, 19.311763393490239 ], [ -155.719663642455998, 19.311019180564923 ], [ -155.719635492335527, 19.309722722983214 ], [ -155.719710478615298, 19.308505597871367 ], [ -155.719686987247286, 19.307422086738864 ], [ -155.719734289043402, 19.306656895911885 ], [ -155.719230028539158, 19.30559038395317 ], [ -155.71876313919276, 19.305093588092792 ], [ -155.718100405852255, 19.304488025131544 ], [ -155.71777076796883, 19.303868624469462 ], [ -155.718356812535177, 19.302372474651666 ], [ -155.718397923534724, 19.301708183733187 ], [ -155.717832358296306, 19.300895473780034 ], [ -155.716458836998697, 19.298690032779838 ], [ -155.715652381117479, 19.29907690974235 ], [ -155.715289875664155, 19.296618366795933 ], [ -155.714656694962798, 19.295427891994773 ], [ -155.713761583219963, 19.293534615889165 ], [ -155.712142699777587, 19.293341503013721 ] ], [ [ -155.411115191012073, 19.342079261955544 ], [ -155.411205407089597, 19.342410959848163 ], [ -155.411460580167045, 19.342178862028575 ], [ -155.411115191012073, 19.342079261955544 ] ], [ [ -155.412071008306924, 19.33749615637646 ], [ -155.412161225532913, 19.337827853833442 ], [ -155.41241638919044, 19.337595753214135 ], [ -155.412071008306924, 19.33749615637646 ] ], [ [ -155.41239156985111, 19.335878255578173 ], [ -155.412481787446808, 19.336209952884275 ], [ -155.412736947799289, 19.335977851304289 ], [ -155.41239156985111, 19.335878255578173 ] ], [ [ -155.507985829775293, 19.131172331410593 ], [ -155.507693065334593, 19.131813183994343 ], [ -155.50867066213354, 19.131357990466448 ], [ -155.507985829775293, 19.131172331410593 ] ] ] } }
]
}
