{
"type": "FeatureCollection",
"name": "porlute",
"crs": { "type": "name", "properties": { "name": "urn:ogc:def:crs:OGC:1.3:CRS84" } },
"features": [
{ "type": "Feature", "properties": { "ID": 1, "GRIDCODE": 2 }, "geometry": { "type": "Polygon", "coordinates": [ [ [ -157.950658644173728, 21.686222689688133 ], [ -157.950948600641254, 21.686224523679439 ], [ -157.950946638629915, 21.686495525354587 ], [ -157.95065668162033, 21.686493691338097 ], [ -157.950658644173728, 21.686222689688133 ] ] ] } },
{ "type": "Feature", "properties": { "ID": 2, "GRIDCODE": 2 }, "geometry": { "type": "Polygon", "coordinates": [ [ [ -158.055246191537719, 21.655954956573328 ], [ -158.054893332136231, 21.655860182227837 ], [ -158.055149112521065, 21.655623964685859 ], [ -158.055246191537719, 21.655954956573328 ] ] ] } },
{ "type": "Feature", "properties": { "ID": 3, "GRIDCODE": 2 }, "geometry": { "type": "Polygon", "coordinates": [ [ [ -158.063405518019238, 21.64949664857081 ], [ -158.063758368426903, 21.649591404542861 ], [ -158.063502612544255, 21.649827636404311 ], [ -158.063405518019238, 21.64949664857081 ] ] ] } },
{ "type": "Feature", "properties": { "ID": 4, "GRIDCODE": 2 }, "geometry": { "type": "Polygon", "coordinates": [ [ [ -158.064013258037278, 21.645163720518976 ], [ -158.064366098479695, 21.645258474884141 ], [ -158.064110351471243, 21.645494708113002 ], [ -158.064013258037278, 21.645163720518976 ] ] ] } },
{ "type": "Feature", "properties": { "ID": 5, "GRIDCODE": 2 }, "geometry": { "type": "Polygon", "coordinates": [ [ [ -158.071626480122006, 21.633281435447909 ], [ -158.07197929764439, 21.633376172922869 ], [ -158.071723584255295, 21.633612419396425 ], [ -158.071626480122006, 21.633281435447909 ] ] ] } },
{ "type": "Feature", "properties": { "ID": 6, "GRIDCODE": 2 }, "geometry": { "type": "Polygon", "coordinates": [ [ [ -158.071626480122006, 21.633281435447909 ], [ -158.071273663087879, 21.633186697239275 ], [ -158.071529376402736, 21.632950451445463 ], [ -158.071626480122006, 21.633281435447909 ] ] ] } },
{ "type": "Feature", "properties": { "ID": 7, "GRIDCODE": 2 }, "geometry": { "type": "Polygon", "coordinates": [ [ [ -158.102004833529605, 21.595775830972176 ], [ -158.101715044513583, 21.595774267220879 ], [ -158.101862080514707, 21.595427941185601 ], [ -158.102004833529605, 21.595775830972176 ] ] ] } },
{ "type": "Feature", "properties": { "ID": 8, "GRIDCODE": 2 }, "geometry": { "type": "Polygon", "coordinates": [ [ [ -158.062879953681318, 21.641091999140063 ], [ -158.062048896423875, 21.640243276990663 ], [ -158.060836498821033, 21.639180130649212 ], [ -158.059637154463189, 21.63769946652619 ], [ -158.060432928609941, 21.637674456933922 ], [ -158.061230494351548, 21.638489185878971 ], [ -158.062152255367238, 21.638528599208943 ], [ -158.064200735645301, 21.637706502288236 ], [ -158.066563100619419, 21.63702178628002 ], [ -158.066477835747804, 21.634651646046105 ], [ -158.067857213914806, 21.631397586677181 ], [ -158.06918984759622, 21.629885182394638 ], [ -158.069473934657367, 21.629063381816575 ], [ -158.07056435601254, 21.62662299580165 ], [ -158.069762140451161, 21.625518867149907 ], [ -158.071185698531991, 21.62557962805807 ], [ -158.072266864421692, 21.624935367613652 ], [ -158.073473045433644, 21.623416727119807 ], [ -158.075914835263745, 21.621326376441225 ], [ -158.075901965918518, 21.620968601405441 ], [ -158.078223278349952, 21.620636022901248 ], [ -158.077947446262357, 21.620166818890816 ], [ -158.077370961754156, 21.619661406981994 ], [ -158.078233115844881, 21.61908430751981 ], [ -158.079295515499666, 21.618776226087935 ], [ -158.079793177441701, 21.61780512079498 ], [ -158.081154413927351, 21.617213628696287 ], [ -158.081949953873448, 21.615661089316067 ], [ -158.084353755603189, 21.613697636712768 ], [ -158.085529134292415, 21.612901352103577 ], [ -158.087557114900221, 21.611276019708331 ], [ -158.091082543079125, 21.609520227031012 ], [ -158.092435620285983, 21.607585710221795 ], [ -158.095188213549079, 21.605379303012722 ], [ -158.097933561418046, 21.604396723061726 ], [ -158.099623323997349, 21.602548530536247 ], [ -158.098423598699952, 21.598163477159822 ], [ -158.09829143007488, 21.594508811576151 ], [ -158.098692440908167, 21.593458310596276 ], [ -158.09864711715187, 21.592208210297049 ], [ -158.099503052879385, 21.590537326025903 ], [ -158.101391396288676, 21.589199149066321 ], [ -158.103637401986219, 21.588597279646518 ], [ -158.106258013174624, 21.588350664518856 ], [ -158.109778830217437, 21.585346748165716 ], [ -158.111180078462382, 21.584737410146182 ], [ -158.111659311527148, 21.582023347747025 ], [ -158.115224409955459, 21.578370559641947 ], [ -158.11559011524011, 21.578633206833107 ], [ -158.116399999193789, 21.579820999631409 ], [ -158.118751392285617, 21.581130763407572 ], [ -158.118466296030874, 21.582182131587661 ], [ -158.116766507556065, 21.583196026910322 ], [ -158.115899740784698, 21.58436003256941 ], [ -158.11641047842204, 21.584881506156993 ], [ -158.117008926870199, 21.585406090160898 ], [ -158.117840015282979, 21.586254543442905 ], [ -158.118588090017511, 21.58691026705851 ], [ -158.11900364189259, 21.587334490472713 ], [ -158.119528919810278, 21.587794891979193 ], [ -158.118508815311969, 21.589254138140138 ], [ -158.116534868671437, 21.589170492155596 ], [ -158.115226757716357, 21.58921198072948 ], [ -158.112854211104803, 21.588734520266907 ], [ -158.110476936726428, 21.590771076374196 ], [ -158.109459323160053, 21.592545238924036 ], [ -158.109124256388071, 21.593515527984021 ], [ -158.108532053253185, 21.593773061399048 ], [ -158.107013793330594, 21.594849027831966 ], [ -158.106181541019993, 21.594423530636664 ], [ -158.106251847905924, 21.592974553501914 ], [ -158.105406723434669, 21.592550439308383 ], [ -158.103305336674538, 21.593464167796668 ], [ -158.103352969971354, 21.59478230142955 ], [ -158.102935583193386, 21.5955098241404 ], [ -158.103343980515461, 21.596241796454589 ], [ -158.103261164343394, 21.597947503157688 ], [ -158.103905137408759, 21.600156960715431 ], [ -158.104745923118145, 21.600533551050653 ], [ -158.104696347810858, 21.601553402795382 ], [ -158.106174881522122, 21.601891200773625 ], [ -158.106450254209989, 21.602445053749996 ], [ -158.107607360442927, 21.60279447899601 ], [ -158.106213820399716, 21.603776614420308 ], [ -158.105570915094717, 21.604056162012352 ], [ -158.104709136860919, 21.604603900990636 ], [ -158.103559516061807, 21.60528943526381 ], [ -158.101279852553915, 21.607563716054717 ], [ -158.099757271456411, 21.608642562991989 ], [ -158.097656937098577, 21.609251908458099 ], [ -158.095979391621825, 21.610688510417866 ], [ -158.094584057449822, 21.613412013859676 ], [ -158.09287401898672, 21.613783097309756 ], [ -158.090734070880529, 21.614827058956511 ], [ -158.09014174954504, 21.615084522111808 ], [ -158.088113741736123, 21.616709884439882 ], [ -158.085818366319728, 21.618264869909975 ], [ -158.085458630873745, 21.6188916867122 ], [ -158.085486953786614, 21.6196763966439 ], [ -158.085184012949838, 21.61993576315956 ], [ -158.084901739359765, 21.620486580524037 ], [ -158.084599222424714, 21.620745617360978 ], [ -158.08431822482197, 21.621025813530032 ], [ -158.083783112191639, 21.621003015551306 ], [ -158.081785349956903, 21.621871169532412 ], [ -158.080842605128794, 21.623710855017144 ], [ -158.078085630362693, 21.624510183835486 ], [ -158.076037141538507, 21.625731056212569 ], [ -158.0750041891026, 21.627207405323784 ], [ -158.073828636926294, 21.628003608030586 ], [ -158.073546304174556, 21.628554403504641 ], [ -158.072656699571269, 21.629894832452756 ], [ -158.072666797917009, 21.630175440085818 ], [ -158.071914144485078, 21.630502475286661 ], [ -158.071209946944606, 21.631728997163858 ], [ -158.070909913224739, 21.632876058105076 ], [ -158.069439618872821, 21.634134613278494 ], [ -158.068559207684558, 21.63610485248395 ], [ -158.068268146997838, 21.638010701778292 ], [ -158.066248062475267, 21.638359513581268 ], [ -158.065008339276716, 21.639098185444759 ], [ -158.063787744123744, 21.640315015993536 ], [ -158.062879953681318, 21.641091999140063 ] ], [ [ -158.102004833529605, 21.595775830972176 ], [ -158.102699045548462, 21.595202387777725 ], [ -158.101732942033948, 21.594020305076125 ], [ -158.10100247522783, 21.595171860498478 ], [ -158.101715044513583, 21.595774267220879 ], [ -158.101856052292675, 21.596405017673437 ], [ -158.102004833529605, 21.595775830972176 ] ], [ [ -158.102021550180837, 21.593065662229485 ], [ -158.10217691301753, 21.593410642354332 ], [ -158.102687319087352, 21.593179092120586 ], [ -158.102021550180837, 21.593065662229485 ] ], [ [ -158.101153872528528, 21.592789953250175 ], [ -158.101309233008578, 21.593134934114818 ], [ -158.101819639369126, 21.592903386548741 ], [ -158.101153872528528, 21.592789953250175 ] ], [ [ -158.100286198321413, 21.59251423985236 ], [ -158.100383344863587, 21.592845210001499 ], [ -158.100638939129567, 21.592608914168377 ], [ -158.100286198321413, 21.59251423985236 ] ], [ [ -158.099125392042367, 21.592778987468403 ], [ -158.099479280138667, 21.592688134224321 ], [ -158.099226624703107, 21.592449090280542 ], [ -158.099125392042367, 21.592778987468403 ], [ -158.098771503531992, 21.592869839943706 ], [ -158.09902415889556, 21.593108884565847 ], [ -158.099125392042367, 21.592778987468403 ] ] ] } },
{ "type": "Feature", "properties": { "ID": 9, "GRIDCODE": 2 }, "geometry": { "type": "Polygon", "coordinates": [ [ [ -158.280338190861983, 21.574688627892566 ], [ -158.280691019330675, 21.574782923208655 ], [ -158.280435739781751, 21.575019505879286 ], [ -158.280338190861983, 21.574688627892566 ] ] ] } },
{ "type": "Feature", "properties": { "ID": 10, "GRIDCODE": 2 }, "geometry": { "type": "Polygon", "coordinates": [ [ [ -157.829423022910902, 21.509797818313 ], [ -157.829312003326152, 21.509181177008998 ], [ -157.829047815231377, 21.509644463692648 ], [ -157.829423022910902, 21.509797818313 ], [ -157.828827480099392, 21.510458665228594 ], [ -157.828343529102057, 21.510181413320751 ], [ -157.828857463380075, 21.50858680602574 ], [ -157.830094311666187, 21.509283922730475 ], [ -157.829423022910902, 21.509797818313 ] ] ] } },
{ "type": "Feature", "properties": { "ID": 11, "GRIDCODE": 2 }, "geometry": { "type": "Polygon", "coordinates": [ [ [ -157.950658644173728, 21.686222689688133 ], [ -157.94993655382379, 21.686359152055179 ], [ -157.949487298550622, 21.686339633806035 ], [ -157.949041377713854, 21.68720734886104 ], [ -157.949064258129198, 21.687859356427193 ], [ -157.950219966807566, 21.688378068213623 ], [ -157.950186814999711, 21.689045203802412 ], [ -157.951651842486569, 21.688458120115474 ], [ -157.951083115461103, 21.686908070447579 ], [ -157.950946638629915, 21.686495525354587 ], [ -157.952206553656026, 21.687601439931093 ], [ -157.953232428717996, 21.689669272237232 ], [ -157.958234950916619, 21.693844059805219 ], [ -157.95999352993482, 21.695641999777056 ], [ -157.961545210244395, 21.698258914829797 ], [ -157.965017831388195, 21.700114475286831 ], [ -157.967034183061543, 21.701728491280878 ], [ -157.96807097502608, 21.703817546012488 ], [ -157.968480077882219, 21.704551851491189 ], [ -157.970394330746274, 21.704905729648686 ], [ -157.971541270276589, 21.70519418619245 ], [ -157.972827270904759, 21.705462853001265 ], [ -157.975603213004746, 21.704938001235618 ], [ -157.978433225097262, 21.704694772581654 ], [ -157.98150581818507, 21.70555593784562 ], [ -157.986649647115087, 21.70121167682548 ], [ -157.987854029716459, 21.700495211062769 ], [ -157.99111345869872, 21.700165158234153 ], [ -157.993893202369236, 21.700863924649244 ], [ -157.995658140714369, 21.698556330313625 ], [ -157.997909130845642, 21.696207420692453 ], [ -158.00081025851415, 21.695171726594765 ], [ -158.004104788948098, 21.694823362837024 ], [ -158.006833979870208, 21.692564965283861 ], [ -158.009393820246061, 21.691454553648821 ], [ -158.013405697825704, 21.691627143775534 ], [ -158.014700214599372, 21.690805906009128 ], [ -158.016240035194841, 21.689889476572926 ], [ -158.017475134625187, 21.688659384502134 ], [ -158.019205057479923, 21.687180213604758 ], [ -158.020108645560867, 21.686788157434876 ], [ -158.021554811128681, 21.685702298413538 ], [ -158.022234159740748, 21.685407528677054 ], [ -158.023959281326228, 21.684312969488946 ], [ -158.026201482879998, 21.683339964976948 ], [ -158.026522268508501, 21.68271491812505 ], [ -158.027170772272683, 21.682160407367856 ], [ -158.028262172304096, 21.681686763770646 ], [ -158.02923562937471, 21.681212555025418 ], [ -158.032072878294969, 21.678026393551139 ], [ -158.032041388192141, 21.677144669286967 ], [ -158.034226078721133, 21.676767940658241 ], [ -158.034861249737816, 21.674932594003426 ], [ -158.036783588249421, 21.672355908379796 ], [ -158.038990783428289, 21.66985257209263 ], [ -158.040002248840835, 21.668987469010951 ], [ -158.041533632890804, 21.669053090073682 ], [ -158.042631615996669, 21.669018733826118 ], [ -158.043776677457515, 21.667877666604387 ], [ -158.044296982646813, 21.666863476591885 ], [ -158.045960819487277, 21.664976234773956 ], [ -158.046949316185135, 21.6630490380578 ], [ -158.047979622304069, 21.66216758141632 ], [ -158.049663931209693, 21.660489107037336 ], [ -158.051174669436961, 21.659196502165742 ], [ -158.053615394932024, 21.658324054121277 ], [ -158.054853613592996, 21.657089940265568 ], [ -158.055246191537719, 21.655954956573328 ], [ -158.056342017830048, 21.655083146508609 ], [ -158.057618426206005, 21.653715105739888 ], [ -158.058706407146758, 21.651472444454935 ], [ -158.059537487373632, 21.649461692651098 ], [ -158.059465896475785, 21.648560351583196 ], [ -158.060655893502997, 21.646094605615712 ], [ -158.06108255609729, 21.64538981954875 ], [ -158.061843750722943, 21.642836150356274 ], [ -158.062153720504568, 21.642861191268221 ], [ -158.062426213775154, 21.642354827277071 ], [ -158.059920823745159, 21.640867914739797 ], [ -158.058505253068461, 21.639312904115179 ], [ -158.059030770240071, 21.638444653275272 ], [ -158.059963054713961, 21.638520001110006 ], [ -158.060437536889737, 21.640528817464762 ], [ -158.061760164338864, 21.641313759347842 ], [ -158.062879953681318, 21.641091999140063 ], [ -158.062569257419057, 21.641772169142182 ], [ -158.06276097854456, 21.642595316071461 ], [ -158.064595474030767, 21.643248868884751 ], [ -158.064252311395904, 21.644640424820533 ], [ -158.064013258037278, 21.645163720518976 ], [ -158.063014057286807, 21.646018861197881 ], [ -158.062936919644699, 21.647596851708219 ], [ -158.062998241757612, 21.649302995321097 ], [ -158.062098607846195, 21.650714034113605 ], [ -158.061329527364052, 21.651372158064536 ], [ -158.062077380179716, 21.652027668922159 ], [ -158.062098132548442, 21.652606023372904 ], [ -158.062059141019205, 21.653404444121549 ], [ -158.062640583658748, 21.654446820142208 ], [ -158.062670942210474, 21.655291618714621 ], [ -158.061773410923507, 21.655319766582302 ], [ -158.061222611042041, 21.655296274362819 ], [ -158.060574641178192, 21.655850666048693 ], [ -158.058853097294104, 21.657731915649006 ], [ -158.058054343407861, 21.659289399027973 ], [ -158.056235501984077, 21.66070861577581 ], [ -158.054866066727243, 21.661524277976788 ], [ -158.051114038266519, 21.665739629497299 ], [ -158.049807358415876, 21.666624088848028 ], [ -158.049526630949686, 21.666903824474897 ], [ -158.048642321715732, 21.667430477942855 ], [ -158.048361590458654, 21.667710211433413 ], [ -158.0469353067204, 21.668930354703054 ], [ -158.046104233905481, 21.670550710517759 ], [ -158.043824428557286, 21.671908242790956 ], [ -158.043391453076993, 21.672278665155886 ], [ -158.042970326480031, 21.672698250557985 ], [ -158.040438924500904, 21.674069699837148 ], [ -158.039613505592143, 21.675248387331106 ], [ -158.038743701528603, 21.676414307484812 ], [ -158.038715043755872, 21.676999652585891 ], [ -158.038734384908679, 21.677541804035439 ], [ -158.038714417042769, 21.677948217891338 ], [ -158.038760288254366, 21.679229475004096 ], [ -158.037422483401656, 21.680912217028787 ], [ -158.033424318303474, 21.681246869255965 ], [ -158.031879584515309, 21.682568013644332 ], [ -158.031136249256235, 21.683861403088933 ], [ -158.030665048994649, 21.685660404132932 ], [ -158.028479384414197, 21.687364842449842 ], [ -158.025014295530212, 21.688703871979545 ], [ -158.022653005745781, 21.690630045912879 ], [ -158.021518207230315, 21.691122449332351 ], [ -158.020894772202638, 21.692337127875199 ], [ -158.019765535086179, 21.693009226625136 ], [ -158.018611095976098, 21.693825775053362 ], [ -158.016583597428451, 21.695032451330885 ], [ -158.014577415619385, 21.697554782112888 ], [ -158.013126582955636, 21.69826127983314 ], [ -158.012785755132683, 21.69757512354818 ], [ -158.012484434069421, 21.697034701788418 ], [ -158.013071811757783, 21.696532555253704 ], [ -158.011833806297062, 21.695682652507458 ], [ -158.009780167614451, 21.696061775886829 ], [ -158.00756320333457, 21.697956957330177 ], [ -158.00788263551928, 21.69907562394685 ], [ -158.009280200247701, 21.699702271911537 ], [ -158.008992736075328, 21.700552379076338 ], [ -158.008645828282937, 21.700198035702812 ], [ -158.006180431982557, 21.700274585330867 ], [ -158.004555392925596, 21.699946642977171 ], [ -158.003768484576966, 21.699971062753534 ], [ -158.003363312813377, 21.699155179976312 ], [ -158.00039312809696, 21.700093004076471 ], [ -157.998258808333077, 21.702951733002841 ], [ -157.998194400303078, 21.704258224095224 ], [ -157.999147004005749, 21.704685423450456 ], [ -157.99908706372716, 21.705899673174944 ], [ -157.999135079041366, 21.70724988427969 ], [ -157.998215435100036, 21.70617058507769 ], [ -157.997560500842582, 21.705209202093229 ], [ -157.996386373681219, 21.705953843572118 ], [ -157.995330307712038, 21.70560076902315 ], [ -157.992711084055884, 21.70532417931155 ], [ -157.991072623382593, 21.70450116690477 ], [ -157.989314948982866, 21.704854769715176 ], [ -157.987582370993039, 21.70657946542936 ], [ -157.985552688765125, 21.708117455628319 ], [ -157.984867472145822, 21.708799533016339 ], [ -157.983945583197652, 21.709587378355799 ], [ -157.98400029335329, 21.711133712283939 ], [ -157.983594422378104, 21.712304608760345 ], [ -157.983090111749902, 21.711764115996157 ], [ -157.983679073506778, 21.711260865395811 ], [ -157.982932751332811, 21.710418131054972 ], [ -157.982240622917686, 21.710388242898553 ], [ -157.980832699037279, 21.71043172957452 ], [ -157.979109990032072, 21.709308350513894 ], [ -157.976388081820545, 21.709190692564462 ], [ -157.975570607576543, 21.709545054154297 ], [ -157.974694701839468, 21.709971236903964 ], [ -157.970930450961788, 21.709526630119697 ], [ -157.968579848302056, 21.709051803383275 ], [ -157.967050079501888, 21.709542157661875 ], [ -157.966002306747072, 21.709224943581745 ], [ -157.965727294854418, 21.708670877204405 ], [ -157.965427688181677, 21.70840795094805 ], [ -157.965465257799082, 21.707649034398834 ], [ -157.964868915230824, 21.707039432811253 ], [ -157.963894253860218, 21.706442616768371 ], [ -157.963336885499785, 21.704188840057764 ], [ -157.960501428163582, 21.702763907819268 ], [ -157.958288273461505, 21.701942531456204 ], [ -157.957641579481276, 21.70078146301806 ], [ -157.956629384558511, 21.698741763091714 ], [ -157.955231211670679, 21.697056952900773 ], [ -157.952775211178647, 21.695038861613433 ], [ -157.951213206345813, 21.693952841253502 ], [ -157.949605148495067, 21.692308673990944 ], [ -157.949050803503553, 21.691822087878712 ], [ -157.94873395784316, 21.690958406769479 ], [ -157.948313178233605, 21.689686519813549 ], [ -157.946731079088522, 21.688767267688863 ], [ -157.944435906315221, 21.687486436005663 ], [ -157.944413847174388, 21.686860602141994 ], [ -157.944529955911491, 21.684527023797983 ], [ -157.944155000561125, 21.684143657018875 ], [ -157.943622651159103, 21.683676348869625 ], [ -157.943281931614877, 21.683064365014463 ], [ -157.942732177350564, 21.681956164002003 ], [ -157.941900754731648, 21.681226219551014 ], [ -157.941560047662989, 21.680614265591032 ], [ -157.94090214392395, 21.679002842456129 ], [ -157.939916162473821, 21.677553940894615 ], [ -157.938688384067575, 21.676801731428167 ], [ -157.936681873529125, 21.675152483075191 ], [ -157.934513095488825, 21.67486127315437 ], [ -157.932633246281881, 21.673709428354435 ], [ -157.932928282031014, 21.673209858353502 ], [ -157.934585719918601, 21.673281908484281 ], [ -157.936368970295064, 21.671758706073774 ], [ -157.937001755703136, 21.669562758931633 ], [ -157.936377117469419, 21.66730847011322 ], [ -157.935414497281556, 21.664949720124014 ], [ -157.932298467238184, 21.662453797929107 ], [ -157.931238510485969, 21.66209888166431 ], [ -157.93046243126679, 21.662122599785516 ], [ -157.929520457121384, 21.661837112448783 ], [ -157.92866385886316, 21.66155025201304 ], [ -157.926928236749262, 21.66102421082557 ], [ -157.927308858737604, 21.658195255102783 ], [ -157.928699168514072, 21.655272175991161 ], [ -157.927569351737304, 21.652617406339484 ], [ -157.926416796731303, 21.651779253202108 ], [ -157.923461718866719, 21.650237593879982 ], [ -157.922047353128761, 21.648158503171651 ], [ -157.918817169307971, 21.649019824754816 ], [ -157.913962941468952, 21.648727466622805 ], [ -157.91368620875437, 21.6484443224264 ], [ -157.912413610631233, 21.648152146236132 ], [ -157.917667338002076, 21.647314468316402 ], [ -157.91805045336784, 21.646315022405236 ], [ -157.91833743910405, 21.645222516443518 ], [ -157.918849908556808, 21.643444548335037 ], [ -157.917903536361734, 21.639969469089746 ], [ -157.918475377622428, 21.637020693247521 ], [ -157.918386473890308, 21.634475789385764 ], [ -157.918984340822391, 21.633312454600734 ], [ -157.919594649201315, 21.633577114967135 ], [ -157.920127717639872, 21.634122606878019 ], [ -157.920175044240807, 21.633582144008802 ], [ -157.919872802126065, 21.63303894651613 ], [ -157.920478109911386, 21.632776629290266 ], [ -157.920168052545051, 21.632504263014226 ], [ -157.921114460492646, 21.630391855840291 ], [ -157.92002758439844, 21.629047460694608 ], [ -157.921051309511512, 21.628603786047979 ], [ -157.92109504601234, 21.627726318051241 ], [ -157.920731739922303, 21.625877875268618 ], [ -157.919582177825333, 21.625127171141859 ], [ -157.917939599729948, 21.624389263483831 ], [ -157.916931278759961, 21.623357265130299 ], [ -157.915896372960674, 21.622722808441853 ], [ -157.915430214629538, 21.622245825003255 ], [ -157.912456991421891, 21.619857284502096 ], [ -157.912409565700784, 21.618497274202202 ], [ -157.912796901707623, 21.61715380279259 ], [ -157.91246504524139, 21.614031004042239 ], [ -157.911642210391364, 21.613188892944422 ], [ -157.910898915743701, 21.61253573815533 ], [ -157.909609196917387, 21.610756568038827 ], [ -157.909636829394231, 21.610204068934827 ], [ -157.909128404616609, 21.610219592672145 ], [ -157.908469908666859, 21.608226405191708 ], [ -157.907326745391231, 21.607479633842836 ], [ -157.905613768218529, 21.607162094259067 ], [ -157.901302921771816, 21.605224676970749 ], [ -157.89815770201912, 21.602697269228866 ], [ -157.897509424535201, 21.601190955523357 ], [ -157.897548614083092, 21.600407288033995 ], [ -157.89696927887087, 21.599365579122569 ], [ -157.896672156655313, 21.598465877875952 ], [ -157.896091766351049, 21.597117284246202 ], [ -157.895317595310701, 21.594772606466595 ], [ -157.893507799414976, 21.59291960023663 ], [ -157.891804892181057, 21.592402900588613 ], [ -157.889045181825423, 21.589977014211978 ], [ -157.888198523841453, 21.588454390119935 ], [ -157.887018926775852, 21.585233058517094 ], [ -157.886464359063837, 21.581820116929372 ], [ -157.885839458467245, 21.580558399006012 ], [ -157.884746262673275, 21.579205014325566 ], [ -157.884503730287918, 21.578470476820332 ], [ -157.884857696488666, 21.578380083561687 ], [ -157.884605431815771, 21.578140728408883 ], [ -157.884503730287918, 21.578470476820332 ], [ -157.884064608445101, 21.578337189315228 ], [ -157.882517927313899, 21.577437093732772 ], [ -157.881467398019339, 21.576964701271745 ], [ -157.880036101917227, 21.576131722207595 ], [ -157.877566735265049, 21.575382120776467 ], [ -157.876374355800436, 21.574650498423079 ], [ -157.874748450176043, 21.572753946706005 ], [ -157.874577904921722, 21.567834205142315 ], [ -157.874666194048132, 21.566073218237996 ], [ -157.87454867914289, 21.562677022105763 ], [ -157.87523578223238, 21.561483209532216 ], [ -157.87519020072267, 21.560166675706114 ], [ -157.875527866832044, 21.559579884700582 ], [ -157.875814965519623, 21.558487447240708 ], [ -157.876398223469295, 21.557989185569333 ], [ -157.875326538739444, 21.556355018098493 ], [ -157.873195004870439, 21.555519113298612 ], [ -157.871597651127644, 21.555449023077614 ], [ -157.868891083441639, 21.556170471570329 ], [ -157.869172867727258, 21.555732384808458 ], [ -157.869910055248681, 21.554794000479582 ], [ -157.870552604013852, 21.554677206974898 ], [ -157.87078331102029, 21.554257892790208 ], [ -157.871738700493495, 21.554148308319338 ], [ -157.870991231657115, 21.553894796700444 ], [ -157.87078331102029, 21.554257892790208 ], [ -157.869914254071944, 21.554252003196765 ], [ -157.869910055248681, 21.554794000479582 ], [ -157.869092398085826, 21.555018312982753 ], [ -157.868569152575674, 21.556094181520251 ], [ -157.868605179005243, 21.556555928457229 ], [ -157.867127366399444, 21.557339674212518 ], [ -157.866991764746615, 21.558151790179561 ], [ -157.868621660170106, 21.557604361942396 ], [ -157.868557188007827, 21.558293034877469 ], [ -157.865622206914509, 21.558691049395481 ], [ -157.865106109951654, 21.559243124457563 ], [ -157.864792961259099, 21.559491889881482 ], [ -157.864520390042941, 21.560052171873838 ], [ -157.863972860666877, 21.560570350795409 ], [ -157.86118153778105, 21.559448195424405 ], [ -157.859720377905063, 21.558672476354317 ], [ -157.856004867957239, 21.557726923445795 ], [ -157.854432140333756, 21.557834225359425 ], [ -157.853143337349394, 21.557381395100403 ], [ -157.850858784984723, 21.555586881742812 ], [ -157.849793082511496, 21.55396881248307 ], [ -157.848107527392131, 21.551709485461984 ], [ -157.846545313976549, 21.54981483691834 ], [ -157.846011179648428, 21.548672442823278 ], [ -157.846236068928334, 21.546277043227501 ], [ -157.845496943335434, 21.54501585251634 ], [ -157.845366155700532, 21.544598372644707 ], [ -157.845719917270486, 21.544508058646798 ], [ -157.845468058509312, 21.544268650642572 ], [ -157.845366155700532, 21.544598372644707 ], [ -157.845067522432544, 21.54433561477515 ], [ -157.844183312424121, 21.543429447158744 ], [ -157.842039280771871, 21.542113043482416 ], [ -157.840912632741066, 21.539287916537507 ], [ -157.840640832539236, 21.538462671662806 ], [ -157.840344089866448, 21.537928907750302 ], [ -157.839762929714567, 21.536165475872146 ], [ -157.837771584439139, 21.53441339563544 ], [ -157.837439767007851, 21.533064562374342 ], [ -157.836575222434362, 21.531870082039859 ], [ -157.835929657430512, 21.530565373207519 ], [ -157.834360539241487, 21.527739831331481 ], [ -157.834318736414019, 21.526527134478737 ], [ -157.834674425381451, 21.522431432328727 ], [ -157.835140120933232, 21.520818539404893 ], [ -157.83537904267763, 21.516072740051538 ], [ -157.835318414248718, 21.51431074105631 ], [ -157.835337239223946, 21.513935915498273 ], [ -157.834260778872988, 21.508935791575254 ], [ -157.836453099056655, 21.508522532501608 ], [ -157.839725313845122, 21.508666715834565 ], [ -157.842899159377225, 21.5079119617251 ], [ -157.842619112613392, 21.50813339436537 ], [ -157.840879384575885, 21.509074236335501 ], [ -157.840850174679645, 21.509655029323284 ], [ -157.842578795861272, 21.511797273537415 ], [ -157.842202386974009, 21.512685841389821 ], [ -157.839858117004013, 21.513279873581006 ], [ -157.840031595552631, 21.518327486653963 ], [ -157.83961947165534, 21.519755771173706 ], [ -157.839313104944438, 21.523287115709373 ], [ -157.838908883591813, 21.52667201543284 ], [ -157.839585972395923, 21.527891050823968 ], [ -157.838836806001268, 21.529192066770669 ], [ -157.838950291505, 21.532493823762056 ], [ -157.838936822934386, 21.53276474142648 ], [ -157.838950845048913, 21.533171356108991 ], [ -157.838918956194249, 21.533802281013823 ], [ -157.839471574489835, 21.534919218419112 ], [ -157.841107978927823, 21.534991268528195 ], [ -157.843878325444877, 21.534253366772475 ], [ -157.845606960204975, 21.53886698030313 ], [ -157.847879113335154, 21.54086592098815 ], [ -157.847846265820891, 21.541515235680141 ], [ -157.848707288538151, 21.541489290521195 ], [ -157.849327318346724, 21.542931467540708 ], [ -157.849275988338206, 21.543952303773018 ], [ -157.849573052751708, 21.54448678314445 ], [ -157.849842777990062, 21.545583012668143 ], [ -157.850137435163759, 21.546387758480847 ], [ -157.850424657166883, 21.549429424054782 ], [ -157.850978699088131, 21.549916710863176 ], [ -157.851254843911335, 21.550199947316322 ], [ -157.852963451428366, 21.550718932648834 ], [ -157.853573000120093, 21.551560642087619 ], [ -157.854077889590229, 21.552581268045156 ], [ -157.854635538942773, 21.553152663943944 ], [ -157.855305926820535, 21.553490343522302 ], [ -157.856479426351228, 21.553454861299613 ], [ -157.856403022769115, 21.554972890697037 ], [ -157.857309107286227, 21.555380461860729 ], [ -157.859681928629357, 21.556932006157052 ], [ -157.86267203142836, 21.557335135679203 ], [ -157.863602884633849, 21.559215810540021 ], [ -157.864208975147932, 21.559242438348328 ], [ -157.864525885582367, 21.558692251332442 ], [ -157.864852631652383, 21.557750432942019 ], [ -157.866021105435806, 21.557055845432146 ], [ -157.865955045661053, 21.555145273555091 ], [ -157.867638084545547, 21.555219109548734 ], [ -157.868026731933469, 21.554098528598651 ], [ -157.868565568666497, 21.553638236279696 ], [ -157.868959019132774, 21.552954838939836 ], [ -157.86890676096175, 21.551448430860017 ], [ -157.874284356918963, 21.551285474585079 ], [ -157.877556977447853, 21.552503083877706 ], [ -157.880437635566608, 21.555551442624093 ], [ -157.879900377719395, 21.556086154886756 ], [ -157.879597652055054, 21.55634481193529 ], [ -157.879310586397452, 21.557437257599783 ], [ -157.878718163486241, 21.557693964670655 ], [ -157.878197153220327, 21.558707618813301 ], [ -157.877709198469489, 21.559193229432967 ], [ -157.877221203370851, 21.559610158586793 ], [ -157.877267396495569, 21.56094151776157 ], [ -157.87634339305967, 21.561341809709784 ], [ -157.876386231754225, 21.562575022831677 ], [ -157.875596183048032, 21.563947453422863 ], [ -157.876549979561531, 21.565264290351827 ], [ -157.876904785160264, 21.567448548508267 ], [ -157.877201436612239, 21.567982252098577 ], [ -157.877706829112697, 21.569002816119461 ], [ -157.878463811804295, 21.569778143884804 ], [ -157.879210679470617, 21.570434898354563 ], [ -157.879551052998664, 21.571466389047533 ], [ -157.881685712454868, 21.572114332328859 ], [ -157.883814315180615, 21.573186261983569 ], [ -157.885439924450452, 21.573917224779542 ], [ -157.88851857661831, 21.576623847298826 ], [ -157.890106942749838, 21.578816244114243 ], [ -157.890900004861464, 21.580981894300663 ], [ -157.891505498245664, 21.584706935407144 ], [ -157.892911513024359, 21.587545522287513 ], [ -157.894184102967159, 21.588471760169128 ], [ -157.896363823385343, 21.589451578069983 ], [ -157.899128514267176, 21.592375804489585 ], [ -157.900184898004312, 21.594830380168851 ], [ -157.901699804396685, 21.598761877775843 ], [ -157.902254411676267, 21.60044111077697 ], [ -157.904383866651699, 21.601832180486447 ], [ -157.907060442374217, 21.602880971861826 ], [ -157.909026510286793, 21.603332551893931 ], [ -157.911929261171991, 21.60421296896212 ], [ -157.91352920539174, 21.606077979355515 ], [ -157.914144587151753, 21.609210768339764 ], [ -157.916734142702325, 21.612414649444979 ], [ -157.917112193944121, 21.615142338758609 ], [ -157.917405050022126, 21.616217980065198 ], [ -157.917667611826204, 21.618398123743745 ], [ -157.919119757975011, 21.619481303533163 ], [ -157.920549696395767, 21.620584970753637 ], [ -157.921426257841489, 21.621122365495552 ], [ -157.921988761946579, 21.621949377886246 ], [ -157.922573501988836, 21.622755888945427 ], [ -157.922858935606115, 21.623331592521406 ], [ -157.924296159194682, 21.623287634027132 ], [ -157.924306802281222, 21.623589748911147 ], [ -157.923864650536473, 21.624358246263835 ], [ -157.924339528313737, 21.626281709680121 ], [ -157.924865274639416, 21.62630462943125 ], [ -157.925727588752181, 21.625885089812535 ], [ -157.92529408580765, 21.633751228141278 ], [ -157.924079192155261, 21.636115600242341 ], [ -157.923087651210466, 21.637443007986882 ], [ -157.922642762002226, 21.639737587927964 ], [ -157.923014564772444, 21.641458712199036 ], [ -157.923275229398484, 21.643909846530917 ], [ -157.924950359680025, 21.644662210818318 ], [ -157.925881138274889, 21.64581348943037 ], [ -157.92685361029308, 21.647071029621589 ], [ -157.928175005957513, 21.647735723924971 ], [ -157.92984428141213, 21.64848542269138 ], [ -157.931360014736924, 21.65025128005237 ], [ -157.932440915080093, 21.652192977009765 ], [ -157.932918783095602, 21.653947118462423 ], [ -157.932720633673, 21.657927817133135 ], [ -157.935149560597637, 21.659018534472381 ], [ -157.939493610287883, 21.66283312369287 ], [ -157.941297826135468, 21.667509310778851 ], [ -157.941035166715267, 21.672789562499251 ], [ -157.944008731745015, 21.675400147389286 ], [ -157.944947847496223, 21.677086857639651 ], [ -157.945635042263802, 21.678472100193584 ], [ -157.946508103225511, 21.679551379989455 ], [ -157.947356973296053, 21.680922159696642 ], [ -157.948739018332873, 21.682630516913726 ], [ -157.94908614892023, 21.683903954772859 ], [ -157.949363451010328, 21.685025629106171 ], [ -157.950243331527759, 21.685798058118042 ], [ -157.950658644173728, 21.686222689688133 ] ], [ [ -157.875430820772863, 21.552663232321567 ], [ -157.875527428221943, 21.552994313821369 ], [ -157.875783298598577, 21.552758373639879 ], [ -157.875430820772863, 21.552663232321567 ] ], [ [ -157.965316757199304, 21.704472753349183 ], [ -157.965475566733119, 21.705433873942432 ], [ -157.964845350507005, 21.705899020671978 ], [ -157.964901629800892, 21.706345890739289 ], [ -157.967044549675876, 21.706110343585852 ], [ -157.966862292466232, 21.704663223701544 ], [ -157.965316757199304, 21.704472753349183 ] ], [ [ -157.908912013170408, 21.607901720105264 ], [ -157.909008728195488, 21.608232784834595 ], [ -157.909264648265378, 21.607996796557842 ], [ -157.908912013170408, 21.607901720105264 ] ], [ [ -157.904297729563467, 21.604890243379597 ], [ -157.904394432285244, 21.605221310382557 ], [ -157.904650353965479, 21.604985329213687 ], [ -157.904297729563467, 21.604890243379597 ] ], [ [ -157.904012022454765, 21.604346334349483 ], [ -157.904108724216485, 21.60467740149705 ], [ -157.904364645339513, 21.604441420731778 ], [ -157.904012022454765, 21.604346334349483 ] ], [ [ -157.903438572206056, 21.603529515133168 ], [ -157.903535272193523, 21.603860582567915 ], [ -157.90379119270321, 21.603624602640746 ], [ -157.903438572206056, 21.603529515133168 ] ], [ [ -157.903736525635082, 21.602447423957774 ], [ -157.90409054091387, 21.602356992024486 ], [ -157.903838203568, 21.602117663582806 ], [ -157.903736525635082, 21.602447423957774 ], [ -157.903446740881463, 21.602445514479381 ], [ -157.903444698760609, 21.602716514656329 ], [ -157.903090682261194, 21.602806945157486 ], [ -157.903343019463364, 21.603046274712145 ], [ -157.903444698760609, 21.602716514656329 ], [ -157.903734484053643, 21.602718424161026 ], [ -157.903736525635082, 21.602447423957774 ] ], [ [ -157.874545046272203, 21.554825360176654 ], [ -157.874641794322429, 21.555156443035603 ], [ -157.874897387133245, 21.554920502591525 ], [ -157.874545046272203, 21.554825360176654 ] ], [ [ -157.873967763831985, 21.554550448243969 ], [ -157.87445052292108, 21.554462665260029 ], [ -157.874459341757245, 21.553649685206722 ], [ -157.873967763831985, 21.554550448243969 ], [ -157.873613992068528, 21.554640821786183 ], [ -157.873865916211912, 21.554880189790719 ], [ -157.873967763831985, 21.554550448243969 ] ], [ [ -157.872231739925724, 21.554267698715176 ], [ -157.872386370370435, 21.554612870523687 ], [ -157.872897112339018, 21.554382033500524 ], [ -157.872231739925724, 21.554267698715176 ] ], [ [ -157.837827705547227, 21.509043495513055 ], [ -157.837537565681941, 21.509430460079649 ], [ -157.836573346031031, 21.509760457984768 ], [ -157.838061424041143, 21.510239864485293 ], [ -157.83852377293988, 21.509215868919778 ], [ -157.837827705547227, 21.509043495513055 ] ] ] } },
{ "type": "Feature", "properties": { "ID": 12, "GRIDCODE": 2 }, "geometry": { "type": "Polygon", "coordinates": [ [ [ -157.843051100774119, 21.507724708545307 ], [ -157.844018771376682, 21.50784918451539 ], [ -157.843244608522184, 21.508074673407979 ], [ -157.843051100774119, 21.507724708545307 ] ] ] } },
{ "type": "Feature", "properties": { "ID": 13, "GRIDCODE": 2 }, "geometry": { "type": "Polygon", "coordinates": [ [ [ -157.846826467233626, 21.506395760767283 ], [ -157.84873266317922, 21.506537935984568 ], [ -157.848134582676664, 21.507030778660475 ], [ -157.849631715674548, 21.507367691160812 ], [ -157.844992117083876, 21.507649286284568 ], [ -157.846633820288872, 21.511421530269377 ], [ -157.846268768947141, 21.511411729828438 ], [ -157.844651040492948, 21.507863683796867 ], [ -157.844335270089886, 21.507595646936938 ], [ -157.846579823125694, 21.50665031521438 ], [ -157.846826467233626, 21.506395760767283 ] ] ] } },
{ "type": "Feature", "properties": { "ID": 14, "GRIDCODE": 2 }, "geometry": { "type": "Polygon", "coordinates": [ [ [ -157.848996441100667, 21.488252847165196 ], [ -157.848994310050443, 21.488523845972381 ], [ -157.848624385879901, 21.488385790710929 ], [ -157.848996441100667, 21.488252847165196 ] ] ] } },
{ "type": "Feature", "properties": { "ID": 15, "GRIDCODE": 2 }, "geometry": { "type": "Polygon", "coordinates": [ [ [ -157.796394209768351, 21.476228809533463 ], [ -157.799892711602951, 21.476369352558194 ], [ -157.798994757729986, 21.477566901327336 ], [ -157.797428760150439, 21.476888968569448 ], [ -157.796508849990687, 21.476660961743494 ], [ -157.796394209768351, 21.476228809533463 ] ] ] } },
{ "type": "Feature", "properties": { "ID": 16, "GRIDCODE": 2 }, "geometry": { "type": "Polygon", "coordinates": [ [ [ -157.7182645003586, 21.471040961807695 ], [ -157.719137123614075, 21.471838762107179 ], [ -157.718423440321061, 21.472522911852408 ], [ -157.7182645003586, 21.471040961807695 ] ] ] } },
{ "type": "Feature", "properties": { "ID": 17, "GRIDCODE": 2 }, "geometry": { "type": "Polygon", "coordinates": [ [ [ -157.720604202910579, 21.468348835458368 ], [ -157.721135592969034, 21.468495415939117 ], [ -157.721641312439658, 21.469315935887799 ], [ -157.720639575204814, 21.469575706247955 ], [ -157.721584413396386, 21.470295907821566 ], [ -157.720134366636529, 21.470121325542625 ], [ -157.720211190035712, 21.469580367627348 ], [ -157.719514169109544, 21.470042143566719 ], [ -157.719620607141053, 21.470900830709589 ], [ -157.718392893894674, 21.470649664535376 ], [ -157.718433273190499, 21.470364744573342 ], [ -157.718348748061658, 21.469684534672698 ], [ -157.720474253450504, 21.468498362512324 ], [ -157.720604202910579, 21.468348835458368 ] ] ] } },
{ "type": "Feature", "properties": { "ID": 18, "GRIDCODE": 2 }, "geometry": { "type": "Polygon", "coordinates": [ [ [ -157.834157622076987, 21.460777676136868 ], [ -157.834509708842376, 21.460872893579726 ], [ -157.834254226082095, 21.46110877921004 ], [ -157.834157622076987, 21.460777676136868 ] ] ] } },
{ "type": "Feature", "properties": { "ID": 19, "GRIDCODE": 2 }, "geometry": { "type": "Polygon", "coordinates": [ [ [ -157.726474269430327, 21.459179467461926 ], [ -157.728328229804305, 21.459320407323936 ], [ -157.726731289106851, 21.459533942738563 ], [ -157.726474269430327, 21.459179467461926 ] ] ] } },
{ "type": "Feature", "properties": { "ID": 20, "GRIDCODE": 2 }, "geometry": { "type": "Polygon", "coordinates": [ [ [ -157.732266261782144, 21.458952457700178 ], [ -157.731818339812776, 21.459486839533476 ], [ -157.729632426493112, 21.460361342470616 ], [ -157.728418818148185, 21.459469632925277 ], [ -157.729938758514692, 21.459691712457815 ], [ -157.731358455533638, 21.459181712880675 ], [ -157.732266261782144, 21.458952457700178 ] ] ] } },
{ "type": "Feature", "properties": { "ID": 21, "GRIDCODE": 2 }, "geometry": { "type": "Polygon", "coordinates": [ [ [ -157.726474269430327, 21.459179467461926 ], [ -157.72491485629493, 21.459043928505491 ], [ -157.726228099222283, 21.458812900375488 ], [ -157.726474269430327, 21.459179467461926 ] ] ] } },
{ "type": "Feature", "properties": { "ID": 22, "GRIDCODE": 2 }, "geometry": { "type": "Polygon", "coordinates": [ [ [ -157.723871291461165, 21.458888624740364 ], [ -157.724536086186021, 21.45900352622278 ], [ -157.724025475507005, 21.459233916600354 ], [ -157.723871291461165, 21.458888624740364 ] ] ] } },
{ "type": "Feature", "properties": { "ID": 23, "GRIDCODE": 2 }, "geometry": { "type": "Polygon", "coordinates": [ [ [ -157.7536196361701, 21.433096171586353 ], [ -157.75278125739743, 21.434025952386857 ], [ -157.752990647119844, 21.432869507804696 ], [ -157.7536196361701, 21.433096171586353 ] ] ] } },
{ "type": "Feature", "properties": { "ID": 24, "GRIDCODE": 2 }, "geometry": { "type": "Polygon", "coordinates": [ [ [ -157.787499286453112, 21.431447858779055 ], [ -157.788627531246931, 21.432049985588886 ], [ -157.788417845628032, 21.433310495164509 ], [ -157.789004497630884, 21.435250058265638 ], [ -157.788434954725943, 21.435655299092179 ], [ -157.789034269860366, 21.436095462100326 ], [ -157.787629445491945, 21.435846572865099 ], [ -157.787347622578324, 21.434545916876235 ], [ -157.787018047042466, 21.434303880943549 ], [ -157.787107887885668, 21.433762510335704 ], [ -157.786684472844655, 21.433451445874816 ], [ -157.787369824065621, 21.432406045479325 ], [ -157.787326957619968, 21.432120300336202 ], [ -157.787499286453112, 21.431447858779055 ] ] ] } },
{ "type": "Feature", "properties": { "ID": 25, "GRIDCODE": 2 }, "geometry": { "type": "Polygon", "coordinates": [ [ [ -158.175977063250258, 21.428660496730991 ], [ -158.179602843672029, 21.428806204355272 ], [ -158.181583636058576, 21.429313366845101 ], [ -158.181897547263617, 21.429645754151252 ], [ -158.182201983958521, 21.429903057027669 ], [ -158.183175417890936, 21.431352711638795 ], [ -158.185054593350685, 21.434539782601533 ], [ -158.186001163798068, 21.435822672946301 ], [ -158.188327087373608, 21.439861446153994 ], [ -158.189351366715385, 21.440727224084917 ], [ -158.191305349347999, 21.440081517902147 ], [ -158.191678887575506, 21.44068315980984 ], [ -158.189939019185914, 21.44105331270395 ], [ -158.189955535325282, 21.441339051671743 ], [ -158.189357895634942, 21.441592371755945 ], [ -158.188712071141225, 21.442532374259446 ], [ -158.188794546831843, 21.443952466365531 ], [ -158.189993734478264, 21.446044238873721 ], [ -158.191331699485687, 21.447175081211483 ], [ -158.192667194594975, 21.447756750602128 ], [ -158.192367653462583, 21.44852592945896 ], [ -158.192014168090139, 21.448616994579389 ], [ -158.192266740819207, 21.448855898934056 ], [ -158.192367653462583, 21.44852592945896 ], [ -158.193610642395612, 21.448709062191075 ], [ -158.194248538093007, 21.448388559722069 ], [ -158.195790467990179, 21.448914887169089 ], [ -158.196639220673688, 21.450178523744245 ], [ -158.19758172422965, 21.450975109467262 ], [ -158.197989184443742, 21.45140644475017 ], [ -158.1997505842603, 21.451798998578514 ], [ -158.19970270061981, 21.452491180452903 ], [ -158.199736175546548, 21.453066430614506 ], [ -158.202027893010182, 21.453740935691005 ], [ -158.202403398798509, 21.456074253265232 ], [ -158.202940359241097, 21.457498160208758 ], [ -158.204624710188824, 21.458740856741954 ], [ -158.20489628388691, 21.459028402430182 ], [ -158.205490347733843, 21.459287041030628 ], [ -158.207463383274643, 21.460302857604006 ], [ -158.209424110415938, 21.460879814687569 ], [ -158.211436801188057, 21.459868298508411 ], [ -158.214191856493272, 21.459614395412267 ], [ -158.214122585220593, 21.460616095524419 ], [ -158.21266734691406, 21.461233045282746 ], [ -158.212724690572941, 21.462217209434954 ], [ -158.21329816371977, 21.464262667439765 ], [ -158.215012792197655, 21.465294783296272 ], [ -158.216107303449547, 21.466018135074602 ], [ -158.217377920716842, 21.467362722026436 ], [ -158.217277553654185, 21.468815827311424 ], [ -158.217748361400083, 21.469636563564848 ], [ -158.218158278155158, 21.471323984150768 ], [ -158.218742116795852, 21.471817105000529 ], [ -158.219054198407321, 21.473427109576289 ], [ -158.219679000579333, 21.475654888251579 ], [ -158.220453467145973, 21.476703735383424 ], [ -158.221056955370159, 21.477601773274813 ], [ -158.221675596045714, 21.478124294064518 ], [ -158.222899396661177, 21.478061765165911 ], [ -158.223767833537835, 21.47811423682645 ], [ -158.225584228492352, 21.478021353307739 ], [ -158.227453452454796, 21.478983325674495 ], [ -158.22804342416859, 21.480202338067095 ], [ -158.229710131814301, 21.481610004171063 ], [ -158.230806221919636, 21.482769667588574 ], [ -158.230235160519811, 21.485693246880977 ], [ -158.229947645680511, 21.488417499515151 ], [ -158.229583524898288, 21.489037165315725 ], [ -158.230142338846605, 21.491028769513424 ], [ -158.229532443689919, 21.493637058180049 ], [ -158.229839358257266, 21.498891440009707 ], [ -158.23030434824534, 21.50012310195368 ], [ -158.229865712374021, 21.500869537422691 ], [ -158.229575296016748, 21.504135840715229 ], [ -158.229246831475223, 21.505817178393631 ], [ -158.22937499142057, 21.508011394200992 ], [ -158.228863403099922, 21.508882220639833 ], [ -158.229253687211951, 21.510634038014164 ], [ -158.228648664755866, 21.511976360938899 ], [ -158.228363384178266, 21.514258789512184 ], [ -158.229516824972336, 21.51523278849012 ], [ -158.229788021759589, 21.515620542517095 ], [ -158.228948584115102, 21.517776277507526 ], [ -158.228182520864152, 21.520789652265446 ], [ -158.228328962873746, 21.523296274468233 ], [ -158.229178584939348, 21.524446407015731 ], [ -158.229448896391432, 21.525004943671515 ], [ -158.229759526194272, 21.525267155788327 ], [ -158.229251730578483, 21.52613124829514 ], [ -158.228870390796061, 21.527957182564041 ], [ -158.229512242389234, 21.532650974571055 ], [ -158.22999755361954, 21.53393639323572 ], [ -158.230331594406778, 21.534966885677033 ], [ -158.231143413637199, 21.536380986866174 ], [ -158.231413753247836, 21.536939520429435 ], [ -158.232117103817586, 21.538164729914058 ], [ -158.232732653817237, 21.53868448629202 ], [ -158.233791622631287, 21.539804260652655 ], [ -158.234887959077554, 21.540463719571164 ], [ -158.235159740188493, 21.540751219643333 ], [ -158.236168523106585, 21.541357928005613 ], [ -158.237544929574625, 21.543025701214912 ], [ -158.238323466989101, 21.543682890999929 ], [ -158.238617638713777, 21.544290488448279 ], [ -158.238957478691788, 21.54457730072691 ], [ -158.239493602945032, 21.544549837488862 ], [ -158.239952487124469, 21.544577537562684 ], [ -158.240345945345155, 21.546195611235159 ], [ -158.241647206417468, 21.548186384830633 ], [ -158.245809778198378, 21.551699929354058 ], [ -158.246684386721114, 21.553000230375108 ], [ -158.248141067470982, 21.554617794135876 ], [ -158.248410386295433, 21.555448257638815 ], [ -158.248715047235095, 21.55543262519052 ], [ -158.25024281024028, 21.556551234975561 ], [ -158.251288258622139, 21.556497637863082 ], [ -158.251590072077079, 21.556816810387943 ], [ -158.252916331897609, 21.557206483027635 ], [ -158.253584134918441, 21.557912404708745 ], [ -158.254000591659064, 21.557891043283956 ], [ -158.255638200581188, 21.558733040319719 ], [ -158.255934519077783, 21.558717820764038 ], [ -158.256555245980877, 21.558755197873733 ], [ -158.256500697241535, 21.559548406004875 ], [ -158.256807222571496, 21.559807044335784 ], [ -158.256787663259729, 21.560091755290379 ], [ -158.257128421078932, 21.560379263736767 ], [ -158.257932338764164, 21.560337981450164 ], [ -158.258605405096915, 21.560684071440537 ], [ -158.259814650637907, 21.562481346224736 ], [ -158.260557737111355, 21.562804381353569 ], [ -158.260830454831819, 21.563092705450067 ], [ -158.261133432843707, 21.563077175543238 ], [ -158.262020088327063, 21.563379202972587 ], [ -158.261965724587895, 21.564169171597214 ], [ -158.26391757210132, 21.565507503313984 ], [ -158.264703316549117, 21.565849038123876 ], [ -158.265447632448883, 21.566635714973753 ], [ -158.265861398993422, 21.566984801955183 ], [ -158.266908746583994, 21.567440035278228 ], [ -158.268623928437734, 21.568817966920598 ], [ -158.269506942387892, 21.569348691443306 ], [ -158.269778845539804, 21.569636137596159 ], [ -158.271402146222755, 21.5706117844035 ], [ -158.272728588410331, 21.571001303786129 ], [ -158.273247222628981, 21.571549408894018 ], [ -158.273550642096495, 21.571533858732842 ], [ -158.276140503694819, 21.572646079904217 ], [ -158.276436566264067, 21.572630889591117 ], [ -158.276871079438195, 21.57265699477572 ], [ -158.277312343119803, 21.572634294136556 ], [ -158.278156700596526, 21.573068196921277 ], [ -158.279048548662701, 21.573455783049315 ], [ -158.279610236477396, 21.573744467553723 ], [ -158.280216901719996, 21.574008067341456 ], [ -158.279896538850124, 21.574273284587751 ], [ -158.279930081062844, 21.57484401966936 ], [ -158.278732989985116, 21.575351663491233 ], [ -158.277616130927612, 21.575913112366479 ], [ -158.276073492449456, 21.575597795011763 ], [ -158.274836003816148, 21.575661428176147 ], [ -158.273522684002955, 21.575326241810863 ], [ -158.272952756485097, 21.575612788509385 ], [ -158.269746331843493, 21.576125612457844 ], [ -158.26918178452982, 21.576409390396176 ], [ -158.26858456310984, 21.57666258441677 ], [ -158.267903554579135, 21.577004936764109 ], [ -158.266308887556534, 21.57690898676211 ], [ -158.265201728334517, 21.577275058160797 ], [ -158.26335245773663, 21.577163729752424 ], [ -158.262797881355681, 21.577738812292264 ], [ -158.260522574310102, 21.577350164577474 ], [ -158.259885487733499, 21.578010760040517 ], [ -158.258878952522878, 21.577950171729103 ], [ -158.258154334664795, 21.577987309788767 ], [ -158.257719810562321, 21.577961155437116 ], [ -158.257140116149145, 21.577990862095113 ], [ -158.256451412886747, 21.577949410092085 ], [ -158.255509480258723, 21.578260702949247 ], [ -158.254928983124444, 21.578225749784028 ], [ -158.254355167160782, 21.578820700624192 ], [ -158.253148459102334, 21.579332216881944 ], [ -158.252636136370143, 21.579301333053102 ], [ -158.251769446818741, 21.579587797186409 ], [ -158.251104073230181, 21.579245683430344 ], [ -158.24771172119884, 21.579567334087876 ], [ -158.244842349222438, 21.578980320984364 ], [ -158.244246819638107, 21.579279488551723 ], [ -158.242082217974257, 21.579647219484329 ], [ -158.23989078408016, 21.57951501573033 ], [ -158.239311081900297, 21.579544660036014 ], [ -158.238395640196444, 21.579489459015054 ], [ -158.233893539737721, 21.579812299543672 ], [ -158.230917657821919, 21.579203250993029 ], [ -158.228906157017491, 21.578842454415149 ], [ -158.227120489352018, 21.579280957975428 ], [ -158.225259072231239, 21.5791684885533 ], [ -158.223396551972684, 21.579263634877517 ], [ -158.221936382638347, 21.578890502374403 ], [ -158.219071984152748, 21.578376520002355 ], [ -158.215437127080804, 21.579268810977826 ], [ -158.213485494546376, 21.58066869451007 ], [ -158.211476733870313, 21.581009565122361 ], [ -158.210622292123503, 21.581291768187885 ], [ -158.209445418163995, 21.581541998297777 ], [ -158.208301200440445, 21.581822813365761 ], [ -158.206668707937411, 21.582099773135791 ], [ -158.202725247443794, 21.581645079547229 ], [ -158.201052517685838, 21.58260128874231 ], [ -158.19976851138199, 21.582850935671207 ], [ -158.197298012015892, 21.582008350574156 ], [ -158.196432967211365, 21.582052416344435 ], [ -158.19566825105656, 21.581658852588475 ], [ -158.1936566578145, 21.581761282171371 ], [ -158.192069650517453, 21.582557948673152 ], [ -158.191044335766662, 21.582848616958021 ], [ -158.190176568017478, 21.5827960291391 ], [ -158.189741778519675, 21.58281813221743 ], [ -158.188196065269921, 21.582724384989486 ], [ -158.185987609155291, 21.581971048968544 ], [ -158.184387669140023, 21.581683654103326 ], [ -158.183288248053316, 21.581739472685943 ], [ -158.180868873586292, 21.580784343024384 ], [ -158.179084237154427, 21.580259300842108 ], [ -158.177415164196276, 21.580344033285314 ], [ -158.173571856528866, 21.581816994290808 ], [ -158.17078004481894, 21.580183487274088 ], [ -158.169459400882204, 21.579608511159776 ], [ -158.168050628746442, 21.578883343263971 ], [ -158.167355434809821, 21.578918644375918 ], [ -158.166297315860902, 21.579449587572839 ], [ -158.165302872154371, 21.579731384484827 ], [ -158.163774346772641, 21.580498294802755 ], [ -158.162658118992113, 21.580771258997618 ], [ -158.158630325101313, 21.579740487503638 ], [ -158.15523502274354, 21.580860616408494 ], [ -158.152324326562933, 21.580683513079173 ], [ -158.149542814076597, 21.581064758590447 ], [ -158.145453320318012, 21.582174653750055 ], [ -158.14338551887738, 21.582856687457564 ], [ -158.14095786458148, 21.583110048633877 ], [ -158.138131423931355, 21.58404212327121 ], [ -158.135074163310577, 21.583855753585361 ], [ -158.132498832290139, 21.582529433029656 ], [ -158.128554305605917, 21.582015019014641 ], [ -158.126580726578595, 21.582498365175606 ], [ -158.124859154036955, 21.582789534511988 ], [ -158.122754480939932, 21.583304899149226 ], [ -158.122075736016086, 21.584668038075549 ], [ -158.121198519287873, 21.58461451191074 ], [ -158.120446681721546, 21.582004154746148 ], [ -158.119621437272258, 21.580564527271513 ], [ -158.119488904166644, 21.579878648965462 ], [ -158.119857651777323, 21.57973330646665 ], [ -158.119610102033221, 21.579255979823692 ], [ -158.119488904166644, 21.579878648965462 ], [ -158.11843843854291, 21.580472580662931 ], [ -158.117600744232107, 21.579738302904868 ], [ -158.116731029390138, 21.578615970105208 ], [ -158.115304334590235, 21.577976949416907 ], [ -158.117343092911653, 21.57623508825959 ], [ -158.120586262366487, 21.576132014426747 ], [ -158.122138123822452, 21.576827099371172 ], [ -158.123728418519704, 21.578450721300936 ], [ -158.125445025517564, 21.578153514671104 ], [ -158.127659923173667, 21.577623074804791 ], [ -158.13291166594891, 21.578066370496618 ], [ -158.134955338886499, 21.578822986766937 ], [ -158.136786408023653, 21.579741450898798 ], [ -158.139520641988156, 21.578860929021531 ], [ -158.141959552035047, 21.578510442386218 ], [ -158.148330544173803, 21.576728784896368 ], [ -158.151554985982841, 21.576295819977489 ], [ -158.154140711899458, 21.576404916649015 ], [ -158.157948593931309, 21.575339696168765 ], [ -158.159941829592697, 21.575610467767511 ], [ -158.162132744543641, 21.576050743524263 ], [ -158.166352546403402, 21.574568878951492 ], [ -158.169932580892009, 21.574882468724805 ], [ -158.171520890065665, 21.57567878530373 ], [ -158.172699018822954, 21.576206056465871 ], [ -158.173836729901296, 21.576776393859721 ], [ -158.176817708596246, 21.575976077121787 ], [ -158.181480213025765, 21.576283517524665 ], [ -158.184261002703721, 21.57736785006319 ], [ -158.186939499719102, 21.577647742907814 ], [ -158.189396551357447, 21.5784667244343 ], [ -158.190352457721758, 21.578210665611675 ], [ -158.193665381549749, 21.577142612964252 ], [ -158.196731739669076, 21.577418138313814 ], [ -158.198921508041622, 21.577966115677828 ], [ -158.199595687706505, 21.577994302956011 ], [ -158.201644100049265, 21.577333834229098 ], [ -158.207029466311525, 21.577559195283566 ], [ -158.20922768090665, 21.577080518522664 ], [ -158.211515322694225, 21.576414974783773 ], [ -158.212489703108758, 21.575794609314848 ], [ -158.214523519536101, 21.575306349635706 ], [ -158.217463654522533, 21.575429236352559 ], [ -158.218176068898515, 21.575080888046909 ], [ -158.219927039547372, 21.57482838725694 ], [ -158.221666010847116, 21.574410849841996 ], [ -158.222544694055358, 21.57485101404021 ], [ -158.22384503478392, 21.574808840116656 ], [ -158.224851510470842, 21.575112086293853 ], [ -158.226344814101992, 21.576194293127678 ], [ -158.227100614901929, 21.576225791893247 ], [ -158.229355977726982, 21.575921933845979 ], [ -158.230351172714904, 21.576221720355846 ], [ -158.231206501720465, 21.576778058921313 ], [ -158.232954730352276, 21.577046829516924 ], [ -158.234041895811373, 21.577591318167858 ], [ -158.235342603396077, 21.577645532848667 ], [ -158.237290682552441, 21.577337443519546 ], [ -158.238018484370542, 21.577367772164152 ], [ -158.239177758804828, 21.577330061004343 ], [ -158.240409435773813, 21.577381340116961 ], [ -158.241636547754638, 21.577086584982844 ], [ -158.248337677553621, 21.576687647856563 ], [ -158.249751207991949, 21.576071423793255 ], [ -158.250345595250394, 21.575219509445265 ], [ -158.250736733402078, 21.576004395870612 ], [ -158.252083269627406, 21.576060406176591 ], [ -158.254109337824445, 21.575515446333423 ], [ -158.255599939793598, 21.575814124668621 ], [ -158.25613711712586, 21.575796607168204 ], [ -158.257162686839195, 21.575839232033758 ], [ -158.258172285230785, 21.575545170279408 ], [ -158.258844184089014, 21.575216448640578 ], [ -158.260490042910561, 21.575284772908798 ], [ -158.261932630178961, 21.575009152426013 ], [ -158.262226154646868, 21.575021304707999 ], [ -158.262950689001656, 21.574997646955069 ], [ -158.264688920415239, 21.575069779286284 ], [ -158.265993082232171, 21.575027226700648 ], [ -158.266685659711072, 21.575055951295266 ], [ -158.268607745016936, 21.5747782141123 ], [ -158.270094925308513, 21.574493983689699 ], [ -158.271975038607025, 21.574571955206892 ], [ -158.273817595272959, 21.573470382247205 ], [ -158.273856184217891, 21.572654202996802 ], [ -158.272234791822314, 21.571600175519908 ], [ -158.268964696431993, 21.56990214643664 ], [ -158.265501271981748, 21.567502521858973 ], [ -158.265015942602162, 21.567007873837714 ], [ -158.263725700406752, 21.566073274558672 ], [ -158.26284812875204, 21.565537647616114 ], [ -158.261308336149142, 21.564354050937244 ], [ -158.258945503892562, 21.562911893477626 ], [ -158.258367461559601, 21.562406028623286 ], [ -158.257420110694255, 21.56144048396439 ], [ -158.254240534193968, 21.558996106687093 ], [ -158.25332139596091, 21.558719368886283 ], [ -158.252466082414401, 21.558163143293353 ], [ -158.251297485449697, 21.557897186230974 ], [ -158.250322160140144, 21.55757247081425 ], [ -158.247765509586856, 21.557655708351131 ], [ -158.244039321119175, 21.556702273584161 ], [ -158.242686376053712, 21.555518099600999 ], [ -158.241986342634021, 21.554493245972647 ], [ -158.239292941427749, 21.552135631891769 ], [ -158.238752130807626, 21.549964890097776 ], [ -158.238309425436768, 21.548352146923904 ], [ -158.238040713697018, 21.54644335692397 ], [ -158.237324624529691, 21.546123126683931 ], [ -158.237928646427719, 21.545067756058934 ], [ -158.235733500633131, 21.542124306787667 ], [ -158.232559510218152, 21.539923724333192 ], [ -158.232282335055828, 21.539641091948173 ], [ -158.231982986398606, 21.539379002205511 ], [ -158.231601697839153, 21.538990215071749 ], [ -158.229673210342952, 21.537450135633247 ], [ -158.228626017789594, 21.537484138330569 ], [ -158.225659915047714, 21.536157640738889 ], [ -158.224834261618611, 21.533469603132872 ], [ -158.224495763385164, 21.530942304584126 ], [ -158.224244527996348, 21.525781164245046 ], [ -158.223414086872424, 21.523077281479026 ], [ -158.224189038187433, 21.523445749776236 ], [ -158.225344853453123, 21.525767086201672 ], [ -158.226544399958584, 21.526166761770202 ], [ -158.226597867122678, 21.525043963724286 ], [ -158.225757409550681, 21.52198067285277 ], [ -158.226284072718272, 21.521454081751767 ], [ -158.227417857902822, 21.520776453668315 ], [ -158.227485945157156, 21.519347484700202 ], [ -158.227127602427231, 21.518375765366503 ], [ -158.22719933907976, 21.516871974123411 ], [ -158.226610571064839, 21.516576972003833 ], [ -158.225526112525301, 21.516091876850837 ], [ -158.225155590571575, 21.515767443628807 ], [ -158.224739916703697, 21.515343477920215 ], [ -158.223725359879808, 21.514454989395521 ], [ -158.224221946744905, 21.508478056984362 ], [ -158.224635295018004, 21.504642278592467 ], [ -158.224944504995847, 21.50302782639379 ], [ -158.225257114472129, 21.496764434159374 ], [ -158.226419979359065, 21.495766079104204 ], [ -158.226148891475589, 21.494349960872899 ], [ -158.225413047038188, 21.493032598544154 ], [ -158.226750942835707, 21.490026503485609 ], [ -158.2273262985222, 21.488663664339835 ], [ -158.227870484624844, 21.487712459715876 ], [ -158.228026454489964, 21.484440304795186 ], [ -158.227651221858821, 21.484057559528381 ], [ -158.22735199218215, 21.483795463401737 ], [ -158.227074930078089, 21.483512823969114 ], [ -158.22677570254848, 21.483250726858124 ], [ -158.226221583687391, 21.482685445737769 ], [ -158.225362196020683, 21.481932742186864 ], [ -158.224383457329026, 21.480356646340685 ], [ -158.223099473107425, 21.479713127936513 ], [ -158.221066889998838, 21.481156978300284 ], [ -158.218561970613109, 21.481758888243533 ], [ -158.216947557181612, 21.479952547541309 ], [ -158.216383855997435, 21.479126477231535 ], [ -158.215522469061796, 21.477942215775499 ], [ -158.214381607454612, 21.47450947819403 ], [ -158.213735977568291, 21.473017071794178 ], [ -158.213239391526031, 21.471522717475267 ], [ -158.212794993367197, 21.470316450247338 ], [ -158.212383851579318, 21.469079370563609 ], [ -158.210719591970815, 21.468062221344216 ], [ -158.209165851938423, 21.466323390974718 ], [ -158.208640246562396, 21.465267201584247 ], [ -158.205284069752054, 21.464374327596651 ], [ -158.201844877618498, 21.462585502967286 ], [ -158.198923036964885, 21.460025221488262 ], [ -158.198242864334105, 21.458452129534919 ], [ -158.197682315600844, 21.45708394373538 ], [ -158.195365474264548, 21.455185894111967 ], [ -158.193070859567143, 21.453267275502693 ], [ -158.18990723438398, 21.452312763278325 ], [ -158.188025676392783, 21.450391842003899 ], [ -158.186013101143061, 21.44862788171201 ], [ -158.184508856679003, 21.445932575837876 ], [ -158.18413311419053, 21.444561145014823 ], [ -158.183834491305447, 21.441473953571737 ], [ -158.181869287893733, 21.438165290983189 ], [ -158.18069546331904, 21.436550214527394 ], [ -158.179552916138107, 21.43450279208415 ], [ -158.180829459209576, 21.433739807838244 ], [ -158.181592683984235, 21.432406428575348 ], [ -158.181621634203054, 21.431802563897588 ], [ -158.179800724383796, 21.431387036571412 ], [ -158.178101426862582, 21.430534433784615 ], [ -158.175075371007722, 21.431111650349067 ], [ -158.174661940628113, 21.429601915546144 ], [ -158.174816162474769, 21.429196850959261 ], [ -158.17539509174847, 21.429199702371506 ], [ -158.175396613894918, 21.428928674889416 ], [ -158.175975542196113, 21.428931524261461 ], [ -158.175977063250258, 21.428660496730991 ] ], [ [ -158.188604103331897, 21.44850772524611 ], [ -158.188889767513302, 21.448871129651394 ], [ -158.191042972333719, 21.448648167472836 ], [ -158.188604103331897, 21.44850772524611 ] ], [ [ -158.213150922570662, 21.460008446761751 ], [ -158.213050020119226, 21.460185508546541 ], [ -158.212191314372546, 21.460421269977012 ], [ -158.213508433297847, 21.460645699091735 ], [ -158.213829217908767, 21.460144109867993 ], [ -158.213150922570662, 21.460008446761751 ] ], [ [ -158.119786849548035, 21.57852508730069 ], [ -158.119899145009867, 21.579141579820963 ], [ -158.120162565744778, 21.578677805068661 ], [ -158.119786849548035, 21.57852508730069 ] ], [ [ -158.120089698569217, 21.576358468352428 ], [ -158.120212372112434, 21.577810330593326 ], [ -158.120491037187435, 21.576601839559512 ], [ -158.120089698569217, 21.576358468352428 ] ], [ [ -158.188023595631165, 21.448775944794299 ], [ -158.188120859536895, 21.449106872889494 ], [ -158.188376056913654, 21.448870425730252 ], [ -158.188023595631165, 21.448775944794299 ] ] ] } },
{ "type": "Feature", "properties": { "ID": 26, "GRIDCODE": 2 }, "geometry": { "type": "Polygon", "coordinates": [ [ [ -157.723315929102483, 21.456174335484569 ], [ -157.723669535235729, 21.45608427253671 ], [ -157.723418030632274, 21.455844694696211 ], [ -157.723315929102483, 21.456174335484569 ], [ -157.722683426199922, 21.455956461392621 ], [ -157.722105541448144, 21.45839195400195 ], [ -157.723423407734288, 21.459512634448036 ], [ -157.722005048297035, 21.45915266009855 ], [ -157.721884985380285, 21.456969675897671 ], [ -157.722311808992714, 21.455712656690103 ], [ -157.722898109113828, 21.455230237082695 ], [ -157.723174535032854, 21.454945264049154 ], [ -157.723988566055709, 21.454996928884484 ], [ -157.724902884062402, 21.454244542305361 ], [ -157.725255381014478, 21.451907556896714 ], [ -157.725229762577698, 21.451439916952847 ], [ -157.725927254077675, 21.450520991902014 ], [ -157.725527961657406, 21.449819264963455 ], [ -157.726715393620537, 21.44902620456433 ], [ -157.727017473615462, 21.448714623151933 ], [ -157.72989099316635, 21.446406639889947 ], [ -157.731362168578755, 21.446335755683279 ], [ -157.731687933383739, 21.446356419801102 ], [ -157.732327994325857, 21.445696787989757 ], [ -157.733178475870517, 21.446137856758913 ], [ -157.734354778810456, 21.445807469417645 ], [ -157.735128598304669, 21.445009695474226 ], [ -157.736268569612861, 21.444071438122759 ], [ -157.736366120664258, 21.442723096374607 ], [ -157.736291578076361, 21.441367500406926 ], [ -157.736350307328934, 21.440554923749211 ], [ -157.736320490262017, 21.440012685268503 ], [ -157.736417405780173, 21.43867188060764 ], [ -157.735821692050621, 21.437077137273679 ], [ -157.735781597230158, 21.436350025597193 ], [ -157.735801481226019, 21.436076257758462 ], [ -157.735453932258167, 21.433468434653086 ], [ -157.735829695705689, 21.432833387043349 ], [ -157.735763710978858, 21.431633405433217 ], [ -157.736372003464624, 21.430418399329216 ], [ -157.736917161272771, 21.429969620776333 ], [ -157.737297023466795, 21.428494649851654 ], [ -157.737859534374394, 21.428031773322235 ], [ -157.738240427487085, 21.42485613048509 ], [ -157.739100261778759, 21.424426982424531 ], [ -157.739959300723001, 21.425341679303585 ], [ -157.741390959674334, 21.425272583849761 ], [ -157.741817916726234, 21.425419698310328 ], [ -157.741815594753803, 21.425690688437541 ], [ -157.74326268384911, 21.425701552922334 ], [ -157.743265003152658, 21.425430562644468 ], [ -157.743554420547525, 21.425432734011839 ], [ -157.743556739280763, 21.425161743694879 ], [ -157.743846156178364, 21.425163914532327 ], [ -157.743848474341377, 21.424892924176262 ], [ -157.744137890741712, 21.424895094483801 ], [ -157.744140208334443, 21.424624104088643 ], [ -157.744493727017755, 21.42453399243416 ], [ -157.744242237839671, 21.424294445998711 ], [ -157.744140208334443, 21.424624104088643 ], [ -157.743850792467896, 21.424621933811199 ], [ -157.743848474341377, 21.424892924176262 ], [ -157.743559057977563, 21.42489075336891 ], [ -157.743556739280763, 21.425161743694879 ], [ -157.743267322419712, 21.425159572357614 ], [ -157.743265003152658, 21.425430562644468 ], [ -157.741817916726234, 21.425419698310328 ], [ -157.741958267205831, 21.425005706032934 ], [ -157.743064812771763, 21.425075810908172 ], [ -157.745928021222568, 21.421672886793317 ], [ -157.748514883065241, 21.415856688977318 ], [ -157.748896875919144, 21.418062146483763 ], [ -157.749096896656738, 21.421689897868063 ], [ -157.748421351736795, 21.424312559087948 ], [ -157.747452271657437, 21.425589824231182 ], [ -157.746401106539281, 21.427110282947243 ], [ -157.743887408827305, 21.429130357791848 ], [ -157.74296474366173, 21.42907189286467 ], [ -157.74154654315663, 21.430534315049645 ], [ -157.739589140875751, 21.43122198921597 ], [ -157.739308702673554, 21.43204904367731 ], [ -157.739011501264741, 21.432030198683112 ], [ -157.737998011050479, 21.432079067262766 ], [ -157.73670439483638, 21.431997127886344 ], [ -157.736970440622287, 21.432844443746372 ], [ -157.737537704057218, 21.432817095405113 ], [ -157.738015156962064, 21.434095803851587 ], [ -157.737250931625539, 21.434477232570799 ], [ -157.736733022756084, 21.433925754171955 ], [ -157.73707484929551, 21.435624574169481 ], [ -157.737763070602114, 21.436357367534935 ], [ -157.738600116062059, 21.435331917623191 ], [ -157.738984675874605, 21.43419851677546 ], [ -157.739567703146321, 21.433718587404258 ], [ -157.739299814179361, 21.433116861417886 ], [ -157.7388436901673, 21.432315622838619 ], [ -157.740157360867869, 21.432992642274321 ], [ -157.74041543682884, 21.436121554226762 ], [ -157.740976952012659, 21.438149531641766 ], [ -157.740632827090877, 21.445308448287239 ], [ -157.73961261686685, 21.447345956351299 ], [ -157.736537539530872, 21.449897528232167 ], [ -157.734715972668909, 21.450339499696003 ], [ -157.733366140728748, 21.449874478768141 ], [ -157.731036243784786, 21.449601038089178 ], [ -157.728863387392067, 21.449149124292223 ], [ -157.728104152546194, 21.450149371584882 ], [ -157.728181540814205, 21.451559242579489 ], [ -157.727842682128824, 21.452557852605167 ], [ -157.727532246115004, 21.453082285652542 ], [ -157.727000592534239, 21.454143804095679 ], [ -157.726519664079206, 21.454539572912523 ], [ -157.727503990332679, 21.4558819765201 ], [ -157.726633240456266, 21.456598517546542 ], [ -157.725679307200096, 21.457581852509669 ], [ -157.724949842627751, 21.456061615302978 ], [ -157.724308445245185, 21.456020931232629 ], [ -157.723525378508839, 21.456828172339421 ], [ -157.723315929102483, 21.456174335484569 ] ], [ [ -157.745017719754429, 21.423546649890604 ], [ -157.745371235371096, 21.423456536218954 ], [ -157.745119746435279, 21.423216991091579 ], [ -157.745017719754429, 21.423546649890604 ], [ -157.744728305913327, 21.423544481232849 ], [ -157.744725989533976, 21.423815471724172 ], [ -157.744372472720698, 21.4239055839682 ], [ -157.74462396149147, 21.424145130196703 ], [ -157.744725989533976, 21.423815471724172 ], [ -157.745015403908781, 21.423817640411993 ], [ -157.745017719754429, 21.423546649890604 ] ], [ [ -157.745895218109979, 21.422469190328968 ], [ -157.746248730660199, 21.422379074640382 ], [ -157.745997241966734, 21.422139530821003 ], [ -157.745895218109979, 21.422469190328968 ], [ -157.74560580629435, 21.422467023290743 ], [ -157.745603491661939, 21.422738013908251 ], [ -157.745249977915137, 21.422828128169346 ], [ -157.74550146644367, 21.423067673089793 ], [ -157.745603491661939, 21.422738013908251 ], [ -157.745892904011242, 21.422740180976525 ], [ -157.745895218109979, 21.422469190328968 ] ], [ [ -157.746191570438668, 21.421658384780638 ], [ -157.746287952157985, 21.42198952951885 ], [ -157.746543497596576, 21.421753780573116 ], [ -157.746191570438668, 21.421658384780638 ] ], [ [ -157.746485606461164, 21.421118569232995 ], [ -157.746581988566561, 21.421449713837884 ], [ -157.746837532570225, 21.421213964359669 ], [ -157.746485606461164, 21.421118569232995 ] ], [ [ -157.746779640239822, 21.42057875302951 ], [ -157.7468760227313, 21.42090989750108 ], [ -157.747131565300123, 21.420674147490427 ], [ -157.746779640239822, 21.42057875302951 ] ], [ [ -157.747075983374771, 21.419767945312572 ], [ -157.747186606496598, 21.420384628066472 ], [ -157.747450870305272, 21.419921470527083 ], [ -157.747075983374771, 21.419767945312572 ] ], [ [ -157.74737001205969, 21.419228127749545 ], [ -157.747466395184659, 21.419559271955144 ], [ -157.7477219343846, 21.41932352084552 ], [ -157.74737001205969, 21.419228127749545 ] ], [ [ -157.747666348851993, 21.418417318568139 ], [ -157.747762732224373, 21.418748462641108 ], [ -157.748018269490359, 21.418512710964965 ], [ -157.747666348851993, 21.418417318568139 ] ], [ [ -157.747960372443714, 21.417877499645765 ], [ -157.748056756202033, 21.418208643585416 ], [ -157.748312292033404, 21.417972891376969 ], [ -157.747960372443714, 21.417877499645765 ] ], [ [ -157.748256702894111, 21.417066689000134 ], [ -157.748353086899726, 21.417397832807158 ], [ -157.748608620797341, 21.417162080032274 ], [ -157.748256702894111, 21.417066689000134 ] ] ] } },
{ "type": "Feature", "properties": { "ID": 27, "GRIDCODE": 2 }, "geometry": { "type": "Polygon", "coordinates": [ [ [ -157.783032275093831, 21.411631665577215 ], [ -157.782680343925392, 21.411536346363846 ], [ -157.782935814884212, 21.411300537926778 ], [ -157.783032275093831, 21.411631665577215 ] ] ] } },
{ "type": "Feature", "properties": { "ID": 28, "GRIDCODE": 2 }, "geometry": { "type": "Polygon", "coordinates": [ [ [ -157.848994310050443, 21.488523845972381 ], [ -157.849366365334618, 21.488390901605626 ], [ -157.848996441100667, 21.488252847165196 ], [ -157.848803556877897, 21.486386580284012 ], [ -157.846570196643626, 21.48484084103028 ], [ -157.845976721560675, 21.484580948583499 ], [ -157.844765457238367, 21.483953933956133 ], [ -157.84197906791573, 21.484090006351575 ], [ -157.841599961852069, 21.48307763024674 ], [ -157.841685153597979, 21.481888303556122 ], [ -157.841143892320417, 21.479428296201096 ], [ -157.841996080562012, 21.47532374497154 ], [ -157.842889502177286, 21.474261095171606 ], [ -157.843187428331703, 21.472554765834762 ], [ -157.844341770579121, 21.471603481944083 ], [ -157.843898299973432, 21.469683867814652 ], [ -157.843226224527484, 21.468285907775147 ], [ -157.842094628625603, 21.466898129663274 ], [ -157.842050050888702, 21.46609893937412 ], [ -157.842949587964711, 21.464576412081893 ], [ -157.842524056765541, 21.463575890751574 ], [ -157.841738591010909, 21.462506710834273 ], [ -157.841048486811474, 21.461071036096673 ], [ -157.839954485715964, 21.459907872811041 ], [ -157.838931491597975, 21.460419049223308 ], [ -157.838658608370707, 21.459569112431712 ], [ -157.838249550656087, 21.459991384933272 ], [ -157.837777745803834, 21.459590916468382 ], [ -157.837451506321486, 21.458232986051247 ], [ -157.835860945094822, 21.457409479927271 ], [ -157.833849904529899, 21.457806228174956 ], [ -157.83370491425012, 21.45982597375577 ], [ -157.833749215089824, 21.460618678896139 ], [ -157.833422506666864, 21.461171461755807 ], [ -157.833056245019208, 21.462252959698702 ], [ -157.832257918244608, 21.461991592945864 ], [ -157.831891029285345, 21.459673774366976 ], [ -157.83091819562253, 21.457650127014009 ], [ -157.830419160115042, 21.45761878323307 ], [ -157.829413129528803, 21.457667854884292 ], [ -157.828938416716539, 21.456679860587581 ], [ -157.826579701992642, 21.456148699722409 ], [ -157.825863722426675, 21.454365419021624 ], [ -157.824786996103882, 21.453220081827762 ], [ -157.823078746593893, 21.453303352531005 ], [ -157.822266948404376, 21.452439742204938 ], [ -157.82158567777725, 21.452396900559446 ], [ -157.819337033743523, 21.452708764794178 ], [ -157.816789263540727, 21.454528304920448 ], [ -157.815849435189534, 21.454574058548356 ], [ -157.815088135954625, 21.453238485945285 ], [ -157.814398896410609, 21.450754464162909 ], [ -157.814077632409209, 21.448006005487045 ], [ -157.812029960045322, 21.443511312071298 ], [ -157.811278364540897, 21.442872974504294 ], [ -157.810891386139417, 21.442067577117506 ], [ -157.809260252841, 21.441964872381401 ], [ -157.808153861262781, 21.443106549590421 ], [ -157.807254773550596, 21.442739942772569 ], [ -157.807206917674108, 21.441880647419357 ], [ -157.808371055263677, 21.441390385283327 ], [ -157.808695361093385, 21.440129271803102 ], [ -157.809822888083318, 21.439654485475224 ], [ -157.810776174759809, 21.438040942898422 ], [ -157.810742872097279, 21.437441316501602 ], [ -157.810762931791174, 21.437163565475579 ], [ -157.810458320652629, 21.436904879245702 ], [ -157.810124733979961, 21.436210620080974 ], [ -157.807482177977249, 21.432254268021673 ], [ -157.805834131446233, 21.431256200180886 ], [ -157.804439533575277, 21.429544682146926 ], [ -157.803765220636478, 21.427864038000791 ], [ -157.802755552961059, 21.426789448465904 ], [ -157.8017124076828, 21.426840213556499 ], [ -157.801277437540108, 21.425934742113633 ], [ -157.800710122048002, 21.425452836964507 ], [ -157.799616428778563, 21.42428870229924 ], [ -157.79893427913197, 21.42499263799564 ], [ -157.795390761148695, 21.42476929125511 ], [ -157.794123241946551, 21.425813317572494 ], [ -157.794805245604437, 21.428918383539536 ], [ -157.791582389087495, 21.428601254883159 ], [ -157.791060505137438, 21.427685273638666 ], [ -157.791638804267677, 21.424768665259069 ], [ -157.791126039531264, 21.424222810274664 ], [ -157.788713275778917, 21.424809265783225 ], [ -157.788036985542703, 21.423666669592919 ], [ -157.787980645687583, 21.422650367228027 ], [ -157.788305925734619, 21.422382437157466 ], [ -157.788675873170092, 21.421290812398492 ], [ -157.789462959076673, 21.42047850576585 ], [ -157.790382426295054, 21.41972120763138 ], [ -157.790046970034581, 21.419132630393477 ], [ -157.791177008686475, 21.418201841748566 ], [ -157.789446122304383, 21.41775430979229 ], [ -157.787498227494666, 21.417848866619494 ], [ -157.786868091949088, 21.413859724902565 ], [ -157.785580143809028, 21.413003352944926 ], [ -157.784028193465844, 21.412322708702387 ], [ -157.784189853588998, 21.411640068074021 ], [ -157.784479248301096, 21.411642167449479 ], [ -157.784481489933739, 21.411371172489609 ], [ -157.784834956183715, 21.411280972826223 ], [ -157.784583419392931, 21.411041484521384 ], [ -157.784481489933739, 21.411371172489609 ], [ -157.784192095755031, 21.411369073143263 ], [ -157.784189853588998, 21.411640068074021 ], [ -157.78339079345136, 21.412126204284572 ], [ -157.783032275093831, 21.411631665577215 ], [ -157.784170760838037, 21.411009974068328 ], [ -157.783646234627724, 21.409537969859613 ], [ -157.781978702032433, 21.410157335777082 ], [ -157.781159634199895, 21.410943241043991 ], [ -157.780283598879691, 21.411202452647018 ], [ -157.779708168879353, 21.411474699814157 ], [ -157.776603275049126, 21.411807035048611 ], [ -157.775325559149394, 21.412411644177723 ], [ -157.773872862696493, 21.413052742827542 ], [ -157.772742458788173, 21.412497021507111 ], [ -157.771700300468325, 21.412509301255927 ], [ -157.77128848025427, 21.414405404435666 ], [ -157.768975922675963, 21.414344232567768 ], [ -157.768090804742201, 21.41601903412905 ], [ -157.76663018341435, 21.415980367071814 ], [ -157.766028692232624, 21.416557391683458 ], [ -157.766060817964018, 21.418957678114598 ], [ -157.764947834043511, 21.419286849219311 ], [ -157.764569194563336, 21.420350164726244 ], [ -157.763829147544868, 21.421669912191025 ], [ -157.765401047480395, 21.424582946573519 ], [ -157.764241633918402, 21.425990446526612 ], [ -157.763520767234979, 21.428015776265561 ], [ -157.763033217062912, 21.428447603363587 ], [ -157.761474415488266, 21.428406242417356 ], [ -157.760768827617056, 21.428414520283866 ], [ -157.760414023063362, 21.432406032741792 ], [ -157.759234219628638, 21.433838152902776 ], [ -157.758049896226225, 21.434365236253154 ], [ -157.756987754433084, 21.435384023768375 ], [ -157.75809119312359, 21.43693423469761 ], [ -157.759842267182876, 21.437347707053561 ], [ -157.762277884201097, 21.43854537400351 ], [ -157.761807956729513, 21.439798489923906 ], [ -157.762341357455227, 21.440068877808585 ], [ -157.763674358957786, 21.438003816853907 ], [ -157.765292497438935, 21.439605885443207 ], [ -157.771605729698365, 21.442531011726981 ], [ -157.776278203994366, 21.443420611293437 ], [ -157.77712157778663, 21.444255154403553 ], [ -157.778254442310299, 21.446379036962664 ], [ -157.776501511098871, 21.44830326104146 ], [ -157.776012925726064, 21.449227644100485 ], [ -157.777061389714106, 21.450185695466793 ], [ -157.777349178396008, 21.450796378863455 ], [ -157.776412786686194, 21.452465743124627 ], [ -157.773903902279301, 21.453835240471104 ], [ -157.772550170021503, 21.457260168002811 ], [ -157.768480587875075, 21.456371778217154 ], [ -157.767816992587854, 21.456379595471862 ], [ -157.767446662782163, 21.457755266140754 ], [ -157.766281101886051, 21.458787238145987 ], [ -157.766284909177728, 21.459073889365357 ], [ -157.765792131908739, 21.459510179716347 ], [ -157.765400189393603, 21.460964552434934 ], [ -157.765028481289022, 21.461627088645514 ], [ -157.763392550882656, 21.462743628757885 ], [ -157.762494031152301, 21.46227687820997 ], [ -157.763398722345158, 21.461476036724296 ], [ -157.763376136680478, 21.459796691214848 ], [ -157.760831106570748, 21.45835671909397 ], [ -157.759051001714994, 21.457936482119035 ], [ -157.756770981826236, 21.456992926252454 ], [ -157.75443078666089, 21.456547107008273 ], [ -157.753859830161247, 21.456266422048039 ], [ -157.752698518415684, 21.455992185688121 ], [ -157.752087590192048, 21.455691810838228 ], [ -157.750389619078135, 21.455161933600557 ], [ -157.749314458210506, 21.454633322189157 ], [ -157.747248307358404, 21.453852480655346 ], [ -157.743005630585571, 21.453467146387386 ], [ -157.742255535955678, 21.453475866887786 ], [ -157.73991807226858, 21.454205267322628 ], [ -157.739083056503318, 21.455376822246645 ], [ -157.738502187012045, 21.455891034153968 ], [ -157.737389127861036, 21.455861398935561 ], [ -157.736079483043341, 21.45626999467251 ], [ -157.732704460148426, 21.45882298784959 ], [ -157.732266261782144, 21.458952457700178 ], [ -157.732428619366232, 21.458485647242579 ], [ -157.733295596690311, 21.457745889656714 ], [ -157.733576199081824, 21.457466686712042 ], [ -157.733879237671545, 21.45720829608636 ], [ -157.734453995004714, 21.456389305493122 ], [ -157.735051182979788, 21.455591125224604 ], [ -157.735352512803928, 21.455005671940736 ], [ -157.736556946039087, 21.453977723059065 ], [ -157.736237204336931, 21.452337691816236 ], [ -157.7356625947059, 21.45183116875215 ], [ -157.73771094316524, 21.450202400301098 ], [ -157.741058248043629, 21.449132276435012 ], [ -157.747689821738732, 21.449524632815265 ], [ -157.750862521421112, 21.450491116426992 ], [ -157.753386521809404, 21.451483740661885 ], [ -157.75541562560943, 21.452166572883993 ], [ -157.75807011396941, 21.452880622314417 ], [ -157.760242752146951, 21.453611637898327 ], [ -157.761558765487393, 21.454012414069922 ], [ -157.763285457764255, 21.454593337745894 ], [ -157.76527658133304, 21.45261306172964 ], [ -157.766622691124752, 21.452293425935693 ], [ -157.769317551361013, 21.452044972844984 ], [ -157.771495051364639, 21.449670722446452 ], [ -157.771621011257508, 21.447187837938085 ], [ -157.769961016124654, 21.446682390279253 ], [ -157.764049931399143, 21.444124070730673 ], [ -157.760579042595396, 21.444227159601027 ], [ -157.758662369432187, 21.443362812280601 ], [ -157.757733883476533, 21.442210688824058 ], [ -157.757173260229479, 21.441383180803534 ], [ -157.754944063526153, 21.440377924700648 ], [ -157.7525940493164, 21.43746098785433 ], [ -157.752558765969894, 21.436424066270284 ], [ -157.753400858775279, 21.437288552957128 ], [ -157.754631954214091, 21.435151748460946 ], [ -157.755197868701288, 21.434051280450834 ], [ -157.755644270866981, 21.433276574367216 ], [ -157.7536196361701, 21.433096171586353 ], [ -157.753759894214085, 21.432956550640359 ], [ -157.754644011231534, 21.43243143358989 ], [ -157.755046762828755, 21.430537369756575 ], [ -157.755269159008407, 21.430844436812293 ], [ -157.755176890456539, 21.432658567670376 ], [ -157.757390605475052, 21.433776379522147 ], [ -157.759539792226576, 21.432499466588041 ], [ -157.759631346446753, 21.430696573707621 ], [ -157.759295635752864, 21.430016564836794 ], [ -157.758367958408058, 21.429445969885389 ], [ -157.757855983642969, 21.428920335884136 ], [ -157.755828902638598, 21.42923531526397 ], [ -157.756282025178251, 21.426630554145497 ], [ -157.757242375280242, 21.425675522574803 ], [ -157.757882884903154, 21.425940961093357 ], [ -157.758240015044976, 21.427027644447879 ], [ -157.76026825928858, 21.426771661482444 ], [ -157.759911114411921, 21.425684981725457 ], [ -157.758481175694953, 21.425249415171653 ], [ -157.759907571134136, 21.424631884543871 ], [ -157.759922833448542, 21.424330751474635 ], [ -157.759615191523125, 21.423775736970001 ], [ -157.760513711718943, 21.423008530470266 ], [ -157.760485641452192, 21.422181731822505 ], [ -157.762203744176418, 21.421021143685291 ], [ -157.761403589015032, 21.420315673608918 ], [ -157.761684313753506, 21.42000690875977 ], [ -157.761987224626552, 21.419748459934791 ], [ -157.762269981901738, 21.419198209007043 ], [ -157.762853025693744, 21.418700327842853 ], [ -157.761638267399235, 21.41836125890536 ], [ -157.760563682761273, 21.41839320954622 ], [ -157.760527701078814, 21.417331534632623 ], [ -157.761121987418619, 21.416740318393003 ], [ -157.762005936226075, 21.415985498515735 ], [ -157.762021848480117, 21.415673584750177 ], [ -157.761447001631694, 21.415166817800422 ], [ -157.761727715844842, 21.414858052213617 ], [ -157.762320013658751, 21.414601740556726 ], [ -157.76271359961018, 21.413105890608946 ], [ -157.763774878771159, 21.41243368522651 ], [ -157.764333427365756, 21.412458514363799 ], [ -157.765450837484053, 21.412100993072443 ], [ -157.76580418517463, 21.412463729274013 ], [ -157.766781344020842, 21.411844477717324 ], [ -157.767549730568959, 21.41219087802963 ], [ -157.768290062976604, 21.41295112646204 ], [ -157.770425388558493, 21.413046073742048 ], [ -157.770152009635609, 21.412481006962981 ], [ -157.769214038186504, 21.411021014064804 ], [ -157.768725471985078, 21.410031440693452 ], [ -157.768267048283917, 21.40962757786604 ], [ -157.769885337125231, 21.408413897111942 ], [ -157.771056368466844, 21.408161799435874 ], [ -157.77212591262969, 21.407641777051172 ], [ -157.773076036024179, 21.407613469327728 ], [ -157.773362418560566, 21.407907682574383 ], [ -157.77395032058385, 21.408172673153281 ], [ -157.774747834737667, 21.408991537146481 ], [ -157.775711500122327, 21.408729686224827 ], [ -157.776254111618215, 21.408189510471036 ], [ -157.776846359375867, 21.407933144753347 ], [ -157.777131340458538, 21.407649524956138 ], [ -157.778392872050688, 21.408476124177707 ], [ -157.779455640037412, 21.407748511891523 ], [ -157.779438605028304, 21.407247388065198 ], [ -157.780539321771556, 21.407803112571255 ], [ -157.781734494534248, 21.406613691591641 ], [ -157.78459246886672, 21.407657614207739 ], [ -157.78608667502877, 21.408412004331549 ], [ -157.78858904650761, 21.409540159627191 ], [ -157.79074028036294, 21.411854729926038 ], [ -157.791619877511948, 21.413635420901109 ], [ -157.793502596239989, 21.414484055761783 ], [ -157.795266852564964, 21.416546343436458 ], [ -157.795333396421967, 21.418495844267294 ], [ -157.795230850036404, 21.420522534241979 ], [ -157.797293077307444, 21.420276662372107 ], [ -157.799506261488432, 21.419750512838014 ], [ -157.801045973014482, 21.420079661033661 ], [ -157.799603953757554, 21.420835261118256 ], [ -157.798443246101129, 21.421337998490927 ], [ -157.798387588339693, 21.422440570151331 ], [ -157.80009389943865, 21.422516187613422 ], [ -157.801340441120516, 21.420847695259095 ], [ -157.801708930047312, 21.42013045533221 ], [ -157.803105917872898, 21.421360989916582 ], [ -157.804210045883963, 21.422494277783542 ], [ -157.805882021487832, 21.423247717863035 ], [ -157.807138194446964, 21.424805859285268 ], [ -157.80796418474398, 21.426294567234766 ], [ -157.808547066535112, 21.427474138856766 ], [ -157.811440391217531, 21.430022737159089 ], [ -157.813497425305229, 21.433196580958228 ], [ -157.815374481145682, 21.435389618575954 ], [ -157.815481117171345, 21.43849835144572 ], [ -157.814797732121576, 21.43883069248794 ], [ -157.814332883630641, 21.438810131719684 ], [ -157.811672319238966, 21.439187596180012 ], [ -157.81119957642187, 21.440420534871677 ], [ -157.813340368334593, 21.440175033713093 ], [ -157.814963843315979, 21.439789013969698 ], [ -157.816625905123487, 21.442784292556194 ], [ -157.817057007064221, 21.444537541365314 ], [ -157.817569009727123, 21.444988237469872 ], [ -157.816633409982387, 21.445393503177833 ], [ -157.817326967684835, 21.446642972478415 ], [ -157.817374350091882, 21.448024174299295 ], [ -157.817026207911084, 21.44832150799407 ], [ -157.81707332798419, 21.4496997964252 ], [ -157.815870283109973, 21.449646626277325 ], [ -157.815820766954459, 21.450632268445837 ], [ -157.816665154258999, 21.453196846951144 ], [ -157.817416464395421, 21.452617920792484 ], [ -157.817990986623414, 21.45096269096036 ], [ -157.81846720961434, 21.450488672649367 ], [ -157.820468060535688, 21.450577092034081 ], [ -157.820498331131716, 21.449976922406691 ], [ -157.820450704475206, 21.448587315906337 ], [ -157.821074643965403, 21.448902093656542 ], [ -157.823704863523631, 21.449508216326446 ], [ -157.826931594051615, 21.450859400288156 ], [ -157.827710848392911, 21.45165884515993 ], [ -157.828284108412106, 21.452163533401379 ], [ -157.828303838839446, 21.45273706020625 ], [ -157.827989294132209, 21.45300587035246 ], [ -157.828012675540833, 21.453688396925241 ], [ -157.827951527936648, 21.45490110931954 ], [ -157.828812659187491, 21.454939097494893 ], [ -157.829499782855549, 21.454604808844483 ], [ -157.831325033753615, 21.455025279318154 ], [ -157.832398896488399, 21.455508903042166 ], [ -157.833252241368882, 21.456383938538298 ], [ -157.835492731851105, 21.455999645116222 ], [ -157.834643879949567, 21.454949115056902 ], [ -157.834345158948906, 21.454686342392623 ], [ -157.834071374041258, 21.454132085901239 ], [ -157.833500555479816, 21.453103734424094 ], [ -157.83801293813849, 21.453388612644748 ], [ -157.839282086754991, 21.454168316062546 ], [ -157.841284238534456, 21.455818599609469 ], [ -157.84294383528092, 21.456565912578533 ], [ -157.844748129314269, 21.458542374066155 ], [ -157.845879778609714, 21.460457606277604 ], [ -157.846881617559575, 21.461842082807411 ], [ -157.847315212109493, 21.463438338332899 ], [ -157.847571870457188, 21.466754141095642 ], [ -157.848701178074322, 21.469843116790074 ], [ -157.84840257424915, 21.472400012180685 ], [ -157.846120152127611, 21.472299584344942 ], [ -157.84573082559686, 21.475167485416971 ], [ -157.843162105398989, 21.476083324205007 ], [ -157.843553416416427, 21.477769610081381 ], [ -157.844535952383268, 21.4778128615337 ], [ -157.845657953360984, 21.477453527421225 ], [ -157.846088440136981, 21.477832385354645 ], [ -157.845994909223833, 21.479690260281817 ], [ -157.847953471706546, 21.480571927362011 ], [ -157.850812036103662, 21.482327787660612 ], [ -157.853024115693017, 21.484750348563423 ], [ -157.853774453908386, 21.487513803940857 ], [ -157.853462548273455, 21.489354769726649 ], [ -157.852798622430186, 21.491657137356057 ], [ -157.854848794376579, 21.494842909510261 ], [ -157.855267433387212, 21.496384059311783 ], [ -157.85464128227585, 21.497472489449265 ], [ -157.854524047087239, 21.49980395038936 ], [ -157.855135297485617, 21.500078956296552 ], [ -157.855444601956663, 21.50070415588149 ], [ -157.856847007414729, 21.501938416388032 ], [ -157.856534547402305, 21.505839507433233 ], [ -157.855935481211418, 21.507401803484861 ], [ -157.855376665889281, 21.50952889534495 ], [ -157.854012433469023, 21.510886446792071 ], [ -157.853009807891482, 21.511175916209176 ], [ -157.851740954426958, 21.511980233230357 ], [ -157.84693635532858, 21.511540401550651 ], [ -157.847874323726359, 21.510879733174008 ], [ -157.849543158524, 21.510068012994186 ], [ -157.850691941597574, 21.509570355904728 ], [ -157.851044783668357, 21.508649977159426 ], [ -157.851010264101546, 21.507644159602254 ], [ -157.851044150607521, 21.506966860172096 ], [ -157.851002938188998, 21.505768984673622 ], [ -157.852160678950383, 21.504377285282384 ], [ -157.852213973341378, 21.503316227209766 ], [ -157.852204788231688, 21.503045150832168 ], [ -157.852218539613233, 21.502770394491378 ], [ -157.851925801231602, 21.501693327810294 ], [ -157.851546766688472, 21.500153634620524 ], [ -157.850326512850188, 21.495936991096873 ], [ -157.848911682001926, 21.494103664794732 ], [ -157.847443542046278, 21.493657513073074 ], [ -157.84679692539828, 21.492492908044706 ], [ -157.847284292565121, 21.491005632235598 ], [ -157.84874055905442, 21.489255011951148 ], [ -157.848994310050443, 21.488523845972381 ] ], [ [ -157.755930512712752, 21.433655373942848 ], [ -157.756102285802712, 21.4343330463462 ], [ -157.755989911570452, 21.434784774266234 ], [ -157.757200904075262, 21.434314077308205 ], [ -157.755930512712752, 21.433655373942848 ] ], [ [ -157.772611830615375, 21.411826677222397 ], [ -157.772708267512485, 21.412157809702805 ], [ -157.772963754785451, 21.411922017304331 ], [ -157.772611830615375, 21.411826677222397 ] ], [ [ -157.792749217216624, 21.426607587310293 ], [ -157.792490656145304, 21.427561276485378 ], [ -157.793554257147235, 21.427808127740423 ], [ -157.793371661311426, 21.427016671171589 ], [ -157.792749217216624, 21.426607587310293 ] ], [ [ -157.793085413721172, 21.420918769338176 ], [ -157.792700279709464, 21.422452145089927 ], [ -157.792948186084772, 21.424444039853178 ], [ -157.793316132161834, 21.425106090491859 ], [ -157.79416224840503, 21.423266116474917 ], [ -157.796798790930666, 21.422580683371446 ], [ -157.796671504840361, 21.421557122978321 ], [ -157.794893986488773, 21.42106742787286 ], [ -157.793085413721172, 21.420918769338176 ] ], [ [ -157.838806750452818, 21.458641905768811 ], [ -157.838917783033168, 21.459258544487522 ], [ -157.839181841527392, 21.458795233937963 ], [ -157.838806750452818, 21.458641905768811 ] ], [ [ -157.839100535739846, 21.458101917360477 ], [ -157.839197149608026, 21.458433018107431 ], [ -157.839452619915193, 21.45819712428149 ], [ -157.839100535739846, 21.458101917360477 ] ], [ [ -157.83853013978495, 21.4570139032645 ], [ -157.838626751757118, 21.457345004292488 ], [ -157.838882220950723, 21.457109111263591 ], [ -157.83853013978495, 21.4570139032645 ] ], [ [ -157.786511725865068, 21.410843863574172 ], [ -157.786608194001616, 21.411174989551263 ], [ -157.78686365831993, 21.410939174786236 ], [ -157.786511725865068, 21.410843863574172 ] ], [ [ -157.785064759422966, 21.410833379620652 ], [ -157.785258009487734, 21.41118340321189 ], [ -157.786031727870977, 21.41095816063579 ], [ -157.785064759422966, 21.410833379620652 ] ] ] } },
{ "type": "Feature", "properties": { "ID": 29, "GRIDCODE": 2 }, "geometry": { "type": "Polygon", "coordinates": [ [ [ -157.727019479515604, 21.396310141612712 ], [ -157.72759819602544, 21.396314534300718 ], [ -157.727600540694709, 21.396043544717344 ], [ -157.728179256286609, 21.39604793534814 ], [ -157.728181599853229, 21.39577694569482 ], [ -157.728470957171737, 21.395779140231166 ], [ -157.728473300168588, 21.395508150538387 ], [ -157.729027647169005, 21.39535640494417 ], [ -157.729772947033524, 21.394559417559083 ], [ -157.730192191334993, 21.394311699109739 ], [ -157.729712498190963, 21.395505236575239 ], [ -157.726614340351603, 21.397146883480143 ], [ -157.726293825458441, 21.397805227561118 ], [ -157.725934189143032, 21.398053388439838 ], [ -157.726020663075843, 21.397140190173733 ], [ -157.726884278249258, 21.396454675662898 ], [ -157.727019479515604, 21.396310141612712 ] ] ] } },
{ "type": "Feature", "properties": { "ID": 30, "GRIDCODE": 2 }, "geometry": { "type": "Polygon", "coordinates": [ [ [ -157.698712902029825, 21.390401736123387 ], [ -157.699988098814231, 21.391339501696816 ], [ -157.699631856242348, 21.392863063334172 ], [ -157.698851089237223, 21.392413778526262 ], [ -157.698057521480678, 21.392517318194486 ], [ -157.697419619617392, 21.391508269243079 ], [ -157.697967451387342, 21.390784991006118 ], [ -157.698585526201697, 21.390553717504027 ], [ -157.698712902029825, 21.390401736123387 ] ], [ [ -157.698124622091257, 21.391481191354494 ], [ -157.698119825225575, 21.392023164510334 ], [ -157.698987864861522, 21.392029901106127 ], [ -157.69899265853104, 21.391487927763229 ], [ -157.698124622091257, 21.391481191354494 ] ] ] } },
{ "type": "Feature", "properties": { "ID": 31, "GRIDCODE": 2 }, "geometry": { "type": "Polygon", "coordinates": [ [ [ -157.697010444036891, 21.386594444714031 ], [ -157.698250593622419, 21.386729784502457 ], [ -157.698851020341493, 21.387565455957489 ], [ -157.697470513243559, 21.388600850228155 ], [ -157.696606390906197, 21.388090501482953 ], [ -157.696318472533335, 21.387098856674136 ], [ -157.696895959162532, 21.386758765310859 ], [ -157.697010444036891, 21.386594444714031 ] ], [ [ -157.697584317847372, 21.387140912375337 ], [ -157.697485525642463, 21.387320109666518 ], [ -157.697005435022362, 21.387542924184594 ], [ -157.697845046698689, 21.38794900550192 ], [ -157.698259059783169, 21.387273978144588 ], [ -157.697584317847372, 21.387140912375337 ] ] ] } },
{ "type": "Feature", "properties": { "ID": 32, "GRIDCODE": 2 }, "geometry": { "type": "Polygon", "coordinates": [ [ [ -158.011922869075704, 21.374651744104412 ], [ -158.012024124585849, 21.374321892937143 ], [ -158.012276270907535, 21.374561055723149 ], [ -158.011922869075704, 21.374651744104412 ] ] ] } },
{ "type": "Feature", "properties": { "ID": 33, "GRIDCODE": 2 }, "geometry": { "type": "Polygon", "coordinates": [ [ [ -157.960741924702518, 21.369735181558315 ], [ -157.960843289595942, 21.369405365513273 ], [ -157.961095341232124, 21.369644601696464 ], [ -157.960741924702518, 21.369735181558315 ] ] ] } },
{ "type": "Feature", "properties": { "ID": 34, "GRIDCODE": 2 }, "geometry": { "type": "Polygon", "coordinates": [ [ [ -158.013436767389095, 21.364632618388143 ], [ -158.013788902014312, 21.36472745622806 ], [ -158.013533586114846, 21.364963635100533 ], [ -158.013436767389095, 21.364632618388143 ] ] ] } },
{ "type": "Feature", "properties": { "ID": 35, "GRIDCODE": 2 }, "geometry": { "type": "Polygon", "coordinates": [ [ [ -158.013149258367264, 21.364359900548397 ], [ -158.013438582442404, 21.364361600991877 ], [ -158.013436767389095, 21.364632618388143 ], [ -158.013147442781843, 21.364630917921026 ], [ -158.013149258367264, 21.364359900548397 ] ] ] } },
{ "type": "Feature", "properties": { "ID": 36, "GRIDCODE": 2 }, "geometry": { "type": "Polygon", "coordinates": [ [ [ -158.013149258367264, 21.364359900548397 ], [ -158.012763945648715, 21.364177655626513 ], [ -158.011608119755721, 21.36395196807009 ], [ -158.011850502102504, 21.362906072793777 ], [ -158.013060532026515, 21.363095287148919 ], [ -158.013149258367264, 21.364359900548397 ] ] ] } },
{ "type": "Feature", "properties": { "ID": 37, "GRIDCODE": 2 }, "geometry": { "type": "Polygon", "coordinates": [ [ [ -157.953890393878538, 21.356683447917842 ], [ -157.954242465713975, 21.356778408455554 ], [ -157.953987072827886, 21.357014493723788 ], [ -157.953890393878538, 21.356683447917842 ] ] ] } },
{ "type": "Feature", "properties": { "ID": 38, "GRIDCODE": 2 }, "geometry": { "type": "Polygon", "coordinates": [ [ [ -157.954183544067035, 21.356143224538652 ], [ -157.954535614845497, 21.356238184422537 ], [ -157.954280223385126, 21.356474270209176 ], [ -157.954183544067035, 21.356143224538652 ] ] ] } },
{ "type": "Feature", "properties": { "ID": 39, "GRIDCODE": 2 }, "geometry": { "type": "Polygon", "coordinates": [ [ [ -157.953028259172839, 21.355865001413303 ], [ -157.953380328437248, 21.35595996366499 ], [ -157.953124935710889, 21.35619604764597 ], [ -157.953028259172839, 21.355865001413303 ] ] ] } },
{ "type": "Feature", "properties": { "ID": 40, "GRIDCODE": 2 }, "geometry": { "type": "Polygon", "coordinates": [ [ [ -157.95187490639654, 21.355315758018214 ], [ -157.952226973508772, 21.355410722610038 ], [ -157.951971580009598, 21.355646804815134 ], [ -157.95187490639654, 21.355315758018214 ] ] ] } },
{ "type": "Feature", "properties": { "ID": 41, "GRIDCODE": 2 }, "geometry": { "type": "Polygon", "coordinates": [ [ [ -157.960741924702518, 21.369735181558315 ], [ -157.960307848870173, 21.370184223084976 ], [ -157.958857605253684, 21.371222608193953 ], [ -157.957983030418859, 21.371168348698038 ], [ -157.956881634293467, 21.371222977276389 ], [ -157.955881969903743, 21.370618734639166 ], [ -157.954156804156526, 21.36878579265948 ], [ -157.950439954013518, 21.368399529399543 ], [ -157.950493834004135, 21.36763873603164 ], [ -157.950468497959264, 21.367189363189137 ], [ -157.951487124635349, 21.364170659661731 ], [ -157.952822503463949, 21.363309281623803 ], [ -157.954291136836872, 21.36252058087787 ], [ -157.955520327923779, 21.361727598229781 ], [ -157.956169421266452, 21.361695440949127 ], [ -157.95769477951302, 21.361790075577915 ], [ -157.958520467139465, 21.360698263693962 ], [ -157.959519186711503, 21.357387444318185 ], [ -157.959882087931675, 21.35741000611738 ], [ -157.960895170361937, 21.356361887314186 ], [ -157.964064898685024, 21.355241854115054 ], [ -157.964605008664421, 21.355275357641091 ], [ -157.965895224104571, 21.355211316073117 ], [ -157.965921362134651, 21.355673861194514 ], [ -157.965804520911661, 21.357326422945142 ], [ -157.966311570700412, 21.357865044972613 ], [ -157.96732245503614, 21.358535859178442 ], [ -157.96844897912851, 21.359216707740391 ], [ -157.968581613774631, 21.361560344103335 ], [ -157.965974129680689, 21.365345672168377 ], [ -157.963633657940818, 21.366602794112147 ], [ -157.961735026835186, 21.368567041491769 ], [ -157.960320131995388, 21.369164780795579 ], [ -157.960589968522129, 21.369606337649088 ], [ -157.960741924702518, 21.369735181558315 ] ] ] } },
{ "type": "Feature", "properties": { "ID": 42, "GRIDCODE": 2 }, "geometry": { "type": "Polygon", "coordinates": [ [ [ -157.950719633018906, 21.355037519426475 ], [ -157.951071698616857, 21.355132486385859 ], [ -157.950816303852008, 21.355368566785224 ], [ -157.950719633018906, 21.355037519426475 ] ] ] } },
{ "type": "Feature", "properties": { "ID": 43, "GRIDCODE": 2 }, "geometry": { "type": "Polygon", "coordinates": [ [ [ -157.952457360618212, 21.354777343017314 ], [ -157.952355988775054, 21.355107154207211 ], [ -157.952103975718984, 21.354867906091552 ], [ -157.952457360618212, 21.354777343017314 ] ] ] } },
{ "type": "Feature", "properties": { "ID": 44, "GRIDCODE": 2 }, "geometry": { "type": "Polygon", "coordinates": [ [ [ -157.943778380968695, 21.354722983690266 ], [ -157.94413044066718, 21.354817964991629 ], [ -157.943875035846418, 21.355054034405708 ], [ -157.943778380968695, 21.354722983690266 ] ] ] } },
{ "type": "Feature", "properties": { "ID": 45, "GRIDCODE": 2 }, "geometry": { "type": "Polygon", "coordinates": [ [ [ -157.951012791016751, 21.354497301821755 ], [ -157.951364855557983, 21.354592268127213 ], [ -157.951109462218795, 21.354828349045142 ], [ -157.951012791016751, 21.354497301821755 ] ] ] } },
{ "type": "Feature", "properties": { "ID": 46, "GRIDCODE": 2 }, "geometry": { "type": "Polygon", "coordinates": [ [ [ -157.951595244873516, 21.35395888975631 ], [ -157.951493871773891, 21.35428870040122 ], [ -157.951241861515626, 21.354049451083682 ], [ -157.951595244873516, 21.35395888975631 ] ] ] } },
{ "type": "Feature", "properties": { "ID": 47, "GRIDCODE": 2 }, "geometry": { "type": "Polygon", "coordinates": [ [ [ -157.951595244873516, 21.35395888975631 ], [ -157.95169661748767, 21.353629079018841 ], [ -157.951948627829239, 21.353868327666447 ], [ -157.951595244873516, 21.35395888975631 ] ] ] } },
{ "type": "Feature", "properties": { "ID": 48, "GRIDCODE": 2 }, "geometry": { "type": "Polygon", "coordinates": [ [ [ -157.951890324566904, 21.353147657772947 ], [ -157.952242386575989, 21.353242622144339 ], [ -157.95198699702047, 21.353478704587982 ], [ -157.951890324566904, 21.353147657772947 ] ] ] } },
{ "type": "Feature", "properties": { "ID": 49, "GRIDCODE": 2 }, "geometry": { "type": "Polygon", "coordinates": [ [ [ -157.957969390245808, 21.352643434109499 ], [ -157.958321455576964, 21.352738385852362 ], [ -157.958066076240613, 21.352974477989573 ], [ -157.957969390245808, 21.352643434109499 ] ] ] } },
{ "type": "Feature", "properties": { "ID": 50, "GRIDCODE": 2 }, "geometry": { "type": "Polygon", "coordinates": [ [ [ -157.959708992801666, 21.352112167651882 ], [ -157.959607639095481, 21.352441984060576 ], [ -157.959355618115524, 21.352202746458648 ], [ -157.959708992801666, 21.352112167651882 ] ] ] } },
{ "type": "Feature", "properties": { "ID": 51, "GRIDCODE": 2 }, "geometry": { "type": "Polygon", "coordinates": [ [ [ -157.960293317993575, 21.351302710239434 ], [ -157.960159693492045, 21.351902029112313 ], [ -157.959708992801666, 21.352112167651882 ], [ -157.959842619349473, 21.351512849234798 ], [ -157.960293317993575, 21.351302710239434 ] ] ] } },
{ "type": "Feature", "properties": { "ID": 52, "GRIDCODE": 2 }, "geometry": { "type": "Polygon", "coordinates": [ [ [ -157.960586433608114, 21.350762473946926 ], [ -157.960582611692729, 21.351304500721874 ], [ -157.960293317993575, 21.351302710239434 ], [ -157.960297140972216, 21.350760683514292 ], [ -157.960586433608114, 21.350762473946926 ] ] ] } },
{ "type": "Feature", "properties": { "ID": 53, "GRIDCODE": 2 }, "geometry": { "type": "Polygon", "coordinates": [ [ [ -157.657294544388975, 21.331267626454501 ], [ -157.657130345765694, 21.331618566590858 ], [ -157.656636309392496, 21.331370940357658 ], [ -157.657294544388975, 21.331267626454501 ] ] ] } },
{ "type": "Feature", "properties": { "ID": 54, "GRIDCODE": 2 }, "geometry": { "type": "Polygon", "coordinates": [ [ [ -157.96651662850482, 21.330201096455426 ], [ -157.966617949362785, 21.329871273771936 ], [ -157.966869946142452, 21.330110500032468 ], [ -157.96651662850482, 21.330201096455426 ] ] ] } },
{ "type": "Feature", "properties": { "ID": 55, "GRIDCODE": 2 }, "geometry": { "type": "Polygon", "coordinates": [ [ [ -157.657294544388975, 21.331267626454501 ], [ -157.657159426389626, 21.331123436393575 ], [ -157.656585391393321, 21.330634536044659 ], [ -157.657054795361177, 21.328746752214581 ], [ -157.658039759298475, 21.327936115139689 ], [ -157.65679630218392, 21.327044627575255 ], [ -157.655886397482362, 21.327088101845884 ], [ -157.654882849847155, 21.327024034802882 ], [ -157.655154225976986, 21.328177905508962 ], [ -157.65654780346236, 21.32936476577736 ], [ -157.655990117186604, 21.330307100274634 ], [ -157.656494421199909, 21.331660129536115 ], [ -157.655428819303353, 21.33111800391724 ], [ -157.654285398888305, 21.32910557068924 ], [ -157.654609373647162, 21.32625587723539 ], [ -157.656331401516354, 21.326173514839809 ], [ -157.658655356112206, 21.326866209118048 ], [ -157.659218453001131, 21.327345818340778 ], [ -157.659486225522357, 21.327905179432793 ], [ -157.659990825141136, 21.328793009263492 ], [ -157.659239412381453, 21.33029288915516 ], [ -157.657294544388975, 21.331267626454501 ] ] ] } },
{ "type": "Feature", "properties": { "ID": 56, "GRIDCODE": 2 }, "geometry": { "type": "Polygon", "coordinates": [ [ [ -157.964234940649874, 21.325579608217001 ], [ -157.964337949569995, 21.325391861008118 ], [ -157.965203928762094, 21.325002233144858 ], [ -157.965006142198007, 21.325493309580793 ], [ -157.964234940649874, 21.325579608217001 ] ] ] } },
{ "type": "Feature", "properties": { "ID": 57, "GRIDCODE": 2 }, "geometry": { "type": "Polygon", "coordinates": [ [ [ -157.905828444256684, 21.322499422413944 ], [ -157.905929892894562, 21.32216964147824 ], [ -157.906181774396941, 21.322408954258805 ], [ -157.905828444256684, 21.322499422413944 ] ] ] } },
{ "type": "Feature", "properties": { "ID": 58, "GRIDCODE": 2 }, "geometry": { "type": "Polygon", "coordinates": [ [ [ -157.655381084116925, 21.319057159955317 ], [ -157.657534910550339, 21.319841132935338 ], [ -157.656614422632856, 21.321362942927838 ], [ -157.654938063081147, 21.320965133875742 ], [ -157.655214788425241, 21.320538742979188 ], [ -157.655831463210376, 21.320031373083893 ], [ -157.655513722244251, 21.319472335206708 ], [ -157.655381084116925, 21.319057159955317 ] ] ] } },
{ "type": "Feature", "properties": { "ID": 59, "GRIDCODE": 2 }, "geometry": { "type": "Polygon", "coordinates": [ [ [ -157.953600178075334, 21.316027856019893 ], [ -157.953975045083894, 21.31618091954174 ], [ -157.953711617142375, 21.316644444979019 ], [ -157.953600178075334, 21.316027856019893 ] ] ] } },
{ "type": "Feature", "properties": { "ID": 60, "GRIDCODE": 2 }, "geometry": { "type": "Polygon", "coordinates": [ [ [ -157.655751684978185, 21.310116986708902 ], [ -157.655543625336549, 21.310479816682047 ], [ -157.654797800201976, 21.310225411371746 ], [ -157.655751684978185, 21.310116986708902 ] ] ] } },
{ "type": "Feature", "properties": { "ID": 61, "GRIDCODE": 2 }, "geometry": { "type": "Polygon", "coordinates": [ [ [ -157.650548912237525, 21.309804325575513 ], [ -157.651297396512717, 21.309921019152753 ], [ -157.652528470829793, 21.310417183727232 ], [ -157.653762106762059, 21.310168429704682 ], [ -157.654421289164787, 21.310384830460869 ], [ -157.653424774758378, 21.311017844221347 ], [ -157.651263169483371, 21.310545522496209 ], [ -157.651005741834638, 21.310189684371309 ], [ -157.650665491920648, 21.309965573822424 ], [ -157.650548912237525, 21.309804325575513 ] ] ] } },
{ "type": "Feature", "properties": { "ID": 62, "GRIDCODE": 2 }, "geometry": { "type": "Polygon", "coordinates": [ [ [ -157.728473300168588, 21.395508150538387 ], [ -157.728183943382959, 21.395505956032498 ], [ -157.728181599853229, 21.39577694569482 ], [ -157.72760288532703, 21.395772555124967 ], [ -157.727600540694709, 21.396043544717344 ], [ -157.727021825250603, 21.396039152090314 ], [ -157.727019479515604, 21.396310141612712 ], [ -157.726289303703766, 21.396434939289946 ], [ -157.724705771239201, 21.396941296261922 ], [ -157.722051700357042, 21.395599995430143 ], [ -157.721085572179135, 21.395853314577995 ], [ -157.720428022783267, 21.396172831218031 ], [ -157.716377332052161, 21.393451785817707 ], [ -157.712846030338341, 21.38935922470899 ], [ -157.711381429761673, 21.388067248075696 ], [ -157.71103401167133, 21.387114468353211 ], [ -157.710582360723436, 21.38573876260385 ], [ -157.709088465526776, 21.383669450569087 ], [ -157.708757355041882, 21.382760857212816 ], [ -157.708327708422786, 21.381006594795423 ], [ -157.705902026159265, 21.38044562448361 ], [ -157.70576595188237, 21.376382789830551 ], [ -157.706810708258359, 21.373792332917226 ], [ -157.707412437533463, 21.372452257876663 ], [ -157.708268693510973, 21.369988826441627 ], [ -157.709471804085837, 21.366856427321068 ], [ -157.709524645938188, 21.365823686018743 ], [ -157.709483869965055, 21.364608671409343 ], [ -157.709646696995662, 21.364469589643452 ], [ -157.709742965056307, 21.364800751628916 ], [ -157.709998461352995, 21.36456505479098 ], [ -157.709646696995662, 21.364469589643452 ], [ -157.70950228995477, 21.36379612300826 ], [ -157.709102338154679, 21.360430139947901 ], [ -157.708355476114036, 21.357965682258246 ], [ -157.708418559121895, 21.356731616517401 ], [ -157.707842442751627, 21.356223346697689 ], [ -157.707562328152335, 21.35536966252376 ], [ -157.70726879353299, 21.354564703543751 ], [ -157.70679139671833, 21.353110121329411 ], [ -157.706254574540537, 21.352021826308842 ], [ -157.705575480429786, 21.351018247851172 ], [ -157.705265992055416, 21.350745186176599 ], [ -157.705303212852073, 21.350013370356049 ], [ -157.704281530099934, 21.347940982304248 ], [ -157.70329948596796, 21.346664580838709 ], [ -157.70156925378771, 21.344764489345131 ], [ -157.700153484270118, 21.342575164807307 ], [ -157.699307317965861, 21.341402611953381 ], [ -157.698143661980509, 21.339588850655851 ], [ -157.696445935523911, 21.336584293104249 ], [ -157.695280869952995, 21.33496985459248 ], [ -157.693130017441831, 21.331791310971788 ], [ -157.690307394723021, 21.329458904541738 ], [ -157.684734377882222, 21.326639827384973 ], [ -157.679182250561524, 21.325077579914588 ], [ -157.678330854940185, 21.324518556043106 ], [ -157.677743469416555, 21.324253253289871 ], [ -157.676271118402497, 21.323111132223488 ], [ -157.673809953855312, 21.321998915975765 ], [ -157.67245942935412, 21.321166575127958 ], [ -157.670469668566938, 21.319119902948533 ], [ -157.669694413855041, 21.318769655996515 ], [ -157.668039336264457, 21.316762656214461 ], [ -157.666601521219121, 21.316035110499708 ], [ -157.665089370921066, 21.316283797935696 ], [ -157.663991517639801, 21.316817089514334 ], [ -157.662896391497213, 21.316362181015077 ], [ -157.662340205723837, 21.315870928939798 ], [ -157.661926341215576, 21.31544525054159 ], [ -157.661626599202236, 21.315453980899122 ], [ -157.661353431503528, 21.31489907923898 ], [ -157.660256211545573, 21.313930314274938 ], [ -157.660207450709976, 21.31245607403633 ], [ -157.660274685981364, 21.311146445332138 ], [ -157.659081731847209, 21.310273906636027 ], [ -157.655751684978185, 21.310116986708902 ], [ -157.656138431988268, 21.309732493080386 ], [ -157.657543972556056, 21.309399336480116 ], [ -157.658268726294324, 21.30976610519583 ], [ -157.660185475571893, 21.309710191021097 ], [ -157.660678871793493, 21.310145967633272 ], [ -157.661458158256551, 21.310947651393786 ], [ -157.662869696990214, 21.311979975874781 ], [ -157.664472140419093, 21.312704160943309 ], [ -157.664989655408732, 21.313161289533607 ], [ -157.666078196476235, 21.314280940685276 ], [ -157.667415058063085, 21.314957538467162 ], [ -157.668990272658874, 21.315669358991471 ], [ -157.669727776474758, 21.316320551805582 ], [ -157.671043691230921, 21.317916363053754 ], [ -157.672168193774581, 21.318909228199377 ], [ -157.674122435934294, 21.320919145105474 ], [ -157.675343211129928, 21.321292004189988 ], [ -157.678357018572854, 21.322479734951902 ], [ -157.680656660349456, 21.323181794414364 ], [ -157.68224349310492, 21.323716997315728 ], [ -157.683929923300326, 21.324107339273922 ], [ -157.686040633987858, 21.324939050617989 ], [ -157.688879196119785, 21.3248558127801 ], [ -157.68974655099538, 21.32489479644688 ], [ -157.691255817768507, 21.324850511415015 ], [ -157.69431244349596, 21.326905506411439 ], [ -157.697431806986629, 21.330150759319231 ], [ -157.699062423196978, 21.332560106734029 ], [ -157.700227514185997, 21.334174520614962 ], [ -157.702128066206569, 21.337537762034898 ], [ -157.705350972962066, 21.342354610220596 ], [ -157.70778710986005, 21.345100840158324 ], [ -157.70893926435599, 21.347181886647483 ], [ -157.709678991649213, 21.34900515963486 ], [ -157.710508869899286, 21.35050386007255 ], [ -157.711665939632411, 21.35335653151931 ], [ -157.712705565082814, 21.35523429650944 ], [ -157.713028247224173, 21.357590022264816 ], [ -157.713474079490624, 21.359238340016471 ], [ -157.71411632340633, 21.365509643370306 ], [ -157.713753424545558, 21.368403186290067 ], [ -157.712453814190042, 21.371787690523924 ], [ -157.711508347127989, 21.37450730815215 ], [ -157.710349587977447, 21.377089246267179 ], [ -157.711398431359129, 21.37854251895536 ], [ -157.709669172485292, 21.378703107227466 ], [ -157.708535424365238, 21.378652238003529 ], [ -157.707984712989656, 21.379199803083427 ], [ -157.70676815691516, 21.379922464786187 ], [ -157.707046312928469, 21.380038013110976 ], [ -157.707629672137358, 21.38002080611356 ], [ -157.708208131461731, 21.380046764223739 ], [ -157.709004314823147, 21.380023317494345 ], [ -157.709658119752106, 21.380318408779335 ], [ -157.710455116315927, 21.381137556173041 ], [ -157.711389233600272, 21.380884048681317 ], [ -157.712637399881828, 21.380002603970155 ], [ -157.713199708284776, 21.381714405648971 ], [ -157.714332927375978, 21.383284360258106 ], [ -157.714164826003838, 21.386579547778702 ], [ -157.71532819797136, 21.386934432394494 ], [ -157.717109702027443, 21.388505761505954 ], [ -157.717635609538149, 21.389572373559204 ], [ -157.718444751456019, 21.389981231232273 ], [ -157.718829856521438, 21.389598107832754 ], [ -157.720937278254581, 21.39123123722371 ], [ -157.723876937044622, 21.391630303035548 ], [ -157.725754161691555, 21.392477580905581 ], [ -157.727348224634056, 21.393458921339903 ], [ -157.729047350722453, 21.394646019672418 ], [ -157.728473300168588, 21.395508150538387 ] ], [ [ -157.720401973685, 21.39192366003337 ], [ -157.720264412795927, 21.392339177632085 ], [ -157.7199232437967, 21.392901149356177 ], [ -157.721030896963157, 21.394763973851944 ], [ -157.721388732731015, 21.393682675017395 ], [ -157.721949870359282, 21.393237171061081 ], [ -157.722265237700583, 21.392716880052703 ], [ -157.720401973685, 21.39192366003337 ] ], [ [ -157.723295463952581, 21.391945713396154 ], [ -157.723449585252695, 21.392291004910177 ], [ -157.723959957980043, 21.392060602960594 ], [ -157.723295463952581, 21.391945713396154 ] ], [ [ -157.710516950414672, 21.364205269613418 ], [ -157.710870338342374, 21.364115222023681 ], [ -157.710619004534806, 21.363875631338448 ], [ -157.710516950414672, 21.364205269613418 ], [ -157.710163562094408, 21.364295316436291 ], [ -157.710414895798777, 21.364534907790677 ], [ -157.710516950414672, 21.364205269613418 ] ], [ [ -157.711100279258886, 21.363667735163649 ], [ -157.711196550215789, 21.363998896484624 ], [ -157.711452042848236, 21.363763197224269 ], [ -157.711100279258886, 21.363667735163649 ] ], [ [ -157.71168123386451, 21.363401187392277 ], [ -157.711777506007195, 21.363732348447336 ], [ -157.712032997273667, 21.363496648225084 ], [ -157.71168123386451, 21.363401187392277 ] ], [ [ -157.712553846165378, 21.362865867221398 ], [ -157.712650120018253, 21.363197027877735 ], [ -157.712905608986489, 21.36296132619529 ], [ -157.712553846165378, 21.362865867221398 ] ], [ [ -157.713134795182555, 21.362599314101711 ], [ -157.71323107022107, 21.362930474492071 ], [ -157.713486557823359, 21.362694771847856 ], [ -157.713134795182555, 21.362599314101711 ] ] ] } },
{ "type": "Feature", "properties": { "ID": 63, "GRIDCODE": 2 }, "geometry": { "type": "Polygon", "coordinates": [ [ [ -157.869776322424656, 21.308980962461277 ], [ -157.869424567372988, 21.308885832613964 ], [ -157.869679719808261, 21.308649874865775 ], [ -157.869776322424656, 21.308980962461277 ] ] ] } },
{ "type": "Feature", "properties": { "ID": 64, "GRIDCODE": 2 }, "geometry": { "type": "Polygon", "coordinates": [ [ [ -157.654923620792403, 21.305774299176914 ], [ -157.657568307565271, 21.305913325237224 ], [ -157.657750328553448, 21.306705560314075 ], [ -157.657204449753095, 21.308037899336686 ], [ -157.656334412941419, 21.308213364317833 ], [ -157.655094792962018, 21.306422677204399 ], [ -157.654923620792403, 21.305774299176914 ] ] ] } },
{ "type": "Feature", "properties": { "ID": 65, "GRIDCODE": 2 }, "geometry": { "type": "Polygon", "coordinates": [ [ [ -157.964234940649874, 21.325579608217001 ], [ -157.964094839677671, 21.325719419316826 ], [ -157.963789766036797, 21.32598075767169 ], [ -157.964097836902397, 21.326821805122187 ], [ -157.964036258365979, 21.328069098879869 ], [ -157.964248131038431, 21.328691329519373 ], [ -157.965803062685353, 21.327702882790927 ], [ -157.965213725493186, 21.329245548191235 ], [ -157.965588377426201, 21.329919464305014 ], [ -157.96651662850482, 21.330201096455426 ], [ -157.966696263808075, 21.330406462978758 ], [ -157.968091945619278, 21.330983755045779 ], [ -157.968364128950753, 21.332962607569172 ], [ -157.967663774522919, 21.33803759953733 ], [ -157.964546120678932, 21.341153014978261 ], [ -157.964272584441972, 21.34273182732753 ], [ -157.965132488572124, 21.343866885012673 ], [ -157.965726125538197, 21.344781943929487 ], [ -157.965673346484522, 21.345237850050818 ], [ -157.96570188564877, 21.345519042891453 ], [ -157.963327592883729, 21.347935301356681 ], [ -157.963652224457661, 21.348194169872315 ], [ -157.96626305690296, 21.346029148165613 ], [ -157.966534779069406, 21.346339760147455 ], [ -157.967371211430248, 21.346999375213208 ], [ -157.967670651360578, 21.349384071839275 ], [ -157.965652299499425, 21.350533307236759 ], [ -157.963628765284568, 21.352013392857653 ], [ -157.962414584561742, 21.352497857782094 ], [ -157.962473841629134, 21.351986544494267 ], [ -157.962316466707591, 21.351586246680444 ], [ -157.962962926622112, 21.35146015241185 ], [ -157.962694298436986, 21.350950585803972 ], [ -157.962316466707591, 21.351586246680444 ], [ -157.961688181470294, 21.351317955497834 ], [ -157.960514305708529, 21.352196687815482 ], [ -157.960933213706056, 21.35096557255369 ], [ -157.960586433608114, 21.350762473946926 ], [ -157.96081930674498, 21.349830346657793 ], [ -157.960268686574835, 21.350168433754099 ], [ -157.958704952115227, 21.35222352688259 ], [ -157.95805406717102, 21.352295252946522 ], [ -157.959563562140772, 21.349960600240138 ], [ -157.958797420200739, 21.350092027223777 ], [ -157.957487264593965, 21.352082975089182 ], [ -157.956834314887345, 21.352566249792748 ], [ -157.954687385200003, 21.355852839621647 ], [ -157.954246386993503, 21.355329946382334 ], [ -157.953485016833781, 21.354904242028081 ], [ -157.952457360618212, 21.354777343017314 ], [ -157.952599427045698, 21.354366531092293 ], [ -157.953208900487027, 21.353304759452222 ], [ -157.953188802528473, 21.352733338512088 ], [ -157.952320686127649, 21.352760149473792 ], [ -157.952341486862764, 21.352337861913746 ], [ -157.951503864196525, 21.351930796099474 ], [ -157.950174551509093, 21.354017043427181 ], [ -157.943536872781777, 21.350280600165842 ], [ -157.942267284993136, 21.349975714477079 ], [ -157.943254768246391, 21.352271607036329 ], [ -157.939580827283521, 21.352660015991276 ], [ -157.939605676714137, 21.35336869898201 ], [ -157.943356779156062, 21.353766586499148 ], [ -157.943922185051463, 21.354072993628623 ], [ -157.943056783121449, 21.354035391981363 ], [ -157.942775955630339, 21.354073788367494 ], [ -157.943351371722486, 21.35457995535354 ], [ -157.943337669563164, 21.354855723398895 ], [ -157.943353176387831, 21.355293720555409 ], [ -157.940194955535532, 21.358879441037704 ], [ -157.941609678454597, 21.359718109635047 ], [ -157.942298357657876, 21.359031192944013 ], [ -157.946422157893437, 21.355534466379591 ], [ -157.948267868102022, 21.357425803116911 ], [ -157.948222625827157, 21.358341351319762 ], [ -157.945043788857873, 21.359722384653793 ], [ -157.944753314222822, 21.360751257522587 ], [ -157.946389464164355, 21.360225638014512 ], [ -157.946769600201634, 21.360466161462448 ], [ -157.945085212317565, 21.361197859374457 ], [ -157.944743028136202, 21.362187367971455 ], [ -157.942661673339074, 21.363267697827958 ], [ -157.941836750913069, 21.363231864835225 ], [ -157.94111793222973, 21.363254064575514 ], [ -157.940087659102971, 21.365683797204554 ], [ -157.938933412289657, 21.365392711837281 ], [ -157.937766996014631, 21.365124634241955 ], [ -157.937076832062473, 21.364776921177011 ], [ -157.935818346486826, 21.363487344709817 ], [ -157.934545519829925, 21.363207057676782 ], [ -157.933875569321458, 21.363875201386907 ], [ -157.933522152758314, 21.363965723873314 ], [ -157.933774149185865, 21.364204999022434 ], [ -157.933875569321458, 21.363875201386907 ], [ -157.935445191673381, 21.36404178080387 ], [ -157.938050453253368, 21.365939497510407 ], [ -157.939396692689229, 21.366545106753751 ], [ -157.938529289202393, 21.36881407589421 ], [ -157.936865859500784, 21.36971600180075 ], [ -157.936292276426627, 21.370535759132039 ], [ -157.935178637219053, 21.372029844599549 ], [ -157.936000943983402, 21.373509408736165 ], [ -157.934189426634305, 21.374034004498508 ], [ -157.933323742650515, 21.374897351915799 ], [ -157.933360491738057, 21.375948327810857 ], [ -157.933938337216006, 21.375930561455558 ], [ -157.934218227181674, 21.376496087781071 ], [ -157.934634825095515, 21.375683679888184 ], [ -157.935614385352295, 21.37712580073546 ], [ -157.936415642817394, 21.3775728152909 ], [ -157.937683006313108, 21.376767774877361 ], [ -157.938563930650162, 21.376512648624903 ], [ -157.939517559555327, 21.376206300108226 ], [ -157.940296835708665, 21.375429186321412 ], [ -157.94076127583196, 21.375031538857996 ], [ -157.94116477921844, 21.375444987169157 ], [ -157.942462760498387, 21.376586824746298 ], [ -157.942002815520851, 21.378187170609664 ], [ -157.942025442062658, 21.378833044499959 ], [ -157.942005106811195, 21.379244413585152 ], [ -157.942593370347822, 21.379509021392913 ], [ -157.943159025249741, 21.379793930639508 ], [ -157.944750889111845, 21.38050989415111 ], [ -157.945928540399365, 21.381279880840516 ], [ -157.946615687252148, 21.381983855002733 ], [ -157.947203548121564, 21.382248246196369 ], [ -157.948118230239629, 21.382708953595202 ], [ -157.949811831451626, 21.382164812494711 ], [ -157.951238171254914, 21.383097306155378 ], [ -157.95239575706708, 21.383061595759489 ], [ -157.952970305978937, 21.383650172961389 ], [ -157.9532993095969, 21.383640051131017 ], [ -157.954695665276972, 21.384343256063751 ], [ -157.955871439343014, 21.384871981648189 ], [ -157.956844595826766, 21.385362054496124 ], [ -157.958358197519345, 21.386912578068021 ], [ -157.959675560318146, 21.387504884427173 ], [ -157.960477034198789, 21.387480077779742 ], [ -157.960851869427557, 21.387864057317177 ], [ -157.961774611905582, 21.387414072324251 ], [ -157.962495496069579, 21.387777031078247 ], [ -157.963355564426053, 21.387357616157086 ], [ -157.964287021158896, 21.386952863569785 ], [ -157.964960803638292, 21.386982034027966 ], [ -157.965394963026171, 21.386968633611815 ], [ -157.965689195701373, 21.386981365888825 ], [ -157.96655625076076, 21.386430368793917 ], [ -157.967462610428186, 21.387022729012489 ], [ -157.968900481836357, 21.386978242311464 ], [ -157.969702421641358, 21.385413397037755 ], [ -157.969063805551315, 21.383067915287604 ], [ -157.968453505163353, 21.382531245561804 ], [ -157.967857011719531, 21.381920285684785 ], [ -157.967460489423559, 21.380719805434811 ], [ -157.966883765333932, 21.380212715664356 ], [ -157.966358718909788, 21.375284255592355 ], [ -157.966955565852231, 21.374773076174307 ], [ -157.966881892248267, 21.372688060004293 ], [ -157.967636809501698, 21.37167490593405 ], [ -157.96851530438002, 21.369960528625978 ], [ -157.969671815128265, 21.369659883246651 ], [ -157.972156422023687, 21.37103024310408 ], [ -157.972744290077827, 21.371294545231116 ], [ -157.973053860952774, 21.371919546551425 ], [ -157.97445444086037, 21.373151099506181 ], [ -157.974777628800126, 21.374459832055514 ], [ -157.975789882460361, 21.374914898826898 ], [ -157.975271382585788, 21.376272087692474 ], [ -157.975324753403584, 21.377779330315096 ], [ -157.977088876306254, 21.378105915186975 ], [ -157.978433013010431, 21.379482663386089 ], [ -157.979192471563749, 21.379459097888848 ], [ -157.979908176465983, 21.379489984164074 ], [ -157.982569472018014, 21.382563717207177 ], [ -157.98306500089862, 21.383563878876711 ], [ -157.984606834606865, 21.385361947804967 ], [ -157.984481447684601, 21.387908869135984 ], [ -157.988637484007313, 21.388194683176966 ], [ -157.990990440095203, 21.387632328384861 ], [ -157.992372033383532, 21.386253676171318 ], [ -157.992289600808107, 21.383930336183454 ], [ -157.99276687602341, 21.383210708495824 ], [ -157.993798563342295, 21.382969362965451 ], [ -157.994219229356901, 21.382406342966195 ], [ -157.994797945112992, 21.38240981137719 ], [ -157.994799796144292, 21.382138796094811 ], [ -157.99524290008307, 21.382013546544421 ], [ -157.995839361825858, 21.381714528731901 ], [ -157.996628341415004, 21.383352024795244 ], [ -157.996930173956628, 21.386789036630894 ], [ -157.995914160260753, 21.389388938961901 ], [ -157.993408019307822, 21.391459150275633 ], [ -157.991090840124627, 21.392277493177346 ], [ -157.984309706301303, 21.392502491909617 ], [ -157.981869367130003, 21.391874513069887 ], [ -157.979943607430869, 21.389829262012118 ], [ -157.979583935408499, 21.386782274940259 ], [ -157.978994351374297, 21.385980830207345 ], [ -157.978211074954231, 21.384810506744632 ], [ -157.977869613921399, 21.382667220976725 ], [ -157.977574632072958, 21.383820854040451 ], [ -157.976515238034409, 21.383755173550387 ], [ -157.974504469207659, 21.382275944276717 ], [ -157.973369814472676, 21.381881126703561 ], [ -157.973819318054865, 21.383494808365462 ], [ -157.974072185258109, 21.386379767201387 ], [ -157.973039231757213, 21.389021893896871 ], [ -157.970288197012167, 21.391293782417982 ], [ -157.965354383640488, 21.391573547070074 ], [ -157.963711617215097, 21.392114186870465 ], [ -157.960449784610347, 21.392356289533538 ], [ -157.956308115315238, 21.391135904348033 ], [ -157.95352577350846, 21.388789921080917 ], [ -157.952569052656287, 21.388371458849775 ], [ -157.952954646573005, 21.38771748112211 ], [ -157.953231887967661, 21.387119465905648 ], [ -157.952808574522948, 21.386760377372728 ], [ -157.952810503298309, 21.386489365806419 ], [ -157.952231779137975, 21.386485751921331 ], [ -157.952235638728411, 21.385943728862344 ], [ -157.952589099045952, 21.3858531688944 ], [ -157.952337035298115, 21.385613919816937 ], [ -157.952235638728411, 21.385943728862344 ], [ -157.951830044010137, 21.386212218529607 ], [ -157.952231779137975, 21.386485751921331 ], [ -157.95222984929714, 21.38675676343745 ], [ -157.952808574522948, 21.386760377372728 ], [ -157.952553852918555, 21.387966019637883 ], [ -157.951802407198016, 21.387989248214012 ], [ -157.95121586637984, 21.387693847769597 ], [ -157.950049248888973, 21.387425848052239 ], [ -157.948904824802725, 21.387137335072492 ], [ -157.945783542329792, 21.386767653551583 ], [ -157.943984288221657, 21.385761636326801 ], [ -157.942225695768371, 21.384350645803295 ], [ -157.939515701116079, 21.383131864813254 ], [ -157.937946215488637, 21.381918875657405 ], [ -157.9343317409527, 21.381600781931624 ], [ -157.93274575004736, 21.380801784161257 ], [ -157.931086489550523, 21.380055371554572 ], [ -157.928740142584246, 21.377486339400885 ], [ -157.928617656652591, 21.373990387622172 ], [ -157.929529716404915, 21.372211733591588 ], [ -157.930544377225232, 21.370989733940519 ], [ -157.931559432882807, 21.369009911582349 ], [ -157.932803478366338, 21.367340937812315 ], [ -157.933284057195806, 21.36336764286542 ], [ -157.934923063788943, 21.36173298548217 ], [ -157.93607401585291, 21.361047042645001 ], [ -157.935507860452589, 21.358965983690549 ], [ -157.935796653356391, 21.357513180846286 ], [ -157.936163266977303, 21.356238001377083 ], [ -157.934975205658105, 21.354597051897976 ], [ -157.93486709561364, 21.351514268014597 ], [ -157.935787668691404, 21.349718616609881 ], [ -157.937016413767537, 21.348848150258043 ], [ -157.937952322735299, 21.348290319365692 ], [ -157.940032166658085, 21.346215525607779 ], [ -157.942440915152559, 21.345640421325029 ], [ -157.944887436526528, 21.34600239260207 ], [ -157.948865835999442, 21.348197778232176 ], [ -157.951395146439353, 21.347593722730849 ], [ -157.952656659234691, 21.347862295093183 ], [ -157.954274434403914, 21.348270176765503 ], [ -157.956495181464533, 21.346054448016908 ], [ -157.957868122881848, 21.345726504682908 ], [ -157.959506388474551, 21.345371608644474 ], [ -157.959922848234896, 21.34464587291027 ], [ -157.959764202017311, 21.340142202845477 ], [ -157.960487188459155, 21.338731005094164 ], [ -157.963435014697581, 21.33572703811706 ], [ -157.963170058673313, 21.333834177719137 ], [ -157.959621426864601, 21.3301831114739 ], [ -157.959153348437525, 21.32780006996045 ], [ -157.9583300623068, 21.326318687285497 ], [ -157.956874199020916, 21.322437551480892 ], [ -157.954672852998982, 21.321328529187696 ], [ -157.95385211244573, 21.321292921476491 ], [ -157.949495927368446, 21.321427545407644 ], [ -157.949225179691837, 21.321150064227592 ], [ -157.94957848432233, 21.321059503600292 ], [ -157.949326531551122, 21.320820252945243 ], [ -157.949225179691837, 21.321150064227592 ], [ -157.946358580372419, 21.320929850586694 ], [ -157.943639655175957, 21.319672667334672 ], [ -157.942210917015217, 21.317883628875684 ], [ -157.941653811209505, 21.315788215354026 ], [ -157.945841599874228, 21.315894644939085 ], [ -157.945077103490689, 21.310164241423077 ], [ -157.941319413161835, 21.309853399002687 ], [ -157.941374226638118, 21.307958816615805 ], [ -157.923146247777964, 21.308320799030273 ], [ -157.92312909040308, 21.308911569408689 ], [ -157.923985086497311, 21.311308027120933 ], [ -157.92357625644604, 21.31469757864696 ], [ -157.921148315725219, 21.317033233252126 ], [ -157.918318443545246, 21.319106158807486 ], [ -157.917008941888639, 21.321591529321282 ], [ -157.915779252914177, 21.322453380374505 ], [ -157.914644243563089, 21.32296037986756 ], [ -157.913455416864878, 21.323793495175256 ], [ -157.912277737583281, 21.324319523162217 ], [ -157.90981773863632, 21.326685559891061 ], [ -157.908008810333172, 21.327252588149282 ], [ -157.90595906680781, 21.327551572570993 ], [ -157.903897946825197, 21.329381309521779 ], [ -157.90331905678687, 21.331540814428834 ], [ -157.901090114000965, 21.333684308651979 ], [ -157.899816138781318, 21.333981336964687 ], [ -157.898482283061014, 21.334276771965381 ], [ -157.897522766638332, 21.336097031127316 ], [ -157.895329825393901, 21.337731917853912 ], [ -157.893618450069198, 21.337753346049425 ], [ -157.893769009856072, 21.332612276606195 ], [ -157.89318140384205, 21.331525050547686 ], [ -157.893679115772215, 21.331000708717077 ], [ -157.894339079712836, 21.330687712427494 ], [ -157.896191492768509, 21.330361506708901 ], [ -157.897515958131407, 21.329087874076524 ], [ -157.89782581598439, 21.329355502002439 ], [ -157.898377662081657, 21.329901162933378 ], [ -157.899294402511089, 21.32913148720916 ], [ -157.898502812760057, 21.327666648349528 ], [ -157.898993320408749, 21.327194977637088 ], [ -157.901616213546333, 21.325320405559548 ], [ -157.904606439703855, 21.323001485831973 ], [ -157.905390787043416, 21.322629372269606 ], [ -157.905828444256684, 21.322499422413944 ], [ -157.906233359983077, 21.322899790355322 ], [ -157.907112091307255, 21.322922310746492 ], [ -157.90796267956452, 21.322167173953808 ], [ -157.908302604790947, 21.321559116968082 ], [ -157.908287340397607, 21.320491071813851 ], [ -157.90916911468122, 21.320214588952471 ], [ -157.909463525888953, 21.320222188912549 ], [ -157.910049712596049, 21.319943982636719 ], [ -157.911219874117791, 21.319973927691048 ], [ -157.910339157182619, 21.319170108249164 ], [ -157.912015191363253, 21.318070400610626 ], [ -157.912659188111974, 21.318340163001118 ], [ -157.913514914808104, 21.318760234672141 ], [ -157.913534930111581, 21.318074601252341 ], [ -157.912962332876219, 21.31808181878343 ], [ -157.912497564196741, 21.317657590072866 ], [ -157.914113613081241, 21.316452397780385 ], [ -157.919345115867685, 21.312766796596843 ], [ -157.919385695321978, 21.311370385069306 ], [ -157.91853210835751, 21.31052628752073 ], [ -157.906787965295138, 21.310158974384088 ], [ -157.906090009617571, 21.308867342908798 ], [ -157.906027441768742, 21.304519848342604 ], [ -157.906684143414168, 21.304208231818627 ], [ -157.922019179277896, 21.304041576759527 ], [ -157.937889303516044, 21.3036004495195 ], [ -157.948338245804393, 21.303931679265176 ], [ -157.94860825990682, 21.305835973639887 ], [ -157.949121477680364, 21.30678505752666 ], [ -157.94859479840062, 21.307727644483307 ], [ -157.948299625332652, 21.309357379891818 ], [ -157.945721176326117, 21.309636285587668 ], [ -157.946609708803237, 21.3162952101213 ], [ -157.949944784220349, 21.316957038229038 ], [ -157.950267382086281, 21.316952898410818 ], [ -157.952359605250933, 21.317005976115347 ], [ -157.954032020294392, 21.316710819795421 ], [ -157.954591712331052, 21.316172247862674 ], [ -157.955738659967892, 21.316687745264968 ], [ -157.956142860332704, 21.317087132858699 ], [ -157.958321755990141, 21.317908030342096 ], [ -157.961171244454249, 21.320053833774999 ], [ -157.962742756424376, 21.324695462904653 ], [ -157.963495975717706, 21.325439673402709 ], [ -157.964234940649874, 21.325579608217001 ] ], [ [ -157.977733409303198, 21.381222598938944 ], [ -157.977844986788256, 21.381839173261351 ], [ -157.978108466572877, 21.381375615149487 ], [ -157.977733409303198, 21.381222598938944 ] ], [ [ -157.95311336227175, 21.384594090611177 ], [ -157.953481759264065, 21.384449099479546 ], [ -157.953235065033084, 21.383971548471486 ], [ -157.95311336227175, 21.384594090611177 ], [ -157.952824003874838, 21.384592284592653 ], [ -157.952820146719262, 21.385134307841163 ], [ -157.952466688268913, 21.385224868380195 ], [ -157.952718751599662, 21.385464117255033 ], [ -157.952820146719262, 21.385134307841163 ], [ -157.953109506181534, 21.385136113909851 ], [ -157.95311336227175, 21.384594090611177 ] ], [ [ -157.982327469638108, 21.386400013318486 ], [ -157.982042554497326, 21.387960849384914 ], [ -157.983633450340363, 21.387386230363713 ], [ -157.984188747127831, 21.386547866520651 ], [ -157.982327469638108, 21.386400013318486 ] ], [ [ -157.982039979927549, 21.386127243462429 ], [ -157.984151856278373, 21.386017502236925 ], [ -157.983856705918669, 21.38474614227351 ], [ -157.982431889912078, 21.38560292135957 ], [ -157.982039979927549, 21.386127243462429 ], [ -157.98107118583431, 21.386768752299794 ], [ -157.981616259286483, 21.387592946484521 ], [ -157.982039979927549, 21.386127243462429 ] ], [ [ -157.978028408682349, 21.380411319976083 ], [ -157.978125155663321, 21.380742353778359 ], [ -157.978380554448108, 21.380506232531975 ], [ -157.978028408682349, 21.380411319976083 ] ], [ [ -157.978321523505542, 21.379871054266047 ], [ -157.978418270853723, 21.380202087932386 ], [ -157.978673668211457, 21.379965966168545 ], [ -157.978321523505542, 21.379871054266047 ] ], [ [ -157.967089443309959, 21.331017695958199 ], [ -157.96718613809162, 21.331348735682433 ], [ -157.967441464412559, 21.331112626969091 ], [ -157.967089443309959, 21.331017695958199 ] ], [ [ -157.949531767078838, 21.318712750469139 ], [ -157.949643190529059, 21.319329341315083 ], [ -157.949906636130976, 21.318865823119975 ], [ -157.949531767078838, 21.318712750469139 ] ] ] } },
{ "type": "Feature", "properties": { "ID": 66, "GRIDCODE": 2 }, "geometry": { "type": "Polygon", "coordinates": [ [ [ -157.87988402921863, 21.310945713506651 ], [ -157.880237344553564, 21.310855299234596 ], [ -157.879985525812828, 21.310615949957121 ], [ -157.87988402921863, 21.310945713506651 ], [ -157.879730265377674, 21.311072590894359 ], [ -157.879056415634892, 21.312423207200066 ], [ -157.877841823078342, 21.311782682444896 ], [ -157.873065716818303, 21.308669613056349 ], [ -157.873499805009203, 21.307560911634337 ], [ -157.872043237260698, 21.306679069203049 ], [ -157.869116847022809, 21.301745985187395 ], [ -157.869513319704851, 21.299906621302586 ], [ -157.870606165859101, 21.29877700800111 ], [ -157.875302567094053, 21.300811143868156 ], [ -157.879985467725078, 21.301104068119432 ], [ -157.880965093724654, 21.300781998154893 ], [ -157.881850970181802, 21.300532083552302 ], [ -157.883453570300247, 21.299729659067701 ], [ -157.884459564187438, 21.300813734667162 ], [ -157.883873410620765, 21.301297634214144 ], [ -157.88384987651574, 21.301627785814166 ], [ -157.889266107330627, 21.312201187499646 ], [ -157.888824799694873, 21.312687382335959 ], [ -157.886605146658553, 21.313798674762399 ], [ -157.885004197246133, 21.313877461817093 ], [ -157.881145173918981, 21.31321530701355 ], [ -157.881199531572577, 21.312452693717191 ], [ -157.88087477414382, 21.312706336037287 ], [ -157.880353955901796, 21.313244912302078 ], [ -157.88025383636284, 21.312815415823781 ], [ -157.880337283540825, 21.311643818184407 ], [ -157.87988402921863, 21.310945713506651 ] ], [ [ -157.877324417855903, 21.305237208428839 ], [ -157.877887267074101, 21.306562323527327 ], [ -157.880702514600841, 21.306253217098529 ], [ -157.880630480548831, 21.305677148361585 ], [ -157.878030307054729, 21.3053924475347 ], [ -157.877324417855903, 21.305237208428839 ] ] ] } },
{ "type": "Feature", "properties": { "ID": 67, "GRIDCODE": 2 }, "geometry": { "type": "Polygon", "coordinates": [ [ [ -158.175977063250258, 21.428660496730991 ], [ -158.175398136017378, 21.428657647398456 ], [ -158.175396613894918, 21.428928674889416 ], [ -158.174817685689561, 21.42892582351671 ], [ -158.174816162474769, 21.429196850959261 ], [ -158.174529839929789, 21.428963379562571 ], [ -158.174890366510709, 21.425021583381255 ], [ -158.174115020802873, 21.422550324113466 ], [ -158.173556918984673, 21.419578956171591 ], [ -158.173313470507622, 21.415221075362822 ], [ -158.173161767517058, 21.414552796546637 ], [ -158.173550179250043, 21.41429492628161 ], [ -158.17330931590854, 21.412543125008177 ], [ -158.173161767517058, 21.414552796546637 ], [ -158.173014970614076, 21.414419267495965 ], [ -158.172553965663667, 21.413965244208423 ], [ -158.172172465745604, 21.410838513112534 ], [ -158.172763227278153, 21.408726281586429 ], [ -158.173056386873526, 21.407058967235844 ], [ -158.172109528729465, 21.404423475076889 ], [ -158.172835908858758, 21.404097927210977 ], [ -158.173957837064876, 21.40412489864314 ], [ -158.174540261587623, 21.403563131828658 ], [ -158.174520440121199, 21.402336359202987 ], [ -158.172759504987113, 21.4002712223113 ], [ -158.170472590968387, 21.399218196028748 ], [ -158.169381127350135, 21.399233636361107 ], [ -158.167462331119367, 21.398762975624198 ], [ -158.165513692665996, 21.399220388149001 ], [ -158.164420773624016, 21.399740737850955 ], [ -158.161623126561778, 21.400092299100422 ], [ -158.16004190065749, 21.399704300535348 ], [ -158.15719809314777, 21.397530881167278 ], [ -158.155712256520417, 21.396607803061897 ], [ -158.14960718165753, 21.391224942758097 ], [ -158.146713928103424, 21.388373779340217 ], [ -158.144364881441845, 21.386236943407017 ], [ -158.143308914990968, 21.385196249047858 ], [ -158.141749098043903, 21.38214277538021 ], [ -158.13999883792377, 21.381055100220703 ], [ -158.137530789164657, 21.378622508347174 ], [ -158.136197591052422, 21.376012302365563 ], [ -158.135324311877383, 21.37492187997934 ], [ -158.135367004759104, 21.373378075890844 ], [ -158.135056769488301, 21.372217367367675 ], [ -158.134640967366892, 21.37058087687706 ], [ -158.134186008901594, 21.369742399180716 ], [ -158.134229425754057, 21.368172990462725 ], [ -158.133928061086493, 21.367332922046639 ], [ -158.133579609651491, 21.366307994103508 ], [ -158.132425508067627, 21.364502921335717 ], [ -158.129607184246709, 21.364058158827721 ], [ -158.127892301858651, 21.362367601081214 ], [ -158.12674684708179, 21.35943029169632 ], [ -158.125719399122346, 21.357993146742963 ], [ -158.125086025039195, 21.354216404857997 ], [ -158.125659646359424, 21.35370577586221 ], [ -158.127369737935481, 21.352939546823013 ], [ -158.128766444160334, 21.352274636084569 ], [ -158.127705925095938, 21.35031928140809 ], [ -158.126405829554415, 21.349916626136622 ], [ -158.124624735191134, 21.349941365631423 ], [ -158.123978335978279, 21.348675195904239 ], [ -158.123648079191355, 21.345320343073947 ], [ -158.122808912816566, 21.342981000541013 ], [ -158.122513473487402, 21.341519931930964 ], [ -158.122168298786448, 21.340228065977033 ], [ -158.120505398300821, 21.337720370272059 ], [ -158.119547647092816, 21.336189393987279 ], [ -158.118949726128136, 21.333232005370892 ], [ -158.118247964633298, 21.329927599969704 ], [ -158.117967501772341, 21.327673347479539 ], [ -158.117097280039019, 21.327132135371532 ], [ -158.116186931786018, 21.32654703532685 ], [ -158.114477324472801, 21.324073446734896 ], [ -158.113952303749642, 21.32191278878004 ], [ -158.114685937402839, 21.319292190102232 ], [ -158.113980488242674, 21.31627433234291 ], [ -158.113689567839089, 21.31483517414657 ], [ -158.110804723255882, 21.309514181087554 ], [ -158.108331702233954, 21.304668114209427 ], [ -158.107692563865299, 21.303773472369262 ], [ -158.10683879626896, 21.302408340109881 ], [ -158.105968762802007, 21.301867075434004 ], [ -158.104149586092376, 21.300419445093706 ], [ -158.101642158199752, 21.299946788235303 ], [ -158.100492668621484, 21.299664187288805 ], [ -158.097778055960731, 21.299384047568836 ], [ -158.092682458462832, 21.299898723324215 ], [ -158.086853372321769, 21.300134525491437 ], [ -158.083122824114781, 21.301909909772387 ], [ -158.079641595197813, 21.302527134786917 ], [ -158.072600975677005, 21.302769307391621 ], [ -158.068074547303411, 21.303829756926071 ], [ -158.064885908875681, 21.304077674253836 ], [ -158.060579867403419, 21.304511718792757 ], [ -158.05781385435435, 21.304874746281655 ], [ -158.051059319044413, 21.305455544209099 ], [ -158.047592712092097, 21.307104299424161 ], [ -158.045141396963942, 21.307994285632535 ], [ -158.041431833465708, 21.308282204208506 ], [ -158.03667646718975, 21.308855467036082 ], [ -158.033188504861528, 21.308768759877609 ], [ -158.03223911119062, 21.308781431816143 ], [ -158.028321726886247, 21.310342952268346 ], [ -158.021670949796544, 21.310625460524015 ], [ -158.019225323430732, 21.311394004675041 ], [ -158.017981963988092, 21.311670353129848 ], [ -158.015881747276808, 21.312226606977131 ], [ -158.013937233465128, 21.313150920630171 ], [ -158.010460249013477, 21.313923607520728 ], [ -158.006298075821348, 21.314599008337453 ], [ -157.996737217898925, 21.316834614188327 ], [ -157.994230933488382, 21.317498076109892 ], [ -157.991631933912743, 21.318168222565681 ], [ -157.983818478332779, 21.319903252375838 ], [ -157.98349024242367, 21.323125080709818 ], [ -157.983156216096546, 21.324314562968549 ], [ -157.980046415905832, 21.327078057139396 ], [ -157.979407148063984, 21.327978836513754 ], [ -157.97735578981505, 21.330135446364821 ], [ -157.977406157892204, 21.333526764764269 ], [ -157.97806162492671, 21.33473819711055 ], [ -157.978746406778413, 21.336082936574176 ], [ -157.980227827792646, 21.337758059307564 ], [ -157.981038763821971, 21.339350563266144 ], [ -157.982786628232674, 21.341274221848032 ], [ -157.984847427346836, 21.344366374589281 ], [ -157.992945575870152, 21.344260275146695 ], [ -157.994434889759646, 21.344627367344778 ], [ -157.996401817698427, 21.346569869210331 ], [ -157.997541430670339, 21.348221300205172 ], [ -157.999479000455437, 21.347612915259777 ], [ -158.001600220579689, 21.347355103152744 ], [ -158.003900208062134, 21.347921862816538 ], [ -158.005582667772103, 21.349004892812239 ], [ -158.006452581554242, 21.349546670658079 ], [ -158.00731112816581, 21.3500992287101 ], [ -158.009394577637863, 21.35088332378314 ], [ -158.011070387087528, 21.351200090511284 ], [ -158.01267852756078, 21.351518494226088 ], [ -158.015107632757008, 21.352313351870592 ], [ -158.018293822434373, 21.352597607773752 ], [ -158.019552277121534, 21.352907550096486 ], [ -158.023238356776034, 21.354333269585236 ], [ -158.024962834139131, 21.355653969582288 ], [ -158.026166930112112, 21.35739803012569 ], [ -158.027009714080009, 21.359051190322937 ], [ -158.027770416104801, 21.362462913131367 ], [ -158.027130641709107, 21.364742374332447 ], [ -158.025718630464866, 21.36646331761327 ], [ -158.025168921192488, 21.367507914251345 ], [ -158.024542191616462, 21.368362619035068 ], [ -158.025399879258771, 21.370758422805118 ], [ -158.025678833927884, 21.372478850495977 ], [ -158.024899773849029, 21.375254286590209 ], [ -158.02271303471025, 21.377599564877482 ], [ -158.021010087149506, 21.378361168294067 ], [ -158.019774240448328, 21.380373297016774 ], [ -158.018038482973196, 21.381915932966788 ], [ -158.016175887263017, 21.38274887256696 ], [ -158.011688977988115, 21.382636679553482 ], [ -158.009877511310009, 21.381471022629484 ], [ -158.008074978252694, 21.378585607309965 ], [ -158.003887299403999, 21.377056850561868 ], [ -158.002799454235173, 21.376356742805541 ], [ -158.00192940076559, 21.375814942080368 ], [ -157.998400076141479, 21.372735069102401 ], [ -157.997632205330632, 21.370305005896043 ], [ -157.998376142803238, 21.367010076835335 ], [ -157.997080670172949, 21.365487012546652 ], [ -157.995951568191373, 21.363851189942675 ], [ -157.994750763990879, 21.363575888707476 ], [ -157.9933363828452, 21.364247694068187 ], [ -157.992457074404371, 21.364640820716524 ], [ -157.99098195168088, 21.36574167523327 ], [ -157.989683584881163, 21.366322038972527 ], [ -157.991021923798769, 21.368197300196741 ], [ -157.991784758795802, 21.369694515137798 ], [ -157.992690753014159, 21.372778448831621 ], [ -157.9947260854089, 21.374973819605231 ], [ -157.99548815534709, 21.37646922783005 ], [ -157.995818694144589, 21.380829731236282 ], [ -157.994799796144292, 21.382138796094811 ], [ -157.994221081453475, 21.38213532773198 ], [ -157.994219229356901, 21.382406342966195 ], [ -157.993187546600893, 21.382647691282319 ], [ -157.99276687602341, 21.383210708495824 ], [ -157.991520168362115, 21.38344718203783 ], [ -157.991157783377133, 21.377546279331536 ], [ -157.98933078062268, 21.375940227084286 ], [ -157.988599660374717, 21.374864620213874 ], [ -157.988036084274881, 21.374369061365179 ], [ -157.988109162793023, 21.372883952718617 ], [ -157.987084062664138, 21.370225668768128 ], [ -157.986217894855002, 21.369338611608157 ], [ -157.98562078424041, 21.368813596287637 ], [ -157.984791669349164, 21.367964538319423 ], [ -157.983791683833545, 21.367085261874227 ], [ -157.982947641176111, 21.365843461102429 ], [ -157.981520056528154, 21.365124752193935 ], [ -157.979193845080857, 21.365606555952823 ], [ -157.97801988143766, 21.366352806896703 ], [ -157.977121950423367, 21.365900767414281 ], [ -157.975085158737613, 21.365433172310176 ], [ -157.975109181279208, 21.364945062490186 ], [ -157.975090066706599, 21.364402894392576 ], [ -157.97512345824137, 21.363725533934616 ], [ -157.975059462779996, 21.361917951975769 ], [ -157.975768629739719, 21.360682084904763 ], [ -157.974856392829622, 21.358840277995395 ], [ -157.974133091362887, 21.358515076185483 ], [ -157.973650924997202, 21.356062376455188 ], [ -157.971420664939728, 21.355059646056798 ], [ -157.970754030465315, 21.352611367309017 ], [ -157.972593885902683, 21.349405124851767 ], [ -157.972634213729521, 21.348584485514408 ], [ -157.972040793839739, 21.347711004551115 ], [ -157.971434975072043, 21.346874433901078 ], [ -157.971480403576379, 21.345951066391276 ], [ -157.971465896160709, 21.345540005188472 ], [ -157.971774337215692, 21.3450024877678 ], [ -157.971220756548405, 21.344515671947217 ], [ -157.971175932878793, 21.343246616813467 ], [ -157.971503743296807, 21.341693267064738 ], [ -157.973415103915272, 21.342132205907738 ], [ -157.973958768972267, 21.343110123040862 ], [ -157.974370398783861, 21.343941198642703 ], [ -157.974954397508924, 21.344747519332181 ], [ -157.975801742688901, 21.346118141041565 ], [ -157.976678806030748, 21.346384189822974 ], [ -157.976953241364953, 21.346938236323588 ], [ -157.979180164473291, 21.349329418401151 ], [ -157.979638838467196, 21.351186976180259 ], [ -157.981461716280307, 21.352104814107811 ], [ -157.982826392776985, 21.351829551707525 ], [ -157.984738897713839, 21.350896234783818 ], [ -157.98646990602407, 21.351332351675406 ], [ -157.988529454267052, 21.351652451054505 ], [ -157.989231817339714, 21.354495580539428 ], [ -157.991067110306943, 21.355967488584994 ], [ -157.992507656647291, 21.356851218147863 ], [ -157.990960211715702, 21.357488196739936 ], [ -157.989038278251826, 21.357852806005479 ], [ -157.987884867516044, 21.357803047030217 ], [ -157.987822977472007, 21.359059613199957 ], [ -157.987866412726703, 21.360284126755239 ], [ -157.986697895389682, 21.361853082461696 ], [ -157.987197653347806, 21.36243851375237 ], [ -157.988992826570922, 21.361676946995477 ], [ -157.98967423363456, 21.360702282277547 ], [ -157.991048439085773, 21.360303806763678 ], [ -157.992696513161633, 21.359499496106721 ], [ -157.995359575199615, 21.359217161818943 ], [ -157.99626902152869, 21.358437905363406 ], [ -157.996876753311255, 21.357568572404382 ], [ -157.99758653498904, 21.35696028643531 ], [ -157.99826641642855, 21.356281613779402 ], [ -157.999355832254508, 21.356746658493321 ], [ -157.999982859390514, 21.357297874344848 ], [ -158.000771420414225, 21.358715669760059 ], [ -157.999726644810153, 21.360537163878362 ], [ -158.000263121101199, 21.361777119826002 ], [ -158.001272070376615, 21.363261335325291 ], [ -158.004315443150347, 21.364889961066293 ], [ -158.004017415115982, 21.367449984817394 ], [ -158.003426690188149, 21.367956177031211 ], [ -158.003144640810007, 21.368506879272914 ], [ -158.002829537934645, 21.369056325878024 ], [ -158.002848398428256, 21.36958850097761 ], [ -158.002512704345975, 21.370173820279135 ], [ -158.004401906431269, 21.370114897944166 ], [ -158.004969606286949, 21.371135410948444 ], [ -158.00405088524343, 21.371922663726181 ], [ -158.005894895239294, 21.372345629114321 ], [ -158.006361562474495, 21.373287129270103 ], [ -158.007470418018414, 21.372336889708293 ], [ -158.006887341696, 21.371288701207011 ], [ -158.007389050050051, 21.370700252142882 ], [ -158.008426957652347, 21.371889882782078 ], [ -158.008024515532469, 21.372591607113925 ], [ -158.008034386076645, 21.372867126242856 ], [ -158.007995570967182, 21.373658341996524 ], [ -158.008630195916965, 21.373977717286849 ], [ -158.009475393658619, 21.373134092648201 ], [ -158.009757246967155, 21.373702955189671 ], [ -158.01005140010065, 21.373409379027024 ], [ -158.010849128701068, 21.374582690690712 ], [ -158.011689481446012, 21.373743922592055 ], [ -158.011191303200917, 21.37504881546792 ], [ -158.011049375403786, 21.375459681683513 ], [ -158.010595914415518, 21.375575053965083 ], [ -158.010574576435829, 21.378014175700084 ], [ -158.011049375403786, 21.375459681683513 ], [ -158.011434885311644, 21.375279856432797 ], [ -158.01173011534857, 21.374741657456052 ], [ -158.011922869075704, 21.374651744104412 ], [ -158.012067657186492, 21.375056425077975 ], [ -158.012342223961468, 21.376418605289786 ], [ -158.013206871593724, 21.377773404491101 ], [ -158.013487597625158, 21.378324124327527 ], [ -158.014360205870304, 21.378050085868711 ], [ -158.015109836710252, 21.378417357644992 ], [ -158.016643609566756, 21.377054274806394 ], [ -158.017274026239647, 21.375363447895339 ], [ -158.017612915711112, 21.373487822085345 ], [ -158.018416069062312, 21.374280593820448 ], [ -158.019952823717375, 21.373944239293113 ], [ -158.020747027752918, 21.373238286484323 ], [ -158.021122270086408, 21.371901280924682 ], [ -158.019661875417796, 21.368368595683329 ], [ -158.018487446248201, 21.366963250590008 ], [ -158.016768385449581, 21.366429529153098 ], [ -158.015984556553377, 21.365331626216282 ], [ -158.017838147968376, 21.365307080350256 ], [ -158.019450152990458, 21.365834474786499 ], [ -158.021409293678403, 21.364958248507936 ], [ -158.021386609048903, 21.363460379168586 ], [ -158.02280584833133, 21.363038083372768 ], [ -158.02319520654828, 21.361993818339656 ], [ -158.02260353532634, 21.360249200840713 ], [ -158.022145768072249, 21.359403937963187 ], [ -158.02168375046864, 21.358497442720097 ], [ -158.017909734069832, 21.356941613569326 ], [ -158.016268166649724, 21.356900641261866 ], [ -158.014691345643172, 21.357888498116584 ], [ -158.012154385614508, 21.355867944685009 ], [ -158.009473280550452, 21.355337027052109 ], [ -158.007878052532561, 21.356872854057947 ], [ -158.006960985153853, 21.356109865581775 ], [ -158.007475165399597, 21.354731165393432 ], [ -158.005505741757105, 21.354418843345982 ], [ -158.004401895588586, 21.353328919787181 ], [ -158.003273876564975, 21.352807898481267 ], [ -158.001724825672397, 21.351692288785252 ], [ -158.000644513713013, 21.351951466441747 ], [ -157.996374651766018, 21.353651953931895 ], [ -157.993129187251014, 21.35313705715825 ], [ -157.993116856797684, 21.352315762901668 ], [ -157.993140209041883, 21.351502821230437 ], [ -157.993123882204401, 21.350418614362923 ], [ -157.993143359389165, 21.349738582337594 ], [ -157.992850089636761, 21.349471090437717 ], [ -157.992104127885881, 21.348390248945119 ], [ -157.991127475788232, 21.348365660511924 ], [ -157.990780228276634, 21.348699910409479 ], [ -157.987651265506202, 21.348621266346321 ], [ -157.986493949727503, 21.34863645431701 ], [ -157.985047686321622, 21.348600063730963 ], [ -157.982539794654286, 21.348632798444683 ], [ -157.981853196575173, 21.348315594670158 ], [ -157.981073143759545, 21.346784222928168 ], [ -157.979873451803883, 21.345045508469628 ], [ -157.979287120941251, 21.34451074573742 ], [ -157.978952954833829, 21.34352458963329 ], [ -157.977666419619965, 21.342930181766498 ], [ -157.976430085410186, 21.340151514405566 ], [ -157.976137005913245, 21.33988412818643 ], [ -157.975855302519648, 21.339605959169383 ], [ -157.974778744174102, 21.339271396864788 ], [ -157.974412676373163, 21.33824745418385 ], [ -157.9741385182638, 21.336885222530366 ], [ -157.972413801107706, 21.335312313529332 ], [ -157.972703520358323, 21.334437218712385 ], [ -157.973289365759058, 21.333388585570955 ], [ -157.97301526444727, 21.331716286261457 ], [ -157.972185498535879, 21.330959473172481 ], [ -157.972149169522055, 21.32850995393963 ], [ -157.973205383856623, 21.327493309039593 ], [ -157.975372706869365, 21.325786080465619 ], [ -157.975951226000518, 21.324971098383216 ], [ -157.976540961906352, 21.324167033961348 ], [ -157.976971900765676, 21.323348436498964 ], [ -157.979152972631994, 21.322027465571022 ], [ -157.979184421193338, 21.320931239877588 ], [ -157.977856767537133, 21.320897766248869 ], [ -157.976856940248126, 21.322797345529111 ], [ -157.976259237947176, 21.323081210644084 ], [ -157.975673266297804, 21.32334324316696 ], [ -157.974807392865074, 21.32388544581082 ], [ -157.973070485992849, 21.324937382804396 ], [ -157.972756213986486, 21.326056095192236 ], [ -157.972771666615955, 21.327103109811301 ], [ -157.971425515752259, 21.328398996405532 ], [ -157.970456523099045, 21.326608100848727 ], [ -157.970429750425041, 21.324796968219793 ], [ -157.971035772277673, 21.322531821805704 ], [ -157.972483749603555, 21.320843317537587 ], [ -157.975394170600822, 21.318257204176604 ], [ -157.976265894901076, 21.316601015261821 ], [ -157.978008744594746, 21.315509374944835 ], [ -157.97862526589131, 21.315501275761775 ], [ -157.980676940610238, 21.316007275692943 ], [ -157.990504650091538, 21.313825008856305 ], [ -157.993103576663373, 21.313154876660487 ], [ -157.995609790790184, 21.312491428494134 ], [ -158.005170378792968, 21.310255875245389 ], [ -158.009332432622614, 21.309580497424985 ], [ -158.012227035038933, 21.308937213874092 ], [ -158.013910257672933, 21.308137108674362 ], [ -158.014831449336441, 21.307862939637246 ], [ -158.015768448220172, 21.307568543891215 ], [ -158.018018202907626, 21.307068479520765 ], [ -158.020507773425123, 21.306286178298528 ], [ -158.022647865912404, 21.306005823081641 ], [ -158.024240441240096, 21.306045504410559 ], [ -158.025831301185178, 21.306024284733944 ], [ -158.026644886656783, 21.30604454314151 ], [ -158.0275711383116, 21.305768810429992 ], [ -158.030314055543528, 21.304675438562693 ], [ -158.033489882136081, 21.303932163293002 ], [ -158.035381577152435, 21.30455111817507 ], [ -158.042182609294144, 21.303659422804156 ], [ -158.043747074282464, 21.303698229427194 ], [ -158.04552171020643, 21.303053950952165 ], [ -158.049215309195461, 21.301297139041786 ], [ -158.051022990531237, 21.301018708902831 ], [ -158.056684689704554, 21.300531899011293 ], [ -158.059450623001851, 21.300168886996076 ], [ -158.063756539489674, 21.299734866594946 ], [ -158.06694508490213, 21.299486967173252 ], [ -158.072558650962833, 21.298171760579081 ], [ -158.073313229863317, 21.298161491803608 ], [ -158.073891559496531, 21.298175725499576 ], [ -158.074470027699817, 21.298167857079953 ], [ -158.078100829640562, 21.298257262824112 ], [ -158.081647982475602, 21.297628383192439 ], [ -158.08509992886917, 21.295790173832 ], [ -158.091552291446135, 21.295556071721162 ], [ -158.09592569557384, 21.295114372366086 ], [ -158.101071516889334, 21.295043535730333 ], [ -158.102825298841253, 21.295616534817462 ], [ -158.106315688030946, 21.296223427034473 ], [ -158.108594531637124, 21.298086507011742 ], [ -158.110299972584016, 21.299147382197262 ], [ -158.110902418668132, 21.299990538262122 ], [ -158.111756211547743, 21.301355651114502 ], [ -158.112425334745637, 21.302292190126334 ], [ -158.11501431161642, 21.307365445957956 ], [ -158.118225035409978, 21.313287124312136 ], [ -158.118867601330379, 21.31646536688778 ], [ -158.119947738047784, 21.31964490449085 ], [ -158.120319514593803, 21.320373140192487 ], [ -158.121297355751722, 21.321741238447334 ], [ -158.11950768873939, 21.321697600652083 ], [ -158.118709670140817, 21.322055241946401 ], [ -158.119888087841133, 21.323562299015588 ], [ -158.121869096847433, 21.322619201474513 ], [ -158.122884878265779, 21.325451186934544 ], [ -158.12290322893989, 21.326617741118937 ], [ -158.12284009387642, 21.328899111983368 ], [ -158.123718072838955, 21.332587482607902 ], [ -158.12400672844538, 21.333668099552501 ], [ -158.123985867974795, 21.334421873954266 ], [ -158.126424837335009, 21.338099500905475 ], [ -158.12685995346223, 21.33937971747477 ], [ -158.127439535110739, 21.340190540159263 ], [ -158.127424447848, 21.340735113055278 ], [ -158.127435270952333, 21.341412757434274 ], [ -158.12741713961907, 21.342065900580732 ], [ -158.127708572202948, 21.342636548061819 ], [ -158.12819682191946, 21.343081036276587 ], [ -158.128572774666083, 21.345963397476293 ], [ -158.128538478910116, 21.347201008557249 ], [ -158.129404313783198, 21.349421223301533 ], [ -158.129965253427258, 21.350455333477221 ], [ -158.130263656954128, 21.35186002806029 ], [ -158.130252345333645, 21.352268771903557 ], [ -158.130275422007742, 21.353720808144399 ], [ -158.129884054911798, 21.354422969153468 ], [ -158.130238644717451, 21.355117281697012 ], [ -158.130532542736916, 21.355659086840344 ], [ -158.130028661662607, 21.356107562671074 ], [ -158.130824124425743, 21.356474230452637 ], [ -158.131378335442037, 21.358104564961213 ], [ -158.131668548563397, 21.358913744713053 ], [ -158.131947399044691, 21.359733717224191 ], [ -158.132809890269499, 21.3616299922558 ], [ -158.134231737757403, 21.36489517491292 ], [ -158.134523571067859, 21.36543332340522 ], [ -158.134802448563079, 21.366253291502968 ], [ -158.135240347520948, 21.367060513418508 ], [ -158.13579189539189, 21.369231367926421 ], [ -158.136234479422512, 21.369242115810401 ], [ -158.136523855762135, 21.369238046310208 ], [ -158.136813166952635, 21.36924509264054 ], [ -158.137666177043798, 21.369233132830232 ], [ -158.13768159432658, 21.370195399203133 ], [ -158.137655783033296, 21.371128867947881 ], [ -158.138842692850488, 21.371982078218942 ], [ -158.14073907550511, 21.37195553598357 ], [ -158.141134890775646, 21.373058310752942 ], [ -158.140739760815705, 21.374816162589397 ], [ -158.141921590490966, 21.376524912407998 ], [ -158.142817051052674, 21.377407374736155 ], [ -158.143134280758773, 21.377402907203688 ], [ -158.144880937232273, 21.378791607653845 ], [ -158.146290542816132, 21.379441037814296 ], [ -158.146301652654699, 21.380132246939159 ], [ -158.146287863017022, 21.380633948897191 ], [ -158.147391589616973, 21.3827946735192 ], [ -158.147725410647212, 21.383123583556593 ], [ -158.150074318234658, 21.385260438633097 ], [ -158.152330385110361, 21.387483476660055 ], [ -158.152623888300184, 21.387750568721508 ], [ -158.152984849602291, 21.388106272636115 ], [ -158.158338561469236, 21.392826513091759 ], [ -158.15982437814074, 21.393749567621331 ], [ -158.162448944993827, 21.395755494299777 ], [ -158.163856342613997, 21.3962144641118 ], [ -158.165884743987988, 21.396761211136013 ], [ -158.166431679397959, 21.397299914235834 ], [ -158.167325787266122, 21.39732142866659 ], [ -158.168453556621074, 21.397305519668869 ], [ -158.170192748537545, 21.397872683427444 ], [ -158.170748438995219, 21.39786477901993 ], [ -158.171969339365376, 21.398149921184178 ], [ -158.173339986591373, 21.399500018793695 ], [ -158.175036477062918, 21.400281184103473 ], [ -158.176273898562982, 21.401406283833367 ], [ -158.176826302430584, 21.403578011994355 ], [ -158.178262285319818, 21.40582176478765 ], [ -158.178274892120442, 21.40660026059011 ], [ -158.177655046960751, 21.407712662763721 ], [ -158.177684760064466, 21.409550372612379 ], [ -158.176847769259638, 21.411454034616103 ], [ -158.178210251124199, 21.414647573326803 ], [ -158.178233255650866, 21.416068439157915 ], [ -158.178165577201128, 21.418540975206223 ], [ -158.17876429184858, 21.421494465058281 ], [ -158.179623325753568, 21.4242039325901 ], [ -158.179559229561733, 21.426543878810151 ], [ -158.180295876297095, 21.428270240189299 ], [ -158.176119743889643, 21.428522968150425 ], [ -158.175977063250258, 21.428660496730991 ] ], [ [ -158.010186804565222, 21.374641513613167 ], [ -158.010283621491823, 21.374972531783936 ], [ -158.010538960449168, 21.374736359005613 ], [ -158.010186804565222, 21.374641513613167 ] ], [ [ -158.009901105554519, 21.374097773210629 ], [ -158.009997921527827, 21.374428791528636 ], [ -158.010253259942715, 21.374192619151252 ], [ -158.009901105554519, 21.374097773210629 ] ], [ [ -158.022700563883205, 21.363873715686374 ], [ -158.021712364201903, 21.365804729267584 ], [ -158.023266524521205, 21.365598795490534 ], [ -158.023044035341229, 21.36412523842808 ], [ -158.022700563883205, 21.363873715686374 ] ], [ [ -158.022445406108716, 21.358722684828759 ], [ -158.022579122502464, 21.359137615838534 ], [ -158.023543128411404, 21.36129623590146 ], [ -158.024015498717205, 21.360685528220198 ], [ -158.022984855127874, 21.358882182071685 ], [ -158.022445406108716, 21.358722684828759 ] ], [ [ -157.978199523324406, 21.355749015308422 ], [ -157.978325290422021, 21.356171339992557 ], [ -157.979349343228392, 21.357701096852562 ], [ -157.979912518655652, 21.358975946733192 ], [ -157.980318544056416, 21.360790900385908 ], [ -157.982021827025818, 21.361042221422338 ], [ -157.982953722558619, 21.359007429530468 ], [ -157.983313698696094, 21.356445379163549 ], [ -157.979771815220431, 21.356180134059908 ], [ -157.978199523324406, 21.355749015308422 ] ], [ [ -158.017257643325934, 21.355711090214953 ], [ -158.017454319928447, 21.356448173556849 ], [ -158.018967170871065, 21.356915900794366 ], [ -158.019974651002201, 21.356457342301404 ], [ -158.018161263448349, 21.355849904800152 ], [ -158.017257643325934, 21.355711090214953 ] ], [ [ -158.173758925911329, 21.411303317131143 ], [ -158.173856135614045, 21.411634253154951 ], [ -158.174111287840503, 21.411397825340892 ], [ -158.173758925911329, 21.411303317131143 ] ], [ [ -158.174051401645215, 21.410762687835994 ], [ -158.174148611699962, 21.411093623720955 ], [ -158.174403762501498, 21.410857195401064 ], [ -158.174051401645215, 21.410762687835994 ] ], [ [ -158.174343875172696, 21.410222057926539 ], [ -158.174441085579446, 21.410552993672653 ], [ -158.174696234956116, 21.410316564846962 ], [ -158.174343875172696, 21.410222057926539 ] ], [ [ -158.174636346493855, 21.409681427402809 ], [ -158.17473355725258, 21.410012363010068 ], [ -158.174988705204441, 21.409775933678613 ], [ -158.174636346493855, 21.409681427402809 ] ], [ [ -158.175510706592831, 21.40860158846683 ], [ -158.175757950381694, 21.408967538003097 ], [ -158.177070049921952, 21.408732925044738 ], [ -158.175510706592831, 21.40860158846683 ] ] ] } },
{ "type": "Feature", "properties": { "ID": 68, "GRIDCODE": 2 }, "geometry": { "type": "Polygon", "coordinates": [ [ [ -157.716099882899556, 21.287823627793554 ], [ -157.71568638778956, 21.288580902476369 ], [ -157.715036522297822, 21.288266492380988 ], [ -157.71494095144206, 21.288085795543232 ], [ -157.715661739996193, 21.287647199649477 ], [ -157.716099882899556, 21.287823627793554 ] ] ] } },
{ "type": "Feature", "properties": { "ID": 69, "GRIDCODE": 2 }, "geometry": { "type": "Polygon", "coordinates": [ [ [ -157.716116350914774, 21.285926684591281 ], [ -157.716231348526378, 21.286374304256999 ], [ -157.717060937778115, 21.286185111441608 ], [ -157.716708836968678, 21.287450735833122 ], [ -157.716099882899556, 21.287823627793554 ], [ -157.715950383078876, 21.287186712961944 ], [ -157.715101199378921, 21.287452765899559 ], [ -157.71494095144206, 21.288085795543232 ], [ -157.713673312037344, 21.287274929588531 ], [ -157.715076855500797, 21.28602944810628 ], [ -157.716116350914774, 21.285926684591281 ] ] ] } },
{ "type": "Feature", "properties": { "ID": 70, "GRIDCODE": 2 }, "geometry": { "type": "Polygon", "coordinates": [ [ [ -157.712940523878984, 21.285360418739987 ], [ -157.713635372591796, 21.285533257182749 ], [ -157.713339457605201, 21.286829209025669 ], [ -157.712618149201319, 21.286548715766479 ], [ -157.712940523878984, 21.285360418739987 ] ] ] } },
{ "type": "Feature", "properties": { "ID": 71, "GRIDCODE": 2 }, "geometry": { "type": "Polygon", "coordinates": [ [ [ -157.711494829074326, 21.285349361619119 ], [ -157.712204276747997, 21.285953312790934 ], [ -157.711126913208631, 21.286286014308804 ], [ -157.711494829074326, 21.285349361619119 ] ] ] } },
{ "type": "Feature", "properties": { "ID": 72, "GRIDCODE": 2 }, "geometry": { "type": "Polygon", "coordinates": [ [ [ -157.842482676686103, 21.285758771091565 ], [ -157.842834357228213, 21.285853954254637 ], [ -157.84257920523936, 21.286089871764212 ], [ -157.842482676686103, 21.285758771091565 ] ] ] } },
{ "type": "Feature", "properties": { "ID": 73, "GRIDCODE": 2 }, "geometry": { "type": "Polygon", "coordinates": [ [ [ -157.842195644282043, 21.285485778347137 ], [ -157.842484797587815, 21.285487766363733 ], [ -157.842482676686103, 21.285758771091565 ], [ -157.842193522850835, 21.285756783047255 ], [ -157.842195644282043, 21.285485778347137 ] ] ] } },
{ "type": "Feature", "properties": { "ID": 74, "GRIDCODE": 2 }, "geometry": { "type": "Polygon", "coordinates": [ [ [ -157.843067343884599, 21.284949731314754 ], [ -157.843419022969215, 21.285044913194923 ], [ -157.84316387333007, 21.28528083171884 ], [ -157.843067343884599, 21.284949731314754 ] ] ] } },
{ "type": "Feature", "properties": { "ID": 75, "GRIDCODE": 2 }, "geometry": { "type": "Polygon", "coordinates": [ [ [ -157.841910734830634, 21.284941780462685 ], [ -157.842199887043847, 21.284943768920151 ], [ -157.842195644282043, 21.285485778347137 ], [ -157.841906491009809, 21.285483789834231 ], [ -157.841910734830634, 21.284941780462685 ] ] ] } },
{ "type": "Feature", "properties": { "ID": 76, "GRIDCODE": 2 }, "geometry": { "type": "Polygon", "coordinates": [ [ [ -157.841623705040575, 21.284668786837507 ], [ -157.841912856690755, 21.284670775763544 ], [ -157.841910734830634, 21.284941780462685 ], [ -157.841621582650987, 21.284939791508926 ], [ -157.841623705040575, 21.284668786837507 ] ] ] } },
{ "type": "Feature", "properties": { "ID": 77, "GRIDCODE": 2 }, "geometry": { "type": "Polygon", "coordinates": [ [ [ -157.841623705040575, 21.284668786837507 ], [ -157.841272028187916, 21.284573601296117 ], [ -157.841527179417767, 21.284337685702017 ], [ -157.841623705040575, 21.284668786837507 ] ] ] } },
{ "type": "Feature", "properties": { "ID": 78, "GRIDCODE": 2 }, "geometry": { "type": "Polygon", "coordinates": [ [ [ -157.841051771985349, 21.283851793595236 ], [ -157.841403446979939, 21.283946979520014 ], [ -157.841148296268898, 21.284182894959027 ], [ -157.841051771985349, 21.283851793595236 ] ] ] } },
{ "type": "Feature", "properties": { "ID": 79, "GRIDCODE": 2 }, "geometry": { "type": "Polygon", "coordinates": [ [ [ -157.721929609772246, 21.282447777420774 ], [ -157.72182764724721, 21.282777429777539 ], [ -157.7215764256309, 21.282537859296397 ], [ -157.721929609772246, 21.282447777420774 ] ] ] } },
{ "type": "Feature", "properties": { "ID": 80, "GRIDCODE": 2 }, "geometry": { "type": "Polygon", "coordinates": [ [ [ -157.724245023134699, 21.282194324360979 ], [ -157.724596605669234, 21.282289750480562 ], [ -157.724341281352423, 21.282525480089397 ], [ -157.724245023134699, 21.282194324360979 ] ] ] } },
{ "type": "Feature", "properties": { "ID": 81, "GRIDCODE": 2 }, "geometry": { "type": "Polygon", "coordinates": [ [ [ -157.866126907788811, 21.294592320284824 ], [ -157.865773765903924, 21.294682707387107 ], [ -157.866025252298414, 21.294922074254309 ], [ -157.866126907788811, 21.294592320284824 ], [ -157.867417310975554, 21.29528372086877 ], [ -157.869171535675093, 21.295557736242628 ], [ -157.868859118105462, 21.295825135982078 ], [ -157.868534406670705, 21.296148893059424 ], [ -157.867988279043658, 21.297726748677103 ], [ -157.867632080468923, 21.298657640261322 ], [ -157.863612229056002, 21.303383854959865 ], [ -157.86329551998702, 21.303654919491496 ], [ -157.86469450422814, 21.304080489145313 ], [ -157.864161490912409, 21.305008193179098 ], [ -157.863931955747233, 21.305548683920158 ], [ -157.865029072167147, 21.305014047692222 ], [ -157.865608929363646, 21.304826536780421 ], [ -157.864444436271498, 21.305823163722998 ], [ -157.864162914637717, 21.306292571274355 ], [ -157.865884063877019, 21.305740239984594 ], [ -157.866168752123968, 21.307249576933824 ], [ -157.864127154279373, 21.308996840954709 ], [ -157.864168068571757, 21.310177404394373 ], [ -157.864938745877282, 21.310153955880214 ], [ -157.865278412297926, 21.310204946321136 ], [ -157.864696144781732, 21.310703225369203 ], [ -157.864415991785194, 21.310993395576322 ], [ -157.86504089873705, 21.310974454506653 ], [ -157.864959153020294, 21.312607301780019 ], [ -157.86497810996994, 21.313154299976627 ], [ -157.864667636112699, 21.313420048640531 ], [ -157.866018705318368, 21.314028834316233 ], [ -157.866826985000785, 21.313635096061592 ], [ -157.867408186875565, 21.31036652063386 ], [ -157.868541321675337, 21.30992639325078 ], [ -157.86953738919658, 21.312375052467324 ], [ -157.870411759675903, 21.312348438425502 ], [ -157.869813461619856, 21.310144032755492 ], [ -157.870659778775575, 21.310571002538765 ], [ -157.871350314042587, 21.310427621126475 ], [ -157.870190235120617, 21.309405756623857 ], [ -157.869776322424656, 21.308980962461277 ], [ -157.870217337711125, 21.309111825797903 ], [ -157.872646376073249, 21.310583666051802 ], [ -157.873078393952881, 21.311043378764218 ], [ -157.874008477209316, 21.31145097703163 ], [ -157.877396055519057, 21.313761482315389 ], [ -157.875918876576776, 21.317023781827398 ], [ -157.877461729244118, 21.317290947876788 ], [ -157.878243063453993, 21.316483098726547 ], [ -157.878891508417126, 21.316231620067978 ], [ -157.87880677696765, 21.317421469436212 ], [ -157.877053187253779, 21.319738390564314 ], [ -157.87755269187474, 21.320001762334332 ], [ -157.878968675003534, 21.319088903401216 ], [ -157.880321798488779, 21.316946226232272 ], [ -157.880142865793232, 21.319459852327441 ], [ -157.881051708320285, 21.319754060379246 ], [ -157.881418300107669, 21.31731731025404 ], [ -157.881794753802779, 21.317064011090494 ], [ -157.881603694218029, 21.319746219270968 ], [ -157.882505099527066, 21.320034745949169 ], [ -157.882914711743325, 21.31694871352461 ], [ -157.885221881684686, 21.316002677408605 ], [ -157.885146053273303, 21.317067600874612 ], [ -157.885647715417662, 21.317345387646363 ], [ -157.886380895843871, 21.315875771249573 ], [ -157.88785205515029, 21.315012625888489 ], [ -157.890351091855905, 21.314592625354024 ], [ -157.890722793522031, 21.314987913166028 ], [ -157.890677479132137, 21.315624608006022 ], [ -157.890742113322091, 21.316777802907954 ], [ -157.891923444231907, 21.319492697750512 ], [ -157.890803892087291, 21.320416755270003 ], [ -157.892105816165895, 21.320352619910743 ], [ -157.893235583767677, 21.32283114752666 ], [ -157.893687941203495, 21.323624361771088 ], [ -157.894402471464872, 21.325110417630235 ], [ -157.894358425827249, 21.325729984183805 ], [ -157.892902332486187, 21.326344625144152 ], [ -157.892932727000812, 21.326886868362514 ], [ -157.892913464078561, 21.32715776303457 ], [ -157.892930522726289, 21.327463171575676 ], [ -157.892329363180124, 21.32795937071571 ], [ -157.891418221018341, 21.328901476439711 ], [ -157.890300563614375, 21.330671422065087 ], [ -157.889448030752476, 21.33179797998606 ], [ -157.889297904234724, 21.332546729304354 ], [ -157.890860751068061, 21.330930922094247 ], [ -157.891905119861434, 21.330682007170683 ], [ -157.892296700617123, 21.332310716109053 ], [ -157.893233755813526, 21.333753447641357 ], [ -157.893143753083024, 21.335018900289352 ], [ -157.893198451724601, 21.335992978562295 ], [ -157.892996556152355, 21.336508547714164 ], [ -157.892418039680649, 21.33650473597941 ], [ -157.892416004919625, 21.336775743758189 ], [ -157.892062632923199, 21.336866180969519 ], [ -157.89231451482658, 21.337105514234775 ], [ -157.892416004919625, 21.336775743758189 ], [ -157.89299452245362, 21.336779555545977 ], [ -157.892996556152355, 21.336508547714164 ], [ -157.893417147392285, 21.33685287325525 ], [ -157.893065246943593, 21.337989559421494 ], [ -157.890940388715705, 21.337491403678353 ], [ -157.889392660352513, 21.336339201978397 ], [ -157.886887199183604, 21.335614306140215 ], [ -157.885119328759771, 21.333582900925922 ], [ -157.88488223748115, 21.330547826984009 ], [ -157.885581380499417, 21.329107305300191 ], [ -157.886272046396556, 21.328208038047208 ], [ -157.887128672711782, 21.326838490630543 ], [ -157.888272684088918, 21.325489431617438 ], [ -157.888370081486812, 21.324446551076129 ], [ -157.886476209090063, 21.322357160147302 ], [ -157.884238025769434, 21.324066972542809 ], [ -157.881952659055372, 21.324223759658882 ], [ -157.879784650900859, 21.324046028440275 ], [ -157.876170000389493, 21.324293919645211 ], [ -157.87398346149584, 21.323362082315345 ], [ -157.872760702951069, 21.321877503521744 ], [ -157.87216153395201, 21.319963242608718 ], [ -157.871393388339214, 21.318651024820568 ], [ -157.871018652573468, 21.316645036818763 ], [ -157.869849096160095, 21.316966495124987 ], [ -157.868045804020937, 21.318270231034994 ], [ -157.865090888606716, 21.318472702850389 ], [ -157.86251065106137, 21.317372845429837 ], [ -157.860831105681626, 21.315441975258111 ], [ -157.861054303325915, 21.314884574893448 ], [ -157.861407496518552, 21.314794200197195 ], [ -157.86115598576356, 21.314554825803416 ], [ -157.861054303325915, 21.314884574893448 ], [ -157.86044641846479, 21.314708621931686 ], [ -157.860072740345487, 21.312293180873432 ], [ -157.859341340569301, 21.309716049805861 ], [ -157.859619938470956, 21.306737713157816 ], [ -157.858698655859484, 21.305163574071891 ], [ -157.85850541211525, 21.302685435323152 ], [ -157.859201359964715, 21.301251949349744 ], [ -157.861131380317033, 21.299097059401994 ], [ -157.860180052171984, 21.297650493493538 ], [ -157.858633333983732, 21.298445528464342 ], [ -157.85574380259925, 21.298643398089485 ], [ -157.85212727813115, 21.297101364786492 ], [ -157.850858156860653, 21.295641929230815 ], [ -157.850127028367865, 21.294076191494504 ], [ -157.847710038687012, 21.293441796970164 ], [ -157.84378087641764, 21.292037857050978 ], [ -157.841316892006802, 21.292651682915459 ], [ -157.83903031818997, 21.292212527531728 ], [ -157.837209167783072, 21.291125940056894 ], [ -157.83567039720063, 21.289256285555048 ], [ -157.835941542356835, 21.288820335605259 ], [ -157.836254136944291, 21.288571592556963 ], [ -157.83638913112793, 21.288426958887737 ], [ -157.837545765165089, 21.288434948906094 ], [ -157.837547895405237, 21.288163944739537 ], [ -157.838993686061059, 21.288173920954783 ], [ -157.83899581361959, 21.287902916640249 ], [ -157.840152444631144, 21.287910888566518 ], [ -157.840154570037726, 21.287639884131945 ], [ -157.84116281466288, 21.288060501489458 ], [ -157.842860040930816, 21.287516042824606 ], [ -157.844187689622601, 21.287574522640718 ], [ -157.845592251249087, 21.282808101174123 ], [ -157.846897953757718, 21.283467004715284 ], [ -157.847853548821433, 21.283757798770694 ], [ -157.8481267889413, 21.284352391466399 ], [ -157.84683575964678, 21.286083744568085 ], [ -157.846084094884816, 21.286726898010677 ], [ -157.845803653248055, 21.287055677824217 ], [ -157.846426051979364, 21.288177898843387 ], [ -157.848945346030831, 21.28911730976774 ], [ -157.852292420972589, 21.290016409550624 ], [ -157.854515210047566, 21.290889866655874 ], [ -157.855745080125757, 21.290852575416711 ], [ -157.858910307405807, 21.290991638753894 ], [ -157.858018847274025, 21.292187055032773 ], [ -157.856469406170618, 21.29140509541665 ], [ -157.855719986594039, 21.291139305009871 ], [ -157.854720813851742, 21.293148419914086 ], [ -157.856950988551318, 21.294389587186586 ], [ -157.858467629297962, 21.293315798841501 ], [ -157.85905927728939, 21.293059111887722 ], [ -157.859341412637434, 21.292508661337958 ], [ -157.859936129763639, 21.291999829174287 ], [ -157.859925732202555, 21.291700154238089 ], [ -157.860853298983045, 21.290361057966496 ], [ -157.865534555076295, 21.293984619863181 ], [ -157.866126907788811, 21.294592320284824 ] ], [ [ -157.89154619247293, 21.337041030034356 ], [ -157.891642718932616, 21.33737210600432 ], [ -157.891898171539054, 21.337136117781281 ], [ -157.89154619247293, 21.337041030034356 ] ], [ [ -157.887818514779525, 21.332680066554921 ], [ -157.887973116322456, 21.333025225277002 ], [ -157.888482906557613, 21.332794299118813 ], [ -157.887818514779525, 21.332680066554921 ] ], [ [ -157.888688306868687, 21.332414798612199 ], [ -157.888784824319742, 21.332745875991524 ], [ -157.889040272904253, 21.332509891836182 ], [ -157.888688306868687, 21.332414798612199 ] ], [ [ -157.873440858131033, 21.321472487564204 ], [ -157.8735374762297, 21.321803573249717 ], [ -157.873792645772568, 21.321567610313462 ], [ -157.873440858131033, 21.321472487564204 ] ], [ [ -157.874021378856213, 21.321205355453859 ], [ -157.8741757955884, 21.321550524436315 ], [ -157.87468570600609, 21.321319639968657 ], [ -157.874021378856213, 21.321205355453859 ] ], [ [ -157.874891123509627, 21.320940156671622 ], [ -157.875045542069643, 21.321285324943464 ], [ -157.875555450322508, 21.321054437730151 ], [ -157.874891123509627, 21.320940156671622 ] ], [ [ -157.875760865240068, 21.320674953243689 ], [ -157.875857488177672, 21.321006037833406 ], [ -157.876112652745974, 21.320770071129246 ], [ -157.875760865240068, 21.320674953243689 ] ], [ [ -157.876341378960234, 21.320407812773599 ], [ -157.876495800484179, 21.320752979859858 ], [ -157.87700570480871, 21.320522088052385 ], [ -157.876341378960234, 21.320407812773599 ] ], [ [ -157.861928206805317, 21.314077431060454 ], [ -157.862024794749942, 21.314408522282914 ], [ -157.862279968428766, 21.314172576865168 ], [ -157.861928206805317, 21.314077431060454 ] ], [ [ -157.862508716592657, 21.313810338101749 ], [ -157.862605305711696, 21.314141429051425 ], [ -157.862860478024402, 21.313905482683417 ], [ -157.862508716592657, 21.313810338101749 ] ], [ [ -157.863667645025657, 21.313547151716449 ], [ -157.863822029965291, 21.313892329083899 ], [ -157.864331927930778, 21.313661475353868 ], [ -157.863667645025657, 21.313547151716449 ] ], [ [ -157.865251066560262, 21.295670500504592 ], [ -157.865604211099907, 21.295580114629093 ], [ -157.86535272435367, 21.295340747131483 ], [ -157.865251066560262, 21.295670500504592 ], [ -157.86496189103346, 21.295668550692103 ], [ -157.864959810219204, 21.2959395572306 ], [ -157.864606664484143, 21.296029941694083 ], [ -157.864858151081449, 21.296269310285872 ], [ -157.864959810219204, 21.2959395572306 ], [ -157.865248986275873, 21.295941507070264 ], [ -157.865251066560262, 21.295670500504592 ] ], [ [ -157.853424321637675, 21.291796073814169 ], [ -157.853510991515975, 21.292382440243216 ], [ -157.854065231570075, 21.291888042962615 ], [ -157.853424321637675, 21.291796073814169 ] ], [ [ -157.849382316771226, 21.290955435991883 ], [ -157.849478863771907, 21.291286533362722 ], [ -157.849734014688011, 21.291050605444198 ], [ -157.849382316771226, 21.290955435991883 ] ], [ [ -157.843909380572114, 21.288207747263737 ], [ -157.844174983593405, 21.289127966461557 ], [ -157.844901563692673, 21.288372762279987 ], [ -157.843909380572114, 21.288207747263737 ] ], [ [ -157.842465708265962, 21.287926808593181 ], [ -157.84294121652718, 21.288582481892565 ], [ -157.843449364007228, 21.288170644265335 ], [ -157.842465708265962, 21.287926808593181 ] ] ] } },
{ "type": "Feature", "properties": { "ID": 82, "GRIDCODE": 2 }, "geometry": { "type": "Polygon", "coordinates": [ [ [ -157.716116350914774, 21.285926684591281 ], [ -157.715986501578897, 21.285173205361005 ], [ -157.714718179801849, 21.284442930995684 ], [ -157.71146039437366, 21.284666876633356 ], [ -157.709281210135998, 21.285450444391536 ], [ -157.708057915188505, 21.285097206227761 ], [ -157.707082247019599, 21.283842452942078 ], [ -157.707620901654252, 21.284082662535074 ], [ -157.70884973857909, 21.285029175877778 ], [ -157.709366028377531, 21.284661885699094 ], [ -157.708780557583424, 21.283735065460242 ], [ -157.709170925792819, 21.283041545805087 ], [ -157.711215323607092, 21.282653535938948 ], [ -157.711661993534051, 21.281654033071653 ], [ -157.713133352033225, 21.281956804064208 ], [ -157.713415518009384, 21.282305463551683 ], [ -157.714137524660913, 21.282211136120001 ], [ -157.715782910585915, 21.283091043105966 ], [ -157.71824064668013, 21.284859292606981 ], [ -157.717437143206467, 21.285818713322634 ], [ -157.716116350914774, 21.285926684591281 ] ] ] } },
{ "type": "Feature", "properties": { "ID": 83, "GRIDCODE": 2 }, "geometry": { "type": "Polygon", "coordinates": [ [ [ -157.845692979119349, 21.281986535559341 ], [ -157.846357103880422, 21.282100923559167 ], [ -157.845847292043459, 21.282331727308328 ], [ -157.845692979119349, 21.281986535559341 ] ] ] } },
{ "type": "Feature", "properties": { "ID": 84, "GRIDCODE": 2 }, "geometry": { "type": "Polygon", "coordinates": [ [ [ -157.699742581600105, 21.273605639599548 ], [ -157.700366130061639, 21.273786845637051 ], [ -157.698334360094719, 21.275960863594012 ], [ -157.695074417283536, 21.27721809934766 ], [ -157.692351120131377, 21.276918823888192 ], [ -157.693475015123028, 21.276397107937235 ], [ -157.695983363577085, 21.275710376084746 ], [ -157.696972231127233, 21.275064723376733 ], [ -157.697863248088538, 21.274820718991982 ], [ -157.698133467898344, 21.274531685002145 ], [ -157.69914399381679, 21.274118422696272 ], [ -157.699607474223143, 21.273750158086951 ], [ -157.699742581600105, 21.273605639599548 ] ] ] } },
{ "type": "Feature", "properties": { "ID": 85, "GRIDCODE": 2 }, "geometry": { "type": "Polygon", "coordinates": [ [ [ -157.692529093256212, 21.271923754025927 ], [ -157.693107314245538, 21.271928240796008 ], [ -157.693102528435048, 21.272470220566039 ], [ -157.692720160359443, 21.272285169911338 ], [ -157.692529093256212, 21.271923754025927 ] ] ] } },
{ "type": "Feature", "properties": { "ID": 86, "GRIDCODE": 2 }, "geometry": { "type": "Polygon", "coordinates": [ [ [ -157.692529093256212, 21.271923754025927 ], [ -157.691165727956076, 21.271718512093436 ], [ -157.691259571562284, 21.273431171956663 ], [ -157.690473369086448, 21.273381128900606 ], [ -157.688388268929543, 21.271840420007006 ], [ -157.687974245979035, 21.273061231252413 ], [ -157.688043487717209, 21.274327952195446 ], [ -157.687994283522443, 21.275005088863203 ], [ -157.688028307332246, 21.275626171154201 ], [ -157.690286678423149, 21.275078043802996 ], [ -157.691469273436212, 21.276410914266943 ], [ -157.690892167393855, 21.276374207858368 ], [ -157.690517440517596, 21.276760736757424 ], [ -157.689710568479825, 21.278373231671633 ], [ -157.688309239811332, 21.277889515360926 ], [ -157.686864263236032, 21.27713900498123 ], [ -157.686049015155305, 21.277178167748872 ], [ -157.685686277975861, 21.27824772339563 ], [ -157.685382907423985, 21.278228351527094 ], [ -157.684805732935274, 21.278516488538347 ], [ -157.684481544439961, 21.278170830308476 ], [ -157.682422687778597, 21.278566341788935 ], [ -157.682493572917707, 21.279865098444272 ], [ -157.681760961391291, 21.279818409977604 ], [ -157.68132705866239, 21.279839228976417 ], [ -157.68074909740406, 21.279802414462772 ], [ -157.679993439695465, 21.279838705772349 ], [ -157.67947882301371, 21.280866959651259 ], [ -157.680178613095052, 21.281174748233092 ], [ -157.67985887872112, 21.281438088364073 ], [ -157.67892409012984, 21.282402439471923 ], [ -157.677128972472246, 21.283452789649367 ], [ -157.67595234009039, 21.286920049130611 ], [ -157.676066144451482, 21.289001263758607 ], [ -157.674953076824266, 21.289652555662386 ], [ -157.672247154685607, 21.290103842439784 ], [ -157.670241343212098, 21.291675870067408 ], [ -157.668772051181833, 21.292462056866555 ], [ -157.666749594916894, 21.294087301667073 ], [ -157.665861011336688, 21.294607054336502 ], [ -157.665113271376441, 21.296384958388199 ], [ -157.663147355049432, 21.298461506917256 ], [ -157.660614544616294, 21.299172472548605 ], [ -157.659767739112141, 21.299595064360908 ], [ -157.658357679447533, 21.300188031479806 ], [ -157.656697598073436, 21.301442409302275 ], [ -157.654412679595509, 21.302244709023647 ], [ -157.653918640817437, 21.304612442290068 ], [ -157.65336242628706, 21.303450665587668 ], [ -157.652908531693242, 21.302651883556248 ], [ -157.65344608341394, 21.298267781336332 ], [ -157.65253679047575, 21.298852200503561 ], [ -157.651373066371576, 21.299341484011535 ], [ -157.650526233736315, 21.301032308628688 ], [ -157.650168177223264, 21.304305634675128 ], [ -157.649426687952314, 21.305558701178608 ], [ -157.649573972506033, 21.308261519262253 ], [ -157.64914906850538, 21.309698013762116 ], [ -157.649537199100791, 21.310739294187172 ], [ -157.64951525186649, 21.311039233439242 ], [ -157.648922223959971, 21.311001323512606 ], [ -157.64896131521499, 21.31046366606741 ], [ -157.648621155981715, 21.30955079530705 ], [ -157.649036874103246, 21.305536781185051 ], [ -157.648954418074965, 21.304022440724328 ], [ -157.649605589726406, 21.303164769451215 ], [ -157.649890896123622, 21.301796821421441 ], [ -157.650797753274645, 21.298729230224094 ], [ -157.653770683914587, 21.297479264882298 ], [ -157.654282940614252, 21.297512010436815 ], [ -157.656307848767995, 21.295885223725769 ], [ -157.656608991276215, 21.295904433150874 ], [ -157.658266636198732, 21.29550254753077 ], [ -157.657455936800829, 21.294811954274319 ], [ -157.657523065535713, 21.293887989881124 ], [ -157.658788614676922, 21.294151947648626 ], [ -157.658786156149432, 21.294422933053063 ], [ -157.657832374591493, 21.294531380585131 ], [ -157.65857812815355, 21.294785768996174 ], [ -157.658786156149432, 21.294422933053063 ], [ -157.660601430923435, 21.294604847754801 ], [ -157.661229189408402, 21.294106405001848 ], [ -157.661266956592414, 21.293709129634955 ], [ -157.658945057711378, 21.294027748496852 ], [ -157.658788614676922, 21.294151947648626 ], [ -157.658658549210742, 21.293734346865719 ], [ -157.657541541304198, 21.293066190440857 ], [ -157.658396929155202, 21.292627797343325 ], [ -157.659927741913805, 21.29275531411826 ], [ -157.660853579669578, 21.292020527680812 ], [ -157.661259062945135, 21.291587008427605 ], [ -157.664290970806832, 21.290347834719988 ], [ -157.665292714579351, 21.289552621514012 ], [ -157.665970378736375, 21.288557666791942 ], [ -157.668158339029731, 21.287799222301452 ], [ -157.668983748587976, 21.286104220972582 ], [ -157.673518885096513, 21.285365764503055 ], [ -157.675486078169087, 21.283804106099694 ], [ -157.676106856697714, 21.282781332598862 ], [ -157.676409185300628, 21.282160578898324 ], [ -157.676985646215769, 21.281702954930847 ], [ -157.676947448993246, 21.281206426435521 ], [ -157.67755299327311, 21.280558741628674 ], [ -157.678714371329306, 21.279800621957381 ], [ -157.679316317865982, 21.279554450275175 ], [ -157.680167245475417, 21.278998992948669 ], [ -157.681349128520822, 21.278757026731974 ], [ -157.681309659531422, 21.27824315355145 ], [ -157.682607896572364, 21.277395564405609 ], [ -157.683695154960276, 21.276838098848593 ], [ -157.684519326725592, 21.276906599737735 ], [ -157.68456077256343, 21.276468851786014 ], [ -157.684502561931765, 21.275711547446083 ], [ -157.685907396905236, 21.275828375915676 ], [ -157.686294155412185, 21.274660091309439 ], [ -157.686883353936821, 21.274192208168863 ], [ -157.686788434267385, 21.272956582584406 ], [ -157.687187590190973, 21.272298781094168 ], [ -157.687462631320926, 21.271467786414515 ], [ -157.687775421871635, 21.271219328993208 ], [ -157.688048055440817, 21.270659322365216 ], [ -157.6889486583365, 21.269331406433594 ], [ -157.689296053304901, 21.268617882825424 ], [ -157.689818550014081, 21.269047051358069 ], [ -157.690085019715752, 21.269341767339636 ], [ -157.690857704617343, 21.269289614966258 ], [ -157.691517169986128, 21.270706416498729 ], [ -157.692529093256212, 21.271923754025927 ] ] ] } },
{ "type": "Feature", "properties": { "ID": 87, "GRIDCODE": 2 }, "geometry": { "type": "Polygon", "coordinates": [ [ [ -157.693102528435048, 21.272470220566039 ], [ -157.694459622510664, 21.272747385256373 ], [ -157.69624697428722, 21.2716850005209 ], [ -157.697317201725212, 21.26929879498093 ], [ -157.696983135494065, 21.26805318339164 ], [ -157.695888627963313, 21.268004024179586 ], [ -157.694707830922567, 21.268038747293708 ], [ -157.695118437015935, 21.26732563374313 ], [ -157.69380922553637, 21.26597897194884 ], [ -157.691874469668733, 21.26538826798576 ], [ -157.691809232748227, 21.26344081363202 ], [ -157.69303730687912, 21.262843749085775 ], [ -157.693918177314742, 21.26258989131475 ], [ -157.695406818484429, 21.261866138434069 ], [ -157.697110117527416, 21.26125955427144 ], [ -157.697964441703562, 21.260844160657083 ], [ -157.698851802189949, 21.260459982463555 ], [ -157.699831159604599, 21.259983746632159 ], [ -157.702038906532493, 21.259671529520585 ], [ -157.703340335916437, 21.259362502104285 ], [ -157.70463741901051, 21.259420710081397 ], [ -157.705215781952035, 21.259403650793537 ], [ -157.705797720289496, 21.259429756232045 ], [ -157.707075941555132, 21.259126277611468 ], [ -157.70926619901897, 21.259716712237701 ], [ -157.70954154382224, 21.260000152518082 ], [ -157.71093344059264, 21.260973499304736 ], [ -157.711271226911208, 21.26190119615033 ], [ -157.71125014984861, 21.262311652474239 ], [ -157.711294546118523, 21.263633762074075 ], [ -157.71037290204049, 21.26542671826963 ], [ -157.710067877091831, 21.265956081814767 ], [ -157.709782894376531, 21.266777251433052 ], [ -157.708654529334041, 21.268473335897006 ], [ -157.708297207684268, 21.270011369265116 ], [ -157.708624672158891, 21.272866428856496 ], [ -157.708504444849126, 21.275221821975183 ], [ -157.709181811188046, 21.278266542958242 ], [ -157.710174562477192, 21.280280651895737 ], [ -157.711092549553683, 21.281091115245562 ], [ -157.710346752438682, 21.281517988547375 ], [ -157.706252842341883, 21.278134434655822 ], [ -157.705635548579153, 21.278106732657147 ], [ -157.705097185457788, 21.278642627815483 ], [ -157.704339397891943, 21.278664919588749 ], [ -157.703818538800562, 21.275719245018227 ], [ -157.703633654289916, 21.270199978239443 ], [ -157.706414673686169, 21.267049960130375 ], [ -157.708307114876732, 21.263763001508384 ], [ -157.70840863006589, 21.261770705189114 ], [ -157.707976248815498, 21.260005230495604 ], [ -157.70694557540287, 21.2599589506403 ], [ -157.706367210143156, 21.259976015764291 ], [ -157.703556004569748, 21.259849940737411 ], [ -157.699219938878826, 21.260591381618358 ], [ -157.698822274937584, 21.261282045262693 ], [ -157.698851151497252, 21.26214068464699 ], [ -157.696123456773307, 21.262018238550244 ], [ -157.694783065999616, 21.262867601141252 ], [ -157.69307602996281, 21.263606592250238 ], [ -157.692454098627763, 21.264686926994639 ], [ -157.692874529936006, 21.26519555119069 ], [ -157.694621760264965, 21.265600060479237 ], [ -157.696179186353135, 21.267488405212283 ], [ -157.697530908784188, 21.267056022263311 ], [ -157.697941402923476, 21.267798382545575 ], [ -157.697901479314737, 21.268581591599915 ], [ -157.69840680804063, 21.270452388008675 ], [ -157.69699635830338, 21.272901736526865 ], [ -157.696518614838197, 21.273831088435106 ], [ -157.695710770595923, 21.273000230641223 ], [ -157.695209712351016, 21.273498602810808 ], [ -157.693635016768923, 21.273017757210766 ], [ -157.693102528435048, 21.272470220566039 ] ] ] } },
{ "type": "Feature", "properties": { "ID": 88, "GRIDCODE": 2 }, "geometry": { "type": "Polygon", "coordinates": [ [ [ -157.841051771985349, 21.283851793595236 ], [ -157.840116215512012, 21.284032405529679 ], [ -157.83933013727389, 21.283624893546857 ], [ -157.838891522836292, 21.283813224053013 ], [ -157.840861401347325, 21.287027945158734 ], [ -157.840292081892954, 21.287497712649404 ], [ -157.840154570037726, 21.287639884131945 ], [ -157.838997941144527, 21.28763191231679 ], [ -157.83899581361959, 21.287902916640249 ], [ -157.837550025611762, 21.287892940564063 ], [ -157.837547895405237, 21.288163944739537 ], [ -157.836391263486519, 21.288155954832554 ], [ -157.83638913112793, 21.288426958887737 ], [ -157.835659053020407, 21.288294011222938 ], [ -157.835394929379902, 21.287192891115808 ], [ -157.834942853312441, 21.286399534792917 ], [ -157.834271610105304, 21.285001683180038 ], [ -157.832211843425142, 21.283250932872949 ], [ -157.831254308435973, 21.281816545755124 ], [ -157.828943365079567, 21.281021181061416 ], [ -157.82574814680504, 21.280531663821598 ], [ -157.823903854700745, 21.279722678469248 ], [ -157.821194986443743, 21.277419738271007 ], [ -157.819590875087869, 21.274616013037345 ], [ -157.818486969372998, 21.27311085985129 ], [ -157.817867739205752, 21.271095914343011 ], [ -157.817537605189898, 21.265906208854346 ], [ -157.81664619923356, 21.263683041603816 ], [ -157.815546589032465, 21.262183658332393 ], [ -157.814973021312198, 21.261176078543368 ], [ -157.815356832001498, 21.259680303250555 ], [ -157.815938904239687, 21.2592000542794 ], [ -157.815378304922092, 21.258866539484572 ], [ -157.814892209897437, 21.258890316776462 ], [ -157.813885246060153, 21.258591042171684 ], [ -157.813976786209025, 21.257313878266714 ], [ -157.812211950720098, 21.257202796904696 ], [ -157.811806259630202, 21.257622079879727 ], [ -157.811341678426146, 21.25665422918923 ], [ -157.81076323172428, 21.256682438389227 ], [ -157.810329785597048, 21.25665516286384 ], [ -157.809890019236491, 21.25667660629421 ], [ -157.809036909772658, 21.256382756802811 ], [ -157.808735259141514, 21.256397497714229 ], [ -157.807673880893958, 21.255847097886544 ], [ -157.805297287802631, 21.25611730062926 ], [ -157.804106023557182, 21.256619657745102 ], [ -157.803259837808469, 21.257043005659458 ], [ -157.802364893045279, 21.257420347905715 ], [ -157.802089858424466, 21.257704629014832 ], [ -157.800739638148116, 21.258273982784821 ], [ -157.799472629832394, 21.259583127493038 ], [ -157.798919782961434, 21.260039110277436 ], [ -157.797983826379408, 21.261395858952614 ], [ -157.794234965010133, 21.261698652904791 ], [ -157.792297140306459, 21.263166038071923 ], [ -157.788830499685048, 21.265031125285109 ], [ -157.787362868785124, 21.265649742623225 ], [ -157.785979958439242, 21.266540502175335 ], [ -157.784000467065511, 21.267700607423361 ], [ -157.782994114446154, 21.268530538677627 ], [ -157.780856595403037, 21.271627526721907 ], [ -157.777376122497998, 21.274579233272267 ], [ -157.774883252529122, 21.275586027663348 ], [ -157.772171921253658, 21.276475666053656 ], [ -157.770179100421529, 21.277036569491838 ], [ -157.76719639754981, 21.278734869866931 ], [ -157.76586905967585, 21.278046224456268 ], [ -157.765479874926399, 21.278021603791984 ], [ -157.763874270001708, 21.278330796025173 ], [ -157.762356984224425, 21.27793794468025 ], [ -157.761482512745374, 21.279418452070871 ], [ -157.76104850302923, 21.28069992735054 ], [ -157.760251289083044, 21.280438265047529 ], [ -157.759893048477323, 21.28005649980609 ], [ -157.757943587401343, 21.280150975494692 ], [ -157.756792872672435, 21.279853011510077 ], [ -157.754197713095493, 21.280842325345596 ], [ -157.752743320870508, 21.281195865839063 ], [ -157.750122566088748, 21.281432229793534 ], [ -157.747611563496548, 21.282445882939523 ], [ -157.74698335651928, 21.281135705448534 ], [ -157.746518657850714, 21.281158183913217 ], [ -157.745940662382111, 21.281121592127832 ], [ -157.745506755358036, 21.281142576796174 ], [ -157.74466177685764, 21.281089038262856 ], [ -157.74435610990048, 21.281404550346977 ], [ -157.743195699811338, 21.282084209164484 ], [ -157.742845784426578, 21.284083619174037 ], [ -157.738757487880434, 21.284379901281273 ], [ -157.736503143747257, 21.284853745512429 ], [ -157.73488777926346, 21.285893439309717 ], [ -157.732595414426186, 21.286450443928199 ], [ -157.732443434426273, 21.286193506612719 ], [ -157.732067300255551, 21.284216911613065 ], [ -157.731303386439947, 21.28340255728931 ], [ -157.729648944399742, 21.28511043460761 ], [ -157.728020124497419, 21.28468831334288 ], [ -157.726919220529595, 21.285595316102462 ], [ -157.727001728207, 21.287098408395387 ], [ -157.726542855715053, 21.288016149400931 ], [ -157.72490717114934, 21.288289468227461 ], [ -157.722743495477857, 21.288815087750123 ], [ -157.72027836088867, 21.288540575049506 ], [ -157.719984564179839, 21.288227434224666 ], [ -157.719320668753625, 21.288912547819745 ], [ -157.717103729747606, 21.288771742535907 ], [ -157.716533349935673, 21.288799220248489 ], [ -157.716813445246402, 21.287956963884064 ], [ -157.717256460111599, 21.287832443830503 ], [ -157.717410472097384, 21.288177738884638 ], [ -157.717920483664699, 21.287947334904256 ], [ -157.717256460111599, 21.287832443830503 ], [ -157.717461206872201, 21.286755984984605 ], [ -157.717846496110297, 21.286481888564481 ], [ -157.717942742029692, 21.286813047206699 ], [ -157.718198083785865, 21.286577328305775 ], [ -157.717846496110297, 21.286481888564481 ], [ -157.717976105950953, 21.286058893091109 ], [ -157.718598401061087, 21.285285534999257 ], [ -157.71885526595122, 21.2847105345495 ], [ -157.719350894458159, 21.28395453692319 ], [ -157.721206037347116, 21.28422595027418 ], [ -157.721464540935358, 21.283917336521277 ], [ -157.722035063860602, 21.283511579039985 ], [ -157.722625153301749, 21.284240360943947 ], [ -157.7237776397331, 21.28393488389699 ], [ -157.725262633721997, 21.283710056776606 ], [ -157.726256809042354, 21.283030856366505 ], [ -157.728064205259898, 21.282353361070989 ], [ -157.726615469037341, 21.281287613701558 ], [ -157.724435621995582, 21.281572695194654 ], [ -157.724245023134699, 21.282194324360979 ], [ -157.723080864355609, 21.281792813369332 ], [ -157.721929609772246, 21.282447777420774 ], [ -157.722231636483627, 21.281578548539283 ], [ -157.723351717963794, 21.281033774563749 ], [ -157.72590135566773, 21.280958402115509 ], [ -157.727873050851628, 21.281268072005037 ], [ -157.730340644317039, 21.282099727732994 ], [ -157.733031201285428, 21.281794328774097 ], [ -157.73347754211963, 21.279694569252648 ], [ -157.735402097182032, 21.279969721473002 ], [ -157.736200586400656, 21.280373499087201 ], [ -157.737415854087686, 21.279984433813308 ], [ -157.737941432280962, 21.280007891961009 ], [ -157.743140096310015, 21.27975471767914 ], [ -157.744654512424972, 21.278683882647773 ], [ -157.745535405612543, 21.278429755662401 ], [ -157.748709620069576, 21.277117427170079 ], [ -157.752136850290526, 21.276801308740598 ], [ -157.754229831820624, 21.276055173249638 ], [ -157.754683505746243, 21.27391834441552 ], [ -157.75759447004674, 21.273369890794669 ], [ -157.758388173478579, 21.273977583303584 ], [ -157.759230287881735, 21.276052714498189 ], [ -157.761029989922065, 21.276132855473463 ], [ -157.763589047298439, 21.275394064983022 ], [ -157.765810701762774, 21.274243330338418 ], [ -157.768530355456477, 21.272657925160058 ], [ -157.770576718696276, 21.272307174634108 ], [ -157.774720458025826, 21.270829447812794 ], [ -157.776923099730681, 21.269159416909464 ], [ -157.778312117125353, 21.267298391646431 ], [ -157.779987250731693, 21.264907252830941 ], [ -157.782079638528813, 21.263510805320585 ], [ -157.783403816908731, 21.262722806021571 ], [ -157.78484591262955, 21.261807879434915 ], [ -157.786911522982763, 21.26091218383436 ], [ -157.788468758979491, 21.260033650479869 ], [ -157.790788546333829, 21.258777605015375 ], [ -157.790826609938307, 21.258023121230686 ], [ -157.790739595319536, 21.255470734218992 ], [ -157.792651936079324, 21.255109941350351 ], [ -157.794586134622051, 21.255982620730549 ], [ -157.794570337445208, 21.256293224231705 ], [ -157.795444860673399, 21.256831452155048 ], [ -157.795798214148732, 21.257194450423324 ], [ -157.797757517506938, 21.256858284743416 ], [ -157.80064382023923, 21.256055472800075 ], [ -157.803937052573275, 21.255657392394099 ], [ -157.805753648054804, 21.254772790957887 ], [ -157.807182019835722, 21.254729838565172 ], [ -157.809502141752404, 21.255265249376176 ], [ -157.810477219923257, 21.255593437296561 ], [ -157.81451510780991, 21.255984872344911 ], [ -157.815683582931513, 21.256703847195826 ], [ -157.816535160381306, 21.257262186858277 ], [ -157.818205207806045, 21.257647480797811 ], [ -157.820048091870405, 21.260367136230933 ], [ -157.821134822989819, 21.26132515856095 ], [ -157.821520336146989, 21.263297635379395 ], [ -157.822294201743858, 21.264368791303312 ], [ -157.822207981012525, 21.266085609561785 ], [ -157.822528601391468, 21.267060830435263 ], [ -157.822926382158158, 21.267778275351588 ], [ -157.822511146367418, 21.269219857148528 ], [ -157.82252053625183, 21.269494778816782 ], [ -157.822483264527023, 21.270240215827386 ], [ -157.823061264592411, 21.271411168687354 ], [ -157.823657674123666, 21.271936727014872 ], [ -157.825053267631802, 21.274763311235422 ], [ -157.827041507792927, 21.276214505509948 ], [ -157.830540298233558, 21.276761881468953 ], [ -157.831701160589859, 21.277152380988298 ], [ -157.832866942742328, 21.277421160055752 ], [ -157.833718704678176, 21.277979420019516 ], [ -157.834975406664057, 21.278752343358256 ], [ -157.83633605844858, 21.280958684812944 ], [ -157.836881432435803, 21.280982699375638 ], [ -157.837175180077139, 21.280973810386318 ], [ -157.838468465439291, 21.281408783244657 ], [ -157.839989254922727, 21.280920897183599 ], [ -157.841059806845294, 21.282249553231754 ], [ -157.840528181246725, 21.282704429725548 ], [ -157.841051771985349, 21.283851793595236 ] ] ] } },
{ "type": "Feature", "properties": { "ID": 89, "GRIDCODE": 2 }, "geometry": { "type": "Polygon", "coordinates": [ [ [ -157.212953565624872, 21.219558416856099 ], [ -157.212950302668276, 21.219829346790135 ], [ -157.212661359493865, 21.21982628698121 ], [ -157.212664622977371, 21.219555357089924 ], [ -157.212953565624872, 21.219558416856099 ] ] ] } },
{ "type": "Feature", "properties": { "ID": 90, "GRIDCODE": 2 }, "geometry": { "type": "Polygon", "coordinates": [ [ [ -157.214119118968682, 21.218757860609795 ], [ -157.213632737261946, 21.219402604893823 ], [ -157.212953565624872, 21.219558416856099 ], [ -157.213439950692418, 21.218913674786108 ], [ -157.214119118968682, 21.218757860609795 ] ] ] } },
{ "type": "Feature", "properties": { "ID": 91, "GRIDCODE": 2 }, "geometry": { "type": "Polygon", "coordinates": [ [ [ -157.240705148021817, 21.218766117674065 ], [ -157.242059835654231, 21.218901626241852 ], [ -157.243418332970919, 21.219907555164458 ], [ -157.242553233518976, 21.219751223378395 ], [ -157.24174769691777, 21.219284053794926 ], [ -157.240829184346694, 21.21892035903576 ], [ -157.240705148021817, 21.218766117674065 ] ] ] } },
{ "type": "Feature", "properties": { "ID": 92, "GRIDCODE": 2 }, "geometry": { "type": "Polygon", "coordinates": [ [ [ -157.214411320409425, 21.218489987592921 ], [ -157.214408060293749, 21.218760917777281 ], [ -157.214119118968682, 21.218757860609795 ], [ -157.214122379611268, 21.218486930468153 ], [ -157.214411320409425, 21.218489987592921 ] ] ] } },
{ "type": "Feature", "properties": { "ID": 93, "GRIDCODE": 2 }, "geometry": { "type": "Polygon", "coordinates": [ [ [ -157.214992461170965, 21.218225170081283 ], [ -157.214989202160581, 21.21849610036022 ], [ -157.214411320409425, 21.218489987592921 ], [ -157.214414580473516, 21.218219057399399 ], [ -157.214992461170965, 21.218225170081283 ] ] ] } },
{ "type": "Feature", "properties": { "ID": 94, "GRIDCODE": 2 }, "geometry": { "type": "Polygon", "coordinates": [ [ [ -157.214992461170965, 21.218225170081283 ], [ -157.215095475488482, 21.217895888917518 ], [ -157.215345722601427, 21.218136158594938 ], [ -157.214992461170965, 21.218225170081283 ] ] ] } },
{ "type": "Feature", "properties": { "ID": 95, "GRIDCODE": 2 }, "geometry": { "type": "Polygon", "coordinates": [ [ [ -157.218177314969211, 21.217716892981255 ], [ -157.218012250481735, 21.218067352016615 ], [ -157.217519406652031, 21.217818504203571 ], [ -157.218177314969211, 21.217716892981255 ] ] ] } },
{ "type": "Feature", "properties": { "ID": 96, "GRIDCODE": 2 }, "geometry": { "type": "Polygon", "coordinates": [ [ [ -157.215576857833383, 21.217689420030727 ], [ -157.216541866580201, 21.217817373012895 ], [ -157.215768491664761, 21.218040008877828 ], [ -157.215576857833383, 21.217689420030727 ] ] ] } },
{ "type": "Feature", "properties": { "ID": 97, "GRIDCODE": 2 }, "geometry": { "type": "Polygon", "coordinates": [ [ [ -157.236383851243772, 21.217637149631084 ], [ -157.239175133149672, 21.2177573207303 ], [ -157.240511968559332, 21.218397874364879 ], [ -157.240705148021817, 21.218766117674065 ], [ -157.240225404116273, 21.218670088092068 ], [ -157.238882974570089, 21.218025239895656 ], [ -157.236478779835181, 21.217818080604211 ], [ -157.236383851243772, 21.217637149631084 ] ] ] } },
{ "type": "Feature", "properties": { "ID": 98, "GRIDCODE": 2 }, "geometry": { "type": "Polygon", "coordinates": [ [ [ -157.234072311959466, 21.217612980558936 ], [ -157.233832839992601, 21.217982260392752 ], [ -157.232821431910565, 21.217720090149108 ], [ -157.234072311959466, 21.217612980558936 ] ] ] } },
{ "type": "Feature", "properties": { "ID": 99, "GRIDCODE": 2 }, "geometry": { "type": "Polygon", "coordinates": [ [ [ -157.231182892448032, 21.21758272475164 ], [ -157.232125903160863, 21.217711086429432 ], [ -157.232347992873031, 21.218232787304064 ], [ -157.231316952370577, 21.217818446880948 ], [ -157.231182892448032, 21.21758272475164 ] ] ] } },
{ "type": "Feature", "properties": { "ID": 100, "GRIDCODE": 2 }, "geometry": { "type": "Polygon", "coordinates": [ [ [ -157.218177314969211, 21.217716892981255 ], [ -157.218416823660448, 21.217347638063124 ], [ -157.219428196907415, 21.217609892717018 ], [ -157.218177314969211, 21.217716892981255 ] ] ] } },
{ "type": "Feature", "properties": { "ID": 101, "GRIDCODE": 2 }, "geometry": { "type": "Polygon", "coordinates": [ [ [ -157.217024810894628, 21.217433757116506 ], [ -157.217375841589359, 21.217530212235257 ], [ -157.217119882961981, 21.217765132303228 ], [ -157.217024810894628, 21.217433757116506 ] ] ] } },
{ "type": "Feature", "properties": { "ID": 102, "GRIDCODE": 2 }, "geometry": { "type": "Polygon", "coordinates": [ [ [ -156.971734867907458, 21.214664368212102 ], [ -156.972085688585679, 21.214761321130201 ], [ -156.971829378801203, 21.214995839951573 ], [ -156.971734867907458, 21.214664368212102 ] ] ] } },
{ "type": "Feature", "properties": { "ID": 103, "GRIDCODE": 2 }, "geometry": { "type": "Polygon", "coordinates": [ [ [ -157.236383851243772, 21.217637149631084 ], [ -157.234072311959466, 21.217612980558936 ], [ -157.234075535992304, 21.217342047440308 ], [ -157.236387071061785, 21.217366216174735 ], [ -157.236383851243772, 21.217637149631084 ] ] ] } },
{ "type": "Feature", "properties": { "ID": 104, "GRIDCODE": 2 }, "geometry": { "type": "Polygon", "coordinates": [ [ [ -157.223673668663082, 21.217232896832776 ], [ -157.225229757242403, 21.217372907634662 ], [ -157.223918177174653, 21.217600109362046 ], [ -157.223673668663082, 21.217232896832776 ] ] ] } },
{ "type": "Feature", "properties": { "ID": 105, "GRIDCODE": 2 }, "geometry": { "type": "Polygon", "coordinates": [ [ [ -157.219917455124914, 21.217193323976872 ], [ -157.221767517665597, 21.217339642022143 ], [ -157.220172822194399, 21.217548483631045 ], [ -157.219917455124914, 21.217193323976872 ] ] ] } },
{ "type": "Feature", "properties": { "ID": 106, "GRIDCODE": 2 }, "geometry": { "type": "Polygon", "coordinates": [ [ [ -157.225410548394933, 21.216980201209065 ], [ -157.230169724954521, 21.217255822058927 ], [ -157.229610267318066, 21.217621475133392 ], [ -157.225547693407094, 21.217122286030239 ], [ -157.225410548394933, 21.216980201209065 ] ] ] } },
{ "type": "Feature", "properties": { "ID": 107, "GRIDCODE": 2 }, "geometry": { "type": "Polygon", "coordinates": [ [ [ -157.221943276675034, 21.216943711465408 ], [ -157.223499359334994, 21.217083737905739 ], [ -157.222187780282781, 21.217310926180453 ], [ -157.221943276675034, 21.216943711465408 ] ] ] } },
{ "type": "Feature", "properties": { "ID": 108, "GRIDCODE": 2 }, "geometry": { "type": "Polygon", "coordinates": [ [ [ -157.18599183670247, 21.20301306922612 ], [ -157.18748143315787, 21.203220311484337 ], [ -157.189452567364555, 21.204225679310415 ], [ -157.19101394456942, 21.205375282100388 ], [ -157.192177985448836, 21.205648457307706 ], [ -157.192152917584195, 21.206108216721208 ], [ -157.193310277843381, 21.207557248765017 ], [ -157.193682610697465, 21.208705811642812 ], [ -157.195058039966085, 21.210626852889948 ], [ -157.195560803765147, 21.211656077723628 ], [ -157.196596101450524, 21.213542050122154 ], [ -157.198147976289448, 21.213906256442971 ], [ -157.200075090396496, 21.215324895982523 ], [ -157.200997649593461, 21.214412225296471 ], [ -157.201456515469744, 21.21443418253952 ], [ -157.201940353323437, 21.214421409510173 ], [ -157.204491931126825, 21.215077488256966 ], [ -157.208681728703397, 21.218349426495752 ], [ -157.209361849928172, 21.218021179946234 ], [ -157.210952806849917, 21.21966840178337 ], [ -157.212661359493865, 21.21982628698121 ], [ -157.212233388003256, 21.220517621784516 ], [ -157.211918081232255, 21.220477433894914 ], [ -157.211491711960804, 21.220965163288291 ], [ -157.211080271615117, 21.220471928892412 ], [ -157.210762064826469, 21.220227624960394 ], [ -157.210465796189766, 21.219872547753305 ], [ -157.209217160124723, 21.218996663601235 ], [ -157.208181204042546, 21.218574459288043 ], [ -157.206222663858824, 21.216943881226626 ], [ -157.205179553346682, 21.21655518956721 ], [ -157.204733956873724, 21.216882010742452 ], [ -157.204449510580389, 21.217207568130085 ], [ -157.20401569699942, 21.215720988129821 ], [ -157.201596235211213, 21.214710934501955 ], [ -157.200994212163835, 21.215487375826093 ], [ -157.200599510803244, 21.217108948011425 ], [ -157.199569126790607, 21.216416913855305 ], [ -157.199292782307253, 21.215469233535348 ], [ -157.198815802402805, 21.215102683953038 ], [ -157.198070640900966, 21.214209602790095 ], [ -157.196211127665464, 21.214406327738171 ], [ -157.195486195908842, 21.212500782037953 ], [ -157.19497239531691, 21.2116596442476 ], [ -157.194722591146245, 21.211085014241299 ], [ -157.193839772271588, 21.209750791898948 ], [ -157.193019262280643, 21.208352667258367 ], [ -157.190951156766005, 21.205873534959554 ], [ -157.188108844616352, 21.203879377914031 ], [ -157.18611837017275, 21.203164926063579 ], [ -157.18599183670247, 21.20301306922612 ] ], [ [ -157.200279567730831, 21.216172182450467 ], [ -157.200374601045638, 21.216503564414975 ], [ -157.200630581810714, 21.216268671444379 ], [ -157.200279567730831, 21.216172182450467 ] ] ] } },
{ "type": "Feature", "properties": { "ID": 109, "GRIDCODE": 2 }, "geometry": { "type": "Polygon", "coordinates": [ [ [ -157.180213723486474, 21.202950903292685 ], [ -157.17988873484282, 21.203336378565389 ], [ -157.177198674070951, 21.203047119235794 ], [ -157.180213723486474, 21.202950903292685 ] ] ] } },
{ "type": "Feature", "properties": { "ID": 110, "GRIDCODE": 2 }, "geometry": { "type": "Polygon", "coordinates": [ [ [ -157.181375979810014, 21.202421500766899 ], [ -157.181137073255741, 21.202851764959679 ], [ -157.180213723486474, 21.202950903292685 ], [ -157.1804535146359, 21.202632911217517 ], [ -157.181375979810014, 21.202421500766899 ] ] ] } },
{ "type": "Feature", "properties": { "ID": 111, "GRIDCODE": 2 }, "geometry": { "type": "Polygon", "coordinates": [ [ [ -157.18599183670247, 21.20301306922612 ], [ -157.184275854769737, 21.202836191931198 ], [ -157.183597260736661, 21.202880030512159 ], [ -157.182396331379806, 21.202557911299547 ], [ -157.181375979810014, 21.202421500766899 ], [ -157.18167410012191, 21.20204062824536 ], [ -157.183577971723878, 21.202288483460112 ], [ -157.185778342995633, 21.202726847871212 ], [ -157.18599183670247, 21.20301306922612 ] ] ] } },
{ "type": "Feature", "properties": { "ID": 112, "GRIDCODE": 2 }, "geometry": { "type": "Polygon", "coordinates": [ [ [ -157.102005473184931, 21.195587164024488 ], [ -157.101902233277826, 21.195916359765928 ], [ -157.101652218296692, 21.195675937439837 ], [ -157.102005473184931, 21.195587164024488 ] ] ] } },
{ "type": "Feature", "properties": { "ID": 113, "GRIDCODE": 2 }, "geometry": { "type": "Polygon", "coordinates": [ [ [ -157.115293916987952, 21.195735953848594 ], [ -157.114630941866437, 21.19561874483631 ], [ -157.115141428399028, 21.195390201448141 ], [ -157.115293916987952, 21.195735953848594 ] ] ] } },
{ "type": "Feature", "properties": { "ID": 114, "GRIDCODE": 2 }, "geometry": { "type": "Polygon", "coordinates": [ [ [ -157.102005473184931, 21.195587164024488 ], [ -157.102170772784007, 21.1952368357579 ], [ -157.102663323366812, 21.195486001446245 ], [ -157.102005473184931, 21.195587164024488 ] ] ] } },
{ "type": "Feature", "properties": { "ID": 115, "GRIDCODE": 2 }, "geometry": { "type": "Polygon", "coordinates": [ [ [ -157.11212656308939, 21.194887722624138 ], [ -157.112477455422351, 21.194984387321828 ], [ -157.11222138576349, 21.195219139626296 ], [ -157.11212656308939, 21.194887722624138 ] ] ] } },
{ "type": "Feature", "properties": { "ID": 116, "GRIDCODE": 2 }, "geometry": { "type": "Polygon", "coordinates": [ [ [ -157.106637885417513, 21.194826291970447 ], [ -157.106988773065183, 21.194922967798782 ], [ -157.106732695550591, 21.195157711138418 ], [ -157.106637885417513, 21.194826291970447 ] ] ] } },
{ "type": "Feature", "properties": { "ID": 117, "GRIDCODE": 2 }, "geometry": { "type": "Polygon", "coordinates": [ [ [ -157.106060131020513, 21.194819815225088 ], [ -157.106411018174811, 21.194916492225008 ], [ -157.106154939833459, 21.195151234620848 ], [ -157.106060131020513, 21.194819815225088 ] ] ] } },
{ "type": "Feature", "properties": { "ID": 118, "GRIDCODE": 2 }, "geometry": { "type": "Polygon", "coordinates": [ [ [ -157.103171362319074, 21.194787401896335 ], [ -157.104136073485051, 21.19491597998605 ], [ -157.103362694925806, 21.195138097715283 ], [ -157.103171362319074, 21.194787401896335 ] ] ] } },
{ "type": "Feature", "properties": { "ID": 119, "GRIDCODE": 2 }, "geometry": { "type": "Polygon", "coordinates": [ [ [ -157.099704847109905, 21.194748440777968 ], [ -157.101558922587174, 21.195778877556002 ], [ -157.100481521859479, 21.195703062288402 ], [ -157.09983323901568, 21.195166368551398 ], [ -157.099704847109905, 21.194748440777968 ] ] ] } },
{ "type": "Feature", "properties": { "ID": 120, "GRIDCODE": 2 }, "geometry": { "type": "Polygon", "coordinates": [ [ [ -157.09854934379581, 21.194735437951014 ], [ -157.099514048369713, 21.194864042127591 ], [ -157.098740664981591, 21.19508613818514 ], [ -157.09854934379581, 21.194735437951014 ] ] ] } },
{ "type": "Feature", "properties": { "ID": 121, "GRIDCODE": 2 }, "geometry": { "type": "Polygon", "coordinates": [ [ [ -157.095371714214536, 21.194699639475065 ], [ -157.09516251665201, 21.195061702912575 ], [ -157.094418405582815, 21.19480491574193 ], [ -157.095371714214536, 21.194699639475065 ] ] ] } },
{ "type": "Feature", "properties": { "ID": 122, "GRIDCODE": 2 }, "geometry": { "type": "Polygon", "coordinates": [ [ [ -157.093927339331941, 21.194683347706412 ], [ -157.094278216115725, 21.194780049307031 ], [ -157.094022120419538, 21.1950147718781 ], [ -157.093927339331941, 21.194683347706412 ] ] ] } },
{ "type": "Feature", "properties": { "ID": 123, "GRIDCODE": 2 }, "geometry": { "type": "Polygon", "coordinates": [ [ [ -157.092771840416731, 21.194670305411186 ], [ -157.093434786785451, 21.194787598665851 ], [ -157.092924274593855, 21.195016074079469 ], [ -157.092771840416731, 21.194670305411186 ] ] ] } },
{ "type": "Feature", "properties": { "ID": 124, "GRIDCODE": 2 }, "geometry": { "type": "Polygon", "coordinates": [ [ [ -157.112707761270627, 21.194623263196803 ], [ -157.114270443345561, 21.195233890055718 ], [ -157.113779042358374, 21.195425863990071 ], [ -157.112828197414387, 21.195048503416729 ], [ -157.112707761270627, 21.194623263196803 ] ] ] } },
{ "type": "Feature", "properties": { "ID": 125, "GRIDCODE": 2 }, "geometry": { "type": "Polygon", "coordinates": [ [ [ -157.108952353521033, 21.194581264353403 ], [ -157.108849129543984, 21.194910465586538 ], [ -157.108599103992475, 21.194670052805691 ], [ -157.108952353521033, 21.194581264353403 ] ] ] } },
{ "type": "Feature", "properties": { "ID": 126, "GRIDCODE": 2 }, "geometry": { "type": "Polygon", "coordinates": [ [ [ -157.107507968381924, 21.194565088750679 ], [ -157.107858856147288, 21.194661762769613 ], [ -157.107602780381598, 21.194896507572611 ], [ -157.107507968381924, 21.194565088750679 ] ] ] } },
{ "type": "Feature", "properties": { "ID": 127, "GRIDCODE": 2 }, "geometry": { "type": "Polygon", "coordinates": [ [ [ -157.105196955002128, 21.194539182131532 ], [ -157.105859914778591, 21.194656427288802 ], [ -157.105349418964636, 21.194884941750253 ], [ -157.105196955002128, 21.194539182131532 ] ] ] } },
{ "type": "Feature", "properties": { "ID": 128, "GRIDCODE": 2 }, "geometry": { "type": "Polygon", "coordinates": [ [ [ -157.104330325887474, 21.194529459008923 ], [ -157.10468121093902, 21.194626139471442 ], [ -157.104425130626367, 21.194860879083588 ], [ -157.104330325887474, 21.194529459008923 ] ] ] } },
{ "type": "Feature", "properties": { "ID": 129, "GRIDCODE": 2 }, "geometry": { "type": "Polygon", "coordinates": [ [ [ -157.097108435783497, 21.19444826031306 ], [ -157.097459314662871, 21.19454495541882 ], [ -157.097203224019609, 21.194779683231012 ], [ -157.097108435783497, 21.19444826031306 ] ] ] } },
{ "type": "Feature", "properties": { "ID": 130, "GRIDCODE": 2 }, "geometry": { "type": "Polygon", "coordinates": [ [ [ -157.095371714214536, 21.194699639475065 ], [ -157.095537027743063, 21.194349318772272 ], [ -157.096029562721611, 21.194598502781293 ], [ -157.095371714214536, 21.194699639475065 ] ] ] } },
{ "type": "Feature", "properties": { "ID": 131, "GRIDCODE": 2 }, "geometry": { "type": "Polygon", "coordinates": [ [ [ -157.09161982227107, 21.194386343084524 ], [ -157.091970696455405, 21.194483049317963 ], [ -157.091714597964113, 21.194717768159805 ], [ -157.09161982227107, 21.194386343084524 ] ] ] } },
{ "type": "Feature", "properties": { "ID": 132, "GRIDCODE": 2 }, "geometry": { "type": "Polygon", "coordinates": [ [ [ -157.112707761270627, 21.194623263196803 ], [ -157.112130005632139, 21.194616807263316 ], [ -157.11212656308939, 21.194887722624138 ], [ -157.111611484367472, 21.194811448538914 ], [ -157.111192715542529, 21.194394647027664 ], [ -157.112636979433177, 21.194420447665873 ], [ -157.112707761270627, 21.194623263196803 ] ] ] } },
{ "type": "Feature", "properties": { "ID": 133, "GRIDCODE": 2 }, "geometry": { "type": "Polygon", "coordinates": [ [ [ -157.108952353521033, 21.194581264353403 ], [ -157.109117635986621, 21.194230927933599 ], [ -157.109610196760116, 21.194480074005018 ], [ -157.108952353521033, 21.194581264353403 ] ] ] } },
{ "type": "Feature", "properties": { "ID": 134, "GRIDCODE": 2 }, "geometry": { "type": "Polygon", "coordinates": [ [ [ -157.091334428785387, 21.194112167248154 ], [ -157.091623302104125, 21.194115430937437 ], [ -157.09161982227107, 21.194386343084524 ], [ -157.091330948426389, 21.194383079349596 ], [ -157.091334428785387, 21.194112167248154 ] ] ] } },
{ "type": "Feature", "properties": { "ID": 135, "GRIDCODE": 2 }, "geometry": { "type": "Polygon", "coordinates": [ [ [ -157.110114754901389, 21.194052365838182 ], [ -157.110465643641447, 21.194149034480972 ], [ -157.11020957261394, 21.194383783625856 ], [ -157.110114754901389, 21.194052365838182 ] ] ] } },
{ "type": "Feature", "properties": { "ID": 136, "GRIDCODE": 2 }, "geometry": { "type": "Polygon", "coordinates": [ [ [ -157.091334428785387, 21.194112167248154 ], [ -157.090983555984678, 21.194015459785781 ], [ -157.091239654229781, 21.193780742030288 ], [ -157.091334428785387, 21.194112167248154 ] ] ] } },
{ "type": "Feature", "properties": { "ID": 137, "GRIDCODE": 2 }, "geometry": { "type": "Polygon", "coordinates": [ [ [ -157.123980881509965, 21.194206925007766 ], [ -157.123317903371543, 21.194089750087425 ], [ -157.123828373298466, 21.193861179007254 ], [ -157.123980881509965, 21.194206925007766 ] ] ] } },
{ "type": "Feature", "properties": { "ID": 138, "GRIDCODE": 2 }, "geometry": { "type": "Polygon", "coordinates": [ [ [ -157.0896116402443, 21.19327983921476 ], [ -157.089962510209432, 21.19337654933754 ], [ -157.089706410863926, 21.193611265066423 ], [ -157.0896116402443, 21.19327983921476 ] ] ] } },
{ "type": "Feature", "properties": { "ID": 139, "GRIDCODE": 2 }, "geometry": { "type": "Polygon", "coordinates": [ [ [ -157.087885385787359, 21.192718406592448 ], [ -157.088866865569599, 21.192966528927045 ], [ -157.088357128867131, 21.193375986154535 ], [ -157.087885385787359, 21.192718406592448 ] ] ] } },
{ "type": "Feature", "properties": { "ID": 140, "GRIDCODE": 2 }, "geometry": { "type": "Polygon", "coordinates": [ [ [ -157.087311133290115, 21.192440954834208 ], [ -157.087661999410699, 21.192537669483833 ], [ -157.08740589828966, 21.192772381579456 ], [ -157.087311133290115, 21.192440954834208 ] ] ] } },
{ "type": "Feature", "properties": { "ID": 141, "GRIDCODE": 2 }, "geometry": { "type": "Polygon", "coordinates": [ [ [ -157.087311133290115, 21.192440954834208 ], [ -157.086960267683907, 21.192344239488953 ], [ -157.087216368654538, 21.192109528055507 ], [ -157.087311133290115, 21.192440954834208 ] ] ] } },
{ "type": "Feature", "properties": { "ID": 142, "GRIDCODE": 2 }, "geometry": { "type": "Polygon", "coordinates": [ [ [ -157.115293916987952, 21.195735953848594 ], [ -157.116009907989621, 21.195899991143186 ], [ -157.117138918076648, 21.195756397259412 ], [ -157.117450706434681, 21.195065154740224 ], [ -157.118933873629061, 21.194515093869235 ], [ -157.119327373750536, 21.196372630387632 ], [ -157.120891893007183, 21.195815851120429 ], [ -157.120324453405544, 21.195394902832987 ], [ -157.120741204963394, 21.194434461673438 ], [ -157.122113092501309, 21.195231425827487 ], [ -157.122958079035016, 21.195123862202632 ], [ -157.123246453282576, 21.195167153949519 ], [ -157.124513930852544, 21.195005864391248 ], [ -157.123980881509965, 21.194206925007766 ], [ -157.124509220274518, 21.194060313144675 ], [ -157.125308724746077, 21.193241040494136 ], [ -157.126112663906127, 21.194105229450397 ], [ -157.127160870963337, 21.194058309897038 ], [ -157.12918385924965, 21.194193844585186 ], [ -157.131636624043892, 21.193606774631203 ], [ -157.132949385185242, 21.193365547075615 ], [ -157.135099585000859, 21.193931210434915 ], [ -157.136684939090145, 21.19422687172047 ], [ -157.138715158032568, 21.194935377577238 ], [ -157.140372907252242, 21.193235809681479 ], [ -157.142242579994075, 21.192455812811435 ], [ -157.149372139197709, 21.192932959031705 ], [ -157.151575398457908, 21.193571168941048 ], [ -157.155894988381817, 21.193377054863291 ], [ -157.158661362451852, 21.194342092308073 ], [ -157.161205274890875, 21.197075559430854 ], [ -157.163380151579844, 21.196664468890553 ], [ -157.171505817406938, 21.196496879255477 ], [ -157.171464738245533, 21.197037627984287 ], [ -157.171767683931364, 21.197297380385574 ], [ -157.172036692669025, 21.197586467498329 ], [ -157.172628538514886, 21.197849014028549 ], [ -157.172567921852533, 21.198647877290163 ], [ -157.172903261554922, 21.19893543170334 ], [ -157.173675220843677, 21.199764667319961 ], [ -157.175027038953942, 21.200364332822353 ], [ -157.176340334601377, 21.202102984135227 ], [ -157.176309753200172, 21.202502347727044 ], [ -157.176327294439858, 21.202843222878954 ], [ -157.174517365901295, 21.202460093598368 ], [ -157.174021373452064, 21.201927231325097 ], [ -157.173719003771879, 21.201940830648361 ], [ -157.172181015382648, 21.201404431885866 ], [ -157.17066470471508, 21.201056259750015 ], [ -157.169256477398108, 21.201119655469309 ], [ -157.168101674843143, 21.201042568600091 ], [ -157.167378928492383, 21.201075080382346 ], [ -157.166801528173124, 21.201036531549526 ], [ -157.165645134307937, 21.201088539967696 ], [ -157.164490335906009, 21.20101142854443 ], [ -157.164061770054417, 21.201030717314431 ], [ -157.162469329404075, 21.201547048348491 ], [ -157.159132628393678, 21.202236861917171 ], [ -157.157185254914566, 21.201724907276208 ], [ -157.156600227769928, 21.201096164146783 ], [ -157.15676111969168, 21.198976953222711 ], [ -157.155385286626142, 21.197796797177425 ], [ -157.152344460170667, 21.197933439286096 ], [ -157.151808108308074, 21.198996784806475 ], [ -157.150945060250734, 21.198695674862126 ], [ -157.149984051884246, 21.198738800531068 ], [ -157.149227457700448, 21.197593824296003 ], [ -157.148190903017337, 21.197133821510519 ], [ -157.145975847495606, 21.197664139111623 ], [ -157.14432310935058, 21.196998099532991 ], [ -157.14323874506826, 21.196730440601115 ], [ -157.14282410711894, 21.197938773284896 ], [ -157.142872640400071, 21.198886466613285 ], [ -157.142825383900515, 21.199506648104286 ], [ -157.141203221933068, 21.199080118166801 ], [ -157.14034407867851, 21.199505805889657 ], [ -157.136490053939269, 21.199078919781439 ], [ -157.136191926513447, 21.199092300322512 ], [ -157.135323428898886, 21.198508982404103 ], [ -157.133973109398795, 21.198569548110584 ], [ -157.132794122214278, 21.197951696178059 ], [ -157.132361050623359, 21.197971119484432 ], [ -157.131300872698745, 21.198496343849907 ], [ -157.130730550784506, 21.198458081786271 ], [ -157.129274879750739, 21.199490595446523 ], [ -157.128097802119953, 21.198700011721396 ], [ -157.127268356455914, 21.19873718895553 ], [ -157.126622256724517, 21.198398473894358 ], [ -157.125660971876471, 21.198441523726846 ], [ -157.124710909575413, 21.198377858512966 ], [ -157.122558621785402, 21.196681449495241 ], [ -157.120915000640935, 21.196754990397892 ], [ -157.119630322903618, 21.196668853789873 ], [ -157.118571010318419, 21.197012024172395 ], [ -157.117345017680265, 21.196369532579155 ], [ -157.11594164784492, 21.196432340191151 ], [ -157.115293916987952, 21.195735953848594 ] ] ] } },
{ "type": "Feature", "properties": { "ID": 143, "GRIDCODE": 2 }, "geometry": { "type": "Polygon", "coordinates": [ [ [ -157.085873767041193, 21.191882773223213 ], [ -157.086838436099612, 21.192011447642344 ], [ -157.086065053959459, 21.192233485395462 ], [ -157.085873767041193, 21.191882773223213 ] ] ] } },
{ "type": "Feature", "properties": { "ID": 144, "GRIDCODE": 2 }, "geometry": { "type": "Polygon", "coordinates": [ [ [ -157.085588389414568, 21.191608588763369 ], [ -157.085877256895941, 21.191611861907234 ], [ -157.085873767041193, 21.191882773223213 ], [ -157.085584899033933, 21.191879500033576 ], [ -157.085588389414568, 21.191608588763369 ] ] ] } },
{ "type": "Feature", "properties": { "ID": 145, "GRIDCODE": 2 }, "geometry": { "type": "Polygon", "coordinates": [ [ [ -157.085588389414568, 21.191608588763369 ], [ -157.08523752715854, 21.191511870062904 ], [ -157.085493629078371, 21.191277161318276 ], [ -157.085588389414568, 21.191608588763369 ] ] ] } },
{ "type": "Feature", "properties": { "ID": 146, "GRIDCODE": 2 }, "geometry": { "type": "Polygon", "coordinates": [ [ [ -157.083284440564, 21.191040564019914 ], [ -157.084545817191184, 21.191176387586616 ], [ -157.083504961827458, 21.191399085289426 ], [ -157.083284440564, 21.191040564019914 ] ] ] } },
{ "type": "Feature", "properties": { "ID": 147, "GRIDCODE": 2 }, "geometry": { "type": "Polygon", "coordinates": [ [ [ -157.083284440564, 21.191040564019914 ], [ -157.082621522115943, 21.190923232731709 ], [ -157.083132032866899, 21.190694788501897 ], [ -157.083284440564, 21.191040564019914 ] ] ] } },
{ "type": "Feature", "properties": { "ID": 148, "GRIDCODE": 2 }, "geometry": { "type": "Polygon", "coordinates": [ [ [ -157.081847105505403, 21.190482350216278 ], [ -157.08251002114136, 21.190599684355075 ], [ -157.081999509935343, 21.190828126658822 ], [ -157.081847105505403, 21.190482350216278 ] ] ] } },
{ "type": "Feature", "properties": { "ID": 149, "GRIDCODE": 2 }, "geometry": { "type": "Polygon", "coordinates": [ [ [ -157.081272874346269, 21.190204879362192 ], [ -157.081850602445485, 21.19021143949568 ], [ -157.081847105505403, 21.190482350216278 ], [ -157.081269376354527, 21.190475789991034 ], [ -157.081272874346269, 21.190204879362192 ] ] ] } },
{ "type": "Feature", "properties": { "ID": 150, "GRIDCODE": 2 }, "geometry": { "type": "Polygon", "coordinates": [ [ [ -157.081272874346269, 21.190204879362192 ], [ -157.080922018911821, 21.19010815214352 ], [ -157.081178124475542, 21.189873450241606 ], [ -157.081272874346269, 21.190204879362192 ] ] ] } },
{ "type": "Feature", "properties": { "ID": 151, "GRIDCODE": 2 }, "geometry": { "type": "Polygon", "coordinates": [ [ [ -157.07809887748482, 21.189897853229731 ], [ -157.078449730088749, 21.189994586139505 ], [ -157.078193620345274, 21.190229283556334 ], [ -157.07809887748482, 21.189897853229731 ] ] ] } },
{ "type": "Feature", "properties": { "ID": 152, "GRIDCODE": 2 }, "geometry": { "type": "Polygon", "coordinates": [ [ [ -157.078968968397021, 21.189636798548563 ], [ -157.07993361364845, 21.189765510888975 ], [ -157.07916023589857, 21.189987517174387 ], [ -157.078968968397021, 21.189636798548563 ] ] ] } },
{ "type": "Feature", "properties": { "ID": 153, "GRIDCODE": 2 }, "geometry": { "type": "Polygon", "coordinates": [ [ [ -157.07809887748482, 21.189897853229731 ], [ -157.076824359127045, 21.189558223639693 ], [ -157.07759855962766, 21.189250837987675 ], [ -157.07809887748482, 21.189897853229731 ] ] ] } },
{ "type": "Feature", "properties": { "ID": 154, "GRIDCODE": 2 }, "geometry": { "type": "Polygon", "coordinates": [ [ [ -157.076087360706794, 21.189062110081526 ], [ -157.076750263595414, 21.189179466024342 ], [ -157.076239750105515, 21.189407890647342 ], [ -157.076087360706794, 21.189062110081526 ] ] ] } },
{ "type": "Feature", "properties": { "ID": 155, "GRIDCODE": 2 }, "geometry": { "type": "Polygon", "coordinates": [ [ [ -157.075513147263933, 21.188784620831463 ], [ -157.075863995151735, 21.188881358797779 ], [ -157.075607883733312, 21.189116052156876 ], [ -157.075513147263933, 21.188784620831463 ] ] ] } },
{ "type": "Feature", "properties": { "ID": 156, "GRIDCODE": 2 }, "geometry": { "type": "Polygon", "coordinates": [ [ [ -157.071180249691537, 21.188735212435429 ], [ -157.071076949146402, 21.189064384761622 ], [ -157.070826998586142, 21.188823921262422 ], [ -157.071180249691537, 21.188735212435429 ] ] ] } },
{ "type": "Feature", "properties": { "ID": 157, "GRIDCODE": 2 }, "geometry": { "type": "Polygon", "coordinates": [ [ [ -157.069735953284408, 21.188718718311307 ], [ -157.070086796216316, 21.188815467983339 ], [ -157.069830676551192, 21.18905015189382 ], [ -157.069735953284408, 21.188718718311307 ] ] ] } },
{ "type": "Feature", "properties": { "ID": 158, "GRIDCODE": 2 }, "geometry": { "type": "Polygon", "coordinates": [ [ [ -157.074938936090945, 21.188507129783527 ], [ -157.075289782861574, 21.188603868867531 ], [ -157.075033671127642, 21.188838561330286 ], [ -157.074938936090945, 21.188507129783527 ] ] ] } },
{ "type": "Feature", "properties": { "ID": 159, "GRIDCODE": 2 }, "geometry": { "type": "Polygon", "coordinates": [ [ [ -157.072339201778334, 21.188477489599077 ], [ -157.073600539758672, 21.188613392553002 ], [ -157.072559692112037, 21.188836022965969 ], [ -157.072339201778334, 21.188477489599077 ] ] ] } },
{ "type": "Feature", "properties": { "ID": 160, "GRIDCODE": 2 }, "geometry": { "type": "Polygon", "coordinates": [ [ [ -157.071180249691537, 21.188735212435429 ], [ -157.071389492918172, 21.188373182218744 ], [ -157.072133524140128, 21.188630065598765 ], [ -157.071180249691537, 21.188735212435429 ] ] ] } },
{ "type": "Feature", "properties": { "ID": 161, "GRIDCODE": 2 }, "geometry": { "type": "Polygon", "coordinates": [ [ [ -157.06656203056923, 21.188411479503941 ], [ -157.068994498342931, 21.188567891927708 ], [ -157.066844207053009, 21.188776612624928 ], [ -157.06656203056923, 21.188411479503941 ] ] ] } },
{ "type": "Feature", "properties": { "ID": 162, "GRIDCODE": 2 }, "geometry": { "type": "Polygon", "coordinates": [ [ [ -157.065987840144913, 21.188133959392889 ], [ -157.066338678610038, 21.188230716566633 ], [ -157.066082554605288, 21.188465394431518 ], [ -157.065987840144913, 21.188133959392889 ] ] ] } },
{ "type": "Feature", "properties": { "ID": 163, "GRIDCODE": 2 }, "geometry": { "type": "Polygon", "coordinates": [ [ [ -157.041435166709391, 21.187851135917679 ], [ -157.042990635754592, 21.187992791574228 ], [ -157.04167915981364, 21.188218576523404 ], [ -157.041435166709391, 21.187851135917679 ] ] ] } },
{ "type": "Feature", "properties": { "ID": 164, "GRIDCODE": 2 }, "geometry": { "type": "Polygon", "coordinates": [ [ [ -157.044327260258143, 21.187613689419074 ], [ -157.044161839168851, 21.18796395157603 ], [ -157.043669425419665, 21.187714624421734 ], [ -157.044327260258143, 21.187613689419074 ] ] ] } },
{ "type": "Feature", "properties": { "ID": 165, "GRIDCODE": 2 }, "geometry": { "type": "Polygon", "coordinates": [ [ [ -157.037394813484667, 21.187533307840607 ], [ -157.039444426355431, 21.187684769841379 ], [ -157.041267713070852, 21.188183841757095 ], [ -157.040403905971601, 21.188478573162342 ], [ -157.038996982281986, 21.187940865038325 ], [ -157.037518602585692, 21.187687681542624 ], [ -157.037394813484667, 21.187533307840607 ] ] ] } },
{ "type": "Feature", "properties": { "ID": 166, "GRIDCODE": 2 }, "geometry": { "type": "Polygon", "coordinates": [ [ [ -157.064839466107941, 21.187578913780307 ], [ -157.065190302337697, 21.18767567318838 ], [ -157.064934177703492, 21.187910349260278 ], [ -157.064839466107941, 21.187578913780307 ] ] ] } },
{ "type": "Feature", "properties": { "ID": 167, "GRIDCODE": 2 }, "geometry": { "type": "Polygon", "coordinates": [ [ [ -157.044908529360924, 21.187349470187097 ], [ -157.044904965625818, 21.187620375062998 ], [ -157.044327260258143, 21.187613689419074 ], [ -157.044330825044625, 21.187342784636691 ], [ -157.044908529360924, 21.187349470187097 ] ] ] } },
{ "type": "Feature", "properties": { "ID": 168, "GRIDCODE": 2 }, "geometry": { "type": "Polygon", "coordinates": [ [ [ -157.034798736488824, 21.187232188286671 ], [ -157.036341224768961, 21.187372761214785 ], [ -157.036491690522467, 21.187899532080632 ], [ -157.034923768994048, 21.187420313981402 ], [ -157.034798736488824, 21.187232188286671 ] ] ] } },
{ "type": "Feature", "properties": { "ID": 169, "GRIDCODE": 2 }, "geometry": { "type": "Polygon", "coordinates": [ [ [ -157.064839466107941, 21.187578913780307 ], [ -157.064176583725441, 21.187461512321825 ], [ -157.064687105650506, 21.187233125026381 ], [ -157.064839466107941, 21.187578913780307 ] ] ] } },
{ "type": "Feature", "properties": { "ID": 170, "GRIDCODE": 2 }, "geometry": { "type": "Polygon", "coordinates": [ [ [ -157.062828067932003, 21.186743020563561 ], [ -157.064102521510932, 21.1870827516119 ], [ -157.063328310144527, 21.187390074189537 ], [ -157.062828067932003, 21.186743020563561 ] ] ] } },
{ "type": "Feature", "properties": { "ID": 171, "GRIDCODE": 2 }, "geometry": { "type": "Polygon", "coordinates": [ [ [ -157.031920998824916, 21.186385859874086 ], [ -157.033237871626881, 21.186519202025909 ], [ -157.03466412627634, 21.187064324899954 ], [ -157.034798736488824, 21.187232188286671 ], [ -157.033731049907999, 21.187114127576184 ], [ -157.032028790219613, 21.186554735835024 ], [ -157.031920998824916, 21.186385859874086 ] ] ] } },
{ "type": "Feature", "properties": { "ID": 172, "GRIDCODE": 2 }, "geometry": { "type": "Polygon", "coordinates": [ [ [ -157.030769196191528, 21.186101495993864 ], [ -157.031924585988776, 21.186114957071979 ], [ -157.031920998824916, 21.186385859874086 ], [ -157.030765606925058, 21.186372398607659 ], [ -157.030769196191528, 21.186101495993864 ] ] ] } },
{ "type": "Feature", "properties": { "ID": 173, "GRIDCODE": 2 }, "geometry": { "type": "Polygon", "coordinates": [ [ [ -157.061968570750594, 21.186191268308356 ], [ -157.06260675638535, 21.186319706374245 ], [ -157.062828067932003, 21.186743020563561 ], [ -157.062189880246081, 21.186614583185964 ], [ -157.061968570750594, 21.186191268308356 ] ] ] } },
{ "type": "Feature", "properties": { "ID": 174, "GRIDCODE": 2 }, "geometry": { "type": "Polygon", "coordinates": [ [ [ -157.030769196191528, 21.186101495993864 ], [ -157.026304558808363, 21.185916050480294 ], [ -157.030476731942201, 21.185774951718656 ], [ -157.030769196191528, 21.186101495993864 ] ] ] } },
{ "type": "Feature", "properties": { "ID": 175, "GRIDCODE": 2 }, "geometry": { "type": "Polygon", "coordinates": [ [ [ -157.061394398490933, 21.185913733824844 ], [ -157.061972103132717, 21.185920360630661 ], [ -157.061968570750594, 21.186191268308356 ], [ -157.061390865057433, 21.186184641409842 ], [ -157.061394398490933, 21.185913733824844 ] ] ] } },
{ "type": "Feature", "properties": { "ID": 176, "GRIDCODE": 2 }, "geometry": { "type": "Polygon", "coordinates": [ [ [ -157.044908529360924, 21.187349470187097 ], [ -157.045352778487512, 21.186842087758048 ], [ -157.04879062169357, 21.185648207831321 ], [ -157.048858517401271, 21.185956386597073 ], [ -157.047649201694469, 21.18641783159396 ], [ -157.04682552248957, 21.186859382714836 ], [ -157.044908529360924, 21.187349470187097 ] ] ] } },
{ "type": "Feature", "properties": { "ID": 177, "GRIDCODE": 2 }, "geometry": { "type": "Polygon", "coordinates": [ [ [ -157.061394398490933, 21.185913733824844 ], [ -157.061043569482905, 21.185816967020049 ], [ -157.061299695851744, 21.18558229698893 ], [ -157.061394398490933, 21.185913733824844 ] ] ] } },
{ "type": "Feature", "properties": { "ID": 178, "GRIDCODE": 2 }, "geometry": { "type": "Polygon", "coordinates": [ [ [ -157.049266208296132, 21.185503209649646 ], [ -157.049929065170176, 21.185620668084795 ], [ -157.049418530214894, 21.185849009485072 ], [ -157.049266208296132, 21.185503209649646 ] ] ] } },
{ "type": "Feature", "properties": { "ID": 179, "GRIDCODE": 2 }, "geometry": { "type": "Polygon", "coordinates": [ [ [ -157.059379508066769, 21.185348709923758 ], [ -157.060640799444798, 21.185484706785353 ], [ -157.059599961657909, 21.185707257586216 ], [ -157.059379508066769, 21.185348709923758 ] ] ] } },
{ "type": "Feature", "properties": { "ID": 180, "GRIDCODE": 2 }, "geometry": { "type": "Polygon", "coordinates": [ [ [ -157.055913302245415, 21.185308867364597 ], [ -157.05746877038473, 21.185450388707952 ], [ -157.056157329377243, 21.185676289596284 ], [ -157.055913302245415, 21.185308867364597 ] ] ] } },
{ "type": "Feature", "properties": { "ID": 181, "GRIDCODE": 2 }, "geometry": { "type": "Polygon", "coordinates": [ [ [ -157.053602502854517, 21.185282266212813 ], [ -157.055451852837308, 21.185430365999778 ], [ -157.053857402342118, 21.185637645172072 ], [ -157.053602502854517, 21.185282266212813 ] ] ] } },
{ "type": "Feature", "properties": { "ID": 182, "GRIDCODE": 2 }, "geometry": { "type": "Polygon", "coordinates": [ [ [ -157.024428971335283, 21.184943712651599 ], [ -157.025513719981518, 21.18524069692937 ], [ -157.026276660589161, 21.185807439657438 ], [ -157.024924065173877, 21.18556117420383 ], [ -157.024428971335283, 21.184943712651599 ] ] ] } },
{ "type": "Feature", "properties": { "ID": 183, "GRIDCODE": 2 }, "geometry": { "type": "Polygon", "coordinates": [ [ [ -157.024428971335283, 21.184943712651599 ], [ -157.023408966468338, 21.184806367310514 ], [ -157.019802846229652, 21.18371232454767 ], [ -157.017328190460631, 21.183496572183262 ], [ -157.016430055618741, 21.1839529059529 ], [ -157.013381648975695, 21.183542301224257 ], [ -157.011531208438839, 21.182428698584744 ], [ -157.009027778013518, 21.181689456412819 ], [ -157.009800686064438, 21.181547412109882 ], [ -157.012204630890125, 21.182194982271518 ], [ -157.013342188138921, 21.18229421891126 ], [ -157.01505295503577, 21.182185464845411 ], [ -157.018934134681416, 21.182786849901952 ], [ -157.019697364905966, 21.183117143461153 ], [ -157.020573812131147, 21.183589325023497 ], [ -157.024165434191588, 21.184649512462936 ], [ -157.024428971335283, 21.184943712651599 ] ] ] } },
{ "type": "Feature", "properties": { "ID": 184, "GRIDCODE": 2 }, "geometry": { "type": "Polygon", "coordinates": [ [ [ -157.005701480221461, 21.18120149003494 ], [ -157.008425042215663, 21.181363653921359 ], [ -157.005985881768453, 21.181556355476062 ], [ -157.005701480221461, 21.18120149003494 ] ] ] } },
{ "type": "Feature", "properties": { "ID": 185, "GRIDCODE": 2 }, "geometry": { "type": "Polygon", "coordinates": [ [ [ -156.993588806900078, 21.179703421679609 ], [ -156.993798216004507, 21.179341501008032 ], [ -156.994542038865802, 21.179598712469669 ], [ -156.993588806900078, 21.179703421679609 ] ] ] } },
{ "type": "Feature", "properties": { "ID": 186, "GRIDCODE": 2 }, "geometry": { "type": "Polygon", "coordinates": [ [ [ -156.995040255640589, 21.179178765648935 ], [ -156.995703022893991, 21.179296431413995 ], [ -156.995192441809849, 21.179524604223278 ], [ -156.995040255640589, 21.179178765648935 ] ] ] } },
{ "type": "Feature", "properties": { "ID": 187, "GRIDCODE": 2 }, "geometry": { "type": "Polygon", "coordinates": [ [ [ -157.000820461875804, 21.178976294002464 ], [ -157.002153212625075, 21.179095375653958 ], [ -157.00265754490735, 21.179436573162054 ], [ -157.003301251891969, 21.179650824654733 ], [ -157.004551195839525, 21.180685585926874 ], [ -157.005593723596718, 21.181032599823741 ], [ -157.005701480221461, 21.18120149003494 ], [ -157.004444566719854, 21.181042318825781 ], [ -157.002975299000411, 21.180457945136347 ], [ -157.001841109974094, 21.179648253203705 ], [ -157.000944204241051, 21.179130691115923 ], [ -157.000820461875804, 21.178976294002464 ] ] ] } },
{ "type": "Feature", "properties": { "ID": 188, "GRIDCODE": 2 }, "geometry": { "type": "Polygon", "coordinates": [ [ [ -156.996199217433997, 21.178921569527713 ], [ -156.997754513420915, 21.179063631234918 ], [ -156.996443080121225, 21.179289065912389 ], [ -156.996199217433997, 21.178921569527713 ] ] ] } },
{ "type": "Feature", "properties": { "ID": 189, "GRIDCODE": 2 }, "geometry": { "type": "Polygon", "coordinates": [ [ [ -157.000820461875804, 21.178976294002464 ], [ -156.999559319672812, 21.178839858908248 ], [ -157.00060016550006, 21.178617681215627 ], [ -157.000820461875804, 21.178976294002464 ] ] ] } },
{ "type": "Feature", "properties": { "ID": 190, "GRIDCODE": 2 }, "geometry": { "type": "Polygon", "coordinates": [ [ [ -156.998513484439087, 21.178678049998439 ], [ -156.998864244732999, 21.178774942266976 ], [ -156.998608040849604, 21.179009511001112 ], [ -156.998513484439087, 21.178678049998439 ] ] ] } },
{ "type": "Feature", "properties": { "ID": 191, "GRIDCODE": 2 }, "geometry": { "type": "Polygon", "coordinates": [ [ [ -156.743824150437064, 21.173302937334949 ], [ -156.744788218648665, 21.17343353084755 ], [ -156.744014573366286, 21.173653968170065 ], [ -156.743824150437064, 21.173302937334949 ] ] ] } },
{ "type": "Feature", "properties": { "ID": 192, "GRIDCODE": 2 }, "geometry": { "type": "Polygon", "coordinates": [ [ [ -156.740078392891348, 21.172711085541998 ], [ -156.741073576757344, 21.172872341476943 ], [ -156.743668339000322, 21.17318041748166 ], [ -156.743397421323692, 21.173450023381537 ], [ -156.740408767536167, 21.173095208572008 ], [ -156.740078392891348, 21.172711085541998 ] ] ] } },
{ "type": "Feature", "properties": { "ID": 193, "GRIDCODE": 2 }, "geometry": { "type": "Polygon", "coordinates": [ [ [ -156.739220327253975, 21.172157797713695 ], [ -156.739858058290764, 21.172287426856919 ], [ -156.740078392891348, 21.172711085541998 ], [ -156.739440659797026, 21.172581457056744 ], [ -156.739220327253975, 21.172157797713695 ] ] ] } },
{ "type": "Feature", "properties": { "ID": 194, "GRIDCODE": 2 }, "geometry": { "type": "Polygon", "coordinates": [ [ [ -156.739220327253975, 21.172157797713695 ], [ -156.738869803632809, 21.172060381998147 ], [ -156.739126366310984, 21.171826240910061 ], [ -156.739220327253975, 21.172157797713695 ] ] ] } },
{ "type": "Feature", "properties": { "ID": 195, "GRIDCODE": 2 }, "geometry": { "type": "Polygon", "coordinates": [ [ [ -156.738362268240621, 21.171604506064909 ], [ -156.738712790376866, 21.171701922712497 ], [ -156.738456227345551, 21.171936063136389 ], [ -156.738362268240621, 21.171604506064909 ] ] ] } },
{ "type": "Feature", "properties": { "ID": 196, "GRIDCODE": 2 }, "geometry": { "type": "Polygon", "coordinates": [ [ [ -156.738077623147973, 21.171329790762464 ], [ -156.738366387057084, 21.171333654302217 ], [ -156.738362268240621, 21.171604506064909 ], [ -156.738073503806703, 21.171600642471088 ], [ -156.738077623147973, 21.171329790762464 ] ] ] } },
{ "type": "Feature", "properties": { "ID": 197, "GRIDCODE": 2 }, "geometry": { "type": "Polygon", "coordinates": [ [ [ -156.786915916661371, 21.169537992205193 ], [ -156.787809116287889, 21.16971371191698 ], [ -156.786886135515545, 21.172259767642707 ], [ -156.784733822768402, 21.173843496440032 ], [ -156.781223461349668, 21.17339432708917 ], [ -156.780273156729407, 21.173075288279414 ], [ -156.778597127223208, 21.173359436640382 ], [ -156.776351183863056, 21.174407535967656 ], [ -156.776009572830361, 21.174409589534282 ], [ -156.77376864575416, 21.173839324885019 ], [ -156.772585681937159, 21.173801054505827 ], [ -156.771661670341501, 21.17423221558089 ], [ -156.768781831561057, 21.174850603161261 ], [ -156.767109043027745, 21.175461476248138 ], [ -156.764724840582346, 21.175886727123551 ], [ -156.760751281866419, 21.174750887746885 ], [ -156.758966694876875, 21.174693041893025 ], [ -156.757089118982464, 21.174704117889782 ], [ -156.756367392178333, 21.174680716096937 ], [ -156.754943979948962, 21.17468906561902 ], [ -156.74482973065119, 21.173839454150897 ], [ -156.745375490607245, 21.173617825515286 ], [ -156.753078115370897, 21.174130656110428 ], [ -156.754787274183997, 21.174120628111719 ], [ -156.75724113473126, 21.174200230223036 ], [ -156.759803046148903, 21.174185193501827 ], [ -156.764795131884, 21.174850908488803 ], [ -156.76619247041387, 21.174550915631819 ], [ -156.767889269961159, 21.17403111272478 ], [ -156.76995874587098, 21.173787913715742 ], [ -156.773257371361353, 21.173304789002763 ], [ -156.776223535346503, 21.174059544337947 ], [ -156.779305125628156, 21.172621415133271 ], [ -156.780373383870511, 21.172294092864462 ], [ -156.781942509419764, 21.1720281007022 ], [ -156.784630901218321, 21.170622341459143 ], [ -156.786756843691506, 21.169689158526598 ], [ -156.786915916661371, 21.169537992205193 ] ], [ [ -156.784573482253819, 21.171674618677173 ], [ -156.784565412632844, 21.172216339335673 ], [ -156.78572051235588, 21.172231473661395 ], [ -156.78572857777786, 21.171689752579322 ], [ -156.784573482253819, 21.171674618677173 ] ] ] } },
{ "type": "Feature", "properties": { "ID": 198, "GRIDCODE": 2 }, "geometry": { "type": "Polygon", "coordinates": [ [ [ -156.944323581998646, 21.170170569251642 ], [ -156.944451511197968, 21.170588580191264 ], [ -156.944807394310885, 21.171535091130405 ], [ -156.944686533187507, 21.172748856985727 ], [ -156.944732386944196, 21.173390766467975 ], [ -156.945857372568327, 21.17492050795132 ], [ -156.946116987574669, 21.17548563955447 ], [ -156.94664912071093, 21.175927014928693 ], [ -156.948427760084058, 21.17549359255797 ], [ -156.949723821638798, 21.175258491450609 ], [ -156.949522770954701, 21.177278008771822 ], [ -156.949581229923638, 21.178091521935148 ], [ -156.94952229474174, 21.178683079608582 ], [ -156.951490414324979, 21.181103951238381 ], [ -156.952474998629867, 21.181530421250997 ], [ -156.953082887203209, 21.182209566357955 ], [ -156.952935885882312, 21.183686352327047 ], [ -156.953130441500434, 21.186397528946745 ], [ -156.954623760167777, 21.188849926679513 ], [ -156.954290042490186, 21.190200560864334 ], [ -156.954347132489346, 21.190992360907376 ], [ -156.953986056057488, 21.191276451827232 ], [ -156.954006181110458, 21.191556427848464 ], [ -156.95391746126171, 21.192447070151836 ], [ -156.955134753156159, 21.193456582964018 ], [ -156.9556330150441, 21.194541128258521 ], [ -156.956556638849776, 21.195099400066308 ], [ -156.956820050068188, 21.195393630109972 ], [ -156.9581365311995, 21.196189348356906 ], [ -156.959352937356584, 21.196548869888247 ], [ -156.960838984985514, 21.198209232003578 ], [ -156.961920900633856, 21.200990187015858 ], [ -156.962193036700114, 21.203857543067318 ], [ -156.963469404093786, 21.205343178059159 ], [ -156.965809826754423, 21.206208474514142 ], [ -156.969055521277596, 21.209088012882692 ], [ -156.970667520259639, 21.209683931471425 ], [ -156.972159180403878, 21.209320256060028 ], [ -156.972924161160336, 21.20776672832956 ], [ -156.974626342653011, 21.206426717593274 ], [ -156.974433237622179, 21.2037462521942 ], [ -156.9750668399912, 21.200215330110552 ], [ -156.976442985567701, 21.198610169472541 ], [ -156.977165237434292, 21.196892190086004 ], [ -156.977927860724236, 21.195647639815366 ], [ -156.978340989336033, 21.194418085134 ], [ -156.978821175947559, 21.192116030798545 ], [ -156.97944582661205, 21.190247045846263 ], [ -156.979761383155278, 21.186708515168501 ], [ -156.980211220928737, 21.18453877998467 ], [ -156.981567087218536, 21.182957065689902 ], [ -156.981853136855165, 21.182375873905404 ], [ -156.983194942930169, 21.182493163890086 ], [ -156.983867607412463, 21.18215160248641 ], [ -156.985881024839756, 21.181609125835617 ], [ -156.986773401272359, 21.181687096672025 ], [ -156.987457816062459, 21.181643719764441 ], [ -156.989372879527593, 21.180404158683093 ], [ -156.991716517341217, 21.180097648769959 ], [ -156.992565496639116, 21.179816686008028 ], [ -156.993588806900078, 21.179703421679609 ], [ -156.993285738724438, 21.180002580542023 ], [ -156.989367753130352, 21.181680146158655 ], [ -156.988150553354387, 21.182444544863856 ], [ -156.986750064903305, 21.183826814693798 ], [ -156.986172443220454, 21.184316102411529 ], [ -156.985615423465447, 21.185387398137664 ], [ -156.984680347525483, 21.1865012132514 ], [ -156.984367463883359, 21.187667359686106 ], [ -156.984392371869006, 21.188534978233253 ], [ -156.984340216765389, 21.189468221347209 ], [ -156.984644145197763, 21.190023712757821 ], [ -156.984628511769188, 21.190302733347075 ], [ -156.985044779467046, 21.191873864624636 ], [ -156.983571419241116, 21.192504724592315 ], [ -156.982477953296211, 21.197527840077328 ], [ -156.981243931502036, 21.19916458648057 ], [ -156.981657758735651, 21.200726963358775 ], [ -156.979603959198698, 21.201936044485791 ], [ -156.978973142033652, 21.204834063799584 ], [ -156.980956790597531, 21.206235238874786 ], [ -156.981437284563896, 21.20673424177086 ], [ -156.980356696105673, 21.207040874780468 ], [ -156.97990355625825, 21.208326508369915 ], [ -156.978882797603831, 21.209190737005191 ], [ -156.978355695214674, 21.20971095441152 ], [ -156.976842157595399, 21.21052098006319 ], [ -156.976397565029146, 21.21256315754481 ], [ -156.975684483539169, 21.213166927586173 ], [ -156.975068494847079, 21.214037107219188 ], [ -156.974101511903541, 21.213396052126306 ], [ -156.972470789368572, 21.21400142512136 ], [ -156.971977330024401, 21.213977108123302 ], [ -156.971734867907458, 21.214664368212102 ], [ -156.970510301356768, 21.21515652930427 ], [ -156.968898899989739, 21.214182916221656 ], [ -156.968425885440922, 21.213654534022059 ], [ -156.968142140543222, 21.213955392433068 ], [ -156.967555655825635, 21.213904079429874 ], [ -156.966505935778287, 21.213970481173117 ], [ -156.965483930234512, 21.213353058167467 ], [ -156.965584696086552, 21.212341968070938 ], [ -156.964839908882766, 21.211509930513458 ], [ -156.964114828997765, 21.211195987819149 ], [ -156.963622486689246, 21.210124497471337 ], [ -156.962351554201035, 21.209781803415225 ], [ -156.96182515532962, 21.209815136620549 ], [ -156.961267227698727, 21.20951444547751 ], [ -156.960690280396506, 21.209550935066172 ], [ -156.960407109405878, 21.209234576105967 ], [ -156.959825722657598, 21.208752422493308 ], [ -156.959542316672184, 21.207509085799281 ], [ -156.958714803390933, 21.206233837304413 ], [ -156.95811906526356, 21.205975807188736 ], [ -156.957855634427546, 21.205681577792568 ], [ -156.957315835026378, 21.205233919003387 ], [ -156.95725499310393, 21.204385651555366 ], [ -156.957745354849806, 21.202786148028547 ], [ -156.957330060521372, 21.201882131430082 ], [ -156.95676572890352, 21.201414000417667 ], [ -156.956741088166808, 21.201072255501739 ], [ -156.956768914015072, 21.200792859812527 ], [ -156.955550717180699, 21.199782682246003 ], [ -156.955933132064303, 21.199159054655777 ], [ -156.953878239420874, 21.196401011929474 ], [ -156.952180451028994, 21.194492294973678 ], [ -156.951369222208001, 21.192618262435378 ], [ -156.951097636298016, 21.191731388896891 ], [ -156.950155690864079, 21.190950087522157 ], [ -156.949289296610743, 21.188722158030924 ], [ -156.948851156887571, 21.188232650177106 ], [ -156.948542669744285, 21.187976822152265 ], [ -156.948571134209772, 21.187692805861893 ], [ -156.948197025899077, 21.185978189215103 ], [ -156.948322804942364, 21.184714143811568 ], [ -156.948293720295368, 21.184307389201461 ], [ -156.94837888876674, 21.18345097165307 ], [ -156.947874660336026, 21.18210995526254 ], [ -156.948149398098963, 21.179352816325995 ], [ -156.946678917730111, 21.17818170121447 ], [ -156.945578069806118, 21.177516124079965 ], [ -156.945253550447404, 21.176809708504088 ], [ -156.944724765081332, 21.176371147675717 ], [ -156.944384118710531, 21.175464575313967 ], [ -156.944099528078198, 21.173196870064967 ], [ -156.942272252904274, 21.171947894731684 ], [ -156.938972144000701, 21.171501889672317 ], [ -156.939561099929051, 21.170750639802236 ], [ -156.943295042623106, 21.171175782942999 ], [ -156.944009881140431, 21.170417514384376 ], [ -156.944323581998646, 21.170170569251642 ] ] ] } },
{ "type": "Feature", "properties": { "ID": 199, "GRIDCODE": 2 }, "geometry": { "type": "Polygon", "coordinates": [ [ [ -156.944323581998646, 21.170170569251642 ], [ -156.944427139449658, 21.169841494963251 ], [ -156.944676839448363, 21.17008212726904 ], [ -156.944323581998646, 21.170170569251642 ] ] ] } },
{ "type": "Feature", "properties": { "ID": 200, "GRIDCODE": 2 }, "geometry": { "type": "Polygon", "coordinates": [ [ [ -156.718030501219346, 21.160224195522655 ], [ -156.71782048548917, 21.160585719907434 ], [ -156.717077352094975, 21.160327338912694 ], [ -156.718030501219346, 21.160224195522655 ] ] ] } },
{ "type": "Feature", "properties": { "ID": 201, "GRIDCODE": 2 }, "geometry": { "type": "Polygon", "coordinates": [ [ [ -156.719478344312989, 21.15997282113868 ], [ -156.719474193559194, 21.160243669705409 ], [ -156.718030501219346, 21.160224195522655 ], [ -156.718034654595243, 21.159953347228559 ], [ -156.719478344312989, 21.15997282113868 ] ] ] } },
{ "type": "Feature", "properties": { "ID": 202, "GRIDCODE": 2 }, "geometry": { "type": "Polygon", "coordinates": [ [ [ -156.712837385246473, 21.159883139303492 ], [ -156.713187858374056, 21.159980605034601 ], [ -156.712931281231334, 21.160214705191532 ], [ -156.712837385246473, 21.159883139303492 ] ] ] } },
{ "type": "Feature", "properties": { "ID": 203, "GRIDCODE": 2 }, "geometry": { "type": "Polygon", "coordinates": [ [ [ -156.719478344312989, 21.15997282113868 ], [ -156.719644462375612, 21.159622938081469 ], [ -156.720136152994996, 21.159873156408668 ], [ -156.719478344312989, 21.15997282113868 ] ] ] } },
{ "type": "Feature", "properties": { "ID": 204, "GRIDCODE": 2 }, "geometry": { "type": "Polygon", "coordinates": [ [ [ -156.713707756497371, 21.159624004210158 ], [ -156.715537818216774, 21.159863883453724 ], [ -156.715613384388689, 21.16050803661717 ], [ -156.713833741340835, 21.159776172658219 ], [ -156.713707756497371, 21.159624004210158 ] ] ] } },
{ "type": "Feature", "properties": { "ID": 205, "GRIDCODE": 2 }, "geometry": { "type": "Polygon", "coordinates": [ [ [ -156.711975340088031, 21.15960057532747 ], [ -156.712841547995765, 21.159612291982853 ], [ -156.712837385246473, 21.159883139303492 ], [ -156.711971175765512, 21.15987142248407 ], [ -156.711975340088031, 21.15960057532747 ] ] ] } },
{ "type": "Feature", "properties": { "ID": 206, "GRIDCODE": 2 }, "geometry": { "type": "Polygon", "coordinates": [ [ [ -156.720352857096998, 21.159442802091672 ], [ -156.721316802353357, 21.159573519810497 ], [ -156.720543207480318, 21.159793853332829 ], [ -156.720352857096998, 21.159442802091672 ] ] ] } },
{ "type": "Feature", "properties": { "ID": 207, "GRIDCODE": 2 }, "geometry": { "type": "Polygon", "coordinates": [ [ [ -156.732488133628664, 21.159064128647788 ], [ -156.732322045255472, 21.159414027131874 ], [ -156.731830331937545, 21.159163842540259 ], [ -156.732488133628664, 21.159064128647788 ] ] ] } },
{ "type": "Feature", "properties": { "ID": 208, "GRIDCODE": 2 }, "geometry": { "type": "Polygon", "coordinates": [ [ [ -156.72267104676402, 21.158932223684488 ], [ -156.723333405782085, 21.159050931884064 ], [ -156.7228225592809, 21.159278252321364 ], [ -156.72267104676402, 21.158932223684488 ] ] ] } },
{ "type": "Feature", "properties": { "ID": 209, "GRIDCODE": 2 }, "geometry": { "type": "Polygon", "coordinates": [ [ [ -156.732780998926927, 21.158797148481238 ], [ -156.732776872624015, 21.159067999595269 ], [ -156.732488133628664, 21.159064128647788 ], [ -156.732492260455984, 21.158793277587957 ], [ -156.732780998926927, 21.158797148481238 ] ] ] } },
{ "type": "Feature", "properties": { "ID": 210, "GRIDCODE": 2 }, "geometry": { "type": "Polygon", "coordinates": [ [ [ -156.731337307226397, 21.158777789094678 ], [ -156.731687793884049, 21.158875217325647 ], [ -156.731431245074646, 21.15910934840177 ], [ -156.731337307226397, 21.158777789094678 ] ] ] } },
{ "type": "Feature", "properties": { "ID": 211, "GRIDCODE": 2 }, "geometry": { "type": "Polygon", "coordinates": [ [ [ -156.723541400344146, 21.158673035859817 ], [ -156.72389187999832, 21.158770479778905 ], [ -156.723635320322899, 21.159004597932284 ], [ -156.723541400344146, 21.158673035859817 ] ] ] } },
{ "type": "Feature", "properties": { "ID": 212, "GRIDCODE": 2 }, "geometry": { "type": "Polygon", "coordinates": [ [ [ -156.724123015257277, 21.158409958164157 ], [ -156.724473494813822, 21.158507400858173 ], [ -156.724216936460039, 21.158741520024854 ], [ -156.724123015257277, 21.158409958164157 ] ] ] } },
{ "type": "Feature", "properties": { "ID": 213, "GRIDCODE": 2 }, "geometry": { "type": "Polygon", "coordinates": [ [ [ -156.724993363922891, 21.158150762342217 ], [ -156.725343843641298, 21.15824820323018 ], [ -156.72508728701149, 21.15848232388878 ], [ -156.724993363922891, 21.158150762342217 ] ] ] } },
{ "type": "Feature", "properties": { "ID": 214, "GRIDCODE": 2 }, "geometry": { "type": "Polygon", "coordinates": [ [ [ -156.725863709967371, 21.157891561756689 ], [ -156.726214189847525, 21.157989000838629 ], [ -156.725957634941693, 21.158223122989057 ], [ -156.725863709967371, 21.157891561756689 ] ] ] } },
{ "type": "Feature", "properties": { "ID": 215, "GRIDCODE": 2 }, "geometry": { "type": "Polygon", "coordinates": [ [ [ -156.726734053390544, 21.157632356407753 ], [ -156.72769799641415, 21.157763037198563 ], [ -156.726924417696779, 21.157983401679772 ], [ -156.726734053390544, 21.157632356407753 ] ] ] } },
{ "type": "Feature", "properties": { "ID": 216, "GRIDCODE": 2 }, "geometry": { "type": "Polygon", "coordinates": [ [ [ -156.731337307226397, 21.158777789094678 ], [ -156.729778453745212, 21.158062145792201 ], [ -156.728055086670565, 21.157446001380478 ], [ -156.728598689387837, 21.15723358833257 ], [ -156.729794446967134, 21.157013657745541 ], [ -156.731541909371657, 21.155993624625012 ], [ -156.732259898506214, 21.155903844928076 ], [ -156.731503919119689, 21.157635021643692 ], [ -156.731337307226397, 21.158777789094678 ] ] ] } },
{ "type": "Feature", "properties": { "ID": 217, "GRIDCODE": 2 }, "geometry": { "type": "Polygon", "coordinates": [ [ [ -156.738077623147973, 21.171329790762464 ], [ -156.737210281469913, 21.17107207866562 ], [ -156.736029578951303, 21.169461982478524 ], [ -156.735599180976862, 21.168312669797388 ], [ -156.735967778524468, 21.164664334560612 ], [ -156.735682765784475, 21.160615568433094 ], [ -156.736219415404861, 21.16058234169703 ], [ -156.736926080950667, 21.160645107952032 ], [ -156.737091757184317, 21.159004885056714 ], [ -156.735754483318772, 21.158701000473034 ], [ -156.734785321944969, 21.157614978208237 ], [ -156.734144965448451, 21.157995696793769 ], [ -156.733803338070572, 21.158687037457636 ], [ -156.733500003583003, 21.15866008853169 ], [ -156.732780998926927, 21.158797148481238 ], [ -156.734279828202602, 21.156862089674995 ], [ -156.736160772162748, 21.155816081749034 ], [ -156.740161040094961, 21.155479019436651 ], [ -156.741588980213606, 21.157278369776222 ], [ -156.741682603128908, 21.160735941318823 ], [ -156.740691940643245, 21.16121088523046 ], [ -156.740099215321038, 21.161463555131341 ], [ -156.73980513597877, 21.162553572022276 ], [ -156.739501151480141, 21.162810098283796 ], [ -156.738937387288217, 21.163365010997172 ], [ -156.73775855982629, 21.164360582058784 ], [ -156.737731779578155, 21.164823397959339 ], [ -156.737764640279039, 21.166038090691771 ], [ -156.73693378257434, 21.166739888252089 ], [ -156.735967510137186, 21.168017793133888 ], [ -156.737190780783038, 21.170221861012127 ], [ -156.737660495789697, 21.170641783076263 ], [ -156.738077623147973, 21.171329790762464 ] ] ] } },
{ "type": "Feature", "properties": { "ID": 218, "GRIDCODE": 2 }, "geometry": { "type": "Polygon", "coordinates": [ [ [ -156.70286074545163, 21.132657663629772 ], [ -156.702524228725906, 21.133817728178343 ], [ -156.701567123203375, 21.134005466059381 ], [ -156.702233417643612, 21.132799681306398 ], [ -156.70286074545163, 21.132657663629772 ] ] ] } },
{ "type": "Feature", "properties": { "ID": 219, "GRIDCODE": 2 }, "geometry": { "type": "Polygon", "coordinates": [ [ [ -156.70286074545163, 21.132657663629772 ], [ -156.703127570505188, 21.131737925386791 ], [ -156.70396262023894, 21.131985895699209 ], [ -156.70286074545163, 21.132657663629772 ] ] ] } },
{ "type": "Feature", "properties": { "ID": 220, "GRIDCODE": 2 }, "geometry": { "type": "Polygon", "coordinates": [ [ [ -156.752057241942367, 21.106227041565944 ], [ -156.752407626348685, 21.106324417554525 ], [ -156.752151205861907, 21.106558592423312 ], [ -156.752057241942367, 21.106227041565944 ] ] ] } },
{ "type": "Feature", "properties": { "ID": 221, "GRIDCODE": 2 }, "geometry": { "type": "Polygon", "coordinates": [ [ [ -156.767228702498187, 21.095591094295187 ], [ -156.767579075701462, 21.095688437665338 ], [ -156.767322696687074, 21.095922639526314 ], [ -156.767228702498187, 21.095591094295187 ] ] ] } },
{ "type": "Feature", "properties": { "ID": 222, "GRIDCODE": 2 }, "geometry": { "type": "Polygon", "coordinates": [ [ [ -157.252894304551745, 21.091265539961473 ], [ -157.252791481937265, 21.091594860812847 ], [ -157.252541366445854, 21.091354653785885 ], [ -157.252894304551745, 21.091265539961473 ] ] ] } },
{ "type": "Feature", "properties": { "ID": 223, "GRIDCODE": 2 }, "geometry": { "type": "Polygon", "coordinates": [ [ [ -156.788783475119942, 21.082598704965676 ], [ -156.789445579820381, 21.082717129882916 ], [ -156.788935088451609, 21.082944617905024 ], [ -156.788783475119942, 21.082598704965676 ] ] ] } },
{ "type": "Feature", "properties": { "ID": 224, "GRIDCODE": 2 }, "geometry": { "type": "Polygon", "coordinates": [ [ [ -157.026067405909885, 21.083087409608979 ], [ -157.026063827245423, 21.083358314743911 ], [ -157.025775179751292, 21.0833549557785 ], [ -157.025778758938202, 21.083084050690747 ], [ -157.026067405909885, 21.083087409608979 ] ] ] } },
{ "type": "Feature", "properties": { "ID": 225, "GRIDCODE": 2 }, "geometry": { "type": "Polygon", "coordinates": [ [ [ -156.783336208981154, 21.080089368808533 ], [ -156.783232386856923, 21.080418322739057 ], [ -156.782983106874241, 21.080177484934772 ], [ -156.783336208981154, 21.080089368808533 ] ] ] } },
{ "type": "Feature", "properties": { "ID": 226, "GRIDCODE": 2 }, "geometry": { "type": "Polygon", "coordinates": [ [ [ -157.026359631023524, 21.082819862845465 ], [ -157.026356052938411, 21.083090768036776 ], [ -157.026067405909885, 21.083087409608979 ], [ -157.026070984517474, 21.08281650446483 ], [ -157.026359631023524, 21.082819862845465 ] ] ] } },
{ "type": "Feature", "properties": { "ID": 227, "GRIDCODE": 2 }, "geometry": { "type": "Polygon", "coordinates": [ [ [ -156.783913401604991, 21.080096909790569 ], [ -156.783336208981154, 21.080089368808533 ], [ -156.783630409470362, 21.079715280238258 ], [ -156.783913401604991, 21.080096909790569 ] ] ] } },
{ "type": "Feature", "properties": { "ID": 228, "GRIDCODE": 2 }, "geometry": { "type": "Polygon", "coordinates": [ [ [ -157.02665185509224, 21.082552315487963 ], [ -157.026648277586418, 21.082823220735666 ], [ -157.026359631023524, 21.082819862845465 ], [ -157.026363209051794, 21.082548957644928 ], [ -157.02665185509224, 21.082552315487963 ] ] ] } },
{ "type": "Feature", "properties": { "ID": 229, "GRIDCODE": 2 }, "geometry": { "type": "Polygon", "coordinates": [ [ [ -157.249509270267282, 21.084456329519512 ], [ -157.249678818528537, 21.084568690683373 ], [ -157.250038924957437, 21.085503344118283 ], [ -157.251623625669168, 21.08655461927011 ], [ -157.250562175156745, 21.086519992172725 ], [ -157.249615713392842, 21.085430705524843 ], [ -157.249509270267282, 21.084456329519512 ] ] ] } },
{ "type": "Feature", "properties": { "ID": 230, "GRIDCODE": 2 }, "geometry": { "type": "Polygon", "coordinates": [ [ [ -157.02665185509224, 21.082552315487963 ], [ -157.026956213410642, 21.081493764829787 ], [ -157.028525689480972, 21.080295923548068 ], [ -157.029043341812866, 21.080634403957987 ], [ -157.028132328088248, 21.081840566229545 ], [ -157.027112781067871, 21.082447075078395 ], [ -157.02665185509224, 21.082552315487963 ] ] ] } },
{ "type": "Feature", "properties": { "ID": 231, "GRIDCODE": 2 }, "geometry": { "type": "Polygon", "coordinates": [ [ [ -156.809520496733739, 21.066070767147831 ], [ -156.809870838894113, 21.06616801973826 ], [ -156.809614575143428, 21.06640229661819 ], [ -156.809520496733739, 21.066070767147831 ] ] ] } },
{ "type": "Feature", "properties": { "ID": 232, "GRIDCODE": 2 }, "geometry": { "type": "Polygon", "coordinates": [ [ [ -156.836249830993552, 21.053951141198024 ], [ -156.836245914288526, 21.054222014676224 ], [ -156.835957357722179, 21.054218337718019 ], [ -156.835961274948517, 21.053947464291522 ], [ -156.836249830993552, 21.053951141198024 ] ] ] } },
{ "type": "Feature", "properties": { "ID": 233, "GRIDCODE": 2 }, "geometry": { "type": "Polygon", "coordinates": [ [ [ -156.836249830993552, 21.053951141198024 ], [ -156.836353515449929, 21.053622142083061 ], [ -156.836602849155838, 21.053862905771528 ], [ -156.836249830993552, 21.053951141198024 ] ] ] } },
{ "type": "Feature", "properties": { "ID": 234, "GRIDCODE": 2 }, "geometry": { "type": "Polygon", "coordinates": [ [ [ -156.892853777128778, 21.051411762048172 ], [ -156.893142339025388, 21.051415341915412 ], [ -156.893134712435767, 21.05195710918407 ], [ -156.892846149496478, 21.051953529216156 ], [ -156.892853777128778, 21.051411762048172 ] ] ] } },
{ "type": "Feature", "properties": { "ID": 235, "GRIDCODE": 2 }, "geometry": { "type": "Polygon", "coordinates": [ [ [ -156.892572843725162, 21.050866414586995 ], [ -156.892861404518499, 21.050869994843026 ], [ -156.892853777128778, 21.051411762048172 ], [ -156.892565215292819, 21.05140818169145 ], [ -156.892572843725162, 21.050866414586995 ] ] ] } },
{ "type": "Feature", "properties": { "ID": 236, "GRIDCODE": 2 }, "geometry": { "type": "Polygon", "coordinates": [ [ [ -156.89228809763901, 21.050591950325675 ], [ -156.892576657850384, 21.050595531020829 ], [ -156.892572843725162, 21.050866414586995 ], [ -156.892284282992506, 21.050862833841496 ], [ -156.89228809763901, 21.050591950325675 ] ] ] } },
{ "type": "Feature", "properties": { "ID": 237, "GRIDCODE": 2 }, "geometry": { "type": "Polygon", "coordinates": [ [ [ -156.890575825606106, 21.04921603966892 ], [ -156.891033592191491, 21.049332318878513 ], [ -156.892072402338954, 21.049757298837125 ], [ -156.89228809763901, 21.050591950325675 ], [ -156.890931272543412, 21.049713103035149 ], [ -156.890575825606106, 21.04921603966892 ] ] ] } },
{ "type": "Feature", "properties": { "ID": 238, "GRIDCODE": 2 }, "geometry": { "type": "Polygon", "coordinates": [ [ [ -156.880791760238168, 21.047197742489207 ], [ -156.880787925471566, 21.047468624096997 ], [ -156.880434939934219, 21.047556955011341 ], [ -156.880684341714726, 21.047797659289422 ], [ -156.880787925471566, 21.047468624096997 ], [ -156.881159549847069, 21.047337795310128 ], [ -156.880791760238168, 21.047197742489207 ], [ -156.881489870802255, 21.046401334683679 ], [ -156.881797975505094, 21.047114382716465 ], [ -156.882289254976513, 21.046554042942258 ], [ -156.883558673923545, 21.046811557369569 ], [ -156.883489440906203, 21.047282969868654 ], [ -156.884975901988184, 21.04907522925248 ], [ -156.888323208601633, 21.048525672046889 ], [ -156.890449728743135, 21.049064059470286 ], [ -156.890575825606106, 21.04921603966892 ], [ -156.889315345306528, 21.049341402391107 ], [ -156.890953518712166, 21.050274555068999 ], [ -156.891448494568834, 21.051491025537604 ], [ -156.891859501939109, 21.051785976024945 ], [ -156.892101420392095, 21.052099596658426 ], [ -156.892935524299105, 21.052612121738647 ], [ -156.893134712435767, 21.05195710918407 ], [ -156.893279942611258, 21.052091730416365 ], [ -156.893528479490243, 21.054538483345961 ], [ -156.894452616315704, 21.055123820419581 ], [ -156.896842412670821, 21.055107662331004 ], [ -156.897563642059538, 21.055130483750688 ], [ -156.897872585690976, 21.055128355342081 ], [ -156.898738174036538, 21.054304710051156 ], [ -156.900327974913495, 21.054354800828353 ], [ -156.900918510240643, 21.055536712547337 ], [ -156.902246590477318, 21.056162059544437 ], [ -156.90366396292859, 21.055726069436865 ], [ -156.904764625912378, 21.054678678340593 ], [ -156.905518040882839, 21.054415849293701 ], [ -156.905057673730539, 21.055228127262499 ], [ -156.905061956545836, 21.055787904166003 ], [ -156.906236679785934, 21.056315947213793 ], [ -156.907365018723482, 21.055787858499791 ], [ -156.907944545780651, 21.055806111672183 ], [ -156.909357355583751, 21.055796391709375 ], [ -156.910506654715192, 21.056370130680076 ], [ -156.912424511863463, 21.056687406656764 ], [ -156.914262700695161, 21.056674805616225 ], [ -156.91485247981916, 21.056969122088759 ], [ -156.915934777369671, 21.0574786357272 ], [ -156.91750099395631, 21.058396643104789 ], [ -156.91914981753186, 21.059172774297004 ], [ -156.924058845592469, 21.059515045180291 ], [ -156.925780880651956, 21.059812317807619 ], [ -156.929534440160722, 21.060123775924769 ], [ -156.932334771963042, 21.060697789037263 ], [ -156.935006356321253, 21.061003224183217 ], [ -156.936152786924453, 21.061387187859292 ], [ -156.941727730125564, 21.062734805377168 ], [ -156.94639563388759, 21.063327653482315 ], [ -156.947527482452756, 21.063319645240295 ], [ -156.949083907500295, 21.063368353828835 ], [ -156.951307629427504, 21.065098091831501 ], [ -156.953298991162285, 21.066034677653541 ], [ -156.955191284973381, 21.066405152201927 ], [ -156.956433387714668, 21.0663964297737 ], [ -156.957501840761353, 21.066429662851274 ], [ -156.959741848047031, 21.066997288882998 ], [ -156.960898280504495, 21.067276832395283 ], [ -156.962226245186173, 21.067939171533119 ], [ -156.964680496333756, 21.068405984854703 ], [ -156.966384380541939, 21.067607767631699 ], [ -156.966345396566993, 21.068712491627053 ], [ -156.96724208911175, 21.069542006099649 ], [ -156.969061176827068, 21.070120348050438 ], [ -156.971487388669573, 21.070102927822667 ], [ -156.973026204907285, 21.070417918579611 ], [ -156.974875896164832, 21.070404544258757 ], [ -156.976956500136197, 21.070763271218194 ], [ -156.977883804060269, 21.070189443707665 ], [ -156.978802036631919, 21.069639712661953 ], [ -156.979333908418823, 21.069685998953858 ], [ -156.97818392521134, 21.070696932832004 ], [ -156.979709191621822, 21.072517226796602 ], [ -156.981027613741901, 21.072936286426515 ], [ -156.981595486913079, 21.07321927487839 ], [ -156.982174779434786, 21.073491813689639 ], [ -156.984225261683321, 21.075085872686497 ], [ -156.986603259567232, 21.07574595009487 ], [ -156.988861032384023, 21.076501411341791 ], [ -156.991655621526178, 21.07685559399625 ], [ -156.99308578392467, 21.07741969317123 ], [ -156.994819640568238, 21.077705843477222 ], [ -156.995964825016102, 21.077995608297961 ], [ -156.997738157937619, 21.07828219580496 ], [ -156.999142510000553, 21.076944573569467 ], [ -157.000887219863358, 21.076883775641747 ], [ -156.999711295537793, 21.077226589237576 ], [ -156.998833788310719, 21.078062808703045 ], [ -156.998842882614525, 21.079173281882984 ], [ -157.000893990557643, 21.079960681909167 ], [ -157.002767507754896, 21.079946894791185 ], [ -157.004306235178717, 21.080261479165859 ], [ -157.008195476586252, 21.080902785821618 ], [ -157.011906295969226, 21.082752435814267 ], [ -157.013223723846522, 21.083070302063881 ], [ -157.014654041526995, 21.083634230125696 ], [ -157.01623996290553, 21.084242963295299 ], [ -157.017916770236155, 21.08507857666449 ], [ -157.022906157301747, 21.085709918765012 ], [ -157.025775179751292, 21.0833549557785 ], [ -157.025638569205967, 21.0837723542836 ], [ -157.023591594141067, 21.085896773617733 ], [ -157.025394657709057, 21.08733825811413 ], [ -157.026734480169921, 21.087225786083671 ], [ -157.027692821259592, 21.087328747558651 ], [ -157.028027153457174, 21.08771629995449 ], [ -157.027738497204382, 21.087712943668151 ], [ -157.027734920708951, 21.087983848929209 ], [ -157.027381895928357, 21.08807248456236 ], [ -157.027631615951464, 21.088312996387057 ], [ -157.027734920708951, 21.087983848929209 ], [ -157.028023577484419, 21.087987205262678 ], [ -157.028027153457174, 21.08771629995449 ], [ -157.028176053427586, 21.087585203575532 ], [ -157.028476994432367, 21.087298571688706 ], [ -157.029504879937207, 21.088327890766081 ], [ -157.030867308572311, 21.090543439956846 ], [ -157.033297319575922, 21.093329267988164 ], [ -157.033268857080543, 21.094141779946359 ], [ -157.033860107872584, 21.094419583867271 ], [ -157.034765428740116, 21.09487050064536 ], [ -157.03760214615707, 21.095275775042104 ], [ -157.038170224743368, 21.095558588480902 ], [ -157.03910606364056, 21.095855708284095 ], [ -157.040767765752292, 21.095843165441437 ], [ -157.04192217332556, 21.095878594461322 ], [ -157.043365908596201, 21.09586761015159 ], [ -157.044522573813964, 21.095903047543374 ], [ -157.046377466832325, 21.095628079030856 ], [ -157.047749456034381, 21.095670208634278 ], [ -157.049905332438669, 21.096744151479687 ], [ -157.054846063875146, 21.098731818965241 ], [ -157.055168373408009, 21.098729430741077 ], [ -157.056942435578009, 21.099034348909001 ], [ -157.058039482875756, 21.099580616159837 ], [ -157.060871546632882, 21.099902240468623 ], [ -157.062199262326999, 21.09949260594961 ], [ -157.062941765895829, 21.100049872225764 ], [ -157.062070589188693, 21.100434302710472 ], [ -157.06178539079545, 21.100596682044543 ], [ -157.062746238004223, 21.101254876891609 ], [ -157.063338832968071, 21.099610144532111 ], [ -157.065003154194216, 21.09966103276312 ], [ -157.066115649676192, 21.100214835015841 ], [ -157.068173647418718, 21.100785096270929 ], [ -157.068709715331096, 21.100780884622278 ], [ -157.071955816289403, 21.100880014776749 ], [ -157.075190745233385, 21.101540176365148 ], [ -157.078799778336219, 21.102054753342703 ], [ -157.08047931821136, 21.101671054676061 ], [ -157.085023984074041, 21.101809507395803 ], [ -157.087165931104209, 21.102350459634053 ], [ -157.087457234383606, 21.102348189735544 ], [ -157.088494477460699, 21.102379734095496 ], [ -157.091136814643903, 21.10209304267406 ], [ -157.092090033509123, 21.102411242936345 ], [ -157.092656568292654, 21.102406769466938 ], [ -157.093464241452807, 21.103214958460406 ], [ -157.094236729514563, 21.103577287946226 ], [ -157.09792586741483, 21.103548074035707 ], [ -157.100457117709766, 21.101134289726563 ], [ -157.101077058068398, 21.100588607992176 ], [ -157.102519331539554, 21.100632275598187 ], [ -157.10313855710416, 21.101251765563909 ], [ -157.104996836016653, 21.101732431516922 ], [ -157.106532440207275, 21.100665766611801 ], [ -157.107429895400031, 21.100269353753315 ], [ -157.111690491136528, 21.101000339683264 ], [ -157.112037348607629, 21.100997587643132 ], [ -157.113410742227472, 21.099687464685545 ], [ -157.114614406395191, 21.099155897845339 ], [ -157.118122164631302, 21.098902478932789 ], [ -157.118690673724615, 21.098360258370782 ], [ -157.119547576524326, 21.098919220588723 ], [ -157.121377707271137, 21.099219727955614 ], [ -157.122313369657178, 21.099212232029569 ], [ -157.123641067029041, 21.098389051987802 ], [ -157.125328689977124, 21.09764353363682 ], [ -157.125729365612273, 21.097261371546431 ], [ -157.126493233139058, 21.097641322822962 ], [ -157.127317360787316, 21.098028022445188 ], [ -157.128946097984283, 21.097524858611049 ], [ -157.130258659469291, 21.097140970319824 ], [ -157.13211803018234, 21.096457076446722 ], [ -157.133156942973784, 21.09581281810102 ], [ -157.134031970059226, 21.095556782494274 ], [ -157.137252610954647, 21.094217549209084 ], [ -157.140101344078971, 21.093598937351146 ], [ -157.146206168649712, 21.093043949527324 ], [ -157.148562781894668, 21.091406089234212 ], [ -157.14922507040913, 21.092068096425464 ], [ -157.149773411132401, 21.09257419339837 ], [ -157.155831215962451, 21.093196918476472 ], [ -157.157490163773815, 21.09281697549816 ], [ -157.158890139162281, 21.09285903810844 ], [ -157.16005205162071, 21.092313317981375 ], [ -157.161125389604933, 21.091838867943004 ], [ -157.167269188496391, 21.092396758158738 ], [ -157.172496175098814, 21.092718836175052 ], [ -157.173623731128799, 21.092189055543269 ], [ -157.175076062587294, 21.091939018153635 ], [ -157.177140615434098, 21.09112702737 ], [ -157.180580953763808, 21.091229858294987 ], [ -157.184211841189949, 21.09068860409004 ], [ -157.185520201520603, 21.091541566540865 ], [ -157.190860805005002, 21.091496346757822 ], [ -157.193879851696124, 21.091045998814103 ], [ -157.194461889425668, 21.091063442241186 ], [ -157.197319323673071, 21.090545818825781 ], [ -157.199926375263743, 21.090307834066422 ], [ -157.202574677904522, 21.089827989611074 ], [ -157.206679764098993, 21.090435474005783 ], [ -157.207718698477805, 21.090114097236167 ], [ -157.208644809100633, 21.089842725625175 ], [ -157.209745470031862, 21.089875516223689 ], [ -157.21133363384638, 21.089861841156445 ], [ -157.21482081172897, 21.089965396345189 ], [ -157.222137777437808, 21.089604175804297 ], [ -157.223898349779688, 21.089200421930826 ], [ -157.226505368354566, 21.088962023684662 ], [ -157.228812538779493, 21.088709869224559 ], [ -157.231708238335216, 21.088474404101287 ], [ -157.23626813853511, 21.087945670015493 ], [ -157.238495970778075, 21.088011556390011 ], [ -157.242772337899481, 21.087974011671609 ], [ -157.244017356127813, 21.086784600371676 ], [ -157.247966311655148, 21.084825954807776 ], [ -157.24849106809765, 21.084870802092883 ], [ -157.247907588417746, 21.085385551552925 ], [ -157.246454061469507, 21.086710706452891 ], [ -157.250786473267823, 21.087061868512215 ], [ -157.250768751363097, 21.087588150257066 ], [ -157.251970479709286, 21.087876274251467 ], [ -157.254643185655084, 21.087852591818898 ], [ -157.255959184066199, 21.088183541805002 ], [ -157.257693893320067, 21.088467049675522 ], [ -157.260747107527635, 21.089086639876989 ], [ -157.263314379352181, 21.089063725354123 ], [ -157.263941254367069, 21.089082182995941 ], [ -157.267067579041623, 21.089966106768376 ], [ -157.269885351076141, 21.090641215352541 ], [ -157.274518835795476, 21.091114196578975 ], [ -157.276991684929669, 21.091092100736073 ], [ -157.278056308911687, 21.091785246439013 ], [ -157.281034740105525, 21.092498852899375 ], [ -157.283711396519323, 21.093171513524332 ], [ -157.285457516171448, 21.092349388089865 ], [ -157.286027064545948, 21.092917870094922 ], [ -157.287979371277288, 21.09366332416478 ], [ -157.290258539651802, 21.093642654090026 ], [ -157.294420533446157, 21.093764347469502 ], [ -157.295743938087497, 21.093460233078552 ], [ -157.297813054106655, 21.093215328714603 ], [ -157.299645169618941, 21.093824486042532 ], [ -157.302316226171712, 21.09514976888293 ], [ -157.304127416222627, 21.095445220086258 ], [ -157.305480830859409, 21.096795644753634 ], [ -157.30728470722633, 21.097639297859892 ], [ -157.308423190718429, 21.098774927719194 ], [ -157.308954065855005, 21.099830263818411 ], [ -157.310663114454485, 21.101782520353442 ], [ -157.30720738208484, 21.104832542049028 ], [ -157.306871028467327, 21.105770989712926 ], [ -157.306567490980399, 21.10657559846582 ], [ -157.306260336144391, 21.107972007832995 ], [ -157.304829766702397, 21.109234529382725 ], [ -157.302893796703501, 21.111738234424116 ], [ -157.301876195827077, 21.113308388079233 ], [ -157.301578782092008, 21.11357109207383 ], [ -157.300332476301691, 21.115014038723373 ], [ -157.29893433527667, 21.119481576803871 ], [ -157.298337039074852, 21.120541490232679 ], [ -157.299753099553186, 21.122224039962621 ], [ -157.300298516996804, 21.12455286004116 ], [ -157.298847161093107, 21.125195620039218 ], [ -157.298540490990149, 21.125772532515274 ], [ -157.298548539314282, 21.126550214993532 ], [ -157.298535159366281, 21.126956545116759 ], [ -157.298539263798347, 21.127363050862201 ], [ -157.29852414710686, 21.127822685497094 ], [ -157.29711570553107, 21.12823590000523 ], [ -157.296068388503869, 21.129700055623587 ], [ -157.296510121665449, 21.130954455811462 ], [ -157.296450264962118, 21.132761573136463 ], [ -157.296455634519219, 21.133303579061607 ], [ -157.295276892792856, 21.133825530778495 ], [ -157.294081884484029, 21.134387995935565 ], [ -157.29329109373478, 21.135143865858989 ], [ -157.2916758665354, 21.136242241077468 ], [ -157.290925846244733, 21.136220316019099 ], [ -157.29063353218973, 21.13677029748257 ], [ -157.28974051207669, 21.137165690943679 ], [ -157.289175489172436, 21.137981640152038 ], [ -157.290241598458095, 21.138480112404253 ], [ -157.290871571061444, 21.140706538079861 ], [ -157.289134211933771, 21.141085328926454 ], [ -157.288846243901276, 21.141500987201653 ], [ -157.290474340776342, 21.142262419997682 ], [ -157.290845023855383, 21.14302067267467 ], [ -157.289945989529656, 21.143813800100798 ], [ -157.289198188346035, 21.143791887627295 ], [ -157.288796054951831, 21.144912738627387 ], [ -157.28880412549475, 21.145683470943599 ], [ -157.288497466071618, 21.14622741370825 ], [ -157.288063271604869, 21.147044282069505 ], [ -157.287624507201144, 21.147031441466218 ], [ -157.286843636863097, 21.147038490136911 ], [ -157.286417282550445, 21.14822716275927 ], [ -157.285166070425248, 21.148978721240805 ], [ -157.283308135067188, 21.150753962885197 ], [ -157.282943781098254, 21.152408989539477 ], [ -157.282324335069632, 21.153507966331237 ], [ -157.281186216710637, 21.154011629203438 ], [ -157.281191806754833, 21.154553699603031 ], [ -157.280710737769482, 21.154978029862299 ], [ -157.278878122535815, 21.154258941319291 ], [ -157.27851023884412, 21.154262277305957 ], [ -157.278925419707065, 21.155853243910617 ], [ -157.277978079841802, 21.156688675814621 ], [ -157.277115270735067, 21.158311618420676 ], [ -157.2765179916058, 21.158294089515767 ], [ -157.275940196771813, 21.158299249960656 ], [ -157.275076709002121, 21.158273908760851 ], [ -157.274781404618523, 21.158829316013701 ], [ -157.274131292835904, 21.159402537417659 ], [ -157.272828356425663, 21.159979213418833 ], [ -157.272461361608521, 21.159613132554025 ], [ -157.271966492308849, 21.159157228808372 ], [ -157.27048698163955, 21.15985314687433 ], [ -157.266469676291536, 21.162947255584477 ], [ -157.26548460192646, 21.16388813782704 ], [ -157.264144922435207, 21.165069354609525 ], [ -157.263142703241783, 21.166026451794423 ], [ -157.258752002486261, 21.169733415957101 ], [ -157.254415796537813, 21.173874657871107 ], [ -157.251393776561315, 21.177370007455327 ], [ -157.250663553556763, 21.17874290318596 ], [ -157.251575403445116, 21.179583108758361 ], [ -157.252023818298397, 21.180030387990872 ], [ -157.251979169096813, 21.181356395107994 ], [ -157.252264751086841, 21.18216749481892 ], [ -157.252255613830414, 21.182440751734706 ], [ -157.252258227776792, 21.18272239950333 ], [ -157.251055692622657, 21.183254346788747 ], [ -157.250161331764843, 21.183227955135091 ], [ -157.248577121189385, 21.185669388319539 ], [ -157.247833763090426, 21.190400004815384 ], [ -157.249553199318484, 21.191623098052052 ], [ -157.249516328333129, 21.192717111628653 ], [ -157.248956718345028, 21.192700595383506 ], [ -157.24823778879815, 21.193704711845758 ], [ -157.247774760217055, 21.195403587818138 ], [ -157.247473604087304, 21.195937175412844 ], [ -157.24747630315801, 21.196210686205173 ], [ -157.247458343513216, 21.196752437687188 ], [ -157.24746624706637, 21.19756542634498 ], [ -157.247434432581429, 21.198516133435579 ], [ -157.248312499719475, 21.198926932167556 ], [ -157.247992283456881, 21.200047245304589 ], [ -157.248005244335758, 21.201364582043077 ], [ -157.247964309362857, 21.202586163171262 ], [ -157.249087953734403, 21.203111837129384 ], [ -157.247612135253291, 21.203544064512993 ], [ -157.24709420835174, 21.20410464064474 ], [ -157.248237598089503, 21.205157842989696 ], [ -157.248548014185275, 21.20546762276922 ], [ -157.250247270319278, 21.206262554666548 ], [ -157.250527228417127, 21.206547406043377 ], [ -157.249950640849448, 21.206530383371419 ], [ -157.249665981113225, 21.206548734620622 ], [ -157.250554258240811, 21.207366811415518 ], [ -157.249651290532995, 21.207340120945378 ], [ -157.249076388854434, 21.20753884235442 ], [ -157.251383659064913, 21.208991756555598 ], [ -157.252291382887393, 21.210796721869343 ], [ -157.254360554568621, 21.212370182084285 ], [ -157.257095549085335, 21.213649557487813 ], [ -157.258070237729299, 21.214133153114947 ], [ -157.258613777396164, 21.215213840763059 ], [ -157.258119607036946, 21.215649398263313 ], [ -157.259726945430771, 21.217558927758922 ], [ -157.259038449440737, 21.219379284029529 ], [ -157.257883288155512, 21.219890051869641 ], [ -157.25788874656314, 21.220434693067652 ], [ -157.25787081496955, 21.220976446599913 ], [ -157.257873529272246, 21.221250023954731 ], [ -157.257575530889767, 21.221512624349572 ], [ -157.257228635634448, 21.222478140967411 ], [ -157.255038952289254, 21.222954781455158 ], [ -157.254666080631324, 21.223655735585545 ], [ -157.253098436360972, 21.224176026962766 ], [ -157.2492985193972, 21.221961291244099 ], [ -157.24861153632412, 21.221967327712374 ], [ -157.247756786466795, 21.221410961402505 ], [ -157.247107053126115, 21.22110691636297 ], [ -157.245246228824584, 21.221123169123373 ], [ -157.244308604645596, 21.219749316317184 ], [ -157.243722032913865, 21.219474891624177 ], [ -157.24434316930089, 21.21921316473189 ], [ -157.24545868923758, 21.219766701199955 ], [ -157.246328039542163, 21.22004128020134 ], [ -157.246794679057984, 21.220506761010974 ], [ -157.249562564062018, 21.221563862344588 ], [ -157.250631015166647, 21.222259110391004 ], [ -157.252119574243778, 21.223108610103527 ], [ -157.253545767943706, 21.223096120737797 ], [ -157.254387483001949, 21.222292584766326 ], [ -157.255269805662095, 21.221514933315142 ], [ -157.255266936307805, 21.221206954239697 ], [ -157.254117593493646, 21.220669404102715 ], [ -157.253797803201621, 21.219378067110611 ], [ -157.252687482074833, 21.219027401504196 ], [ -157.253272932041796, 21.218511502482073 ], [ -157.25386829769073, 21.217296450300708 ], [ -157.251364183090061, 21.215867389696832 ], [ -157.251896232370598, 21.214924906626926 ], [ -157.251874590583554, 21.212760966932052 ], [ -157.250541781538743, 21.212137414239876 ], [ -157.249878777486657, 21.212770256012508 ], [ -157.249176190821316, 21.212069142922903 ], [ -157.248301577204728, 21.211263438413003 ], [ -157.247881536657786, 21.210844489843719 ], [ -157.247588419196546, 21.210574580644895 ], [ -157.24801834249854, 21.209438606269501 ], [ -157.247603646726219, 21.208662941875371 ], [ -157.244742512569303, 21.208687997962777 ], [ -157.244327299825727, 21.20786224236047 ], [ -157.2458275214031, 21.207422957404383 ], [ -157.24618929715021, 21.206848592109534 ], [ -157.245021174300803, 21.20647968468392 ], [ -157.244460874710683, 21.205920545207587 ], [ -157.242853105116325, 21.205934650362146 ], [ -157.243668490689828, 21.204489986699944 ], [ -157.242658009907672, 21.203058346554609 ], [ -157.243234059598535, 21.201044051728424 ], [ -157.242809734911077, 21.199416540014639 ], [ -157.242549284712027, 21.197485165537199 ], [ -157.243139532906127, 21.196439318425227 ], [ -157.243432654000287, 21.195608225763635 ], [ -157.242794856560408, 21.195020756786288 ], [ -157.243493212461516, 21.192848628051159 ], [ -157.243460204557181, 21.189530242261934 ], [ -157.243569036566242, 21.186289870449446 ], [ -157.244204735716096, 21.184066474225407 ], [ -157.246223346352053, 21.180489021590301 ], [ -157.246195221658439, 21.17765883410247 ], [ -157.246865610240661, 21.175572787448075 ], [ -157.249500335685553, 21.172389468119945 ], [ -157.254541480403589, 21.167394893541644 ], [ -157.263604196820665, 21.159404823339798 ], [ -157.267157531179407, 21.156567209073348 ], [ -157.269508827579045, 21.155155241333805 ], [ -157.271940240425891, 21.154735726614085 ], [ -157.272803065666409, 21.154329940620755 ], [ -157.273682621106104, 21.153940594882798 ], [ -157.274448928009292, 21.15217471587999 ], [ -157.276060853885269, 21.150412619571789 ], [ -157.278642760006534, 21.149655554074091 ], [ -157.279409191074109, 21.148213546597756 ], [ -157.284197184470713, 21.143292333355543 ], [ -157.284933744504258, 21.135615459805347 ], [ -157.28783338526091, 21.132634774224254 ], [ -157.290070120293734, 21.131644393335989 ], [ -157.291220892836037, 21.130929482849339 ], [ -157.291593269467626, 21.128609439393959 ], [ -157.292265463748407, 21.126828943625245 ], [ -157.293679144930962, 21.125119623430269 ], [ -157.294440970304606, 21.123685420631997 ], [ -157.293975165792205, 21.121900266903452 ], [ -157.293717565227468, 21.119666222004874 ], [ -157.294871572889065, 21.116610569554734 ], [ -157.295540121968969, 21.114473566021793 ], [ -157.296156346221892, 21.112841996147804 ], [ -157.29815643906187, 21.110290328558005 ], [ -157.298737613812278, 21.109477940292429 ], [ -157.300181748568349, 21.107524009218373 ], [ -157.301821321513842, 21.105540795349178 ], [ -157.303001304204656, 21.102654952727306 ], [ -157.304189314352783, 21.101218009668742 ], [ -157.302595963312655, 21.100308685840147 ], [ -157.301741650867598, 21.099752883344117 ], [ -157.300154185574996, 21.0991467265344 ], [ -157.297754789149934, 21.097956182985907 ], [ -157.295587733791194, 21.097437314195663 ], [ -157.294767262243738, 21.097823489839392 ], [ -157.29280756040896, 21.097766193627884 ], [ -157.29179587933055, 21.098079774068903 ], [ -157.290759300571722, 21.097735106261194 ], [ -157.289731643633417, 21.097744458663108 ], [ -157.288771161264947, 21.097699176101198 ], [ -157.289360648626484, 21.096652974204115 ], [ -157.289627943124714, 21.095571765247961 ], [ -157.288500710877315, 21.096102344507795 ], [ -157.286100434427254, 21.096353046908131 ], [ -157.285033494554909, 21.096321883630857 ], [ -157.283871938138077, 21.096868490343134 ], [ -157.282968662333445, 21.097268588188172 ], [ -157.283018592974713, 21.095770789236727 ], [ -157.282730130325575, 21.095231077230963 ], [ -157.282453351089686, 21.094680898171255 ], [ -157.28161410008795, 21.09468840585788 ], [ -157.280614370158105, 21.094355960048219 ], [ -157.278984517485725, 21.094652080975411 ], [ -157.277386586704949, 21.093720257385765 ], [ -157.273536499826918, 21.094208368677617 ], [ -157.271348418215808, 21.094886404710607 ], [ -157.267583342119337, 21.094775873049645 ], [ -157.263696673454604, 21.09367710284755 ], [ -157.262250593856038, 21.093396610140491 ], [ -157.262110667464412, 21.093257043324432 ], [ -157.262463606014478, 21.093167909510473 ], [ -157.262213471400912, 21.092927715534973 ], [ -157.262110667464412, 21.093257043324432 ], [ -157.260919314889946, 21.093428213993139 ], [ -157.260392930725942, 21.09095362383707 ], [ -157.25966194506185, 21.091182167812416 ], [ -157.259092653207944, 21.091496518183924 ], [ -157.25868575135928, 21.090990352606376 ], [ -157.258172795132907, 21.091769028552239 ], [ -157.258361540572139, 21.093065630834449 ], [ -157.255596443186676, 21.092541707361292 ], [ -157.255703941550252, 21.091908117424374 ], [ -157.255495771729727, 21.091021345327906 ], [ -157.255848707754126, 21.090932225171642 ], [ -157.255598588013896, 21.090692022372814 ], [ -157.255495771729727, 21.091021345327906 ], [ -157.255042735623789, 21.091134706266939 ], [ -157.254778815138536, 21.091448346116646 ], [ -157.253914201489323, 21.091119122334451 ], [ -157.252894304551745, 21.091265539961473 ], [ -157.252760407181455, 21.090852541690396 ], [ -157.252378854996579, 21.090157948243686 ], [ -157.253073154455194, 21.089233103149031 ], [ -157.252131467762808, 21.088648511376078 ], [ -157.250764083432756, 21.088685222800823 ], [ -157.249568127107381, 21.087446894264289 ], [ -157.248753438302458, 21.087840841980867 ], [ -157.247569147239631, 21.088350443856971 ], [ -157.24762064127313, 21.090042037154827 ], [ -157.246102088651185, 21.088855922490872 ], [ -157.244965140991695, 21.088886369350686 ], [ -157.244981623826675, 21.089427424910451 ], [ -157.24399153356481, 21.090013103319677 ], [ -157.243232668176432, 21.090764838457652 ], [ -157.242900415933292, 21.090749091817365 ], [ -157.24237364109851, 21.090203278521194 ], [ -157.241841323208291, 21.089937110193173 ], [ -157.241368613861226, 21.092128294310022 ], [ -157.239314784519507, 21.092030509446829 ], [ -157.238015066208106, 21.092065436793764 ], [ -157.237437922069574, 21.092037873178533 ], [ -157.236856320609149, 21.092053526625431 ], [ -157.235395936239883, 21.091678058235455 ], [ -157.235435279263328, 21.090949307784207 ], [ -157.235427202535305, 21.090678253088793 ], [ -157.23545713160172, 21.090125773696219 ], [ -157.234230570056894, 21.090413748887531 ], [ -157.232596040432242, 21.09203299856636 ], [ -157.23139074843246, 21.091975580683467 ], [ -157.23080003111491, 21.092261029892796 ], [ -157.228764774443704, 21.092500435803519 ], [ -157.227697721257357, 21.093173328003914 ], [ -157.224132715835879, 21.093535872709559 ], [ -157.222119746387648, 21.093796070656172 ], [ -157.219052688855328, 21.094039488255188 ], [ -157.216708889818022, 21.093927533762635 ], [ -157.213007095167683, 21.094290519963703 ], [ -157.211281586789113, 21.094208158607167 ], [ -157.209984682694909, 21.094242634360533 ], [ -157.209712303938119, 21.093113284638353 ], [ -157.208260669066846, 21.092837306399971 ], [ -157.207697087914539, 21.092549666597282 ], [ -157.206743177927365, 21.092575041295355 ], [ -157.205939322569975, 21.093370973816878 ], [ -157.205384552084809, 21.092796178465242 ], [ -157.204048455335084, 21.09283178237942 ], [ -157.202863142588939, 21.092427726041713 ], [ -157.201020903263554, 21.093588778622752 ], [ -157.201065492961362, 21.092766163436515 ], [ -157.200382792382271, 21.091811991943068 ], [ -157.198749839175434, 21.092195020221077 ], [ -157.198173838690053, 21.09216746766748 ], [ -157.197568848448498, 21.092766479620828 ], [ -157.197583746892718, 21.093260940032479 ], [ -157.197507632608449, 21.094661403136829 ], [ -157.196350914256129, 21.095158885771955 ], [ -157.19549535300871, 21.095117897400236 ], [ -157.19555339447237, 21.094048013414792 ], [ -157.195210408073876, 21.093240858839788 ], [ -157.194091523664866, 21.093781199716243 ], [ -157.193525100029802, 21.093754129941338 ], [ -157.192183425256246, 21.094599566789725 ], [ -157.191783547624055, 21.095372080616066 ], [ -157.19137751056212, 21.095628396094178 ], [ -157.191541085744888, 21.092621732971843 ], [ -157.189796517095516, 21.093464441676915 ], [ -157.188035755690123, 21.09396692834444 ], [ -157.187373353505365, 21.094622841008395 ], [ -157.186729756226754, 21.095865998846321 ], [ -157.186189254563885, 21.095840107478089 ], [ -157.186337691204557, 21.093113520670666 ], [ -157.185452886404647, 21.0931370002051 ], [ -157.184900560648316, 21.093110449593031 ], [ -157.184010636618524, 21.093392659459987 ], [ -157.183212299360548, 21.093354339534631 ], [ -157.18146392737259, 21.093764274461741 ], [ -157.18063085925877, 21.095373319844416 ], [ -157.179990978278369, 21.094710343557068 ], [ -157.179280147829274, 21.094386102712889 ], [ -157.177741812992906, 21.094426867786815 ], [ -157.177053380954305, 21.095756295340902 ], [ -157.176715622993839, 21.096284272079881 ], [ -157.175713229924241, 21.095245203765945 ], [ -157.175086577415954, 21.096455152160509 ], [ -157.174276913612545, 21.094436303222071 ], [ -157.173306865918988, 21.094904673772266 ], [ -157.171619645739668, 21.094554268877918 ], [ -157.171267432088598, 21.094902935103963 ], [ -157.171282835931464, 21.095418037608074 ], [ -157.171268241143252, 21.095688843640794 ], [ -157.171284651122903, 21.096236901240147 ], [ -157.170700757032932, 21.096208904857964 ], [ -157.169594514610196, 21.096905863843997 ], [ -157.169252069881594, 21.096203854494103 ], [ -157.168516339463281, 21.095175563947056 ], [ -157.16740075885582, 21.095714301813324 ], [ -157.166598116652835, 21.096508723420889 ], [ -157.163469843693292, 21.096358440902403 ], [ -157.16129827657133, 21.096415613509944 ], [ -157.160886568920745, 21.095571403752146 ], [ -157.160257655517313, 21.095284490219285 ], [ -157.159562951716509, 21.095302751285828 ], [ -157.158722143382107, 21.096925613815213 ], [ -157.157229969770981, 21.097428438234047 ], [ -157.15683148476208, 21.096611221696012 ], [ -157.1555984088331, 21.096066210010111 ], [ -157.153832027720341, 21.096625691239275 ], [ -157.151957364569625, 21.095384753463847 ], [ -157.151638205607952, 21.096294048908128 ], [ -157.151335008612961, 21.096551384916246 ], [ -157.151001869426551, 21.096881293979923 ], [ -157.149052671566778, 21.096787391849865 ], [ -157.148160409256661, 21.09707004361195 ], [ -157.147875604763215, 21.097026050606988 ], [ -157.14856665173545, 21.096439018579108 ], [ -157.14796060595782, 21.095333209648444 ], [ -157.147311166829098, 21.095975865256566 ], [ -157.146820736764937, 21.096392426703478 ], [ -157.144594208755109, 21.09676618333533 ], [ -157.144116000260738, 21.096743088725898 ], [ -157.142851649900393, 21.097039235415124 ], [ -157.141516777441836, 21.096974995219352 ], [ -157.141162480807964, 21.097983506809019 ], [ -157.139186267427618, 21.098315215044682 ], [ -157.138327951523451, 21.098587072176503 ], [ -157.136844229913976, 21.09883604443306 ], [ -157.136296936044715, 21.099377637085269 ], [ -157.135705010595927, 21.099631768822434 ], [ -157.13513538003707, 21.099906783062256 ], [ -157.134543450777073, 21.100160910424034 ], [ -157.13374885652442, 21.100544447450972 ], [ -157.133118011907101, 21.099603302081317 ], [ -157.132606183907797, 21.09933702617241 ], [ -157.130337816275556, 21.100929972391697 ], [ -157.129914783051788, 21.101746385008219 ], [ -157.129347794951116, 21.101719093165187 ], [ -157.128735597330376, 21.102014254253046 ], [ -157.12771490673137, 21.101965013297431 ], [ -157.125488796817905, 21.102251458921376 ], [ -157.124416151373396, 21.102769073922289 ], [ -157.122965173081525, 21.103392040157392 ], [ -157.119640450719743, 21.103231489451474 ], [ -157.116538556325452, 21.103312289403803 ], [ -157.114816968154059, 21.1045955440167 ], [ -157.113333333213006, 21.105232481692934 ], [ -157.108537014472631, 21.105000551623696 ], [ -157.107640769304254, 21.105432836050127 ], [ -157.106416524308685, 21.105958296876548 ], [ -157.102423350942161, 21.105765063614083 ], [ -157.100265520494958, 21.107193835573238 ], [ -157.098215310881955, 21.108073805044601 ], [ -157.093083895524757, 21.107825103608914 ], [ -157.090242776142674, 21.106692496229261 ], [ -157.086407735289868, 21.106791862291093 ], [ -157.084812513432752, 21.106380247862123 ], [ -157.081674596383294, 21.105991914792234 ], [ -157.079301685230803, 21.106546637301914 ], [ -157.07442655108332, 21.105960663463151 ], [ -157.071831474073036, 21.1054202169916 ], [ -157.067204409723729, 21.105106886069613 ], [ -157.065588561985891, 21.104770270936669 ], [ -157.063519431149956, 21.10542441839242 ], [ -157.060497474662412, 21.105277411313754 ], [ -157.058854211120519, 21.104188294309097 ], [ -157.056756235226857, 21.103894761175138 ], [ -157.055111790450042, 21.103332546513936 ], [ -157.053354440345089, 21.102996707690501 ], [ -157.046438465833347, 21.100232398184076 ], [ -157.039045248800818, 21.100421959321057 ], [ -157.035815946874266, 21.099587740701018 ], [ -157.033546547372509, 21.099153821278502 ], [ -157.031246007358931, 21.098367067932472 ], [ -157.02942149084501, 21.097020243215407 ], [ -157.028517265439291, 21.095162716414332 ], [ -157.027970236614379, 21.094162928220431 ], [ -157.026065167017777, 21.09460777445166 ], [ -157.024800766278901, 21.094853677794202 ], [ -157.022409297289499, 21.094235755075598 ], [ -157.020508085589029, 21.092261385753538 ], [ -157.0200619397541, 21.089909082718155 ], [ -157.016093449784705, 21.089268029023614 ], [ -157.014143875015634, 21.088270577313555 ], [ -157.01218052560273, 21.087526425088512 ], [ -157.010086247239911, 21.086877027752593 ], [ -157.006270202051098, 21.085153763143033 ], [ -157.004691314992982, 21.084781171525016 ], [ -157.000147276374889, 21.084273088731834 ], [ -156.998494884350293, 21.083707479765998 ], [ -156.997091965039999, 21.083376320044316 ], [ -156.99591162974798, 21.082593208282123 ], [ -156.99474928903939, 21.082318849026343 ], [ -156.992793921840558, 21.081813107926479 ], [ -156.992441928086976, 21.081447244980019 ], [ -156.991067673625167, 21.081482175717937 ], [ -156.990157043922096, 21.081170416254746 ], [ -156.988417455845138, 21.080889175475651 ], [ -156.987882533771796, 21.080333274550828 ], [ -156.985542052275576, 21.080042231712966 ], [ -156.984979850802034, 21.079754294523283 ], [ -156.983810856535996, 21.079391542706851 ], [ -156.983851456560046, 21.078659768170862 ], [ -156.982597283995887, 21.078363599631494 ], [ -156.982100952674728, 21.078376086514478 ], [ -156.981568841634783, 21.077823243959898 ], [ -156.980379595870858, 21.077542384626941 ], [ -156.9798466630983, 21.076988469109821 ], [ -156.978370191526921, 21.076705631711157 ], [ -156.978100307921466, 21.076150214826928 ], [ -156.97665310254294, 21.075601401389477 ], [ -156.975809572973816, 21.075169451272764 ], [ -156.974066504661295, 21.074757717262177 ], [ -156.973203195267388, 21.074184624466284 ], [ -156.972491996014725, 21.074202587643807 ], [ -156.972054494678503, 21.074181087553988 ], [ -156.971281261156747, 21.074553384211995 ], [ -156.970773391237913, 21.074025540184472 ], [ -156.970258952144945, 21.073566541977115 ], [ -156.969182023663365, 21.073073691602534 ], [ -156.968750053396008, 21.072624672245755 ], [ -156.968035145940576, 21.07333090303462 ], [ -156.967700425915183, 21.073587515683389 ], [ -156.966736145849836, 21.072585341419376 ], [ -156.964854143095181, 21.073024226343296 ], [ -156.964582940268713, 21.072466394508925 ], [ -156.964175471343026, 21.07210312073579 ], [ -156.963422662932288, 21.072465571621116 ], [ -156.962833940645993, 21.072164150171677 ], [ -156.961969067902487, 21.072185913659165 ], [ -156.960842026566525, 21.071608668582314 ], [ -156.960191247370517, 21.071310858589854 ], [ -156.958614351133349, 21.071350637029401 ], [ -156.957652518193811, 21.071021161839418 ], [ -156.957682357963733, 21.070487581254511 ], [ -156.957316862763918, 21.069818536320202 ], [ -156.955945741662617, 21.070478581204778 ], [ -156.955088297497468, 21.070184745882383 ], [ -156.953342614424315, 21.069850034594921 ], [ -156.951129009539557, 21.06990574574942 ], [ -156.949439404495365, 21.069326796240858 ], [ -156.947304102747864, 21.067909255628315 ], [ -156.942703997957693, 21.067336030002593 ], [ -156.939778395082584, 21.066941766120198 ], [ -156.933506390343268, 21.065317433211366 ], [ -156.93041809355887, 21.064932276343431 ], [ -156.927607428689385, 21.064122619949949 ], [ -156.926602630849487, 21.063607639230479 ], [ -156.925108927774829, 21.063143563956999 ], [ -156.923410811028759, 21.063679089673148 ], [ -156.923432163812919, 21.063298349200789 ], [ -156.923135642049942, 21.063033709274332 ], [ -156.922865991885317, 21.062478222497457 ], [ -156.920039121113433, 21.061320584695252 ], [ -156.918822834243116, 21.062172720999296 ], [ -156.918534145940754, 21.061872583215049 ], [ -156.917673013076609, 21.061894037890504 ], [ -156.91695192049599, 21.061858336602391 ], [ -156.916518816103348, 21.061869161609359 ], [ -156.91565350684931, 21.061826260943857 ], [ -156.914484464851171, 21.061855428209814 ], [ -156.913357710602043, 21.06127788850722 ], [ -156.912195736195599, 21.061002988795728 ], [ -156.910866182601495, 21.060658418478052 ], [ -156.909315370990242, 21.060697007752385 ], [ -156.90817287432705, 21.060400889941036 ], [ -156.907880193331494, 21.060408263824861 ], [ -156.906932368998667, 21.060361259890943 ], [ -156.906028893457261, 21.059421435182006 ], [ -156.905288947118521, 21.058760773890562 ], [ -156.904741930181729, 21.058191522561636 ], [ -156.903701317101962, 21.057868058851309 ], [ -156.902720614224052, 21.058177283260058 ], [ -156.901905191796857, 21.05813678243581 ], [ -156.900524162746422, 21.058572014500726 ], [ -156.899839929899258, 21.057860029963365 ], [ -156.899255164920646, 21.057592183324747 ], [ -156.898197071946498, 21.057049661792725 ], [ -156.897235290103794, 21.056754387540131 ], [ -156.897250293550997, 21.05729127664835 ], [ -156.897209726808001, 21.058011758459791 ], [ -156.896096070502324, 21.057271819914369 ], [ -156.894199492100086, 21.056987697632749 ], [ -156.893770734184216, 21.057812237922029 ], [ -156.892465007045388, 21.057142653974186 ], [ -156.891463158053398, 21.057771427448134 ], [ -156.890898115006536, 21.056925557154802 ], [ -156.889482129794857, 21.056960614931921 ], [ -156.888993512444131, 21.056452367599359 ], [ -156.888646683688251, 21.053386331834112 ], [ -156.888295691743139, 21.053072937935642 ], [ -156.88585305085752, 21.053441005122576 ], [ -156.883089193709793, 21.053303653963361 ], [ -156.881447919199502, 21.052212963231884 ], [ -156.879351215288239, 21.05191732133828 ], [ -156.877077069582811, 21.051136976471081 ], [ -156.873592618966967, 21.054052961422133 ], [ -156.872142697117653, 21.054673359594286 ], [ -156.868141560919014, 21.054474087179777 ], [ -156.865961045391714, 21.05620203823705 ], [ -156.864020340656054, 21.056883529068781 ], [ -156.863207294891112, 21.057685418726198 ], [ -156.86147680628963, 21.057599208123182 ], [ -156.860730072186755, 21.058335511002529 ], [ -156.859960871666146, 21.058986730042484 ], [ -156.859317741491594, 21.057662090009462 ], [ -156.858252611674772, 21.058173974505749 ], [ -156.857427644285224, 21.0581328755611 ], [ -156.856508025707569, 21.058422620810518 ], [ -156.855162279653797, 21.058355489161226 ], [ -156.853645150097208, 21.058918251986 ], [ -156.851499625097404, 21.059450428361593 ], [ -156.850742253084974, 21.059412665324079 ], [ -156.849593509852355, 21.059679760001998 ], [ -156.847847072292524, 21.059918237462369 ], [ -156.846470382121424, 21.060238245900358 ], [ -156.844699690539414, 21.058794614174062 ], [ -156.842288674409929, 21.058503385594708 ], [ -156.840078566384619, 21.059017132207849 ], [ -156.838307278844098, 21.05925889871067 ], [ -156.837376002077349, 21.060177147622149 ], [ -156.836338403167872, 21.062170584767031 ], [ -156.835976577071108, 21.062476581998798 ], [ -156.834676684514193, 21.063758135060191 ], [ -156.833476122295139, 21.064271433667571 ], [ -156.829307977770952, 21.064558821448824 ], [ -156.826898205597956, 21.065187699388652 ], [ -156.826017886154062, 21.066878418475188 ], [ -156.824815289837517, 21.06739241915708 ], [ -156.823146031890445, 21.067743138255079 ], [ -156.822330430072753, 21.068547291096682 ], [ -156.82133861621756, 21.068038226650327 ], [ -156.820871756575002, 21.069359190134055 ], [ -156.819466805153269, 21.069288892180268 ], [ -156.818855368712548, 21.069582646146735 ], [ -156.814222969041225, 21.069783649782959 ], [ -156.813012342699068, 21.070630684436402 ], [ -156.811557801976335, 21.071252060734786 ], [ -156.805646748244243, 21.070955741244671 ], [ -156.804317882099525, 21.071885048695449 ], [ -156.803211997354282, 21.073445052904329 ], [ -156.802918216777243, 21.073430269752023 ], [ -156.802629470175134, 21.073437378198626 ], [ -156.802063316374898, 21.073408880370589 ], [ -156.801065857315109, 21.074034228998119 ], [ -156.80059534242622, 21.074498136705291 ], [ -156.799634070714035, 21.07400468885702 ], [ -156.798883532326386, 21.074744343984062 ], [ -156.798060773280127, 21.074702979080179 ], [ -156.797689230571137, 21.076082244550118 ], [ -156.79677706034866, 21.076331001508578 ], [ -156.795909505662991, 21.07542734673655 ], [ -156.79480731678521, 21.07577389580241 ], [ -156.793926144220478, 21.076023172345561 ], [ -156.793933840592217, 21.076303846211541 ], [ -156.793181444183205, 21.077300343641724 ], [ -156.791682622542254, 21.078181295844033 ], [ -156.79246827928884, 21.079285109000899 ], [ -156.792421866393198, 21.080098975090287 ], [ -156.791473171625796, 21.080051307349212 ], [ -156.789627729044582, 21.079417181195538 ], [ -156.787779512811369, 21.080304522167285 ], [ -156.78780221707143, 21.081131985496587 ], [ -156.788518044130484, 21.081772178016809 ], [ -156.788783475119942, 21.082598704965676 ], [ -156.788622318759934, 21.082478607395959 ], [ -156.787203368253387, 21.082262868860258 ], [ -156.78689918842818, 21.084357573090781 ], [ -156.786389261125834, 21.084280015166136 ], [ -156.785528808612867, 21.083203243300481 ], [ -156.785035423072145, 21.083265191642845 ], [ -156.784599020010177, 21.083780687519791 ], [ -156.783953226096969, 21.084235109648191 ], [ -156.784348552567252, 21.085577258230664 ], [ -156.782582788022438, 21.085308665144414 ], [ -156.781688378800169, 21.085798982748042 ], [ -156.782266305343768, 21.086726964476473 ], [ -156.779686121522502, 21.087103678674968 ], [ -156.777875115785321, 21.086408096923865 ], [ -156.776361197541689, 21.088196687641123 ], [ -156.776743886929609, 21.088811659244232 ], [ -156.774839136528016, 21.09066177873579 ], [ -156.774225873014757, 21.089894165739519 ], [ -156.773634353860729, 21.089597231929812 ], [ -156.772757985069262, 21.090632340362859 ], [ -156.771678263797014, 21.091030743188675 ], [ -156.768845418655246, 21.091444177543636 ], [ -156.767219996460284, 21.093364149379202 ], [ -156.768057027083813, 21.09445538265151 ], [ -156.766482749575374, 21.094215857592644 ], [ -156.765965149486306, 21.094461563957292 ], [ -156.766858435683275, 21.095127464815672 ], [ -156.767228702498187, 21.095591094295187 ], [ -156.763913260748694, 21.095393158886473 ], [ -156.763620394404654, 21.095955063779385 ], [ -156.763152815037216, 21.096756473291755 ], [ -156.763596206217755, 21.097569901016701 ], [ -156.76409555064501, 21.098600610605839 ], [ -156.761817442798105, 21.099573107928997 ], [ -156.760953624665007, 21.099987513543343 ], [ -156.759772617244238, 21.098430834398609 ], [ -156.758937496128567, 21.09806052075335 ], [ -156.758122399036409, 21.099623623215141 ], [ -156.757186052354342, 21.100736683506966 ], [ -156.757193676060155, 21.101017352270915 ], [ -156.756569651686988, 21.101269819981162 ], [ -156.755806318339467, 21.100474628404832 ], [ -156.755304985326575, 21.100179750363836 ], [ -156.754884342143953, 21.100986912788048 ], [ -156.75457615102286, 21.101514995993071 ], [ -156.75459104743814, 21.102061512871099 ], [ -156.753986952125786, 21.102319261035959 ], [ -156.753706984136585, 21.10248897089938 ], [ -156.754786757081291, 21.104007045176644 ], [ -156.753386075177417, 21.103936365599719 ], [ -156.752793696495928, 21.104220455588848 ], [ -156.751673601867907, 21.104163932015616 ], [ -156.751075842580406, 21.104673879356611 ], [ -156.752057241942367, 21.106227041565944 ], [ -156.749407224512396, 21.105956013758401 ], [ -156.748484861258959, 21.106864036187808 ], [ -156.747314043720593, 21.106804824253096 ], [ -156.746982080169118, 21.107373581196182 ], [ -156.746691999494971, 21.108193168220261 ], [ -156.746116164162515, 21.108164080856319 ], [ -156.746099712368505, 21.108450645295221 ], [ -156.746107102118202, 21.108726679868592 ], [ -156.745235090126613, 21.109098823419199 ], [ -156.745690604168772, 21.110299372902482 ], [ -156.748079261752366, 21.111191221148665 ], [ -156.749517643623705, 21.111532963567679 ], [ -156.74856727761636, 21.112332406193769 ], [ -156.746632090091339, 21.112234587235662 ], [ -156.746607672773507, 21.112656500509953 ], [ -156.746625992867479, 21.11332885922571 ], [ -156.745454317680156, 21.112800818924772 ], [ -156.744647421761073, 21.1119598907738 ], [ -156.744072416714857, 21.111930938711701 ], [ -156.743995819627344, 21.113267268640808 ], [ -156.744291503668393, 21.114390955035038 ], [ -156.743848364399071, 21.114516143596287 ], [ -156.743406756879892, 21.113850450176361 ], [ -156.74276811271352, 21.112325089934309 ], [ -156.742331295093322, 21.111939759131054 ], [ -156.740881957030581, 21.112918490935851 ], [ -156.741502093120658, 21.113914623633335 ], [ -156.743848364399071, 21.114516143596287 ], [ -156.744175951746087, 21.116028496459151 ], [ -156.743773794072524, 21.117078733895355 ], [ -156.742998958478495, 21.115385416366202 ], [ -156.741957593536398, 21.115449981236907 ], [ -156.741092612085311, 21.115373235901369 ], [ -156.74022565637361, 21.115426887567423 ], [ -156.739937329049155, 21.115401347435988 ], [ -156.739648344506946, 21.115419185750238 ], [ -156.738757179913677, 21.115340095025481 ], [ -156.73906417537512, 21.11675667317968 ], [ -156.738977651126106, 21.117014786176625 ], [ -156.738356912304511, 21.116319175742952 ], [ -156.737897495163452, 21.115936838884128 ], [ -156.737634675581944, 21.115642314471835 ], [ -156.737270048639374, 21.115386642897946 ], [ -156.736722742840527, 21.115965726323655 ], [ -156.736757771804633, 21.116462969457178 ], [ -156.735864871539235, 21.11670230235185 ], [ -156.735589108118603, 21.117260538751612 ], [ -156.73527110507078, 21.117777996900177 ], [ -156.734911560142848, 21.118505751819988 ], [ -156.735281849662584, 21.119149942334143 ], [ -156.734077230442523, 21.119472797291813 ], [ -156.732937325871035, 21.120768628167081 ], [ -156.733504592855695, 21.120733493904382 ], [ -156.734186007708274, 21.120794067509749 ], [ -156.733495473945254, 21.122483490112192 ], [ -156.734061902148341, 21.123468744155343 ], [ -156.732863035808549, 21.123707468829682 ], [ -156.733550736682901, 21.125302897656539 ], [ -156.733357280671356, 21.125879624317154 ], [ -156.732557720276048, 21.124983444924482 ], [ -156.730785802959787, 21.12541296428952 ], [ -156.730246099115078, 21.126858946154304 ], [ -156.731681966036064, 21.127483296088503 ], [ -156.73162650043497, 21.128033759089746 ], [ -156.73166519946605, 21.128585086674217 ], [ -156.731291214007229, 21.128831935062806 ], [ -156.730801882344707, 21.128283563952078 ], [ -156.729168725644087, 21.127912321444782 ], [ -156.728511985905641, 21.126896739877193 ], [ -156.727582307184377, 21.126954307908317 ], [ -156.727647912840439, 21.127885239108476 ], [ -156.728492452529196, 21.128252598574843 ], [ -156.729327509214045, 21.128891064414013 ], [ -156.728176369911807, 21.128788716162823 ], [ -156.727214121900346, 21.129409615396678 ], [ -156.725905624484483, 21.128938727851619 ], [ -156.725584699756382, 21.129588203442811 ], [ -156.724982086084339, 21.129830907315608 ], [ -156.723938656471034, 21.130504202008694 ], [ -156.722231795730494, 21.132981239083374 ], [ -156.722640262495872, 21.133321199680807 ], [ -156.722895552671957, 21.134108183563242 ], [ -156.721712471035431, 21.135484294113201 ], [ -156.722029450805621, 21.136035596093599 ], [ -156.7217072221124, 21.136288606459132 ], [ -156.721434073475677, 21.136577462757273 ], [ -156.720992239994956, 21.136538180564621 ], [ -156.720478824504767, 21.136569892500461 ], [ -156.720554553524607, 21.137647059834322 ], [ -156.719950197831025, 21.137890380349436 ], [ -156.71935057210618, 21.1385245772857 ], [ -156.718497964284069, 21.139842148099621 ], [ -156.719084365651838, 21.14033008814194 ], [ -156.71811538804306, 21.140720209188512 ], [ -156.71822974111393, 21.142349032025795 ], [ -156.716973614069701, 21.141896897450991 ], [ -156.715815788200075, 21.142482541973212 ], [ -156.71588040897359, 21.143399105760043 ], [ -156.715788702094812, 21.144303836988232 ], [ -156.716244624331011, 21.145522116273199 ], [ -156.717544471580879, 21.145441769056543 ], [ -156.7178086811887, 21.145737864780951 ], [ -156.718114976969275, 21.145992794112413 ], [ -156.718372984772657, 21.146601774528257 ], [ -156.717230174166758, 21.146500049447177 ], [ -156.715847329580697, 21.146585556308072 ], [ -156.714922230065412, 21.147053431220904 ], [ -156.713255611911393, 21.147621136851399 ], [ -156.712808264441122, 21.148526480938486 ], [ -156.713154185045795, 21.149451145593716 ], [ -156.7130603927952, 21.150379919509053 ], [ -156.712395003689636, 21.150902149060268 ], [ -156.713176435143112, 21.151968352639695 ], [ -156.711886172472873, 21.152981014697506 ], [ -156.712666125952012, 21.153629866352027 ], [ -156.713121355254145, 21.154140262129701 ], [ -156.713039902404603, 21.15494466316872 ], [ -156.71246241029317, 21.155398104923343 ], [ -156.711452304407601, 21.15698816901843 ], [ -156.710405072767543, 21.157268576951388 ], [ -156.710750985533309, 21.158193709009929 ], [ -156.711278949122885, 21.158632937454577 ], [ -156.711975340088031, 21.15960057532747 ], [ -156.710808322082642, 21.159379885681268 ], [ -156.70984737933162, 21.157662222606426 ], [ -156.710138422570196, 21.156452720114967 ], [ -156.711106743767004, 21.155893265289844 ], [ -156.71177105598295, 21.154232122332534 ], [ -156.710681947636289, 21.152285611376136 ], [ -156.711260749206048, 21.149911991310304 ], [ -156.710805920217354, 21.148221155826288 ], [ -156.713083963229536, 21.146366481178209 ], [ -156.71359681554074, 21.145510368039744 ], [ -156.712485591773799, 21.144124228829273 ], [ -156.71322124725279, 21.143761943176578 ], [ -156.714643660449781, 21.14317268231899 ], [ -156.715001729357255, 21.141816778567215 ], [ -156.717071449984729, 21.140131582520841 ], [ -156.717015163575809, 21.13896505983617 ], [ -156.717626243062966, 21.138467471087143 ], [ -156.717931831475369, 21.137865626988212 ], [ -156.718244941718439, 21.137343250199763 ], [ -156.718525811905693, 21.136790014187913 ], [ -156.718838917526767, 21.136267635845119 ], [ -156.719293872342035, 21.134952177665753 ], [ -156.721081337035656, 21.133496720493373 ], [ -156.722386023640638, 21.130897287238362 ], [ -156.722705664875576, 21.129687008305545 ], [ -156.724748532772736, 21.128506175753738 ], [ -156.725579175339419, 21.127658848218495 ], [ -156.726351209690336, 21.127030046654962 ], [ -156.727451935500739, 21.125906763732637 ], [ -156.729054497214236, 21.126470671362931 ], [ -156.729125472483759, 21.125568953239629 ], [ -156.728549933246171, 21.125072464582676 ], [ -156.729401445353403, 21.124203634892197 ], [ -156.730590385336285, 21.123876572516345 ], [ -156.730521555617088, 21.122452263625703 ], [ -156.731174686858168, 21.121518328746141 ], [ -156.732017415704064, 21.121168957004159 ], [ -156.73207396139361, 21.12045434943132 ], [ -156.732060418697387, 21.120176845195125 ], [ -156.732806307741299, 21.119204791214095 ], [ -156.734143315979907, 21.117238758848131 ], [ -156.734470373187264, 21.116292442638123 ], [ -156.735612135557716, 21.115632356330533 ], [ -156.735581043324515, 21.114987476010317 ], [ -156.736507965515898, 21.114530668127152 ], [ -156.737348124129312, 21.11458898256846 ], [ -156.737949585928618, 21.11372899655505 ], [ -156.739576935492892, 21.1145869881388 ], [ -156.739972652080127, 21.114056270571638 ], [ -156.739517621356953, 21.113663678952594 ], [ -156.738896233263063, 21.111355971465283 ], [ -156.739565989989671, 21.111327472841566 ], [ -156.740536816989618, 21.111394788736796 ], [ -156.741769766247359, 21.110610801002295 ], [ -156.744578159077321, 21.111356830439963 ], [ -156.744656649375742, 21.110361013382033 ], [ -156.744212107162838, 21.109143940528103 ], [ -156.743738270593667, 21.107384790481632 ], [ -156.744385902134297, 21.107065622138613 ], [ -156.745132627246676, 21.1067559709942 ], [ -156.746014676160968, 21.105494376503831 ], [ -156.747918337340622, 21.104704970048594 ], [ -156.748676270928485, 21.103931411262007 ], [ -156.749947459660376, 21.103091247237739 ], [ -156.750925566635971, 21.102092547880918 ], [ -156.753439798706609, 21.100142209582035 ], [ -156.754473573087012, 21.099544373271186 ], [ -156.755340820221022, 21.098658995204598 ], [ -156.758650767602433, 21.095977271182573 ], [ -156.761587400914436, 21.094758999778126 ], [ -156.763098004518042, 21.093527686570884 ], [ -156.763651398019022, 21.092962604535554 ], [ -156.765704047874237, 21.091921358697245 ], [ -156.767790728442748, 21.090261190280884 ], [ -156.769915069580122, 21.089379702361303 ], [ -156.77097924345361, 21.086886684184471 ], [ -156.772461755742682, 21.086583526149443 ], [ -156.773268993037078, 21.085759293441082 ], [ -156.774083419544183, 21.085095212063852 ], [ -156.774641224759364, 21.082979929176286 ], [ -156.775139863811546, 21.082470568953301 ], [ -156.779080308579978, 21.082742986600998 ], [ -156.781068571499617, 21.081997137334575 ], [ -156.781536055414335, 21.082502354941546 ], [ -156.782015432482694, 21.082111642924392 ], [ -156.782356929317018, 21.081438290284318 ], [ -156.783763102668388, 21.081050823276737 ], [ -156.783913401604991, 21.080096909790569 ], [ -156.785809873432555, 21.079454437058146 ], [ -156.787428833043293, 21.078839277052946 ], [ -156.788328621676698, 21.077886134964011 ], [ -156.78874283780911, 21.074867006894486 ], [ -156.790135332406095, 21.073245097389709 ], [ -156.791213630031052, 21.072397176809613 ], [ -156.792292831306042, 21.072785186520353 ], [ -156.79293186500837, 21.072745347954697 ], [ -156.794562549025699, 21.071691743252497 ], [ -156.796038562002622, 21.070918274029431 ], [ -156.796544126125553, 21.069893156309284 ], [ -156.797090577724902, 21.069306427332819 ], [ -156.797659613486815, 21.071817023665535 ], [ -156.79861068338127, 21.071202469598756 ], [ -156.799417399777923, 21.070877062967231 ], [ -156.798333771624925, 21.07040623095487 ], [ -156.798072254010492, 21.070019478725104 ], [ -156.798803486360015, 21.068828221451508 ], [ -156.799769863609157, 21.069910931620509 ], [ -156.801319023872026, 21.068741508229895 ], [ -156.801920268881389, 21.066956842970519 ], [ -156.803538125473864, 21.066633847512943 ], [ -156.804171780580049, 21.066689801004298 ], [ -156.804732922123719, 21.066654860794774 ], [ -156.807445954992858, 21.065995433662412 ], [ -156.809162483953514, 21.065669821066244 ], [ -156.809520496733739, 21.066070767147831 ], [ -156.808502659943912, 21.06618792930287 ], [ -156.808515856537127, 21.066672262151627 ], [ -156.810800364651755, 21.066980996524432 ], [ -156.8101465311195, 21.065781071668493 ], [ -156.811507086040933, 21.065395943536174 ], [ -156.812717082490167, 21.065456649070182 ], [ -156.815495621473588, 21.065152854239805 ], [ -156.817325549764206, 21.065244521580656 ], [ -156.818385733579561, 21.065218729807121 ], [ -156.818919078531309, 21.064692869933513 ], [ -156.819769578582907, 21.065129358658986 ], [ -156.820689631292453, 21.065551523618989 ], [ -156.821626601393973, 21.065528627404923 ], [ -156.822097561785938, 21.064195542275211 ], [ -156.822531769418333, 21.063450258531567 ], [ -156.823719889154233, 21.06187594746806 ], [ -156.827016110793124, 21.060719526469612 ], [ -156.828874945803392, 21.059418990550839 ], [ -156.830112376248678, 21.0600540423161 ], [ -156.832617268907313, 21.059992908597511 ], [ -156.832568413967834, 21.058229038131024 ], [ -156.833457242242417, 21.057849078358338 ], [ -156.834920293052079, 21.05569003710416 ], [ -156.835506382206376, 21.055194157838365 ], [ -156.835805559423136, 21.054346705692936 ], [ -156.835957357722179, 21.054218337718019 ], [ -156.836093967023828, 21.054360699399282 ], [ -156.836992452617181, 21.054772843029095 ], [ -156.837831134239366, 21.054369730320008 ], [ -156.838398510802392, 21.054660973542912 ], [ -156.839198145426622, 21.054931755795973 ], [ -156.840813944790369, 21.053801014006265 ], [ -156.842487993285857, 21.054375780331572 ], [ -156.845043879567072, 21.053781720661881 ], [ -156.84691847080731, 21.053387602016929 ], [ -156.847667606059304, 21.052330066708254 ], [ -156.848534156925012, 21.051181545582182 ], [ -156.848868545841299, 21.049094180713016 ], [ -156.848957107925941, 21.048834695540823 ], [ -156.850704033620275, 21.050653146051072 ], [ -156.849872638611117, 21.051356976661449 ], [ -156.848414160144358, 21.051980630190887 ], [ -156.847641701809692, 21.053464897999369 ], [ -156.847666242366273, 21.05434531811671 ], [ -156.848736669919077, 21.056307742826796 ], [ -156.851195411174785, 21.057435408237367 ], [ -156.853087984267773, 21.056733485072343 ], [ -156.854379380926474, 21.056461949602728 ], [ -156.855390227200814, 21.056512289391197 ], [ -156.856483164309196, 21.055987148000376 ], [ -156.857473098237222, 21.055706623087293 ], [ -156.858027720258519, 21.055159597048853 ], [ -156.859408930915492, 21.055228341616093 ], [ -156.859814595753988, 21.053370173662476 ], [ -156.86094458827074, 21.053049985403579 ], [ -156.862383998054781, 21.052515937246866 ], [ -156.863580362334233, 21.052264297670426 ], [ -156.864352779871751, 21.051502505230189 ], [ -156.866494091884249, 21.05006908204178 ], [ -156.868674736441193, 21.049354186704935 ], [ -156.869921084666657, 21.050182605487727 ], [ -156.870903369408836, 21.05045553129569 ], [ -156.871808786060456, 21.049177324101393 ], [ -156.872548606343969, 21.048860896145207 ], [ -156.873015396704034, 21.048400290217899 ], [ -156.873426230524274, 21.047235996912889 ], [ -156.874061121707342, 21.046170548291759 ], [ -156.874679073632706, 21.046813799048671 ], [ -156.878056663852902, 21.046730349516295 ], [ -156.879662286784622, 21.046810193819621 ], [ -156.880791760238168, 21.047197742489207 ] ], [ [ -156.790943823045893, 21.073144770869693 ], [ -156.789306462141354, 21.075466716410546 ], [ -156.78933655710992, 21.076557520825663 ], [ -156.790922141790048, 21.076519174269325 ], [ -156.792266017657397, 21.074848859508574 ], [ -156.792225804976738, 21.073391893336961 ], [ -156.790943823045893, 21.073144770869693 ] ], [ [ -156.815588483951984, 21.065607126478962 ], [ -156.815424241480656, 21.065794312990107 ], [ -156.81195555440857, 21.066222686188322 ], [ -156.811691083686782, 21.066767598191912 ], [ -156.812614329571858, 21.067856696267135 ], [ -156.81668963240773, 21.067003675827515 ], [ -156.816545201180674, 21.065776061792111 ], [ -156.815588483951984, 21.065607126478962 ] ], [ [ -157.025692842755433, 21.089585770251293 ], [ -157.026045871883639, 21.089497138511071 ], [ -157.025796152813257, 21.089256624426717 ], [ -157.025692842755433, 21.089585770251293 ], [ -157.025404183298889, 21.089582409710232 ], [ -157.025400602224323, 21.089853314529435 ], [ -157.025111942302004, 21.089849953450578 ], [ -157.025108360647863, 21.090120858213368 ], [ -157.024755329629272, 21.090209487834919 ], [ -157.025005048342706, 21.090450003420901 ], [ -157.025108360647863, 21.090120858213368 ], [ -157.025397021092886, 21.090124219339422 ], [ -157.025400602224323, 21.089853314529435 ], [ -157.025689262203542, 21.089856675117684 ], [ -157.025692842755433, 21.089585770251293 ] ], [ [ -157.026277320681601, 21.089050679912457 ], [ -157.026371901247643, 21.089382129074785 ], [ -157.026627898387176, 21.089147500371599 ], [ -157.026277320681601, 21.089050679912457 ] ], [ [ -157.026858216192721, 21.088786492288989 ], [ -157.026952797962394, 21.089117941225076 ], [ -157.027208793777135, 21.088883311530299 ], [ -157.026858216192721, 21.088786492288989 ] ] ] } },
{ "type": "Feature", "properties": { "ID": 239, "GRIDCODE": 2 }, "geometry": { "type": "Polygon", "coordinates": [ [ [ -156.603442714300911, 21.030508420612424 ], [ -156.603338553804917, 21.030837232775557 ], [ -156.603089665644234, 21.030596163847854 ], [ -156.603442714300911, 21.030508420612424 ] ] ] } },
{ "type": "Feature", "properties": { "ID": 240, "GRIDCODE": 2 }, "geometry": { "type": "Polygon", "coordinates": [ [ [ -156.598831639805155, 21.030172445343396 ], [ -156.599569498245614, 21.030300854012598 ], [ -156.601048093031437, 21.030870920270608 ], [ -156.603268799413854, 21.031199333284039 ], [ -156.600885944768919, 21.031178277645949 ], [ -156.599278826882284, 21.03073350660668 ], [ -156.598831639805155, 21.030172445343396 ] ] ] } },
{ "type": "Feature", "properties": { "ID": 241, "GRIDCODE": 2 }, "geometry": { "type": "Polygon", "coordinates": [ [ [ -156.597966252954478, 21.030160216716514 ], [ -156.598316330167563, 21.030257885932294 ], [ -156.598059835898852, 21.030491819384228 ], [ -156.597966252954478, 21.030160216716514 ] ] ] } },
{ "type": "Feature", "properties": { "ID": 242, "GRIDCODE": 2 }, "geometry": { "type": "Polygon", "coordinates": [ [ [ -156.59738932873276, 21.030152061855752 ], [ -156.597739405421294, 21.030249732223147 ], [ -156.597482910361094, 21.030483664718517 ], [ -156.59738932873276, 21.030152061855752 ] ] ] } },
{ "type": "Feature", "properties": { "ID": 243, "GRIDCODE": 2 }, "geometry": { "type": "Polygon", "coordinates": [ [ [ -156.603442714300911, 21.030508420612424 ], [ -156.603569584497052, 21.029887212504928 ], [ -156.603811282627674, 21.030366399702913 ], [ -156.603442714300911, 21.030508420612424 ] ] ] } },
{ "type": "Feature", "properties": { "ID": 244, "GRIDCODE": 2 }, "geometry": { "type": "Polygon", "coordinates": [ [ [ -156.604049961453057, 21.028620742747581 ], [ -156.604422495476285, 21.028776650762616 ], [ -156.6041556165099, 21.029237822284024 ], [ -156.604049961453057, 21.028620742747581 ] ] ] } },
{ "type": "Feature", "properties": { "ID": 245, "GRIDCODE": 2 }, "geometry": { "type": "Polygon", "coordinates": [ [ [ -156.604351413254307, 21.027812317533808 ], [ -156.605314349093845, 21.027943608339129 ], [ -156.604541340780798, 21.028163529083677 ], [ -156.604351413254307, 21.027812317533808 ] ] ] } },
{ "type": "Feature", "properties": { "ID": 246, "GRIDCODE": 2 }, "geometry": { "type": "Polygon", "coordinates": [ [ [ -156.606418217312665, 21.024861625385213 ], [ -156.606579151940139, 21.024981877496216 ], [ -156.606825539688174, 21.025291157992196 ], [ -156.607685596477722, 21.025635794710595 ], [ -156.606641920590448, 21.026220689530184 ], [ -156.606418217312665, 21.024861625385213 ] ] ] } },
{ "type": "Feature", "properties": { "ID": 247, "GRIDCODE": 2 }, "geometry": { "type": "Polygon", "coordinates": [ [ [ -156.607576356770039, 21.02460703680951 ], [ -156.607948885771151, 21.024762936551152 ], [ -156.607682025565168, 21.025224115537299 ], [ -156.607576356770039, 21.02460703680951 ] ] ] } },
{ "type": "Feature", "properties": { "ID": 248, "GRIDCODE": 2 }, "geometry": { "type": "Polygon", "coordinates": [ [ [ -156.608157586663879, 21.024344323759045 ], [ -156.608507659620386, 21.024441971359536 ], [ -156.608251190559173, 21.02467592283103 ], [ -156.608157586663879, 21.024344323759045 ] ] ] } },
{ "type": "Feature", "properties": { "ID": 249, "GRIDCODE": 2 }, "geometry": { "type": "Polygon", "coordinates": [ [ [ -156.614228052839707, 21.023616948758935 ], [ -156.614804959038366, 21.023625044095883 ], [ -156.614800648512443, 21.023895876747758 ], [ -156.614223741273605, 21.023887781296878 ], [ -156.614228052839707, 21.023616948758935 ] ] ] } },
{ "type": "Feature", "properties": { "ID": 250, "GRIDCODE": 2 }, "geometry": { "type": "Polygon", "coordinates": [ [ [ -156.614228052839707, 21.023616948758935 ], [ -156.613566415217377, 21.023497876313826 ], [ -156.614076905795912, 21.023270920319433 ], [ -156.614228052839707, 21.023616948758935 ] ] ] } },
{ "type": "Feature", "properties": { "ID": 251, "GRIDCODE": 2 }, "geometry": { "type": "Polygon", "coordinates": [ [ [ -156.584259867809465, 21.021297512840263 ], [ -156.584609912899595, 21.02139520754589 ], [ -156.584353416172604, 21.021629119917094 ], [ -156.584259867809465, 21.021297512840263 ] ] ] } },
{ "type": "Feature", "properties": { "ID": 252, "GRIDCODE": 2 }, "geometry": { "type": "Polygon", "coordinates": [ [ [ -156.571909561880631, 21.017870933283135 ], [ -156.572872386156263, 21.018002399246395 ], [ -156.572099399278329, 21.018222172922556 ], [ -156.571909561880631, 21.017870933283135 ] ] ] } },
{ "type": "Feature", "properties": { "ID": 253, "GRIDCODE": 2 }, "geometry": { "type": "Polygon", "coordinates": [ [ [ -156.571625516073397, 21.017595989969834 ], [ -156.571913948497155, 21.017600109004285 ], [ -156.571909561880631, 21.017870933283135 ], [ -156.571621128937011, 21.017866814190697 ], [ -156.571625516073397, 21.017595989969834 ] ] ] } },
{ "type": "Feature", "properties": { "ID": 254, "GRIDCODE": 2 }, "geometry": { "type": "Polygon", "coordinates": [ [ [ -156.5713414713058, 21.017321046274798 ], [ -156.57162990313995, 21.017325165739479 ], [ -156.571625516073397, 21.017595989969834 ], [ -156.571337083719413, 21.017591870447166 ], [ -156.5713414713058, 21.017321046274798 ] ] ] } },
{ "type": "Feature", "properties": { "ID": 255, "GRIDCODE": 2 }, "geometry": { "type": "Polygon", "coordinates": [ [ [ -156.570768996403245, 21.017041981814959 ], [ -156.571345858822383, 21.017050222092941 ], [ -156.5713414713058, 21.017321046274798 ], [ -156.570764607847053, 21.01731280588082 ], [ -156.570768996403245, 21.017041981814959 ] ] ] } },
{ "type": "Feature", "properties": { "ID": 256, "GRIDCODE": 2 }, "geometry": { "type": "Polygon", "coordinates": [ [ [ -156.581156932396681, 21.016919181878325 ], [ -156.581793812954004, 21.017049399461065 ], [ -156.58201349559954, 21.017473141318323 ], [ -156.581376612999293, 21.017342924372304 ], [ -156.581156932396681, 21.016919181878325 ] ] ] } },
{ "type": "Feature", "properties": { "ID": 257, "GRIDCODE": 2 }, "geometry": { "type": "Polygon", "coordinates": [ [ [ -156.608278594178756, 21.016761043189842 ], [ -156.609103904472533, 21.016914444733612 ], [ -156.609759335763528, 21.019823717172322 ], [ -156.611819436557766, 21.021541381029781 ], [ -156.612077526562899, 21.022106897131675 ], [ -156.613168953074847, 21.023456582913454 ], [ -156.612285441691967, 21.023027651867988 ], [ -156.611343380029069, 21.022242082809164 ], [ -156.610488359093495, 21.021281678922652 ], [ -156.609325267224307, 21.021177367279225 ], [ -156.608845927882953, 21.021553420461807 ], [ -156.609030901161191, 21.024211110423682 ], [ -156.608584209156504, 21.023953114306959 ], [ -156.608687491393937, 21.022936604951905 ], [ -156.60694457993327, 21.020553546660977 ], [ -156.606915028370452, 21.020128010069829 ], [ -156.606956161306755, 21.019722250905541 ], [ -156.606797820990835, 21.017445613325556 ], [ -156.608142757821298, 21.016904631362653 ], [ -156.608278594178756, 21.016761043189842 ] ] ] } },
{ "type": "Feature", "properties": { "ID": 258, "GRIDCODE": 2 }, "geometry": { "type": "Polygon", "coordinates": [ [ [ -156.58201349559954, 21.017473141318323 ], [ -156.582449680127922, 21.017609629195135 ], [ -156.584440674055287, 21.018732194239792 ], [ -156.585050589816888, 21.018718107649917 ], [ -156.585022901747891, 21.017656115732549 ], [ -156.58533822711334, 21.017390101807464 ], [ -156.585628646274671, 21.016571241701783 ], [ -156.585753115990826, 21.016312436991704 ], [ -156.586187904418495, 21.017673054799506 ], [ -156.586417219015516, 21.017936881993204 ], [ -156.586852171817441, 21.016330021576717 ], [ -156.587639356828561, 21.017152271541459 ], [ -156.588148929149668, 21.017140585479542 ], [ -156.588791746900199, 21.017217556667774 ], [ -156.58791432781095, 21.017958126411685 ], [ -156.587319323970377, 21.019776599511061 ], [ -156.588498878760134, 21.020133532684397 ], [ -156.589183068175572, 21.019460853457474 ], [ -156.589638630590485, 21.019076453712756 ], [ -156.589925185722791, 21.018794679656917 ], [ -156.591121830936316, 21.019683563683756 ], [ -156.590728933065691, 21.021322778347795 ], [ -156.58984464219202, 21.022069079101545 ], [ -156.589007978315323, 21.022026000076835 ], [ -156.588416888326634, 21.023285558002868 ], [ -156.589263234936027, 21.024478602574831 ], [ -156.589792494821268, 21.025574294513468 ], [ -156.590694923226465, 21.025856786738974 ], [ -156.589579068182076, 21.026511180140314 ], [ -156.590657857527333, 21.027478556059794 ], [ -156.590640767680895, 21.027770366506406 ], [ -156.591368822755015, 21.027753569872843 ], [ -156.591806034444062, 21.027776034250337 ], [ -156.592535490125982, 21.027426592436292 ], [ -156.593237426647249, 21.027825408186821 ], [ -156.592435366323286, 21.02850238414603 ], [ -156.593306609886639, 21.028903465885225 ], [ -156.59407837183582, 21.029709602448797 ], [ -156.594371525097131, 21.029421434301849 ], [ -156.59493407409758, 21.030008872946439 ], [ -156.595805048691659, 21.029988789710416 ], [ -156.596188777479398, 21.030008502732858 ], [ -156.596573891141986, 21.031083489605006 ], [ -156.594936598854929, 21.030518546988727 ], [ -156.594001608474628, 21.030226090062538 ], [ -156.593186443957165, 21.030244837940938 ], [ -156.593218796756219, 21.029686718207397 ], [ -156.593208657273692, 21.029300609580009 ], [ -156.591746937132314, 21.028858358528375 ], [ -156.591182662289071, 21.029413304453573 ], [ -156.590188862451555, 21.029362180850452 ], [ -156.589395689391239, 21.029380429039239 ], [ -156.588251944748464, 21.030505032060539 ], [ -156.588327437459583, 21.029211047325397 ], [ -156.588316793249533, 21.028804562675756 ], [ -156.588348329486678, 21.028263231971874 ], [ -156.588334230729629, 21.027721253716624 ], [ -156.588349857696556, 21.027450586326633 ], [ -156.588329722091714, 21.026670965308842 ], [ -156.588682049735297, 21.026067521312651 ], [ -156.588646188677302, 21.024689154684864 ], [ -156.587954883398027, 21.024069185004571 ], [ -156.587558698176935, 21.022829086486983 ], [ -156.58696196652042, 21.021988242050476 ], [ -156.587035493921007, 21.020728751983889 ], [ -156.586949899244502, 21.020392761618812 ], [ -156.585849195460526, 21.021490187747318 ], [ -156.586419941750933, 21.022002107853918 ], [ -156.586349977741264, 21.022270151748288 ], [ -156.584799706441714, 21.021471578214786 ], [ -156.585289647198806, 21.020633200516698 ], [ -156.584990529838592, 21.020364941178183 ], [ -156.584683804010524, 21.019729656582221 ], [ -156.582542701021168, 21.01802601429571 ], [ -156.58201349559954, 21.017473141318323 ] ] ] } },
{ "type": "Feature", "properties": { "ID": 259, "GRIDCODE": 2 }, "geometry": { "type": "Polygon", "coordinates": [ [ [ -156.569916873226163, 21.016217146004077 ], [ -156.57060286554713, 21.016392945576253 ], [ -156.570768996403245, 21.017041981814959 ], [ -156.570198811445465, 21.016760832012181 ], [ -156.569916873226163, 21.016217146004077 ] ] ] } },
{ "type": "Feature", "properties": { "ID": 260, "GRIDCODE": 2 }, "geometry": { "type": "Polygon", "coordinates": [ [ [ -156.614800648512443, 21.023895876747758 ], [ -156.616113884638423, 21.023791416625254 ], [ -156.61752873001484, 21.022771855881075 ], [ -156.616837603857078, 21.020963399196191 ], [ -156.616431853487626, 21.020274260791965 ], [ -156.616298497433689, 21.019730604288604 ], [ -156.617398013665223, 21.020342563592827 ], [ -156.617997223914557, 21.02169444938616 ], [ -156.618825239485773, 21.021626949652383 ], [ -156.619303821548442, 21.021102049200053 ], [ -156.620323848802258, 21.020599673079211 ], [ -156.621292899436838, 21.021728952469655 ], [ -156.622337864722851, 21.021643703967047 ], [ -156.623068305405241, 21.021723889990771 ], [ -156.624291565493536, 21.020842194585008 ], [ -156.624178026470304, 21.019615233236557 ], [ -156.62484907470963, 21.018766687163151 ], [ -156.625228113225006, 21.017978608898691 ], [ -156.626435498749402, 21.01770526035471 ], [ -156.627002162082448, 21.019622926672568 ], [ -156.627971505708615, 21.019543861566863 ], [ -156.628265756910309, 21.019964626496332 ], [ -156.627569382239813, 21.020491542622679 ], [ -156.627716646581604, 21.022081667020828 ], [ -156.629380864808041, 21.021945888706558 ], [ -156.629673967951788, 21.022938584743915 ], [ -156.630938191399338, 21.023474453121274 ], [ -156.632041005233276, 21.023384396048382 ], [ -156.631949776226662, 21.022399805762277 ], [ -156.63237261937158, 21.021851469826043 ], [ -156.633128746359176, 21.022732224619684 ], [ -156.634207009875638, 21.022644192033233 ], [ -156.635525337877681, 21.021198264442166 ], [ -156.637479435961495, 21.020689324158582 ], [ -156.63692457672343, 21.019747628846456 ], [ -156.636673315847872, 21.019064646787282 ], [ -156.63754929851342, 21.018401827323949 ], [ -156.638112913144511, 21.017571835073422 ], [ -156.639231007320774, 21.017134852962219 ], [ -156.638228483747469, 21.016709956973756 ], [ -156.637875488606255, 21.016010484235348 ], [ -156.639549758106824, 21.016627774825267 ], [ -156.639843197272398, 21.017620992163476 ], [ -156.641056506894699, 21.019028954001843 ], [ -156.640911058320143, 21.020196766919337 ], [ -156.641011755345716, 21.021281752256044 ], [ -156.640927576205229, 21.021957826776553 ], [ -156.640953569799791, 21.022239666376375 ], [ -156.640540666026851, 21.022552187455055 ], [ -156.641060524345107, 21.023911637797866 ], [ -156.640047657162086, 21.02380049107364 ], [ -156.639763057416303, 21.024392301274403 ], [ -156.63944424747072, 21.024633639298884 ], [ -156.63917559501408, 21.024928318177501 ], [ -156.638711774061392, 21.024877299841226 ], [ -156.637744236010718, 21.024339127853544 ], [ -156.636785265312739, 21.024080035012517 ], [ -156.636297271921933, 21.024615043037418 ], [ -156.635675611527432, 21.025085492643882 ], [ -156.633014316307111, 21.025356918565208 ], [ -156.632543421363266, 21.024808569623094 ], [ -156.630944734562462, 21.024343843715542 ], [ -156.630223311618806, 21.025135363619775 ], [ -156.629918424325126, 21.024103483240101 ], [ -156.627436265990099, 21.022617824924396 ], [ -156.62455840712434, 21.022174073861684 ], [ -156.620786412316505, 21.022609810457254 ], [ -156.620415203231659, 21.023381583403516 ], [ -156.619682854766722, 21.023935604818263 ], [ -156.616656098258403, 21.024315674310571 ], [ -156.616383104323717, 21.024615014436375 ], [ -156.61497077490796, 21.024094026300716 ], [ -156.614800648512443, 21.023895876747758 ] ] ] } },
{ "type": "Feature", "properties": { "ID": 261, "GRIDCODE": 2 }, "geometry": { "type": "Polygon", "coordinates": [ [ [ -156.638013733982348, 21.015551298035401 ], [ -156.638363813097897, 21.015648884092634 ], [ -156.638107402364369, 21.015882886724093 ], [ -156.638013733982348, 21.015551298035401 ] ] ] } },
{ "type": "Feature", "properties": { "ID": 262, "GRIDCODE": 2 }, "geometry": { "type": "Polygon", "coordinates": [ [ [ -156.581156932396681, 21.016919181878325 ], [ -156.579847552536222, 21.016631514402626 ], [ -156.577538794447833, 21.016993066381964 ], [ -156.576632014527377, 21.017577473967936 ], [ -156.572931106598872, 21.017803643404701 ], [ -156.573491979051681, 21.017477139787388 ], [ -156.576126066530946, 21.017138535334471 ], [ -156.577498060337746, 21.016445287449063 ], [ -156.578283246129587, 21.016515860703251 ], [ -156.579208277349295, 21.016143863364874 ], [ -156.580190742810117, 21.014883825922041 ], [ -156.580590021664307, 21.014076842156502 ], [ -156.580764577413277, 21.015149254975785 ], [ -156.58070730234931, 21.015713099390258 ], [ -156.581156932396681, 21.016919181878325 ] ] ] } },
{ "type": "Feature", "properties": { "ID": 263, "GRIDCODE": 2 }, "geometry": { "type": "Polygon", "coordinates": [ [ [ -156.63744965224879, 21.014730772191079 ], [ -156.637894172081644, 21.01494977565028 ], [ -156.638013733982348, 21.015551298035401 ], [ -156.637436849101704, 21.015543284346908 ], [ -156.63744965224879, 21.014730772191079 ] ] ] } },
{ "type": "Feature", "properties": { "ID": 264, "GRIDCODE": 2 }, "geometry": { "type": "Polygon", "coordinates": [ [ [ -156.569916873226163, 21.016217146004077 ], [ -156.569107420820529, 21.015975693059403 ], [ -156.568221439941084, 21.014025816792721 ], [ -156.569559844670579, 21.01385792208989 ], [ -156.568943502778865, 21.014912686050572 ], [ -156.569916873226163, 21.016217146004077 ] ] ] } },
{ "type": "Feature", "properties": { "ID": 265, "GRIDCODE": 2 }, "geometry": { "type": "Polygon", "coordinates": [ [ [ -156.640927991850731, 21.01369547061833 ], [ -156.641278069300284, 21.013793050459963 ], [ -156.641021666135401, 21.014027058266034 ], [ -156.640927991850731, 21.01369547061833 ] ] ] } },
{ "type": "Feature", "properties": { "ID": 266, "GRIDCODE": 2 }, "geometry": { "type": "Polygon", "coordinates": [ [ [ -156.562204161968509, 21.011501694864716 ], [ -156.56255416547512, 21.011599431498702 ], [ -156.562297656431326, 21.011833309096524 ], [ -156.562204161968509, 21.011501694864716 ] ] ] } },
{ "type": "Feature", "properties": { "ID": 267, "GRIDCODE": 2 }, "geometry": { "type": "Polygon", "coordinates": [ [ [ -156.565083954384193, 21.011813834644361 ], [ -156.564797227553782, 21.012191191869199 ], [ -156.56294747892025, 21.011771197035117 ], [ -156.5637578437331, 21.011278070673402 ], [ -156.564049805125364, 21.011688449191062 ], [ -156.565083954384193, 21.011813834644361 ] ] ] } },
{ "type": "Feature", "properties": { "ID": 268, "GRIDCODE": 2 }, "geometry": { "type": "Polygon", "coordinates": [ [ [ -156.641000420824952, 21.009091221321949 ], [ -156.640650354275778, 21.008993641913282 ], [ -156.640906748504932, 21.008759633782535 ], [ -156.641000420824952, 21.009091221321949 ] ] ] } },
{ "type": "Feature", "properties": { "ID": 269, "GRIDCODE": 2 }, "geometry": { "type": "Polygon", "coordinates": [ [ [ -156.568221439941084, 21.014025816792721 ], [ -156.567738773631845, 21.013664962965084 ], [ -156.56645489793101, 21.012052758287137 ], [ -156.565083954384193, 21.011813834644361 ], [ -156.565216454142217, 21.011391943015902 ], [ -156.565843092948882, 21.010623173137983 ], [ -156.566103689298842, 21.010050211129396 ], [ -156.566587852744078, 21.00971019795843 ], [ -156.567517142691685, 21.007667372239041 ], [ -156.568728046704763, 21.008322881649661 ], [ -156.568297825472143, 21.009906206476501 ], [ -156.567272120165995, 21.011449003500488 ], [ -156.567550704798435, 21.012754115857252 ], [ -156.569253485760584, 21.01150167058108 ], [ -156.568989349702434, 21.012293492506192 ], [ -156.568353933777274, 21.013603922147254 ], [ -156.568221439941084, 21.014025816792721 ] ] ] } },
{ "type": "Feature", "properties": { "ID": 270, "GRIDCODE": 2 }, "geometry": { "type": "Polygon", "coordinates": [ [ [ -156.666428937457397, 21.006462066260017 ], [ -156.666779020705633, 21.006559593615389 ], [ -156.666522666854576, 21.006793644978828 ], [ -156.666428937457397, 21.006462066260017 ] ] ] } },
{ "type": "Feature", "properties": { "ID": 271, "GRIDCODE": 2 }, "geometry": { "type": "Polygon", "coordinates": [ [ [ -156.547086371056082, 21.000990756723866 ], [ -156.546959308927825, 21.001611904187282 ], [ -156.54671783785156, 21.001132656812409 ], [ -156.547086371056082, 21.000990756723866 ] ] ] } },
{ "type": "Feature", "properties": { "ID": 272, "GRIDCODE": 2 }, "geometry": { "type": "Polygon", "coordinates": [ [ [ -156.667658456078357, 21.001602703494516 ], [ -156.668346034738875, 21.002062659711068 ], [ -156.667896201685409, 21.002528852560616 ], [ -156.667658456078357, 21.001602703494516 ] ] ] } },
{ "type": "Feature", "properties": { "ID": 273, "GRIDCODE": 2 }, "geometry": { "type": "Polygon", "coordinates": [ [ [ -156.548270929104348, 20.999111643458725 ], [ -156.548150587822846, 20.999270217639548 ], [ -156.547633156734207, 20.999594619898826 ], [ -156.54725884965444, 21.000882667684319 ], [ -156.547086371056082, 21.000990756723866 ], [ -156.546822386269696, 20.999321307556006 ], [ -156.548270929104348, 20.999111643458725 ] ] ] } },
{ "type": "Feature", "properties": { "ID": 274, "GRIDCODE": 2 }, "geometry": { "type": "Polygon", "coordinates": [ [ [ -156.548270929104348, 20.999111643458725 ], [ -156.548725034358569, 20.998438727626475 ], [ -156.547725389295636, 20.997812057885387 ], [ -156.547004806595595, 20.99679551346788 ], [ -156.547037627874516, 20.996235172622523 ], [ -156.546442411177878, 20.995700961168847 ], [ -156.54675451986725, 20.995167132301802 ], [ -156.54744774723946, 20.993840693331578 ], [ -156.549351548241532, 20.99379722239112 ], [ -156.54964036227264, 20.994396056354777 ], [ -156.549935757777831, 20.994660876580266 ], [ -156.55056820659965, 20.996642488926664 ], [ -156.551686613385527, 20.996292334022581 ], [ -156.55157565993099, 20.998189441514935 ], [ -156.552344147643538, 20.998585661316408 ], [ -156.553538927437728, 20.997577634990598 ], [ -156.553937948031177, 20.996895181119829 ], [ -156.553924146994916, 20.996359297539232 ], [ -156.555596940415796, 20.995973303057351 ], [ -156.555964238016657, 20.996649839148212 ], [ -156.555066877272054, 20.997714404073125 ], [ -156.55420794905757, 20.999358320010678 ], [ -156.553112558004045, 21.00028246664656 ], [ -156.553818602110425, 21.001745052464752 ], [ -156.554142613778311, 21.002035673882084 ], [ -156.554099319853606, 21.002773238583352 ], [ -156.555485379407259, 21.00422165388618 ], [ -156.55584609102911, 21.003695383825832 ], [ -156.556408151868112, 21.002619918040754 ], [ -156.556848794055838, 21.00377565600807 ], [ -156.555828440889144, 21.004778669660155 ], [ -156.555206034169458, 21.005303824024587 ], [ -156.55636864206727, 21.005667996511832 ], [ -156.55550128696251, 21.007152278941632 ], [ -156.556295811894017, 21.008824054975548 ], [ -156.557976113048767, 21.009404242622573 ], [ -156.558641959227344, 21.00915323293135 ], [ -156.56003236869708, 21.008487638001508 ], [ -156.560071107461368, 21.009985337944215 ], [ -156.559582001988332, 21.01123407501089 ], [ -156.560896211497834, 21.011911491259006 ], [ -156.561326557728336, 21.01108794349453 ], [ -156.56205403354187, 21.011517134593287 ], [ -156.560160454066846, 21.013064897939024 ], [ -156.559165219643916, 21.01240065118801 ], [ -156.558866479370522, 21.012407473897781 ], [ -156.558339394988963, 21.011315970448443 ], [ -156.558014344653827, 21.011571871685227 ], [ -156.557471216738094, 21.01210584216922 ], [ -156.557424578385707, 21.011786670968984 ], [ -156.557514714464048, 21.010248233312165 ], [ -156.556897574353286, 21.009930127096716 ], [ -156.556032370862653, 21.009949838156754 ], [ -156.555494408615516, 21.008836083012326 ], [ -156.554535322990034, 21.00839401331319 ], [ -156.555158972496628, 21.007326979098973 ], [ -156.555245249244962, 21.005853431794261 ], [ -156.554642466913862, 21.005312654096151 ], [ -156.554686251040494, 21.004562266333345 ], [ -156.554120262295839, 21.003389378927167 ], [ -156.553301295084395, 21.002234676550405 ], [ -156.552343695386014, 20.999235089734274 ], [ -156.551299959630768, 20.998754093263468 ], [ -156.550511695866192, 20.997930095078829 ], [ -156.549290233264855, 20.99817307491378 ], [ -156.548890982440668, 20.998937121480981 ], [ -156.548270929104348, 20.999111643458725 ] ], [ [ -156.549206871039303, 20.994790982050951 ], [ -156.549300329630256, 20.995122600187774 ], [ -156.549556825285208, 20.994888740975032 ], [ -156.549206871039303, 20.994790982050951 ] ] ] } },
{ "type": "Feature", "properties": { "ID": 275, "GRIDCODE": 2 }, "geometry": { "type": "Polygon", "coordinates": [ [ [ -156.539490650084019, 20.989233128317178 ], [ -156.540752984571242, 20.990325643726845 ], [ -156.540778880057616, 20.99087704241726 ], [ -156.540728182186172, 20.991512911191961 ], [ -156.541026256511259, 20.991836378210397 ], [ -156.541604248286831, 20.992336629035972 ], [ -156.541860340135031, 20.993744607747516 ], [ -156.542432232573958, 20.99423947773133 ], [ -156.542703311119482, 20.995111196759208 ], [ -156.543053007094386, 20.995413714636719 ], [ -156.542882588288393, 20.997546839319789 ], [ -156.54322244108323, 20.998640172643409 ], [ -156.543944625144832, 20.999265111535923 ], [ -156.544632406731097, 21.001476228859744 ], [ -156.546046352880694, 21.002349752527248 ], [ -156.545183570882358, 21.002189960111533 ], [ -156.544255373069944, 21.001861901287409 ], [ -156.543285936187345, 21.001902135191258 ], [ -156.543860513309738, 21.000944483985652 ], [ -156.543514115980742, 20.999441690059239 ], [ -156.542356437851822, 20.998627005514798 ], [ -156.542573974275143, 20.995905048198516 ], [ -156.542126545383354, 20.995102867657202 ], [ -156.541840480434075, 20.994492820358658 ], [ -156.541050276415291, 20.993809091436304 ], [ -156.541001842549349, 20.992776444214716 ], [ -156.541034809273242, 20.992363189187717 ], [ -156.539860456310038, 20.992088694731727 ], [ -156.540458754080049, 20.99109158329999 ], [ -156.539615447117797, 20.989919810638497 ], [ -156.539490650084019, 20.989233128317178 ] ] ] } },
{ "type": "Feature", "properties": { "ID": 276, "GRIDCODE": 2 }, "geometry": { "type": "Polygon", "coordinates": [ [ [ -156.539490650084019, 20.989233128317178 ], [ -156.538829252703636, 20.989113785005092 ], [ -156.539339708862599, 20.988887052284291 ], [ -156.539490650084019, 20.989233128317178 ] ] ] } },
{ "type": "Feature", "properties": { "ID": 277, "GRIDCODE": 2 }, "geometry": { "type": "Polygon", "coordinates": [ [ [ -156.670167645712354, 20.98863378684695 ], [ -156.670517691810744, 20.988731303031216 ], [ -156.670261376626343, 20.988965363871827 ], [ -156.670167645712354, 20.98863378684695 ] ] ] } },
{ "type": "Feature", "properties": { "ID": 278, "GRIDCODE": 2 }, "geometry": { "type": "Polygon", "coordinates": [ [ [ -156.536371899920653, 20.985937430277652 ], [ -156.536267638572639, 20.986266191573144 ], [ -156.536018935273489, 20.98602504099523 ], [ -156.536371899920653, 20.985937430277652 ] ] ] } },
{ "type": "Feature", "properties": { "ID": 279, "GRIDCODE": 2 }, "geometry": { "type": "Polygon", "coordinates": [ [ [ -156.525990843630041, 20.985786884721602 ], [ -156.526225142410993, 20.985943850355369 ], [ -156.526091485051523, 20.986465549272683 ], [ -156.526255608159772, 20.987206243202436 ], [ -156.52468887670571, 20.987637405320097 ], [ -156.524993033775417, 20.98649561133244 ], [ -156.525870492823401, 20.985945442087491 ], [ -156.525990843630041, 20.985786884721602 ] ] ] } },
{ "type": "Feature", "properties": { "ID": 280, "GRIDCODE": 2 }, "geometry": { "type": "Polygon", "coordinates": [ [ [ -156.527441570355961, 20.985266199077451 ], [ -156.527791483871397, 20.985363999300471 ], [ -156.527534975901773, 20.985597824177066 ], [ -156.527441570355961, 20.985266199077451 ] ] ] } },
{ "type": "Feature", "properties": { "ID": 281, "GRIDCODE": 2 }, "geometry": { "type": "Polygon", "coordinates": [ [ [ -156.528311110583189, 20.985007944549302 ], [ -156.528661024282997, 20.985105742982448 ], [ -156.52840451800833, 20.985339569354995 ], [ -156.528311110583189, 20.985007944549302 ] ] ] } },
{ "type": "Feature", "properties": { "ID": 282, "GRIDCODE": 2 }, "geometry": { "type": "Polygon", "coordinates": [ [ [ -156.533510506080205, 20.984541587865323 ], [ -156.533860423316128, 20.984639375833709 ], [ -156.5336039251454, 20.984873210940528 ], [ -156.533510506080205, 20.984541587865323 ] ] ] } },
{ "type": "Feature", "properties": { "ID": 283, "GRIDCODE": 2 }, "geometry": { "type": "Polygon", "coordinates": [ [ [ -156.530050183403631, 20.984491421244748 ], [ -156.531012733440548, 20.984623100139491 ], [ -156.530239883942102, 20.984842695105577 ], [ -156.530050183403631, 20.984491421244748 ] ] ] } },
{ "type": "Feature", "properties": { "ID": 284, "GRIDCODE": 2 }, "geometry": { "type": "Polygon", "coordinates": [ [ [ -156.531496435121568, 20.984241515403546 ], [ -156.532458985767363, 20.984373186083637 ], [ -156.531686138977307, 20.984592787964477 ], [ -156.531496435121568, 20.984241515403546 ] ] ] } },
{ "type": "Feature", "properties": { "ID": 285, "GRIDCODE": 2 }, "geometry": { "type": "Polygon", "coordinates": [ [ [ -156.536371899920653, 20.985937430277652 ], [ -156.535602173100528, 20.985005580718411 ], [ -156.53395748495879, 20.984646336991336 ], [ -156.534512712785755, 20.98440267506199 ], [ -156.535136951008184, 20.984484857339961 ], [ -156.536113396186749, 20.98337525275738 ], [ -156.536886233164466, 20.98363641950829 ], [ -156.536063790034291, 20.984235591679894 ], [ -156.536615076434913, 20.985519679442806 ], [ -156.536925444904256, 20.985178292355513 ], [ -156.537627162512592, 20.983679277890992 ], [ -156.538544968047944, 20.983585413219071 ], [ -156.538587417039054, 20.983951348309436 ], [ -156.537893298604047, 20.984214310730597 ], [ -156.537472389403433, 20.987036882543649 ], [ -156.537737892177944, 20.989328278334565 ], [ -156.537318236565028, 20.988810334777238 ], [ -156.537004403796601, 20.986117206573887 ], [ -156.536371899920653, 20.985937430277652 ] ] ] } },
{ "type": "Feature", "properties": { "ID": 286, "GRIDCODE": 2 }, "geometry": { "type": "Polygon", "coordinates": [ [ [ -156.526670151995148, 20.979566492743491 ], [ -156.527307878770671, 20.979734473921685 ], [ -156.527434533362651, 20.980390237132188 ], [ -156.527194358726348, 20.981445936872358 ], [ -156.528036076137425, 20.981302349370722 ], [ -156.527646936788273, 20.982989045283723 ], [ -156.527127421671935, 20.983732110842496 ], [ -156.527961306223574, 20.984048036065641 ], [ -156.526907549438334, 20.984734536330663 ], [ -156.527083527168799, 20.985644967113338 ], [ -156.525590315209598, 20.985273691263817 ], [ -156.526125744594538, 20.984283525362791 ], [ -156.526484208584947, 20.984050125757253 ], [ -156.526345849929839, 20.983335598238892 ], [ -156.526807671338958, 20.982675289400628 ], [ -156.526446768035129, 20.982424296184014 ], [ -156.526682393051374, 20.981388768807001 ], [ -156.526065340614593, 20.981264865230102 ], [ -156.52478751132665, 20.981482785851611 ], [ -156.525724468665459, 20.980653075538829 ], [ -156.52674942391593, 20.980858826227372 ], [ -156.526911875694537, 20.980144435522821 ], [ -156.526670151995148, 20.979566492743491 ] ] ] } },
{ "type": "Feature", "properties": { "ID": 287, "GRIDCODE": 2 }, "geometry": { "type": "Polygon", "coordinates": [ [ [ -156.526670151995148, 20.979566492743491 ], [ -156.526008812161393, 20.979447104678506 ], [ -156.526519248850718, 20.979220408864986 ], [ -156.526670151995148, 20.979566492743491 ] ] ] } },
{ "type": "Feature", "properties": { "ID": 288, "GRIDCODE": 2 }, "geometry": { "type": "Polygon", "coordinates": [ [ [ -156.526124674371232, 20.977662401800945 ], [ -156.525981043665922, 20.977798401031883 ], [ -156.524543109332342, 20.978213717944101 ], [ -156.525568632487534, 20.979683284803031 ], [ -156.523945034965948, 20.978836063744023 ], [ -156.524334696393737, 20.97778571755719 ], [ -156.526124674371232, 20.977662401800945 ] ] ] } },
{ "type": "Feature", "properties": { "ID": 289, "GRIDCODE": 2 }, "geometry": { "type": "Polygon", "coordinates": [ [ [ -156.526551228759729, 20.96927128054196 ], [ -156.526891051296332, 20.969535059501421 ], [ -156.527213423124181, 20.971869213411921 ], [ -156.527539070298076, 20.972121939977292 ], [ -156.527136626892371, 20.973061537057816 ], [ -156.527439189041274, 20.975675543008553 ], [ -156.526806858793606, 20.977165334303589 ], [ -156.526124674371232, 20.977662401800945 ], [ -156.526287299115268, 20.975893984951984 ], [ -156.526868389534087, 20.974950372179041 ], [ -156.526909023794616, 20.974552179568366 ], [ -156.526610978365511, 20.973751741165902 ], [ -156.526357746610785, 20.972915315547112 ], [ -156.525717102578824, 20.972635525952619 ], [ -156.52663414970084, 20.971916354695402 ], [ -156.526714721927362, 20.971127895143844 ], [ -156.526551228759729, 20.96927128054196 ] ] ] } },
{ "type": "Feature", "properties": { "ID": 290, "GRIDCODE": 2 }, "geometry": { "type": "Polygon", "coordinates": [ [ [ -156.523770550816465, 20.963000620572192 ], [ -156.524058868060393, 20.963004810342817 ], [ -156.524054407757205, 20.963275626618703 ], [ -156.523766089995149, 20.963271436788975 ], [ -156.523770550816465, 20.963000620572192 ] ] ] } },
{ "type": "Feature", "properties": { "ID": 291, "GRIDCODE": 2 }, "geometry": { "type": "Polygon", "coordinates": [ [ [ -156.526551228759729, 20.96927128054196 ], [ -156.526398427446253, 20.969143673412429 ], [ -156.525586380696069, 20.967215607200519 ], [ -156.525185318848031, 20.9665151195119 ], [ -156.525360567624659, 20.964800055978664 ], [ -156.524054407757205, 20.963275626618703 ], [ -156.524495519542853, 20.963407424250125 ], [ -156.525830609702638, 20.964132721183169 ], [ -156.528249912273054, 20.962910377870383 ], [ -156.528504896793606, 20.963811504663898 ], [ -156.526600446120852, 20.965305064463415 ], [ -156.525880054067358, 20.965594584663869 ], [ -156.525597287257085, 20.966553111826045 ], [ -156.52674745119711, 20.967513400677305 ], [ -156.52638680596101, 20.967796372766596 ], [ -156.526551228759729, 20.96927128054196 ] ] ] } },
{ "type": "Feature", "properties": { "ID": 292, "GRIDCODE": 2 }, "geometry": { "type": "Polygon", "coordinates": [ [ [ -156.523770550816465, 20.963000620572192 ], [ -156.523109286052119, 20.962881228504347 ], [ -156.523619666999423, 20.962654535830602 ], [ -156.523770550816465, 20.963000620572192 ] ] ] } },
{ "type": "Feature", "properties": { "ID": 293, "GRIDCODE": 2 }, "geometry": { "type": "Polygon", "coordinates": [ [ [ -156.522054040208758, 20.962163024083267 ], [ -156.523032775456784, 20.962414142871008 ], [ -156.5225225085251, 20.962821907657705 ], [ -156.522054040208758, 20.962163024083267 ] ] ] } },
{ "type": "Feature", "properties": { "ID": 294, "GRIDCODE": 2 }, "geometry": { "type": "Polygon", "coordinates": [ [ [ -156.520918642311244, 20.961062986450028 ], [ -156.521593557852611, 20.961515366021423 ], [ -156.522054040208758, 20.962163024083267 ], [ -156.521045583683701, 20.961904192919615 ], [ -156.520918642311244, 20.961062986450028 ] ] ] } },
{ "type": "Feature", "properties": { "ID": 295, "GRIDCODE": 2 }, "geometry": { "type": "Polygon", "coordinates": [ [ [ -156.516980651707286, 20.955046286820188 ], [ -156.517595821952312, 20.955191878089295 ], [ -156.518320941413208, 20.956490706646839 ], [ -156.51819976141357, 20.956837197953149 ], [ -156.518728953511214, 20.957568794079904 ], [ -156.520028159965392, 20.958006061662079 ], [ -156.521030162634844, 20.958688847468327 ], [ -156.520485848498765, 20.958992944191234 ], [ -156.520023457463594, 20.959674263143576 ], [ -156.520816063923746, 20.960623032474338 ], [ -156.520918642311244, 20.961062986450028 ], [ -156.520215425251337, 20.960636381325916 ], [ -156.51907015545126, 20.960136147439854 ], [ -156.519346964081421, 20.959540219299942 ], [ -156.519924836280239, 20.958601870925317 ], [ -156.517632855643683, 20.957315812015878 ], [ -156.517684567565624, 20.956810384169149 ], [ -156.51710723093754, 20.955464503322609 ], [ -156.516980651707286, 20.955046286820188 ] ] ] } },
{ "type": "Feature", "properties": { "ID": 296, "GRIDCODE": 2 }, "geometry": { "type": "Polygon", "coordinates": [ [ [ -156.287668085040366, 20.943155262181346 ], [ -156.287563338065553, 20.943483818777793 ], [ -156.287315139932161, 20.943242352893026 ], [ -156.287668085040366, 20.943155262181346 ] ] ] } },
{ "type": "Feature", "properties": { "ID": 297, "GRIDCODE": 2 }, "geometry": { "type": "Polygon", "coordinates": [ [ [ -156.317077104159608, 20.943078869529231 ], [ -156.317181788448181, 20.942750287745444 ], [ -156.317430039195813, 20.942991715221737 ], [ -156.317077104159608, 20.943078869529231 ] ] ] } },
{ "type": "Feature", "properties": { "ID": 298, "GRIDCODE": 2 }, "geometry": { "type": "Polygon", "coordinates": [ [ [ -156.33005722905969, 20.942740919818355 ], [ -156.330052424597767, 20.94301169532217 ], [ -156.32976418974016, 20.943007181604344 ], [ -156.329768994719274, 20.942736406164247 ], [ -156.33005722905969, 20.942740919818355 ] ] ] } },
{ "type": "Feature", "properties": { "ID": 299, "GRIDCODE": 2 }, "geometry": { "type": "Polygon", "coordinates": [ [ [ -156.291429639611948, 20.942402526788857 ], [ -156.291596411663505, 20.942053131201565 ], [ -156.292086569804439, 20.942304517615643 ], [ -156.291429639611948, 20.942402526788857 ] ] ] } },
{ "type": "Feature", "properties": { "ID": 300, "GRIDCODE": 2 }, "geometry": { "type": "Polygon", "coordinates": [ [ [ -156.330350267344897, 20.942474657409353 ], [ -156.330345463476732, 20.942745432986502 ], [ -156.33005722905969, 20.942740919818355 ], [ -156.330062033445017, 20.942470144304917 ], [ -156.330350267344897, 20.942474657409353 ] ] ] } },
{ "type": "Feature", "properties": { "ID": 301, "GRIDCODE": 2 }, "geometry": { "type": "Polygon", "coordinates": [ [ [ -156.282734040940085, 20.944972599504066 ], [ -156.282911162802947, 20.944425537390774 ], [ -156.284098406843469, 20.943773826616873 ], [ -156.28472937470346, 20.942306537915815 ], [ -156.284590564711351, 20.941089897139356 ], [ -156.285335641316635, 20.942098511783133 ], [ -156.28512645347945, 20.943487220274474 ], [ -156.287495363606524, 20.943849725199495 ], [ -156.286369756062385, 20.944097499400865 ], [ -156.284269314824314, 20.944350635819422 ], [ -156.282734040940085, 20.944972599504066 ] ] ] } },
{ "type": "Feature", "properties": { "ID": 302, "GRIDCODE": 2 }, "geometry": { "type": "Polygon", "coordinates": [ [ [ -156.291429639611948, 20.942402526788857 ], [ -156.291324924094965, 20.942589052480095 ], [ -156.290409969538047, 20.942990964166864 ], [ -156.289693685053152, 20.942648165942096 ], [ -156.288725799319224, 20.943081098476327 ], [ -156.287668085040366, 20.943155262181346 ], [ -156.287791397124266, 20.942999452049353 ], [ -156.289020666627863, 20.942576367836789 ], [ -156.288588933256278, 20.940348397948437 ], [ -156.289030608197862, 20.940852408510217 ], [ -156.289414907125575, 20.941837814735084 ], [ -156.290111022197948, 20.942268502670231 ], [ -156.291429639611948, 20.942402526788857 ] ] ] } },
{ "type": "Feature", "properties": { "ID": 303, "GRIDCODE": 2 }, "geometry": { "type": "Polygon", "coordinates": [ [ [ -156.302714135867092, 20.940143797173111 ], [ -156.302704429848433, 20.940685336159675 ], [ -156.302416205925454, 20.940680776726794 ], [ -156.302425912978208, 20.940139237868944 ], [ -156.302714135867092, 20.940143797173111 ] ] ] } },
{ "type": "Feature", "properties": { "ID": 304, "GRIDCODE": 2 }, "geometry": { "type": "Polygon", "coordinates": [ [ [ -156.302714135867092, 20.940143797173111 ], [ -156.302818847642129, 20.939815227292197 ], [ -156.303067068483955, 20.940056672759102 ], [ -156.302714135867092, 20.940143797173111 ] ] ] } },
{ "type": "Feature", "properties": { "ID": 305, "GRIDCODE": 2 }, "geometry": { "type": "Polygon", "coordinates": [ [ [ -156.303588507605042, 20.939615932759118 ], [ -156.303483797646635, 20.939944503317442 ], [ -156.303235576223955, 20.939703058402582 ], [ -156.303588507605042, 20.939615932759118 ] ] ] } },
{ "type": "Feature", "properties": { "ID": 306, "GRIDCODE": 2 }, "geometry": { "type": "Polygon", "coordinates": [ [ [ -156.334145282254468, 20.939825518967385 ], [ -156.333682676483335, 20.940477957692913 ], [ -156.333178606279091, 20.943009173729433 ], [ -156.33190461104553, 20.942259743643977 ], [ -156.330350267344897, 20.942474657409353 ], [ -156.330492928480169, 20.941511455896521 ], [ -156.33111073099704, 20.941285190227354 ], [ -156.33152279628132, 20.940800325036477 ], [ -156.332827581746358, 20.939922882634445 ], [ -156.334145282254468, 20.939825518967385 ] ] ] } },
{ "type": "Feature", "properties": { "ID": 307, "GRIDCODE": 2 }, "geometry": { "type": "Polygon", "coordinates": [ [ [ -156.304169802164466, 20.939354276888544 ], [ -156.304164952011035, 20.939625046737316 ], [ -156.303588507605042, 20.939615932759118 ], [ -156.303593358792511, 20.939345163038993 ], [ -156.304169802164466, 20.939354276888544 ] ] ] } },
{ "type": "Feature", "properties": { "ID": 308, "GRIDCODE": 2 }, "geometry": { "type": "Polygon", "coordinates": [ [ [ -156.290916556867757, 20.938873399786825 ], [ -156.292203181415204, 20.939250508370034 ], [ -156.292929469726033, 20.940899274204291 ], [ -156.29351326324786, 20.941204248775978 ], [ -156.293903066408149, 20.940397901158658 ], [ -156.295096558456237, 20.939629429619156 ], [ -156.29547991866815, 20.938836199763422 ], [ -156.296216095969726, 20.940030573100593 ], [ -156.295331601109183, 20.94069736185066 ], [ -156.295869510265334, 20.942114604935277 ], [ -156.297061770784978, 20.941258287396096 ], [ -156.297516684814894, 20.94130914003243 ], [ -156.297911273345449, 20.941959973814775 ], [ -156.296397951306403, 20.942351245897701 ], [ -156.295870093143066, 20.942928207359479 ], [ -156.294488058944893, 20.942155244087282 ], [ -156.293322653941686, 20.941658273590342 ], [ -156.292149163508356, 20.941751920440474 ], [ -156.291872484653425, 20.940135816786544 ], [ -156.290916556867757, 20.938873399786825 ] ], [ [ -156.294048008506451, 20.941089876898523 ], [ -156.294397460425984, 20.941713419152897 ], [ -156.294724162072356, 20.94123774733249 ], [ -156.294048008506451, 20.941089876898523 ] ] ] } },
{ "type": "Feature", "properties": { "ID": 309, "GRIDCODE": 2 }, "geometry": { "type": "Polygon", "coordinates": [ [ [ -156.335600812946211, 20.939035711917683 ], [ -156.335596019380745, 20.939306488765549 ], [ -156.33501956131326, 20.939297481091586 ], [ -156.33502435591285, 20.939026704370878 ], [ -156.335600812946211, 20.939035711917683 ] ] ] } },
{ "type": "Feature", "properties": { "ID": 310, "GRIDCODE": 2 }, "geometry": { "type": "Polygon", "coordinates": [ [ [ -156.317077104159608, 20.943078869529231 ], [ -156.316928874769786, 20.944317838025142 ], [ -156.316623382760611, 20.944270577930343 ], [ -156.316334436507105, 20.944305969621382 ], [ -156.316035683813624, 20.94425974032 ], [ -156.315476134227964, 20.944564892741738 ], [ -156.315177381477554, 20.944518661908766 ], [ -156.31464519831016, 20.944583943914971 ], [ -156.313780884129926, 20.94407544885723 ], [ -156.312675842508639, 20.943630206594303 ], [ -156.311432889852682, 20.942063685058304 ], [ -156.310023176905474, 20.941495524282203 ], [ -156.307939939372716, 20.940191464092855 ], [ -156.305899134136183, 20.939381606776816 ], [ -156.306239674741335, 20.938995660393068 ], [ -156.307998007931388, 20.939605192658242 ], [ -156.309295863086788, 20.940349743323395 ], [ -156.310389514687415, 20.938720619302746 ], [ -156.310638262107602, 20.94054033214443 ], [ -156.312085641990024, 20.940953951880903 ], [ -156.312341895537969, 20.942165432847215 ], [ -156.313192883349075, 20.943198623992163 ], [ -156.31526154654631, 20.943983316260454 ], [ -156.316648462302282, 20.943764189732409 ], [ -156.316914796351398, 20.943196795491748 ], [ -156.317077104159608, 20.943078869529231 ] ] ] } },
{ "type": "Feature", "properties": { "ID": 311, "GRIDCODE": 2 }, "geometry": { "type": "Polygon", "coordinates": [ [ [ -156.335600812946211, 20.939035711917683 ], [ -156.335705454235409, 20.938707113958284 ], [ -156.335953732133902, 20.938948517014072 ], [ -156.335600812946211, 20.939035711917683 ] ] ] } },
{ "type": "Feature", "properties": { "ID": 312, "GRIDCODE": 2 }, "geometry": { "type": "Polygon", "coordinates": [ [ [ -156.262964732700453, 20.938156217642881 ], [ -156.263184244973672, 20.937495204851832 ], [ -156.264230272234357, 20.9378292468718 ], [ -156.262964732700453, 20.938156217642881 ] ] ] } },
{ "type": "Feature", "properties": { "ID": 313, "GRIDCODE": 2 }, "geometry": { "type": "Polygon", "coordinates": [ [ [ -156.260380706524273, 20.937573045905044 ], [ -156.260275907392213, 20.937901579795671 ], [ -156.26002776614024, 20.937660079820912 ], [ -156.260380706524273, 20.937573045905044 ] ] ] } },
{ "type": "Feature", "properties": { "ID": 314, "GRIDCODE": 2 }, "geometry": { "type": "Polygon", "coordinates": [ [ [ -156.336186855118797, 20.938503163542041 ], [ -156.336536492563653, 20.938601333196964 ], [ -156.33627980908139, 20.938834848446529 ], [ -156.336186855118797, 20.938503163542041 ] ] ] } },
{ "type": "Feature", "properties": { "ID": 315, "GRIDCODE": 2 }, "geometry": { "type": "Polygon", "coordinates": [ [ [ -156.33501956131326, 20.939297481091586 ], [ -156.334919550330852, 20.939475780539791 ], [ -156.334145282254468, 20.939825518967385 ], [ -156.333975210652994, 20.938348121461452 ], [ -156.334461052674726, 20.938688329143233 ], [ -156.334861535742988, 20.939174530099894 ], [ -156.33501956131326, 20.939297481091586 ] ] ] } },
{ "type": "Feature", "properties": { "ID": 316, "GRIDCODE": 2 }, "geometry": { "type": "Polygon", "coordinates": [ [ [ -156.264420545156554, 20.937367057627746 ], [ -156.264770115039767, 20.937465369220828 ], [ -156.264513335562441, 20.937698764442061 ], [ -156.264420545156554, 20.937367057627746 ] ] ] } },
{ "type": "Feature", "properties": { "ID": 317, "GRIDCODE": 2 }, "geometry": { "type": "Polygon", "coordinates": [ [ [ -156.338209239656663, 20.938263889509809 ], [ -156.338104604079803, 20.938592489641433 ], [ -156.337856322865804, 20.938351089405014 ], [ -156.338209239656663, 20.938263889509809 ] ] ] } },
{ "type": "Feature", "properties": { "ID": 318, "GRIDCODE": 2 }, "geometry": { "type": "Polygon", "coordinates": [ [ [ -156.265001882159908, 20.937105541869158 ], [ -156.265702922874794, 20.937306027566454 ], [ -156.265187402911096, 20.937756919708693 ], [ -156.265001882159908, 20.937105541869158 ] ] ] } },
{ "type": "Feature", "properties": { "ID": 319, "GRIDCODE": 2 }, "geometry": { "type": "Polygon", "coordinates": [ [ [ -156.32976418974016, 20.943007181604344 ], [ -156.329607326248322, 20.943405843120232 ], [ -156.329250440521207, 20.945016495838281 ], [ -156.328471227475546, 20.944199407000063 ], [ -156.327334136765444, 20.944223906457104 ], [ -156.325630709307347, 20.943082981075619 ], [ -156.325025615262774, 20.943528035513147 ], [ -156.323840421152966, 20.944690304623876 ], [ -156.323232443482823, 20.945201828398545 ], [ -156.322939577090352, 20.945489107389985 ], [ -156.322351104355022, 20.945458044633664 ], [ -156.322379261024992, 20.946612903022285 ], [ -156.320478965311707, 20.946156008922955 ], [ -156.319631706747145, 20.944957064924989 ], [ -156.319220801770882, 20.943793809801424 ], [ -156.319267601397485, 20.943015987183433 ], [ -156.3187128853817, 20.94243422375731 ], [ -156.317954247634418, 20.942394122961151 ], [ -156.316674656707733, 20.942421600674763 ], [ -156.31664801793795, 20.941326017011637 ], [ -156.317233708334982, 20.940832946129166 ], [ -156.317573745303264, 20.939968484983766 ], [ -156.315286625417627, 20.9387110295126 ], [ -156.315742657419577, 20.938067933870119 ], [ -156.317007564786763, 20.938040757754575 ], [ -156.317552307969805, 20.938612184729902 ], [ -156.317887674716843, 20.938356926334954 ], [ -156.318431267755898, 20.93782377703241 ], [ -156.319570208238275, 20.938324793297117 ], [ -156.319614471448773, 20.940139437370068 ], [ -156.319527598752387, 20.941586611669351 ], [ -156.321579418033679, 20.941926733400269 ], [ -156.320665378667286, 20.943008465939879 ], [ -156.320685126139182, 20.943812727485923 ], [ -156.320636707994623, 20.944618562771598 ], [ -156.321085653916327, 20.944642281075229 ], [ -156.321662507137916, 20.944629919405365 ], [ -156.323014969897372, 20.944701547795336 ], [ -156.32441909885145, 20.943324506852822 ], [ -156.324997628187873, 20.942837511102677 ], [ -156.325303053706449, 20.942254976029343 ], [ -156.325888434807837, 20.941762264991873 ], [ -156.325616981743025, 20.941447350071908 ], [ -156.324868200812432, 20.940773556261526 ], [ -156.325352677670281, 20.940365888004113 ], [ -156.324259572156336, 20.938979148736905 ], [ -156.325365863203956, 20.939037765813183 ], [ -156.326663738988003, 20.939009845261246 ], [ -156.327388611382133, 20.939048186408229 ], [ -156.328201292004252, 20.938660332013043 ], [ -156.328605047771788, 20.939500236998072 ], [ -156.329393035009048, 20.937996979024071 ], [ -156.329991834134461, 20.937984136836477 ], [ -156.329680865927429, 20.939896251309758 ], [ -156.328803013358907, 20.941052793929856 ], [ -156.328698256023301, 20.942798588468516 ], [ -156.32976418974016, 20.943007181604344 ] ], [ [ -156.327799438257387, 20.939997046508598 ], [ -156.327892373680385, 20.940328734052699 ], [ -156.328149071488468, 20.940095233150487 ], [ -156.327799438257387, 20.939997046508598 ] ] ] } },
{ "type": "Feature", "properties": { "ID": 320, "GRIDCODE": 2 }, "geometry": { "type": "Polygon", "coordinates": [ [ [ -156.305899134136183, 20.939381606776816 ], [ -156.305697883135139, 20.939740261529909 ], [ -156.304551628157697, 20.939540171733459 ], [ -156.304169802164466, 20.939354276888544 ], [ -156.304343562940005, 20.938958688863618 ], [ -156.304199888392645, 20.937926063407758 ], [ -156.304789923494042, 20.938669505620645 ], [ -156.305218659597358, 20.938169501525334 ], [ -156.305587002187394, 20.937362781232952 ], [ -156.305502031931127, 20.938444825889515 ], [ -156.305037397373582, 20.939141447175221 ], [ -156.305899134136183, 20.939381606776816 ] ] ] } },
{ "type": "Feature", "properties": { "ID": 321, "GRIDCODE": 2 }, "geometry": { "type": "Polygon", "coordinates": [ [ [ -156.299313770367434, 20.936839827998252 ], [ -156.2992090540682, 20.937168395219654 ], [ -156.298960844313001, 20.936926945247603 ], [ -156.299313770367434, 20.936839827998252 ] ] ] } },
{ "type": "Feature", "properties": { "ID": 322, "GRIDCODE": 2 }, "geometry": { "type": "Polygon", "coordinates": [ [ [ -156.266174385968526, 20.936040980929544 ], [ -156.266046273469954, 20.936661806812968 ], [ -156.265805826253114, 20.936182262553565 ], [ -156.266174385968526, 20.936040980929544 ] ] ] } },
{ "type": "Feature", "properties": { "ID": 323, "GRIDCODE": 2 }, "geometry": { "type": "Polygon", "coordinates": [ [ [ -156.300476346288747, 20.936316542358473 ], [ -156.300667241484177, 20.937210790052418 ], [ -156.300384665461507, 20.939936861929056 ], [ -156.299627496259006, 20.94024002234627 ], [ -156.300343139482919, 20.940839200388972 ], [ -156.302416205925454, 20.940680776726794 ], [ -156.301964369098613, 20.941212014125348 ], [ -156.300812267359788, 20.941353405179147 ], [ -156.299291403369494, 20.94091049136307 ], [ -156.298095850743778, 20.941057126982962 ], [ -156.297935273179974, 20.939902034533649 ], [ -156.298543379374536, 20.938570666271293 ], [ -156.299810752954812, 20.937212968986081 ], [ -156.299313770367434, 20.936839827998252 ], [ -156.299442043953945, 20.936688979500936 ], [ -156.300476346288747, 20.936316542358473 ] ] ] } },
{ "type": "Feature", "properties": { "ID": 324, "GRIDCODE": 2 }, "geometry": { "type": "Polygon", "coordinates": [ [ [ -156.249751700710476, 20.935506099148057 ], [ -156.250422459488732, 20.935697957757622 ], [ -156.252448937729525, 20.936899663339073 ], [ -156.251989111226379, 20.937166398366895 ], [ -156.251010040358324, 20.936760099608247 ], [ -156.25047120941349, 20.936450688232501 ], [ -156.249273047760823, 20.936186846190964 ], [ -156.249751700710476, 20.935506099148057 ] ] ] } },
{ "type": "Feature", "properties": { "ID": 325, "GRIDCODE": 2 }, "geometry": { "type": "Polygon", "coordinates": [ [ [ -156.300476346288747, 20.936316542358473 ], [ -156.300581059091797, 20.935987973963861 ], [ -156.300829270374663, 20.936229421712731 ], [ -156.300476346288747, 20.936316542358473 ] ] ] } },
{ "type": "Feature", "properties": { "ID": 326, "GRIDCODE": 2 }, "geometry": { "type": "Polygon", "coordinates": [ [ [ -156.268504605189321, 20.934724114966436 ], [ -156.268297030721925, 20.93538043546156 ], [ -156.267417265591462, 20.935115470723527 ], [ -156.268504605189321, 20.934724114966436 ] ] ] } },
{ "type": "Feature", "properties": { "ID": 327, "GRIDCODE": 2 }, "geometry": { "type": "Polygon", "coordinates": [ [ [ -156.266174385968526, 20.936040980929544 ], [ -156.266069484885037, 20.935337336510543 ], [ -156.265662835572726, 20.934026341098473 ], [ -156.266377357485993, 20.934258910276423 ], [ -156.26660191275883, 20.934853914474271 ], [ -156.26703523328888, 20.935502782069268 ], [ -156.266174385968526, 20.936040980929544 ] ] ] } },
{ "type": "Feature", "properties": { "ID": 328, "GRIDCODE": 2 }, "geometry": { "type": "Polygon", "coordinates": [ [ [ -156.271972876639182, 20.934237942902527 ], [ -156.271663647660148, 20.934601171344518 ], [ -156.271236177223983, 20.934653579164554 ], [ -156.270034046360735, 20.934187348364699 ], [ -156.268504605189321, 20.934724114966436 ], [ -156.268687390071506, 20.934146083662199 ], [ -156.270287503765843, 20.933950055044889 ], [ -156.271972876639182, 20.934237942902527 ] ] ] } },
{ "type": "Feature", "properties": { "ID": 329, "GRIDCODE": 2 }, "geometry": { "type": "Polygon", "coordinates": [ [ [ -156.282734040940085, 20.944972599504066 ], [ -156.282992862651099, 20.945638887577683 ], [ -156.28149764881266, 20.945336142040375 ], [ -156.280428146579027, 20.94403668293829 ], [ -156.278937267082313, 20.943153024126619 ], [ -156.278585688739213, 20.941918969026869 ], [ -156.277163922034134, 20.941076339104452 ], [ -156.276295851274824, 20.939633414178584 ], [ -156.275644640152507, 20.937347305719062 ], [ -156.273824490491364, 20.934767441992577 ], [ -156.271972876639182, 20.934237942902527 ], [ -156.271624379392506, 20.93331933734056 ], [ -156.27214567940706, 20.933277818338947 ], [ -156.27253190614195, 20.933730195432997 ], [ -156.274124794025283, 20.934197232397814 ], [ -156.274968595242882, 20.934878695320108 ], [ -156.275315268358042, 20.935666078019416 ], [ -156.276164905143787, 20.936352522560792 ], [ -156.276717398911899, 20.939582354948346 ], [ -156.277427686437733, 20.938806562171393 ], [ -156.277512307698515, 20.939607082408365 ], [ -156.277383930402038, 20.940618309880328 ], [ -156.278672750510054, 20.941339396756916 ], [ -156.278615050998923, 20.940700118783035 ], [ -156.279014693869385, 20.940069990674136 ], [ -156.279602461709317, 20.938299584848817 ], [ -156.279804029611398, 20.94046557237532 ], [ -156.279474811139181, 20.940984680497507 ], [ -156.279524815394154, 20.941535891323781 ], [ -156.279440427346429, 20.942201335426308 ], [ -156.279726020765764, 20.943176719061306 ], [ -156.280923231426556, 20.943687379356 ], [ -156.281888249696578, 20.944817083343679 ], [ -156.282734040940085, 20.944972599504066 ] ] ] } },
{ "type": "Feature", "properties": { "ID": 330, "GRIDCODE": 2 }, "geometry": { "type": "Polygon", "coordinates": [ [ [ -156.262964732700453, 20.938156217642881 ], [ -156.262624910255113, 20.939317568534673 ], [ -156.261748227299108, 20.938727959349926 ], [ -156.261053229863478, 20.937746775355329 ], [ -156.260380706524273, 20.937573045905044 ], [ -156.2592466274088, 20.936292803336052 ], [ -156.258519768017266, 20.936336002540674 ], [ -156.257695543730364, 20.935217707666911 ], [ -156.256368683334898, 20.9341060042902 ], [ -156.255886395233176, 20.93304200151735 ], [ -156.254250297100612, 20.933266408427059 ], [ -156.253105144719967, 20.934001767089416 ], [ -156.254260324787339, 20.931944778477192 ], [ -156.25520030412352, 20.931637492847667 ], [ -156.255741614356452, 20.93168706635084 ], [ -156.256156288533674, 20.929741133380599 ], [ -156.257044068795722, 20.928805755662321 ], [ -156.258108431385182, 20.929272765812691 ], [ -156.25759408960397, 20.929674988271994 ], [ -156.257121565603228, 20.930439572820539 ], [ -156.257439844908788, 20.932254470510355 ], [ -156.257752909631563, 20.932516721531549 ], [ -156.256904727781716, 20.933888883392989 ], [ -156.257431190242016, 20.933857676011456 ], [ -156.257926760050537, 20.934950586420094 ], [ -156.258516666615378, 20.934543099366962 ], [ -156.259448095089482, 20.933561729630757 ], [ -156.259698589351274, 20.935977915644447 ], [ -156.26223579352947, 20.938019147502125 ], [ -156.262964732700453, 20.938156217642881 ] ] ] } },
{ "type": "Feature", "properties": { "ID": 331, "GRIDCODE": 2 }, "geometry": { "type": "Polygon", "coordinates": [ [ [ -156.237736738187294, 20.93043688429767 ], [ -156.237603557654978, 20.929241226340856 ], [ -156.236742698043912, 20.930636341987615 ], [ -156.237736738187294, 20.93043688429767 ], [ -156.237454368497453, 20.930713462051234 ], [ -156.236998311063871, 20.93109685606235 ], [ -156.236128828849473, 20.931948569799751 ], [ -156.235703833326085, 20.930133778651577 ], [ -156.235158351709742, 20.929561183284299 ], [ -156.234715158192955, 20.929995164323159 ], [ -156.234289682892637, 20.92865207678037 ], [ -156.233302259933851, 20.928599169396669 ], [ -156.232730566474856, 20.928611187782224 ], [ -156.231887656435703, 20.927726160255563 ], [ -156.231022183398892, 20.92857394499006 ], [ -156.230564611866129, 20.928549457862591 ], [ -156.230126972121411, 20.928558618459284 ], [ -156.229571298269832, 20.927975394944514 ], [ -156.228701090871027, 20.927993660352659 ], [ -156.228125124069464, 20.927962747241317 ], [ -156.227696551193247, 20.928779260912044 ], [ -156.227263742201615, 20.928082711355749 ], [ -156.227585166155137, 20.927642672780415 ], [ -156.228426675616987, 20.92693509199561 ], [ -156.228155468888389, 20.926620046637169 ], [ -156.227849752562207, 20.926344642121876 ], [ -156.227912422347714, 20.925310461084454 ], [ -156.227084572507323, 20.923319445113005 ], [ -156.227062757955622, 20.922409522493385 ], [ -156.227118055560624, 20.92150058843059 ], [ -156.226803782798356, 20.921170692122963 ], [ -156.225902922697088, 20.921189506724765 ], [ -156.225969623177008, 20.92008966772568 ], [ -156.225962539279294, 20.919786451497323 ], [ -156.226842500709836, 20.918287495474008 ], [ -156.227253550654922, 20.917136517550006 ], [ -156.227751601344551, 20.917406846738508 ], [ -156.226841208358792, 20.919718741932119 ], [ -156.22721062876721, 20.920646347352797 ], [ -156.22769852592134, 20.920122921344269 ], [ -156.228403324841281, 20.918780198905672 ], [ -156.228564187971301, 20.920134998859858 ], [ -156.228008839332688, 20.921081039195137 ], [ -156.227876320535671, 20.923264734037254 ], [ -156.228200316737656, 20.924183269103342 ], [ -156.228632771977885, 20.926030855012062 ], [ -156.229081608376418, 20.927447593699828 ], [ -156.23045075540324, 20.927209306917629 ], [ -156.231030984627694, 20.926395907035428 ], [ -156.231335497793367, 20.926139932789585 ], [ -156.231317761304894, 20.925389692462407 ], [ -156.231772853450337, 20.924522418666356 ], [ -156.231936638501452, 20.924785595628588 ], [ -156.232254813554761, 20.926144930924139 ], [ -156.233088270841364, 20.925245836994534 ], [ -156.233065051631343, 20.924272544357219 ], [ -156.233879590123877, 20.924954507886742 ], [ -156.233347489373585, 20.926443803614305 ], [ -156.23275232414187, 20.927457848225679 ], [ -156.233312197854673, 20.927797802303836 ], [ -156.233605366323758, 20.927791580345133 ], [ -156.234237582796879, 20.927825502779658 ], [ -156.235559119483781, 20.926530965024472 ], [ -156.235996610115222, 20.927772020370409 ], [ -156.235448203751389, 20.928233128548218 ], [ -156.235901543762253, 20.928641569897852 ], [ -156.236579756521962, 20.92966686781212 ], [ -156.237730726078098, 20.928539483390193 ], [ -156.239096035381579, 20.928157579722601 ], [ -156.239757234083498, 20.925735119657904 ], [ -156.240568564283677, 20.926287138983501 ], [ -156.240487039988437, 20.927632859618754 ], [ -156.241370482762392, 20.928428975380832 ], [ -156.240689662292681, 20.929725859514853 ], [ -156.23986176257938, 20.930076798232278 ], [ -156.241033515913557, 20.931132680598299 ], [ -156.240736004688102, 20.932251017798084 ], [ -156.24031521866965, 20.932967982231684 ], [ -156.241950126325577, 20.933361933616563 ], [ -156.243504944630047, 20.934993837485326 ], [ -156.243900472189296, 20.933856977039113 ], [ -156.243499300224158, 20.931196878433493 ], [ -156.242797078937372, 20.929896146851146 ], [ -156.244341623096545, 20.929565631671498 ], [ -156.244784229875563, 20.930962273952282 ], [ -156.245367105324362, 20.931232209485852 ], [ -156.245638898010839, 20.931517750397589 ], [ -156.245933584085606, 20.931783030451246 ], [ -156.246200426350725, 20.932339327648002 ], [ -156.246495114966336, 20.932604606995767 ], [ -156.24677741109204, 20.932901027866603 ], [ -156.247920275170287, 20.93287702139347 ], [ -156.247339709035884, 20.933711902933389 ], [ -156.245987268831726, 20.93521947872798 ], [ -156.246997674881271, 20.935742817576642 ], [ -156.248419462604545, 20.936401595278458 ], [ -156.248446218683682, 20.937509841036899 ], [ -156.248103741034527, 20.937517142579605 ], [ -156.247067880753377, 20.936429771454833 ], [ -156.245559634926479, 20.935849859051778 ], [ -156.244998798229091, 20.935559251709954 ], [ -156.244705612580191, 20.935565491642546 ], [ -156.244129606868825, 20.935534629080053 ], [ -156.243552812409376, 20.935546863493411 ], [ -156.243264811102733, 20.935531364417628 ], [ -156.242971907256134, 20.935537605913403 ], [ -156.241465472662952, 20.935014024774173 ], [ -156.240812142331009, 20.935653965107473 ], [ -156.240137077771266, 20.934945454797255 ], [ -156.238675097188519, 20.934593164422093 ], [ -156.239323069943282, 20.933170922648383 ], [ -156.240154761553754, 20.931754162367245 ], [ -156.240189936162494, 20.931171402746585 ], [ -156.238752768009732, 20.930312362111263 ], [ -156.2384595937109, 20.930318592403307 ], [ -156.238167103437434, 20.930302880766895 ], [ -156.237736738187294, 20.93043688429767 ] ] ] } },
{ "type": "Feature", "properties": { "ID": 332, "GRIDCODE": 2 }, "geometry": { "type": "Polygon", "coordinates": [ [ [ -156.401493229423835, 20.913237071963461 ], [ -156.401326739716723, 20.913586606725399 ], [ -156.400836448908763, 20.913335524333466 ], [ -156.401493229423835, 20.913237071963461 ] ] ] } },
{ "type": "Feature", "properties": { "ID": 333, "GRIDCODE": 2 }, "geometry": { "type": "Polygon", "coordinates": [ [ [ -156.471181930221178, 20.900469045679763 ], [ -156.471531602941042, 20.900566938797816 ], [ -156.471275176808518, 20.900800686814513 ], [ -156.471181930221178, 20.900469045679763 ] ] ] } },
{ "type": "Feature", "properties": { "ID": 334, "GRIDCODE": 2 }, "geometry": { "type": "Polygon", "coordinates": [ [ [ -156.470610100046969, 20.900189703978771 ], [ -156.470959771632664, 20.900287598167679 ], [ -156.470703345237609, 20.900521345289874 ], [ -156.470610100046969, 20.900189703978771 ] ] ] } },
{ "type": "Feature", "properties": { "ID": 335, "GRIDCODE": 2 }, "geometry": { "type": "Polygon", "coordinates": [ [ [ -156.473784678519195, 20.899965811403177 ], [ -156.474422624646166, 20.900062803740287 ], [ -156.473865776295469, 20.900552539800689 ], [ -156.473784678519195, 20.899965811403177 ] ] ] } },
{ "type": "Feature", "properties": { "ID": 336, "GRIDCODE": 2 }, "geometry": { "type": "Polygon", "coordinates": [ [ [ -156.474941955108591, 20.899712048615132 ], [ -156.475291629460003, 20.899809934104997 ], [ -156.475035209933253, 20.90004368851659 ], [ -156.474941955108591, 20.899712048615132 ] ] ] } },
{ "type": "Feature", "properties": { "ID": 337, "GRIDCODE": 2 }, "geometry": { "type": "Polygon", "coordinates": [ [ [ -156.46975463055324, 20.899635284720418 ], [ -156.470104300135489, 20.899733180480389 ], [ -156.469847873604607, 20.89996692629143 ], [ -156.46975463055324, 20.899635284720418 ] ] ] } },
{ "type": "Feature", "properties": { "ID": 338, "GRIDCODE": 2 }, "geometry": { "type": "Polygon", "coordinates": [ [ [ -156.475811043568456, 20.899454019037197 ], [ -156.475706735474432, 20.899782739007748 ], [ -156.475458266619057, 20.899541521919797 ], [ -156.475811043568456, 20.899454019037197 ] ] ] } },
{ "type": "Feature", "properties": { "ID": 339, "GRIDCODE": 2 }, "geometry": { "type": "Polygon", "coordinates": [ [ [ -156.469182806563651, 20.89935593880389 ], [ -156.469532475011675, 20.899453835634596 ], [ -156.469276048218376, 20.899687580551149 ], [ -156.469182806563651, 20.89935593880389 ] ] ] } },
{ "type": "Feature", "properties": { "ID": 340, "GRIDCODE": 2 }, "geometry": { "type": "Polygon", "coordinates": [ [ [ -156.468327347528117, 20.898801513359334 ], [ -156.468988268719727, 20.89892108599738 ], [ -156.468478051300394, 20.899147630102213 ], [ -156.468327347528117, 20.898801513359334 ] ] ] } },
{ "type": "Feature", "properties": { "ID": 341, "GRIDCODE": 2 }, "geometry": { "type": "Polygon", "coordinates": [ [ [ -156.516980651707286, 20.955046286820188 ], [ -156.515943574857545, 20.954852881372457 ], [ -156.516095099486819, 20.95336829118672 ], [ -156.514788413887231, 20.952977842981035 ], [ -156.516010646261236, 20.952019405415136 ], [ -156.515602757831374, 20.951413107295114 ], [ -156.514735020623249, 20.951334854861482 ], [ -156.514292737868345, 20.951361869372455 ], [ -156.514029268088848, 20.951065455906381 ], [ -156.511847923013988, 20.950251148989629 ], [ -156.511334628478494, 20.949123765521779 ], [ -156.510321812923479, 20.948573435338655 ], [ -156.508619377888579, 20.94793789695747 ], [ -156.508569024982165, 20.94720348612076 ], [ -156.508795843586711, 20.944984347870616 ], [ -156.50836489978596, 20.943409385564827 ], [ -156.508914098735289, 20.941208711649502 ], [ -156.507849032767353, 20.939889279684653 ], [ -156.507555841196051, 20.93710438309089 ], [ -156.504911748061858, 20.934816688731743 ], [ -156.500461970299483, 20.93328009641564 ], [ -156.499051419574698, 20.932697561941957 ], [ -156.497141023572851, 20.931984281117337 ], [ -156.496462426654688, 20.931054424309629 ], [ -156.495595308347561, 20.928187430666178 ], [ -156.49324678225733, 20.925433455820791 ], [ -156.492396806811513, 20.92260717710144 ], [ -156.492070562963676, 20.919051219319133 ], [ -156.491435257684515, 20.918180975004606 ], [ -156.491996018804798, 20.915934902521396 ], [ -156.491381937042348, 20.914585248110338 ], [ -156.489410419392897, 20.911252966827341 ], [ -156.487702583892343, 20.910077014895236 ], [ -156.486148391006822, 20.909936556280257 ], [ -156.485150544935067, 20.910990818448099 ], [ -156.483564867529566, 20.909194590818924 ], [ -156.482186271317971, 20.906716278986117 ], [ -156.481360625849646, 20.905584888064112 ], [ -156.481078710866115, 20.903991185398784 ], [ -156.480791411028235, 20.902652671963764 ], [ -156.480528869598487, 20.899410984964462 ], [ -156.47942255678015, 20.898165272882515 ], [ -156.476511164754612, 20.89926715927016 ], [ -156.475811043568456, 20.899454019037197 ], [ -156.476178965433036, 20.898394074523459 ], [ -156.477242581164234, 20.896737711867683 ], [ -156.478802191799474, 20.895837537272985 ], [ -156.477507308320185, 20.894104154896777 ], [ -156.475375113766319, 20.892500313181984 ], [ -156.473218103288588, 20.891036412784533 ], [ -156.470444205080412, 20.891599811000543 ], [ -156.46846190106109, 20.892645351862022 ], [ -156.46733038367384, 20.894117596223577 ], [ -156.468814747828304, 20.895036072331763 ], [ -156.468175591969043, 20.895314669483671 ], [ -156.465926236120566, 20.894122433524242 ], [ -156.464795522180623, 20.895042209091596 ], [ -156.465061015581142, 20.896245505464112 ], [ -156.467874593205039, 20.897986148044815 ], [ -156.467918258619022, 20.89892321536944 ], [ -156.466736330765002, 20.898650159114005 ], [ -156.465670226645756, 20.898084926127357 ], [ -156.463579999901441, 20.897790699340174 ], [ -156.462323351601611, 20.897124611187401 ], [ -156.4604273067375, 20.897202507933137 ], [ -156.460133495648421, 20.897181739140848 ], [ -156.458917637789796, 20.897571288416938 ], [ -156.455808324510883, 20.897133379162319 ], [ -156.453402922720954, 20.896752730486252 ], [ -156.45178632220626, 20.896819089863502 ], [ -156.451113238376024, 20.896771353469866 ], [ -156.447814943683028, 20.897440682294999 ], [ -156.44743317661738, 20.898076576782028 ], [ -156.446918670662086, 20.8990872979819 ], [ -156.44275601355136, 20.89954719315342 ], [ -156.441153769869175, 20.900209365423102 ], [ -156.437935650817309, 20.901836729430059 ], [ -156.437573081427502, 20.902549066847158 ], [ -156.437264234939676, 20.902799959572906 ], [ -156.436987511806336, 20.903082018125158 ], [ -156.433458873097692, 20.903646150256012 ], [ -156.430634253065875, 20.906522914053983 ], [ -156.427579500316938, 20.908543476691865 ], [ -156.426484872712905, 20.908995708788641 ], [ -156.424732972190213, 20.909856356698622 ], [ -156.422298227729101, 20.910429858161326 ], [ -156.421526945177249, 20.910146551553865 ], [ -156.4197819256309, 20.908251106261318 ], [ -156.419163925189793, 20.908207114366267 ], [ -156.418501075873763, 20.908234126451234 ], [ -156.416606526716208, 20.90782377368479 ], [ -156.414445360880791, 20.90851570578425 ], [ -156.412327471253064, 20.907948239797033 ], [ -156.411493556031701, 20.908625987629943 ], [ -156.410381583343906, 20.909757920169717 ], [ -156.409236682963495, 20.909676273533638 ], [ -156.40858374882859, 20.910207035112471 ], [ -156.407775749536938, 20.911029448718949 ], [ -156.405967775850911, 20.911395851140295 ], [ -156.404815761641913, 20.912331920762632 ], [ -156.404034660208367, 20.913127212921861 ], [ -156.403368411522024, 20.913154376720598 ], [ -156.402582263594951, 20.913098375275872 ], [ -156.401493229423835, 20.913237071963461 ], [ -156.40098632768931, 20.912724925733947 ], [ -156.399048683587864, 20.913067057864229 ], [ -156.395478319024534, 20.913340354961619 ], [ -156.392457131627964, 20.915422507707071 ], [ -156.390740343551357, 20.915363341374228 ], [ -156.387762250489288, 20.915603333154266 ], [ -156.383449350303124, 20.915867385921615 ], [ -156.381077712402345, 20.917463446607318 ], [ -156.381085432175013, 20.91925443965399 ], [ -156.38048062295465, 20.919826950324374 ], [ -156.379251421773404, 20.919410386452814 ], [ -156.377854988961985, 20.920240265431584 ], [ -156.377861346344361, 20.921686576178754 ], [ -156.376666181354267, 20.922208999710453 ], [ -156.375819758376679, 20.923009752227447 ], [ -156.374467346923154, 20.922328599262347 ], [ -156.373170033829439, 20.922702225142046 ], [ -156.372053364983401, 20.92375880974744 ], [ -156.37117847908678, 20.924010901318564 ], [ -156.370833048851949, 20.925252477704458 ], [ -156.369490598226804, 20.925839100397159 ], [ -156.370236612559836, 20.928002252609041 ], [ -156.370240995042906, 20.929057183866941 ], [ -156.369066419311451, 20.929395500410905 ], [ -156.368490504532048, 20.929662897657945 ], [ -156.366555249545229, 20.92959600365106 ], [ -156.365886552683065, 20.929888145690192 ], [ -156.364436780921153, 20.930683614328828 ], [ -156.361628062769142, 20.931796494271858 ], [ -156.360952895524804, 20.9330510591906 ], [ -156.360354244969386, 20.933329051532091 ], [ -156.356845163195118, 20.933596749155686 ], [ -156.355724601565527, 20.934575382407118 ], [ -156.355025360329421, 20.936491473004143 ], [ -156.3530906819893, 20.936195893690854 ], [ -156.352049448662854, 20.935671481999069 ], [ -156.350314716152809, 20.93670190387725 ], [ -156.349305282082327, 20.938577038501847 ], [ -156.348228051216836, 20.938034321830347 ], [ -156.345957041858441, 20.937955483078202 ], [ -156.343027684664406, 20.9384718102786 ], [ -156.341339393947607, 20.937744825558759 ], [ -156.339318630656976, 20.935439896233259 ], [ -156.33892145264636, 20.936040472596417 ], [ -156.339449353656789, 20.938684493993069 ], [ -156.338209239656663, 20.938263889509809 ], [ -156.338590836943581, 20.936650153804759 ], [ -156.337535120215335, 20.93513314461266 ], [ -156.337609639569536, 20.933243764811333 ], [ -156.337601914273449, 20.931356142654668 ], [ -156.33941794302018, 20.931349694508764 ], [ -156.339900803484625, 20.932750634781623 ], [ -156.339870678103637, 20.933515508714084 ], [ -156.340266743833922, 20.934730206325099 ], [ -156.340994770134898, 20.935466035775313 ], [ -156.341283933520373, 20.93573610631265 ], [ -156.34238900463842, 20.937378446843297 ], [ -156.34297310136327, 20.936890675471943 ], [ -156.343286313410687, 20.936309015112652 ], [ -156.343891195594665, 20.935249174682099 ], [ -156.343509991664376, 20.933748916527524 ], [ -156.347091274103548, 20.933394142393833 ], [ -156.348915834597591, 20.932137672607926 ], [ -156.350813158763287, 20.931560372218289 ], [ -156.352317350194653, 20.931308506890378 ], [ -156.35436632056954, 20.92980655391862 ], [ -156.356332099201126, 20.929208294730529 ], [ -156.358220277579619, 20.92889222957762 ], [ -156.35927667670083, 20.927892478351165 ], [ -156.360756257617851, 20.927644781646116 ], [ -156.361542097516576, 20.926901104440496 ], [ -156.363646779523236, 20.925923349008528 ], [ -156.364744416839045, 20.925443690562641 ], [ -156.365582331871451, 20.923539734494618 ], [ -156.366601097931749, 20.922320467242297 ], [ -156.367747582261757, 20.920734965424639 ], [ -156.368650828251106, 20.920179935213909 ], [ -156.369530421556618, 20.919657069692438 ], [ -156.370398935927113, 20.919123447956441 ], [ -156.371561991654886, 20.918875796106537 ], [ -156.372125607182909, 20.918342362044292 ], [ -156.373407602165003, 20.917973266264806 ], [ -156.375638403370033, 20.91622464871606 ], [ -156.376548955666038, 20.915683438166759 ], [ -156.379514249241737, 20.912876762682124 ], [ -156.381928828694953, 20.911754455839759 ], [ -156.383216113735529, 20.911465506959072 ], [ -156.389040780114101, 20.911108851418756 ], [ -156.391016787820604, 20.910777602956411 ], [ -156.393392352496335, 20.909317007010571 ], [ -156.395078638747549, 20.908938301502314 ], [ -156.397970702667749, 20.908716828478205 ], [ -156.399410763211336, 20.908462615412841 ], [ -156.402591005505229, 20.908245451522607 ], [ -156.403548977221419, 20.907656398151133 ], [ -156.405207979781125, 20.906930922622816 ], [ -156.406432397186961, 20.906086939090372 ], [ -156.408117748246951, 20.905349929281819 ], [ -156.409978827839325, 20.904066959777808 ], [ -156.412186406343011, 20.903570864591646 ], [ -156.418079693003818, 20.903547117025038 ], [ -156.421370607927088, 20.904029591615156 ], [ -156.423341339890897, 20.905482182311243 ], [ -156.426299093580212, 20.903964934892524 ], [ -156.431498017807115, 20.899558937097591 ], [ -156.433006683615133, 20.89921975401386 ], [ -156.434169529268274, 20.898971647854353 ], [ -156.435986718397743, 20.897637845253644 ], [ -156.440399865723947, 20.895584554608654 ], [ -156.441720857646231, 20.895287445545939 ], [ -156.444028103076533, 20.894795186522959 ], [ -156.4461333260694, 20.893249589596813 ], [ -156.448405950012187, 20.892738233064353 ], [ -156.451511270649377, 20.892188611359803 ], [ -156.455032606816303, 20.892506681605429 ], [ -156.458081408698746, 20.892971735911487 ], [ -156.460795875141116, 20.89259772287625 ], [ -156.462687190505676, 20.890805625936881 ], [ -156.463707949116781, 20.890330483947441 ], [ -156.464587576016555, 20.889945295929085 ], [ -156.466841868208689, 20.888223339506077 ], [ -156.47004351880463, 20.887057654474482 ], [ -156.473500566938156, 20.886555939131689 ], [ -156.475879030065244, 20.887263381108415 ], [ -156.480309384359629, 20.890591048532908 ], [ -156.482488832407171, 20.893110132169852 ], [ -156.483226961611649, 20.895367510043908 ], [ -156.484837613116696, 20.897954110915791 ], [ -156.485173181313883, 20.899995785335587 ], [ -156.485523402943727, 20.903539533041876 ], [ -156.486806334515506, 20.905442651414205 ], [ -156.489546797880507, 20.905903428720983 ], [ -156.49011342694979, 20.906431292084104 ], [ -156.490535927229047, 20.906857440789668 ], [ -156.491385325918827, 20.906853652792876 ], [ -156.493737345650487, 20.909498695521158 ], [ -156.496172396142128, 20.914115673803003 ], [ -156.496174421304545, 20.914519110757265 ], [ -156.495282497212429, 20.915588215355026 ], [ -156.496143962355291, 20.915996589302203 ], [ -156.495835672577329, 20.916437666487756 ], [ -156.495031168794839, 20.917141545832095 ], [ -156.496401695970462, 20.917581725852902 ], [ -156.496408190783484, 20.918851429409401 ], [ -156.495009544886102, 20.919255212568007 ], [ -156.494595701285249, 20.919982015728813 ], [ -156.495784727890708, 20.920739750738885 ], [ -156.49518933442593, 20.921785426174775 ], [ -156.49517696607478, 20.922105986059325 ], [ -156.49692521724765, 20.922098041577229 ], [ -156.496873957158698, 20.923437791654635 ], [ -156.497282832667793, 20.924620018009708 ], [ -156.496264878314179, 20.926407454100996 ], [ -156.497133574684256, 20.92618106424694 ], [ -156.497711852736131, 20.925911922076629 ], [ -156.498563761131777, 20.926340120852995 ], [ -156.498584666278418, 20.925793380487377 ], [ -156.498579814483804, 20.924847881167061 ], [ -156.499340517896599, 20.925529216200065 ], [ -156.500499817226796, 20.928421639286395 ], [ -156.502555136942505, 20.929240168258026 ], [ -156.507428012399686, 20.930947153670299 ], [ -156.510983229329923, 20.934257686702644 ], [ -156.511863439602166, 20.935926228746126 ], [ -156.512216895102739, 20.937778605704288 ], [ -156.513055637167895, 20.939368370053302 ], [ -156.512736300621299, 20.940562568512753 ], [ -156.512133594549454, 20.942136863326088 ], [ -156.512137758275912, 20.942924036197475 ], [ -156.510355631578108, 20.946053216571471 ], [ -156.510640341319515, 20.946154191877525 ], [ -156.512791361420597, 20.944829862038077 ], [ -156.51325486537101, 20.945102211760876 ], [ -156.514980364073665, 20.946506238111301 ], [ -156.516106380854694, 20.947039937474173 ], [ -156.516389746057428, 20.947905115717468 ], [ -156.5169456889179, 20.948958774725671 ], [ -156.516920003252181, 20.949627797813857 ], [ -156.516923467834687, 20.95030504911384 ], [ -156.515732122292007, 20.950826807116368 ], [ -156.516595205591159, 20.951630331820283 ], [ -156.51659882910181, 20.95233192208768 ], [ -156.516582899003595, 20.952750972371039 ], [ -156.517158662721698, 20.953287232433635 ], [ -156.516819340517287, 20.953883305024192 ], [ -156.516980651707286, 20.955046286820188 ] ], [ [ -156.496151222007512, 20.92440330132127 ], [ -156.496016146901269, 20.924822581852375 ], [ -156.495453262726897, 20.925232806004267 ], [ -156.496143317070505, 20.92560718940781 ], [ -156.497059902351396, 20.924565694133523 ], [ -156.496151222007512, 20.92440330132127 ] ] ] } },
{ "type": "Feature", "properties": { "ID": 342, "GRIDCODE": 2 }, "geometry": { "type": "Polygon", "coordinates": [ [ [ -156.687042926643301, 20.885377850771654 ], [ -156.687392754197163, 20.885475311982059 ], [ -156.687136655471448, 20.885709419658365 ], [ -156.687042926643301, 20.885377850771654 ] ] ] } },
{ "type": "Feature", "properties": { "ID": 343, "GRIDCODE": 2 }, "geometry": { "type": "Polygon", "coordinates": [ [ [ -156.686758873817155, 20.885103099373914 ], [ -156.687047076557064, 20.885106999647785 ], [ -156.687042926643301, 20.885377850771654 ], [ -156.686754723387367, 20.885373950442588 ], [ -156.686758873817155, 20.885103099373914 ] ] ] } },
{ "type": "Feature", "properties": { "ID": 344, "GRIDCODE": 2 }, "geometry": { "type": "Polygon", "coordinates": [ [ [ -156.678617531970559, 20.870905595365812 ], [ -156.679278589743035, 20.87102435857652 ], [ -156.678768718076213, 20.871251571740558 ], [ -156.678617531970559, 20.870905595365812 ] ] ] } },
{ "type": "Feature", "properties": { "ID": 345, "GRIDCODE": 2 }, "geometry": { "type": "Polygon", "coordinates": [ [ [ -156.67777382678392, 20.869539609012062 ], [ -156.678123610704262, 20.869637085373647 ], [ -156.677867528553861, 20.869871180720565 ], [ -156.67777382678392, 20.869539609012062 ] ] ] } },
{ "type": "Feature", "properties": { "ID": 346, "GRIDCODE": 2 }, "geometry": { "type": "Polygon", "coordinates": [ [ [ -157.049886794029391, 20.871748896086942 ], [ -157.050175039633103, 20.87175218231636 ], [ -157.050171543421271, 20.872023098085315 ], [ -157.049883297301506, 20.872019811809356 ], [ -157.049886794029391, 20.871748896086942 ] ] ] } },
{ "type": "Feature", "properties": { "ID": 347, "GRIDCODE": 2 }, "geometry": { "type": "Polygon", "coordinates": [ [ [ -157.049886794029391, 20.871748896086942 ], [ -157.049536691855934, 20.871652159925912 ], [ -157.049792254590358, 20.871417458730498 ], [ -157.049886794029391, 20.871748896086942 ] ] ] } },
{ "type": "Feature", "properties": { "ID": 348, "GRIDCODE": 2 }, "geometry": { "type": "Polygon", "coordinates": [ [ [ -157.049619530771196, 20.87012011512547 ], [ -157.049616033862691, 20.87039103085613 ], [ -157.049327790950912, 20.870387743889278 ], [ -157.049331288375413, 20.870116828205166 ], [ -157.049619530771196, 20.87012011512547 ] ] ] } },
{ "type": "Feature", "properties": { "ID": 349, "GRIDCODE": 2 }, "geometry": { "type": "Polygon", "coordinates": [ [ [ -157.049327790950912, 20.870387743889278 ], [ -157.04992553130927, 20.871321471330639 ], [ -157.048386437429457, 20.870512483542726 ], [ -157.046023260109251, 20.870187955745436 ], [ -157.04861719548191, 20.870236487282007 ], [ -157.049327790950912, 20.870387743889278 ] ] ] } },
{ "type": "Feature", "properties": { "ID": 350, "GRIDCODE": 2 }, "geometry": { "type": "Polygon", "coordinates": [ [ [ -157.045295900708965, 20.870070760390611 ], [ -157.045645995813828, 20.870167504750672 ], [ -157.045390429477493, 20.870402199437745 ], [ -157.045295900708965, 20.870070760390611 ] ] ] } },
{ "type": "Feature", "properties": { "ID": 351, "GRIDCODE": 2 }, "geometry": { "type": "Polygon", "coordinates": [ [ [ -157.049619530771196, 20.87012011512547 ], [ -157.049722595894337, 20.8697909308212 ], [ -157.049972022978409, 20.870031389949059 ], [ -157.049619530771196, 20.87012011512547 ] ] ] } },
{ "type": "Feature", "properties": { "ID": 352, "GRIDCODE": 2 }, "geometry": { "type": "Polygon", "coordinates": [ [ [ -157.045295900708965, 20.870070760390611 ], [ -157.044719417652516, 20.870064171513469 ], [ -157.044722923276936, 20.869793256565977 ], [ -157.04519669586702, 20.869578520589052 ], [ -157.045295900708965, 20.870070760390611 ] ] ] } },
{ "type": "Feature", "properties": { "ID": 353, "GRIDCODE": 2 }, "geometry": { "type": "Polygon", "coordinates": [ [ [ -157.043865214837098, 20.869241540110092 ], [ -157.04450205292747, 20.869370010510355 ], [ -157.044722923276936, 20.869793256565977 ], [ -157.044086083172346, 20.869664786838626 ], [ -157.043865214837098, 20.869241540110092 ] ] ] } },
{ "type": "Feature", "properties": { "ID": 354, "GRIDCODE": 2 }, "geometry": { "type": "Polygon", "coordinates": [ [ [ -157.043865214837098, 20.869241540110092 ], [ -157.04351512329302, 20.869144792352877 ], [ -157.043770689990282, 20.868910100499182 ], [ -157.043865214837098, 20.869241540110092 ] ] ] } },
{ "type": "Feature", "properties": { "ID": 355, "GRIDCODE": 2 }, "geometry": { "type": "Polygon", "coordinates": [ [ [ -157.042726292196789, 20.868144692627958 ], [ -157.043076380829831, 20.868241441787994 ], [ -157.042820814371055, 20.868476132625105 ], [ -157.042726292196789, 20.868144692627958 ] ] ] } },
{ "type": "Feature", "properties": { "ID": 356, "GRIDCODE": 2 }, "geometry": { "type": "Polygon", "coordinates": [ [ [ -157.042445073419884, 20.867599565108559 ], [ -157.042795160588781, 20.867696314736083 ], [ -157.042539594728964, 20.867931005205246 ], [ -157.042445073419884, 20.867599565108559 ] ] ] } },
{ "type": "Feature", "properties": { "ID": 357, "GRIDCODE": 2 }, "geometry": { "type": "Polygon", "coordinates": [ [ [ -157.038416802484846, 20.867011512199358 ], [ -157.039396091141867, 20.86725969138233 ], [ -157.038887417094429, 20.867669156507507 ], [ -157.038416802484846, 20.867011512199358 ] ] ] } },
{ "type": "Feature", "properties": { "ID": 358, "GRIDCODE": 2 }, "geometry": { "type": "Polygon", "coordinates": [ [ [ -157.042445073419884, 20.867599565108559 ], [ -157.042049231017188, 20.867427408096376 ], [ -157.040052856675658, 20.867174738211141 ], [ -157.041446664565058, 20.866784137216527 ], [ -157.042020947150576, 20.866959528629625 ], [ -157.042341637979519, 20.866869661179027 ], [ -157.042445073419884, 20.867599565108559 ] ] ] } },
{ "type": "Feature", "properties": { "ID": 359, "GRIDCODE": 2 }, "geometry": { "type": "Polygon", "coordinates": [ [ [ -157.038132084824412, 20.866737292904379 ], [ -157.038420318842441, 20.866740598179621 ], [ -157.038416802484846, 20.867011512199358 ], [ -157.038128567950963, 20.867008206877298 ], [ -157.038132084824412, 20.866737292904379 ] ] ] } },
{ "type": "Feature", "properties": { "ID": 360, "GRIDCODE": 2 }, "geometry": { "type": "Polygon", "coordinates": [ [ [ -157.038132084824412, 20.866737292904379 ], [ -157.037782003666877, 20.866640534130372 ], [ -157.038037573918501, 20.866405851152717 ], [ -157.038132084824412, 20.866737292904379 ] ] ] } },
{ "type": "Feature", "properties": { "ID": 361, "GRIDCODE": 2 }, "geometry": { "type": "Polygon", "coordinates": [ [ [ -157.03670851199837, 20.865366190423117 ], [ -157.037058589390426, 20.865462951119977 ], [ -157.036803019476082, 20.865697632664382 ], [ -157.03670851199837, 20.865366190423117 ] ] ] } },
{ "type": "Feature", "properties": { "ID": 362, "GRIDCODE": 2 }, "geometry": { "type": "Polygon", "coordinates": [ [ [ -157.036441397839752, 20.863737399855204 ], [ -157.036338309799163, 20.864066574408142 ], [ -157.036088915203095, 20.863826097728598 ], [ -157.036441397839752, 20.863737399855204 ] ] ] } },
{ "type": "Feature", "properties": { "ID": 363, "GRIDCODE": 2 }, "geometry": { "type": "Polygon", "coordinates": [ [ [ -157.035580234999145, 20.863456560276401 ], [ -157.03593030714498, 20.863553322895065 ], [ -157.03567473912679, 20.863788002919481 ], [ -157.035580234999145, 20.863456560276401 ] ] ] } },
{ "type": "Feature", "properties": { "ID": 364, "GRIDCODE": 2 }, "geometry": { "type": "Polygon", "coordinates": [ [ [ -157.035580234999145, 20.863456560276401 ], [ -157.035230163360694, 20.86335979697558 ], [ -157.035485731225577, 20.863125117601953 ], [ -157.035580234999145, 20.863456560276401 ] ] ] } },
{ "type": "Feature", "properties": { "ID": 365, "GRIDCODE": 2 }, "geometry": { "type": "Polygon", "coordinates": [ [ [ -157.030395682910552, 20.863126001147776 ], [ -157.031057115865593, 20.863243424434994 ], [ -157.03054769931498, 20.863471734975104 ], [ -157.030395682910552, 20.863126001147776 ] ] ] } },
{ "type": "Feature", "properties": { "ID": 366, "GRIDCODE": 2 }, "geometry": { "type": "Polygon", "coordinates": [ [ [ -157.029822762540505, 20.862848451437252 ], [ -157.030172828562911, 20.862945225444822 ], [ -157.029917253488605, 20.863179896249587 ], [ -157.029822762540505, 20.862848451437252 ] ] ] } },
{ "type": "Feature", "properties": { "ID": 367, "GRIDCODE": 2 }, "geometry": { "type": "Polygon", "coordinates": [ [ [ -157.036441397839752, 20.863737399855204 ], [ -157.036971816855214, 20.862541656145382 ], [ -157.037433266029325, 20.863621902843821 ], [ -157.037161435889061, 20.86419853138122 ], [ -157.036890784586461, 20.863860570023782 ], [ -157.036441397839752, 20.863737399855204 ] ] ] } },
{ "type": "Feature", "properties": { "ID": 368, "GRIDCODE": 2 }, "geometry": { "type": "Polygon", "coordinates": [ [ [ -157.034726120198343, 20.862633889519767 ], [ -157.035076189780739, 20.862730653701007 ], [ -157.034820622057111, 20.862965332475131 ], [ -157.034726120198343, 20.862633889519767 ] ] ] } },
{ "type": "Feature", "properties": { "ID": 369, "GRIDCODE": 2 }, "geometry": { "type": "Polygon", "coordinates": [ [ [ -157.03328499301557, 20.862617330290998 ], [ -157.033150417525718, 20.863310631674548 ], [ -157.032507995369855, 20.864284526398368 ], [ -157.032632423498512, 20.865149754479546 ], [ -157.032224955613401, 20.86520169333777 ], [ -157.031987384441351, 20.864075191068221 ], [ -157.031650954289972, 20.86353629328509 ], [ -157.032285737998052, 20.863300689324451 ], [ -157.03328499301557, 20.862617330290998 ] ] ] } },
{ "type": "Feature", "properties": { "ID": 370, "GRIDCODE": 2 }, "geometry": { "type": "Polygon", "coordinates": [ [ [ -157.029249844402869, 20.862570899966261 ], [ -157.029599909325299, 20.862667675069275 ], [ -157.029344333946682, 20.862902344991348 ], [ -157.029249844402869, 20.862570899966261 ] ] ] } },
{ "type": "Feature", "properties": { "ID": 371, "GRIDCODE": 2 }, "geometry": { "type": "Polygon", "coordinates": [ [ [ -157.03328499301557, 20.862617330290998 ], [ -157.033429175959213, 20.861986056284625 ], [ -157.034175359066808, 20.862210415086274 ], [ -157.03328499301557, 20.862617330290998 ] ] ] } },
{ "type": "Feature", "properties": { "ID": 372, "GRIDCODE": 2 }, "geometry": { "type": "Polygon", "coordinates": [ [ [ -157.028392238101446, 20.862019113191725 ], [ -157.028742301069371, 20.862115889910712 ], [ -157.028486725484896, 20.862350558533361 ], [ -157.028392238101446, 20.862019113191725 ] ] ] } },
{ "type": "Feature", "properties": { "ID": 373, "GRIDCODE": 2 }, "geometry": { "type": "Polygon", "coordinates": [ [ [ -157.034448462516082, 20.861817838086655 ], [ -157.034821138732354, 20.86197281053018 ], [ -157.03455586019183, 20.862434804171883 ], [ -157.034448462516082, 20.861817838086655 ] ] ] } },
{ "type": "Feature", "properties": { "ID": 374, "GRIDCODE": 2 }, "geometry": { "type": "Polygon", "coordinates": [ [ [ -157.027819326032272, 20.861741557362443 ], [ -157.02816938790022, 20.861838335176753 ], [ -157.027913812011548, 20.862073002916716 ], [ -157.027819326032272, 20.861741557362443 ] ] ] } },
{ "type": "Feature", "properties": { "ID": 375, "GRIDCODE": 2 }, "geometry": { "type": "Polygon", "coordinates": [ [ [ -157.026958194176331, 20.861460676479393 ], [ -157.027619616085275, 20.861578112291308 ], [ -157.02711020110587, 20.861806412665437 ], [ -157.026958194176331, 20.861460676479393 ] ] ] } },
{ "type": "Feature", "properties": { "ID": 376, "GRIDCODE": 2 }, "geometry": { "type": "Polygon", "coordinates": [ [ [ -157.026958194176331, 20.861460676479393 ], [ -157.026608134161421, 20.861363896313147 ], [ -157.026863710603067, 20.861129230572548 ], [ -157.026958194176331, 20.861460676479393 ] ] ] } },
{ "type": "Feature", "properties": { "ID": 377, "GRIDCODE": 2 }, "geometry": { "type": "Polygon", "coordinates": [ [ [ -157.024093681623185, 20.86007285752061 ], [ -157.025645746918372, 20.860214474312336 ], [ -157.024337168372341, 20.860440290997943 ], [ -157.024093681623185, 20.86007285752061 ] ] ] } },
{ "type": "Feature", "properties": { "ID": 378, "GRIDCODE": 2 }, "geometry": { "type": "Polygon", "coordinates": [ [ [ -157.024093681623185, 20.86007285752061 ], [ -157.023743627108558, 20.859976071878805 ], [ -157.023999205070055, 20.859741410551567 ], [ -157.024093681623185, 20.86007285752061 ] ] ] } },
{ "type": "Feature", "properties": { "ID": 379, "GRIDCODE": 2 }, "geometry": { "type": "Polygon", "coordinates": [ [ [ -157.023236109846522, 20.85952104736986 ], [ -157.023586162914114, 20.859617833945176 ], [ -157.023330584593367, 20.859852494623706 ], [ -157.023236109846522, 20.85952104736986 ] ] ] } },
{ "type": "Feature", "properties": { "ID": 380, "GRIDCODE": 2 }, "geometry": { "type": "Polygon", "coordinates": [ [ [ -157.022086783949618, 20.859236813871558 ], [ -157.022748190788946, 20.859354267474455 ], [ -157.022238777562251, 20.859582553403065 ], [ -157.022086783949618, 20.859236813871558 ] ] ] } },
{ "type": "Feature", "properties": { "ID": 381, "GRIDCODE": 2 }, "geometry": { "type": "Polygon", "coordinates": [ [ [ -157.020364578031916, 20.858674994110476 ], [ -157.021918386674855, 20.859069094133439 ], [ -157.020820708879228, 20.859312801231269 ], [ -157.020364578031916, 20.858674994110476 ] ] ] } },
{ "type": "Feature", "properties": { "ID": 382, "GRIDCODE": 2 }, "geometry": { "type": "Polygon", "coordinates": [ [ [ -157.020364578031916, 20.858674994110476 ], [ -157.019703176806274, 20.858557531666051 ], [ -157.020212589583736, 20.858329253294986 ], [ -157.020364578031916, 20.858674994110476 ] ] ] } },
{ "type": "Feature", "properties": { "ID": 383, "GRIDCODE": 2 }, "geometry": { "type": "Polygon", "coordinates": [ [ [ -157.018645936439725, 20.857842246930336 ], [ -157.019642717465786, 20.858144317736272 ], [ -157.01885050748416, 20.8584928896455 ], [ -157.018645936439725, 20.857842246930336 ] ] ] } },
{ "type": "Feature", "properties": { "ID": 384, "GRIDCODE": 2 }, "geometry": { "type": "Polygon", "coordinates": [ [ [ -157.018645936439725, 20.857842246930336 ], [ -157.017984540739292, 20.857724778227333 ], [ -157.018493952727482, 20.85749650493791 ], [ -157.018645936439725, 20.857842246930336 ] ] ] } },
{ "type": "Feature", "properties": { "ID": 385, "GRIDCODE": 2 }, "geometry": { "type": "Polygon", "coordinates": [ [ [ -157.017215526726829, 20.857012823425112 ], [ -157.017565569155806, 20.857109621576718 ], [ -157.01730998689564, 20.857344272913114 ], [ -157.017215526726829, 20.857012823425112 ] ] ] } },
{ "type": "Feature", "properties": { "ID": 386, "GRIDCODE": 2 }, "geometry": { "type": "Polygon", "coordinates": [ [ [ -157.016930867943273, 20.85673857310184 ], [ -157.017219079213106, 20.856741912559077 ], [ -157.017215526726829, 20.857012823425112 ], [ -157.016927314941427, 20.857009483920557 ], [ -157.016930867943273, 20.85673857310184 ] ] ] } },
{ "type": "Feature", "properties": { "ID": 387, "GRIDCODE": 2 }, "geometry": { "type": "Polygon", "coordinates": [ [ [ -157.016357999550138, 20.856460982000122 ], [ -157.016934420888276, 20.856467662273971 ], [ -157.016930867943273, 20.85673857310184 ], [ -157.016354445574024, 20.856731892733329 ], [ -157.016357999550138, 20.856460982000122 ] ] ] } },
{ "type": "Feature", "properties": { "ID": 388, "GRIDCODE": 2 }, "geometry": { "type": "Polygon", "coordinates": [ [ [ -157.015785133389699, 20.856183389139922 ], [ -157.016361553469437, 20.856190071257767 ], [ -157.016357999550138, 20.856460982000122 ], [ -157.015781578439316, 20.856454299787586 ], [ -157.015785133389699, 20.856183389139922 ] ] ] } },
{ "type": "Feature", "properties": { "ID": 389, "GRIDCODE": 2 }, "geometry": { "type": "Polygon", "coordinates": [ [ [ -157.015212269461927, 20.855905794521316 ], [ -157.01578868828318, 20.855912478483106 ], [ -157.015785133389699, 20.856183389139922 ], [ -157.015208713537362, 20.856176705083421 ], [ -157.015212269461927, 20.855905794521316 ] ] ] } },
{ "type": "Feature", "properties": { "ID": 390, "GRIDCODE": 2 }, "geometry": { "type": "Polygon", "coordinates": [ [ [ -157.015212269461927, 20.855905794521316 ], [ -157.014862231696412, 20.855808991885077 ], [ -157.015117814612211, 20.855574344263758 ], [ -157.015212269461927, 20.855905794521316 ] ] ] } },
{ "type": "Feature", "properties": { "ID": 391, "GRIDCODE": 2 }, "geometry": { "type": "Polygon", "coordinates": [ [ [ -157.014354756428105, 20.855353944076324 ], [ -157.014704792746585, 20.855450747645293 ], [ -157.014449209472019, 20.855685394617872 ], [ -157.014354756428105, 20.855353944076324 ] ] ] } },
{ "type": "Feature", "properties": { "ID": 392, "GRIDCODE": 2 }, "geometry": { "type": "Polygon", "coordinates": [ [ [ -157.014070106120414, 20.85507968960923 ], [ -157.014358313728565, 20.855083033628905 ], [ -157.014354756428105, 20.855353944076324 ], [ -157.014066548304442, 20.855350600009263 ], [ -157.014070106120414, 20.85507968960923 ] ] ] } },
{ "type": "Feature", "properties": { "ID": 393, "GRIDCODE": 2 }, "geometry": { "type": "Polygon", "coordinates": [ [ [ -157.014070106120414, 20.85507968960923 ], [ -157.013720071164471, 20.85498288483906 ], [ -157.013975654184833, 20.854748238933499 ], [ -157.014070106120414, 20.85507968960923 ] ] ] } },
{ "type": "Feature", "properties": { "ID": 394, "GRIDCODE": 2 }, "geometry": { "type": "Polygon", "coordinates": [ [ [ -157.011209409798596, 20.853420763010867 ], [ -157.011870779318116, 20.853538256033907 ], [ -157.01136137300449, 20.853766509963524 ], [ -157.011209409798596, 20.853420763010867 ] ] ] } },
{ "type": "Feature", "properties": { "ID": 395, "GRIDCODE": 2 }, "geometry": { "type": "Polygon", "coordinates": [ [ [ -157.010636565680471, 20.853143154499691 ], [ -157.010986593933239, 20.853239965098371 ], [ -157.010731009442253, 20.85347460640816 ], [ -157.010636565680471, 20.853143154499691 ] ] ] } },
{ "type": "Feature", "properties": { "ID": 396, "GRIDCODE": 2 }, "geometry": { "type": "Polygon", "coordinates": [ [ [ -157.013522159801596, 20.852905717344811 ], [ -157.01377135134689, 20.853071735937657 ], [ -157.013361910604345, 20.854497550525398 ], [ -157.013104180581934, 20.853824323966464 ], [ -157.012407729183536, 20.853570158610474 ], [ -157.013231380535274, 20.853291306129648 ], [ -157.013522159801596, 20.852905717344811 ] ] ] } },
{ "type": "Feature", "properties": { "ID": 397, "GRIDCODE": 2 }, "geometry": { "type": "Polygon", "coordinates": [ [ [ -157.010351926482258, 20.852868894655579 ], [ -157.010640129226431, 20.852872244595648 ], [ -157.010636565680471, 20.853143154499691 ], [ -157.010348362420871, 20.853139804512143 ], [ -157.010351926482258, 20.852868894655579 ] ] ] } },
{ "type": "Feature", "properties": { "ID": 398, "GRIDCODE": 2 }, "geometry": { "type": "Polygon", "coordinates": [ [ [ -157.009779086200155, 20.852591283550968 ], [ -157.01035549048666, 20.852597984789867 ], [ -157.010351926482258, 20.852868894655579 ], [ -157.009775521164926, 20.852862193321712 ], [ -157.009779086200155, 20.852591283550968 ] ] ] } },
{ "type": "Feature", "properties": { "ID": 399, "GRIDCODE": 2 }, "geometry": { "type": "Polygon", "coordinates": [ [ [ -157.009206248150747, 20.852313670688918 ], [ -157.009782651178341, 20.852320373771079 ], [ -157.009779086200155, 20.852591283550968 ], [ -157.009202682141705, 20.852584580373815 ], [ -157.009206248150747, 20.852313670688918 ] ] ] } },
{ "type": "Feature", "properties": { "ID": 400, "GRIDCODE": 2 }, "geometry": { "type": "Polygon", "coordinates": [ [ [ -157.00892161318987, 20.85203940877447 ], [ -157.009209814102718, 20.852042760994873 ], [ -157.009206248150747, 20.852313670688918 ], [ -157.008918046722471, 20.852310318421001 ], [ -157.00892161318987, 20.85203940877447 ] ] ] } },
{ "type": "Feature", "properties": { "ID": 401, "GRIDCODE": 2 }, "geometry": { "type": "Polygon", "coordinates": [ [ [ -157.008636979259791, 20.85176514646135 ], [ -157.008925179600226, 20.851768499118791 ], [ -157.00892161318987, 20.85203940877447 ], [ -157.008633412334035, 20.852036056069512 ], [ -157.008636979259791, 20.85176514646135 ] ] ] } },
{ "type": "Feature", "properties": { "ID": 402, "GRIDCODE": 2 }, "geometry": { "type": "Polygon", "coordinates": [ [ [ -157.00835234636051, 20.851490883749566 ], [ -157.008640546128476, 20.851494236844029 ], [ -157.008636979259791, 20.85176514646135 ], [ -157.008348778976426, 20.851761793319362 ], [ -157.00835234636051, 20.851490883749566 ] ] ] } },
{ "type": "Feature", "properties": { "ID": 403, "GRIDCODE": 2 }, "geometry": { "type": "Polygon", "coordinates": [ [ [ -157.008067714491972, 20.851216620639157 ], [ -157.008355913687524, 20.851219974170625 ], [ -157.00835234636051, 20.851490883749566 ], [ -157.008064146649588, 20.851487530170566 ], [ -157.008067714491972, 20.851216620639157 ] ] ] } },
{ "type": "Feature", "properties": { "ID": 404, "GRIDCODE": 2 }, "geometry": { "type": "Polygon", "coordinates": [ [ [ -157.007783083654175, 20.85094235713013 ], [ -157.008071282277285, 20.850945711098593 ], [ -157.008067714491972, 20.851216620639157 ], [ -157.007779515353462, 20.851213266623155 ], [ -157.007783083654175, 20.85094235713013 ] ] ] } },
{ "type": "Feature", "properties": { "ID": 405, "GRIDCODE": 2 }, "geometry": { "type": "Polygon", "coordinates": [ [ [ -157.007213825070721, 20.850393828916324 ], [ -157.007594189757299, 20.850580301768289 ], [ -157.007783083654175, 20.85094235713013 ], [ -157.007206686579167, 20.850935647739639 ], [ -157.007213825070721, 20.850393828916324 ] ] ] } },
{ "type": "Feature", "properties": { "ID": 406, "GRIDCODE": 2 }, "geometry": { "type": "Polygon", "coordinates": [ [ [ -157.006929197325036, 20.850119564211589 ], [ -157.007217394230878, 20.850122919490946 ], [ -157.007213825070721, 20.850393828916324 ], [ -157.006925627649537, 20.85039047358941 ], [ -157.006929197325036, 20.850119564211589 ] ] ] } },
{ "type": "Feature", "properties": { "ID": 407, "GRIDCODE": 2 }, "geometry": { "type": "Polygon", "coordinates": [ [ [ -157.006644570610064, 20.849845299108313 ], [ -157.006932766943436, 20.849848654824612 ], [ -157.006929197325036, 20.850119564211589 ], [ -157.006641000476321, 20.850116208447727 ], [ -157.006644570610064, 20.849845299108313 ] ] ] } },
{ "type": "Feature", "properties": { "ID": 408, "GRIDCODE": 2 }, "geometry": { "type": "Polygon", "coordinates": [ [ [ -157.00635994492572, 20.849571033606537 ], [ -157.006648140686679, 20.849574389759752 ], [ -157.006644570610064, 20.849845299108313 ], [ -157.006356374333762, 20.849841942907524 ], [ -157.00635994492572, 20.849571033606537 ] ] ] } },
{ "type": "Feature", "properties": { "ID": 409, "GRIDCODE": 2 }, "geometry": { "type": "Polygon", "coordinates": [ [ [ -157.00635994492572, 20.849571033606537 ], [ -157.005671851366515, 20.849112404041108 ], [ -157.006120220300716, 20.848645182839743 ], [ -157.00635994492572, 20.849571033606537 ] ] ] } },
{ "type": "Feature", "properties": { "ID": 410, "GRIDCODE": 2 }, "geometry": { "type": "Polygon", "coordinates": [ [ [ -157.004086550752277, 20.847105986245879 ], [ -157.00495112292279, 20.847116063594076 ], [ -157.004947550268611, 20.847386972739454 ], [ -157.004082976552354, 20.847376895248416 ], [ -157.004086550752277, 20.847105986245879 ] ] ] } },
{ "type": "Feature", "properties": { "ID": 411, "GRIDCODE": 2 }, "geometry": { "type": "Polygon", "coordinates": [ [ [ -157.004947550268611, 20.847386972739454 ], [ -157.005420536068073, 20.847294052667255 ], [ -157.00647608708627, 20.84684541313727 ], [ -157.006004589369695, 20.847978762743558 ], [ -157.005100353216505, 20.847646209531035 ], [ -157.004947550268611, 20.847386972739454 ] ] ] } },
{ "type": "Feature", "properties": { "ID": 412, "GRIDCODE": 2 }, "geometry": { "type": "Polygon", "coordinates": [ [ [ -157.003801934801089, 20.846831717196924 ], [ -157.004090124895043, 20.846835077234196 ], [ -157.004086550752277, 20.847105986245879 ], [ -157.003798360143094, 20.847102626160975 ], [ -157.003801934801089, 20.846831717196924 ] ] ] } },
{ "type": "Feature", "properties": { "ID": 413, "GRIDCODE": 2 }, "geometry": { "type": "Polygon", "coordinates": [ [ [ -157.003517319880359, 20.84655744774966 ], [ -157.0038055094019, 20.846560808223714 ], [ -157.003801934801089, 20.846831717196924 ], [ -157.003513744764348, 20.846828356675232 ], [ -157.003517319880359, 20.84655744774966 ] ] ] } },
{ "type": "Feature", "properties": { "ID": 414, "GRIDCODE": 2 }, "geometry": { "type": "Polygon", "coordinates": [ [ [ -157.003517319880359, 20.84655744774966 ], [ -157.002845814250236, 20.846421813816903 ], [ -157.003084475673887, 20.845720496648486 ], [ -157.003517319880359, 20.84655744774966 ] ] ] } },
{ "type": "Feature", "properties": { "ID": 415, "GRIDCODE": 2 }, "geometry": { "type": "Polygon", "coordinates": [ [ [ -157.002677786688992, 20.84465100168654 ], [ -157.003027789191805, 20.844747826662086 ], [ -157.002772208993548, 20.844982456461395 ], [ -157.002677786688992, 20.84465100168654 ] ] ] } },
{ "type": "Feature", "properties": { "ID": 416, "GRIDCODE": 2 }, "geometry": { "type": "Polygon", "coordinates": [ [ [ -157.002396754383739, 20.844105821983042 ], [ -157.002746755423971, 20.84420264742268 ], [ -157.002491175826947, 20.844437276855452 ], [ -157.002396754383739, 20.844105821983042 ] ] ] } },
{ "type": "Feature", "properties": { "ID": 417, "GRIDCODE": 2 }, "geometry": { "type": "Polygon", "coordinates": [ [ [ -157.002115723967421, 20.843560641949278 ], [ -157.002465723545129, 20.843657467852964 ], [ -157.002210144549338, 20.84389209691922 ], [ -157.002115723967421, 20.843560641949278 ] ] ] } },
{ "type": "Feature", "properties": { "ID": 418, "GRIDCODE": 2 }, "geometry": { "type": "Polygon", "coordinates": [ [ [ -157.00126906578663, 20.842196008566493 ], [ -157.001459233885726, 20.84228925065193 ], [ -157.002115723967421, 20.843560641949278 ], [ -157.001251173605112, 20.843550551928161 ], [ -157.00126906578663, 20.842196008566493 ] ] ] } },
{ "type": "Feature", "properties": { "ID": 419, "GRIDCODE": 2 }, "geometry": { "type": "Polygon", "coordinates": [ [ [ -157.000415262923809, 20.841373189204486 ], [ -157.000985763162078, 20.841652917373608 ], [ -157.00126906578663, 20.842196008566493 ], [ -157.000583171517775, 20.842021964513162 ], [ -157.000415262923809, 20.841373189204486 ] ] ] } },
{ "type": "Feature", "properties": { "ID": 420, "GRIDCODE": 2 }, "geometry": { "type": "Polygon", "coordinates": [ [ [ -157.000130664029768, 20.841098915287795 ], [ -157.0004188425618, 20.841102280620362 ], [ -157.000415262923809, 20.841373189204486 ], [ -157.000127083876748, 20.841369823824206 ], [ -157.000130664029768, 20.841098915287795 ] ] ] } },
{ "type": "Feature", "properties": { "ID": 421, "GRIDCODE": 2 }, "geometry": { "type": "Polygon", "coordinates": [ [ [ -156.999284036409023, 20.839734274281167 ], [ -156.999474200125661, 20.839827518247976 ], [ -157.000130664029768, 20.841098915287795 ], [ -156.999266128777521, 20.841088816384524 ], [ -156.999284036409023, 20.839734274281167 ] ] ] } },
{ "type": "Feature", "properties": { "ID": 422, "GRIDCODE": 2 }, "geometry": { "type": "Polygon", "coordinates": [ [ [ -156.998999442550769, 20.839459998849879 ], [ -156.999287617763429, 20.839463365833048 ], [ -156.999284036409023, 20.839734274281167 ], [ -156.998995860681362, 20.839730907250257 ], [ -156.998999442550769, 20.839459998849879 ] ] ] } },
{ "type": "Feature", "properties": { "ID": 423, "GRIDCODE": 2 }, "geometry": { "type": "Polygon", "coordinates": [ [ [ -156.998718431992273, 20.838914814649787 ], [ -156.999006606117632, 20.838918182021679 ], [ -156.998999442550769, 20.839459998849879 ], [ -156.998711267395379, 20.839456631382493 ], [ -156.998718431992273, 20.838914814649787 ] ] ] } },
{ "type": "Feature", "properties": { "ID": 424, "GRIDCODE": 2 }, "geometry": { "type": "Polygon", "coordinates": [ [ [ -156.998433840651643, 20.838640538461366 ], [ -156.998722014204731, 20.838643906269713 ], [ -156.998718431992273, 20.838914814649787 ], [ -156.998430257924213, 20.838911446793684 ], [ -156.998433840651643, 20.838640538461366 ] ] ] } },
{ "type": "Feature", "properties": { "ID": 425, "GRIDCODE": 2 }, "geometry": { "type": "Polygon", "coordinates": [ [ [ -156.998433840651643, 20.838640538461366 ], [ -156.998083855727401, 20.838543705407247 ], [ -156.998339430761547, 20.838309082152801 ], [ -156.998433840651643, 20.838640538461366 ] ] ] } },
{ "type": "Feature", "properties": { "ID": 426, "GRIDCODE": 2 }, "geometry": { "type": "Polygon", "coordinates": [ [ [ -156.997587240838044, 20.837275891048815 ], [ -156.99778634973319, 20.837373474812257 ], [ -156.99819553106488, 20.838186874988736 ], [ -156.997674500583912, 20.837998739375319 ], [ -156.997587240838044, 20.837275891048815 ] ] ] } },
{ "type": "Feature", "properties": { "ID": 427, "GRIDCODE": 2 }, "geometry": { "type": "Polygon", "coordinates": [ [ [ -156.997587240838044, 20.837275891048815 ], [ -156.997237259692099, 20.837179056548916 ], [ -156.997492833423479, 20.836944434443168 ], [ -156.997587240838044, 20.837275891048815 ] ] ] } },
{ "type": "Feature", "properties": { "ID": 428, "GRIDCODE": 2 }, "geometry": { "type": "Polygon", "coordinates": [ [ [ -156.997032408285918, 20.83564370252487 ], [ -156.997404976653087, 20.835798748649925 ], [ -156.997139642245315, 20.836260680099723 ], [ -156.997032408285918, 20.83564370252487 ] ] ] } },
{ "type": "Feature", "properties": { "ID": 429, "GRIDCODE": 2 }, "geometry": { "type": "Polygon", "coordinates": [ [ [ -156.996751410941442, 20.835098516017045 ], [ -156.997101386993819, 20.835195351116802 ], [ -156.996845815913048, 20.835429972873385 ], [ -156.996751410941442, 20.835098516017045 ] ] ] } },
{ "type": "Feature", "properties": { "ID": 430, "GRIDCODE": 2 }, "geometry": { "type": "Polygon", "coordinates": [ [ [ -156.996466830012736, 20.834824237314784 ], [ -156.99675499595557, 20.834827607843298 ], [ -156.996751410941442, 20.835098516017045 ], [ -156.996463244483749, 20.835095145440729 ], [ -156.996466830012736, 20.834824237314784 ] ] ] } },
{ "type": "Feature", "properties": { "ID": 431, "GRIDCODE": 2 }, "geometry": { "type": "Polygon", "coordinates": [ [ [ -156.996466830012736, 20.834824237314784 ], [ -156.99611685532247, 20.834727401016256 ], [ -156.996372426146905, 20.83449278032548 ], [ -156.996466830012736, 20.834824237314784 ] ] ] } },
{ "type": "Feature", "properties": { "ID": 432, "GRIDCODE": 2 }, "geometry": { "type": "Polygon", "coordinates": [ [ [ -156.99535003954216, 20.832101670509793 ], [ -156.99573499583235, 20.832298142122426 ], [ -156.995461477290746, 20.832995733697967 ], [ -156.99535003954216, 20.832101670509793 ] ] ] } },
{ "type": "Feature", "properties": { "ID": 433, "GRIDCODE": 2 }, "geometry": { "type": "Polygon", "coordinates": [ [ [ -156.99535003954216, 20.832101670509793 ], [ -156.995000071914319, 20.832004832468417 ], [ -156.995255639330566, 20.831770213142359 ], [ -156.99535003954216, 20.832101670509793 ] ] ] } },
{ "type": "Feature", "properties": { "ID": 434, "GRIDCODE": 2 }, "geometry": { "type": "Polygon", "coordinates": [ [ [ -156.994496323522725, 20.831278827942846 ], [ -156.995157578888325, 20.831396376965195 ], [ -156.994648229541752, 20.83162458568593 ], [ -156.994496323522725, 20.831278827942846 ] ] ] } },
{ "type": "Feature", "properties": { "ID": 435, "GRIDCODE": 2 }, "geometry": { "type": "Polygon", "coordinates": [ [ [ -156.992785328149722, 20.829904039755913 ], [ -156.993459156155495, 20.830261601552934 ], [ -156.992915764996496, 20.830510177545534 ], [ -156.992785328149722, 20.829904039755913 ] ] ] } },
{ "type": "Feature", "properties": { "ID": 436, "GRIDCODE": 2 }, "geometry": { "type": "Polygon", "coordinates": [ [ [ -156.988830301249124, 20.823896769241923 ], [ -156.989925847156258, 20.824029884405416 ], [ -156.989727202100681, 20.824916871773272 ], [ -156.991276512016782, 20.825935226873575 ], [ -156.991498828734819, 20.827337298753616 ], [ -156.991831254790185, 20.82756742784856 ], [ -156.992057169982161, 20.82869859178599 ], [ -156.992565608611045, 20.829472682016959 ], [ -156.991755662166099, 20.82910796491942 ], [ -156.990948024555763, 20.827063331030743 ], [ -156.98967478383463, 20.827954118817665 ], [ -156.989947037067196, 20.826738040584235 ], [ -156.989150283306458, 20.826186792667293 ], [ -156.989267562166987, 20.825662939922957 ], [ -156.98894864108334, 20.824055991484496 ], [ -156.988830301249124, 20.823896769241923 ] ] ] } },
{ "type": "Feature", "properties": { "ID": 437, "GRIDCODE": 2 }, "geometry": { "type": "Polygon", "coordinates": [ [ [ -156.623106902092559, 20.808378064508812 ], [ -156.623456501501238, 20.808475636449383 ], [ -156.623200457301323, 20.808709653298376 ], [ -156.623106902092559, 20.808378064508812 ] ] ] } },
{ "type": "Feature", "properties": { "ID": 438, "GRIDCODE": 2 }, "geometry": { "type": "Polygon", "coordinates": [ [ [ -156.010925349133373, 20.797172433254772 ], [ -156.011274372937663, 20.797271208152804 ], [ -156.011017518484863, 20.797504207744442 ], [ -156.010925349133373, 20.797172433254772 ] ] ] } },
{ "type": "Feature", "properties": { "ID": 439, "GRIDCODE": 2 }, "geometry": { "type": "Polygon", "coordinates": [ [ [ -156.472677321294213, 20.793765995536884 ], [ -156.47302675646074, 20.793863861554193 ], [ -156.472770532516932, 20.794097633183053 ], [ -156.472677321294213, 20.793765995536884 ] ] ] } },
{ "type": "Feature", "properties": { "ID": 440, "GRIDCODE": 2 }, "geometry": { "type": "Polygon", "coordinates": [ [ [ -156.472677321294213, 20.793765995536884 ], [ -156.471734210413103, 20.79360832464226 ], [ -156.470836912136889, 20.79326760922876 ], [ -156.47243553802511, 20.792846237327222 ], [ -156.472677321294213, 20.793765995536884 ] ] ] } },
{ "type": "Feature", "properties": { "ID": 441, "GRIDCODE": 2 }, "geometry": { "type": "Polygon", "coordinates": [ [ [ -156.469815563448321, 20.792640294796556 ], [ -156.470164993577072, 20.792738166205726 ], [ -156.46990876781976, 20.792971933324726 ], [ -156.469815563448321, 20.792640294796556 ] ] ] } },
{ "type": "Feature", "properties": { "ID": 442, "GRIDCODE": 2 }, "geometry": { "type": "Polygon", "coordinates": [ [ [ -156.469815563448321, 20.792640294796556 ], [ -156.468613239845581, 20.792002632926476 ], [ -156.468042103406106, 20.791149168109911 ], [ -156.469545191045341, 20.79158057367561 ], [ -156.469815563448321, 20.792640294796556 ] ] ] } },
{ "type": "Feature", "properties": { "ID": 443, "GRIDCODE": 2 }, "geometry": { "type": "Polygon", "coordinates": [ [ [ -156.512490744126524, 20.790013897628121 ], [ -156.512204379737426, 20.790391204187859 ], [ -156.510667413545633, 20.790112573241039 ], [ -156.512490744126524, 20.790013897628121 ] ] ] } },
{ "type": "Feature", "properties": { "ID": 444, "GRIDCODE": 2 }, "geometry": { "type": "Polygon", "coordinates": [ [ [ -156.686758873817155, 20.885103099373914 ], [ -156.68631894432724, 20.885227439544188 ], [ -156.685251384233055, 20.886554953653253 ], [ -156.684837813241955, 20.888557740381891 ], [ -156.685542109333113, 20.891241031032219 ], [ -156.684948833095547, 20.893726051259346 ], [ -156.685022064530699, 20.896457672196462 ], [ -156.684952134216445, 20.897675804627809 ], [ -156.684973965893676, 20.898491333699283 ], [ -156.684636577216196, 20.900919893651999 ], [ -156.684654541865058, 20.901583646472933 ], [ -156.685303638009799, 20.903408099793502 ], [ -156.6870123825002, 20.90602814364086 ], [ -156.688260174451727, 20.90893083160605 ], [ -156.690228505530513, 20.910694685095407 ], [ -156.692264659055525, 20.911856772957794 ], [ -156.693109716561224, 20.912420325105419 ], [ -156.694186504616454, 20.91309428157038 ], [ -156.695617363047205, 20.914587983212915 ], [ -156.696987215904585, 20.916851246165546 ], [ -156.696164771384616, 20.920036674562962 ], [ -156.695866894143251, 20.921397509576945 ], [ -156.695550947000839, 20.92246655643876 ], [ -156.695164069099519, 20.923901586335283 ], [ -156.695228318199241, 20.926291015942326 ], [ -156.696360768840805, 20.926812009887843 ], [ -156.696736044319152, 20.927203859580953 ], [ -156.696303151871291, 20.927946450850261 ], [ -156.694068636108085, 20.929259957868265 ], [ -156.693411404125214, 20.931116999424031 ], [ -156.693099561563344, 20.931915186303915 ], [ -156.692719183513134, 20.934870308080775 ], [ -156.692806470458208, 20.938123427819086 ], [ -156.692385981827897, 20.940845456957938 ], [ -156.692009086867301, 20.947352429100828 ], [ -156.691672618017861, 20.948761269648394 ], [ -156.688083389055123, 20.953281658725981 ], [ -156.686516736482247, 20.955144307926425 ], [ -156.684871405468755, 20.959791642061521 ], [ -156.684293131878661, 20.960782747390109 ], [ -156.683974168404006, 20.963497778603667 ], [ -156.68366219227255, 20.964295934529503 ], [ -156.683092093943202, 20.965906071489496 ], [ -156.681671195479936, 20.967107401014687 ], [ -156.681169072508851, 20.968070161703913 ], [ -156.680707618224233, 20.968861116488341 ], [ -156.680365105371777, 20.969829088941758 ], [ -156.680400822384712, 20.97116478311354 ], [ -156.680355105760782, 20.971955046936841 ], [ -156.679483075494289, 20.973449808232512 ], [ -156.678919655958225, 20.975041231059944 ], [ -156.678056133766262, 20.976183711676445 ], [ -156.677701165676751, 20.977499394341443 ], [ -156.676188740415341, 20.978306818312692 ], [ -156.675628393266237, 20.978858570515381 ], [ -156.675652896579237, 20.979768970235025 ], [ -156.675620257193088, 20.980330966190714 ], [ -156.673915230706541, 20.981058487775083 ], [ -156.673298921634341, 20.982384872390668 ], [ -156.674436923922343, 20.983404399543534 ], [ -156.674700641104067, 20.984274017481138 ], [ -156.672780747078491, 20.984176224794766 ], [ -156.672388662641566, 20.985283047115846 ], [ -156.671988744651117, 20.98596806308327 ], [ -156.672752645515828, 20.987043730638067 ], [ -156.672031931638344, 20.987997379474699 ], [ -156.671470670992221, 20.98796880375151 ], [ -156.671178887463469, 20.988528310364593 ], [ -156.670319261447389, 20.988484537559241 ], [ -156.670167645712354, 20.98863378684695 ], [ -156.669717483079268, 20.988452888180017 ], [ -156.669313546830864, 20.990211924955528 ], [ -156.669725369252035, 20.991193498132365 ], [ -156.669634349765772, 20.991594636710108 ], [ -156.66827821290974, 20.991323681654571 ], [ -156.667976715525953, 20.991926963751297 ], [ -156.669288839726534, 20.99283753627779 ], [ -156.668951031915071, 20.994327764368496 ], [ -156.666757067643147, 20.994709608973867 ], [ -156.665889775951769, 20.996732651239295 ], [ -156.667479376944556, 20.997627468447021 ], [ -156.667925978217056, 20.998764153461909 ], [ -156.66669245469356, 20.999191691535533 ], [ -156.666300455994531, 21.000105766503012 ], [ -156.666425671026786, 21.000749419238616 ], [ -156.667544567739981, 21.001172435549961 ], [ -156.667658456078357, 21.001602703494516 ], [ -156.667037001672981, 21.001347488837869 ], [ -156.666203663231158, 21.001510929555721 ], [ -156.666686080425706, 21.003478405236269 ], [ -156.666489576648758, 21.004248201846071 ], [ -156.665975810016874, 21.004965894039561 ], [ -156.666326333348053, 21.005487637015047 ], [ -156.666428937457397, 21.006462066260017 ], [ -156.665725042292024, 21.006036004630054 ], [ -156.665001674938253, 21.005720917100515 ], [ -156.664299761776533, 21.004932838472651 ], [ -156.663007948005458, 21.004034538520134 ], [ -156.657766504555468, 21.004445793590154 ], [ -156.657120535139171, 21.005129492486009 ], [ -156.656511164707041, 21.005075067613031 ], [ -156.655923411623036, 21.005584430818779 ], [ -156.656577848742103, 21.00861500999962 ], [ -156.655389234081156, 21.007280112210776 ], [ -156.654996165293625, 21.005986069879238 ], [ -156.654170411761982, 21.005626272695611 ], [ -156.653837541189432, 21.004897344129475 ], [ -156.653143785403358, 21.004528516338851 ], [ -156.649733521016742, 21.005354584483641 ], [ -156.649284328418247, 21.005829725965619 ], [ -156.648970565840301, 21.006076182923074 ], [ -156.648694739959325, 21.006634273612999 ], [ -156.648288555460425, 21.007294793961975 ], [ -156.647634492642652, 21.007808499650814 ], [ -156.64709131914725, 21.00838299531852 ], [ -156.646460639301949, 21.008878236185627 ], [ -156.64546957164373, 21.009932768721576 ], [ -156.646323884094159, 21.010644853577723 ], [ -156.646581753220346, 21.011232149033319 ], [ -156.64595604964299, 21.011176135863014 ], [ -156.644857281461469, 21.01173195312801 ], [ -156.643319087862409, 21.011313691400488 ], [ -156.641549478338334, 21.011422626860448 ], [ -156.640883435606241, 21.013393664579674 ], [ -156.637652206404226, 21.013104634231748 ], [ -156.63744965224879, 21.014730772191079 ], [ -156.63702471897858, 21.014574076207882 ], [ -156.63335006408235, 21.015067547412148 ], [ -156.632703890104352, 21.01464810903871 ], [ -156.633031353283315, 21.012947529835145 ], [ -156.633583708185398, 21.01290243922994 ], [ -156.634159711230666, 21.012965610993653 ], [ -156.634457999089449, 21.012345164313505 ], [ -156.635662031727378, 21.012477381652424 ], [ -156.635457167217709, 21.010264372715113 ], [ -156.636217406444985, 21.011150327322543 ], [ -156.637940548185554, 21.011880608877981 ], [ -156.638820871723709, 21.012370341395503 ], [ -156.638714184915273, 21.01121940001304 ], [ -156.639123283297153, 21.010770850391864 ], [ -156.639925050230431, 21.011704985375651 ], [ -156.640414991869591, 21.011167740176973 ], [ -156.641112902933344, 21.011110754819516 ], [ -156.641552217100667, 21.011158910263791 ], [ -156.641129070206944, 21.009241020181548 ], [ -156.641000420824952, 21.009091221321949 ], [ -156.64143379567858, 21.009230034284279 ], [ -156.642937230111244, 21.010334464871548 ], [ -156.643725126804071, 21.009929378984449 ], [ -156.643469836531978, 21.008174663141869 ], [ -156.643172979943841, 21.007613278874473 ], [ -156.643203425261333, 21.006805240296465 ], [ -156.642048808186217, 21.006811329667674 ], [ -156.643476334771236, 21.005429796810702 ], [ -156.643793057852406, 21.005748599886456 ], [ -156.644664702896563, 21.005211334631358 ], [ -156.646113730134232, 21.00457570536134 ], [ -156.646129899577119, 21.004137703584384 ], [ -156.645072800656493, 21.00315522235692 ], [ -156.64586800184199, 21.002784482941369 ], [ -156.646865624131891, 21.002817331205065 ], [ -156.648221691742918, 21.001981454336491 ], [ -156.649344457833507, 21.001488770078435 ], [ -156.64975392722144, 21.000724983923899 ], [ -156.652193215948927, 21.000173606968389 ], [ -156.6531527021248, 21.000464488568646 ], [ -156.654794925898614, 21.001287792601481 ], [ -156.655413943942989, 21.00075981522696 ], [ -156.655970417411652, 21.000231767283839 ], [ -156.65657615986197, 21.000228602803826 ], [ -156.657427236310497, 21.000787545068423 ], [ -156.658005561061145, 21.001061115172249 ], [ -156.659120341824007, 21.001619843275243 ], [ -156.660877085367474, 21.001913316512685 ], [ -156.661422951553646, 21.002462621072738 ], [ -156.662316843868723, 21.001686012873837 ], [ -156.662386583434596, 20.999813549998844 ], [ -156.661513351184908, 20.998162523527348 ], [ -156.661494059071316, 20.995043461702178 ], [ -156.662452114294013, 20.992857008658191 ], [ -156.663344622024084, 20.991658277896754 ], [ -156.663822625259485, 20.98952514334605 ], [ -156.66484139801625, 20.988157101645339 ], [ -156.665602178264066, 20.986060509305851 ], [ -156.667495860278763, 20.984400867442865 ], [ -156.668385500914837, 20.982509728144873 ], [ -156.669532729601968, 20.982896072255866 ], [ -156.669255699818763, 20.982523361407754 ], [ -156.668636748807643, 20.981948215867906 ], [ -156.670157147145972, 20.979669001431802 ], [ -156.670181344527379, 20.979016944559486 ], [ -156.670177956745988, 20.978472580194591 ], [ -156.671065720481721, 20.97740627170587 ], [ -156.671946283849024, 20.976058506475816 ], [ -156.674020411384134, 20.973864990363477 ], [ -156.674828851294421, 20.972442278285076 ], [ -156.675496122664327, 20.970694217362073 ], [ -156.675872631909613, 20.968404215025167 ], [ -156.676411463425836, 20.967455862543076 ], [ -156.676711016521097, 20.966371042005957 ], [ -156.677013293986619, 20.965838647227326 ], [ -156.677579406219508, 20.964782326351074 ], [ -156.679275247512862, 20.962866510109446 ], [ -156.679724945636906, 20.959441621384698 ], [ -156.680603086058568, 20.957489517496516 ], [ -156.682507653880265, 20.952675118216447 ], [ -156.684375054925823, 20.950431399321214 ], [ -156.687385718529413, 20.946616753475009 ], [ -156.687792443105735, 20.939702132700361 ], [ -156.688125509339926, 20.937506726722301 ], [ -156.688102221637166, 20.933851692083888 ], [ -156.688568154978128, 20.930299847738191 ], [ -156.68973269989749, 20.927480361194291 ], [ -156.690308030261491, 20.926467090755995 ], [ -156.690685565671799, 20.922265076388779 ], [ -156.691268343948508, 20.920249227699767 ], [ -156.691571811801168, 20.918893505894442 ], [ -156.691940295908097, 20.91731841768804 ], [ -156.689670238888311, 20.915651025517171 ], [ -156.687518405431121, 20.9144111452689 ], [ -156.685389492190325, 20.912432775955352 ], [ -156.684885296040818, 20.911419697966458 ], [ -156.683651641526666, 20.909304502348832 ], [ -156.68117938310499, 20.90576848503509 ], [ -156.680836730714788, 20.90435969863676 ], [ -156.680016526833754, 20.902808840834929 ], [ -156.680002529937042, 20.900570635174347 ], [ -156.680480223628422, 20.891529151223828 ], [ -156.680445410409504, 20.886046001969952 ], [ -156.681551218159598, 20.883586735176074 ], [ -156.678204136984306, 20.880475884927108 ], [ -156.676348667966465, 20.878051146767209 ], [ -156.674156855911434, 20.875591393808509 ], [ -156.673807680388137, 20.874229205343926 ], [ -156.673546069001276, 20.872865826800563 ], [ -156.673117753463714, 20.872055351220613 ], [ -156.672530211074616, 20.870873916511158 ], [ -156.670021913597793, 20.867938773081466 ], [ -156.666149298227936, 20.863792109864395 ], [ -156.665283674156115, 20.862051031292651 ], [ -156.663747926402749, 20.861074359637225 ], [ -156.659496354536543, 20.857121473686121 ], [ -156.657770695062482, 20.855383282458941 ], [ -156.654888393776986, 20.853170096507192 ], [ -156.650250183838551, 20.848065537508351 ], [ -156.649586932909529, 20.846810516106029 ], [ -156.648915607645876, 20.845460010427409 ], [ -156.647171941155904, 20.843502433355045 ], [ -156.64597564054705, 20.841095088376235 ], [ -156.644505835774538, 20.838688075907058 ], [ -156.642731687706572, 20.837521453847501 ], [ -156.641819922697096, 20.837214055867147 ], [ -156.63907994762323, 20.836755794801313 ], [ -156.638393425238149, 20.836117222970579 ], [ -156.637475308214675, 20.834757723913558 ], [ -156.635740744058666, 20.834414471878979 ], [ -156.635244605324175, 20.831822156099314 ], [ -156.634412191577439, 20.831428251382484 ], [ -156.634431564478973, 20.830908806884388 ], [ -156.633596031449798, 20.830066837305775 ], [ -156.632997433792042, 20.829783300289918 ], [ -156.631913020699244, 20.827601105297241 ], [ -156.631298661919885, 20.827858220922295 ], [ -156.630379192792475, 20.828731751132008 ], [ -156.628707948917793, 20.828196188128924 ], [ -156.628705136785442, 20.827710962504316 ], [ -156.62959137006618, 20.826480101976994 ], [ -156.630175675031722, 20.825967548989169 ], [ -156.629833983586281, 20.825937160434645 ], [ -156.629311967924451, 20.825939858051001 ], [ -156.628745483107394, 20.825655694205235 ], [ -156.627723273626174, 20.825328049255916 ], [ -156.627316082441723, 20.824557461142408 ], [ -156.627326684911196, 20.824275861184752 ], [ -156.625895165366586, 20.824283543253472 ], [ -156.624859844627053, 20.821778713297075 ], [ -156.624226161602564, 20.819950084173563 ], [ -156.623842407753557, 20.817507854981478 ], [ -156.622680751287817, 20.815168990242903 ], [ -156.620578467026775, 20.813622884760168 ], [ -156.619346601596703, 20.813322180972573 ], [ -156.617525160369865, 20.812707587117966 ], [ -156.614650472704653, 20.814049743206326 ], [ -156.612258804701469, 20.814590776304339 ], [ -156.606266649195192, 20.814143436004638 ], [ -156.605280824453558, 20.81367636144051 ], [ -156.603805258597021, 20.812188820372395 ], [ -156.602465551344181, 20.811203296545031 ], [ -156.600447820500136, 20.810909456647927 ], [ -156.600153439028816, 20.810612745981551 ], [ -156.59846995961189, 20.810621443118407 ], [ -156.597008481360831, 20.809777691146998 ], [ -156.595874917965517, 20.808943818049595 ], [ -156.593970854006443, 20.807731406358684 ], [ -156.591640649566671, 20.805381525624448 ], [ -156.590749094652494, 20.804813717033618 ], [ -156.587643308982223, 20.802218105443053 ], [ -156.585336931021629, 20.800945055968096 ], [ -156.582951138553597, 20.799538322049312 ], [ -156.580480860548477, 20.798704164194699 ], [ -156.573864195605466, 20.797848797745722 ], [ -156.572390213391657, 20.796362102702126 ], [ -156.570730887344865, 20.797385802731871 ], [ -156.568989295703005, 20.7963798015215 ], [ -156.568432014126614, 20.795553934103797 ], [ -156.568042852119561, 20.795191415517515 ], [ -156.568739936313563, 20.793964691110709 ], [ -156.568168657106327, 20.793924715056281 ], [ -156.567273430631445, 20.793929215570678 ], [ -156.564824623340314, 20.792698601233933 ], [ -156.563620517030643, 20.793841785920211 ], [ -156.563292317679299, 20.792487295964616 ], [ -156.56272274291149, 20.79195660042469 ], [ -156.562352695782948, 20.791211284994414 ], [ -156.56101651937891, 20.790577893105819 ], [ -156.560493606199572, 20.790050367887062 ], [ -156.558750639525044, 20.789174541952697 ], [ -156.557335830390429, 20.789181518570146 ], [ -156.557172855997095, 20.787947095284402 ], [ -156.557948320343257, 20.788215137510221 ], [ -156.558789728778123, 20.787811649330106 ], [ -156.559604180825431, 20.78866408321651 ], [ -156.56022436376827, 20.788950144287554 ], [ -156.560989591186228, 20.789750683700547 ], [ -156.561675402409548, 20.790067037341604 ], [ -156.562473212468888, 20.790048614272795 ], [ -156.564675173985705, 20.791686720135342 ], [ -156.565507883509127, 20.792071016392718 ], [ -156.567105037694347, 20.792571441119303 ], [ -156.568000514717255, 20.79255080722815 ], [ -156.573317925209977, 20.793027164349901 ], [ -156.57508228347163, 20.79348874643755 ], [ -156.577101353833882, 20.793820446739087 ], [ -156.578255752481084, 20.793793761060119 ], [ -156.57939372229697, 20.79409143216257 ], [ -156.58199288601574, 20.794388670111232 ], [ -156.583412882859477, 20.794960788767192 ], [ -156.585721147571064, 20.795843677621612 ], [ -156.587986586634656, 20.79719232977379 ], [ -156.589996889984775, 20.798293855086285 ], [ -156.592469560379186, 20.800132793068201 ], [ -156.592831256798092, 20.800511145961483 ], [ -156.593126394370415, 20.800775867154282 ], [ -156.593398703713035, 20.801060902173958 ], [ -156.593981867250761, 20.80132966417154 ], [ -156.595643467258924, 20.802640652889949 ], [ -156.59648073265592, 20.803900524247357 ], [ -156.598530197547888, 20.805185973714519 ], [ -156.599658046409559, 20.806024774778006 ], [ -156.603901021919228, 20.808231860335727 ], [ -156.604527526764969, 20.80852064012117 ], [ -156.604799871882761, 20.808805660226199 ], [ -156.605959170489911, 20.80908243437851 ], [ -156.607379411413973, 20.809654375737018 ], [ -156.60951594536283, 20.810068837339841 ], [ -156.613211210100303, 20.809982763810485 ], [ -156.615108246721206, 20.808793826348033 ], [ -156.617213956896961, 20.807895066980713 ], [ -156.618043449141197, 20.8074969385153 ], [ -156.619498530313308, 20.808468604566333 ], [ -156.6204143251652, 20.809042694965658 ], [ -156.621512291449818, 20.809017059467081 ], [ -156.62237591857911, 20.809061315091729 ], [ -156.622957411381208, 20.809047686098953 ], [ -156.624217728008261, 20.810601007720383 ], [ -156.626337777824233, 20.812108822341777 ], [ -156.627995941061101, 20.814852290858365 ], [ -156.628309202888261, 20.816175943712082 ], [ -156.628591718246128, 20.817253138058042 ], [ -156.628842930073205, 20.818892335175089 ], [ -156.629605359147916, 20.821038077965333 ], [ -156.630874944371897, 20.823376150611278 ], [ -156.634065017346472, 20.827174092352131 ], [ -156.636475719806356, 20.829010822608005 ], [ -156.638455557103185, 20.830673857040896 ], [ -156.639890527574352, 20.831766925624521 ], [ -156.640215593891185, 20.832106725101731 ], [ -156.642005683331973, 20.832931255206802 ], [ -156.644318104958501, 20.833482923967743 ], [ -156.646538289906175, 20.834248906369769 ], [ -156.648720902063047, 20.836529312901263 ], [ -156.650666971666453, 20.839748263116292 ], [ -156.651000037510869, 20.840046752251844 ], [ -156.651272065845859, 20.841195473728664 ], [ -156.653035667264817, 20.84277722105103 ], [ -156.653798321066745, 20.844700798615907 ], [ -156.654711321881081, 20.846149442505887 ], [ -156.655220943429583, 20.846606298729061 ], [ -156.657983250461655, 20.849764141116612 ], [ -156.660871385462372, 20.851963464554338 ], [ -156.66259191042576, 20.853760947267887 ], [ -156.662887276941433, 20.854025568323568 ], [ -156.663159814775838, 20.854310512520158 ], [ -156.666298958243317, 20.857052084091364 ], [ -156.666844340057281, 20.857621967159634 ], [ -156.668509131253842, 20.858388326937831 ], [ -156.669541579946298, 20.859077142969326 ], [ -156.670088102713493, 20.861381991894014 ], [ -156.672158916395659, 20.863238530924235 ], [ -156.673090467285533, 20.864469355107516 ], [ -156.675008381972589, 20.866609374212363 ], [ -156.677355049981088, 20.869499132980245 ], [ -156.67732934527254, 20.869944430038313 ], [ -156.678464855994548, 20.87184719784667 ], [ -156.678449086172577, 20.872122387630355 ], [ -156.678460009192463, 20.872528895503727 ], [ -156.678408629463377, 20.873417770877015 ], [ -156.680607344663855, 20.875870952463931 ], [ -156.680991636619098, 20.876215327417068 ], [ -156.68126008888828, 20.876771099328025 ], [ -156.681992732052578, 20.877803018865592 ], [ -156.68316618123788, 20.878854799447776 ], [ -156.686534196385708, 20.881247566689158 ], [ -156.687560184031355, 20.882318622504545 ], [ -156.687497277130774, 20.883411586625197 ], [ -156.686907800411632, 20.884422687805753 ], [ -156.686758873817155, 20.885103099373914 ] ] ] } },
{ "type": "Feature", "properties": { "ID": 445, "GRIDCODE": 2 }, "geometry": { "type": "Polygon", "coordinates": [ [ [ -156.550317940544318, 20.78432778725255 ], [ -156.550605922898484, 20.78433189845844 ], [ -156.55060155149755, 20.784602725804216 ], [ -156.550313568630685, 20.784598614539917 ], [ -156.550317940544318, 20.78432778725255 ] ] ] } },
{ "type": "Feature", "properties": { "ID": 446, "GRIDCODE": 2 }, "geometry": { "type": "Polygon", "coordinates": [ [ [ -156.557172855997095, 20.787947095284402 ], [ -156.556140255910663, 20.788152223222234 ], [ -156.554671772588108, 20.787545604126606 ], [ -156.554865497768532, 20.786242192332629 ], [ -156.552234176137887, 20.785493983147504 ], [ -156.551896105642044, 20.784706118631117 ], [ -156.550781163947306, 20.784820361382049 ], [ -156.55060155149755, 20.784602725804216 ], [ -156.551061745964375, 20.784498716501332 ], [ -156.551524770468632, 20.783888018167726 ], [ -156.55209176855368, 20.784016077324583 ], [ -156.552739524830599, 20.784927534505307 ], [ -156.554217267289545, 20.785306661730381 ], [ -156.555342314065825, 20.785770166910943 ], [ -156.555612889721061, 20.787186805603636 ], [ -156.557063648714745, 20.786902584800504 ], [ -156.557172855997095, 20.787947095284402 ] ] ] } },
{ "type": "Feature", "properties": { "ID": 447, "GRIDCODE": 2 }, "geometry": { "type": "Polygon", "coordinates": [ [ [ -156.550317940544318, 20.78432778725255 ], [ -156.549886138457708, 20.784171627426637 ], [ -156.548989911352805, 20.784625344937854 ], [ -156.549082886477237, 20.783710569101821 ], [ -156.548102399626913, 20.782606787120177 ], [ -156.546765288524057, 20.782022618356915 ], [ -156.548080437805226, 20.781754917598779 ], [ -156.549265084006009, 20.78308859109034 ], [ -156.550200100450297, 20.783367938333527 ], [ -156.550317940544318, 20.78432778725255 ] ] ] } },
{ "type": "Feature", "properties": { "ID": 448, "GRIDCODE": 2 }, "geometry": { "type": "Polygon", "coordinates": [ [ [ -156.991918810648656, 20.786541846263571 ], [ -156.992043802239039, 20.785920174764364 ], [ -156.992286476515517, 20.78639889802945 ], [ -156.991918810648656, 20.786541846263571 ] ] ] } },
{ "type": "Feature", "properties": { "ID": 449, "GRIDCODE": 2 }, "geometry": { "type": "Polygon", "coordinates": [ [ [ -156.991918810648656, 20.786541846263571 ], [ -156.991739872191118, 20.78766800836231 ], [ -156.990017454427658, 20.788275605648714 ], [ -156.989729727922764, 20.789095406021207 ], [ -156.989370883257777, 20.789400122095962 ], [ -156.989417988896605, 20.79102637663464 ], [ -156.988530387990494, 20.791780534470309 ], [ -156.98824237866333, 20.792620437293607 ], [ -156.989961559098731, 20.793408324684997 ], [ -156.989945609465849, 20.793698933214863 ], [ -156.989953495178128, 20.79397447420212 ], [ -156.989565902331918, 20.794642810124273 ], [ -156.99012082396419, 20.795659158272681 ], [ -156.98733813212263, 20.796451951056664 ], [ -156.987997152234669, 20.797659509275853 ], [ -156.989620100145657, 20.799109361904257 ], [ -156.989574598550433, 20.799930940140193 ], [ -156.990070746186149, 20.800839569672387 ], [ -156.98955705097535, 20.80127582735134 ], [ -156.98902242168262, 20.801805109182041 ], [ -156.988393866754365, 20.802075038185212 ], [ -156.987569448933357, 20.802472981740895 ], [ -156.987006495587707, 20.804075139110545 ], [ -156.987847752000278, 20.80482641975637 ], [ -156.987760070003645, 20.806407959945865 ], [ -156.987781086764471, 20.807135457974702 ], [ -156.986092930110971, 20.808132625408049 ], [ -156.986874684641549, 20.808830954519809 ], [ -156.987420883315423, 20.810251782143236 ], [ -156.986259342530758, 20.811238724471352 ], [ -156.985957032036453, 20.812832689784731 ], [ -156.987533345166213, 20.813205368031937 ], [ -156.98707943757114, 20.813988279494986 ], [ -156.987444602850701, 20.814314584245089 ], [ -156.987284053356262, 20.817206751619288 ], [ -156.987830010660616, 20.817694203018242 ], [ -156.987310139917128, 20.818590249334978 ], [ -156.987025389874873, 20.819179474547617 ], [ -156.988721179768334, 20.821559607924438 ], [ -156.988830301249124, 20.823896769241923 ], [ -156.98769498972834, 20.824045507244932 ], [ -156.988303269082508, 20.822512286505564 ], [ -156.987744036346811, 20.821327990557084 ], [ -156.986991891198869, 20.82127695362955 ], [ -156.985883534549515, 20.821325979190799 ], [ -156.986902894636785, 20.819989957567095 ], [ -156.986459560957059, 20.818577744878766 ], [ -156.985430023902182, 20.818118739113554 ], [ -156.985884980773278, 20.817216247461186 ], [ -156.986764830213247, 20.816063010304255 ], [ -156.986381482832968, 20.814987013774534 ], [ -156.985937308497682, 20.814507369529242 ], [ -156.984941631599838, 20.813895557782079 ], [ -156.985386058488729, 20.813149188267694 ], [ -156.984649183836268, 20.812820626881397 ], [ -156.985096232173078, 20.811517043417865 ], [ -156.985909355606367, 20.81085094452628 ], [ -156.986034929418878, 20.80921521292014 ], [ -156.985155764130496, 20.808266350884786 ], [ -156.983858121070625, 20.807468810568352 ], [ -156.986307135113748, 20.806963231488584 ], [ -156.986427268287031, 20.805397288732109 ], [ -156.985160592526739, 20.803138741885356 ], [ -156.985803769379373, 20.802870320224343 ], [ -156.986079356145893, 20.802587260324284 ], [ -156.987256795654901, 20.801902408348386 ], [ -156.988219847527887, 20.799474893521268 ], [ -156.98785809337059, 20.798830186713253 ], [ -156.987523146891817, 20.797395302564862 ], [ -156.985052824961656, 20.797504687500886 ], [ -156.987661479698914, 20.795367313895404 ], [ -156.987336163061713, 20.794479602304541 ], [ -156.987698493857437, 20.79387090759851 ], [ -156.987377501296436, 20.792848301029089 ], [ -156.985915152690552, 20.792299956246154 ], [ -156.986769979127928, 20.791599539184759 ], [ -156.98710663660674, 20.790931935142599 ], [ -156.988533883451083, 20.791028714872095 ], [ -156.98863695914946, 20.789684432619925 ], [ -156.988302815746295, 20.788252998767973 ], [ -156.987861921706241, 20.787467127327702 ], [ -156.989453745290803, 20.787138497728186 ], [ -156.988795728278973, 20.785878434848172 ], [ -156.987285931995444, 20.784860017131315 ], [ -156.985190935758112, 20.783925872929117 ], [ -156.985983149482109, 20.78380578220742 ], [ -156.988830200666257, 20.783998855154749 ], [ -156.989498654992815, 20.783450894436701 ], [ -156.98953400013113, 20.782991565581312 ], [ -156.989500603302844, 20.782326630862133 ], [ -156.990418410901952, 20.781241140146349 ], [ -156.98928090430681, 20.779668264390722 ], [ -156.989854419757592, 20.779871711932365 ], [ -156.990137632937206, 20.780177466568425 ], [ -156.991255260147994, 20.780127971413123 ], [ -156.991311130052765, 20.781242725699446 ], [ -156.990662818067051, 20.782332038372324 ], [ -156.991518162485136, 20.782713416646548 ], [ -156.991567807209634, 20.783703338785973 ], [ -156.990181948266155, 20.783609322731653 ], [ -156.989223930814063, 20.784394283102177 ], [ -156.989123216017958, 20.785710017901092 ], [ -156.990113250955233, 20.786778561501542 ], [ -156.991918810648656, 20.786541846263571 ] ] ] } },
{ "type": "Feature", "properties": { "ID": 450, "GRIDCODE": 2 }, "geometry": { "type": "Polygon", "coordinates": [ [ [ -156.988281572128727, 20.778370730730366 ], [ -156.988631413494801, 20.778467572614378 ], [ -156.988375934232323, 20.778702189919056 ], [ -156.988281572128727, 20.778370730730366 ] ] ] } },
{ "type": "Feature", "properties": { "ID": 451, "GRIDCODE": 2 }, "geometry": { "type": "Polygon", "coordinates": [ [ [ -156.988299518827205, 20.777016187880641 ], [ -156.988649357164917, 20.777113029487921 ], [ -156.9883938804021, 20.777347647042777 ], [ -156.988299518827205, 20.777016187880641 ] ] ] } },
{ "type": "Feature", "properties": { "ID": 452, "GRIDCODE": 2 }, "geometry": { "type": "Polygon", "coordinates": [ [ [ -156.988040180029685, 20.774845543434942 ], [ -156.988412593654402, 20.775000597212344 ], [ -156.98814735664277, 20.775462524247672 ], [ -156.988040180029685, 20.774845543434942 ] ] ] } },
{ "type": "Feature", "properties": { "ID": 453, "GRIDCODE": 2 }, "geometry": { "type": "Polygon", "coordinates": [ [ [ -156.987492799511386, 20.772671522697578 ], [ -156.987842627423021, 20.772768365134283 ], [ -156.987587157459416, 20.773002982095374 ], [ -156.987492799511386, 20.772671522697578 ] ] ] } },
{ "type": "Feature", "properties": { "ID": 454, "GRIDCODE": 2 }, "geometry": { "type": "Polygon", "coordinates": [ [ [ -156.986650208026134, 20.771035940955446 ], [ -156.987000031567987, 20.771132784774714 ], [ -156.986744563404926, 20.771367400641878 ], [ -156.986650208026134, 20.771035940955446 ] ] ] } },
{ "type": "Feature", "properties": { "ID": 455, "GRIDCODE": 2 }, "geometry": { "type": "Polygon", "coordinates": [ [ [ -155.98093620077475, 20.755757207360972 ], [ -155.981285104953855, 20.755856029732076 ], [ -155.981028289570901, 20.756088988271824 ], [ -155.98093620077475, 20.755757207360972 ] ] ] } },
{ "type": "Feature", "properties": { "ID": 456, "GRIDCODE": 2 }, "geometry": { "type": "Polygon", "coordinates": [ [ [ -155.981517160689066, 20.755496626525552 ], [ -155.981888241583249, 20.755653751356434 ], [ -155.981620168260918, 20.756113805239124 ], [ -155.981517160689066, 20.755496626525552 ] ] ] } },
{ "type": "Feature", "properties": { "ID": 457, "GRIDCODE": 2 }, "geometry": { "type": "Polygon", "coordinates": [ [ [ -156.985814817737662, 20.768858539419998 ], [ -156.986164635699538, 20.768955384510654 ], [ -156.985909170336555, 20.769189999384231 ], [ -156.985814817737662, 20.768858539419998 ] ] ] } },
{ "type": "Feature", "properties": { "ID": 458, "GRIDCODE": 2 }, "geometry": { "type": "Polygon", "coordinates": [ [ [ -156.985814817737662, 20.768858539419998 ], [ -156.98544242177806, 20.768703481351654 ], [ -156.985707652919672, 20.768241557863899 ], [ -156.985814817737662, 20.768858539419998 ] ] ] } },
{ "type": "Feature", "properties": { "ID": 459, "GRIDCODE": 2 }, "geometry": { "type": "Polygon", "coordinates": [ [ [ -155.97983346495846, 20.753300675970241 ], [ -155.979915473219052, 20.755087133415273 ], [ -155.980447718018667, 20.756344020553925 ], [ -155.979679784437423, 20.756491827746519 ], [ -155.979122843518894, 20.75417248705936 ], [ -155.97937317173583, 20.753403119458827 ], [ -155.97983346495846, 20.753300675970241 ] ] ] } },
{ "type": "Feature", "properties": { "ID": 460, "GRIDCODE": 2 }, "geometry": { "type": "Polygon", "coordinates": [ [ [ -156.984983042032553, 20.766410226896124 ], [ -156.985355432022288, 20.766565285500608 ], [ -156.98509020326054, 20.767027208680645 ], [ -156.984983042032553, 20.766410226896124 ] ] ] } },
{ "type": "Feature", "properties": { "ID": 461, "GRIDCODE": 2 }, "geometry": { "type": "Polygon", "coordinates": [ [ [ -156.984165665908648, 20.762878278570955 ], [ -156.984538046571288, 20.763033338229885 ], [ -156.984272822605476, 20.76349526062668 ], [ -156.984165665908648, 20.762878278570955 ] ] ] } },
{ "type": "Feature", "properties": { "ID": 462, "GRIDCODE": 2 }, "geometry": { "type": "Polygon", "coordinates": [ [ [ -156.983895610130475, 20.761520356427233 ], [ -156.98424541003277, 20.761617204020649 ], [ -156.983989955366411, 20.76185181699439 ], [ -156.983895610130475, 20.761520356427233 ] ] ] } },
{ "type": "Feature", "properties": { "ID": 463, "GRIDCODE": 2 }, "geometry": { "type": "Polygon", "coordinates": [ [ [ -156.983348320551045, 20.759346328112393 ], [ -156.98369811512211, 20.759443176404446 ], [ -156.983442663654159, 20.759677788850045 ], [ -156.983348320551045, 20.759346328112393 ] ] ] } },
{ "type": "Feature", "properties": { "ID": 464, "GRIDCODE": 2 }, "geometry": { "type": "Polygon", "coordinates": [ [ [ -157.050171543421271, 20.872023098085315 ], [ -157.050920501985132, 20.872169361643433 ], [ -157.052356375629387, 20.872885467343576 ], [ -157.052015878908264, 20.874074033214679 ], [ -157.052018267968805, 20.874347265355084 ], [ -157.05200914467548, 20.874618117212687 ], [ -157.052011741831365, 20.874918870652664 ], [ -157.053132411183583, 20.875955787121701 ], [ -157.053427589766244, 20.876404875078318 ], [ -157.052316211024703, 20.876896029005497 ], [ -157.052837656819207, 20.877876376225057 ], [ -157.053109740047859, 20.878697633756332 ], [ -157.055327304935105, 20.879912931551765 ], [ -157.056265374799949, 20.880353979051197 ], [ -157.057061465859078, 20.881151684475078 ], [ -157.056338624925473, 20.883675214537678 ], [ -157.057369635312511, 20.884159915719508 ], [ -157.057659838397598, 20.884450707188897 ], [ -157.057641472319801, 20.884981032809826 ], [ -157.057928753206227, 20.885521049255672 ], [ -157.058620538695635, 20.887229130954104 ], [ -157.05933529512356, 20.88824658585926 ], [ -157.059610910725269, 20.888796919594203 ], [ -157.060212638146936, 20.889079865691293 ], [ -157.061098248386202, 20.889072979313045 ], [ -157.061890359083321, 20.890909728802256 ], [ -157.0601270968221, 20.89196759601499 ], [ -157.06013742637677, 20.893135550569315 ], [ -157.060081340226191, 20.894760651134661 ], [ -157.060095884902864, 20.8963890669535 ], [ -157.059684420720345, 20.897117749446693 ], [ -157.058822673073905, 20.897498651575113 ], [ -157.059580936263643, 20.899318488886127 ], [ -157.058421536802939, 20.899830955975357 ], [ -157.058898275462667, 20.900727034657624 ], [ -157.060033250175223, 20.901260405135552 ], [ -157.060013547145161, 20.901829083118809 ], [ -157.059155391806598, 20.902585236143238 ], [ -157.058855283300829, 20.903149007743153 ], [ -157.058070812679716, 20.903495721302736 ], [ -157.057687896993372, 20.904235437538603 ], [ -157.058646851284209, 20.905122314058215 ], [ -157.057937097736243, 20.906379323062701 ], [ -157.057346658396597, 20.907488844969201 ], [ -157.057353580120605, 20.90828498773141 ], [ -157.056751288182596, 20.909351770369693 ], [ -157.056398765135299, 20.91033155959062 ], [ -157.055580547093115, 20.910693221551384 ], [ -157.054130521028128, 20.911765818081392 ], [ -157.052679846183366, 20.912014944826165 ], [ -157.052382178749667, 20.91229904274222 ], [ -157.052387028679277, 20.912860985184452 ], [ -157.05112285234236, 20.913974834025147 ], [ -157.049482395950037, 20.913327801411558 ], [ -157.048885044635739, 20.913332355082847 ], [ -157.046989756178277, 20.91514134878512 ], [ -157.0442543061707, 20.916694350680778 ], [ -157.044257571606408, 20.917072109116774 ], [ -157.043941651989172, 20.917350160059978 ], [ -157.042953573681928, 20.917319917899043 ], [ -157.042489143727664, 20.917323457915071 ], [ -157.041505085530019, 20.918262625927152 ], [ -157.041058962111663, 20.918655867101513 ], [ -157.04077266954863, 20.918928827097709 ], [ -157.039469454513835, 20.919504591540427 ], [ -157.036408836609667, 20.921859170366773 ], [ -157.034632749951612, 20.922822388408225 ], [ -157.032084555625801, 20.92394788349856 ], [ -157.028874586164903, 20.92420561051458 ], [ -157.026470467985348, 20.924754924882965 ], [ -157.025405845432147, 20.925254614229882 ], [ -157.023196252935094, 20.926044138825141 ], [ -157.021765310329044, 20.926000040805224 ], [ -157.019758168903735, 20.926297857011502 ], [ -157.018036140553249, 20.92624479340029 ], [ -157.016784455662588, 20.926254332011201 ], [ -157.015831119666274, 20.925935257737063 ], [ -157.014435230592511, 20.925945881053181 ], [ -157.010287979442637, 20.925817938857911 ], [ -157.008636094257668, 20.926425243037077 ], [ -157.006458872167144, 20.92635801911473 ], [ -157.005114822614985, 20.926664992093297 ], [ -157.002719710982973, 20.926591072037898 ], [ -157.00094174236915, 20.927826036650806 ], [ -156.99651652094596, 20.928353611769033 ], [ -156.994217962430952, 20.927584152840339 ], [ -156.99326793689076, 20.927591109498334 ], [ -156.989889418087444, 20.928633284233822 ], [ -156.988726865407671, 20.928885241389416 ], [ -156.987394634944394, 20.929189299185587 ], [ -156.985852682036693, 20.92858039672015 ], [ -156.983808875531764, 20.928287565749724 ], [ -156.982145992139948, 20.927457720703924 ], [ -156.980674973163758, 20.927169772893119 ], [ -156.97901043550246, 20.926612544848936 ], [ -156.977405170347595, 20.926298240417921 ], [ -156.973072757376968, 20.924135776077552 ], [ -156.972034925713302, 20.923805802885838 ], [ -156.971222940980653, 20.923811632305885 ], [ -156.9689258694724, 20.92315735850076 ], [ -156.967293662917825, 20.923529792044228 ], [ -156.964722732642315, 20.923449808955162 ], [ -156.962189623238032, 20.923468138245745 ], [ -156.960548406458059, 20.923131950735854 ], [ -156.957047025032239, 20.922824428402247 ], [ -156.954917556514914, 20.923480914548374 ], [ -156.953625748810026, 20.923048170240396 ], [ -156.952300552557944, 20.923456550567753 ], [ -156.949511094845178, 20.922426214537474 ], [ -156.94646600049694, 20.922447949931112 ], [ -156.945852598638396, 20.922141713613662 ], [ -156.944871845832097, 20.922443977889188 ], [ -156.941956148175422, 20.92235301963472 ], [ -156.940721160211268, 20.922361805809139 ], [ -156.937753658922531, 20.923525763148142 ], [ -156.934894874743492, 20.922281627039663 ], [ -156.933562489616151, 20.921959239770143 ], [ -156.93129164896709, 20.921975258819959 ], [ -156.930678848236028, 20.921956056773315 ], [ -156.928154702647561, 20.920958233370055 ], [ -156.924819342173095, 20.920406401439418 ], [ -156.923103603665737, 20.919971057803298 ], [ -156.920795117909137, 20.919677309894258 ], [ -156.9185604240391, 20.919342758513071 ], [ -156.91476413878965, 20.919627427955941 ], [ -156.914117273246546, 20.918978033512161 ], [ -156.911584111568715, 20.91848112550235 ], [ -156.910427421635461, 20.917903401728719 ], [ -156.908959021490887, 20.917913601081526 ], [ -156.906268153377056, 20.916569067086371 ], [ -156.903639637435873, 20.916191395163999 ], [ -156.902405391573637, 20.915383007485381 ], [ -156.900389117111246, 20.914821644988418 ], [ -156.897759474187581, 20.912590054871281 ], [ -156.896097666389068, 20.912601470038929 ], [ -156.895457899863374, 20.912581282952516 ], [ -156.89373477562566, 20.912003350431036 ], [ -156.892385210532865, 20.910648297018376 ], [ -156.890658927868401, 20.909553960142389 ], [ -156.88784751692171, 20.907712234058657 ], [ -156.88564922171804, 20.905504729280537 ], [ -156.884362126869718, 20.904583253382079 ], [ -156.882683240591632, 20.904594729457941 ], [ -156.880801817643174, 20.90349030937384 ], [ -156.879696543148214, 20.901275392657126 ], [ -156.876813686001526, 20.898049112817272 ], [ -156.874760907568117, 20.896146110764942 ], [ -156.872720295836359, 20.893883009682074 ], [ -156.871277133590553, 20.893599396697358 ], [ -156.868643294055431, 20.891363390108523 ], [ -156.866740468481652, 20.890756641606469 ], [ -156.865863460360856, 20.889462602396414 ], [ -156.863025606414737, 20.886395170189886 ], [ -156.860576073958214, 20.884123789092513 ], [ -156.857739853845715, 20.882324836709117 ], [ -156.85732759774865, 20.881498807759701 ], [ -156.856756968741621, 20.880684154095611 ], [ -156.856344721860523, 20.879858123480442 ], [ -156.855870395287752, 20.878963316357606 ], [ -156.8546578214156, 20.877838718895635 ], [ -156.852016745903427, 20.876821189401287 ], [ -156.848424170870885, 20.873769864030507 ], [ -156.845831470893046, 20.871164583412163 ], [ -156.842371740570059, 20.867955544434992 ], [ -156.838020647028316, 20.865024102660179 ], [ -156.836743531708521, 20.86293895180065 ], [ -156.834078381888617, 20.860466347164397 ], [ -156.831988470231011, 20.85896855875799 ], [ -156.828643776078366, 20.856020950248848 ], [ -156.828294313224347, 20.854209184353888 ], [ -156.825886416582676, 20.851326333035264 ], [ -156.822618933883547, 20.848294280414589 ], [ -156.821322453511215, 20.846991145698954 ], [ -156.820101449829451, 20.84418219746458 ], [ -156.817291575501599, 20.838340524572033 ], [ -156.814438165269991, 20.833286436723132 ], [ -156.811619116590151, 20.83018982326719 ], [ -156.809675539801106, 20.828385973033402 ], [ -156.808849919197002, 20.826728693796547 ], [ -156.807972061089885, 20.825609684580044 ], [ -156.806852769705046, 20.823693589388945 ], [ -156.805989861937007, 20.822593680639269 ], [ -156.805311827045074, 20.81830985056045 ], [ -156.805887039314115, 20.812069651725256 ], [ -156.805871952429897, 20.810001929044891 ], [ -156.806002709842687, 20.806392005838994 ], [ -156.806831195495306, 20.805275642408258 ], [ -156.807480742398269, 20.804371425238415 ], [ -156.808005359071046, 20.803388880802824 ], [ -156.80859879670021, 20.802588977771304 ], [ -156.809494289611479, 20.801213639814147 ], [ -156.809484112216182, 20.799814559928002 ], [ -156.811724025326242, 20.795858489979508 ], [ -156.812424679196766, 20.794546392433173 ], [ -156.813284032132515, 20.793388446004894 ], [ -156.813642737462231, 20.792081903944549 ], [ -156.813979653297736, 20.791486532172396 ], [ -156.814819999013537, 20.790747556773347 ], [ -156.815422632618834, 20.789908449884535 ], [ -156.816289463639748, 20.789146123448035 ], [ -156.817291281224271, 20.788191705641001 ], [ -156.818289164630642, 20.78731435548432 ], [ -156.820015404007449, 20.785322455826819 ], [ -156.820380764830304, 20.784310717949644 ], [ -156.820974056661186, 20.783510758008727 ], [ -156.821556242527379, 20.782700071345609 ], [ -156.822474933099386, 20.781592693337284 ], [ -156.825386065775405, 20.776788196321647 ], [ -156.826423430828982, 20.775227217833095 ], [ -156.828032797560155, 20.771790452835795 ], [ -156.828359281613189, 20.770323517369555 ], [ -156.828660588660824, 20.769790759388876 ], [ -156.829222220596478, 20.768738216781276 ], [ -156.830131603770127, 20.767641912545717 ], [ -156.830808538702655, 20.766373599396921 ], [ -156.832565092885318, 20.765599125494411 ], [ -156.833048637150142, 20.764693217308857 ], [ -156.833634054739861, 20.764434963564053 ], [ -156.833971631138212, 20.76380263951442 ], [ -156.834670414273518, 20.761866118160114 ], [ -156.835116522173365, 20.761473414490101 ], [ -156.83540282828605, 20.761200799976219 ], [ -156.836381365998022, 20.76061477794681 ], [ -156.838004216735072, 20.759899278027493 ], [ -156.838846868473013, 20.759095895994278 ], [ -156.839983666274804, 20.758594788641798 ], [ -156.841500786063904, 20.757755421561964 ], [ -156.842677098602707, 20.757501249789691 ], [ -156.843241407693228, 20.756963295622008 ], [ -156.844452212880498, 20.757271385085911 ], [ -156.84554316219149, 20.757264168176466 ], [ -156.84583107447466, 20.757273334895157 ], [ -156.84655124908852, 20.757268473327503 ], [ -156.847273561716577, 20.757291416730709 ], [ -156.848168878227455, 20.757015693269583 ], [ -156.849334869800742, 20.757052651371545 ], [ -156.85056161889392, 20.757666624339191 ], [ -156.850104760277276, 20.758405180292041 ], [ -156.849116569424126, 20.757411735856245 ], [ -156.846484185189695, 20.75801124267581 ], [ -156.846090279062878, 20.759447089558908 ], [ -156.845234938878605, 20.758886030526519 ], [ -156.844578063328953, 20.758612148783463 ], [ -156.841696153889956, 20.75996316853627 ], [ -156.840888020651448, 20.760733264970906 ], [ -156.840014630819354, 20.760987924553422 ], [ -156.838140121935197, 20.762288970071626 ], [ -156.836654795262632, 20.762609726272522 ], [ -156.836096423532211, 20.763655990611326 ], [ -156.835644522682742, 20.76445502021182 ], [ -156.835306951203364, 20.765087347993752 ], [ -156.834739657986319, 20.766659480935385 ], [ -156.833971171188722, 20.768017673003857 ], [ -156.835621766089503, 20.76879677483003 ], [ -156.834257457070578, 20.769996777337784 ], [ -156.832708099532795, 20.769476112275999 ], [ -156.831156982382169, 20.771266257666376 ], [ -156.830352152337269, 20.771974292622176 ], [ -156.829480654348259, 20.772878328016603 ], [ -156.831418528952952, 20.774108509466778 ], [ -156.829996850661615, 20.774415449853464 ], [ -156.828711887415125, 20.77501765874344 ], [ -156.827672556110173, 20.778448016885442 ], [ -156.826787412963199, 20.77951523921946 ], [ -156.826481873802635, 20.780361200080979 ], [ -156.826485870882692, 20.780887631786179 ], [ -156.827645867157031, 20.781964473163359 ], [ -156.826370010221495, 20.782239885755914 ], [ -156.825590023581213, 20.78305390559845 ], [ -156.826234858897948, 20.784270938162333 ], [ -156.825257170211444, 20.785588988065498 ], [ -156.824255854988593, 20.786983856163381 ], [ -156.822634542574917, 20.787861403514139 ], [ -156.821429925569191, 20.788696998109156 ], [ -156.819716833953237, 20.790809856989899 ], [ -156.819419341198198, 20.791071712805834 ], [ -156.819103849781868, 20.791372099945047 ], [ -156.819113515492319, 20.792696040399019 ], [ -156.819101693189992, 20.793029126458865 ], [ -156.816507984444172, 20.795309734640064 ], [ -156.81618615389209, 20.795912579218598 ], [ -156.814170559549979, 20.797118911293804 ], [ -156.813825786952691, 20.798668248350921 ], [ -156.81383298206444, 20.799672014521729 ], [ -156.812947194493944, 20.800202178480959 ], [ -156.813593898522072, 20.801422982329427 ], [ -156.813148113291419, 20.802210104065313 ], [ -156.813489887874709, 20.803191942920638 ], [ -156.813190651990794, 20.803455085586066 ], [ -156.812900314791307, 20.803998528371196 ], [ -156.811738562124702, 20.804249342012525 ], [ -156.811165973076044, 20.804794602845888 ], [ -156.810293605625759, 20.805561717352312 ], [ -156.809989524778643, 20.806042670647585 ], [ -156.8114851843591, 20.806520147206093 ], [ -156.811103491395585, 20.807523974046603 ], [ -156.810531498054161, 20.80802690678928 ], [ -156.810092412861252, 20.808445018459185 ], [ -156.810649010142271, 20.81118996703092 ], [ -156.810054241785906, 20.816013140782605 ], [ -156.810086086940942, 20.820390038619475 ], [ -156.810917630068502, 20.821578160677593 ], [ -156.81182320853992, 20.823057597758943 ], [ -156.812891350626103, 20.824583555241862 ], [ -156.813730432805983, 20.825954188425726 ], [ -156.816237521925757, 20.828707998391256 ], [ -156.816549093907952, 20.830324963460729 ], [ -156.81684228427693, 20.831167806286 ], [ -156.817399645154495, 20.831685145890503 ], [ -156.817929513331933, 20.833856269573293 ], [ -156.818240554360244, 20.834144916961268 ], [ -156.819742125411636, 20.834135199240396 ], [ -156.820527631250712, 20.834211076489286 ], [ -156.819640228318661, 20.835777720542225 ], [ -156.819645494433956, 20.836467143532666 ], [ -156.821694780598932, 20.836964566450604 ], [ -156.823683443519741, 20.840954546666861 ], [ -156.825200635535367, 20.844444951771447 ], [ -156.830112954897317, 20.849457013365907 ], [ -156.832046678624238, 20.851650000880255 ], [ -156.832926782731448, 20.853832807033029 ], [ -156.833229345282007, 20.854403629741313 ], [ -156.835495017293454, 20.856027445888763 ], [ -156.83981728097001, 20.859655601732193 ], [ -156.841740852287899, 20.862164277227723 ], [ -156.842891003468537, 20.862894073388912 ], [ -156.844388867906503, 20.863876023119278 ], [ -156.853417586884632, 20.87224341243849 ], [ -156.85476133928924, 20.873206149964286 ], [ -156.857195191594627, 20.874143779868366 ], [ -156.860043510410748, 20.877005441402922 ], [ -156.860960281717666, 20.878843054120384 ], [ -156.864761082674761, 20.881968841131929 ], [ -156.869744967903756, 20.886975269790597 ], [ -156.871363069529792, 20.887905593050355 ], [ -156.873067747011191, 20.88928677050318 ], [ -156.87389169245057, 20.889675375934413 ], [ -156.874197844939971, 20.890926428048438 ], [ -156.875064487374686, 20.891202847382825 ], [ -156.875919724599612, 20.891489704104668 ], [ -156.876786374175197, 20.891766115231416 ], [ -156.882739446791874, 20.897862167831128 ], [ -156.884344555688642, 20.899954140761732 ], [ -156.887264102822883, 20.901078109784105 ], [ -156.891019198347891, 20.904410651570306 ], [ -156.894738507560987, 20.906889658189421 ], [ -156.896159111242014, 20.907996196117644 ], [ -156.897025899825763, 20.908272515239997 ], [ -156.897930048452082, 20.908575748572066 ], [ -156.89903732915019, 20.908568074828853 ], [ -156.899490474320828, 20.908582380157572 ], [ -156.901606421531682, 20.910230700260257 ], [ -156.902184942022302, 20.910503452284459 ], [ -156.902752056080175, 20.910786645843192 ], [ -156.904263682976818, 20.911368507900171 ], [ -156.905331648554153, 20.911902052673298 ], [ -156.907367893324249, 20.912301673146317 ], [ -156.909925621169862, 20.91331302860339 ], [ -156.910792471347293, 20.913589282351651 ], [ -156.912462302573971, 20.91442344319556 ], [ -156.915102001631681, 20.914725707604017 ], [ -156.916245767863671, 20.91501589952497 ], [ -156.920284001647275, 20.9153307817772 ], [ -156.924282412906138, 20.915860460508011 ], [ -156.924587971006133, 20.916472199685973 ], [ -156.925101530802607, 20.916948218919973 ], [ -156.92805910514349, 20.917321885285475 ], [ -156.928704252404685, 20.916707135466339 ], [ -156.930379687037032, 20.917369479583822 ], [ -156.930912183086718, 20.917903657413245 ], [ -156.932148087111273, 20.918297126914361 ], [ -156.935575714745454, 20.917868830438554 ], [ -156.937552512099813, 20.918531311340942 ], [ -156.938403885429267, 20.918525190052158 ], [ -156.941221542494219, 20.918613301592814 ], [ -156.942173533329282, 20.918023629308557 ], [ -156.943456537296498, 20.918063696334009 ], [ -156.945619469027747, 20.918048196828973 ], [ -156.950225974107525, 20.918191940561123 ], [ -156.952452560166563, 20.91875657518673 ], [ -156.95961677792701, 20.918705026918598 ], [ -156.960594031274439, 20.919344583187279 ], [ -156.961189604699285, 20.919617348480028 ], [ -156.961916517386442, 20.918924327311746 ], [ -156.963763862978539, 20.919654158871992 ], [ -156.965927096372184, 20.919264668129777 ], [ -156.969323533311581, 20.918683571310886 ], [ -156.972126907602956, 20.919481968648249 ], [ -156.97440346305595, 20.919857996455853 ], [ -156.97866136903491, 20.921983288866855 ], [ -156.97995935672671, 20.922296985353146 ], [ -156.981598059384311, 20.922845561053819 ], [ -156.984324692201653, 20.9236030381382 ], [ -156.98561659340757, 20.924247763207529 ], [ -156.987568316043394, 20.924536440509112 ], [ -156.991687021965532, 20.923418081150526 ], [ -156.998819802266041, 20.923638652354668 ], [ -156.999763109784652, 20.92305409984472 ], [ -157.000666980590807, 20.922512209107715 ], [ -157.00193544039962, 20.922551404614559 ], [ -157.002952472632245, 20.922543726068984 ], [ -157.005071848653785, 20.923253156533917 ], [ -157.007028823790648, 20.921806436588685 ], [ -157.008125282099826, 20.922905676721108 ], [ -157.00871225696298, 20.9223458869848 ], [ -157.010090151612587, 20.921519869126005 ], [ -157.01204154311489, 20.921580046313963 ], [ -157.013021113603315, 20.921572664716027 ], [ -157.014957725121718, 20.92222070908878 ], [ -157.016015681983959, 20.921564762180125 ], [ -157.019124714059814, 20.921933205863645 ], [ -157.020216262666622, 20.923027554502482 ], [ -157.020556217176647, 20.92302488208966 ], [ -157.0205429875665, 20.921502219086619 ], [ -157.023573545040449, 20.922122101215152 ], [ -157.024004751738971, 20.921710744226395 ], [ -157.025693364886962, 20.92134449455898 ], [ -157.026040851705346, 20.920379544575329 ], [ -157.026649856165506, 20.920110474312743 ], [ -157.029339080359279, 20.920193136134472 ], [ -157.030979342238112, 20.919818203502668 ], [ -157.032405441837341, 20.918827307301822 ], [ -157.033863269471851, 20.918036537625728 ], [ -157.035605348841301, 20.916696535818833 ], [ -157.037379567223695, 20.915351458996547 ], [ -157.038508940269196, 20.915386134069767 ], [ -157.039482849715341, 20.915378664822182 ], [ -157.039965514776185, 20.914037113636315 ], [ -157.040279817681068, 20.913775059907682 ], [ -157.041328670187909, 20.914826189569531 ], [ -157.043467937867121, 20.914337120923275 ], [ -157.045177545748459, 20.913276590456928 ], [ -157.045172649374877, 20.912742035559521 ], [ -157.046050485153245, 20.912215466418466 ], [ -157.047500567237506, 20.911142943450901 ], [ -157.049279900577034, 20.910891529328037 ], [ -157.050544419011402, 20.909684688535034 ], [ -157.050990491230067, 20.909291418135318 ], [ -157.051276746939038, 20.909018437809092 ], [ -157.051871786354099, 20.908494033092943 ], [ -157.053050731275277, 20.907368751207212 ], [ -157.05303749942226, 20.905885227599338 ], [ -157.054224903755028, 20.904451105787075 ], [ -157.054513527692365, 20.903993319449345 ], [ -157.053353056880809, 20.903624735061552 ], [ -157.053381423105861, 20.902801344108617 ], [ -157.055326091048556, 20.902232762117862 ], [ -157.055994924144329, 20.900917084868709 ], [ -157.055347748501106, 20.899700739583974 ], [ -157.056029790982848, 20.898779340672462 ], [ -157.055739196070675, 20.898233196906062 ], [ -157.056625605895505, 20.897162633727383 ], [ -157.056917787602941, 20.896426781926074 ], [ -157.055779963608813, 20.894981796568381 ], [ -157.056879846371459, 20.894321944910985 ], [ -157.057259413077389, 20.892287343895163 ], [ -157.057810009394728, 20.890833376710738 ], [ -157.055067445239501, 20.888874010914936 ], [ -157.05670017553166, 20.887894357883088 ], [ -157.055322297574804, 20.886619827659626 ], [ -157.055028652448243, 20.885110088835361 ], [ -157.0538668508797, 20.884375023557592 ], [ -157.052545941651005, 20.884385383363377 ], [ -157.053388963430194, 20.883246201445324 ], [ -157.053927782718233, 20.88277128339962 ], [ -157.054235264267049, 20.880846339643501 ], [ -157.053660746783606, 20.879766296894218 ], [ -157.051952824793148, 20.878963351158671 ], [ -157.051982043599509, 20.878116815304274 ], [ -157.050815738124186, 20.877037827795995 ], [ -157.051740696482511, 20.876222800389694 ], [ -157.051361040829619, 20.873134369106442 ], [ -157.050311069456882, 20.872162812507952 ], [ -157.050171543421271, 20.872023098085315 ] ] ] } },
{ "type": "Feature", "properties": { "ID": 465, "GRIDCODE": 2 }, "geometry": { "type": "Polygon", "coordinates": [ [ [ -156.982239396513364, 20.756081901589372 ], [ -156.982589182843157, 20.756178751499963 ], [ -156.982333735773523, 20.756413362689152 ], [ -156.982239396513364, 20.756081901589372 ] ] ] } },
{ "type": "Feature", "properties": { "ID": 466, "GRIDCODE": 2 }, "geometry": { "type": "Polygon", "coordinates": [ [ [ -156.981958575628141, 20.755536702483042 ], [ -156.982246588480564, 20.75554008509371 ], [ -156.982239396513364, 20.756081901589372 ], [ -156.981951382636055, 20.756078518882454 ], [ -156.981958575628141, 20.755536702483042 ] ] ] } },
{ "type": "Feature", "properties": { "ID": 467, "GRIDCODE": 2 }, "geometry": { "type": "Polygon", "coordinates": [ [ [ -156.981958575628141, 20.755536702483042 ], [ -156.981608791260072, 20.755439851435447 ], [ -156.981864237572552, 20.755205241257425 ], [ -156.981958575628141, 20.755536702483042 ] ] ] } },
{ "type": "Feature", "properties": { "ID": 468, "GRIDCODE": 2 }, "geometry": { "type": "Polygon", "coordinates": [ [ [ -156.861297799788417, 20.753264313518326 ], [ -156.86235173641461, 20.753407340183863 ], [ -156.861713518522436, 20.753665835796085 ], [ -156.860569234907075, 20.754485959314497 ], [ -156.859294050290458, 20.754373634728552 ], [ -156.857976854801763, 20.755126894079872 ], [ -156.857662832441406, 20.756351708333487 ], [ -156.856103669555438, 20.755790919411272 ], [ -156.854759790682721, 20.75655942930392 ], [ -156.854477419135577, 20.757134151181422 ], [ -156.852988245806188, 20.759305505467406 ], [ -156.85231536135214, 20.758550836084506 ], [ -156.851844391703082, 20.75815865535623 ], [ -156.852169820984614, 20.757901845083925 ], [ -156.853028017047251, 20.75680872962543 ], [ -156.853653831634176, 20.756314898566163 ], [ -156.854353490376297, 20.755571293903802 ], [ -156.855105995226438, 20.755188576703453 ], [ -156.856484564717903, 20.75531016012755 ], [ -156.857221216647531, 20.754235744273387 ], [ -156.859164132530594, 20.753592020647577 ], [ -156.86084975906067, 20.753740677260371 ], [ -156.861297799788417, 20.753264313518326 ] ] ] } },
{ "type": "Feature", "properties": { "ID": 469, "GRIDCODE": 2 }, "geometry": { "type": "Polygon", "coordinates": [ [ [ -156.865348633317353, 20.751960010386583 ], [ -156.864930920296786, 20.752681504312708 ], [ -156.864073600049096, 20.752418567210448 ], [ -156.863529037450292, 20.753859342470165 ], [ -156.862671833261373, 20.753347821872218 ], [ -156.863213090466331, 20.752642952204447 ], [ -156.863440971757711, 20.752039621318492 ], [ -156.865348633317353, 20.751960010386583 ] ] ] } },
{ "type": "Feature", "properties": { "ID": 470, "GRIDCODE": 2 }, "geometry": { "type": "Polygon", "coordinates": [ [ [ -156.980554499350262, 20.752810702060906 ], [ -156.981529407438472, 20.75309231348059 ], [ -156.981721689436313, 20.755114925833833 ], [ -156.981218311436209, 20.75448865742894 ], [ -156.981303243161449, 20.753791243579798 ], [ -156.980554499350262, 20.752810702060906 ] ] ] } },
{ "type": "Feature", "properties": { "ID": 471, "GRIDCODE": 2 }, "geometry": { "type": "Polygon", "coordinates": [ [ [ -156.980554499350262, 20.752810702060906 ], [ -156.979576060295017, 20.752562251109445 ], [ -156.980084463714547, 20.752152938609388 ], [ -156.980554499350262, 20.752810702060906 ] ] ] } },
{ "type": "Feature", "properties": { "ID": 472, "GRIDCODE": 2 }, "geometry": { "type": "Polygon", "coordinates": [ [ [ -156.979416871595959, 20.751713527543011 ], [ -156.979766645793234, 20.751810382274698 ], [ -156.979511202726854, 20.752044989622011 ], [ -156.979416871595959, 20.751713527543011 ] ] ] } },
{ "type": "Feature", "properties": { "ID": 473, "GRIDCODE": 2 }, "geometry": { "type": "Polygon", "coordinates": [ [ [ -156.867963289921988, 20.750366857440678 ], [ -156.86781942169776, 20.750817646387507 ], [ -156.866923200424026, 20.752164906348231 ], [ -156.865348633317353, 20.751960010386583 ], [ -156.86548398146752, 20.751816169774425 ], [ -156.866372828357214, 20.751576381790503 ], [ -156.867963289921988, 20.750366857440678 ] ] ] } },
{ "type": "Feature", "properties": { "ID": 474, "GRIDCODE": 2 }, "geometry": { "type": "Polygon", "coordinates": [ [ [ -156.978851664988468, 20.750894030085899 ], [ -156.979296029387427, 20.751112126450998 ], [ -156.979416871595959, 20.751713527543011 ], [ -156.978972505315909, 20.751495431345869 ], [ -156.978851664988468, 20.750894030085899 ] ] ] } },
{ "type": "Feature", "properties": { "ID": 475, "GRIDCODE": 2 }, "geometry": { "type": "Polygon", "coordinates": [ [ [ -156.977429665867504, 20.749522549305961 ], [ -156.978274219158493, 20.750085764930329 ], [ -156.978851664988468, 20.750894030085899 ], [ -156.978342681308987, 20.750818188622901 ], [ -156.977496501113592, 20.749996307769898 ], [ -156.977429665867504, 20.749522549305961 ] ] ] } },
{ "type": "Feature", "properties": { "ID": 476, "GRIDCODE": 2 }, "geometry": { "type": "Polygon", "coordinates": [ [ [ -156.977429665867504, 20.749522549305961 ], [ -156.977079898733507, 20.749425690346499 ], [ -156.977335340437662, 20.749191086495273 ], [ -156.977429665867504, 20.749522549305961 ] ] ] } },
{ "type": "Feature", "properties": { "ID": 477, "GRIDCODE": 2 }, "geometry": { "type": "Polygon", "coordinates": [ [ [ -156.870593067457492, 20.74769010255341 ], [ -156.868506367417382, 20.750231908832134 ], [ -156.867963289921988, 20.750366857440678 ], [ -156.868129734919734, 20.749870575023905 ], [ -156.870040521706301, 20.747839096629566 ], [ -156.870593067457492, 20.74769010255341 ] ] ] } },
{ "type": "Feature", "properties": { "ID": 478, "GRIDCODE": 2 }, "geometry": { "type": "Polygon", "coordinates": [ [ [ -156.97659089714071, 20.747616025943952 ], [ -156.976963232581994, 20.747771098576678 ], [ -156.976698017629246, 20.74823301033798 ], [ -156.97659089714071, 20.747616025943952 ] ] ] } },
{ "type": "Feature", "properties": { "ID": 479, "GRIDCODE": 2 }, "geometry": { "type": "Polygon", "coordinates": [ [ [ -156.97601850901043, 20.747338336290749 ], [ -156.976368270586221, 20.747435196982146 ], [ -156.976112830727061, 20.747669799560089 ], [ -156.97601850901043, 20.747338336290749 ] ] ] } },
{ "type": "Feature", "properties": { "ID": 480, "GRIDCODE": 2 }, "geometry": { "type": "Polygon", "coordinates": [ [ [ -156.97515452054634, 20.74732815954081 ], [ -156.97581539405752, 20.74744575302859 ], [ -156.97530631452662, 20.747673927089807 ], [ -156.97515452054634, 20.74732815954081 ] ] ] } },
{ "type": "Feature", "properties": { "ID": 481, "GRIDCODE": 2 }, "geometry": { "type": "Polygon", "coordinates": [ [ [ -156.974294141110903, 20.747047071268682 ], [ -156.974643900607333, 20.74714393532879 ], [ -156.974388458856737, 20.747378535170395 ], [ -156.974294141110903, 20.747047071268682 ] ] ] } },
{ "type": "Feature", "properties": { "ID": 482, "GRIDCODE": 2 }, "geometry": { "type": "Polygon", "coordinates": [ [ [ -156.972587838129272, 20.745401254810428 ], [ -156.973264085192255, 20.745546424774883 ], [ -156.972939870856891, 20.746023642848346 ], [ -156.972587838129272, 20.745401254810428 ] ] ] } },
{ "type": "Feature", "properties": { "ID": 483, "GRIDCODE": 2 }, "geometry": { "type": "Polygon", "coordinates": [ [ [ -156.972019078662697, 20.744852646170148 ], [ -156.972368831357386, 20.7449495143495 ], [ -156.972113390414989, 20.745184110878217 ], [ -156.972019078662697, 20.744852646170148 ] ] ] } },
{ "type": "Feature", "properties": { "ID": 484, "GRIDCODE": 2 }, "geometry": { "type": "Polygon", "coordinates": [ [ [ -156.972019078662697, 20.744852646170148 ], [ -156.97166932647454, 20.744755777314435 ], [ -156.971924767259111, 20.744521181432312 ], [ -156.972019078662697, 20.744852646170148 ] ] ] } },
{ "type": "Feature", "properties": { "ID": 485, "GRIDCODE": 2 }, "geometry": { "type": "Polygon", "coordinates": [ [ [ -156.881892149079647, 20.742952850332738 ], [ -156.882241822513635, 20.743049896806443 ], [ -156.881986258771747, 20.743284347842987 ], [ -156.881892149079647, 20.742952850332738 ] ] ] } },
{ "type": "Feature", "properties": { "ID": 486, "GRIDCODE": 2 }, "geometry": { "type": "Polygon", "coordinates": [ [ [ -156.970881572019692, 20.743755424159279 ], [ -156.971231321313667, 20.743852294397801 ], [ -156.970975880775683, 20.744086889270221 ], [ -156.970881572019692, 20.743755424159279 ] ] ] } },
{ "type": "Feature", "properties": { "ID": 487, "GRIDCODE": 2 }, "geometry": { "type": "Polygon", "coordinates": [ [ [ -156.88074404079677, 20.742667761375113 ], [ -156.881705582603075, 20.742797354972378 ], [ -156.880934352428312, 20.74301870187308 ], [ -156.88074404079677, 20.742667761375113 ] ] ] } },
{ "type": "Feature", "properties": { "ID": 488, "GRIDCODE": 2 }, "geometry": { "type": "Polygon", "coordinates": [ [ [ -156.878440282812136, 20.742639343214485 ], [ -156.878436504506169, 20.742910234044459 ], [ -156.878148534518886, 20.742906679556455 ], [ -156.878152313336727, 20.742635788777065 ], [ -156.878440282812136, 20.742639343214485 ] ] ] } },
{ "type": "Feature", "properties": { "ID": 489, "GRIDCODE": 2 }, "geometry": { "type": "Polygon", "coordinates": [ [ [ -156.878148534518886, 20.742906679556455 ], [ -156.878013206141219, 20.743050532015047 ], [ -156.877314237431904, 20.743333741550448 ], [ -156.87792490985106, 20.744964127739433 ], [ -156.877304468644525, 20.746814794165605 ], [ -156.8770825503629, 20.746290287385147 ], [ -156.876744048917459, 20.744405553231271 ], [ -156.875763335534799, 20.744319219029869 ], [ -156.874982354694708, 20.744935445612921 ], [ -156.873615824767427, 20.74655263230359 ], [ -156.871887898469339, 20.747018745720855 ], [ -156.870593067457492, 20.74769010255341 ], [ -156.870876328803405, 20.746845216173625 ], [ -156.87160750446327, 20.746473400593707 ], [ -156.873360238570996, 20.74624426927301 ], [ -156.874669826925924, 20.744575579808981 ], [ -156.875409306745581, 20.743789109086556 ], [ -156.876181850542139, 20.74385713009741 ], [ -156.876556635606249, 20.742739514311914 ], [ -156.878148534518886, 20.742906679556455 ] ] ] } },
{ "type": "Feature", "properties": { "ID": 490, "GRIDCODE": 2 }, "geometry": { "type": "Polygon", "coordinates": [ [ [ -156.880171876111007, 20.7423897685822 ], [ -156.880521546844648, 20.742486818357261 ], [ -156.880265981730417, 20.742721266701174 ], [ -156.880171876111007, 20.7423897685822 ] ] ] } },
{ "type": "Feature", "properties": { "ID": 491, "GRIDCODE": 2 }, "geometry": { "type": "Polygon", "coordinates": [ [ [ -156.880171876111007, 20.7423897685822 ], [ -156.879136007282938, 20.742487588622208 ], [ -156.878440282812136, 20.742639343214485 ], [ -156.878645704361332, 20.742269471691753 ], [ -156.879462785372567, 20.741906484859658 ], [ -156.880077643440586, 20.742208686911727 ], [ -156.880171876111007, 20.7423897685822 ] ] ] } },
{ "type": "Feature", "properties": { "ID": 492, "GRIDCODE": 2 }, "geometry": { "type": "Polygon", "coordinates": [ [ [ -156.970035683257095, 20.742390690291241 ], [ -156.97038542879227, 20.742487561962211 ], [ -156.97012998955654, 20.742722155693286 ], [ -156.970035683257095, 20.742390690291241 ] ] ] } },
{ "type": "Feature", "properties": { "ID": 493, "GRIDCODE": 2 }, "geometry": { "type": "Polygon", "coordinates": [ [ [ -156.96975492873716, 20.741845476114296 ], [ -156.970104672818081, 20.741942348244059 ], [ -156.969849234182874, 20.742176941611525 ], [ -156.96975492873716, 20.741845476114296 ] ] ] } },
{ "type": "Feature", "properties": { "ID": 494, "GRIDCODE": 2 }, "geometry": { "type": "Polygon", "coordinates": [ [ [ -156.968333095766098, 20.740473932441954 ], [ -156.96868283559661, 20.740570807144724 ], [ -156.968427397467508, 20.740805398442188 ], [ -156.968333095766098, 20.740473932441954 ] ] ] } },
{ "type": "Feature", "properties": { "ID": 495, "GRIDCODE": 2 }, "geometry": { "type": "Polygon", "coordinates": [ [ [ -156.945014073535049, 20.739654878006533 ], [ -156.944910901290513, 20.739983992697407 ], [ -156.944661849976058, 20.739743408287119 ], [ -156.945014073535049, 20.739654878006533 ] ] ] } },
{ "type": "Feature", "properties": { "ID": 496, "GRIDCODE": 2 }, "geometry": { "type": "Polygon", "coordinates": [ [ [ -156.967195647819779, 20.739376690413412 ], [ -156.967545384250116, 20.739473567174247 ], [ -156.967289946526108, 20.739708156815826 ], [ -156.967195647819779, 20.739376690413412 ] ] ] } },
{ "type": "Feature", "properties": { "ID": 497, "GRIDCODE": 2 }, "geometry": { "type": "Polygon", "coordinates": [ [ [ -156.96173493389, 20.738499191374366 ], [ -156.961631797916141, 20.738828319230898 ], [ -156.961382719578978, 20.738587756981925 ], [ -156.96173493389, 20.738499191374366 ] ] ] } },
{ "type": "Feature", "properties": { "ID": 498, "GRIDCODE": 2 }, "geometry": { "type": "Polygon", "coordinates": [ [ [ -156.919410363940187, 20.73745032419113 ], [ -156.919282849639472, 20.737601715658137 ], [ -156.91862621687946, 20.738065801060785 ], [ -156.917529747679168, 20.739367415891081 ], [ -156.917218151176485, 20.73788456950825 ], [ -156.915239394557659, 20.7381351014727 ], [ -156.915083437277559, 20.737939793406337 ], [ -156.916078066877361, 20.737338659369932 ], [ -156.918036774255114, 20.737935893259536 ], [ -156.918972916176671, 20.737271192580817 ], [ -156.919410363940187, 20.73745032419113 ] ] ] } },
{ "type": "Feature", "properties": { "ID": 499, "GRIDCODE": 2 }, "geometry": { "type": "Polygon", "coordinates": [ [ [ -156.915083437277559, 20.737939793406337 ], [ -156.912926433682657, 20.738082167681736 ], [ -156.910893372384322, 20.737903615717112 ], [ -156.909454820050257, 20.738836939200137 ], [ -156.908236884574876, 20.73800215653436 ], [ -156.9072862129062, 20.738288384897448 ], [ -156.906297959449063, 20.73879137930092 ], [ -156.905225700569758, 20.739225873271419 ], [ -156.903655297241841, 20.740906594039451 ], [ -156.903380954917992, 20.741465238771717 ], [ -156.902049011090753, 20.742005025362882 ], [ -156.901054753905299, 20.743062494268695 ], [ -156.899014096640428, 20.743288395437006 ], [ -156.897284995870507, 20.743561476144404 ], [ -156.89654906265838, 20.74273647733105 ], [ -156.895558406177031, 20.743246122555622 ], [ -156.894990584269692, 20.744074611090639 ], [ -156.892672886700666, 20.743750136299148 ], [ -156.891537774156376, 20.745406434233853 ], [ -156.890668964913004, 20.744936315477844 ], [ -156.88912816696822, 20.746900359336525 ], [ -156.8868194753274, 20.745055589168661 ], [ -156.886305627905642, 20.745841977400012 ], [ -156.885908767899053, 20.746649911411076 ], [ -156.8843343927104, 20.74584603472897 ], [ -156.88261219902077, 20.743720691870127 ], [ -156.883024252433017, 20.743175688930215 ], [ -156.883675912160896, 20.743906567901309 ], [ -156.88520612829771, 20.744041159056525 ], [ -156.886980817503712, 20.743322269530434 ], [ -156.887642589671202, 20.742799903304828 ], [ -156.888594585059906, 20.741571340034287 ], [ -156.8879605380871, 20.74151552826989 ], [ -156.887364006875117, 20.741553310428365 ], [ -156.886974457603998, 20.740702368460887 ], [ -156.88641196145349, 20.740234143573222 ], [ -156.886346001958259, 20.73931322622559 ], [ -156.886854499779787, 20.737796373206521 ], [ -156.887869054266247, 20.737732241595324 ], [ -156.88859298010675, 20.737795903374984 ], [ -156.889694118439053, 20.737349699409648 ], [ -156.889574477542709, 20.735674176490726 ], [ -156.889966136810045, 20.735257757538914 ], [ -156.891853881360504, 20.73542379100731 ], [ -156.893068291497514, 20.734635779512981 ], [ -156.893120577624387, 20.735369068393698 ], [ -156.893040147338297, 20.736180901567291 ], [ -156.893096190747002, 20.736967815768914 ], [ -156.892593727188256, 20.737789690058396 ], [ -156.893427814321598, 20.739079201655606 ], [ -156.895937624257158, 20.740109953499772 ], [ -156.897251816667108, 20.739674245907882 ], [ -156.898256266946817, 20.74036282070595 ], [ -156.89965976570295, 20.739794171233658 ], [ -156.900517528293676, 20.73870077796786 ], [ -156.901118292986098, 20.738457281660651 ], [ -156.901850245272414, 20.737389200302008 ], [ -156.903611323594475, 20.737035228216104 ], [ -156.904296102910507, 20.736306823167563 ], [ -156.905606878916757, 20.736422016420907 ], [ -156.906916317038593, 20.735755448844586 ], [ -156.907461987814514, 20.736367078435688 ], [ -156.907920818578674, 20.736748910758152 ], [ -156.908513862972825, 20.737413635324202 ], [ -156.90967829360963, 20.737515905243001 ], [ -156.910300159226807, 20.737024974151431 ], [ -156.91093618349521, 20.736096577850237 ], [ -156.911269397435035, 20.737188362657605 ], [ -156.911788826944502, 20.737233964041842 ], [ -156.912783569789752, 20.736727574954205 ], [ -156.913514030962403, 20.737546356932199 ], [ -156.914575037525708, 20.737479058199099 ], [ -156.914952133805798, 20.737792675392722 ], [ -156.915083437277559, 20.737939793406337 ] ] ] } },
{ "type": "Feature", "properties": { "ID": 500, "GRIDCODE": 2 }, "geometry": { "type": "Polygon", "coordinates": [ [ [ -156.919410363940187, 20.73745032419113 ], [ -156.919672202493956, 20.736649395084626 ], [ -156.920854022486935, 20.73587070515897 ], [ -156.922026159616593, 20.73652108885835 ], [ -156.922767790430129, 20.736113448296113 ], [ -156.922684716881918, 20.735234921300954 ], [ -156.923337144954274, 20.735180225807497 ], [ -156.924445385799174, 20.735587321813789 ], [ -156.924876502389139, 20.734684043533438 ], [ -156.925362182884669, 20.73493571150772 ], [ -156.925748144944521, 20.73538435592398 ], [ -156.926997083706425, 20.736385955546762 ], [ -156.925211723059135, 20.73619296437651 ], [ -156.924578495035917, 20.736674952263456 ], [ -156.924171853469318, 20.737123688616084 ], [ -156.923258473989961, 20.736616810892965 ], [ -156.921876683493707, 20.737086305242123 ], [ -156.920982990086088, 20.737321307962741 ], [ -156.920423778079368, 20.737613667292372 ], [ -156.919410363940187, 20.73745032419113 ] ] ] } },
{ "type": "Feature", "properties": { "ID": 501, "GRIDCODE": 2 }, "geometry": { "type": "Polygon", "coordinates": [ [ [ -156.889798887276157, 20.733567230019197 ], [ -156.889997785189024, 20.733664922802166 ], [ -156.890406137090508, 20.734478517453706 ], [ -156.889885615311726, 20.734290093294515 ], [ -156.889798887276157, 20.733567230019197 ] ] ] } },
{ "type": "Feature", "properties": { "ID": 502, "GRIDCODE": 2 }, "geometry": { "type": "Polygon", "coordinates": [ [ [ -156.96173493389, 20.738499191374366 ], [ -156.961873813785502, 20.738084360476194 ], [ -156.96239476755045, 20.736800222494942 ], [ -156.960751044811076, 20.736442446896746 ], [ -156.959317667270511, 20.736990357137635 ], [ -156.958059203719841, 20.737330638470546 ], [ -156.957560653889999, 20.738346857072749 ], [ -156.95650628259412, 20.738254552257569 ], [ -156.955347339320781, 20.738639256961225 ], [ -156.953644459508979, 20.737472762580612 ], [ -156.952089349944231, 20.738264839102218 ], [ -156.951200536668949, 20.737784326041155 ], [ -156.948914345891012, 20.738225006636544 ], [ -156.948177579120767, 20.737399671218853 ], [ -156.946742358003604, 20.737747283492858 ], [ -156.94536803440144, 20.739375197160481 ], [ -156.945014073535049, 20.739654878006533 ], [ -156.944864841286034, 20.737355210914941 ], [ -156.943740086395849, 20.737602389896672 ], [ -156.942601962868622, 20.738151569490597 ], [ -156.94201984015541, 20.737852753584569 ], [ -156.941148201093114, 20.737581691487449 ], [ -156.940634537156143, 20.737046481185715 ], [ -156.939585831862814, 20.736994757029198 ], [ -156.937375412670235, 20.737364352846715 ], [ -156.9350303076111, 20.739180957717124 ], [ -156.935141507799045, 20.737184074106096 ], [ -156.933088968157449, 20.737235879623817 ], [ -156.932459128167665, 20.736579785967102 ], [ -156.931195032997891, 20.736979596832541 ], [ -156.929995654776008, 20.736364003451399 ], [ -156.928776684363612, 20.736609948870644 ], [ -156.928219195279354, 20.737685818069622 ], [ -156.927664629603044, 20.737699772937912 ], [ -156.926762624833856, 20.737285789982771 ], [ -156.927974177964444, 20.734713990050441 ], [ -156.928810336318037, 20.734984821177015 ], [ -156.928780179840658, 20.735526611001568 ], [ -156.929086961166291, 20.735800853522726 ], [ -156.929613057603973, 20.736349077733525 ], [ -156.931243602056611, 20.736013882989173 ], [ -156.932258130937072, 20.73557839273219 ], [ -156.932826634785613, 20.73530396442532 ], [ -156.933417353768675, 20.735050439451182 ], [ -156.934333641798247, 20.734143438158341 ], [ -156.935550956780531, 20.734701799633065 ], [ -156.936577768845837, 20.735619965310185 ], [ -156.936945232820534, 20.736377676579259 ], [ -156.937994926981673, 20.735338899555718 ], [ -156.938715200439674, 20.73608946059565 ], [ -156.939416797234259, 20.735394972620941 ], [ -156.94002650258173, 20.7353796552189 ], [ -156.940310512931774, 20.735675435440669 ], [ -156.9407477467185, 20.735664399767195 ], [ -156.941184259070582, 20.735685899587271 ], [ -156.942341390095123, 20.734957162983825 ], [ -156.943496002342329, 20.735725206259779 ], [ -156.944673173183475, 20.73515717029926 ], [ -156.946004242847806, 20.736543683483095 ], [ -156.946506618359621, 20.734665362304767 ], [ -156.946955582155823, 20.734931350658126 ], [ -156.947807480812628, 20.735498098424046 ], [ -156.948339133506209, 20.73497194255231 ], [ -156.949740304802646, 20.734644282643664 ], [ -156.950421318665519, 20.734993731015447 ], [ -156.951618865761759, 20.733808318876829 ], [ -156.952437910999549, 20.734183878739405 ], [ -156.952726937948199, 20.734484859400499 ], [ -156.953554463047595, 20.733665594770091 ], [ -156.95532122486037, 20.733947239768611 ], [ -156.955667984058209, 20.734661938820814 ], [ -156.95777767426668, 20.733179330303123 ], [ -156.958206182510821, 20.733168410521934 ], [ -156.959320087316428, 20.733223306898758 ], [ -156.961156580696553, 20.731932684046939 ], [ -156.964495993250893, 20.731847748878884 ], [ -156.965147482333379, 20.73243003465166 ], [ -156.964425000471977, 20.733391502357208 ], [ -156.964913501196378, 20.733900286011977 ], [ -156.965973959933251, 20.733388266080659 ], [ -156.965677079265788, 20.734893230966861 ], [ -156.965087444908761, 20.735910382707239 ], [ -156.965698477635613, 20.736658885837041 ], [ -156.96650078141414, 20.737070566293355 ], [ -156.967359582495845, 20.737464389306339 ], [ -156.967079892859658, 20.73761970947783 ], [ -156.964089978506706, 20.737472803094647 ], [ -156.963608382263914, 20.738402057723871 ], [ -156.962252700509964, 20.738335324626771 ], [ -156.96173493389, 20.738499191374366 ] ] ] } },
{ "type": "Feature", "properties": { "ID": 503, "GRIDCODE": 2 }, "geometry": { "type": "Polygon", "coordinates": [ [ [ -156.016030840151984, 20.683795963994903 ], [ -156.014204010341302, 20.683993715202181 ], [ -156.013857505083394, 20.684984568323543 ], [ -156.013292580696174, 20.68592112120696 ], [ -156.011815440682682, 20.686528333376483 ], [ -156.010667147149178, 20.688307878769702 ], [ -156.009739879665545, 20.6886889870751 ], [ -156.009462891508406, 20.688970315175567 ], [ -156.008396336049884, 20.689260007556076 ], [ -156.007988963799363, 20.690056073526947 ], [ -156.006773551278258, 20.690555523548841 ], [ -156.006117480731149, 20.691221512330589 ], [ -156.005499503919594, 20.691721951992953 ], [ -156.00508400411465, 20.69214379891994 ], [ -156.003911998704922, 20.693093021240454 ], [ -156.003587085634962, 20.695096543110619 ], [ -156.003222316726323, 20.696839544888487 ], [ -156.003263977413383, 20.697793752781777 ], [ -156.002357840601917, 20.698039781313035 ], [ -156.002653896743794, 20.699162511857949 ], [ -156.001733424985076, 20.699908100565978 ], [ -156.001179096688247, 20.700470584060437 ], [ -156.000558491548247, 20.700973201918863 ], [ -156.000583243895449, 20.701543262212802 ], [ -155.998259526083103, 20.70175833844096 ], [ -155.997894388578402, 20.702802501267357 ], [ -155.998652271950988, 20.703464155832862 ], [ -155.998126106047096, 20.704336261334408 ], [ -155.998499518032787, 20.705012101222835 ], [ -155.998759953779569, 20.705573578278251 ], [ -155.999438561777424, 20.706165619798796 ], [ -155.998462184060202, 20.706093848680108 ], [ -155.998060661775526, 20.707928216704421 ], [ -155.996399936988752, 20.708495833021388 ], [ -155.996062545242665, 20.710311743039842 ], [ -155.994144764549162, 20.711099627754201 ], [ -155.993122720013304, 20.711745139422369 ], [ -155.992499336377762, 20.717379321520458 ], [ -155.992054170986648, 20.720136093689973 ], [ -155.991471946568225, 20.721577869047721 ], [ -155.990367605117171, 20.722471819811588 ], [ -155.989813146037562, 20.723034250119884 ], [ -155.988910455315732, 20.723765248796884 ], [ -155.988605534640811, 20.725069195460836 ], [ -155.989512748671245, 20.726340819516665 ], [ -155.99015655490345, 20.727728020898631 ], [ -155.990507188603601, 20.729967829657085 ], [ -155.989561254516133, 20.730310784690221 ], [ -155.988512879073028, 20.729750830006822 ], [ -155.986576431735415, 20.729011346280924 ], [ -155.986038107001747, 20.73006274349795 ], [ -155.986801454683473, 20.731132862116542 ], [ -155.986312756568594, 20.733467307210574 ], [ -155.987021259608497, 20.734085580226598 ], [ -155.986947885188812, 20.734965700554742 ], [ -155.986342172364459, 20.735969371874091 ], [ -155.986368859428211, 20.736580318728517 ], [ -155.987539564191337, 20.738700697372501 ], [ -155.987370213289324, 20.740735832251314 ], [ -155.987951725338377, 20.743551560562157 ], [ -155.988193523982034, 20.745054032186285 ], [ -155.987577022658542, 20.747068103630664 ], [ -155.987595014377604, 20.747479503973423 ], [ -155.987538603698454, 20.748155502238387 ], [ -155.987608546921621, 20.749761268503065 ], [ -155.98701879876549, 20.75213994852534 ], [ -155.988041017578666, 20.753572544060784 ], [ -155.988906906304152, 20.754907457373552 ], [ -155.988293554079775, 20.755923422031142 ], [ -155.987974904776593, 20.756907530361953 ], [ -155.988982818145701, 20.757787043932762 ], [ -155.991013292045352, 20.758269026509772 ], [ -155.991330014769659, 20.761114755238804 ], [ -155.990360839899154, 20.763514166289259 ], [ -155.988611838276455, 20.765777978713412 ], [ -155.988659505242708, 20.766876274307464 ], [ -155.989451197057406, 20.769574178043033 ], [ -155.989679468334856, 20.771759879046908 ], [ -155.990931238098909, 20.773250445531392 ], [ -155.993090976431859, 20.774783098537348 ], [ -155.994888252030194, 20.776276192587552 ], [ -155.996219532702099, 20.778328489406078 ], [ -155.998144173683244, 20.779527470665542 ], [ -156.000429567722051, 20.781425996554745 ], [ -156.002480155938287, 20.782060950592921 ], [ -156.004134138306597, 20.783386311809032 ], [ -156.005494726960819, 20.78423383255446 ], [ -156.007463171181826, 20.786384718804371 ], [ -156.007748028038606, 20.789948538303772 ], [ -156.009182595656824, 20.791041416746321 ], [ -156.01086650166647, 20.792440106377526 ], [ -156.015133964360103, 20.792784315037036 ], [ -156.019526713116932, 20.794353295413295 ], [ -156.021171315327479, 20.795598227328853 ], [ -156.022040919096867, 20.796139595490647 ], [ -156.023811128252873, 20.797348870755446 ], [ -156.028170870640366, 20.799322751376629 ], [ -156.032669785199147, 20.804967992723384 ], [ -156.031500380442509, 20.805240098228708 ], [ -156.029090510592653, 20.804588246656937 ], [ -156.027649872253193, 20.803819359749195 ], [ -156.026061777906875, 20.803327960655732 ], [ -156.02336336829714, 20.802120170672087 ], [ -156.021804617311858, 20.801525579044174 ], [ -156.018074584391059, 20.798937591132336 ], [ -156.017674827568385, 20.79850090190498 ], [ -156.015673160756194, 20.797737106916529 ], [ -156.014512852421774, 20.797378010178516 ], [ -156.013424288490313, 20.796989082801922 ], [ -156.011647551660218, 20.797057689469245 ], [ -156.011079734761694, 20.797015925037147 ], [ -156.010925349133373, 20.797172433254772 ], [ -156.009908677104846, 20.797302665655465 ], [ -156.009281294688321, 20.796958778753876 ], [ -156.008434114510635, 20.797007995719273 ], [ -156.007796495090474, 20.796285363807591 ], [ -156.007340054779888, 20.795901348367693 ], [ -156.006950459269149, 20.795037462947246 ], [ -156.005150264192196, 20.793789292646501 ], [ -156.00365159399206, 20.793649661495994 ], [ -156.003363296962419, 20.793666308326422 ], [ -156.003075856828531, 20.793639599830268 ], [ -156.002778832057004, 20.793656754252385 ], [ -156.00166324062161, 20.792803308076568 ], [ -156.000521333965622, 20.792299923555614 ], [ -156.001008597300256, 20.790384441929184 ], [ -156.001412882259075, 20.790360967497531 ], [ -156.001973430460112, 20.790413212142827 ], [ -156.002005268876104, 20.79011137023145 ], [ -156.001967895096556, 20.789540959464443 ], [ -156.003736021042386, 20.788835762458479 ], [ -156.002165528007026, 20.787523619513934 ], [ -156.001524555184574, 20.788197340052278 ], [ -156.001162098012571, 20.787940304329581 ], [ -156.000634910125001, 20.786557004635675 ], [ -156.000330647469383, 20.786300985319901 ], [ -156.000068534585751, 20.786003919725989 ], [ -155.999382734062607, 20.786043755715628 ], [ -155.997870752601671, 20.785586510281401 ], [ -155.996897843999903, 20.785157731713298 ], [ -155.996318693746161, 20.783873211021614 ], [ -155.995490758860399, 20.783508316602461 ], [ -155.994816951856961, 20.782744553293238 ], [ -155.993751897377336, 20.782355399240714 ], [ -155.99318013298543, 20.782388483491328 ], [ -155.992449376709772, 20.780767694850478 ], [ -155.991840902057504, 20.780255764807226 ], [ -155.991353652572826, 20.779175147412534 ], [ -155.989270938442445, 20.777712576357089 ], [ -155.987592560051922, 20.776309047023805 ], [ -155.986543041152572, 20.775664803243867 ], [ -155.985897827645971, 20.774654520952247 ], [ -155.984982383398574, 20.773390776772366 ], [ -155.985218995144237, 20.771146735220192 ], [ -155.984562730237741, 20.7693634093309 ], [ -155.98426035492966, 20.767231808908274 ], [ -155.982473717753578, 20.765992283577699 ], [ -155.981171775063444, 20.765632486599909 ], [ -155.979446812607364, 20.766044031863039 ], [ -155.979841817602136, 20.764023867923644 ], [ -155.980628843712395, 20.76397834407366 ], [ -155.981347277355013, 20.76404545474664 ], [ -155.981779636274354, 20.764020397755118 ], [ -155.982141942700707, 20.764054137617897 ], [ -155.984517149810046, 20.763106975740804 ], [ -155.985664328539315, 20.762211869240119 ], [ -155.986424464900637, 20.760984689584184 ], [ -155.986548075033994, 20.759813372159357 ], [ -155.985338784777156, 20.758144370614968 ], [ -155.98536920915393, 20.7578579790985 ], [ -155.98470505683639, 20.756941245951442 ], [ -155.984200681582024, 20.755822238094165 ], [ -155.983401367340093, 20.755384289641988 ], [ -155.981968524072158, 20.755051429691811 ], [ -155.982527388078381, 20.754827346998365 ], [ -155.984260008561506, 20.754561336589358 ], [ -155.98385943553987, 20.753298044196189 ], [ -155.982393809462934, 20.752762311878829 ], [ -155.981654442683691, 20.753539354880381 ], [ -155.97983346495846, 20.753300675970241 ], [ -155.979972050157556, 20.75316004734708 ], [ -155.981162351635277, 20.752921551976453 ], [ -155.981126920820913, 20.752101143575761 ], [ -155.982868467694857, 20.751752132407901 ], [ -155.982949279142161, 20.750782898070305 ], [ -155.982893242198571, 20.749498815206028 ], [ -155.983477142429791, 20.744031304473317 ], [ -155.982804118682793, 20.74183647214619 ], [ -155.982415166278003, 20.740754133727673 ], [ -155.98299609263654, 20.739316087740026 ], [ -155.983460795543635, 20.737798647355817 ], [ -155.983427163517149, 20.737028249651118 ], [ -155.983855304346775, 20.736318978667821 ], [ -155.983759177838323, 20.734107036560836 ], [ -155.98442039728792, 20.733168081079661 ], [ -155.986140123680514, 20.732461756553676 ], [ -155.985896373965915, 20.731058947489917 ], [ -155.985601942603097, 20.730525945641467 ], [ -155.985728480983568, 20.729005603424664 ], [ -155.985334218432712, 20.728574250294592 ], [ -155.983706130489963, 20.727836442083287 ], [ -155.983050572254427, 20.726917485830928 ], [ -155.984095284382306, 20.726071731855519 ], [ -155.983982103905106, 20.723471279292838 ], [ -155.984329475368042, 20.723190049170185 ], [ -155.984036454296984, 20.722373979433151 ], [ -155.984059627810495, 20.722098169767946 ], [ -155.984047426008544, 20.721820285162615 ], [ -155.98435736891301, 20.72156947073336 ], [ -155.984739314665035, 20.719216231614215 ], [ -155.986147939431305, 20.719719840459561 ], [ -155.986688864415186, 20.719699040302068 ], [ -155.987483717856691, 20.719757658143507 ], [ -155.987885731286639, 20.717836338321373 ], [ -155.987841701042527, 20.716822727563446 ], [ -155.988429580541236, 20.715848610747862 ], [ -155.988251017770864, 20.71174599359852 ], [ -155.988365661422137, 20.710368898069813 ], [ -155.987952477485237, 20.709218979402557 ], [ -155.988349565231175, 20.708084303632742 ], [ -155.990960233853116, 20.707874524589293 ], [ -155.991265788900165, 20.706477755293445 ], [ -155.992129618566224, 20.706541385237337 ], [ -155.99270565709557, 20.706519191504324 ], [ -155.993280422525373, 20.70656149942274 ], [ -155.993568441999372, 20.706550400865307 ], [ -155.994115983908245, 20.706590775852799 ], [ -155.994163479420649, 20.706021186126755 ], [ -155.993612900625891, 20.705023977256694 ], [ -155.993585223956302, 20.704389870738478 ], [ -155.994488299045514, 20.704144766274812 ], [ -155.994464360626068, 20.703591646629125 ], [ -155.995654254182853, 20.703352999150283 ], [ -155.995931294644208, 20.703071700038308 ], [ -155.99721930398843, 20.702332164627553 ], [ -155.997116731757103, 20.699978611725005 ], [ -155.998227129661899, 20.699522366930267 ], [ -155.9986869446725, 20.696995090667539 ], [ -155.998153467215161, 20.694972255103277 ], [ -155.999060738512441, 20.695038981237676 ], [ -156.001008601233849, 20.694510042314441 ], [ -156.001296265640946, 20.693687319062249 ], [ -156.001605262246301, 20.693437240693349 ], [ -156.00190690715479, 20.692574959246727 ], [ -156.002649412163407, 20.691973565936959 ], [ -156.00306491737237, 20.691551725656204 ], [ -156.003954576966407, 20.691040949830281 ], [ -156.004373268415122, 20.689126458375963 ], [ -156.005005783957102, 20.689173030898012 ], [ -156.005524229596546, 20.688159409209657 ], [ -156.006773907539042, 20.687645752645803 ], [ -156.007193396681487, 20.687306081737169 ], [ -156.007815215912558, 20.686422375014114 ], [ -156.008370626068228, 20.68597253741671 ], [ -156.008670207524716, 20.684854343346757 ], [ -156.010102577859584, 20.684265553413329 ], [ -156.011868765595551, 20.682472929566298 ], [ -156.012165626070214, 20.68279727613 ], [ -156.012694903151868, 20.682259962827338 ], [ -156.013046156023876, 20.6822463532116 ], [ -156.014187783784934, 20.682856014881139 ], [ -156.015137490675954, 20.68281932197041 ], [ -156.016030840151984, 20.683795963994903 ] ] ] } },
{ "type": "Feature", "properties": { "ID": 504, "GRIDCODE": 2 }, "geometry": { "type": "Polygon", "coordinates": [ [ [ -156.023280589292028, 20.680942592765028 ], [ -156.023629367879039, 20.681041312233038 ], [ -156.023372750852957, 20.681274359196482 ], [ -156.023280589292028, 20.680942592765028 ] ] ] } },
{ "type": "Feature", "properties": { "ID": 505, "GRIDCODE": 2 }, "geometry": { "type": "Polygon", "coordinates": [ [ [ -156.016030840151984, 20.683795963994903 ], [ -156.018080942375747, 20.683590687343756 ], [ -156.018866053128818, 20.682701957846689 ], [ -156.020000863344649, 20.681878645057527 ], [ -156.020948023979969, 20.680806662840972 ], [ -156.022626044938221, 20.680269213196141 ], [ -156.022534808418897, 20.680869141489769 ], [ -156.021387146047743, 20.681301120791456 ], [ -156.021109778694466, 20.682409418358535 ], [ -156.01950357117434, 20.682707438360946 ], [ -156.019080267623934, 20.683186710156033 ], [ -156.018755871093731, 20.683422013780362 ], [ -156.018439645033197, 20.684964263978291 ], [ -156.018006164127002, 20.685575451181574 ], [ -156.017621358810715, 20.684214776911194 ], [ -156.016155719337576, 20.683948470332037 ], [ -156.016030840151984, 20.683795963994903 ] ] ] } },
{ "type": "Feature", "properties": { "ID": 506, "GRIDCODE": 2 }, "geometry": { "type": "Polygon", "coordinates": [ [ [ -156.0770902499751, 20.650991441373257 ], [ -156.077439012361253, 20.651090048014993 ], [ -156.07718252333683, 20.651323191913459 ], [ -156.0770902499751, 20.650991441373257 ] ] ] } },
{ "type": "Feature", "properties": { "ID": 507, "GRIDCODE": 2 }, "geometry": { "type": "Polygon", "coordinates": [ [ [ -156.060408524491947, 20.650707883718532 ], [ -156.060757270893276, 20.650806522776783 ], [ -156.060500760279723, 20.651039638830131 ], [ -156.060408524491947, 20.650707883718532 ] ] ] } },
{ "type": "Feature", "properties": { "ID": 508, "GRIDCODE": 2 }, "geometry": { "type": "Polygon", "coordinates": [ [ [ -156.076520193608047, 20.650710964433546 ], [ -156.076868954853069, 20.650809572111761 ], [ -156.076612465601698, 20.651042715119864 ], [ -156.076520193608047, 20.650710964433546 ] ] ] } },
{ "type": "Feature", "properties": { "ID": 509, "GRIDCODE": 2 }, "geometry": { "type": "Polygon", "coordinates": [ [ [ -156.060408524491947, 20.650707883718532 ], [ -156.059367570690284, 20.649962332614443 ], [ -156.058551859364371, 20.650010041123451 ], [ -156.057754507188776, 20.649936009193542 ], [ -156.056753568857374, 20.650439656521797 ], [ -156.055383171188765, 20.650767600523857 ], [ -156.054206543969798, 20.650998215236434 ], [ -156.053897127603079, 20.65190545692241 ], [ -156.052151469531054, 20.653129570378567 ], [ -156.051879587859844, 20.653415830289465 ], [ -156.050985327989423, 20.653922056845584 ], [ -156.050626747885303, 20.654973109499682 ], [ -156.048715940385279, 20.65534741842573 ], [ -156.048641511498403, 20.656058471133253 ], [ -156.048706680083285, 20.657048143366026 ], [ -156.04832353717552, 20.65766782837165 ], [ -156.048041174565924, 20.658495517658228 ], [ -156.047131168797421, 20.65981387419675 ], [ -156.046752888054215, 20.660922361277667 ], [ -156.046030088851182, 20.661683656306078 ], [ -156.044873613581416, 20.662145812797991 ], [ -156.040831879819109, 20.66504952919469 ], [ -156.041050747971639, 20.662962864204822 ], [ -156.040673832625629, 20.661939545233832 ], [ -156.041338016488879, 20.661420440511993 ], [ -156.04174411559697, 20.660604014225754 ], [ -156.043060655500454, 20.659217690939276 ], [ -156.044028242352056, 20.658961494273623 ], [ -156.043991764143641, 20.658407352965348 ], [ -156.044319849591943, 20.658150897942608 ], [ -156.043741468336862, 20.657664290653756 ], [ -156.045175793272705, 20.657884713675472 ], [ -156.045528201747942, 20.658665623606961 ], [ -156.046827069478326, 20.658786390834521 ], [ -156.04743122827108, 20.657809638406654 ], [ -156.046607879198802, 20.657116928318082 ], [ -156.046376533279158, 20.654855658290199 ], [ -156.04555026266641, 20.653399793193586 ], [ -156.046404401534886, 20.652760414235107 ], [ -156.047005820145046, 20.652520005824044 ], [ -156.047282940412941, 20.65196303579345 ], [ -156.048171966973513, 20.651727547401251 ], [ -156.048640310681492, 20.651234277234185 ], [ -156.049608712906661, 20.650918288344656 ], [ -156.049902636154371, 20.650945531712551 ], [ -156.050190666005648, 20.650928773120828 ], [ -156.050477858827662, 20.65095537146302 ], [ -156.050772639866096, 20.650938198441413 ], [ -156.05171872075519, 20.651283631534952 ], [ -156.052486336232164, 20.651238836784703 ], [ -156.053065770531305, 20.651292640729885 ], [ -156.053385146125294, 20.650073108762697 ], [ -156.055159577900241, 20.650721071646338 ], [ -156.056447954133375, 20.64886075349418 ], [ -156.056853779791453, 20.648898357447713 ], [ -156.057704819247903, 20.648620647279483 ], [ -156.058881425606501, 20.648390005760792 ], [ -156.060283409800348, 20.648054503067716 ], [ -156.063007236994878, 20.648307192294677 ], [ -156.063493581880664, 20.647926975985037 ], [ -156.063969966492721, 20.646529590864017 ], [ -156.064659331976429, 20.646593556253247 ], [ -156.064953263627302, 20.646576343402046 ], [ -156.066253390238529, 20.646935258969918 ], [ -156.06925066899862, 20.647213259966367 ], [ -156.069926574369333, 20.647173702303053 ], [ -156.070982210275019, 20.647492594880404 ], [ -156.07181812254322, 20.647797701343006 ], [ -156.072751136817544, 20.648079460189486 ], [ -156.073370971096523, 20.648781954769319 ], [ -156.073827211024195, 20.649165767225099 ], [ -156.074348609859499, 20.649756438758072 ], [ -156.076054580232693, 20.650508026342575 ], [ -156.076627514407107, 20.652062356344633 ], [ -156.076355816554042, 20.652209157029851 ], [ -156.075629672750267, 20.652141834866786 ], [ -156.074649673098492, 20.652199262783899 ], [ -156.074062980867012, 20.651877899960756 ], [ -156.072749855658088, 20.651299442365321 ], [ -156.073635367635831, 20.649867049469414 ], [ -156.073028180021225, 20.649178786663835 ], [ -156.072433593160184, 20.649123602820133 ], [ -156.068506091870887, 20.650158648235472 ], [ -156.067961173114128, 20.649857811628472 ], [ -156.067384804196422, 20.649204832615691 ], [ -156.066892756753361, 20.649589591623815 ], [ -156.066463185862716, 20.650042056849848 ], [ -156.066031743523467, 20.649552994764395 ], [ -156.065205060428667, 20.649601474267484 ], [ -156.06438512806551, 20.649152342729977 ], [ -156.063257553360529, 20.650340159500086 ], [ -156.061417323072902, 20.650058099494746 ], [ -156.060584055027334, 20.649601715206586 ], [ -156.060408524491947, 20.650707883718532 ] ] ] } },
{ "type": "Feature", "properties": { "ID": 510, "GRIDCODE": 2 }, "geometry": { "type": "Polygon", "coordinates": [ [ [ -156.086705577390518, 20.644654575988326 ], [ -156.087160298774506, 20.644795150903295 ], [ -156.087095970650239, 20.645575833469305 ], [ -156.087570652638561, 20.646895348843938 ], [ -156.087669637561817, 20.649131647215853 ], [ -156.086904357879689, 20.64846455965511 ], [ -156.085512516016053, 20.6469440223409 ], [ -156.085055474374769, 20.64746986297828 ], [ -156.085870688853106, 20.648611728274506 ], [ -156.085975729106593, 20.650985782865845 ], [ -156.085179823755198, 20.649272992267665 ], [ -156.084172548284641, 20.648817080288957 ], [ -156.083478886119764, 20.648446864970726 ], [ -156.081585736917674, 20.649535917146785 ], [ -156.081840599529187, 20.650402526062855 ], [ -156.082145593653621, 20.65095407667938 ], [ -156.08176158867829, 20.653906439915925 ], [ -156.080931110053399, 20.653108104893377 ], [ -156.080293618591583, 20.651459598998748 ], [ -156.079479304673072, 20.651712789002524 ], [ -156.079534602296292, 20.65296491889201 ], [ -156.077664456922946, 20.651334136639758 ], [ -156.080036378353071, 20.650688420959824 ], [ -156.080418798980162, 20.650378460846436 ], [ -156.080695591872939, 20.650096993161927 ], [ -156.081158775430936, 20.649721487993766 ], [ -156.082557308872509, 20.648300366312586 ], [ -156.084399836826037, 20.647669164998973 ], [ -156.084878205405516, 20.646732439027943 ], [ -156.086216538457592, 20.646181422088837 ], [ -156.086557755308149, 20.645334539998153 ], [ -156.08654514723915, 20.645052668184693 ], [ -156.086705577390518, 20.644654575988326 ] ] ] } },
{ "type": "Feature", "properties": { "ID": 511, "GRIDCODE": 2 }, "geometry": { "type": "Polygon", "coordinates": [ [ [ -156.087861172203532, 20.644403273798847 ], [ -156.08775629799996, 20.644731692289952 ], [ -156.087508883240133, 20.644490022070393 ], [ -156.087861172203532, 20.644403273798847 ] ] ] } },
{ "type": "Feature", "properties": { "ID": 512, "GRIDCODE": 2 }, "geometry": { "type": "Polygon", "coordinates": [ [ [ -156.442552339022768, 20.649485079721771 ], [ -156.442901427157523, 20.649582972090236 ], [ -156.442645431119416, 20.64981672273062 ], [ -156.442552339022768, 20.649485079721771 ] ] ] } },
{ "type": "Feature", "properties": { "ID": 513, "GRIDCODE": 2 }, "geometry": { "type": "Polygon", "coordinates": [ [ [ -156.095970830657876, 20.641561005147302 ], [ -156.097516495952334, 20.641716740338069 ], [ -156.097604131680924, 20.642117432905568 ], [ -156.096085188472387, 20.641723199109084 ], [ -156.095970830657876, 20.641561005147302 ] ] ] } },
{ "type": "Feature", "properties": { "ID": 514, "GRIDCODE": 2 }, "geometry": { "type": "Polygon", "coordinates": [ [ [ -156.087861172203532, 20.644403273798847 ], [ -156.088155916054291, 20.644092606229652 ], [ -156.088873049375366, 20.643731809479455 ], [ -156.089427242115448, 20.643783211950037 ], [ -156.090028635385977, 20.643480491466015 ], [ -156.090331533680938, 20.643508609772898 ], [ -156.090893774877657, 20.643225721917894 ], [ -156.091495104806683, 20.642985144990451 ], [ -156.092622133330678, 20.642417947076041 ], [ -156.093229610801387, 20.642474334255304 ], [ -156.094242806673691, 20.641406548631885 ], [ -156.09529813046143, 20.641684295007451 ], [ -156.094185843975907, 20.641979224240991 ], [ -156.09380111109445, 20.642753193462404 ], [ -156.092880268355287, 20.642997386546782 ], [ -156.090303098911846, 20.644028208630509 ], [ -156.089740853723441, 20.644311094051627 ], [ -156.089064095780458, 20.64424836764972 ], [ -156.087861172203532, 20.644403273798847 ] ] ] } },
{ "type": "Feature", "properties": { "ID": 515, "GRIDCODE": 2 }, "geometry": { "type": "Polygon", "coordinates": [ [ [ -156.101440483485362, 20.641382174877084 ], [ -156.101309839418832, 20.64153033158405 ], [ -156.100215322725376, 20.642325581956211 ], [ -156.100094894728414, 20.643119879327703 ], [ -156.100305142625956, 20.644981057025735 ], [ -156.098397287458823, 20.645994028930254 ], [ -156.09875640797577, 20.64362327283294 ], [ -156.098408647286135, 20.642805763382725 ], [ -156.09808239479392, 20.642261416699789 ], [ -156.099573926259865, 20.642042790928389 ], [ -156.100580899561891, 20.641508164193468 ], [ -156.101440483485362, 20.641382174877084 ] ] ] } },
{ "type": "Feature", "properties": { "ID": 516, "GRIDCODE": 2 }, "geometry": { "type": "Polygon", "coordinates": [ [ [ -156.102601173186486, 20.640860035444003 ], [ -156.102360298532716, 20.641176396815215 ], [ -156.101440483485362, 20.641382174877084 ], [ -156.101681241221996, 20.640953545047541 ], [ -156.102601173186486, 20.640860035444003 ] ] ] } },
{ "type": "Feature", "properties": { "ID": 517, "GRIDCODE": 2 }, "geometry": { "type": "Polygon", "coordinates": [ [ [ -156.10605244955417, 20.640917964418893 ], [ -156.103462485191528, 20.640701931201665 ], [ -156.102601173186486, 20.640860035444003 ], [ -156.102995943263807, 20.64042856816706 ], [ -156.105844303242776, 20.64020343990828 ], [ -156.10605244955417, 20.640917964418893 ] ] ] } },
{ "type": "Feature", "properties": { "ID": 518, "GRIDCODE": 2 }, "geometry": { "type": "Polygon", "coordinates": [ [ [ -156.211315823621788, 20.627213856982447 ], [ -156.211664656179579, 20.627312195910108 ], [ -156.211408390570142, 20.627545568776991 ], [ -156.211315823621788, 20.627213856982447 ] ] ] } },
{ "type": "Feature", "properties": { "ID": 519, "GRIDCODE": 2 }, "geometry": { "type": "Polygon", "coordinates": [ [ [ -156.210745545205782, 20.626933805095543 ], [ -156.211320758966394, 20.626943098427454 ], [ -156.211315823621788, 20.627213856982447 ], [ -156.210740608846407, 20.627204563517719 ], [ -156.210745545205782, 20.626933805095543 ] ] ] } },
{ "type": "Feature", "properties": { "ID": 520, "GRIDCODE": 2 }, "geometry": { "type": "Polygon", "coordinates": [ [ [ -156.15265060317563, 20.625985334609709 ], [ -156.153309963950733, 20.62610596858071 ], [ -156.152800359262443, 20.626331629307444 ], [ -156.15265060317563, 20.625985334609709 ] ] ] } },
{ "type": "Feature", "properties": { "ID": 521, "GRIDCODE": 2 }, "geometry": { "type": "Polygon", "coordinates": [ [ [ -156.497244404218577, 20.631054453874228 ], [ -156.498507882045374, 20.631290349144702 ], [ -156.498613455793105, 20.632825001690769 ], [ -156.498216089734825, 20.632568462049594 ], [ -156.497244404218577, 20.631054453874228 ] ] ] } },
{ "type": "Feature", "properties": { "ID": 522, "GRIDCODE": 2 }, "geometry": { "type": "Polygon", "coordinates": [ [ [ -156.146621317425769, 20.625344125730624 ], [ -156.147310900225591, 20.62551579707949 ], [ -156.152483193248457, 20.625832877272273 ], [ -156.151357276783955, 20.626130619598282 ], [ -156.150637210054924, 20.625966130498846 ], [ -156.149193607447074, 20.626245786809935 ], [ -156.147435973103484, 20.625844231649157 ], [ -156.145634620888131, 20.626521673053308 ], [ -156.144968895723252, 20.625703737881668 ], [ -156.146500934875178, 20.625502410398099 ], [ -156.146621317425769, 20.625344125730624 ] ] ] } },
{ "type": "Feature", "properties": { "ID": 523, "GRIDCODE": 2 }, "geometry": { "type": "Polygon", "coordinates": [ [ [ -156.497244404218577, 20.631054453874228 ], [ -156.494350357583926, 20.631190106545539 ], [ -156.493917779308447, 20.63195164285769 ], [ -156.493558860085443, 20.63384262529798 ], [ -156.493038586568503, 20.633267243207708 ], [ -156.493509766931624, 20.631213615452776 ], [ -156.495353197333202, 20.630353250124418 ], [ -156.497586790782861, 20.630342655627299 ], [ -156.496231251718086, 20.630633037073814 ], [ -156.497105631614204, 20.630914353763483 ], [ -156.497244404218577, 20.631054453874228 ] ] ] } },
{ "type": "Feature", "properties": { "ID": 524, "GRIDCODE": 2 }, "geometry": { "type": "Polygon", "coordinates": [ [ [ -156.143488183509675, 20.623667351353152 ], [ -156.143836946656279, 20.623765821548975 ], [ -156.143580597305913, 20.623999082353908 ], [ -156.143488183509675, 20.623667351353152 ] ] ] } },
{ "type": "Feature", "properties": { "ID": 525, "GRIDCODE": 2 }, "geometry": { "type": "Polygon", "coordinates": [ [ [ -156.10605244955417, 20.640917964418893 ], [ -156.107454961678684, 20.641230685923496 ], [ -156.109079762397158, 20.640010801032282 ], [ -156.110665168581505, 20.639699628035981 ], [ -156.111214705070012, 20.639120245924037 ], [ -156.111068599809215, 20.636920161927204 ], [ -156.112340164228101, 20.635075985526115 ], [ -156.1144032647519, 20.633461901915719 ], [ -156.116444073573831, 20.632029506778675 ], [ -156.117881479574976, 20.630950131200461 ], [ -156.119312431369877, 20.630018474988244 ], [ -156.121443604142797, 20.630795884444534 ], [ -156.122409982614329, 20.630739004583429 ], [ -156.124096132762702, 20.629889977098262 ], [ -156.124614051664452, 20.629344001188997 ], [ -156.125132344934286, 20.62782118893313 ], [ -156.125759626530851, 20.627330189413122 ], [ -156.126303037015134, 20.62675739026356 ], [ -156.126616674296372, 20.626511888215568 ], [ -156.127306247915016, 20.625784948319154 ], [ -156.127201542942714, 20.624209573433841 ], [ -156.12728758348149, 20.623382533891174 ], [ -156.129656573199952, 20.623041752430048 ], [ -156.13067738030847, 20.623600369534284 ], [ -156.132025387609929, 20.62419377430929 ], [ -156.133075818583592, 20.624131878748749 ], [ -156.133555000500422, 20.623626485575013 ], [ -156.13385142868708, 20.623653887690732 ], [ -156.134139416274166, 20.623636981483646 ], [ -156.134434442987612, 20.623664227103728 ], [ -156.135106581805871, 20.623325743181312 ], [ -156.134973070447444, 20.62131892068367 ], [ -156.135355776444072, 20.620698988015459 ], [ -156.135632520146061, 20.62014182888057 ], [ -156.136066888721075, 20.619898309366054 ], [ -156.136474606649358, 20.621259197699235 ], [ -156.13694616817375, 20.62165553591959 ], [ -156.139033782192371, 20.621532380399383 ], [ -156.140044908085116, 20.620070301484741 ], [ -156.139669852823516, 20.619410166083444 ], [ -156.14004804212766, 20.61806851624582 ], [ -156.140713285215242, 20.619540776903694 ], [ -156.141986471854921, 20.621538966210839 ], [ -156.141922106462431, 20.622157442044053 ], [ -156.142375173472033, 20.623830893153517 ], [ -156.14089862220365, 20.623694571600026 ], [ -156.139647385064308, 20.623768396126955 ], [ -156.138756450927275, 20.623443531874027 ], [ -156.137098556616081, 20.62316532200488 ], [ -156.136707534980076, 20.625325438769682 ], [ -156.136393914165467, 20.62557096140112 ], [ -156.135818732487422, 20.626402325315034 ], [ -156.135254777155211, 20.626093710825401 ], [ -156.134564939396171, 20.625831536784339 ], [ -156.133523810975703, 20.626355900783786 ], [ -156.130804507921198, 20.627232689002859 ], [ -156.130324814663993, 20.628198517406297 ], [ -156.128573232123813, 20.628420111086495 ], [ -156.127456909208433, 20.6289823258684 ], [ -156.127049345012438, 20.630892860463586 ], [ -156.125806655367228, 20.63077801652836 ], [ -156.124951368563671, 20.630828435246201 ], [ -156.124381620482467, 20.632502064602026 ], [ -156.123346702349068, 20.632124601649529 ], [ -156.122081677540422, 20.631852788592418 ], [ -156.120652749532638, 20.632572260480792 ], [ -156.119782000912863, 20.633831042994519 ], [ -156.119845927865526, 20.63479254921528 ], [ -156.119166819344002, 20.635660722713034 ], [ -156.118007026241713, 20.636124946906875 ], [ -156.117507692419224, 20.636651240551288 ], [ -156.115353366874729, 20.638289620937726 ], [ -156.115494459939072, 20.640416099968437 ], [ -156.114325476755567, 20.640307952434714 ], [ -156.113420318321602, 20.639812658833478 ], [ -156.112589476517655, 20.639548035253384 ], [ -156.112239013668358, 20.64119010119671 ], [ -156.110594077277682, 20.641037992009217 ], [ -156.109136930148992, 20.641771691205566 ], [ -156.108465060680714, 20.64274241690962 ], [ -156.108190822966492, 20.642431693238851 ], [ -156.107327318507345, 20.642482540438273 ], [ -156.107052004570363, 20.641872546992786 ], [ -156.106460185348539, 20.641611901926247 ], [ -156.10605244955417, 20.640917964418893 ] ] ] } },
{ "type": "Feature", "properties": { "ID": 526, "GRIDCODE": 2 }, "geometry": { "type": "Polygon", "coordinates": [ [ [ -156.417719452468049, 20.603337582983649 ], [ -156.418068416852094, 20.603435513289174 ], [ -156.417812472905496, 20.60366923233709 ], [ -156.417719452468049, 20.603337582983649 ] ] ] } },
{ "type": "Feature", "properties": { "ID": 527, "GRIDCODE": 2 }, "geometry": { "type": "Polygon", "coordinates": [ [ [ -156.421531326445972, 20.599060516085544 ], [ -156.42118236864917, 20.59896259355887 ], [ -156.421438299316463, 20.598728868019865 ], [ -156.421531326445972, 20.599060516085544 ] ] ] } },
{ "type": "Feature", "properties": { "ID": 528, "GRIDCODE": 2 }, "geometry": { "type": "Polygon", "coordinates": [ [ [ -156.416098820565736, 20.597083271653606 ], [ -156.416202968687458, 20.596754569289867 ], [ -156.416450895014236, 20.596995818466308 ], [ -156.416098820565736, 20.597083271653606 ] ] ] } },
{ "type": "Feature", "properties": { "ID": 529, "GRIDCODE": 2 }, "geometry": { "type": "Polygon", "coordinates": [ [ [ -156.422727288533423, 20.596369609599552 ], [ -156.42262421938716, 20.596969075495242 ], [ -156.422104313245995, 20.596445629414504 ], [ -156.422727288533423, 20.596369609599552 ] ] ] } },
{ "type": "Feature", "properties": { "ID": 530, "GRIDCODE": 2 }, "geometry": { "type": "Polygon", "coordinates": [ [ [ -156.423014888132826, 20.596373897497401 ], [ -156.422727288533423, 20.596369609599552 ], [ -156.422876920589744, 20.596024914863076 ], [ -156.423014888132826, 20.596373897497401 ] ] ] } },
{ "type": "Feature", "properties": { "ID": 531, "GRIDCODE": 2 }, "geometry": { "type": "Polygon", "coordinates": [ [ [ -156.357162995156159, 20.578315174549545 ], [ -156.35681413995232, 20.578217131273838 ], [ -156.357070118773464, 20.577983507453961 ], [ -156.357162995156159, 20.578315174549545 ] ] ] } },
{ "type": "Feature", "properties": { "ID": 532, "GRIDCODE": 2 }, "geometry": { "type": "Polygon", "coordinates": [ [ [ -156.377328761036637, 20.576455170386726 ], [ -156.376976722523693, 20.576542546682841 ], [ -156.377224551390896, 20.576783842536042 ], [ -156.377328761036637, 20.576455170386726 ], [ -156.377478497083359, 20.576585203232632 ], [ -156.377740242544576, 20.577146248580402 ], [ -156.378207574390586, 20.577988155023579 ], [ -156.379137682817174, 20.577950139775361 ], [ -156.380024406519482, 20.578264992697658 ], [ -156.380584046940783, 20.578242122846014 ], [ -156.381167772244822, 20.578552513850159 ], [ -156.382752107705471, 20.579039535776388 ], [ -156.383154957219745, 20.580798208051675 ], [ -156.384359149850724, 20.580748838352147 ], [ -156.385142711859601, 20.579949270372168 ], [ -156.385473483738309, 20.579972787070961 ], [ -156.385750489181106, 20.579689969443635 ], [ -156.386346249424975, 20.57944344609567 ], [ -156.386622396376396, 20.579161407406037 ], [ -156.386975525774147, 20.578911215531349 ], [ -156.387480200518695, 20.579460577140615 ], [ -156.387897887620056, 20.579823459395069 ], [ -156.388928694944497, 20.579316065648072 ], [ -156.390713794690953, 20.57896764807457 ], [ -156.391247996966342, 20.579548923375967 ], [ -156.392095480063603, 20.579514221746624 ], [ -156.392941483078857, 20.579814510150374 ], [ -156.39324252886459, 20.579802250343075 ], [ -156.39392621854887, 20.58054660054972 ], [ -156.39437271774139, 20.580090943539439 ], [ -156.395866644360495, 20.579587043680782 ], [ -156.39637620386506, 20.580678197129298 ], [ -156.397148638847256, 20.581755847520025 ], [ -156.398278268054924, 20.582045831263208 ], [ -156.398686164705651, 20.580155870071088 ], [ -156.399569474832987, 20.579913623670127 ], [ -156.400862325929751, 20.578593909308648 ], [ -156.401283903193814, 20.579956055510422 ], [ -156.402006025920883, 20.579926431516608 ], [ -156.402479045609596, 20.579960120333503 ], [ -156.40241425142176, 20.580767397410991 ], [ -156.402919898340912, 20.581677940289683 ], [ -156.402386412771222, 20.582112607852832 ], [ -156.402823915557462, 20.582900447160156 ], [ -156.408712952547916, 20.583336765870445 ], [ -156.409527285850942, 20.582505530418366 ], [ -156.410217725365612, 20.5822403686646 ], [ -156.410722501171051, 20.582789672279162 ], [ -156.412342014498648, 20.583099465556312 ], [ -156.412760335016571, 20.583995320333031 ], [ -156.412703089630639, 20.584707754409557 ], [ -156.412756240883908, 20.585853015099996 ], [ -156.413842968840072, 20.586342373304873 ], [ -156.414107745368113, 20.586732671372417 ], [ -156.413507124782029, 20.588233462750818 ], [ -156.413221865800864, 20.589057157257557 ], [ -156.412619449108803, 20.589547962493175 ], [ -156.41263367913092, 20.589853304367971 ], [ -156.412529866078586, 20.59114408473086 ], [ -156.413167290590422, 20.592291475269896 ], [ -156.413457662821656, 20.592913352298421 ], [ -156.413419621535752, 20.593386414193109 ], [ -156.413465765960353, 20.594380923002824 ], [ -156.414276535922625, 20.594745928075348 ], [ -156.414533877630362, 20.595577739209489 ], [ -156.414833454415231, 20.595837750539413 ], [ -156.41509536794112, 20.596398756328529 ], [ -156.416098820565736, 20.597083271653606 ], [ -156.4162619433624, 20.597288997410146 ], [ -156.418628941900437, 20.597796408517958 ], [ -156.419454764385591, 20.59883761108108 ], [ -156.42025365895617, 20.599159428657323 ], [ -156.420561171000401, 20.599900324897117 ], [ -156.421763268440117, 20.600536325803102 ], [ -156.421531326445972, 20.599060516085544 ], [ -156.422376142471393, 20.598957519762713 ], [ -156.421934761163044, 20.598692362740177 ], [ -156.421607503191922, 20.597738892094057 ], [ -156.422391662155576, 20.597299968261893 ], [ -156.42328882837208, 20.597190604977015 ], [ -156.423381859093666, 20.597522252424323 ], [ -156.423637784121212, 20.597288522978815 ], [ -156.42328882837208, 20.597190604977015 ], [ -156.423199789419897, 20.596738525456345 ], [ -156.423014888132826, 20.596373897497401 ], [ -156.423563545713336, 20.596223360655156 ], [ -156.425436548016336, 20.59530082492061 ], [ -156.42602314117795, 20.594145644272274 ], [ -156.426329931671205, 20.595482896333031 ], [ -156.427080028160702, 20.595749595323852 ], [ -156.427490250351667, 20.594942281399724 ], [ -156.4279288178017, 20.594973408437458 ], [ -156.428367087461936, 20.594955327964438 ], [ -156.428922865969753, 20.595250606803404 ], [ -156.430099779934324, 20.595780496546006 ], [ -156.430029760764342, 20.596655701273988 ], [ -156.430928237693166, 20.596618665037365 ], [ -156.431686742392799, 20.597021569426438 ], [ -156.432070025538536, 20.596630473071251 ], [ -156.43384028712245, 20.597697547013013 ], [ -156.434975603518097, 20.598046248815283 ], [ -156.435483279871335, 20.598598577083234 ], [ -156.436562965096556, 20.599536076717598 ], [ -156.436937260873464, 20.600337063496628 ], [ -156.436782076070642, 20.602274677692705 ], [ -156.437258815256797, 20.603132470102757 ], [ -156.438361609754168, 20.603816093146012 ], [ -156.439150769560484, 20.603783481300137 ], [ -156.440831418880748, 20.604471155389387 ], [ -156.441117123527277, 20.605767343766981 ], [ -156.439976952907983, 20.606696540655047 ], [ -156.439579616027487, 20.607843731732512 ], [ -156.440227089168729, 20.60840592522478 ], [ -156.440194062757769, 20.608818629110779 ], [ -156.440213114940434, 20.609225226847141 ], [ -156.440141395220053, 20.610120650493748 ], [ -156.43897669123956, 20.611069577518744 ], [ -156.437283864248542, 20.611341141602111 ], [ -156.436647710475427, 20.612251201512183 ], [ -156.436693595251882, 20.613236189768525 ], [ -156.436651728092812, 20.613756687912552 ], [ -156.437351875318114, 20.615016573112833 ], [ -156.437811597817387, 20.615415820054583 ], [ -156.437473784399742, 20.616260603844314 ], [ -156.437497756784751, 20.616775598115137 ], [ -156.437184144027526, 20.617298942027759 ], [ -156.436898394757719, 20.618154945272444 ], [ -156.437761855192917, 20.618119349038135 ], [ -156.438019620548886, 20.618951938341766 ], [ -156.438510653067993, 20.619378234023365 ], [ -156.439091262033799, 20.621907133688644 ], [ -156.439698624784825, 20.622753767572323 ], [ -156.439960668319998, 20.623314748555472 ], [ -156.440260342287218, 20.623574725298894 ], [ -156.440522389034982, 20.624135705745186 ], [ -156.440874132205181, 20.624441026444035 ], [ -156.441684766975982, 20.624407672791403 ], [ -156.441942560932858, 20.625240259047612 ], [ -156.442530736878069, 20.625504903415163 ], [ -156.442505852629921, 20.625816942668884 ], [ -156.443749170248338, 20.626896378759255 ], [ -156.444214879400079, 20.628925196783396 ], [ -156.446285589932359, 20.631378527043708 ], [ -156.448842072932223, 20.633183515658299 ], [ -156.451900293013352, 20.633499304059672 ], [ -156.451578884243844, 20.634035521583218 ], [ -156.451297033120653, 20.634659749393517 ], [ -156.452147976068488, 20.635398314462684 ], [ -156.45272312504963, 20.636279884056528 ], [ -156.45266992318588, 20.636943332518776 ], [ -156.450777190542254, 20.638485630148939 ], [ -156.450362950691328, 20.638908708913128 ], [ -156.447767727006607, 20.639250076072216 ], [ -156.446238231551405, 20.640811576476334 ], [ -156.445681887671043, 20.643515682945893 ], [ -156.446259171530102, 20.644554566596849 ], [ -156.445651198596806, 20.644511442109611 ], [ -156.444706672821241, 20.644814756740931 ], [ -156.444212920679092, 20.645318775634657 ], [ -156.443183710512983, 20.645745022419693 ], [ -156.442356324552634, 20.64767954968011 ], [ -156.442552339022768, 20.649485079721771 ], [ -156.441790899042104, 20.649610284763021 ], [ -156.441818868008312, 20.650709546948264 ], [ -156.441000935024874, 20.650666860937793 ], [ -156.440599437491613, 20.652489977856117 ], [ -156.440635234981045, 20.653893032690306 ], [ -156.44262258418172, 20.654221297835576 ], [ -156.443616881721738, 20.655263861676655 ], [ -156.442864789707357, 20.655584428807874 ], [ -156.442878684342958, 20.656131148780638 ], [ -156.442575080772514, 20.656387602905337 ], [ -156.442293896359587, 20.656664625273216 ], [ -156.441675279083739, 20.657187280924202 ], [ -156.441699505502612, 20.658140467799747 ], [ -156.441660310544876, 20.658802659443872 ], [ -156.442047693352038, 20.659518398076816 ], [ -156.441356174836926, 20.660432660425482 ], [ -156.441059540835823, 20.661631195370575 ], [ -156.441883895348496, 20.663961877680041 ], [ -156.442142069774178, 20.665059528620258 ], [ -156.442443669144552, 20.666216019686136 ], [ -156.44356728240524, 20.667227442331395 ], [ -156.442939074950857, 20.668303347377286 ], [ -156.442960087817397, 20.669129645470932 ], [ -156.442898834923568, 20.670168857781789 ], [ -156.443483319589262, 20.671570132482682 ], [ -156.443746047386071, 20.672396974036435 ], [ -156.444038317526122, 20.672936844618448 ], [ -156.443723543566676, 20.673740703293436 ], [ -156.443401003857957, 20.676484488008121 ], [ -156.444285165779036, 20.67728034061172 ], [ -156.444191285886006, 20.678874576277398 ], [ -156.444789046073623, 20.679720274623595 ], [ -156.444410238796081, 20.680368964056672 ], [ -156.443601058737158, 20.68105253281076 ], [ -156.44319593435273, 20.681828594733741 ], [ -156.443274117619893, 20.684912287608398 ], [ -156.4444169697814, 20.685940798848168 ], [ -156.444352932783204, 20.687028112950561 ], [ -156.444366833397709, 20.687574170715823 ], [ -156.443825884030389, 20.688956099742104 ], [ -156.443461023569228, 20.690078890900345 ], [ -156.444298904308965, 20.691627699629844 ], [ -156.444163754343862, 20.693921522373266 ], [ -156.444567570042182, 20.694668058834484 ], [ -156.444494487880291, 20.695908663190007 ], [ -156.444780576754738, 20.698261907602685 ], [ -156.445341010472276, 20.699845879141318 ], [ -156.445928887101957, 20.703013714849721 ], [ -156.446675503336337, 20.704393454328461 ], [ -156.447010445305438, 20.706198925744633 ], [ -156.445808369394797, 20.707788486960357 ], [ -156.446291982717327, 20.710670011980849 ], [ -156.446204806654293, 20.712147025748511 ], [ -156.446618434457861, 20.71655396288185 ], [ -156.447302954690144, 20.718488288791651 ], [ -156.447552135778778, 20.720127555069435 ], [ -156.447889506454487, 20.721772759001865 ], [ -156.448687868632533, 20.724029642251384 ], [ -156.449775531166722, 20.725567729549859 ], [ -156.450370642836504, 20.727438691247354 ], [ -156.450015840430694, 20.727738297573882 ], [ -156.44973412445961, 20.728038986980071 ], [ -156.452649614872342, 20.729872125212992 ], [ -156.455161044398579, 20.732751927192247 ], [ -156.455664074228849, 20.73433331171687 ], [ -156.456434147427217, 20.736509205014684 ], [ -156.45675275039838, 20.741184022811616 ], [ -156.457856576696798, 20.745416793070309 ], [ -156.457444125816579, 20.745764893398896 ], [ -156.457479953322888, 20.747170726370602 ], [ -156.458089246226223, 20.748892160675311 ], [ -156.459018925226644, 20.750609735387581 ], [ -156.45972856131101, 20.752083597290291 ], [ -156.459582167663172, 20.754566406274034 ], [ -156.459727567869294, 20.760286057675081 ], [ -156.458914231618166, 20.762068182841471 ], [ -156.459211190595994, 20.764508345496598 ], [ -156.45896100400256, 20.768754274871466 ], [ -156.459515240997746, 20.770879489390641 ], [ -156.460450136752854, 20.773520079467694 ], [ -156.460976419599859, 20.778293855303527 ], [ -156.461399717623323, 20.779488903444925 ], [ -156.464526452980152, 20.78283418696871 ], [ -156.467790249863157, 20.784885259200735 ], [ -156.469630067401141, 20.786812378489049 ], [ -156.472515717256016, 20.78911465277962 ], [ -156.475779399468905, 20.790139481883589 ], [ -156.482033548816673, 20.793371636690143 ], [ -156.483275547957675, 20.793945379088569 ], [ -156.486319069173163, 20.795111489675943 ], [ -156.490164618399177, 20.795515005958087 ], [ -156.492548227387545, 20.796139777377167 ], [ -156.495640296739879, 20.796741797794617 ], [ -156.498683543237348, 20.796672858834746 ], [ -156.50071701197416, 20.796203331421648 ], [ -156.503324499494653, 20.795980745061811 ], [ -156.505342744557311, 20.795187149693888 ], [ -156.506222257395166, 20.794939374452866 ], [ -156.507066912385056, 20.794108054862797 ], [ -156.508128392543739, 20.79321149832829 ], [ -156.509377611502657, 20.79198209826777 ], [ -156.510263532028858, 20.792028026364061 ], [ -156.511747415015066, 20.791685293928182 ], [ -156.51290164121761, 20.790962790334877 ], [ -156.513493134375949, 20.790710798261223 ], [ -156.513777255114661, 20.790264280881935 ], [ -156.512490744126524, 20.790013897628121 ], [ -156.512634187781032, 20.789877890362458 ], [ -156.513796103217089, 20.789629140698402 ], [ -156.514400283266014, 20.788791250940658 ], [ -156.515252187710473, 20.788044904497028 ], [ -156.515631132800479, 20.787338395350648 ], [ -156.515279189924229, 20.78667090187426 ], [ -156.515006225875482, 20.786093435721007 ], [ -156.516456566865088, 20.784822708544944 ], [ -156.516763493053332, 20.783978255831148 ], [ -156.517061436485704, 20.783716973604186 ], [ -156.517383447365034, 20.783411596964889 ], [ -156.517941967322855, 20.78236999841512 ], [ -156.518381025195765, 20.781597951421151 ], [ -156.521204779731789, 20.779691775652072 ], [ -156.522688189873634, 20.77828363910174 ], [ -156.522258696292454, 20.777041391290155 ], [ -156.523251929345179, 20.776763413822319 ], [ -156.524331707540938, 20.777853276882631 ], [ -156.524941120200225, 20.778136920439433 ], [ -156.525663187722415, 20.776789859347875 ], [ -156.526369655640366, 20.776813666243314 ], [ -156.527563859498571, 20.776544114548994 ], [ -156.528840452458809, 20.776586968996696 ], [ -156.529477185455079, 20.775399498435608 ], [ -156.530453720039958, 20.774970979146318 ], [ -156.53074785585747, 20.774422458476099 ], [ -156.531114975702593, 20.775162890611064 ], [ -156.532128201781433, 20.775643445576037 ], [ -156.533323387883968, 20.775277838675947 ], [ -156.535061093351771, 20.775037205244129 ], [ -156.536340631964549, 20.77415283635175 ], [ -156.5370799871842, 20.774524409871951 ], [ -156.538635509672361, 20.77502395093412 ], [ -156.539073765879863, 20.77590744706248 ], [ -156.539651014886829, 20.776181319964707 ], [ -156.540208069790424, 20.777007259983449 ], [ -156.540785325239085, 20.777281129658377 ], [ -156.541263638746045, 20.778245483343415 ], [ -156.54283082497156, 20.779244211892653 ], [ -156.543904408055539, 20.780327527163124 ], [ -156.545330657134173, 20.780320553685513 ], [ -156.547192905285129, 20.781062100719932 ], [ -156.546261003907745, 20.781878905541088 ], [ -156.545015166114268, 20.781252512450269 ], [ -156.543298043409209, 20.782198535137194 ], [ -156.542998628422055, 20.782188560698092 ], [ -156.543039460219603, 20.781108500601352 ], [ -156.543034964997616, 20.780274077909972 ], [ -156.541320456958658, 20.779461195100332 ], [ -156.54076338808423, 20.778635257403288 ], [ -156.539898159029406, 20.778357259629626 ], [ -156.539247161376977, 20.77704493882095 ], [ -156.538196699546262, 20.776707533985537 ], [ -156.537641258127167, 20.776147076513716 ], [ -156.536854592835596, 20.775414259185126 ], [ -156.535320131904768, 20.776129898587314 ], [ -156.534478719574622, 20.776101677307235 ], [ -156.533576106806805, 20.776377849847787 ], [ -156.533581970075943, 20.777453944122069 ], [ -156.533272254274692, 20.777715089577523 ], [ -156.532731082887409, 20.776623761940254 ], [ -156.532239814942841, 20.776165926111485 ], [ -156.531290894905453, 20.77660847621787 ], [ -156.530997678641995, 20.776598703221989 ], [ -156.530706438908453, 20.77714184256094 ], [ -156.53012787874664, 20.777122407185331 ], [ -156.529833734462983, 20.7776709258852 ], [ -156.528950850774919, 20.778444819550639 ], [ -156.528952488199195, 20.778741654406815 ], [ -156.528782525832014, 20.7790049352324 ], [ -156.527521280942949, 20.778173978071337 ], [ -156.52702984285861, 20.778176288652908 ], [ -156.526427897903034, 20.779833405425173 ], [ -156.524649848007329, 20.778939293096315 ], [ -156.523814934313293, 20.778943253202371 ], [ -156.524602059014427, 20.780851999907508 ], [ -156.523739262255333, 20.78082301849388 ], [ -156.523153103855464, 20.781096158692854 ], [ -156.522279234087733, 20.781349138302208 ], [ -156.521987958069417, 20.781891994027781 ], [ -156.521114082295441, 20.782144967018898 ], [ -156.519742474289927, 20.782784503895879 ], [ -156.519369657064175, 20.783479474089411 ], [ -156.519071717666264, 20.783740760783147 ], [ -156.518771309366656, 20.784841119374242 ], [ -156.519339034867045, 20.785369935372398 ], [ -156.519320446659464, 20.785853106270153 ], [ -156.517586376791741, 20.78622430010126 ], [ -156.517589571280183, 20.786837143446469 ], [ -156.517573886603628, 20.787245624252279 ], [ -156.517865311206776, 20.788088154678306 ], [ -156.517819957677887, 20.789278438463384 ], [ -156.517823504255489, 20.789955701258336 ], [ -156.517807680449067, 20.790372645121376 ], [ -156.516919416142343, 20.790762280621802 ], [ -156.516349929212907, 20.791302682769953 ], [ -156.516352777912829, 20.791833117620396 ], [ -156.515972183135943, 20.792502304005531 ], [ -156.516341600160558, 20.793202984809014 ], [ -156.51630373660106, 20.794192460284176 ], [ -156.513882187303921, 20.795635863312125 ], [ -156.511375610811314, 20.796360840787862 ], [ -156.508340220430028, 20.798861585964517 ], [ -156.506426238279715, 20.799539541272054 ], [ -156.504800405101776, 20.800297323432488 ], [ -156.50151237087394, 20.800551542872412 ], [ -156.500214882456476, 20.800844119869407 ], [ -156.496230265119408, 20.801287139825479 ], [ -156.4921664305744, 20.80066787018098 ], [ -156.488900703440265, 20.799829657453309 ], [ -156.485927951022973, 20.799512309352071 ], [ -156.483179677127367, 20.798806832992085 ], [ -156.484566322300395, 20.797871165856908 ], [ -156.484857762344461, 20.7973283913696 ], [ -156.485606104857226, 20.796324096378576 ], [ -156.484352610975975, 20.795729302037362 ], [ -156.483459376584136, 20.795140843965836 ], [ -156.481879049647461, 20.79452761386446 ], [ -156.480314006605539, 20.793740269551311 ], [ -156.479736824462577, 20.793466201413931 ], [ -156.478695430290287, 20.792942205507384 ], [ -156.474679016820772, 20.791268697373528 ], [ -156.47402345665239, 20.790938964733005 ], [ -156.472391057504069, 20.790164185875359 ], [ -156.470476783132142, 20.788902339810775 ], [ -156.468578346918264, 20.789238856227829 ], [ -156.467712452334979, 20.789209543394396 ], [ -156.466828001652459, 20.789213414984751 ], [ -156.466263503307317, 20.789748947572178 ], [ -156.464560953347956, 20.788361474471539 ], [ -156.462562090503923, 20.786982831040671 ], [ -156.458112034811251, 20.782940853785867 ], [ -156.456439152355017, 20.780060763720115 ], [ -156.455866742704387, 20.774993472107205 ], [ -156.454491111898733, 20.770461577085449 ], [ -156.454257993685673, 20.761095332719393 ], [ -156.455008554890355, 20.759134806127836 ], [ -156.454978408484124, 20.753075765877661 ], [ -156.453985762728792, 20.751190851770392 ], [ -156.452902912504186, 20.748682297169552 ], [ -156.452626171462526, 20.74430292038338 ], [ -156.452093672323059, 20.741644599291877 ], [ -156.451810618253063, 20.737592480049454 ], [ -156.450898287997433, 20.734949027216516 ], [ -156.449603106691256, 20.733390272006673 ], [ -156.447714906624526, 20.732185240427007 ], [ -156.445538627098728, 20.729985921756082 ], [ -156.445135285826439, 20.727397492814202 ], [ -156.443965677720854, 20.724831006870463 ], [ -156.443169314590278, 20.722392275802559 ], [ -156.44267201041896, 20.719776392126722 ], [ -156.442122471342884, 20.717877390089001 ], [ -156.44176029655813, 20.715553699544468 ], [ -156.441190212593057, 20.707380628579696 ], [ -156.441762536806266, 20.70540902672753 ], [ -156.441212239171506, 20.703507500629577 ], [ -156.44093170593905, 20.702032168044443 ], [ -156.44014976674589, 20.69895971052183 ], [ -156.4397640255184, 20.696485020422635 ], [ -156.43938528099784, 20.692640056616796 ], [ -156.439043523906889, 20.691296736831415 ], [ -156.439199083883381, 20.68725576770106 ], [ -156.438639021840601, 20.685320631178818 ], [ -156.438418866496818, 20.681624439412204 ], [ -156.439330157667229, 20.678827394269327 ], [ -156.438884257721924, 20.67707489230202 ], [ -156.439658204843113, 20.676396906098514 ], [ -156.439656646531887, 20.676104448833364 ], [ -156.439090428891689, 20.675575843166172 ], [ -156.438853828480347, 20.672858284945697 ], [ -156.438301673969931, 20.671258025652346 ], [ -156.438064922845967, 20.667863409290508 ], [ -156.438111732774075, 20.666648208807814 ], [ -156.43781075849958, 20.666076193716052 ], [ -156.437537822246526, 20.665525095862012 ], [ -156.437253470725182, 20.664984409078972 ], [ -156.436627970064649, 20.663067609241928 ], [ -156.436872310676989, 20.656713743919575 ], [ -156.436401960239266, 20.655350259987802 ], [ -156.436859758894684, 20.654949164784469 ], [ -156.436288905470974, 20.653864188509782 ], [ -156.435825721493529, 20.652928417577026 ], [ -156.4363706760669, 20.651050708460208 ], [ -156.436955258651608, 20.648451294459882 ], [ -156.437538738132844, 20.647424869193983 ], [ -156.438850935248581, 20.643813588250175 ], [ -156.441118767272656, 20.641462786648525 ], [ -156.442256129845106, 20.638332562223795 ], [ -156.444495156509163, 20.635965139743906 ], [ -156.440162538270243, 20.631419435379854 ], [ -156.43926927973763, 20.629184947822129 ], [ -156.436391133439798, 20.626498280837726 ], [ -156.434814156500067, 20.623904844980597 ], [ -156.434131062296899, 20.621811545213738 ], [ -156.432605298056188, 20.6198549115263 ], [ -156.432327819315645, 20.615877460672561 ], [ -156.432052642980011, 20.614795158197232 ], [ -156.431817112770318, 20.61201928255171 ], [ -156.432834973052934, 20.609357794343541 ], [ -156.434776581821495, 20.607248458773334 ], [ -156.433357505646228, 20.605604773973678 ], [ -156.432425594860234, 20.604381510658627 ], [ -156.431914180214193, 20.601688695984304 ], [ -156.428754810477784, 20.600913476849406 ], [ -156.427027876816624, 20.600328169469257 ], [ -156.425266322181812, 20.602907385423322 ], [ -156.423402044481691, 20.604541349994889 ], [ -156.419979297536884, 20.604858498519533 ], [ -156.420742752850572, 20.603515922995509 ], [ -156.419093822507591, 20.603187231845808 ], [ -156.41874947824769, 20.60213139504048 ], [ -156.417964993255708, 20.601854092679275 ], [ -156.417719452468049, 20.603337582983649 ], [ -156.415877954763545, 20.601817607261509 ], [ -156.413942143647802, 20.601193867209044 ], [ -156.413202529908261, 20.598925215790544 ], [ -156.411042401845236, 20.598229181478285 ], [ -156.409597920967116, 20.597095216320955 ], [ -156.408672757247047, 20.594257955536385 ], [ -156.40790475736776, 20.59202933678225 ], [ -156.408071707832647, 20.587704232061608 ], [ -156.401923247107675, 20.587233690833227 ], [ -156.399724275771604, 20.586124824142704 ], [ -156.396264106240295, 20.586139285459769 ], [ -156.396318650327004, 20.584730204761826 ], [ -156.395883484120588, 20.58418706962976 ], [ -156.395450967696547, 20.584993167185221 ], [ -156.394833012685041, 20.585520308919548 ], [ -156.393725626873504, 20.584961882292799 ], [ -156.392496193148816, 20.58465978191602 ], [ -156.390783023095963, 20.58407871214245 ], [ -156.387743741555994, 20.584091156254132 ], [ -156.385059059314955, 20.585069778508672 ], [ -156.383019840839466, 20.585341937887073 ], [ -156.38068066685247, 20.584739392486508 ], [ -156.378535469297731, 20.582567852464251 ], [ -156.377082578483197, 20.582277733809619 ], [ -156.375838356150098, 20.581957308055276 ], [ -156.37396219200258, 20.580058156079211 ], [ -156.372760064615903, 20.57977432392315 ], [ -156.370506770739013, 20.580281815538594 ], [ -156.368572196572103, 20.580548388845024 ], [ -156.366581239713156, 20.581775469434689 ], [ -156.363279746434443, 20.582062558786646 ], [ -156.362401276301341, 20.582330741483442 ], [ -156.361837576967218, 20.582311298376322 ], [ -156.361263041836992, 20.582578820670399 ], [ -156.360279814987848, 20.582829390302582 ], [ -156.358382905156901, 20.58170612366991 ], [ -156.357392133660767, 20.581710032978084 ], [ -156.356817211106573, 20.581690137726316 ], [ -156.356060719721995, 20.581693122968534 ], [ -156.355212880534225, 20.58249764460777 ], [ -156.355217512918699, 20.583564638381851 ], [ -156.354620310996694, 20.583826367768999 ], [ -156.354328932267663, 20.584368927826716 ], [ -156.352880927016287, 20.584612341732178 ], [ -156.352262194963799, 20.584900448595462 ], [ -156.350581471689082, 20.584842435523637 ], [ -156.350013455516063, 20.585381409319069 ], [ -156.348736022438572, 20.58575013538486 ], [ -156.345104424803424, 20.585305184655141 ], [ -156.343910456211177, 20.585573978924693 ], [ -156.341142203478, 20.585478136701003 ], [ -156.339779475881329, 20.584577408112708 ], [ -156.339347654793841, 20.585764246410136 ], [ -156.338762309749455, 20.586020809647692 ], [ -156.338470578415468, 20.586564125241683 ], [ -156.336247584838844, 20.586223192163768 ], [ -156.33472786990302, 20.586776542879168 ], [ -156.333051719969433, 20.587134108270806 ], [ -156.331819962066049, 20.586715825145973 ], [ -156.330983961323085, 20.586718925871175 ], [ -156.330136421807339, 20.586158699892465 ], [ -156.328972777238931, 20.585604565042125 ], [ -156.328294732297707, 20.586247564558754 ], [ -156.325424692369154, 20.586642151013287 ], [ -156.324660558985073, 20.58661564951095 ], [ -156.323797595112097, 20.586618827259251 ], [ -156.322666555651182, 20.586579628363449 ], [ -156.321495402300144, 20.586842929004497 ], [ -156.319862375288437, 20.58719111205172 ], [ -156.319344033765674, 20.586666092982799 ], [ -156.318581517144253, 20.585953055591002 ], [ -156.315597404949955, 20.58596415351883 ], [ -156.313405678386857, 20.586457015534386 ], [ -156.312580357630139, 20.586428319778214 ], [ -156.311713717856833, 20.586961983511063 ], [ -156.311070023600251, 20.587243859231471 ], [ -156.309549632863593, 20.587190980302079 ], [ -156.308846231883479, 20.587193523762515 ], [ -156.305067497301962, 20.586052306235846 ], [ -156.303473599063977, 20.586794262877628 ], [ -156.29937195573055, 20.587149226660738 ], [ -156.298471901693205, 20.58756816273435 ], [ -156.29744829843861, 20.588016241942928 ], [ -156.295576511674625, 20.588330170375389 ], [ -156.293868199180565, 20.588850966799672 ], [ -156.292407048508323, 20.588800053185022 ], [ -156.290637031272837, 20.588806313772224 ], [ -156.289456840043158, 20.589355574299123 ], [ -156.288647216350995, 20.590122902623257 ], [ -156.288061790237236, 20.590379282656659 ], [ -156.287774965252879, 20.590650925507415 ], [ -156.2866168694691, 20.591664450797456 ], [ -156.286155410827263, 20.592930528992646 ], [ -156.284845909086584, 20.593308176143282 ], [ -156.284554275580831, 20.593850588642042 ], [ -156.283036848159128, 20.59475382878902 ], [ -156.281649117362122, 20.59515389269993 ], [ -156.281362272327442, 20.595425522494473 ], [ -156.280706891172571, 20.595712382082951 ], [ -156.277945638025813, 20.595615885809082 ], [ -156.277326751438409, 20.595903703330155 ], [ -156.275135794221484, 20.596862381879429 ], [ -156.274134645199467, 20.597478490100091 ], [ -156.271927166773196, 20.598258456848054 ], [ -156.271211581354777, 20.598233405787564 ], [ -156.270058086364628, 20.599326490490995 ], [ -156.268642908953126, 20.599277018515036 ], [ -156.267904172313251, 20.599620698127293 ], [ -156.264878688204305, 20.600035452077346 ], [ -156.26319220388595, 20.600549257442289 ], [ -156.260864503769056, 20.600868261901681 ], [ -156.25740545787238, 20.602841311732924 ], [ -156.257061688117147, 20.603167007554365 ], [ -156.256476169992709, 20.603423268590962 ], [ -156.256189268216133, 20.603694849560739 ], [ -156.25467110522743, 20.604358959782896 ], [ -156.252699531704877, 20.605806166404861 ], [ -156.251918632596642, 20.606147777800604 ], [ -156.25138389228394, 20.607142511424435 ], [ -156.250944530568034, 20.607127056840387 ], [ -156.250081886354195, 20.607389728028075 ], [ -156.24979187884108, 20.607379557179513 ], [ -156.24950419953467, 20.607380531804878 ], [ -156.248384599752654, 20.607341146820495 ], [ -156.247776385354285, 20.607623860188735 ], [ -156.247483850492443, 20.607613645162051 ], [ -156.246621807398498, 20.608014375134715 ], [ -156.245597097293341, 20.608462496733136 ], [ -156.244866778167477, 20.609473262586004 ], [ -156.244567093290783, 20.609735359686045 ], [ -156.244909317026156, 20.610731357818896 ], [ -156.243528771678513, 20.610033545142606 ], [ -156.242965186077953, 20.611081874832664 ], [ -156.240846949147141, 20.611007320351369 ], [ -156.238196417284769, 20.612347215597957 ], [ -156.237195161306317, 20.612006535272105 ], [ -156.236185584561355, 20.612313861595354 ], [ -156.234980276828225, 20.612570174824111 ], [ -156.233578909373023, 20.613897583969784 ], [ -156.231659423264773, 20.613829931573541 ], [ -156.229804830465611, 20.615190904821514 ], [ -156.228754856844432, 20.615493304101967 ], [ -156.228347275302184, 20.616250885681204 ], [ -156.226821327147093, 20.616789495372402 ], [ -156.225052275267046, 20.617611820446989 ], [ -156.223563027752505, 20.61902209547177 ], [ -156.22303795231096, 20.621762921150875 ], [ -156.223043222204382, 20.623206474324721 ], [ -156.223015635466197, 20.62347263913631 ], [ -156.222168176042999, 20.62261315918574 ], [ -156.22222046401555, 20.621295769902982 ], [ -156.222216495438346, 20.620121359308591 ], [ -156.220977453866652, 20.620498425280111 ], [ -156.219631347620265, 20.621124099479182 ], [ -156.218752893577886, 20.621508144331592 ], [ -156.218465894795855, 20.621779650599034 ], [ -156.217859013645068, 20.622045076408636 ], [ -156.217291580365838, 20.622582107332246 ], [ -156.214392002278771, 20.623198296910285 ], [ -156.2143973342923, 20.6247110075875 ], [ -156.214102721454736, 20.624412404101175 ], [ -156.213802734076978, 20.624131302130742 ], [ -156.213086567655097, 20.624133496362134 ], [ -156.212654746978956, 20.624935999204322 ], [ -156.211781481906087, 20.625187446193227 ], [ -156.211494464482115, 20.625458938549393 ], [ -156.210186069073302, 20.626030654615363 ], [ -156.210745545205782, 20.626933805095543 ], [ -156.210268218777514, 20.626779431914063 ], [ -156.208946468234728, 20.626111123669954 ], [ -156.208103996770006, 20.627676637993876 ], [ -156.206912356663224, 20.626468214585191 ], [ -156.20541465398756, 20.627251197374065 ], [ -156.20454746191723, 20.62778412010066 ], [ -156.203674171927616, 20.628035522557195 ], [ -156.203382186107291, 20.628577755747433 ], [ -156.202072243869623, 20.628954715446 ], [ -156.201360064215464, 20.629628724703949 ], [ -156.200751918098291, 20.629607093304113 ], [ -156.199893340008202, 20.630419958061431 ], [ -156.198804914504336, 20.629316043390983 ], [ -156.198177352123707, 20.629572329547678 ], [ -156.199291739569787, 20.63169785876169 ], [ -156.197569859147734, 20.631462681954439 ], [ -156.196756444776639, 20.630637626626939 ], [ -156.195902059935349, 20.630607349748608 ], [ -156.194709008213181, 20.630874667295203 ], [ -156.194139884987976, 20.630854572086367 ], [ -156.19354254912497, 20.631131829064184 ], [ -156.192470004029559, 20.631093887850163 ], [ -156.191242510210174, 20.631354536902556 ], [ -156.190070891761536, 20.63161687994868 ], [ -156.18864991456681, 20.631566364863495 ], [ -156.186638240114519, 20.632500810580002 ], [ -156.185223414197822, 20.631825783225548 ], [ -156.18401825897601, 20.630933453141605 ], [ -156.181750019093101, 20.630940070519109 ], [ -156.181776100162693, 20.630286953019748 ], [ -156.179720248586875, 20.630629999017096 ], [ -156.178713736289438, 20.63158248948773 ], [ -156.176045065869204, 20.630923521584791 ], [ -156.175732286171126, 20.630288930900008 ], [ -156.1751563626257, 20.630013963732029 ], [ -156.174879474334915, 20.629733310308776 ], [ -156.173750467577122, 20.629194587065435 ], [ -156.173205270172986, 20.628154303927722 ], [ -156.17256765501557, 20.626551271169141 ], [ -156.170742231943336, 20.627106267862118 ], [ -156.169263585063788, 20.625605812543348 ], [ -156.167604429631552, 20.625040639517046 ], [ -156.167182854744254, 20.625823600625822 ], [ -156.166206490132794, 20.625176916430735 ], [ -156.165459229140112, 20.625523948056479 ], [ -156.165066094296037, 20.624725895905861 ], [ -156.162213729146856, 20.626817237651291 ], [ -156.161411761156131, 20.62653851194727 ], [ -156.161009709810145, 20.625722453302085 ], [ -156.160566963721607, 20.625706708012594 ], [ -156.159990169392046, 20.625708327975499 ], [ -156.159613695007835, 20.624135476661952 ], [ -156.156909116780412, 20.625316166750146 ], [ -156.156388803577585, 20.625770703197681 ], [ -156.155683038847314, 20.626438395350327 ], [ -156.153510998954744, 20.626444380587973 ], [ -156.154771561248197, 20.626082061896195 ], [ -156.158000973056687, 20.624310470119351 ], [ -156.162195881343621, 20.622281075514611 ], [ -156.163096942394276, 20.620607957107254 ], [ -156.164956682820929, 20.621017771434627 ], [ -156.164960321398638, 20.622125484678765 ], [ -156.164900972560474, 20.623600191067599 ], [ -156.166030420371584, 20.624171636289521 ], [ -156.166931809504888, 20.62392088990579 ], [ -156.167799086863397, 20.623388036600417 ], [ -156.168091909780628, 20.623398394218061 ], [ -156.168666863050618, 20.623131571519604 ], [ -156.169252569500486, 20.622875634581249 ], [ -156.169683188361319, 20.622468381141356 ], [ -156.170130357501307, 20.622077531145653 ], [ -156.170433960113456, 20.620988206031537 ], [ -156.171010330525661, 20.621008758951273 ], [ -156.17235128350336, 20.621004937642521 ], [ -156.172713818780352, 20.62212289755978 ], [ -156.173594424850819, 20.621581766694003 ], [ -156.174163780555517, 20.621602062240889 ], [ -156.174972347665999, 20.621599689400746 ], [ -156.176714248204092, 20.622430760572303 ], [ -156.177584166110108, 20.623550001361764 ], [ -156.177195214202044, 20.624562437490383 ], [ -156.17758074535638, 20.624923415028825 ], [ -156.177516441220405, 20.626520777343625 ], [ -156.17860950386131, 20.627073699019967 ], [ -156.179789814556131, 20.62711573233279 ], [ -156.180398746347038, 20.626849689477762 ], [ -156.181440123092784, 20.626366025303007 ], [ -156.18436348531543, 20.626357661171919 ], [ -156.186717219488742, 20.626938629818909 ], [ -156.18807030341199, 20.628311276723494 ], [ -156.192906475835542, 20.62848295964892 ], [ -156.198406627267985, 20.626809900401145 ], [ -156.199520941579465, 20.627373356846615 ], [ -156.201915978090312, 20.626684454602575 ], [ -156.203431679838417, 20.625870188574112 ], [ -156.203983161141991, 20.625348291522204 ], [ -156.205758199619908, 20.624808246354597 ], [ -156.209078503816642, 20.624925697505144 ], [ -156.210645875266579, 20.624356586785154 ], [ -156.211519136540943, 20.62410514519728 ], [ -156.21180615107312, 20.623833652466669 ], [ -156.212455806608546, 20.623549764830077 ], [ -156.213573281059752, 20.62249158998716 ], [ -156.215281429214059, 20.622551945784643 ], [ -156.216442257733917, 20.622012587658514 ], [ -156.217592580574035, 20.621509815923144 ], [ -156.219292295731037, 20.619900257005654 ], [ -156.222365709347486, 20.619546636899276 ], [ -156.222829022147607, 20.619141480520909 ], [ -156.223120920865085, 20.618599203929488 ], [ -156.223575325685061, 20.617802055695091 ], [ -156.22454841457872, 20.615992960813848 ], [ -156.226056362199813, 20.615672421324643 ], [ -156.228745649874185, 20.613487764663926 ], [ -156.231325550352125, 20.612485577807369 ], [ -156.233296116109642, 20.612554976203761 ], [ -156.233607159389436, 20.611976483043431 ], [ -156.234336155741801, 20.611339086798896 ], [ -156.234883201183408, 20.610820970975151 ], [ -156.236487379303696, 20.611235450555238 ], [ -156.237065274692895, 20.611233586325536 ], [ -156.238772494243733, 20.611293682794706 ], [ -156.239090737704174, 20.610735261904605 ], [ -156.239387446098135, 20.60992205119172 ], [ -156.23968026390267, 20.609932284870236 ], [ -156.240255069379401, 20.609665203021525 ], [ -156.243779817829761, 20.608322159371468 ], [ -156.244622390158867, 20.606755629687989 ], [ -156.245207936479289, 20.606499412644865 ], [ -156.246332782613734, 20.605433965319829 ], [ -156.246948375774366, 20.605709330494079 ], [ -156.246916082191063, 20.606521350758161 ], [ -156.250117289181674, 20.605730833927794 ], [ -156.250114612349478, 20.605050635808517 ], [ -156.252738382756434, 20.603640016308727 ], [ -156.254363691410788, 20.602640125862866 ], [ -156.255057709038255, 20.602317355024262 ], [ -156.255643224458424, 20.602061098561933 ], [ -156.255930123656384, 20.601789518218425 ], [ -156.256515635859557, 20.60153325838986 ], [ -156.256953259565648, 20.60071933362104 ], [ -156.257674741769307, 20.600744670632476 ], [ -156.258525426272968, 20.599938882215206 ], [ -156.260287950084091, 20.599697176266869 ], [ -156.26057483705398, 20.59942558670836 ], [ -156.260872767001672, 20.599164751575284 ], [ -156.261997456619753, 20.598099182958705 ], [ -156.262612776424135, 20.598374487866131 ], [ -156.263177639406479, 20.598659704005566 ], [ -156.263467832559201, 20.598658744747834 ], [ -156.264300479334281, 20.598687929353623 ], [ -156.266020270955551, 20.598163793091889 ], [ -156.266353163535001, 20.598162710843713 ], [ -156.266913499998736, 20.598182417433364 ], [ -156.267223403535638, 20.597911047082818 ], [ -156.267648177937616, 20.597120822517034 ], [ -156.270712083032549, 20.595523241705013 ], [ -156.272735362975965, 20.595289618501852 ], [ -156.27360216245259, 20.594756303470106 ], [ -156.27512776887724, 20.594217235484233 ], [ -156.276298125538261, 20.593672687949386 ], [ -156.279321535141861, 20.593778491343421 ], [ -156.280245649950444, 20.593511999517272 ], [ -156.280820053268428, 20.593244895004727 ], [ -156.281448243914895, 20.592970037923308 ], [ -156.282277061721288, 20.592184402800818 ], [ -156.283681469798267, 20.591237864290413 ], [ -156.284031203072431, 20.590586861242514 ], [ -156.284872888275885, 20.58985034628834 ], [ -156.285497754200463, 20.588984782998104 ], [ -156.286092764502939, 20.58818685784447 ], [ -156.286481397666279, 20.587463587700796 ], [ -156.288332463512432, 20.586653488108638 ], [ -156.28953852456047, 20.585910889436914 ], [ -156.290808801556381, 20.585523459232505 ], [ -156.293051410976517, 20.585045705483875 ], [ -156.293926612277659, 20.584506852277293 ], [ -156.294752469688689, 20.584535644428502 ], [ -156.296717996116655, 20.583840975049245 ], [ -156.297375012392763, 20.583217884998323 ], [ -156.297970524793072, 20.583215684725612 ], [ -156.29884072962767, 20.583246075383361 ], [ -156.300012349072773, 20.582700708600807 ], [ -156.300999047760399, 20.582735155162212 ], [ -156.301430512981796, 20.58273355648948 ], [ -156.302149133517275, 20.582758655227977 ], [ -156.303431170645155, 20.582753919150626 ], [ -156.304907967686034, 20.583845946123201 ], [ -156.305455261015453, 20.583327179505481 ], [ -156.306327999964424, 20.58335757205402 ], [ -156.307469298201596, 20.582826227766361 ], [ -156.308319223473092, 20.583388179930072 ], [ -156.30945884994722, 20.583384092430574 ], [ -156.310017711310707, 20.583950369395676 ], [ -156.310880912326951, 20.583980458695532 ], [ -156.31162544371017, 20.583633758380859 ], [ -156.312623312009094, 20.584137683129093 ], [ -156.313555881803154, 20.583703566543292 ], [ -156.315789957451329, 20.58404654315639 ], [ -156.316656914343753, 20.583781998831203 ], [ -156.317723020119871, 20.584320282725624 ], [ -156.319984538537227, 20.584974827963485 ], [ -156.320709519098784, 20.5846371740429 ], [ -156.32210554126948, 20.584685646010616 ], [ -156.322680844059761, 20.584683444683783 ], [ -156.323255759329044, 20.584703454292221 ], [ -156.323687236795735, 20.584701800607625 ], [ -156.324121231826751, 20.584716848949814 ], [ -156.324957802881244, 20.583923432026705 ], [ -156.325858114386875, 20.583920031033205 ], [ -156.326433028530914, 20.583940029797542 ], [ -156.327005519795961, 20.583937902555398 ], [ -156.32728816549249, 20.584223975244058 ], [ -156.327576709668762, 20.584494003552802 ], [ -156.327954308623958, 20.584876237654743 ], [ -156.328446101781736, 20.583960031395897 ], [ -156.331037159197933, 20.584049900828482 ], [ -156.331033440268385, 20.583198380985213 ], [ -156.331621338625894, 20.583473022784602 ], [ -156.332728439131586, 20.584031821863785 ], [ -156.333351282641331, 20.583234137255154 ], [ -156.333784100704605, 20.58242823000154 ], [ -156.334223451772459, 20.58270057291509 ], [ -156.334766681750153, 20.583250666438381 ], [ -156.335360602959355, 20.582758832620531 ], [ -156.335383030046984, 20.582179367401139 ], [ -156.335377475381648, 20.580833840330644 ], [ -156.336263730071124, 20.580830431204156 ], [ -156.336695997647325, 20.581268111284704 ], [ -156.337420537050974, 20.580580953918897 ], [ -156.33818320034635, 20.580966052853736 ], [ -156.338952281941488, 20.58023672268898 ], [ -156.339718849862578, 20.580623594454419 ], [ -156.340294964029056, 20.580898026018499 ], [ -156.340562721544273, 20.581720017891755 ], [ -156.340846592611399, 20.582260815378884 ], [ -156.341209680862733, 20.582995792811996 ], [ -156.341978317950321, 20.583361659277998 ], [ -156.34196332992471, 20.583740211896778 ], [ -156.343990291441713, 20.58312157733458 ], [ -156.344711470090232, 20.583146538773399 ], [ -156.345715445257696, 20.583142641373868 ], [ -156.346264242610943, 20.583698342921171 ], [ -156.34715397584543, 20.583446421734919 ], [ -156.347730231920622, 20.583178181938667 ], [ -156.34932114211361, 20.583588235739292 ], [ -156.349901830529234, 20.583079612589977 ], [ -156.349457059905177, 20.582663857000142 ], [ -156.34947788758015, 20.582125095650298 ], [ -156.349476894201217, 20.581841256353371 ], [ -156.350066990217272, 20.581324179346559 ], [ -156.35036689641845, 20.58049978519335 ], [ -156.351372157117197, 20.580534492075977 ], [ -156.351806439342937, 20.580532809833898 ], [ -156.352084710878046, 20.580814546512329 ], [ -156.353260303441658, 20.580549906245786 ], [ -156.354382908958769, 20.580588639728393 ], [ -156.354696454236432, 20.580291226728903 ], [ -156.356419230656172, 20.579536452217898 ], [ -156.357162995156159, 20.578315174549545 ], [ -156.35761737268507, 20.578206522906424 ], [ -156.358704862943483, 20.577461722655457 ], [ -156.359033202751277, 20.578278271496409 ], [ -156.359898263749159, 20.578151548052137 ], [ -156.360483521843491, 20.578255705760441 ], [ -156.361040563782495, 20.577942817632042 ], [ -156.36133907405798, 20.577995910310527 ], [ -156.361913245197883, 20.577911822761063 ], [ -156.363154386358701, 20.577214435630179 ], [ -156.365069502804943, 20.577555087213558 ], [ -156.365500165636973, 20.577027851104898 ], [ -156.367949016799372, 20.575515717502878 ], [ -156.36942763640036, 20.575954691493909 ], [ -156.370826861328567, 20.575585534439014 ], [ -156.371151213000473, 20.57485179669964 ], [ -156.371674948114304, 20.574628565549204 ], [ -156.372006315630017, 20.575452680552473 ], [ -156.372457422226375, 20.575386525778018 ], [ -156.37318073801427, 20.5755152211674 ], [ -156.373456230386608, 20.574615941077393 ], [ -156.373839277441306, 20.574390566944807 ], [ -156.373708123836423, 20.575045904685084 ], [ -156.373793370168443, 20.575562877801005 ], [ -156.374613639171343, 20.575442672221556 ], [ -156.375170901391925, 20.575541726126914 ], [ -156.375473287802237, 20.575171358489573 ], [ -156.376293420800238, 20.575666678232412 ], [ -156.377213329347541, 20.576027279979595 ], [ -156.377328761036637, 20.576455170386726 ] ], [ [ -156.165627371493599, 20.624303079508323 ], [ -156.165719835120342, 20.62463480427369 ], [ -156.165976156201168, 20.624401506744604 ], [ -156.165627371493599, 20.624303079508323 ] ], [ [ -156.492778117221718, 20.797582455669268 ], [ -156.492603568836415, 20.797760711090248 ], [ -156.491189287549986, 20.798346068364907 ], [ -156.493800896247649, 20.798642306712075 ], [ -156.495626466522964, 20.798056188505768 ], [ -156.49665300097854, 20.798600373583223 ], [ -156.497073047223921, 20.798171745973907 ], [ -156.497807014464655, 20.797574032178755 ], [ -156.493283491932516, 20.797761392443856 ], [ -156.492778117221718, 20.797582455669268 ] ], [ [ -156.485875240400276, 20.796939637048347 ], [ -156.485968482494428, 20.797271270557534 ], [ -156.486224694288921, 20.797037477734186 ], [ -156.485875240400276, 20.796939637048347 ] ], [ [ -156.486455713542711, 20.796677266291443 ], [ -156.48654895684885, 20.797008899606993 ], [ -156.486805167357147, 20.796775105772412 ], [ -156.486455713542711, 20.796677266291443 ] ], [ [ -156.44884268464466, 20.634679965404274 ], [ -156.448714837845358, 20.634830973369308 ], [ -156.447665615980014, 20.635568970768748 ], [ -156.447180088647372, 20.63802375838263 ], [ -156.447313414876731, 20.638975653092253 ], [ -156.449943299198367, 20.638442888789445 ], [ -156.45108016708258, 20.637100400973484 ], [ -156.450761999215757, 20.634828421003807 ], [ -156.44884268464466, 20.634679965404274 ] ] ] } },
{ "type": "Feature", "properties": { "ID": 533, "GRIDCODE": 2 }, "geometry": { "type": "Polygon", "coordinates": [ [ [ -155.802281568180092, 20.252150582265308 ], [ -155.803501589064638, 20.252323963421013 ], [ -155.803915183146756, 20.253717354841569 ], [ -155.80526363903968, 20.253639882135836 ], [ -155.806547515108804, 20.253760729964096 ], [ -155.807488042389053, 20.254832264896191 ], [ -155.808109118666209, 20.254796514466513 ], [ -155.808756515903951, 20.254857491926188 ], [ -155.809585620354113, 20.255802179518476 ], [ -155.810464375889865, 20.255360329286805 ], [ -155.811043505573423, 20.254196559611088 ], [ -155.811571671204575, 20.253277642901743 ], [ -155.811817723707719, 20.256895362755085 ], [ -155.814098571886035, 20.257428163608871 ], [ -155.814951657252635, 20.257379025077661 ], [ -155.81577302292115, 20.258334786366319 ], [ -155.81509317102109, 20.258737046178755 ], [ -155.814348899692476, 20.257889247705137 ], [ -155.813640001769812, 20.257930164422863 ], [ -155.813201216440575, 20.257888732183268 ], [ -155.812728715755213, 20.258386642471979 ], [ -155.812226667964893, 20.258684900974306 ], [ -155.810670021516245, 20.256553590321808 ], [ -155.809217894562579, 20.257026908961169 ], [ -155.808365777367442, 20.256946733387196 ], [ -155.806865685609949, 20.256395437879082 ], [ -155.806218008729758, 20.254951772598869 ], [ -155.805064839334733, 20.254440635170546 ], [ -155.804014850863382, 20.254500942551594 ], [ -155.802948946728037, 20.253286827149086 ], [ -155.802997214926791, 20.252831841343234 ], [ -155.802541127348718, 20.25244618549285 ], [ -155.802281568180092, 20.252150582265308 ] ] ] } },
{ "type": "Feature", "properties": { "ID": 534, "GRIDCODE": 2 }, "geometry": { "type": "Polygon", "coordinates": [ [ [ -155.792883863206924, 20.248729592925731 ], [ -155.792778776268051, 20.249057800220086 ], [ -155.792532428892201, 20.248815840244561 ], [ -155.792883863206924, 20.248729592925731 ] ] ] } },
{ "type": "Feature", "properties": { "ID": 535, "GRIDCODE": 2 }, "geometry": { "type": "Polygon", "coordinates": [ [ [ -155.791449893357537, 20.248703341628527 ], [ -155.791797518909931, 20.248802386387936 ], [ -155.791541414523067, 20.249035147821164 ], [ -155.791449893357537, 20.248703341628527 ] ] ] } },
{ "type": "Feature", "properties": { "ID": 536, "GRIDCODE": 2 }, "geometry": { "type": "Polygon", "coordinates": [ [ [ -155.795757366557723, 20.248511393468839 ], [ -155.79541572302071, 20.248871370834106 ], [ -155.794744745421582, 20.248909867606223 ], [ -155.792883863206924, 20.248729592925731 ], [ -155.792889425025635, 20.248458926706689 ], [ -155.795757366557723, 20.248511393468839 ] ] ] } },
{ "type": "Feature", "properties": { "ID": 537, "GRIDCODE": 2 }, "geometry": { "type": "Polygon", "coordinates": [ [ [ -155.78491498877861, 20.245605129626533 ], [ -155.786170609866844, 20.245773459725413 ], [ -155.787317720550675, 20.246449727462931 ], [ -155.78691853664094, 20.247113640923764 ], [ -155.785308952104145, 20.246582515378297 ], [ -155.78491498877861, 20.245605129626533 ] ] ] } },
{ "type": "Feature", "properties": { "ID": 538, "GRIDCODE": 2 }, "geometry": { "type": "Polygon", "coordinates": [ [ [ -155.789514713211986, 20.245147920445927 ], [ -155.789674166444428, 20.245268773343764 ], [ -155.789896086077249, 20.247311130352738 ], [ -155.790469733032609, 20.246637182952686 ], [ -155.790885890713184, 20.24634614021171 ], [ -155.791353382001489, 20.246420012564343 ], [ -155.792217060010785, 20.246315644382978 ], [ -155.792458558760273, 20.24758413336405 ], [ -155.791302281656471, 20.24800626760484 ], [ -155.790185034081844, 20.248614732169834 ], [ -155.789200503699192, 20.247361186863451 ], [ -155.788458720743819, 20.247450718046291 ], [ -155.787910713617975, 20.247313884033375 ], [ -155.788492889693288, 20.246906636897201 ], [ -155.789232205723891, 20.246037942965085 ], [ -155.789514713211986, 20.245147920445927 ] ] ] } },
{ "type": "Feature", "properties": { "ID": 539, "GRIDCODE": 2 }, "geometry": { "type": "Polygon", "coordinates": [ [ [ -155.795757366557723, 20.248511393468839 ], [ -155.796018017929157, 20.247783841395133 ], [ -155.797117497084997, 20.246483545803848 ], [ -155.797089142168943, 20.245161839159849 ], [ -155.799413667778481, 20.244823404913681 ], [ -155.79910065143045, 20.246056246396137 ], [ -155.79822127595321, 20.247554268303325 ], [ -155.798824345632454, 20.248941343749365 ], [ -155.800143309200593, 20.247649003155249 ], [ -155.80026376667098, 20.248524593054167 ], [ -155.800133640352499, 20.250607723437216 ], [ -155.800448030321832, 20.250893489041321 ], [ -155.800987985157121, 20.251465512544797 ], [ -155.801843697964898, 20.252243335341824 ], [ -155.801102940376438, 20.252336374621919 ], [ -155.800419967142375, 20.251715597530559 ], [ -155.79988001392951, 20.251143572451252 ], [ -155.79929496665946, 20.250611972398833 ], [ -155.798780795463614, 20.250067386897779 ], [ -155.798164429044391, 20.249779009650169 ], [ -155.797386616898734, 20.248142032244413 ], [ -155.796785202090433, 20.248108563558706 ], [ -155.796195832246894, 20.248389182618368 ], [ -155.795757366557723, 20.248511393468839 ] ] ] } },
{ "type": "Feature", "properties": { "ID": 540, "GRIDCODE": 2 }, "geometry": { "type": "Polygon", "coordinates": [ [ [ -155.889700402559356, 20.242351230107996 ], [ -155.889522115226043, 20.24286200720281 ], [ -155.888691893200786, 20.244241271282917 ], [ -155.888618891627459, 20.245120562670916 ], [ -155.888990552324913, 20.246927868955883 ], [ -155.888309827868568, 20.248058959904977 ], [ -155.888279679581586, 20.248418724739665 ], [ -155.888291808017925, 20.248695809288353 ], [ -155.887912755377585, 20.249325453855274 ], [ -155.887985961041608, 20.25102208128737 ], [ -155.887575695642511, 20.2518254359981 ], [ -155.885910219518593, 20.252159977401099 ], [ -155.885633931051302, 20.252441190630112 ], [ -155.885325761473069, 20.252691161538028 ], [ -155.884730218394168, 20.254591414836405 ], [ -155.884194467321549, 20.25502614593745 ], [ -155.883174252087372, 20.25630150347104 ], [ -155.882100063930437, 20.256981697689817 ], [ -155.881123052274063, 20.257383970249371 ], [ -155.879737325434007, 20.258508807608646 ], [ -155.879785141491254, 20.259620566018544 ], [ -155.878595388549286, 20.25989858022319 ], [ -155.877756546299224, 20.259836427312706 ], [ -155.877418048194045, 20.260676198539915 ], [ -155.877431272057891, 20.260981463682104 ], [ -155.876255312634896, 20.261465571054618 ], [ -155.875978990000988, 20.261746764326816 ], [ -155.874810262412097, 20.261981360656492 ], [ -155.87424709471864, 20.262257432080983 ], [ -155.872754637824443, 20.262663276585759 ], [ -155.871060619897406, 20.264385839615635 ], [ -155.869024181831549, 20.265142752071572 ], [ -155.866994887784159, 20.265361903397437 ], [ -155.865626840775292, 20.266323767742133 ], [ -155.862477150572374, 20.265737301349631 ], [ -155.862115552420875, 20.266104865601715 ], [ -155.860472885224596, 20.265742895554535 ], [ -155.859351014194914, 20.266292502641193 ], [ -155.858362298551953, 20.26656114924868 ], [ -155.857799091761564, 20.266837161546466 ], [ -155.854202933049322, 20.267367435994821 ], [ -155.853221925841837, 20.268364307228673 ], [ -155.852592319417198, 20.268097548382183 ], [ -155.851941679954962, 20.267748435104217 ], [ -155.850250675343545, 20.268143364683255 ], [ -155.849446916732262, 20.266898896023431 ], [ -155.847723290695768, 20.265511734285788 ], [ -155.846338779800533, 20.265564548774481 ], [ -155.844726582870607, 20.265444674520833 ], [ -155.843955910448756, 20.265822012995063 ], [ -155.842299105446727, 20.266272219237486 ], [ -155.841405605819375, 20.266556762628273 ], [ -155.840638956661053, 20.266499829697381 ], [ -155.836746846269676, 20.267211350300197 ], [ -155.835397944540716, 20.267262735804508 ], [ -155.835138880125157, 20.266413729113264 ], [ -155.834394412435927, 20.265761409897653 ], [ -155.833242618199677, 20.264496972377092 ], [ -155.831724262233564, 20.264201113035927 ], [ -155.831338055986635, 20.263777120658819 ], [ -155.829920097990993, 20.264773608338764 ], [ -155.829393724559935, 20.262436973508361 ], [ -155.827484835425281, 20.260843863516769 ], [ -155.826915294403136, 20.260865541919042 ], [ -155.825174704106757, 20.259541342737787 ], [ -155.822505888575336, 20.259342620528042 ], [ -155.820926561558053, 20.259402678025925 ], [ -155.820475278762956, 20.259369101586181 ], [ -155.819192311545891, 20.259626232210746 ], [ -155.818125575367475, 20.260148402498171 ], [ -155.81747659325552, 20.259339629925506 ], [ -155.81704456399703, 20.258403774905133 ], [ -155.816013482411933, 20.257934320892783 ], [ -155.816963382008765, 20.257164122857766 ], [ -155.817681349596143, 20.256142730817803 ], [ -155.818425065095198, 20.255836812276147 ], [ -155.818963796638684, 20.254782806435784 ], [ -155.819830830781768, 20.254749761079601 ], [ -155.820428732238298, 20.25527386691552 ], [ -155.820026812943667, 20.256118291285478 ], [ -155.818086071498072, 20.258389908798449 ], [ -155.818434495004226, 20.258589401513621 ], [ -155.820992475141509, 20.2584919971255 ], [ -155.822826148239187, 20.259150638276548 ], [ -155.825253554217625, 20.258668440638246 ], [ -155.826427688444198, 20.256997641060121 ], [ -155.826762584191442, 20.259763546716744 ], [ -155.828684413260248, 20.259272140916298 ], [ -155.830294232306272, 20.258759729746885 ], [ -155.831836559954041, 20.260107532023447 ], [ -155.832836191289886, 20.261204879736074 ], [ -155.833657082890227, 20.261265997475348 ], [ -155.834312999700245, 20.261240966421639 ], [ -155.834744579668467, 20.263157288974874 ], [ -155.835209981802961, 20.262910260689601 ], [ -155.835726418235112, 20.262385179410593 ], [ -155.836373782690629, 20.262118958509276 ], [ -155.836946336260326, 20.261838558984344 ], [ -155.837809697341044, 20.26243126883729 ], [ -155.838655469180708, 20.262399072595176 ], [ -155.839095432193517, 20.263351560125912 ], [ -155.840069997693064, 20.263795013337447 ], [ -155.840771596764483, 20.264171396295112 ], [ -155.841487927620818, 20.263820592547493 ], [ -155.842083015963624, 20.263575883850375 ], [ -155.842646230434582, 20.263299924222206 ], [ -155.843528150069119, 20.263060381077018 ], [ -155.844776511662701, 20.262270542116941 ], [ -155.846538769632275, 20.262728017499033 ], [ -155.847840241635879, 20.263621429536887 ], [ -155.850132012484664, 20.263086201274497 ], [ -155.851548936484647, 20.263730982292511 ], [ -155.852932706745491, 20.264783442359054 ], [ -155.852972609344619, 20.264305799551735 ], [ -155.852960570992508, 20.264027531565624 ], [ -155.853557344643889, 20.263782018723127 ], [ -155.853534327536465, 20.263242293139115 ], [ -155.85415548635396, 20.26321854680927 ], [ -155.855136939964495, 20.264295759867178 ], [ -155.856122111273237, 20.263813139798014 ], [ -155.856717183986206, 20.263568378240926 ], [ -155.857280379493602, 20.263292368033458 ], [ -155.858851465183875, 20.262977053755446 ], [ -155.85936439395735, 20.262455664759958 ], [ -155.861738562982794, 20.263101532044711 ], [ -155.86232093095802, 20.262777456256202 ], [ -155.863499238078873, 20.261579515348291 ], [ -155.865934540444528, 20.261010412301726 ], [ -155.867956758722556, 20.260750020583302 ], [ -155.86982808203669, 20.259979718477695 ], [ -155.870882947615598, 20.258478054406794 ], [ -155.872304680744293, 20.258145662514885 ], [ -155.873473379999098, 20.257911079558596 ], [ -155.874621043859463, 20.25710386995053 ], [ -155.875456229983882, 20.256760058851143 ], [ -155.876964155400486, 20.255536287949354 ], [ -155.877416850790041, 20.254240147973341 ], [ -155.878417114229734, 20.253921475103294 ], [ -155.879289781441599, 20.253986074859878 ], [ -155.879859824137355, 20.253406264869689 ], [ -155.881393934744295, 20.252523379353342 ], [ -155.881910598947087, 20.252104183358213 ], [ -155.882496063703059, 20.251270511048407 ], [ -155.883580517733805, 20.251350887865858 ], [ -155.885205492481418, 20.248650894827655 ], [ -155.885145535340172, 20.24726059413041 ], [ -155.886750384456803, 20.244666657454982 ], [ -155.887516832084344, 20.24435104180397 ], [ -155.888069646565441, 20.243788740884099 ], [ -155.888685660509566, 20.243288645384716 ], [ -155.889238466985631, 20.242726339669201 ], [ -155.889700402559356, 20.242351230107996 ] ] ] } },
{ "type": "Feature", "properties": { "ID": 541, "GRIDCODE": 2 }, "geometry": { "type": "Polygon", "coordinates": [ [ [ -155.779886833032208, 20.239014439386956 ], [ -155.780268509977475, 20.239213286664015 ], [ -155.779991105288673, 20.239908506267373 ], [ -155.779886833032208, 20.239014439386956 ] ] ] } },
{ "type": "Feature", "properties": { "ID": 542, "GRIDCODE": 2 }, "geometry": { "type": "Polygon", "coordinates": [ [ [ -155.733142086656528, 20.210803135981962 ], [ -155.733575029114775, 20.21094141719518 ], [ -155.733829960665645, 20.211931753527285 ], [ -155.732365395357078, 20.213858482160997 ], [ -155.732003986067355, 20.215175522323218 ], [ -155.732047250575647, 20.217233044400508 ], [ -155.734102271387371, 20.216595873055667 ], [ -155.735100547569289, 20.215618019605909 ], [ -155.735690723762502, 20.215323209084808 ], [ -155.736030998228074, 20.2164125676392 ], [ -155.736596165639213, 20.216926784200989 ], [ -155.736861879591231, 20.217831121566988 ], [ -155.736154097988589, 20.219035833606146 ], [ -155.737731679488547, 20.219412216728511 ], [ -155.738546658835219, 20.218613907584082 ], [ -155.739062022814977, 20.218642789775576 ], [ -155.738516389427588, 20.220024377558811 ], [ -155.738532995291195, 20.220812632912629 ], [ -155.739387125309662, 20.220796517232252 ], [ -155.740166897640449, 20.220840226949385 ], [ -155.741433901089266, 20.221698384117094 ], [ -155.743341136535207, 20.221662411888914 ], [ -155.743642776658618, 20.223708219337382 ], [ -155.745111735778721, 20.224152199513863 ], [ -155.745925566327855, 20.223355023215806 ], [ -155.746712072551901, 20.223022305948717 ], [ -155.747111944143057, 20.222261997992 ], [ -155.748475944152318, 20.222338319026356 ], [ -155.748787069019812, 20.223689158075583 ], [ -155.749068586999215, 20.22449740032091 ], [ -155.749025863552788, 20.225177605764813 ], [ -155.749043207197388, 20.226000121408116 ], [ -155.749895672321344, 20.225594312978437 ], [ -155.7506791160761, 20.225638179162576 ], [ -155.750996546838877, 20.227791498024935 ], [ -155.75143506457843, 20.228190293381566 ], [ -155.751846476438374, 20.228626397053734 ], [ -155.752728476186434, 20.22727174312277 ], [ -155.753411906603645, 20.226372695120972 ], [ -155.75420764467583, 20.225703647317964 ], [ -155.754195877264834, 20.225150802901315 ], [ -155.75665258943809, 20.227242955181882 ], [ -155.755531646263563, 20.227897140298111 ], [ -155.75445704148575, 20.228949854298943 ], [ -155.75400856736735, 20.231308328054663 ], [ -155.75470339134182, 20.231911230387453 ], [ -155.756132221173914, 20.231231020879264 ], [ -155.757267632624973, 20.231999787917768 ], [ -155.759951869607477, 20.2319490631021 ], [ -155.762028388198189, 20.232065159717624 ], [ -155.762358366278079, 20.233215381631187 ], [ -155.761750464710076, 20.234755351815089 ], [ -155.762050627030675, 20.235316830321533 ], [ -155.76263496239244, 20.235305807026869 ], [ -155.763197851593958, 20.234234340987999 ], [ -155.763668964249064, 20.233441062902173 ], [ -155.76438353066996, 20.234946089063737 ], [ -155.76578462903916, 20.234279169095238 ], [ -155.767217052782996, 20.235143656711767 ], [ -155.767170660063414, 20.235882640165556 ], [ -155.765714132986602, 20.236181801573267 ], [ -155.767178872073856, 20.236473895882508 ], [ -155.768016548033302, 20.237041179661311 ], [ -155.768595894265985, 20.237312310606839 ], [ -155.769247253356866, 20.238002678758633 ], [ -155.770309262142831, 20.237341504907345 ], [ -155.77115978420855, 20.237640628052187 ], [ -155.772025907973898, 20.237917030352396 ], [ -155.772299669729875, 20.239771410649222 ], [ -155.773701783202625, 20.240113996115387 ], [ -155.774298789877889, 20.240426420470538 ], [ -155.775536457543012, 20.24040291926082 ], [ -155.776310222106048, 20.239319020218936 ], [ -155.776296286996484, 20.238677680576274 ], [ -155.776333474882733, 20.238084083167323 ], [ -155.777402884275858, 20.237755505723769 ], [ -155.77770664993858, 20.240209081377188 ], [ -155.778438713098041, 20.240195170011919 ], [ -155.778930931969313, 20.242328295757194 ], [ -155.781572950942717, 20.242718724674845 ], [ -155.782220877058649, 20.244082600087793 ], [ -155.783368893422818, 20.244060705803005 ], [ -155.784285107312371, 20.244111893829675 ], [ -155.78491498877861, 20.245605129626533 ], [ -155.783677308786622, 20.245368503052237 ], [ -155.782234567624954, 20.244573746929404 ], [ -155.781430093811281, 20.244619923340636 ], [ -155.781026143382235, 20.24325867577252 ], [ -155.779364873090117, 20.242940997041661 ], [ -155.778264291759626, 20.242334684767133 ], [ -155.777522379352035, 20.242377367011159 ], [ -155.776520227927648, 20.242282786259526 ], [ -155.774897286936522, 20.242375752985524 ], [ -155.773770692523811, 20.241755054236833 ], [ -155.773210526783174, 20.242086370747536 ], [ -155.772769378079488, 20.242799580941394 ], [ -155.772481087186776, 20.243897424016872 ], [ -155.771245097917557, 20.245328558648904 ], [ -155.771324613609778, 20.246563664224286 ], [ -155.769472628188623, 20.245199646095386 ], [ -155.768842936297773, 20.244083831092286 ], [ -155.769603628797114, 20.243282787519185 ], [ -155.770186832929767, 20.242826971311516 ], [ -155.769845851690235, 20.241988565686583 ], [ -155.768776491243273, 20.241663056294826 ], [ -155.767922776319978, 20.241192650648863 ], [ -155.766361424916141, 20.241045129679435 ], [ -155.764870331889426, 20.241130652896175 ], [ -155.764794675416255, 20.239954982924676 ], [ -155.764842022515666, 20.239508728489419 ], [ -155.763908739366286, 20.238444941443259 ], [ -155.763061708758073, 20.237978076501342 ], [ -155.761669939851799, 20.238057873781173 ], [ -155.760927439956816, 20.23640120855358 ], [ -155.758987294662404, 20.236217807702353 ], [ -155.757820243933708, 20.23790236724318 ], [ -155.75683530096785, 20.237359548713261 ], [ -155.756270967040962, 20.237391942706129 ], [ -155.754580130244108, 20.236090797528195 ], [ -155.753515029489733, 20.235618267473757 ], [ -155.752919055991669, 20.232685585277672 ], [ -155.752459309065927, 20.232296578597321 ], [ -155.75236194788522, 20.230781268596331 ], [ -155.752946848914661, 20.230324219349981 ], [ -155.752492440763717, 20.229206983344472 ], [ -155.75182619068994, 20.229144008571495 ], [ -155.749954278495721, 20.230345327779702 ], [ -155.74830355647029, 20.229612971989432 ], [ -155.748578547291999, 20.227019811935151 ], [ -155.747557983685482, 20.226457122174192 ], [ -155.746149325994935, 20.22716500350958 ], [ -155.745549342912739, 20.227404534067002 ], [ -155.745028364289993, 20.228450401177902 ], [ -155.744160602525426, 20.228500131271023 ], [ -155.743660153591634, 20.228076504870735 ], [ -155.74327105296743, 20.227632998931217 ], [ -155.742119317587253, 20.226819428023465 ], [ -155.741859921928381, 20.226523755830389 ], [ -155.741351223042159, 20.226093360675609 ], [ -155.739874579979698, 20.224339176953446 ], [ -155.739961346339555, 20.223523492704025 ], [ -155.739026763891019, 20.22205145909815 ], [ -155.737666199034464, 20.22130140868056 ], [ -155.737012856953839, 20.221011492799743 ], [ -155.736516817694849, 20.220445811832239 ], [ -155.735685283371168, 20.22049340243111 ], [ -155.734827191258006, 20.219894803326323 ], [ -155.734237696479596, 20.21963316880916 ], [ -155.733688834264029, 20.219330644388855 ], [ -155.732901336704941, 20.219375737115261 ], [ -155.733696252956179, 20.218090828640388 ], [ -155.732959264562169, 20.21827938002372 ], [ -155.731714212351335, 20.219590536451221 ], [ -155.731372312821094, 20.219558122021521 ], [ -155.730928652045804, 20.220025132220631 ], [ -155.730374415787935, 20.219042435339972 ], [ -155.73025261210546, 20.217138660689706 ], [ -155.730593835995819, 20.216586982180615 ], [ -155.730905976310083, 20.215135369582242 ], [ -155.73150491178933, 20.214167151824544 ], [ -155.732006620926029, 20.213159838488746 ], [ -155.732983718385185, 20.212028639843407 ], [ -155.733142086656528, 20.210803135981962 ] ], [ [ -155.733843908438701, 20.218397385518887 ], [ -155.733935294496803, 20.218729203646099 ], [ -155.734191415272051, 20.218496530769237 ], [ -155.733843908438701, 20.218397385518887 ] ] ] } },
{ "type": "Feature", "properties": { "ID": 543, "GRIDCODE": 2 }, "geometry": { "type": "Polygon", "coordinates": [ [ [ -155.732608252936785, 20.208897902154636 ], [ -155.733005682339893, 20.20923422762338 ], [ -155.733142086656528, 20.210803135981962 ], [ -155.732878490493277, 20.21060322594759 ], [ -155.732608252936785, 20.208897902154636 ] ] ] } },
{ "type": "Feature", "properties": { "ID": 544, "GRIDCODE": 2 }, "geometry": { "type": "Polygon", "coordinates": [ [ [ -155.724188534153768, 20.200076794216848 ], [ -155.724535992913445, 20.200175952323061 ], [ -155.724279894212714, 20.200408613649241 ], [ -155.724188534153768, 20.200076794216848 ] ] ] } },
{ "type": "Feature", "properties": { "ID": 545, "GRIDCODE": 2 }, "geometry": { "type": "Polygon", "coordinates": [ [ [ -155.72390751523028, 20.19980079573023 ], [ -155.724194200137333, 20.199806144976826 ], [ -155.724188534153768, 20.200076794216848 ], [ -155.72390184875303, 20.200071444892497 ], [ -155.72390751523028, 20.19980079573023 ] ] ] } },
{ "type": "Feature", "properties": { "ID": 546, "GRIDCODE": 2 }, "geometry": { "type": "Polygon", "coordinates": [ [ [ -155.72390751523028, 20.19980079573023 ], [ -155.723560057860396, 20.199701636544908 ], [ -155.723816156147848, 20.199468976243022 ], [ -155.72390751523028, 20.19980079573023 ] ] ] } },
{ "type": "Feature", "properties": { "ID": 547, "GRIDCODE": 2 }, "geometry": { "type": "Polygon", "coordinates": [ [ [ -155.72277778132738, 20.198967447468529 ], [ -155.723125236399142, 20.19906660791731 ], [ -155.722869137991864, 20.199299267167365 ], [ -155.72277778132738, 20.198967447468529 ] ] ] } },
{ "type": "Feature", "properties": { "ID": 548, "GRIDCODE": 2 }, "geometry": { "type": "Polygon", "coordinates": [ [ [ -155.72277778132738, 20.198967447468529 ], [ -155.722430326793813, 20.198868286390962 ], [ -155.722686424949075, 20.198635627765285 ], [ -155.72277778132738, 20.198967447468529 ] ] ] } },
{ "type": "Feature", "properties": { "ID": 549, "GRIDCODE": 2 }, "geometry": { "type": "Polygon", "coordinates": [ [ [ -155.732608252936785, 20.208897902154636 ], [ -155.732257013768162, 20.208589670281178 ], [ -155.731322747289738, 20.20597020979681 ], [ -155.731408773024981, 20.204949600825159 ], [ -155.731385645864123, 20.204407657478505 ], [ -155.731434067377961, 20.203832805208339 ], [ -155.730852356214228, 20.203322369369012 ], [ -155.729525962166719, 20.201523206516015 ], [ -155.728333955600505, 20.201094069630088 ], [ -155.727175470246976, 20.200816792642335 ], [ -155.727198924067523, 20.200539070827194 ], [ -155.727178507696948, 20.200055613646704 ], [ -155.729250779364691, 20.199640900063315 ], [ -155.729818858585702, 20.198698679502751 ], [ -155.729797839306713, 20.198203444133139 ], [ -155.730481353605541, 20.197231773099755 ], [ -155.732286593579886, 20.198363476069574 ], [ -155.734909456463214, 20.201318150475494 ], [ -155.733337887170762, 20.202956687188976 ], [ -155.732588295690704, 20.203564498839196 ], [ -155.732560812566874, 20.203888022668437 ], [ -155.73257267131271, 20.204165081455354 ], [ -155.73181947956931, 20.205414017334686 ], [ -155.732206672375668, 20.207138176437763 ], [ -155.732492970441001, 20.207940440238872 ], [ -155.732608252936785, 20.208897902154636 ] ] ] } },
{ "type": "Feature", "properties": { "ID": 550, "GRIDCODE": 2 }, "geometry": { "type": "Polygon", "coordinates": [ [ [ -155.717393267803686, 20.195888570126943 ], [ -155.718050266374661, 20.196010580127705 ], [ -155.717541717614665, 20.196235075412783 ], [ -155.717393267803686, 20.195888570126943 ] ] ] } },
{ "type": "Feature", "properties": { "ID": 551, "GRIDCODE": 2 }, "geometry": { "type": "Polygon", "coordinates": [ [ [ -155.713425279571624, 20.193648325159341 ], [ -155.714082263582469, 20.193770348323678 ], [ -155.713573718703486, 20.193994832364449 ], [ -155.713425279571624, 20.193648325159341 ] ] ] } },
{ "type": "Feature", "properties": { "ID": 552, "GRIDCODE": 2 }, "geometry": { "type": "Polygon", "coordinates": [ [ [ -155.71285193859606, 20.193637594197124 ], [ -155.713199372981535, 20.193736771858038 ], [ -155.712943272016105, 20.193969415885366 ], [ -155.71285193859606, 20.193637594197124 ] ] ] } },
{ "type": "Feature", "properties": { "ID": 553, "GRIDCODE": 2 }, "geometry": { "type": "Polygon", "coordinates": [ [ [ -155.71486431377707, 20.193404497510986 ], [ -155.714759125062727, 20.193732642348444 ], [ -155.714512989688103, 20.193490599872174 ], [ -155.71486431377707, 20.193404497510986 ] ] ] } },
{ "type": "Feature", "properties": { "ID": 554, "GRIDCODE": 2 }, "geometry": { "type": "Polygon", "coordinates": [ [ [ -155.71486431377707, 20.193404497510986 ], [ -155.714993556158902, 20.192784235681678 ], [ -155.715231337609112, 20.193264220114784 ], [ -155.71486431377707, 20.193404497510986 ] ] ] } },
{ "type": "Feature", "properties": { "ID": 555, "GRIDCODE": 2 }, "geometry": { "type": "Polygon", "coordinates": [ [ [ -155.71285193859606, 20.193637594197124 ], [ -155.711386587391843, 20.193374308630652 ], [ -155.711143290922536, 20.193064098348234 ], [ -155.711577533555101, 20.192870355553772 ], [ -155.712757258850701, 20.193451794702632 ], [ -155.71285193859606, 20.193637594197124 ] ] ] } },
{ "type": "Feature", "properties": { "ID": 556, "GRIDCODE": 2 }, "geometry": { "type": "Polygon", "coordinates": [ [ [ -155.710862308985952, 20.192788083702826 ], [ -155.71114897729845, 20.192793452445436 ], [ -155.711143290922536, 20.193064098348234 ], [ -155.71085662211658, 20.193058729527561 ], [ -155.710862308985952, 20.192788083702826 ] ] ] } },
{ "type": "Feature", "properties": { "ID": 557, "GRIDCODE": 2 }, "geometry": { "type": "Polygon", "coordinates": [ [ [ -155.710294660402639, 20.192506699140949 ], [ -155.710867995762669, 20.19251743786824 ], [ -155.710862308985952, 20.192788083702826 ], [ -155.710288972639006, 20.192777344819401 ], [ -155.710294660402639, 20.192506699140949 ] ] ] } },
{ "type": "Feature", "properties": { "ID": 558, "GRIDCODE": 2 }, "geometry": { "type": "Polygon", "coordinates": [ [ [ -155.709727014071206, 20.192225313017278 ], [ -155.710300348073531, 20.192236053452636 ], [ -155.710294660402639, 20.192506699140949 ], [ -155.709721325413426, 20.192495958549426 ], [ -155.709727014071206, 20.192225313017278 ] ] ] } },
{ "type": "Feature", "properties": { "ID": 559, "GRIDCODE": 2 }, "geometry": { "type": "Polygon", "coordinates": [ [ [ -155.709727014071206, 20.192225313017278 ], [ -155.709379586173071, 20.192126129232403 ], [ -155.709635688185188, 20.191893490688027 ], [ -155.709727014071206, 20.192225313017278 ] ] ] } },
{ "type": "Feature", "properties": { "ID": 560, "GRIDCODE": 2 }, "geometry": { "type": "Polygon", "coordinates": [ [ [ -155.708316444260589, 20.191115873107925 ], [ -155.708663869009285, 20.191215058603543 ], [ -155.708407767040853, 20.191447695696613 ], [ -155.708316444260589, 20.191115873107925 ] ] ] } },
{ "type": "Feature", "properties": { "ID": 561, "GRIDCODE": 2 }, "geometry": { "type": "Polygon", "coordinates": [ [ [ -155.720362103690775, 20.191070467065291 ], [ -155.72078422942235, 20.191427765057142 ], [ -155.721036746074077, 20.192582260725644 ], [ -155.721627782632481, 20.192844615304708 ], [ -155.721511967477085, 20.193934857948772 ], [ -155.721605653479315, 20.195398787174572 ], [ -155.721224058669804, 20.197183691913445 ], [ -155.721675023787526, 20.19798335521919 ], [ -155.719850724378915, 20.196977186834754 ], [ -155.718367837073941, 20.196318998132536 ], [ -155.719247942558468, 20.194896402237248 ], [ -155.719896155524481, 20.192270112183099 ], [ -155.720215021821133, 20.191754653788713 ], [ -155.720362103690775, 20.191070467065291 ] ] ] } },
{ "type": "Feature", "properties": { "ID": 562, "GRIDCODE": 2 }, "geometry": { "type": "Polygon", "coordinates": [ [ [ -155.708316444260589, 20.191115873107925 ], [ -155.707969020050456, 20.191016686984124 ], [ -155.708225121765736, 20.190784050515116 ], [ -155.708316444260589, 20.191115873107925 ] ] ] } },
{ "type": "Feature", "properties": { "ID": 563, "GRIDCODE": 2 }, "geometry": { "type": "Polygon", "coordinates": [ [ [ -155.707467835454878, 20.190558462983464 ], [ -155.707815258218602, 20.190657649919036 ], [ -155.70755915622297, 20.190890285736074 ], [ -155.707467835454878, 20.190558462983464 ] ] ] } },
{ "type": "Feature", "properties": { "ID": 564, "GRIDCODE": 2 }, "geometry": { "type": "Polygon", "coordinates": [ [ [ -155.707467835454878, 20.190558462983464 ], [ -155.706206501493085, 20.19005108261107 ], [ -155.707351885293576, 20.190132711005113 ], [ -155.707467835454878, 20.190558462983464 ] ] ] } },
{ "type": "Feature", "properties": { "ID": 565, "GRIDCODE": 2 }, "geometry": { "type": "Polygon", "coordinates": [ [ [ -155.705764942359082, 20.189714277384404 ], [ -155.706112361722433, 20.189813467291419 ], [ -155.705856259159134, 20.190046100479314 ], [ -155.705764942359082, 20.189714277384404 ] ] ] } },
{ "type": "Feature", "properties": { "ID": 566, "GRIDCODE": 2 }, "geometry": { "type": "Polygon", "coordinates": [ [ [ -155.716320377471931, 20.192348715471066 ], [ -155.716671698462875, 20.192262608984301 ], [ -155.716425561669467, 20.192020569070078 ], [ -155.716320377471931, 20.192348715471066 ], [ -155.715823089766161, 20.192197165494949 ], [ -155.716192163466218, 20.191117880060762 ], [ -155.716516714345033, 20.19033178227221 ], [ -155.717068666690295, 20.188717577835476 ], [ -155.717707437838754, 20.188986255742197 ], [ -155.717359686084023, 20.191159800569725 ], [ -155.717016858637265, 20.192764032993015 ], [ -155.717034762110842, 20.193045433198638 ], [ -155.716687199806245, 20.19388689122632 ], [ -155.716727922245042, 20.194522363372354 ], [ -155.716684314912357, 20.194932305449228 ], [ -155.717022340509118, 20.196548472000394 ], [ -155.716312771156083, 20.196262335372037 ], [ -155.716128424360704, 20.193382000932019 ], [ -155.716320377471931, 20.192348715471066 ] ] ] } },
{ "type": "Feature", "properties": { "ID": 567, "GRIDCODE": 2 }, "geometry": { "type": "Polygon", "coordinates": [ [ [ -155.700375432838769, 20.186905608739639 ], [ -155.700722841148632, 20.187004808007512 ], [ -155.700466737047464, 20.18723743290861 ], [ -155.700375432838769, 20.186905608739639 ] ] ] } },
{ "type": "Feature", "properties": { "ID": 568, "GRIDCODE": 2 }, "geometry": { "type": "Polygon", "coordinates": [ [ [ -155.700375432838769, 20.186905608739639 ], [ -155.70005679528316, 20.186663774284312 ], [ -155.699364367878587, 20.185780874714808 ], [ -155.696983220306038, 20.185352733300178 ], [ -155.698699111739899, 20.185110536113445 ], [ -155.699167617011227, 20.184047973339208 ], [ -155.69910656695663, 20.183596281225828 ], [ -155.699479564370591, 20.183158560751536 ], [ -155.70071011356174, 20.183661171991808 ], [ -155.700132587205815, 20.185818045978188 ], [ -155.700375432838769, 20.186905608739639 ] ] ] } },
{ "type": "Feature", "properties": { "ID": 569, "GRIDCODE": 2 }, "geometry": { "type": "Polygon", "coordinates": [ [ [ -155.621903054366328, 20.142367314396026 ], [ -155.622250293914277, 20.142466648413894 ], [ -155.62199417468878, 20.142699153586264 ], [ -155.621903054366328, 20.142367314396026 ] ] ] } },
{ "type": "Feature", "properties": { "ID": 570, "GRIDCODE": 2 }, "geometry": { "type": "Polygon", "coordinates": [ [ [ -155.62021289198708, 20.140981189298603 ], [ -155.620869533461871, 20.141103520581769 ], [ -155.620361080711632, 20.141327740886094 ], [ -155.62021289198708, 20.140981189298603 ] ] ] } },
{ "type": "Feature", "properties": { "ID": 571, "GRIDCODE": 2 }, "geometry": { "type": "Polygon", "coordinates": [ [ [ -155.62021289198708, 20.140981189298603 ], [ -155.619556251916407, 20.140858855705901 ], [ -155.620064703815245, 20.140634637668679 ], [ -155.62021289198708, 20.140981189298603 ] ] ] } },
{ "type": "Feature", "properties": { "ID": 572, "GRIDCODE": 2 }, "geometry": { "type": "Polygon", "coordinates": [ [ [ -155.618791816634058, 20.140412423360669 ], [ -155.619139049088034, 20.140511762645286 ], [ -155.618882929634367, 20.140744263119785 ], [ -155.618791816634058, 20.140412423360669 ] ] ] } },
{ "type": "Feature", "properties": { "ID": 573, "GRIDCODE": 2 }, "geometry": { "type": "Polygon", "coordinates": [ [ [ -155.6185111008501, 20.140136295835521 ], [ -155.61879764593931, 20.140141801396595 ], [ -155.618791816634058, 20.140412423360669 ], [ -155.618505271053124, 20.140406917719375 ], [ -155.6185111008501, 20.140136295835521 ] ] ] } },
{ "type": "Feature", "properties": { "ID": 574, "GRIDCODE": 2 }, "geometry": { "type": "Polygon", "coordinates": [ [ [ -155.618230386049589, 20.1398601679963 ], [ -155.618516930551891, 20.139865673941738 ], [ -155.6185111008501, 20.140136295835521 ], [ -155.618224555856074, 20.140130789809856 ], [ -155.618230386049589, 20.1398601679963 ] ] ] } },
{ "type": "Feature", "properties": { "ID": 575, "GRIDCODE": 2 }, "geometry": { "type": "Polygon", "coordinates": [ [ [ -155.617663128412147, 20.139578533048685 ], [ -155.61823621614792, 20.139589546172825 ], [ -155.618230386049589, 20.1398601679963 ], [ -155.617657297330396, 20.139849154711694 ], [ -155.617663128412147, 20.139578533048685 ] ] ] } },
{ "type": "Feature", "properties": { "ID": 576, "GRIDCODE": 2 }, "geometry": { "type": "Polygon", "coordinates": [ [ [ -155.61682099462169, 20.138750145551882 ], [ -155.617385963376222, 20.139033853799724 ], [ -155.617663128412147, 20.139578533048685 ], [ -155.616803497522369, 20.139562009878205 ], [ -155.61682099462169, 20.138750145551882 ] ] ] } },
{ "type": "Feature", "properties": { "ID": 577, "GRIDCODE": 2 }, "geometry": { "type": "Polygon", "coordinates": [ [ [ -155.616540285324874, 20.138474015758344 ], [ -155.616826826797706, 20.13847952408992 ], [ -155.61682099462169, 20.138750145551882 ], [ -155.616534452657191, 20.138744637140039 ], [ -155.616540285324874, 20.138474015758344 ] ] ] } },
{ "type": "Feature", "properties": { "ID": 578, "GRIDCODE": 2 }, "geometry": { "type": "Polygon", "coordinates": [ [ [ -155.616259577011419, 20.138197885650886 ], [ -155.616546117897371, 20.138203394366727 ], [ -155.616540285324874, 20.138474015758344 ], [ -155.616253743947254, 20.13846850696223 ], [ -155.616259577011419, 20.138197885650886 ] ] ] } },
{ "type": "Feature", "properties": { "ID": 579, "GRIDCODE": 2 }, "geometry": { "type": "Polygon", "coordinates": [ [ [ -155.615698163334372, 20.13764562449424 ], [ -155.616271242854026, 20.137656642998412 ], [ -155.616259577011419, 20.138197885650886 ], [ -155.615882934519675, 20.138008745041969 ], [ -155.615698163334372, 20.13764562449424 ] ] ] } },
{ "type": "Feature", "properties": { "ID": 580, "GRIDCODE": 2 }, "geometry": { "type": "Polygon", "coordinates": [ [ [ -155.615698163334372, 20.13764562449424 ], [ -155.615026462706197, 20.137495622318447 ], [ -155.615353021385744, 20.13702124511169 ], [ -155.615698163334372, 20.13764562449424 ] ] ] } },
{ "type": "Feature", "properties": { "ID": 581, "GRIDCODE": 2 }, "geometry": { "type": "Polygon", "coordinates": [ [ [ -155.600716731747355, 20.127881359145711 ], [ -155.601151860172592, 20.128017457247822 ], [ -155.601685541584516, 20.128605440275503 ], [ -155.604806399460188, 20.131336739337428 ], [ -155.605202574425618, 20.131773345530018 ], [ -155.60616432583106, 20.13261888876966 ], [ -155.606468054587395, 20.133279232046775 ], [ -155.606913914457607, 20.133671054483358 ], [ -155.60781429902525, 20.134662935860849 ], [ -155.6081729006751, 20.134649620538109 ], [ -155.608725221235005, 20.134947121800632 ], [ -155.609309003176293, 20.135213765594649 ], [ -155.610135001855639, 20.135658642573691 ], [ -155.611025092029109, 20.136065488762757 ], [ -155.609925594374886, 20.136696558162186 ], [ -155.607718264204749, 20.136529503869237 ], [ -155.606592293954407, 20.135289243596795 ], [ -155.606146431068083, 20.134897419856895 ], [ -155.60588230977794, 20.134606261530326 ], [ -155.604487869422911, 20.133730558011791 ], [ -155.60422164650933, 20.131866923133256 ], [ -155.603484444374089, 20.130825695669241 ], [ -155.600928113669994, 20.12857786459459 ], [ -155.600716731747355, 20.127881359145711 ] ] ] } },
{ "type": "Feature", "properties": { "ID": 582, "GRIDCODE": 2 }, "geometry": { "type": "Polygon", "coordinates": [ [ [ -155.558886213965565, 20.127068810700116 ], [ -155.560681139895706, 20.127228005558713 ], [ -155.559281321695977, 20.127457762712929 ], [ -155.558481965448635, 20.127927534810482 ], [ -155.558886213965565, 20.127068810700116 ] ] ] } },
{ "type": "Feature", "properties": { "ID": 583, "GRIDCODE": 2 }, "geometry": { "type": "Polygon", "coordinates": [ [ [ -155.600436071350799, 20.127605210217791 ], [ -155.600722588216883, 20.127610741881991 ], [ -155.600716731747355, 20.127881359145711 ], [ -155.600430214389945, 20.127875827400874 ], [ -155.600436071350799, 20.127605210217791 ] ] ] } },
{ "type": "Feature", "properties": { "ID": 584, "GRIDCODE": 2 }, "geometry": { "type": "Polygon", "coordinates": [ [ [ -155.562324261227076, 20.127135968707865 ], [ -155.562491438753199, 20.126787346799887 ], [ -155.562977702601643, 20.127040330672056 ], [ -155.562324261227076, 20.127135968707865 ] ] ] } },
{ "type": "Feature", "properties": { "ID": 585, "GRIDCODE": 2 }, "geometry": { "type": "Polygon", "coordinates": [ [ [ -155.562324261227076, 20.127135968707865 ], [ -155.562037250226297, 20.127511596372408 ], [ -155.560779636756621, 20.126884257048054 ], [ -155.561637805939114, 20.126962352655017 ], [ -155.562324261227076, 20.127135968707865 ] ] ] } },
{ "type": "Feature", "properties": { "ID": 586, "GRIDCODE": 2 }, "geometry": { "type": "Polygon", "coordinates": [ [ [ -155.565487650476484, 20.126656256900141 ], [ -155.565289571843977, 20.126946248858467 ], [ -155.564599396673714, 20.127134504281045 ], [ -155.563418107018748, 20.12672836953903 ], [ -155.565487650476484, 20.126656256900141 ] ] ] } },
{ "type": "Feature", "properties": { "ID": 587, "GRIDCODE": 2 }, "geometry": { "type": "Polygon", "coordinates": [ [ [ -155.599599954108783, 20.126506144575913 ], [ -155.600277444024357, 20.126967491267049 ], [ -155.600436071350799, 20.127605210217791 ], [ -155.599758578416868, 20.127143863701207 ], [ -155.599599954108783, 20.126506144575913 ] ] ] } },
{ "type": "Feature", "properties": { "ID": 588, "GRIDCODE": 2 }, "geometry": { "type": "Polygon", "coordinates": [ [ [ -155.599319298038182, 20.12622999446728 ], [ -155.599605812065249, 20.126235527585109 ], [ -155.599599954108783, 20.126506144575913 ], [ -155.599313439590446, 20.126500611377416 ], [ -155.599319298038182, 20.12622999446728 ] ] ] } },
{ "type": "Feature", "properties": { "ID": 589, "GRIDCODE": 2 }, "geometry": { "type": "Polygon", "coordinates": [ [ [ -155.567516837514404, 20.12561293305961 ], [ -155.567863989789117, 20.12571236438535 ], [ -155.567607834113545, 20.125944782939385 ], [ -155.567516837514404, 20.12561293305961 ] ] ] } },
{ "type": "Feature", "properties": { "ID": 590, "GRIDCODE": 2 }, "geometry": { "type": "Polygon", "coordinates": [ [ [ -155.565487650476484, 20.126656256900141 ], [ -155.565596206765491, 20.126210386339718 ], [ -155.566262271595662, 20.126036461305205 ], [ -155.567013301567641, 20.125509659179222 ], [ -155.567306298421357, 20.125986625094413 ], [ -155.565963936325915, 20.126572088964988 ], [ -155.565487650476484, 20.126656256900141 ] ] ] } },
{ "type": "Feature", "properties": { "ID": 591, "GRIDCODE": 2 }, "geometry": { "type": "Polygon", "coordinates": [ [ [ -155.599044501697705, 20.125683227196504 ], [ -155.599331014646623, 20.125688760617194 ], [ -155.599319298038182, 20.12622999446728 ], [ -155.599032784106726, 20.126224460885251 ], [ -155.599044501697705, 20.125683227196504 ] ] ] } },
{ "type": "Feature", "properties": { "ID": 592, "GRIDCODE": 2 }, "geometry": { "type": "Polygon", "coordinates": [ [ [ -155.569534181837696, 20.125110798796072 ], [ -155.569881334981545, 20.125210226165688 ], [ -155.569625182759125, 20.125442648225377 ], [ -155.569534181837696, 20.125110798796072 ] ] ] } },
{ "type": "Feature", "properties": { "ID": 593, "GRIDCODE": 2 }, "geometry": { "type": "Polygon", "coordinates": [ [ [ -155.570686101908109, 20.124862512086082 ], [ -155.570580693728829, 20.125190536167644 ], [ -155.570334904402813, 20.124948337054089 ], [ -155.570686101908109, 20.124862512086082 ] ] ] } },
{ "type": "Feature", "properties": { "ID": 594, "GRIDCODE": 2 }, "geometry": { "type": "Polygon", "coordinates": [ [ [ -155.598769707035189, 20.125136459744503 ], [ -155.599056218905986, 20.125141993468027 ], [ -155.599044501697705, 20.125683227196504 ], [ -155.598757988844426, 20.12567769331163 ], [ -155.598769707035189, 20.125136459744503 ] ] ] } },
{ "type": "Feature", "properties": { "ID": 595, "GRIDCODE": 2 }, "geometry": { "type": "Polygon", "coordinates": [ [ [ -155.57097851154893, 20.12459748244601 ], [ -155.570972604855456, 20.124868091376815 ], [ -155.570686101908109, 20.124862512086082 ], [ -155.570692009092738, 20.124591903236617 ], [ -155.57097851154893, 20.12459748244601 ] ] ] } },
{ "type": "Feature", "properties": { "ID": 596, "GRIDCODE": 2 }, "geometry": { "type": "Polygon", "coordinates": [ [ [ -155.57097851154893, 20.12459748244601 ], [ -155.571083918333926, 20.124269457928836 ], [ -155.571329708094282, 20.124511656023586 ], [ -155.57097851154893, 20.12459748244601 ] ] ] } },
{ "type": "Feature", "properties": { "ID": 597, "GRIDCODE": 2 }, "geometry": { "type": "Polygon", "coordinates": [ [ [ -155.598500773302277, 20.124319075373638 ], [ -155.598787283603741, 20.124324609319288 ], [ -155.598769707035189, 20.125136459744503 ], [ -155.598483195260087, 20.1251309255568 ], [ -155.598500773302277, 20.124319075373638 ] ] ] } },
{ "type": "Feature", "properties": { "ID": 598, "GRIDCODE": 2 }, "geometry": { "type": "Polygon", "coordinates": [ [ [ -155.571855734577582, 20.123802389705439 ], [ -155.571750329805127, 20.124130414980069 ], [ -155.571504539800912, 20.123888217457441 ], [ -155.571855734577582, 20.123802389705439 ] ] ] } },
{ "type": "Feature", "properties": { "ID": 599, "GRIDCODE": 2 }, "geometry": { "type": "Polygon", "coordinates": [ [ [ -155.574469651403973, 20.122228907152849 ], [ -155.573681444964592, 20.123461048564632 ], [ -155.572904647800016, 20.12338684440104 ], [ -155.571855734577582, 20.123802389705439 ], [ -155.57198540983876, 20.12336260782973 ], [ -155.573724695010924, 20.122324926109396 ], [ -155.574469651403973, 20.122228907152849 ] ] ] } },
{ "type": "Feature", "properties": { "ID": 600, "GRIDCODE": 2 }, "geometry": { "type": "Polygon", "coordinates": [ [ [ -155.574762050038146, 20.12196386951036 ], [ -155.574756150693304, 20.12223447959753 ], [ -155.574469651403973, 20.122228907152849 ], [ -155.574475551239885, 20.121958297146929 ], [ -155.574762050038146, 20.12196386951036 ] ] ] } },
{ "type": "Feature", "properties": { "ID": 601, "GRIDCODE": 2 }, "geometry": { "type": "Polygon", "coordinates": [ [ [ -155.574762050038146, 20.12196386951036 ], [ -155.574867446609744, 20.121635841236738 ], [ -155.575113239609976, 20.121878034348718 ], [ -155.574762050038146, 20.12196386951036 ] ] ] } },
{ "type": "Feature", "properties": { "ID": 602, "GRIDCODE": 2 }, "geometry": { "type": "Polygon", "coordinates": [ [ [ -155.576802917744402, 20.120379198917551 ], [ -155.57745941541225, 20.12050167532507 ], [ -155.576950992462372, 20.1207257711282 ], [ -155.576802917744402, 20.120379198917551 ] ] ] } },
{ "type": "Feature", "properties": { "ID": 603, "GRIDCODE": 2 }, "geometry": { "type": "Polygon", "coordinates": [ [ [ -155.577668301660481, 20.12012529104809 ], [ -155.578015452054444, 20.120224701543208 ], [ -155.577759319306807, 20.120457138499308 ], [ -155.577668301660481, 20.12012529104809 ] ] ] } },
{ "type": "Feature", "properties": { "ID": 604, "GRIDCODE": 2 }, "geometry": { "type": "Polygon", "coordinates": [ [ [ -155.53670627243352, 20.119053877866278 ], [ -155.537537019776011, 20.119217334080663 ], [ -155.538772131038201, 20.120578804450737 ], [ -155.539973813173816, 20.120955353813731 ], [ -155.541081885077944, 20.121719345727755 ], [ -155.54309791538617, 20.122014314461982 ], [ -155.543928914948424, 20.122587394301249 ], [ -155.544804303984819, 20.122987780816672 ], [ -155.545743704568423, 20.123494111044646 ], [ -155.54759448910562, 20.123426242002846 ], [ -155.548202504372995, 20.12375408798199 ], [ -155.54928999025924, 20.124094765273572 ], [ -155.549610489249687, 20.125151933290397 ], [ -155.550466280675749, 20.125120584108135 ], [ -155.550974054197951, 20.125680165372039 ], [ -155.555065358057334, 20.126040229678964 ], [ -155.554996774941884, 20.126844571985316 ], [ -155.556128499375035, 20.128284425490243 ], [ -155.5558429508242, 20.128235217901501 ], [ -155.554789231545868, 20.127667345132949 ], [ -155.552995725897631, 20.12736733815094 ], [ -155.551817409308853, 20.127044332814513 ], [ -155.550508912257612, 20.127092330960313 ], [ -155.549345401045684, 20.126465305225548 ], [ -155.548980112136093, 20.126478635145265 ], [ -155.548383873756904, 20.125181165116143 ], [ -155.547605729448236, 20.124825264632367 ], [ -155.546774703074306, 20.124252198592806 ], [ -155.545618111508418, 20.123974129025406 ], [ -155.545067639517328, 20.123677277823898 ], [ -155.543831430042843, 20.123379922313529 ], [ -155.542736026482174, 20.122789489816473 ], [ -155.541412727906589, 20.122837926711323 ], [ -155.540915467888993, 20.122400405338553 ], [ -155.540519515013784, 20.121963683320431 ], [ -155.538837027697156, 20.121558917443526 ], [ -155.53670627243352, 20.119053877866278 ] ] ] } },
{ "type": "Feature", "properties": { "ID": 605, "GRIDCODE": 2 }, "geometry": { "type": "Polygon", "coordinates": [ [ [ -155.583123518666468, 20.119689753773589 ], [ -155.583470673349893, 20.119789153860541 ], [ -155.583214548212283, 20.120021600050432 ], [ -155.583123518666468, 20.119689753773589 ] ] ] } },
{ "type": "Feature", "properties": { "ID": 606, "GRIDCODE": 2 }, "geometry": { "type": "Polygon", "coordinates": [ [ [ -155.579112567044774, 20.119611897081757 ], [ -155.580626179837537, 20.119744397178756 ], [ -155.57946783848422, 20.120251195707418 ], [ -155.578498476820499, 20.120022845585968 ], [ -155.579012410177825, 20.119789730613682 ], [ -155.579112567044774, 20.119611897081757 ] ] ] } },
{ "type": "Feature", "properties": { "ID": 607, "GRIDCODE": 2 }, "geometry": { "type": "Polygon", "coordinates": [ [ [ -155.58485426599583, 20.119181867024732 ], [ -155.584749458026124, 20.119367942539604 ], [ -155.583885869279328, 20.119745784998948 ], [ -155.584089044813311, 20.119257975511285 ], [ -155.58485426599583, 20.119181867024732 ] ] ] } },
{ "type": "Feature", "properties": { "ID": 608, "GRIDCODE": 2 }, "geometry": { "type": "Polygon", "coordinates": [ [ [ -155.58485426599583, 20.119181867024732 ], [ -155.585021385557155, 20.118833214924315 ], [ -155.585507673320905, 20.119086138343874 ], [ -155.58485426599583, 20.119181867024732 ] ] ] } },
{ "type": "Feature", "properties": { "ID": 609, "GRIDCODE": 2 }, "geometry": { "type": "Polygon", "coordinates": [ [ [ -155.527282317290371, 20.117514747011839 ], [ -155.528292849046096, 20.117659978783202 ], [ -155.529465170132539, 20.118565020134206 ], [ -155.531124415091114, 20.118257197143134 ], [ -155.532829044569212, 20.117997969916271 ], [ -155.533525305089569, 20.11838298315595 ], [ -155.535367561488073, 20.118279642659573 ], [ -155.5362663202379, 20.119026984759703 ], [ -155.53175305935693, 20.119372266580307 ], [ -155.531355824842791, 20.120529392449452 ], [ -155.530542847819646, 20.119599318657809 ], [ -155.528329959431147, 20.119172773696111 ], [ -155.527282317290371, 20.117514747011839 ] ] ] } },
{ "type": "Feature", "properties": { "ID": 610, "GRIDCODE": 2 }, "geometry": { "type": "Polygon", "coordinates": [ [ [ -155.527282317290371, 20.117514747011839 ], [ -155.52624207815893, 20.117852587660391 ], [ -155.524289390603201, 20.117254925657402 ], [ -155.526695400553933, 20.116843572550003 ], [ -155.527282317290371, 20.117514747011839 ] ] ] } },
{ "type": "Feature", "properties": { "ID": 611, "GRIDCODE": 2 }, "geometry": { "type": "Polygon", "coordinates": [ [ [ -155.520162379055989, 20.115479237650007 ], [ -155.520893564516285, 20.115877411007844 ], [ -155.521126058595826, 20.116197394242374 ], [ -155.523985331341379, 20.116500496999056 ], [ -155.523641504309438, 20.117265668861425 ], [ -155.522278568620919, 20.116983252139313 ], [ -155.521326267924707, 20.117141442212027 ], [ -155.520601102601574, 20.116142347516913 ], [ -155.520272633907155, 20.115909824300097 ], [ -155.520162379055989, 20.115479237650007 ] ] ] } },
{ "type": "Feature", "properties": { "ID": 612, "GRIDCODE": 2 }, "geometry": { "type": "Polygon", "coordinates": [ [ [ -155.520162379055989, 20.115479237650007 ], [ -155.518937503237083, 20.115156432942783 ], [ -155.518808122620101, 20.114553364512535 ], [ -155.519451202522475, 20.114430450779409 ], [ -155.520162379055989, 20.115479237650007 ] ] ] } },
{ "type": "Feature", "properties": { "ID": 613, "GRIDCODE": 2 }, "geometry": { "type": "Polygon", "coordinates": [ [ [ -155.598500773302277, 20.124319075373638 ], [ -155.598118414411232, 20.123982927126466 ], [ -155.597788084546437, 20.123053843514324 ], [ -155.597854189318184, 20.122276111402005 ], [ -155.597253016789466, 20.12200143446308 ], [ -155.596702427032739, 20.121704731748146 ], [ -155.596118719890455, 20.121438056070524 ], [ -155.594909642760229, 20.120786772015489 ], [ -155.592137014290898, 20.120007413261597 ], [ -155.589269943829549, 20.1191446231594 ], [ -155.585827938965679, 20.118799939972671 ], [ -155.586905356651215, 20.118357887355192 ], [ -155.588792293021015, 20.116829955499867 ], [ -155.588745848781343, 20.115707147752936 ], [ -155.589824804709451, 20.114612341461097 ], [ -155.596366483102258, 20.116654315306956 ], [ -155.598333457910741, 20.117553543394457 ], [ -155.60090745149148, 20.119816797900825 ], [ -155.600450087489094, 20.120709524297421 ], [ -155.598336323937104, 20.123136214460928 ], [ -155.598500773302277, 20.124319075373638 ] ] ] } },
{ "type": "Feature", "properties": { "ID": 614, "GRIDCODE": 2 }, "geometry": { "type": "Polygon", "coordinates": [ [ [ -155.515352384775326, 20.112677032922416 ], [ -155.51584331021914, 20.11282725379256 ], [ -155.516329163730518, 20.11338317704686 ], [ -155.51759709354144, 20.113681865912397 ], [ -155.518300949036245, 20.114934076837098 ], [ -155.516109775709992, 20.114063549958349 ], [ -155.515352384775326, 20.112677032922416 ] ] ] } },
{ "type": "Feature", "properties": { "ID": 615, "GRIDCODE": 2 }, "geometry": { "type": "Polygon", "coordinates": [ [ [ -155.514785456570507, 20.112395106487782 ], [ -155.515358383212202, 20.112406439570044 ], [ -155.515352384775326, 20.112677032922416 ], [ -155.514779457152315, 20.11266569967486 ], [ -155.514785456570507, 20.112395106487782 ] ] ] } },
{ "type": "Feature", "properties": { "ID": 616, "GRIDCODE": 2 }, "geometry": { "type": "Polygon", "coordinates": [ [ [ -155.514785456570507, 20.112395106487782 ], [ -155.514438383284471, 20.112295579482137 ], [ -155.514694859134124, 20.112063251944729 ], [ -155.514785456570507, 20.112395106487782 ] ] ] } },
{ "type": "Feature", "properties": { "ID": 617, "GRIDCODE": 2 }, "geometry": { "type": "Polygon", "coordinates": [ [ [ -155.513657608017866, 20.111560656129612 ], [ -155.514004679004444, 20.111660184369637 ], [ -155.513748203057418, 20.111892510855139 ], [ -155.513657608017866, 20.111560656129612 ] ] ] } },
{ "type": "Feature", "properties": { "ID": 618, "GRIDCODE": 2 }, "geometry": { "type": "Polygon", "coordinates": [ [ [ -155.490246635064551, 20.107576651156052 ], [ -155.492512373658997, 20.108103170159822 ], [ -155.493194613505153, 20.108883664939082 ], [ -155.494191626474958, 20.10973043173399 ], [ -155.495473874757494, 20.10965878743918 ], [ -155.495770252638152, 20.109997647435765 ], [ -155.496358836335219, 20.110259968975903 ], [ -155.497156133285301, 20.110701182564931 ], [ -155.499780618375496, 20.110554408170429 ], [ -155.500924505240107, 20.110664105321568 ], [ -155.502228624436867, 20.110591128181365 ], [ -155.503815702019494, 20.111260012060711 ], [ -155.504350915067533, 20.111230052097646 ], [ -155.506144962325578, 20.111402051265699 ], [ -155.507078933009922, 20.110933741452538 ], [ -155.507813669543282, 20.110161422116864 ], [ -155.508362261331968, 20.110789059843803 ], [ -155.510263260689385, 20.111236755252392 ], [ -155.512521251385323, 20.111110288450217 ], [ -155.51298373178966, 20.111154603181852 ], [ -155.5129237659431, 20.111713080599703 ], [ -155.51207979423566, 20.111632133042729 ], [ -155.511174689809252, 20.111682815027336 ], [ -155.508076557523509, 20.11130380132904 ], [ -155.507636058364341, 20.111328380166984 ], [ -155.506467050284982, 20.113154306551664 ], [ -155.505439134369396, 20.112585494076875 ], [ -155.504846751045477, 20.112618684600136 ], [ -155.504116407979154, 20.111782812197855 ], [ -155.503187970662736, 20.111498568310573 ], [ -155.502097617757954, 20.11109557813122 ], [ -155.500367567700778, 20.111192346105177 ], [ -155.499663703625629, 20.110802702348732 ], [ -155.498631941912635, 20.111137373392467 ], [ -155.497745733166227, 20.111370375552092 ], [ -155.49718477487707, 20.111651477089246 ], [ -155.496590489771194, 20.111594454289008 ], [ -155.496610387109797, 20.111907195013593 ], [ -155.496231143127545, 20.112423091928214 ], [ -155.495328373928089, 20.111389981700633 ], [ -155.492763366507802, 20.109271757177332 ], [ -155.491720336871623, 20.108807128126863 ], [ -155.491244957904968, 20.108263254363738 ], [ -155.490592658226717, 20.107972551580499 ], [ -155.490246635064551, 20.107576651156052 ] ] ] } },
{ "type": "Feature", "properties": { "ID": 619, "GRIDCODE": 2 }, "geometry": { "type": "Polygon", "coordinates": [ [ [ -155.489393336167154, 20.107288946449174 ], [ -155.490049378894327, 20.10741172569265 ], [ -155.489541198044151, 20.107635562431536 ], [ -155.489393336167154, 20.107288946449174 ] ] ] } },
{ "type": "Feature", "properties": { "ID": 620, "GRIDCODE": 2 }, "geometry": { "type": "Polygon", "coordinates": [ [ [ -155.88453580825265, 20.112552127992007 ], [ -155.885212665309012, 20.11271099117803 ], [ -155.884652630572276, 20.113452240555215 ], [ -155.88453580825265, 20.112552127992007 ] ] ] } },
{ "type": "Feature", "properties": { "ID": 621, "GRIDCODE": 2 }, "geometry": { "type": "Polygon", "coordinates": [ [ [ -155.454374709062819, 20.09711334175504 ], [ -155.454812140626416, 20.097247443546191 ], [ -155.456698036632645, 20.097428773889895 ], [ -155.457198891493221, 20.098002313042056 ], [ -155.457849643253212, 20.098555335903537 ], [ -155.458883342944375, 20.098953472265933 ], [ -155.459961112761022, 20.098413233604141 ], [ -155.460648017297586, 20.098479369821362 ], [ -155.461078383359734, 20.09845536279088 ], [ -155.462095902767658, 20.098553112435237 ], [ -155.462767561549043, 20.099322253693241 ], [ -155.463356034526726, 20.099584671714119 ], [ -155.464071352721362, 20.099980621216812 ], [ -155.465120732279473, 20.099308791286361 ], [ -155.466186847312713, 20.099411325956542 ], [ -155.466994033191384, 20.099006650742442 ], [ -155.467350348637154, 20.09941416089611 ], [ -155.470261492489129, 20.100100595374624 ], [ -155.471372898063862, 20.098933238302283 ], [ -155.471923163788119, 20.098504361259291 ], [ -155.47228093638924, 20.099720959988002 ], [ -155.473787876474972, 20.100182678656516 ], [ -155.473041192909079, 20.101134232660328 ], [ -155.473079550634054, 20.101744874631478 ], [ -155.474185631876281, 20.102237959758625 ], [ -155.475580100078986, 20.103099506314432 ], [ -155.476384826582603, 20.103054530574415 ], [ -155.477004005977903, 20.103397225661809 ], [ -155.478165396853569, 20.103671050931819 ], [ -155.47881996497955, 20.104033349316929 ], [ -155.480010810821256, 20.103966860090434 ], [ -155.480492792273708, 20.104013232352532 ], [ -155.480977779944055, 20.105100844742012 ], [ -155.481852753899148, 20.105368928300134 ], [ -155.482507339261701, 20.105731215233074 ], [ -155.486123073687338, 20.105529341169973 ], [ -155.487541739669552, 20.106314622375308 ], [ -155.488416736719671, 20.106582675925072 ], [ -155.489112813032023, 20.106967841799637 ], [ -155.489393336167154, 20.107288946449174 ], [ -155.488023923384901, 20.107129345503683 ], [ -155.485952305668121, 20.105982751658569 ], [ -155.482856614939863, 20.106155743767438 ], [ -155.480012723956349, 20.105606721309446 ], [ -155.478884175062404, 20.104315249787163 ], [ -155.474986832024229, 20.103898296706678 ], [ -155.474168299548666, 20.102961162045055 ], [ -155.472160412419811, 20.103073250978873 ], [ -155.471798061528062, 20.102260234318255 ], [ -155.470555560142969, 20.100838358334542 ], [ -155.469623460129043, 20.100748842933175 ], [ -155.468588434695334, 20.10080649020912 ], [ -155.465897203549815, 20.100445630125289 ], [ -155.465005113692229, 20.101016726778305 ], [ -155.464479671248682, 20.100414822288819 ], [ -155.463313804672964, 20.100691212091977 ], [ -155.462834194404536, 20.100142169229368 ], [ -155.462197542247594, 20.100080882338993 ], [ -155.461890871923629, 20.1004029243784 ], [ -155.461503528186483, 20.099534274145967 ], [ -155.461053546614096, 20.099559341962305 ], [ -155.46076761088375, 20.099531923611124 ], [ -155.46033724192273, 20.099555929428192 ], [ -155.459908341858068, 20.099514667897605 ], [ -155.459277361995333, 20.099549710105681 ], [ -155.457898378158006, 20.099224472341298 ], [ -155.457246653949625, 20.098863615695613 ], [ -155.455412414750725, 20.098301467794691 ], [ -155.454374709062819, 20.09711334175504 ] ] ] } },
{ "type": "Feature", "properties": { "ID": 622, "GRIDCODE": 2 }, "geometry": { "type": "Polygon", "coordinates": [ [ [ -155.453259542292358, 20.095737415714517 ], [ -155.454087939720637, 20.095956179028651 ], [ -155.454374709062819, 20.09711334175504 ], [ -155.453442657090307, 20.096477457799782 ], [ -155.453259542292358, 20.095737415714517 ] ] ] } },
{ "type": "Feature", "properties": { "ID": 623, "GRIDCODE": 2 }, "geometry": { "type": "Polygon", "coordinates": [ [ [ -155.453259542292358, 20.095737415714517 ], [ -155.452588552044858, 20.095586847340847 ], [ -155.452915443920006, 20.09511282956629 ], [ -155.453259542292358, 20.095737415714517 ] ] ] } },
{ "type": "Feature", "properties": { "ID": 624, "GRIDCODE": 2 }, "geometry": { "type": "Polygon", "coordinates": [ [ [ -155.451285161456894, 20.094344191932837 ], [ -155.451968450540761, 20.09451986121892 ], [ -155.45248670403501, 20.095288589409865 ], [ -155.451440718680772, 20.094990495386341 ], [ -155.451285161456894, 20.094344191932837 ] ] ] } },
{ "type": "Feature", "properties": { "ID": 625, "GRIDCODE": 2 }, "geometry": { "type": "Polygon", "coordinates": [ [ [ -155.450438137496292, 20.093785744374454 ], [ -155.451069760450167, 20.093919533877816 ], [ -155.451285161456894, 20.094344191932837 ], [ -155.450653536541637, 20.094210402922869 ], [ -155.450438137496292, 20.093785744374454 ] ] ] } },
{ "type": "Feature", "properties": { "ID": 626, "GRIDCODE": 2 }, "geometry": { "type": "Polygon", "coordinates": [ [ [ -155.450438137496292, 20.093785744374454 ], [ -155.448845806804371, 20.093196554105475 ], [ -155.447536537538696, 20.093852604640805 ], [ -155.445197331914585, 20.093228241110044 ], [ -155.450192274135986, 20.092950195920569 ], [ -155.450438137496292, 20.093785744374454 ] ] ] } },
{ "type": "Feature", "properties": { "ID": 627, "GRIDCODE": 2 }, "geometry": { "type": "Polygon", "coordinates": [ [ [ -155.437068893585035, 20.089455645789485 ], [ -155.437219885082868, 20.089583998797021 ], [ -155.437600148227801, 20.090437074958796 ], [ -155.438050097015662, 20.090412063734114 ], [ -155.439718079587408, 20.090572639350441 ], [ -155.442600926265754, 20.091851865900267 ], [ -155.443702494401379, 20.092462006810717 ], [ -155.444892606704116, 20.09299290340681 ], [ -155.444635456587235, 20.093252730982368 ], [ -155.441873822895587, 20.092625093857571 ], [ -155.44029657519394, 20.091519990313 ], [ -155.43973679597579, 20.09155111628581 ], [ -155.438888774062747, 20.091237388950631 ], [ -155.438167626071333, 20.091598597050513 ], [ -155.437595507094159, 20.092199538880266 ], [ -155.436804279222429, 20.090094388744578 ], [ -155.437068893585035, 20.089455645789485 ] ] ] } },
{ "type": "Feature", "properties": { "ID": 628, "GRIDCODE": 2 }, "geometry": { "type": "Polygon", "coordinates": [ [ [ -155.433413178409694, 20.086404105619373 ], [ -155.433726001892751, 20.086651122434272 ], [ -155.434131696253587, 20.088109681934068 ], [ -155.435017100345732, 20.088451809212259 ], [ -155.435524342843877, 20.087379284747861 ], [ -155.436005250850741, 20.087148181470305 ], [ -155.436354510571817, 20.08867803011049 ], [ -155.435297370511961, 20.089073939660196 ], [ -155.433581897452825, 20.088837024474639 ], [ -155.433157804540741, 20.08831402215376 ], [ -155.431086239148385, 20.087542504333705 ], [ -155.430191122648495, 20.087629333050469 ], [ -155.429540637770771, 20.087293261643225 ], [ -155.431801878732045, 20.087028948234106 ], [ -155.433242298869317, 20.087227799965405 ], [ -155.433413178409694, 20.086404105619373 ] ] ] } },
{ "type": "Feature", "properties": { "ID": 629, "GRIDCODE": 2 }, "geometry": { "type": "Polygon", "coordinates": [ [ [ -155.427977911995669, 20.086023405797604 ], [ -155.429122082156681, 20.086230960154687 ], [ -155.429294267749725, 20.087521428944768 ], [ -155.428933794799804, 20.087278330472127 ], [ -155.427977911995669, 20.086023405797604 ] ] ] } },
{ "type": "Feature", "properties": { "ID": 630, "GRIDCODE": 2 }, "geometry": { "type": "Polygon", "coordinates": [ [ [ -155.426003911058672, 20.084629949509313 ], [ -155.427228259399385, 20.084953337871752 ], [ -155.427419956603586, 20.085851908562443 ], [ -155.426343719224064, 20.085117288218015 ], [ -155.426003911058672, 20.084629949509313 ] ] ] } },
{ "type": "Feature", "properties": { "ID": 631, "GRIDCODE": 2 }, "geometry": { "type": "Polygon", "coordinates": [ [ [ -155.426003911058672, 20.084629949509313 ], [ -155.425348050896559, 20.084506953050774 ], [ -155.425856211558511, 20.084283303780314 ], [ -155.426003911058672, 20.084629949509313 ] ] ] } },
{ "type": "Feature", "properties": { "ID": 632, "GRIDCODE": 2 }, "geometry": { "type": "Polygon", "coordinates": [ [ [ -155.421446362170769, 20.083454767274027 ], [ -155.422724227721432, 20.083712258435334 ], [ -155.422070322116838, 20.084119174382973 ], [ -155.421446362170769, 20.083454767274027 ] ] ] } },
{ "type": "Feature", "properties": { "ID": 633, "GRIDCODE": 2 }, "geometry": { "type": "Polygon", "coordinates": [ [ [ -155.423743564797832, 20.083230669663703 ], [ -155.424977458689767, 20.083896860227526 ], [ -155.425064936701659, 20.084307844036619 ], [ -155.424438702152798, 20.084161785816111 ], [ -155.42413351425202, 20.084220099269025 ], [ -155.422930319314474, 20.083902274677921 ], [ -155.42350248867092, 20.083546038510846 ], [ -155.423743564797832, 20.083230669663703 ] ] ] } },
{ "type": "Feature", "properties": { "ID": 634, "GRIDCODE": 2 }, "geometry": { "type": "Polygon", "coordinates": [ [ [ -155.41239933451979, 20.078127873896591 ], [ -155.413928801295611, 20.079128723225558 ], [ -155.415390181225547, 20.079925821341121 ], [ -155.416532382783714, 20.080856000052414 ], [ -155.418232655755418, 20.080574375119308 ], [ -155.418853478117938, 20.080219273918377 ], [ -155.419629312269478, 20.080380545861136 ], [ -155.419893409014321, 20.081415405067975 ], [ -155.421336396627595, 20.083024161507655 ], [ -155.421446362170769, 20.083454767274027 ], [ -155.421001010662195, 20.083327831897883 ], [ -155.420028230622535, 20.082746088061409 ], [ -155.417869291222814, 20.082452182961951 ], [ -155.417277460428153, 20.082098362671182 ], [ -155.416615912742628, 20.08217704857767 ], [ -155.415480578616695, 20.080723603835626 ], [ -155.415013739758876, 20.080779145536926 ], [ -155.413605071471437, 20.080468321400684 ], [ -155.412708980902437, 20.079273499131109 ], [ -155.41239933451979, 20.078127873896591 ] ] ] } },
{ "type": "Feature", "properties": { "ID": 635, "GRIDCODE": 2 }, "geometry": { "type": "Polygon", "coordinates": [ [ [ -155.412119129849003, 20.077851485775323 ], [ -155.41240549843252, 20.077857309691051 ], [ -155.41239933451979, 20.078127873896591 ], [ -155.412112965446852, 20.078122049895804 ], [ -155.412119129849003, 20.077851485775323 ] ] ] } },
{ "type": "Feature", "properties": { "ID": 636, "GRIDCODE": 2 }, "geometry": { "type": "Polygon", "coordinates": [ [ [ -155.412119129849003, 20.077851485775323 ], [ -155.410293979974568, 20.077377394572363 ], [ -155.412012045913485, 20.077418425214734 ], [ -155.412119129849003, 20.077851485775323 ] ] ] } },
{ "type": "Feature", "properties": { "ID": 637, "GRIDCODE": 2 }, "geometry": { "type": "Polygon", "coordinates": [ [ [ -155.403857732145241, 20.075788459133186 ], [ -155.40429801934738, 20.075669755114919 ], [ -155.405532928123222, 20.075279370492403 ], [ -155.406853449184752, 20.075992506037277 ], [ -155.408042396427476, 20.076366047535217 ], [ -155.40988151668563, 20.076299991227266 ], [ -155.410264782644958, 20.077160830756284 ], [ -155.406805994858786, 20.076895199709309 ], [ -155.404562301200514, 20.076471211761824 ], [ -155.404264368462634, 20.076481925532395 ], [ -155.403857732145241, 20.075788459133186 ] ] ] } },
{ "type": "Feature", "properties": { "ID": 638, "GRIDCODE": 2 }, "geometry": { "type": "Polygon", "coordinates": [ [ [ -155.403857732145241, 20.075788459133186 ], [ -155.401726112354794, 20.075530086302631 ], [ -155.399788007773367, 20.073758443529179 ], [ -155.399291007232705, 20.072319398683668 ], [ -155.400594374220617, 20.073707223520021 ], [ -155.401322807883247, 20.074373026359826 ], [ -155.401973954024527, 20.075066592910876 ], [ -155.402441128473754, 20.075093566147352 ], [ -155.403192908375985, 20.075080741251448 ], [ -155.403857732145241, 20.075788459133186 ] ] ] } },
{ "type": "Feature", "properties": { "ID": 639, "GRIDCODE": 2 }, "geometry": { "type": "Polygon", "coordinates": [ [ [ -155.398814572503767, 20.070813233722255 ], [ -155.399161446760132, 20.070912964291168 ], [ -155.398904905928958, 20.071145108664936 ], [ -155.398814572503767, 20.070813233722255 ] ] ] } },
{ "type": "Feature", "properties": { "ID": 640, "GRIDCODE": 2 }, "geometry": { "type": "Polygon", "coordinates": [ [ [ -155.398540591426695, 20.070266269139598 ], [ -155.398826941952223, 20.070272112956236 ], [ -155.398814572503767, 20.070813233722255 ], [ -155.39852822099985, 20.07080738973487 ], [ -155.398540591426695, 20.070266269139598 ] ] ] } },
{ "type": "Feature", "properties": { "ID": 641, "GRIDCODE": 2 }, "geometry": { "type": "Polygon", "coordinates": [ [ [ -155.398540591426695, 20.070266269139598 ], [ -155.396751188023018, 20.069801374537018 ], [ -155.396373872216856, 20.068782165799341 ], [ -155.395315414836148, 20.068383069305053 ], [ -155.396746390964239, 20.068445334595843 ], [ -155.396960468171386, 20.069311460263908 ], [ -155.398200902900555, 20.069778894162393 ], [ -155.398540591426695, 20.070266269139598 ] ] ] } },
{ "type": "Feature", "properties": { "ID": 642, "GRIDCODE": 2 }, "geometry": { "type": "Polygon", "coordinates": [ [ [ -155.394301073634608, 20.067743524752746 ], [ -155.394967001349727, 20.068106456234567 ], [ -155.394424837449264, 20.06835007348538 ], [ -155.394301073634608, 20.067743524752746 ] ] ] } },
{ "type": "Feature", "properties": { "ID": 643, "GRIDCODE": 2 }, "geometry": { "type": "Polygon", "coordinates": [ [ [ -155.394020921107654, 20.067467115269785 ], [ -155.394307265122421, 20.06747296563038 ], [ -155.394301073634608, 20.067743524752746 ], [ -155.39401472913076, 20.067737674306681 ], [ -155.394020921107654, 20.067467115269785 ] ] ] } },
{ "type": "Feature", "properties": { "ID": 644, "GRIDCODE": 2 }, "geometry": { "type": "Polygon", "coordinates": [ [ [ -155.393740769558889, 20.067190705485331 ], [ -155.394027112983309, 20.067196556222786 ], [ -155.394020921107654, 20.067467115269785 ], [ -155.393734577194181, 20.067461264446841 ], [ -155.393740769558889, 20.067190705485331 ] ] ] } },
{ "type": "Feature", "properties": { "ID": 645, "GRIDCODE": 2 }, "geometry": { "type": "Polygon", "coordinates": [ [ [ -155.393740769558889, 20.067190705485331 ], [ -155.39306999226875, 20.067039937060777 ], [ -155.393396970792139, 20.066566046879512 ], [ -155.393740769558889, 20.067190705485331 ] ] ] } },
{ "type": "Feature", "properties": { "ID": 646, "GRIDCODE": 2 }, "geometry": { "type": "Polygon", "coordinates": [ [ [ -155.391468614034636, 20.06633220804861 ], [ -155.391815471746412, 20.066431950897766 ], [ -155.391558930354734, 20.066664084121271 ], [ -155.391468614034636, 20.06633220804861 ] ] ] } },
{ "type": "Feature", "properties": { "ID": 647, "GRIDCODE": 2 }, "geometry": { "type": "Polygon", "coordinates": [ [ [ -155.390902128895306, 20.066049940155818 ], [ -155.39124898546396, 20.066149683972505 ], [ -155.390992443910022, 20.066381816319002 ], [ -155.390902128895306, 20.066049940155818 ] ] ] } },
{ "type": "Feature", "properties": { "ID": 648, "GRIDCODE": 2 }, "geometry": { "type": "Polygon", "coordinates": [ [ [ -155.389769165397439, 20.06548539981895 ], [ -155.390116019679738, 20.065585145570569 ], [ -155.389859477801451, 20.065817276163049 ], [ -155.389769165397439, 20.06548539981895 ] ] ] } },
{ "type": "Feature", "properties": { "ID": 649, "GRIDCODE": 2 }, "geometry": { "type": "Polygon", "coordinates": [ [ [ -155.382367861532543, 20.063439073978053 ], [ -155.383152110647785, 20.063617581608515 ], [ -155.385009797075469, 20.063514876080497 ], [ -155.384080629450949, 20.064238769710776 ], [ -155.382559892851503, 20.064091961432293 ], [ -155.382367861532543, 20.063439073978053 ] ] ] } },
{ "type": "Feature", "properties": { "ID": 650, "GRIDCODE": 2 }, "geometry": { "type": "Polygon", "coordinates": [ [ [ -155.380089629843411, 20.062851002417581 ], [ -155.381060072187523, 20.063107616045446 ], [ -155.380550586222853, 20.063512048988276 ], [ -155.380089629843411, 20.062851002417581 ] ] ] } },
{ "type": "Feature", "properties": { "ID": 651, "GRIDCODE": 2 }, "geometry": { "type": "Polygon", "coordinates": [ [ [ -155.379523182901494, 20.062568702906429 ], [ -155.380095844056683, 20.062580447405356 ], [ -155.380089629843411, 20.062851002417581 ], [ -155.379516967710344, 20.062839257747033 ], [ -155.379523182901494, 20.062568702906429 ] ] ] } },
{ "type": "Feature", "properties": { "ID": 652, "GRIDCODE": 2 }, "geometry": { "type": "Polygon", "coordinates": [ [ [ -155.379523182901494, 20.062568702906429 ], [ -155.379112796863694, 20.062410009089607 ], [ -155.377082704601179, 20.062127543638038 ], [ -155.375701729311459, 20.061257280959371 ], [ -155.375103294375378, 20.061004182344739 ], [ -155.374855194355689, 20.0606985362964 ], [ -155.374112830865016, 20.060111132670841 ], [ -155.37339567187837, 20.058939134692078 ], [ -155.371306518248929, 20.057287719767128 ], [ -155.372349421579827, 20.057432199625911 ], [ -155.372635468001903, 20.057109506108095 ], [ -155.372955788177677, 20.057874733380988 ], [ -155.374228399874539, 20.058881299049961 ], [ -155.37546938649362, 20.060412314428262 ], [ -155.377095142749255, 20.061586435366056 ], [ -155.37933660532309, 20.061898215196422 ], [ -155.379523182901494, 20.062568702906429 ] ] ] } },
{ "type": "Feature", "properties": { "ID": 653, "GRIDCODE": 2 }, "geometry": { "type": "Polygon", "coordinates": [ [ [ -155.370485255088681, 20.056969495546983 ], [ -155.370832072737443, 20.057069274570459 ], [ -155.370575523303074, 20.057301375009278 ], [ -155.370485255088681, 20.056969495546983 ] ] ] } },
{ "type": "Feature", "properties": { "ID": 654, "GRIDCODE": 2 }, "geometry": { "type": "Polygon", "coordinates": [ [ [ -155.367049453121723, 20.056898832908509 ], [ -155.367396267272028, 20.05699861833579 ], [ -155.367139713767415, 20.057230713006604 ], [ -155.367049453121723, 20.056898832908509 ] ] ] } },
{ "type": "Feature", "properties": { "ID": 655, "GRIDCODE": 2 }, "geometry": { "type": "Polygon", "coordinates": [ [ [ -155.366769372003176, 20.056622390167487 ], [ -155.367055687682182, 20.056628281637806 ], [ -155.367049453121723, 20.056898832908509 ], [ -155.366763136954006, 20.056892941352071 ], [ -155.366769372003176, 20.056622390167487 ] ] ] } },
{ "type": "Feature", "properties": { "ID": 656, "GRIDCODE": 2 }, "geometry": { "type": "Polygon", "coordinates": [ [ [ -155.370485255088681, 20.056969495546983 ], [ -155.367528141610336, 20.056811406389272 ], [ -155.368265757835701, 20.056291564577471 ], [ -155.37026209092636, 20.056529149589689 ], [ -155.370485255088681, 20.056969495546983 ] ] ] } },
{ "type": "Feature", "properties": { "ID": 657, "GRIDCODE": 2 }, "geometry": { "type": "Polygon", "coordinates": [ [ [ -155.366769372003176, 20.056622390167487 ], [ -155.366090237262824, 20.056158250866218 ], [ -155.366540087739367, 20.055695537855037 ], [ -155.366769372003176, 20.056622390167487 ] ] ] } },
{ "type": "Feature", "properties": { "ID": 658, "GRIDCODE": 2 }, "geometry": { "type": "Polygon", "coordinates": [ [ [ -155.365649057302903, 20.055516616204393 ], [ -155.365995867191714, 20.055616403792197 ], [ -155.365739314581759, 20.055848496481588 ], [ -155.365649057302903, 20.055516616204393 ] ] ] } },
{ "type": "Feature", "properties": { "ID": 659, "GRIDCODE": 2 }, "geometry": { "type": "Polygon", "coordinates": [ [ [ -155.365368981071271, 20.05524017196397 ], [ -155.365655293796692, 20.055246065313671 ], [ -155.365649057302903, 20.055516616204393 ], [ -155.365362744088799, 20.055510722768542 ], [ -155.365368981071271, 20.05524017196397 ] ] ] } },
{ "type": "Feature", "properties": { "ID": 660, "GRIDCODE": 2 }, "geometry": { "type": "Polygon", "coordinates": [ [ [ -155.365088905816918, 20.054963727423736 ], [ -155.36537521795168, 20.054969621149265 ], [ -155.365368981071271, 20.05524017196397 ], [ -155.365082668447855, 20.055234278152284 ], [ -155.365088905816918, 20.054963727423736 ] ] ] } },
{ "type": "Feature", "properties": { "ID": 661, "GRIDCODE": 2 }, "geometry": { "type": "Polygon", "coordinates": [ [ [ -155.36480883153996, 20.054687282583696 ], [ -155.365095143083977, 20.054693176685053 ], [ -155.365088905816918, 20.054963727423736 ], [ -155.364802593784276, 20.054957833236212 ], [ -155.36480883153996, 20.054687282583696 ] ] ] } },
{ "type": "Feature", "properties": { "ID": 662, "GRIDCODE": 2 }, "geometry": { "type": "Polygon", "coordinates": [ [ [ -155.36480883153996, 20.054687282583696 ], [ -155.364462024755227, 20.054587493084302 ], [ -155.36471857654837, 20.054355402201971 ], [ -155.36480883153996, 20.054687282583696 ] ] ] } },
{ "type": "Feature", "properties": { "ID": 663, "GRIDCODE": 2 }, "geometry": { "type": "Polygon", "coordinates": [ [ [ -155.363395995335111, 20.053846154421695 ], [ -155.363742799527103, 20.05394594566852 ], [ -155.363486247313176, 20.054178035019028 ], [ -155.363395995335111, 20.053846154421695 ] ] ] } },
{ "type": "Feature", "properties": { "ID": 664, "GRIDCODE": 2 }, "geometry": { "type": "Polygon", "coordinates": [ [ [ -155.361983175422523, 20.053005017205667 ], [ -155.362638818257153, 20.053128222222409 ], [ -155.362130707352861, 20.053351691351939 ], [ -155.361983175422523, 20.053005017205667 ] ] ] } },
{ "type": "Feature", "properties": { "ID": 665, "GRIDCODE": 2 }, "geometry": { "type": "Polygon", "coordinates": [ [ [ -155.360850433739557, 20.052440320728493 ], [ -155.361516203727433, 20.052803357271952 ], [ -155.360974062642782, 20.053046872045158 ], [ -155.360850433739557, 20.052440320728493 ] ] ] } },
{ "type": "Feature", "properties": { "ID": 666, "GRIDCODE": 2 }, "geometry": { "type": "Polygon", "coordinates": [ [ [ -155.360850433739557, 20.052440320728493 ], [ -155.359895252955369, 20.052303005457247 ], [ -155.360664427894307, 20.052088227247577 ], [ -155.360850433739557, 20.052440320728493 ] ] ] } },
{ "type": "Feature", "properties": { "ID": 667, "GRIDCODE": 2 }, "geometry": { "type": "Polygon", "coordinates": [ [ [ -155.359145091767004, 20.051863813706724 ], [ -155.359491887659431, 20.051963612243796 ], [ -155.359235333988551, 20.052195694975168 ], [ -155.359145091767004, 20.051863813706724 ] ] ] } },
{ "type": "Feature", "properties": { "ID": 668, "GRIDCODE": 2 }, "geometry": { "type": "Polygon", "coordinates": [ [ [ -155.359145091767004, 20.051863813706724 ], [ -155.357885470883929, 20.051512973853985 ], [ -155.358656048224134, 20.051213117750549 ], [ -155.359145091767004, 20.051863813706724 ] ] ] } },
{ "type": "Feature", "properties": { "ID": 669, "GRIDCODE": 2 }, "geometry": { "type": "Polygon", "coordinates": [ [ [ -155.356599607812342, 20.050457929208282 ], [ -155.357541778464054, 20.050576488858749 ], [ -155.357309367025408, 20.051361919964471 ], [ -155.357078532283339, 20.050819636540645 ], [ -155.356680786285921, 20.050649130868941 ], [ -155.356599607812342, 20.050457929208282 ] ] ] } },
{ "type": "Feature", "properties": { "ID": 670, "GRIDCODE": 2 }, "geometry": { "type": "Polygon", "coordinates": [ [ [ -155.35518686097393, 20.049616747591308 ], [ -155.356431290728978, 20.04977657417168 ], [ -155.356599607812342, 20.050457929208282 ], [ -155.355920087677219, 20.05001304634332 ], [ -155.355300029124663, 20.049779268839242 ], [ -155.35518686097393, 20.049616747591308 ] ] ] } },
{ "type": "Feature", "properties": { "ID": 671, "GRIDCODE": 2 }, "geometry": { "type": "Polygon", "coordinates": [ [ [ -155.354620516132059, 20.049334381960747 ], [ -155.35519311339911, 20.049346199679597 ], [ -155.35518686097393, 20.049616747591308 ], [ -155.354614262729939, 20.049604929699665 ], [ -155.354620516132059, 20.049334381960747 ] ] ] } },
{ "type": "Feature", "properties": { "ID": 672, "GRIDCODE": 2 }, "geometry": { "type": "Polygon", "coordinates": [ [ [ -155.354620516132059, 20.049334381960747 ], [ -155.352788788750672, 20.049169817454182 ], [ -155.354025959512171, 20.048481663240239 ], [ -155.354620516132059, 20.049334381960747 ] ] ] } },
{ "type": "Feature", "properties": { "ID": 673, "GRIDCODE": 2 }, "geometry": { "type": "Polygon", "coordinates": [ [ [ -155.344911504286273, 20.04805101882005 ], [ -155.34609711283025, 20.048212870263615 ], [ -155.345436979217908, 20.048985464135662 ], [ -155.344911504286273, 20.04805101882005 ] ] ] } },
{ "type": "Feature", "properties": { "ID": 674, "GRIDCODE": 2 }, "geometry": { "type": "Polygon", "coordinates": [ [ [ -155.348066998644498, 20.047845616520437 ], [ -155.349604756227592, 20.048117153913488 ], [ -155.35085685454132, 20.047968700709159 ], [ -155.35132395789455, 20.048646978783516 ], [ -155.349630126155063, 20.048374608683453 ], [ -155.348193461548902, 20.048545008819801 ], [ -155.347356510303086, 20.048401483691038 ], [ -155.347938768401434, 20.047995748655079 ], [ -155.348066998644498, 20.047845616520437 ] ] ] } },
{ "type": "Feature", "properties": { "ID": 675, "GRIDCODE": 2 }, "geometry": { "type": "Polygon", "coordinates": [ [ [ -155.344911504286273, 20.04805101882005 ], [ -155.344714026080425, 20.047930230044496 ], [ -155.344386520487262, 20.046854234807839 ], [ -155.344825154200919, 20.047069754640706 ], [ -155.344911504286273, 20.04805101882005 ] ] ] } },
{ "type": "Feature", "properties": { "ID": 676, "GRIDCODE": 2 }, "geometry": { "type": "Polygon", "coordinates": [ [ [ -155.344096520045781, 20.046139430383043 ], [ -155.344443289256844, 20.046239255143135 ], [ -155.344186728006463, 20.046471314085764 ], [ -155.344096520045781, 20.046139430383043 ] ] ] } },
{ "type": "Feature", "properties": { "ID": 677, "GRIDCODE": 2 }, "geometry": { "type": "Polygon", "coordinates": [ [ [ -155.343822772091215, 20.045592415541901 ], [ -155.344109060430213, 20.045598341054415 ], [ -155.344096520045781, 20.046139430383043 ], [ -155.343810230730099, 20.046133504697217 ], [ -155.343822772091215, 20.045592415541901 ] ] ] } },
{ "type": "Feature", "properties": { "ID": 678, "GRIDCODE": 2 }, "geometry": { "type": "Polygon", "coordinates": [ [ [ -155.343542754869816, 20.04531594506145 ], [ -155.343829042617841, 20.045321870949017 ], [ -155.343822772091215, 20.045592415541901 ], [ -155.343536483854848, 20.045586489567672 ], [ -155.343542754869816, 20.04531594506145 ] ] ] } },
{ "type": "Feature", "properties": { "ID": 679, "GRIDCODE": 2 }, "geometry": { "type": "Polygon", "coordinates": [ [ [ -155.343262738625043, 20.045039474282476 ], [ -155.343549025782124, 20.045045400545074 ], [ -155.343542754869816, 20.04531594506145 ], [ -155.343256467224421, 20.045310018712186 ], [ -155.343262738625043, 20.045039474282476 ] ] ] } },
{ "type": "Feature", "properties": { "ID": 680, "GRIDCODE": 2 }, "geometry": { "type": "Polygon", "coordinates": [ [ [ -155.343262738625043, 20.045039474282476 ], [ -155.342607156103554, 20.044916204679573 ], [ -155.343115255616055, 20.044692791750769 ], [ -155.343262738625043, 20.045039474282476 ] ] ] } },
{ "type": "Feature", "properties": { "ID": 681, "GRIDCODE": 2 }, "geometry": { "type": "Polygon", "coordinates": [ [ [ -155.341296378156528, 20.043374714366543 ], [ -155.342406053696038, 20.043576644848653 ], [ -155.343034350584162, 20.044611289108861 ], [ -155.342451493707131, 20.044319163953162 ], [ -155.341417526670796, 20.043530006132677 ], [ -155.341296378156528, 20.043374714366543 ] ] ] } },
{ "type": "Feature", "properties": { "ID": 682, "GRIDCODE": 2 }, "geometry": { "type": "Polygon", "coordinates": [ [ [ -155.341016369338774, 20.043098241123523 ], [ -155.341302652256502, 20.043104170472606 ], [ -155.341296378156528, 20.043374714366543 ], [ -155.341010094750544, 20.043368784930745 ], [ -155.341016369338774, 20.043098241123523 ] ] ] } },
{ "type": "Feature", "properties": { "ID": 683, "GRIDCODE": 2 }, "geometry": { "type": "Polygon", "coordinates": [ [ [ -155.341016369338774, 20.043098241123523 ], [ -155.340669610050156, 20.042998411009684 ], [ -155.340926169038397, 20.042766357040566 ], [ -155.341016369338774, 20.043098241123523 ] ] ] } },
{ "type": "Feature", "properties": { "ID": 684, "GRIDCODE": 2 }, "geometry": { "type": "Polygon", "coordinates": [ [ [ -155.339883791469305, 20.042533432159768 ], [ -155.340539360491448, 20.042656710039548 ], [ -155.340031265695814, 20.042880116037878 ], [ -155.339883791469305, 20.042533432159768 ] ] ] } },
{ "type": "Feature", "properties": { "ID": 685, "GRIDCODE": 2 }, "geometry": { "type": "Polygon", "coordinates": [ [ [ -155.339883791469305, 20.042533432159768 ], [ -155.339537034469686, 20.04243360011872 ], [ -155.339793593773749, 20.042201547903211 ], [ -155.339883791469305, 20.042533432159768 ] ] ] } },
{ "type": "Feature", "properties": { "ID": 686, "GRIDCODE": 2 }, "geometry": { "type": "Polygon", "coordinates": [ [ [ -155.339031225192315, 20.042245093093115 ], [ -155.339377981302988, 20.042344926016138 ], [ -155.339121421221279, 20.042576977491699 ], [ -155.339031225192315, 20.042245093093115 ] ] ] } },
{ "type": "Feature", "properties": { "ID": 687, "GRIDCODE": 2 }, "geometry": { "type": "Polygon", "coordinates": [ [ [ -155.338464942604162, 20.041962684000694 ], [ -155.338811697570293, 20.042062517887221 ], [ -155.338555137330758, 20.042294568485964 ], [ -155.338464942604162, 20.041962684000694 ] ] ] } },
{ "type": "Feature", "properties": { "ID": 688, "GRIDCODE": 2 }, "geometry": { "type": "Polygon", "coordinates": [ [ [ -155.337618662864003, 20.04140379611707 ], [ -155.337965415833395, 20.04150363139761 ], [ -155.337708855616398, 20.041735680723647 ], [ -155.337618662864003, 20.04140379611707 ] ] ] } },
{ "type": "Feature", "properties": { "ID": 689, "GRIDCODE": 2 }, "geometry": { "type": "Polygon", "coordinates": [ [ [ -155.335620997599449, 20.041091700387756 ], [ -155.337452583377626, 20.041256426004601 ], [ -155.335870027632041, 20.041448951251301 ], [ -155.335620997599449, 20.041091700387756 ] ] ] } },
{ "type": "Feature", "properties": { "ID": 690, "GRIDCODE": 2 }, "geometry": { "type": "Polygon", "coordinates": [ [ [ -155.333909620445411, 20.04078552390316 ], [ -155.334256368493584, 20.040885365905723 ], [ -155.333999804920012, 20.041117409149667 ], [ -155.333909620445411, 20.04078552390316 ] ] ] } },
{ "type": "Feature", "properties": { "ID": 691, "GRIDCODE": 2 }, "geometry": { "type": "Polygon", "coordinates": [ [ [ -155.333909620445411, 20.04078552390316 ], [ -155.3332540684614, 20.04066222337212 ], [ -155.333762161751764, 20.040438837249024 ], [ -155.333909620445411, 20.04078552390316 ] ] ] } },
{ "type": "Feature", "properties": { "ID": 692, "GRIDCODE": 2 }, "geometry": { "type": "Polygon", "coordinates": [ [ [ -155.833364493854702, 20.034196960805666 ], [ -155.833711703378356, 20.034295864090339 ], [ -155.833456050515281, 20.034528747036703 ], [ -155.833364493854702, 20.034196960805666 ] ] ] } },
{ "type": "Feature", "properties": { "ID": 693, "GRIDCODE": 2 }, "geometry": { "type": "Polygon", "coordinates": [ [ [ -155.833083508630978, 20.033921146769082 ], [ -155.83336992234689, 20.033926277309718 ], [ -155.833364493854702, 20.034196960805666 ], [ -155.833078079649795, 20.034191830189922 ], [ -155.833083508630978, 20.033921146769082 ] ] ] } },
{ "type": "Feature", "properties": { "ID": 694, "GRIDCODE": 2 }, "geometry": { "type": "Polygon", "coordinates": [ [ [ -155.833083508630978, 20.033921146769082 ], [ -155.832736300478217, 20.033822242409727 ], [ -155.832991952943246, 20.03358936047913 ], [ -155.833083508630978, 20.033921146769082 ] ] ] } },
{ "type": "Feature", "properties": { "ID": 695, "GRIDCODE": 2 }, "geometry": { "type": "Polygon", "coordinates": [ [ [ -155.832245988919993, 20.032823019494508 ], [ -155.832593194513152, 20.032921924488917 ], [ -155.832337542778049, 20.033154805923399 ], [ -155.832245988919993, 20.032823019494508 ] ] ] } },
{ "type": "Feature", "properties": { "ID": 696, "GRIDCODE": 2 }, "geometry": { "type": "Polygon", "coordinates": [ [ [ -155.831965008008098, 20.03254720423638 ], [ -155.832251418923363, 20.032552336250589 ], [ -155.832245988919993, 20.032823019494508 ], [ -155.831959577515761, 20.032817887405173 ], [ -155.831965008008098, 20.03254720423638 ] ] ] } },
{ "type": "Feature", "properties": { "ID": 697, "GRIDCODE": 2 }, "geometry": { "type": "Polygon", "coordinates": [ [ [ -155.831684028074051, 20.032271388656561 ], [ -155.831970438411446, 20.032276521057899 ], [ -155.831965008008098, 20.03254720423638 ], [ -155.831678597181792, 20.032542071759902 ], [ -155.831684028074051, 20.032271388656561 ] ] ] } },
{ "type": "Feature", "properties": { "ID": 698, "GRIDCODE": 2 }, "geometry": { "type": "Polygon", "coordinates": [ [ [ -155.83140304911791, 20.031995572755076 ], [ -155.831689458877406, 20.032000705543535 ], [ -155.831684028074051, 20.032271388656561 ], [ -155.831397617825644, 20.032266255792969 ], [ -155.83140304911791, 20.031995572755076 ] ] ] } },
{ "type": "Feature", "properties": { "ID": 699, "GRIDCODE": 2 }, "geometry": { "type": "Polygon", "coordinates": [ [ [ -155.83140304911791, 20.031995572755076 ], [ -155.831055846578124, 20.031896665787368 ], [ -155.83131149760402, 20.031663786161577 ], [ -155.83140304911791, 20.031995572755076 ] ] ] } },
{ "type": "Feature", "properties": { "ID": 700, "GRIDCODE": 2 }, "geometry": { "type": "Polygon", "coordinates": [ [ [ -155.828630892791892, 19.970207919870369 ], [ -155.829853581450578, 19.97113574569503 ], [ -155.830191351478561, 19.972804024760375 ], [ -155.831131774701703, 19.974043589565451 ], [ -155.831226054804858, 19.976083805556375 ], [ -155.832080666671061, 19.977167932407919 ], [ -155.832054475752869, 19.977484522015594 ], [ -155.830877006805736, 19.977397094420638 ], [ -155.830944630809142, 19.97896587442979 ], [ -155.830039451221865, 19.978479782223296 ], [ -155.8290498877885, 19.979107296709238 ], [ -155.828480557425422, 19.981236910748329 ], [ -155.828539915780993, 19.982616470018058 ], [ -155.829178691428012, 19.9837797807184 ], [ -155.830925427447397, 19.985026643449459 ], [ -155.830458708641686, 19.985802871235812 ], [ -155.830177453861836, 19.986354737953917 ], [ -155.829864375385228, 19.986875360004664 ], [ -155.82957739940889, 19.987698697112283 ], [ -155.829247540989513, 19.987674282137728 ], [ -155.828707862383027, 19.988223899057012 ], [ -155.827827538358036, 19.988463578359021 ], [ -155.827127652682691, 19.989176649082879 ], [ -155.826524931125647, 19.990358711932696 ], [ -155.826055281088173, 19.991139630621618 ], [ -155.825746853523498, 19.993044900505804 ], [ -155.825366029274932, 19.993678135284412 ], [ -155.825733647602561, 19.994707290281216 ], [ -155.826873482268866, 19.995226706318132 ], [ -155.827372682211745, 19.996864960978858 ], [ -155.827667932415466, 19.99740255676392 ], [ -155.827342899477799, 19.998210660186466 ], [ -155.827717684750041, 19.999260038855191 ], [ -155.827296097232477, 20.000641951648493 ], [ -155.827308187440565, 20.000917840569294 ], [ -155.827278032972373, 20.001277591179399 ], [ -155.82669083593251, 20.002254593694222 ], [ -155.826703032057793, 20.002539078504199 ], [ -155.825535423960702, 20.002773850441411 ], [ -155.824582796029347, 20.003377917601636 ], [ -155.824653304104402, 20.005021444908508 ], [ -155.825216812035649, 20.00604790278047 ], [ -155.825764704271222, 20.006026923367887 ], [ -155.826225883224453, 20.006061240516168 ], [ -155.826656171150347, 20.006993680065197 ], [ -155.82654630182401, 20.008314274260869 ], [ -155.825696815220539, 20.009004679677233 ], [ -155.825415491323099, 20.009556529733775 ], [ -155.824866034270656, 20.010003083664976 ], [ -155.825380922945072, 20.011445284989193 ], [ -155.825064289623242, 20.011971907959744 ], [ -155.824701120021217, 20.012684252498502 ], [ -155.825058993782818, 20.013336023383616 ], [ -155.824741026982394, 20.013594486100093 ], [ -155.825031580760964, 20.014408336510691 ], [ -155.825284266343203, 20.015282987932057 ], [ -155.824666524881422, 20.015785166396668 ], [ -155.823282907759108, 20.015682187876315 ], [ -155.822977674981416, 20.016823815662569 ], [ -155.822459982308345, 20.018109972810404 ], [ -155.822934450777865, 20.018973934098153 ], [ -155.823170222874467, 20.020689444008649 ], [ -155.82257741741509, 20.021675309807232 ], [ -155.822224411308468, 20.022687164757389 ], [ -155.822560977316243, 20.023299687263759 ], [ -155.822819952236785, 20.02386123444829 ], [ -155.823111988403298, 20.024392701167734 ], [ -155.823422710907209, 20.02615160239997 ], [ -155.82304133013821, 20.027099220167834 ], [ -155.822746792840377, 20.028305425165378 ], [ -155.823446936439723, 20.02873117987847 ], [ -155.825622153811224, 20.027513658259934 ], [ -155.827490846005929, 20.028517399685096 ], [ -155.828592209189793, 20.028860426332191 ], [ -155.829573878561547, 20.029939599312684 ], [ -155.830634374293652, 20.030869850694476 ], [ -155.830084558505945, 20.031316803395686 ], [ -155.82926905138612, 20.031256168917793 ], [ -155.828979244699809, 20.031824395476011 ], [ -155.826947593728363, 20.032314166859155 ], [ -155.826374230355441, 20.032595545089297 ], [ -155.825860403120913, 20.03203074722753 ], [ -155.82468227068901, 20.031789716091033 ], [ -155.825245363378372, 20.032283607995982 ], [ -155.827592389070531, 20.034911365765048 ], [ -155.828708436639232, 20.035890622543693 ], [ -155.829850571777257, 20.037438609370305 ], [ -155.831149332064314, 20.038252290204529 ], [ -155.831106966915996, 20.038759772387657 ], [ -155.831125473097728, 20.039189941265754 ], [ -155.831696445860644, 20.039168048519546 ], [ -155.831956016362454, 20.039730392426375 ], [ -155.832816182251264, 20.040942372595399 ], [ -155.833939510497629, 20.041646062309081 ], [ -155.834336214975025, 20.042082213431023 ], [ -155.834782509404192, 20.042473504939878 ], [ -155.836077237451263, 20.043896474340315 ], [ -155.836441150022409, 20.044684790751464 ], [ -155.837300834104411, 20.045895821581251 ], [ -155.838201048545614, 20.047291225018206 ], [ -155.838074658542723, 20.048808670879698 ], [ -155.839416622000641, 20.050699198010598 ], [ -155.840275247794409, 20.050666297616587 ], [ -155.841897975109646, 20.051338420882132 ], [ -155.842597292260905, 20.052106810636918 ], [ -155.843180637723179, 20.052084445979702 ], [ -155.843439567243081, 20.052933416712069 ], [ -155.843930465098879, 20.053363831165939 ], [ -155.844282089975422, 20.053790037647921 ], [ -155.843126335689732, 20.054266393351231 ], [ -155.842846493065167, 20.054741871540077 ], [ -155.845486219241366, 20.058268089180963 ], [ -155.846026915900126, 20.058742228362565 ], [ -155.847055507075225, 20.05921066567694 ], [ -155.847919015077025, 20.059804006324629 ], [ -155.847876314855995, 20.060316118982279 ], [ -155.847900845862796, 20.060880864567817 ], [ -155.849013275919731, 20.060838046156569 ], [ -155.84928741424946, 20.061432102851498 ], [ -155.849871474338755, 20.061697968980614 ], [ -155.850598572431551, 20.062088422295425 ], [ -155.851868955663576, 20.063483901893857 ], [ -155.85181076210489, 20.064183755417083 ], [ -155.852721048243524, 20.065337990108031 ], [ -155.853801013035707, 20.065829788026047 ], [ -155.85521417672706, 20.067744638136336 ], [ -155.855167467079781, 20.068304282146272 ], [ -155.855853208616566, 20.070222830011115 ], [ -155.856320951525362, 20.070204849017038 ], [ -155.856970849044927, 20.070918637310967 ], [ -155.857701417599174, 20.07155915615736 ], [ -155.857675607954832, 20.071870998305439 ], [ -155.858265545066587, 20.072139591479466 ], [ -155.858100946641059, 20.072548259974553 ], [ -155.857749938543066, 20.072634697133985 ], [ -155.857996164301284, 20.072876546018314 ], [ -155.858100946641059, 20.072548259974553 ], [ -155.858257738460594, 20.072671502554467 ], [ -155.858913082983889, 20.074222066040385 ], [ -155.86056129675498, 20.074699218842429 ], [ -155.861580679611961, 20.074597822345147 ], [ -155.862643380346697, 20.075005574149014 ], [ -155.863041714867222, 20.075494330790352 ], [ -155.864199441687617, 20.075979657473862 ], [ -155.864441877555436, 20.077143928862029 ], [ -155.865064192226953, 20.077981226484194 ], [ -155.864945362153946, 20.078762649852369 ], [ -155.86509140049921, 20.080073691307831 ], [ -155.866356589677906, 20.080604021132032 ], [ -155.866783096818779, 20.081126988470231 ], [ -155.867256547340617, 20.081499264486201 ], [ -155.867213027908178, 20.081787524636379 ], [ -155.867538437986269, 20.082946789351134 ], [ -155.867426991771225, 20.083680879210903 ], [ -155.868064322419883, 20.083948040052768 ], [ -155.86888060964327, 20.084533984383857 ], [ -155.86948075039686, 20.084785539815748 ], [ -155.869925031937612, 20.085330633602553 ], [ -155.870614285121974, 20.085619466248399 ], [ -155.870569500510186, 20.085915241825571 ], [ -155.87098564968565, 20.08624246447285 ], [ -155.870829121010303, 20.087273782678242 ], [ -155.871146059298809, 20.087522954328943 ], [ -155.871389331348382, 20.08809872533357 ], [ -155.871982004760127, 20.088896079582643 ], [ -155.8719392016867, 20.089176685421805 ], [ -155.871981266932778, 20.089553069412702 ], [ -155.872530272294256, 20.089984587748699 ], [ -155.873265322117135, 20.090886141112648 ], [ -155.873930866444852, 20.090819928385045 ], [ -155.874337044022894, 20.090874990838667 ], [ -155.874071043356338, 20.092627090770421 ], [ -155.874785608911537, 20.093588569516953 ], [ -155.874707715040444, 20.09409994048189 ], [ -155.874778286339392, 20.094732676549992 ], [ -155.876066393511877, 20.095272482574337 ], [ -155.876512905455741, 20.096328241205295 ], [ -155.877719225653493, 20.098352882653757 ], [ -155.877359080289636, 20.09861491301956 ], [ -155.877267410590775, 20.098283134260431 ], [ -155.877011694550845, 20.098516073674325 ], [ -155.877359080289636, 20.09861491301956 ], [ -155.877478089766583, 20.099304039827501 ], [ -155.877780928713179, 20.099560093492087 ], [ -155.878035066142843, 20.100126267754987 ], [ -155.878894891791902, 20.101204546996769 ], [ -155.879243130025998, 20.101980501843698 ], [ -155.878850438453128, 20.102288235696964 ], [ -155.878900443844458, 20.10305534099081 ], [ -155.880279323919353, 20.10366614836191 ], [ -155.880976592865522, 20.10404989571683 ], [ -155.881615533606322, 20.104777838194547 ], [ -155.882544930430697, 20.105060174075483 ], [ -155.883404486138375, 20.105533255887831 ], [ -155.883366203292525, 20.10589711307048 ], [ -155.883383786664353, 20.106168213139476 ], [ -155.883355475773328, 20.106438501720181 ], [ -155.883373482542794, 20.10671648477576 ], [ -155.882537549564148, 20.108497397710405 ], [ -155.882148230221304, 20.109128610173986 ], [ -155.882481937058913, 20.109410458892302 ], [ -155.882426041865045, 20.109942321369314 ], [ -155.882444289621077, 20.110222159659067 ], [ -155.882084284517248, 20.110504165120883 ], [ -155.882138787747465, 20.11134156008568 ], [ -155.883286583977906, 20.111849891980274 ], [ -155.882689410383875, 20.112317837593185 ], [ -155.882387190305764, 20.113017361830988 ], [ -155.884338747061776, 20.11290405477472 ], [ -155.8834802699524, 20.114295310969805 ], [ -155.884368883292666, 20.115409519851237 ], [ -155.884309488596557, 20.11597675657794 ], [ -155.884898727612551, 20.1164749397309 ], [ -155.885152910565665, 20.117041109812988 ], [ -155.886648970286814, 20.117326310191523 ], [ -155.887290456966582, 20.11805666541866 ], [ -155.886593167781626, 20.118602980057101 ], [ -155.886279236079645, 20.119144696350748 ], [ -155.887307585067759, 20.120570499014867 ], [ -155.887965339888183, 20.120861768673151 ], [ -155.888270210432864, 20.121541219930894 ], [ -155.889652717606026, 20.122516310399895 ], [ -155.890301629367741, 20.123255119421565 ], [ -155.891081751129633, 20.123914265153637 ], [ -155.891025163415321, 20.12445365691881 ], [ -155.891540465154009, 20.125366091675669 ], [ -155.890976528838735, 20.125807939737065 ], [ -155.891020126107804, 20.126476958309279 ], [ -155.890977665902284, 20.12688239410042 ], [ -155.891004056326608, 20.127289045309844 ], [ -155.890935705096325, 20.127941675340356 ], [ -155.891816463076225, 20.129331668469618 ], [ -155.891486157253865, 20.130134374494823 ], [ -155.891504849937007, 20.130420700230623 ], [ -155.891188602661686, 20.130668454172795 ], [ -155.891207530134324, 20.130957031788601 ], [ -155.890774964734106, 20.131295815235301 ], [ -155.891424197325051, 20.132444649721993 ], [ -155.891709553396169, 20.133404328758402 ], [ -155.892564275237817, 20.134753270029673 ], [ -155.892873216080545, 20.135441251931937 ], [ -155.892787644327029, 20.136256608369003 ], [ -155.892814448194031, 20.136670803660177 ], [ -155.892451688951041, 20.137259134347936 ], [ -155.892548744852945, 20.138749929748155 ], [ -155.893338428925347, 20.139099579652179 ], [ -155.894299314616291, 20.139768918703048 ], [ -155.895120784927116, 20.141598290354359 ], [ -155.895704877832998, 20.142631991946423 ], [ -155.895475789907749, 20.144814374861959 ], [ -155.896225277824669, 20.145853373821641 ], [ -155.895463883381694, 20.146449751216323 ], [ -155.895482816411572, 20.14673832921854 ], [ -155.895122737268991, 20.147020352423347 ], [ -155.895174092091565, 20.147807318173612 ], [ -155.895145783113207, 20.148077609255232 ], [ -155.895180591573364, 20.148611077964532 ], [ -155.894675450699651, 20.149006630763367 ], [ -155.895126577294747, 20.150237115935489 ], [ -155.895070001359983, 20.150775450806915 ], [ -155.895395822918033, 20.151050668753314 ], [ -155.895785247911959, 20.151493872581678 ], [ -155.897005093066639, 20.15252451016762 ], [ -155.897587013029352, 20.155171282313084 ], [ -155.897879278167551, 20.155968711632063 ], [ -155.898106788203165, 20.157888358233929 ], [ -155.898454333131184, 20.158836173242925 ], [ -155.898313263898643, 20.160177855927536 ], [ -155.898732039852575, 20.162168705611133 ], [ -155.899470770507548, 20.162495759200834 ], [ -155.900052839080047, 20.163792146646536 ], [ -155.899130267211973, 20.166034367595369 ], [ -155.899671679555695, 20.168607967529812 ], [ -155.899601298312717, 20.169277886145412 ], [ -155.899658871828535, 20.170161748858231 ], [ -155.900745233006461, 20.170642623932356 ], [ -155.900715189233551, 20.170929809908145 ], [ -155.901035024410618, 20.171496070735547 ], [ -155.900878018378421, 20.17299190997246 ], [ -155.899655929449892, 20.173949068028971 ], [ -155.900073828137806, 20.175504363207224 ], [ -155.90034748485607, 20.176748772222524 ], [ -155.900283625245152, 20.177357718975468 ], [ -155.900720317515322, 20.178982894267886 ], [ -155.901713677674167, 20.17959514571071 ], [ -155.901949367199762, 20.181103197000812 ], [ -155.901302078427278, 20.182676202600334 ], [ -155.900762685746599, 20.183098659315974 ], [ -155.900491506656977, 20.183384764586741 ], [ -155.90003859571388, 20.183739459714896 ], [ -155.901049245787902, 20.184186877406802 ], [ -155.901303564365008, 20.184753042538965 ], [ -155.901750075033476, 20.185543143398007 ], [ -155.902216334624768, 20.186581111824498 ], [ -155.903002661140079, 20.186929233014315 ], [ -155.903250884408095, 20.18780416038723 ], [ -155.902094472825411, 20.188267176265771 ], [ -155.901760350429669, 20.188619738177167 ], [ -155.901831908640389, 20.189717121995773 ], [ -155.902366634998401, 20.190168835466533 ], [ -155.902311757550194, 20.190691599875372 ], [ -155.902630278529642, 20.191255326721972 ], [ -155.903113995026473, 20.192332079386293 ], [ -155.903441375638636, 20.193821781998793 ], [ -155.90407358075376, 20.194939892486342 ], [ -155.90393103678386, 20.196297947149581 ], [ -155.90395744630797, 20.196704599633076 ], [ -155.903917419706403, 20.197085487482308 ], [ -155.903053911438832, 20.197761783420106 ], [ -155.902715489298146, 20.198755149794295 ], [ -155.902819282909121, 20.200346819706848 ], [ -155.902345547163463, 20.201114209846487 ], [ -155.902718957010222, 20.202132296504136 ], [ -155.901779444161036, 20.202868063418492 ], [ -155.901845807546209, 20.203887872951672 ], [ -155.901439698144372, 20.20487475056915 ], [ -155.901499189062832, 20.205788793262748 ], [ -155.901121683687592, 20.207565538884229 ], [ -155.901258303418501, 20.20966247796003 ], [ -155.901674339370771, 20.211640061385008 ], [ -155.902810605762312, 20.212599686753929 ], [ -155.902699457015018, 20.213657220039934 ], [ -155.901825502810709, 20.214006990034122 ], [ -155.901900268152815, 20.215153880566369 ], [ -155.900958163294234, 20.216680141374805 ], [ -155.900676185180657, 20.217507629210431 ], [ -155.900330954428654, 20.218346030947778 ], [ -155.900372422123866, 20.218981559984169 ], [ -155.900304361259714, 20.219630756132357 ], [ -155.900660812331324, 20.220261404330031 ], [ -155.899665976591166, 20.221873061810861 ], [ -155.899715335390511, 20.222633150620073 ], [ -155.899307203805108, 20.223294317312767 ], [ -155.898721834687024, 20.223752562549908 ], [ -155.898825148001663, 20.225337080461347 ], [ -155.898167578541518, 20.226934059320975 ], [ -155.898751896984635, 20.22774353848488 ], [ -155.899380581974043, 20.228731770851276 ], [ -155.898979083357801, 20.229382341821037 ], [ -155.899304687673805, 20.229958502384537 ], [ -155.898676883590383, 20.230450107238372 ], [ -155.898400232304425, 20.231006891095298 ], [ -155.898038671459005, 20.231592715461577 ], [ -155.898088018395384, 20.232352803378934 ], [ -155.897449704461621, 20.233386984658221 ], [ -155.896896378000804, 20.234500544945803 ], [ -155.896296519188297, 20.234740619191061 ], [ -155.895977278381451, 20.23567730788762 ], [ -155.896022134604692, 20.236366709572405 ], [ -155.895106283159265, 20.236885855942813 ], [ -155.894834987098307, 20.237171937390055 ], [ -155.894150106865908, 20.2374459320237 ], [ -155.893421878635934, 20.23737776134638 ], [ -155.893038389096176, 20.239486498550459 ], [ -155.893077237214357, 20.240082841735191 ], [ -155.892736476639556, 20.240634905763361 ], [ -155.892214605413386, 20.24168513885224 ], [ -155.889700402559356, 20.242351230107996 ], [ -155.890115516274022, 20.241189766432761 ], [ -155.890441576622095, 20.240869891659841 ], [ -155.891059942378405, 20.240349200803497 ], [ -155.891036531820959, 20.239287450875299 ], [ -155.89247383930919, 20.235204968072303 ], [ -155.891542938997986, 20.233875647576014 ], [ -155.892358882316131, 20.23273066634572 ], [ -155.893155294054935, 20.232060006784813 ], [ -155.893509383353688, 20.231456344786753 ], [ -155.893481841101561, 20.230206633558883 ], [ -155.893822555055635, 20.229556720393269 ], [ -155.894131101492263, 20.229030920957808 ], [ -155.894442307271675, 20.227891926591429 ], [ -155.895423314810415, 20.227065855654985 ], [ -155.894958141050267, 20.226197126171961 ], [ -155.895969022897788, 20.224472739466719 ], [ -155.895381493616554, 20.223939010359778 ], [ -155.895351117663239, 20.222562843515423 ], [ -155.895991612718831, 20.222023343914476 ], [ -155.896299637769999, 20.220393745161154 ], [ -155.897227387758022, 20.21917084411302 ], [ -155.896779624724445, 20.217425271702535 ], [ -155.897247910163514, 20.216626341263282 ], [ -155.896900782376576, 20.215272866585103 ], [ -155.89754395332227, 20.215260174702188 ], [ -155.898619276679341, 20.215987097428023 ], [ -155.899832966464459, 20.215472385427645 ], [ -155.899872122721717, 20.214839735226729 ], [ -155.899594156898161, 20.213953037927332 ], [ -155.899301358370423, 20.213687388039581 ], [ -155.898744918759377, 20.213098557082816 ], [ -155.898378082831726, 20.214743918294104 ], [ -155.897879883383553, 20.213605807947662 ], [ -155.898176290406525, 20.212573636835337 ], [ -155.898737066405602, 20.212604570561851 ], [ -155.898831542576147, 20.211075245658037 ], [ -155.898516906166179, 20.21041373440903 ], [ -155.897948100113098, 20.209601626088165 ], [ -155.897694229606032, 20.208503666787941 ], [ -155.897370040292913, 20.207575691440518 ], [ -155.897758289712897, 20.206276336376579 ], [ -155.897720607417796, 20.204574375071701 ], [ -155.899048170614805, 20.203001781004684 ], [ -155.898967434935628, 20.199358041952074 ], [ -155.900486039288552, 20.198078898358808 ], [ -155.900477983527566, 20.197721889132577 ], [ -155.900786723723797, 20.197195409259351 ], [ -155.901078535466212, 20.196377873638042 ], [ -155.901638314808395, 20.194956314429071 ], [ -155.901797343917963, 20.19238396195464 ], [ -155.899763313367401, 20.190938850114375 ], [ -155.897773967353174, 20.190166723345946 ], [ -155.897766441299297, 20.189825590483306 ], [ -155.897839400160592, 20.188645345058834 ], [ -155.897253779481474, 20.186508215775465 ], [ -155.896185431416086, 20.185537877545784 ], [ -155.895590165676822, 20.184425822165437 ], [ -155.896164285999845, 20.183834753265351 ], [ -155.896500962965746, 20.183551134814014 ], [ -155.89646683014422, 20.182008429963734 ], [ -155.897327152909014, 20.181164048879573 ], [ -155.898607216973119, 20.180621000215517 ], [ -155.898223122624103, 20.179395795971885 ], [ -155.896574806929038, 20.178155411541049 ], [ -155.895438158005504, 20.177624167185559 ], [ -155.895746431131982, 20.175974461018448 ], [ -155.896401232770671, 20.174546129399893 ], [ -155.896364283320679, 20.172876441075285 ], [ -155.896487061082155, 20.170890785644527 ], [ -155.895869437442997, 20.170329838436288 ], [ -155.896459183209487, 20.168946499940883 ], [ -155.897020035082392, 20.167989460599497 ], [ -155.896507209848437, 20.166520547222113 ], [ -155.896274809344817, 20.164339808325106 ], [ -155.894619808029319, 20.163148095581008 ], [ -155.894579794688013, 20.161336347539237 ], [ -155.894645359020615, 20.160273913241447 ], [ -155.894067143829091, 20.158870614685437 ], [ -155.894130648876029, 20.15784146416993 ], [ -155.893822799081931, 20.157266284469639 ], [ -155.893318927367517, 20.15565895764999 ], [ -155.892525378638936, 20.154525023802943 ], [ -155.891356229761072, 20.15206739208536 ], [ -155.890988455750914, 20.151733380614083 ], [ -155.89154577093413, 20.148606006418898 ], [ -155.891019524855039, 20.147098241980714 ], [ -155.891468365532006, 20.145841207114408 ], [ -155.892072217002493, 20.144306729906869 ], [ -155.891809078881408, 20.143680905270283 ], [ -155.8915217699018, 20.14314456427773 ], [ -155.890962201169742, 20.141708141179851 ], [ -155.889840523541295, 20.14068925822 ], [ -155.890461518159725, 20.139334777545297 ], [ -155.890783593277007, 20.137888805371173 ], [ -155.891382695109201, 20.136366142905278 ], [ -155.891093239342894, 20.135825665812181 ], [ -155.890426942224877, 20.133699938533411 ], [ -155.889515610420887, 20.13327382164892 ], [ -155.889094666738202, 20.132389226909584 ], [ -155.887690876293362, 20.131113868884704 ], [ -155.887915845276439, 20.127474614786028 ], [ -155.887550301763724, 20.127087489255075 ], [ -155.886474999989076, 20.126404466534339 ], [ -155.886144137142566, 20.125708686126185 ], [ -155.884794604933546, 20.124482533781961 ], [ -155.884329630492743, 20.123505128042598 ], [ -155.883868260853916, 20.122642685606081 ], [ -155.883996914438029, 20.120559569228703 ], [ -155.883088019229319, 20.12050937689601 ], [ -155.882620011306329, 20.120518680937483 ], [ -155.881081779860239, 20.118548467004871 ], [ -155.881196375402226, 20.116695435898531 ], [ -155.88085420275857, 20.117220642217333 ], [ -155.880490471193866, 20.117915105234452 ], [ -155.88070943197863, 20.114372156190662 ], [ -155.88006264905377, 20.113163313011974 ], [ -155.880157856589051, 20.111624228565457 ], [ -155.879874599712622, 20.109350038715725 ], [ -155.879122931283177, 20.109364892821414 ], [ -155.879872246719543, 20.108085832957737 ], [ -155.878754900978208, 20.10452147336521 ], [ -155.877292803845904, 20.104055548080147 ], [ -155.876114133830356, 20.102258280746799 ], [ -155.875710635836754, 20.102235924966454 ], [ -155.875418551663529, 20.102241722656125 ], [ -155.875153881746257, 20.101684746360981 ], [ -155.874866689353837, 20.101148393681925 ], [ -155.874354550103163, 20.100070841121759 ], [ -155.873477696995167, 20.099273871333782 ], [ -155.872683700782716, 20.097604126977007 ], [ -155.872070548260467, 20.097046916861395 ], [ -155.872675554143115, 20.096013900718155 ], [ -155.871844461699169, 20.095127166743755 ], [ -155.870534079963051, 20.09480761169743 ], [ -155.87009151981519, 20.092893804396688 ], [ -155.869606018854995, 20.092379577800862 ], [ -155.869044586458955, 20.091869291053658 ], [ -155.869037618632802, 20.091558185829069 ], [ -155.869594215897251, 20.090143923135109 ], [ -155.868847756970524, 20.089465474303712 ], [ -155.868518504848254, 20.0888503593367 ], [ -155.867999992253885, 20.087759197243216 ], [ -155.86768628433137, 20.087741859373057 ], [ -155.867112813952303, 20.087753227061469 ], [ -155.866825881005667, 20.087149968087868 ], [ -155.865792427404784, 20.08621043405314 ], [ -155.864896116817789, 20.083641080210842 ], [ -155.864385035112491, 20.082009926513006 ], [ -155.863203492748227, 20.081158321114618 ], [ -155.863278565872889, 20.079946540951145 ], [ -155.862398396432155, 20.079534894962251 ], [ -155.862139465982182, 20.07870762095331 ], [ -155.861852351457514, 20.078171257366133 ], [ -155.861440011235999, 20.077303704400261 ], [ -155.85993644521767, 20.077333150269663 ], [ -155.858645152962424, 20.076921444463878 ], [ -155.857071360025031, 20.075490975678285 ], [ -155.856723774649453, 20.074381417683231 ], [ -155.8557945812816, 20.073946525937178 ], [ -155.855382286538202, 20.072630081243044 ], [ -155.855089802256543, 20.072364398914146 ], [ -155.854832187227402, 20.071249170231596 ], [ -155.853689783810097, 20.070714744567994 ], [ -155.853420099261911, 20.070428840421695 ], [ -155.853127622317515, 20.070163155771436 ], [ -155.851749853563717, 20.06796200652553 ], [ -155.851048628369909, 20.06763389443541 ], [ -155.850636383622117, 20.066317445375699 ], [ -155.850079078351456, 20.064963899108836 ], [ -155.849735487142539, 20.063069425093669 ], [ -155.847913474145429, 20.063636651317569 ], [ -155.846977156520524, 20.063002739457161 ], [ -155.845743140299049, 20.06270158749772 ], [ -155.844733558989702, 20.059953909767387 ], [ -155.844025554686993, 20.059309917756913 ], [ -155.843620802791719, 20.058881041249251 ], [ -155.843328363364805, 20.058615345145665 ], [ -155.843058717452294, 20.058329430124122 ], [ -155.842251925034901, 20.057951804345485 ], [ -155.841803718886013, 20.056521127097987 ], [ -155.840815006165201, 20.055851876408649 ], [ -155.839973192729389, 20.055868285295904 ], [ -155.839603388968243, 20.055176649635754 ], [ -155.840828591215057, 20.054656739463905 ], [ -155.840062699241571, 20.053412093698054 ], [ -155.838264534857188, 20.053911167335656 ], [ -155.837060151753747, 20.054285993124829 ], [ -155.837215622605498, 20.051779820810637 ], [ -155.836283670512273, 20.050585077177853 ], [ -155.83578453951796, 20.049534266259474 ], [ -155.835492130253527, 20.049268561041199 ], [ -155.835222513822401, 20.048982637853619 ], [ -155.834643665567143, 20.048711800318451 ], [ -155.834147442225429, 20.047126352740168 ], [ -155.831790342131768, 20.044498999007647 ], [ -155.829814727477441, 20.042859646246466 ], [ -155.828186127217265, 20.042097282439119 ], [ -155.827609222979163, 20.040882434981061 ], [ -155.825692774478057, 20.040270899946453 ], [ -155.824398809906995, 20.038899842907252 ], [ -155.823938831454257, 20.038481311172703 ], [ -155.82405303755246, 20.036643178218117 ], [ -155.822397610078042, 20.035522380419462 ], [ -155.821368407929157, 20.035040459941087 ], [ -155.820368413337974, 20.032469255305688 ], [ -155.818428693550374, 20.030214192889634 ], [ -155.818373738264683, 20.027692114462724 ], [ -155.819041312020374, 20.026552789264795 ], [ -155.819107933107603, 20.02548132057602 ], [ -155.818381178641687, 20.024711179608275 ], [ -155.817672608865053, 20.024066439706218 ], [ -155.817954066435618, 20.023760929214344 ], [ -155.818334590031498, 20.023440276707436 ], [ -155.817992525551659, 20.020948334213852 ], [ -155.818052933130275, 20.019976973812319 ], [ -155.818017395566187, 20.018351666835429 ], [ -155.818101417498013, 20.016999288179299 ], [ -155.818095491195635, 20.016723908235203 ], [ -155.818404039539985, 20.016197553098785 ], [ -155.819245148263491, 20.014592370926046 ], [ -155.820145875822021, 20.013833114631911 ], [ -155.820190904629186, 20.013110569778334 ], [ -155.820166087847923, 20.011979940762586 ], [ -155.820495708215617, 20.01135082995539 ], [ -155.821299313667652, 20.011010002685097 ], [ -155.82049462604752, 20.010277876642395 ], [ -155.821242924319591, 20.009960383007861 ], [ -155.822109405069995, 20.008481240279838 ], [ -155.821681548506859, 20.006120767992098 ], [ -155.820587047459696, 20.005124957686053 ], [ -155.820669799097914, 20.003791721517842 ], [ -155.820130863509718, 20.002783279529854 ], [ -155.820994299958983, 20.000799413828599 ], [ -155.822751004144067, 19.998908391888676 ], [ -155.822497044402837, 19.99784782125176 ], [ -155.821113259643909, 19.995867633750059 ], [ -155.821049999395257, 19.992973472040465 ], [ -155.821933225064527, 19.98901079921129 ], [ -155.822942222528212, 19.98708505287598 ], [ -155.824472485445199, 19.985163882929641 ], [ -155.823667073075654, 19.982367338793527 ], [ -155.824170683016121, 19.978678527698783 ], [ -155.825121979018149, 19.976863048873483 ], [ -155.826383417027017, 19.975453205249323 ], [ -155.826818858689165, 19.972174084828204 ], [ -155.828479549245145, 19.970335313868134 ], [ -155.828630892791892, 19.970207919870369 ] ], [ [ -155.828997616268964, 20.037638822939208 ], [ -155.829348550628055, 20.037552434350935 ], [ -155.829102421956122, 20.037310557998516 ], [ -155.828997616268964, 20.037638822939208 ], [ -155.828646681623638, 20.037725210776788 ], [ -155.828892810051059, 20.037967087748299 ], [ -155.828997616268964, 20.037638822939208 ] ], [ [ -155.827857378834153, 20.03734758411116 ], [ -155.827948924295555, 20.037679371779596 ], [ -155.82820458990318, 20.037446498672637 ], [ -155.827857378834153, 20.03734758411116 ] ], [ [ -155.819774783145817, 20.026100449220738 ], [ -155.820733842972942, 20.027353648874094 ], [ -155.821304921613802, 20.027449326911228 ], [ -155.820628028975136, 20.02634161637123 ], [ -155.819774783145817, 20.026100449220738 ] ] ] } },
{ "type": "Feature", "properties": { "ID": 701, "GRIDCODE": 1 }, "geometry": { "type": "Polygon", "coordinates": [ [ [ -155.868431843162909, 19.941670302387912 ], [ -155.869098002271528, 19.941809782064311 ], [ -155.868787251503477, 19.942309121492784 ], [ -155.868193141653677, 19.942103743404356 ], [ -155.868431843162909, 19.941670302387912 ] ] ] } },
{ "type": "Feature", "properties": { "ID": 702, "GRIDCODE": 1 }, "geometry": { "type": "Polygon", "coordinates": [ [ [ -155.886975639792439, 19.916000358091402 ], [ -155.887322647738898, 19.91609925910733 ], [ -155.887067284540052, 19.916331994054296 ], [ -155.886975639792439, 19.916000358091402 ] ] ] } },
{ "type": "Feature", "properties": { "ID": 703, "GRIDCODE": 1 }, "geometry": { "type": "Polygon", "coordinates": [ [ [ -156.027267811837419, 19.670057698715432 ], [ -156.027787638904982, 19.670166014231981 ], [ -156.02734381142605, 19.670962417893648 ], [ -156.027045046200897, 19.670464216965858 ], [ -156.027267811837419, 19.670057698715432 ] ] ] } },
{ "type": "Feature", "properties": { "ID": 704, "GRIDCODE": 1 }, "geometry": { "type": "Polygon", "coordinates": [ [ [ -155.998399027186508, 19.638974529423145 ], [ -155.998745560523588, 19.63907314588948 ], [ -155.998490837691605, 19.639306126466803 ], [ -155.998399027186508, 19.638974529423145 ] ] ] } },
{ "type": "Feature", "properties": { "ID": 705, "GRIDCODE": 1 }, "geometry": { "type": "Polygon", "coordinates": [ [ [ -155.996684521524855, 19.63894589315758 ], [ -155.996315906644355, 19.63878898411048 ], [ -155.99658156035008, 19.638328741822807 ], [ -155.996684521524855, 19.63894589315758 ] ] ] } },
{ "type": "Feature", "properties": { "ID": 706, "GRIDCODE": 1 }, "geometry": { "type": "Polygon", "coordinates": [ [ [ -155.926779151773331, 19.481778130272986 ], [ -155.930615204663269, 19.482215070875274 ], [ -155.928613899981173, 19.482552687937499 ], [ -155.92703793074034, 19.482073435122626 ], [ -155.926779151773331, 19.481778130272986 ] ] ] } },
{ "type": "Feature", "properties": { "ID": 707, "GRIDCODE": 1 }, "geometry": { "type": "Polygon", "coordinates": [ [ [ -155.926498808234925, 19.481502558180342 ], [ -155.926784263107123, 19.48150740593357 ], [ -155.926779151773331, 19.481778130272986 ], [ -155.926493696428167, 19.481773282447097 ], [ -155.926498808234925, 19.481502558180342 ] ] ] } },
{ "type": "Feature", "properties": { "ID": 708, "GRIDCODE": 1 }, "geometry": { "type": "Polygon", "coordinates": [ [ [ -155.926498808234925, 19.481502558180342 ], [ -155.925844390201291, 19.481381690303113 ], [ -155.926350304997044, 19.481156232933689 ], [ -155.926498808234925, 19.481502558180342 ] ] ] } },
{ "type": "Feature", "properties": { "ID": 709, "GRIDCODE": 1 }, "geometry": { "type": "Polygon", "coordinates": [ [ [ -155.925657783294838, 19.480675840026134 ], [ -155.92600392700777, 19.480774546594176 ], [ -155.925749397813405, 19.481007447142133 ], [ -155.925657783294838, 19.480675840026134 ] ] ] } },
{ "type": "Feature", "properties": { "ID": 710, "GRIDCODE": 1 }, "geometry": { "type": "Polygon", "coordinates": [ [ [ -155.924526200824062, 19.4801149924144 ], [ -155.925494605328538, 19.480368405712778 ], [ -155.924988342696025, 19.480774748088727 ], [ -155.924526200824062, 19.4801149924144 ] ] ] } },
{ "type": "Feature", "properties": { "ID": 711, "GRIDCODE": 1 }, "geometry": { "type": "Polygon", "coordinates": [ [ [ -155.923960412809976, 19.479834566338841 ], [ -155.924531315429476, 19.479844268600207 ], [ -155.924526200824062, 19.4801149924144 ], [ -155.923955297258772, 19.480105290007604 ], [ -155.923960412809976, 19.479834566338841 ] ] ] } },
{ "type": "Feature", "properties": { "ID": 712, "GRIDCODE": 1 }, "geometry": { "type": "Polygon", "coordinates": [ [ [ -155.923680077566928, 19.479558990929803 ], [ -155.923965528275801, 19.479563842660706 ], [ -155.923960412809976, 19.479834566338841 ], [ -155.923674961628222, 19.479829714535203 ], [ -155.923680077566928, 19.479558990929803 ] ] ] } },
{ "type": "Feature", "properties": { "ID": 713, "GRIDCODE": 1 }, "geometry": { "type": "Polygon", "coordinates": [ [ [ -155.923114293204321, 19.479278562652791 ], [ -155.92368519342034, 19.479288267315013 ], [ -155.923680077566928, 19.479558990929803 ], [ -155.923109176405177, 19.479549286122104 ], [ -155.923114293204321, 19.479278562652791 ] ] ] } },
{ "type": "Feature", "properties": { "ID": 714, "GRIDCODE": 1 }, "geometry": { "type": "Polygon", "coordinates": [ [ [ -155.996684521524855, 19.63894589315758 ], [ -155.997105323996834, 19.639328476339855 ], [ -155.997378450135614, 19.640506775108456 ], [ -155.997969278073668, 19.640993226171858 ], [ -155.998509285416873, 19.640460336256492 ], [ -155.999120828713558, 19.640493556059713 ], [ -155.999952593667615, 19.639672229179904 ], [ -156.000540097671774, 19.639421790135309 ], [ -156.00083272710765, 19.638455785534795 ], [ -155.999982596759963, 19.638058376408097 ], [ -155.999714035287468, 19.637729648494194 ], [ -156.001174410248382, 19.637809026079847 ], [ -156.00169206799049, 19.638357718536142 ], [ -156.003749720729758, 19.638938167621088 ], [ -156.005012026712166, 19.640275233652815 ], [ -156.006010239091324, 19.640742000534861 ], [ -156.007520819183242, 19.642767122894316 ], [ -156.008842214726343, 19.643088505657545 ], [ -156.009873518371677, 19.644181291669362 ], [ -156.011183539575256, 19.644499824969071 ], [ -156.012589336808247, 19.64447056730857 ], [ -156.013509896314076, 19.644520513346812 ], [ -156.013849156052828, 19.645601514749771 ], [ -156.014860166452962, 19.646074005469156 ], [ -156.015842710987329, 19.647572455599324 ], [ -156.017815734065834, 19.647531155864961 ], [ -156.018187097220903, 19.648311974219233 ], [ -156.018698923354066, 19.647806850388005 ], [ -156.019843174714424, 19.647868676131129 ], [ -156.020361801829438, 19.648959521725875 ], [ -156.02252459048654, 19.649255619607114 ], [ -156.023210805788381, 19.647937982971591 ], [ -156.023877254587433, 19.647373251124812 ], [ -156.024540989791234, 19.647409367871344 ], [ -156.026258771993724, 19.647373269432737 ], [ -156.027547425336877, 19.647825162652346 ], [ -156.027520893283707, 19.648265082403174 ], [ -156.027813306680486, 19.648530696204318 ], [ -156.028094959822596, 19.649122764152807 ], [ -156.029234412216454, 19.650158531581159 ], [ -156.0303439535449, 19.651333708941586 ], [ -156.03029814424292, 19.652093067585817 ], [ -156.03060127796175, 19.652368376542455 ], [ -156.03088563041419, 19.652966305019117 ], [ -156.030824102908838, 19.653988032948089 ], [ -156.03113821930188, 19.65427357322454 ], [ -156.031105275624128, 19.65481944486271 ], [ -156.031128096158255, 19.655793638004532 ], [ -156.031960421994427, 19.656182425018514 ], [ -156.032254721564101, 19.656801675255988 ], [ -156.032190792971193, 19.657863036532433 ], [ -156.031623586036403, 19.658343481282099 ], [ -156.031310795940726, 19.658652514234706 ], [ -156.031329114770614, 19.659431446513864 ], [ -156.030704459955416, 19.661029423670829 ], [ -156.030717420558773, 19.661583723483016 ], [ -156.030701268472455, 19.661854283909602 ], [ -156.030713899465468, 19.662396147684014 ], [ -156.030681315498981, 19.662937263841179 ], [ -156.030735454422768, 19.665256854383337 ], [ -156.029963046289168, 19.666583405642836 ], [ -156.027428119557783, 19.666998477410718 ], [ -156.026786649879597, 19.668807472561266 ], [ -156.026024261637531, 19.668000350761233 ], [ -156.025694960231988, 19.668007326395422 ], [ -156.025057662579172, 19.668636541973822 ], [ -156.02428421411588, 19.668232295984058 ], [ -156.022726532866358, 19.668264922019166 ], [ -156.021246877883556, 19.668184838920357 ], [ -156.02085560075281, 19.669248424733407 ], [ -156.023422516883414, 19.669582456491796 ], [ -156.024386267983147, 19.670234768130982 ], [ -156.02570940564533, 19.669599199558164 ], [ -156.026325013665996, 19.67025102321994 ], [ -156.025770019462016, 19.672123067396868 ], [ -156.026204608092314, 19.674277571264906 ], [ -156.026164828541738, 19.674934935552727 ], [ -156.025307038836644, 19.675301041816358 ], [ -156.024731357709385, 19.676114557232459 ], [ -156.024024501843371, 19.67671325442841 ], [ -156.024420715767462, 19.677452958038561 ], [ -156.025075476894841, 19.679538117819071 ], [ -156.025522848406382, 19.679096184395302 ], [ -156.027076791520528, 19.678772821620896 ], [ -156.02668596897152, 19.678042732781936 ], [ -156.026260230144516, 19.677147294622838 ], [ -156.026835149860801, 19.676420245887936 ], [ -156.027262623006891, 19.677781459078538 ], [ -156.029803870547653, 19.678153340292511 ], [ -156.03066260243159, 19.679462706869362 ], [ -156.032054123735833, 19.680346607738883 ], [ -156.031495333121313, 19.680820040426177 ], [ -156.030922879719526, 19.681458809125143 ], [ -156.031798358454125, 19.682179189231096 ], [ -156.032338426656139, 19.68164620296087 ], [ -156.032761863399799, 19.681669074233618 ], [ -156.033736916281896, 19.683305135598125 ], [ -156.034034891843163, 19.683575599449171 ], [ -156.033454816925257, 19.684067199283174 ], [ -156.033108331662959, 19.684731926789102 ], [ -156.033144101084702, 19.686260418664567 ], [ -156.03162310164754, 19.687155648173018 ], [ -156.031660902954513, 19.688769863505595 ], [ -156.032805018803998, 19.689809683644732 ], [ -156.034119613911258, 19.689781966518076 ], [ -156.034494863307856, 19.688723638286451 ], [ -156.034832645709173, 19.688198145826558 ], [ -156.035352215190954, 19.688748388636185 ], [ -156.035644437885281, 19.689013466449229 ], [ -156.035978313084286, 19.689367039610513 ], [ -156.037145862649112, 19.691820342203183 ], [ -156.038743665106779, 19.69122916604751 ], [ -156.040723613556111, 19.69208702411844 ], [ -156.043325835963913, 19.692392569393739 ], [ -156.044343430780401, 19.693469913254031 ], [ -156.044951794299948, 19.69540668849859 ], [ -156.045519964532758, 19.69621795904877 ], [ -156.045784524247438, 19.696774555918481 ], [ -156.046324244790185, 19.697782130811458 ], [ -156.046607324541753, 19.69868391673943 ], [ -156.047565000482422, 19.699909958659358 ], [ -156.048018218869686, 19.700321549885562 ], [ -156.048351595905842, 19.700674568145423 ], [ -156.048258042408605, 19.702226597403101 ], [ -156.048276913617684, 19.70303939784193 ], [ -156.048203737891299, 19.70425692748864 ], [ -156.048225038161547, 19.705165510375267 ], [ -156.047891507348908, 19.706554368241378 ], [ -156.04817926881762, 19.707673635244948 ], [ -156.0481486905677, 19.708183053357942 ], [ -156.04816246151259, 19.708771488540982 ], [ -156.048712115990213, 19.709270890123324 ], [ -156.048681171816469, 19.709785063071831 ], [ -156.048977283430759, 19.710936734108369 ], [ -156.048946343867357, 19.711450642685765 ], [ -156.049237420583182, 19.711994450437736 ], [ -156.04889840560233, 19.712281914475643 ], [ -156.048964451506805, 19.715103440535991 ], [ -156.050530911245659, 19.716231594612434 ], [ -156.050882654593948, 19.716970529854716 ], [ -156.05233064113375, 19.718286091021117 ], [ -156.052957329753639, 19.718272861459649 ], [ -156.054791585936215, 19.720214178960887 ], [ -156.055927246676589, 19.7207446208775 ], [ -156.056235457786642, 19.721391851463473 ], [ -156.057055510713866, 19.722136622270167 ], [ -156.057833038060096, 19.723770150181018 ], [ -156.058591293276947, 19.724458888253181 ], [ -156.059092425043247, 19.724989208098442 ], [ -156.059823994373573, 19.726525968487675 ], [ -156.060402246129541, 19.726795712559145 ], [ -156.061074253592068, 19.72714686770335 ], [ -156.060464991479478, 19.729684908052025 ], [ -156.060045671631741, 19.730039838513804 ], [ -156.059625530055257, 19.730454792109526 ], [ -156.058837084193016, 19.731122889540526 ], [ -156.058311101125639, 19.731094413275727 ], [ -156.057461213747274, 19.731502564981991 ], [ -156.056429452804622, 19.731943163178521 ], [ -156.052768917446201, 19.735556083328436 ], [ -156.052791490175792, 19.736517319661115 ], [ -156.053884713657311, 19.738558605544259 ], [ -156.054170508998169, 19.740123491931325 ], [ -156.053787303939231, 19.742297314438471 ], [ -156.053810179144762, 19.743272573451158 ], [ -156.054360869266986, 19.74430042465313 ], [ -156.054700975693095, 19.746163483508884 ], [ -156.054274844484411, 19.747601072869955 ], [ -156.052559369036459, 19.748333210836702 ], [ -156.051578685270471, 19.749301191645287 ], [ -156.050502367207201, 19.750213105927401 ], [ -156.049931975465114, 19.751821271653888 ], [ -156.04925394217139, 19.753555138690619 ], [ -156.049307018968221, 19.755817065655716 ], [ -156.048962560371308, 19.756698189144444 ], [ -156.04899364637933, 19.758029571835792 ], [ -156.04891323223427, 19.759362817440632 ], [ -156.049521628778081, 19.760837817083441 ], [ -156.050329179249587, 19.761571321008283 ], [ -156.049726702330446, 19.762369637826374 ], [ -156.049409582792123, 19.762978795756922 ], [ -156.04943350472422, 19.764001145958765 ], [ -156.049016267717093, 19.763978392009829 ], [ -156.048256991522663, 19.765113443286083 ], [ -156.049045359781871, 19.766585862558188 ], [ -156.048476281066399, 19.768041693950391 ], [ -156.04878943710446, 19.768937899966559 ], [ -156.048713429037491, 19.770197690518266 ], [ -156.049011346304781, 19.770753522460033 ], [ -156.049435715535651, 19.77210409104012 ], [ -156.048829862164126, 19.773143550070881 ], [ -156.046724534310215, 19.773880003503567 ], [ -156.046322343796362, 19.776948735980035 ], [ -156.045439791347547, 19.777325049686823 ], [ -156.045449430538298, 19.777741500870313 ], [ -156.045387074142013, 19.778774058459526 ], [ -156.043983318561914, 19.779066104111024 ], [ -156.041879694334654, 19.780733484623294 ], [ -156.039611265825926, 19.781701202473272 ], [ -156.039092247723914, 19.781151743289911 ], [ -156.038154944751255, 19.780875962271352 ], [ -156.036694425820741, 19.782316429444514 ], [ -156.035986151413141, 19.783674679305324 ], [ -156.036744002213993, 19.784362728042041 ], [ -156.037210493158369, 19.785848105964124 ], [ -156.038139035325628, 19.786281643436496 ], [ -156.038477368222544, 19.786992881630468 ], [ -156.038090979072564, 19.787655606608379 ], [ -156.036970000439368, 19.787594964612818 ], [ -156.036673636863242, 19.788163702188893 ], [ -156.035650139620458, 19.78845166394391 ], [ -156.034064281746964, 19.790016174136944 ], [ -156.033698953627749, 19.790325100574528 ], [ -156.031878873900837, 19.789933060101433 ], [ -156.030105330113173, 19.789969964146771 ], [ -156.027856429856797, 19.791380302874522 ], [ -156.027159373813163, 19.792067977993359 ], [ -156.026095320615752, 19.792521560485568 ], [ -156.025650543096788, 19.791586900252049 ], [ -156.023806654801263, 19.790658024255851 ], [ -156.023409805198014, 19.792119780901047 ], [ -156.023439958889924, 19.793412776597005 ], [ -156.025131914931194, 19.793377493702106 ], [ -156.025376106097042, 19.795046702688801 ], [ -156.024747576518109, 19.795578936850475 ], [ -156.022931510177415, 19.795480435574238 ], [ -156.021315785261294, 19.795772449702252 ], [ -156.020601323488819, 19.796476994104015 ], [ -156.020043398179325, 19.798047922808117 ], [ -156.018987006925045, 19.798941934268083 ], [ -156.018005792102002, 19.799909659695551 ], [ -156.017251172134678, 19.80054819074638 ], [ -156.016408854466306, 19.801378847512019 ], [ -156.015551602045463, 19.801332253395689 ], [ -156.014739302283346, 19.801721731027971 ], [ -156.014377041819699, 19.802416793456597 ], [ -156.013924200319337, 19.802799847400824 ], [ -156.01348182222921, 19.803235969723353 ], [ -156.013493943165031, 19.803754012003388 ], [ -156.013165939530722, 19.805367102787617 ], [ -156.013172276273878, 19.80564120346429 ], [ -156.013146426816405, 19.806067631288727 ], [ -156.012287870715483, 19.806433575439282 ], [ -156.011721681931022, 19.806705497001872 ], [ -156.010947342208027, 19.807035553129346 ], [ -156.009407092721943, 19.807468613228846 ], [ -156.008248523306037, 19.808813875929509 ], [ -156.006580928268136, 19.80970416231397 ], [ -156.006158332232275, 19.810514292746134 ], [ -156.006670394519546, 19.812507217547026 ], [ -156.005829361030152, 19.81394902650668 ], [ -156.004505100786133, 19.814513398899251 ], [ -156.002710196116453, 19.814126485278901 ], [ -156.001765856392495, 19.81414605923003 ], [ -156.000936201072449, 19.814963878269836 ], [ -156.001024491025646, 19.818776654973451 ], [ -155.999843088462455, 19.818159351600517 ], [ -155.998815787844194, 19.817863320868163 ], [ -155.99691343806623, 19.82093222280708 ], [ -155.996561219261508, 19.821666015848482 ], [ -155.9971141380787, 19.822698824577731 ], [ -155.997607633845575, 19.82540658017076 ], [ -155.995024023268286, 19.826725880850027 ], [ -155.994447546117357, 19.827539195900979 ], [ -155.993859302694631, 19.827789518926565 ], [ -155.991453251845996, 19.829174431894884 ], [ -155.990973714568526, 19.82964714522171 ], [ -155.988944805806454, 19.830414765298272 ], [ -155.988378496959001, 19.830686595806281 ], [ -155.986359785538269, 19.830912725104209 ], [ -155.985711359519854, 19.831551826709653 ], [ -155.986054209083704, 19.832532451258626 ], [ -155.986332319237164, 19.833419152986664 ], [ -155.986287277958127, 19.834161811039515 ], [ -155.986753832788338, 19.834585705326319 ], [ -155.985424840974559, 19.834959146280976 ], [ -155.985144607459034, 19.835235801085432 ], [ -155.984265111953903, 19.835751976314452 ], [ -155.982314703808868, 19.836974132444084 ], [ -155.980760032636027, 19.838505781578878 ], [ -155.98077666890623, 19.83922197500339 ], [ -155.980448218114816, 19.840834947482293 ], [ -155.980454680375772, 19.841113804862548 ], [ -155.980123211540189, 19.841394077290211 ], [ -155.979289445368124, 19.842991077716004 ], [ -155.978982596015186, 19.842974504387055 ], [ -155.978633655139106, 19.842981547846776 ], [ -155.97750374864296, 19.843523056624424 ], [ -155.97684889011191, 19.844777154032233 ], [ -155.975422279388852, 19.845385019210529 ], [ -155.974354208169331, 19.846437443564199 ], [ -155.97375003195387, 19.84694791587053 ], [ -155.973469756726956, 19.847224546569016 ], [ -155.972298905691048, 19.848006513213377 ], [ -155.972018626146422, 19.848283141024179 ], [ -155.970726436602547, 19.848551029705032 ], [ -155.969142029882136, 19.849046666494637 ], [ -155.967981439141283, 19.849287152540711 ], [ -155.967123767044853, 19.849824755617174 ], [ -155.966449740980551, 19.850111595632715 ], [ -155.964808221275916, 19.851139640823941 ], [ -155.964475396126062, 19.851121540402453 ], [ -155.962024926365359, 19.851887440416021 ], [ -155.960485660209969, 19.852138341332214 ], [ -155.959633112370739, 19.852405181255936 ], [ -155.958228351156947, 19.852696439700622 ], [ -155.95669881073772, 19.852612927870915 ], [ -155.955473942153816, 19.85197262910447 ], [ -155.952596164745415, 19.852031324671515 ], [ -155.949338488429447, 19.852779792739256 ], [ -155.948439491065272, 19.852464232484316 ], [ -155.947831334541576, 19.852476557329013 ], [ -155.947023140842305, 19.853272749703031 ], [ -155.946212399336872, 19.853617725093962 ], [ -155.945597933498078, 19.852966932807789 ], [ -155.945305621648515, 19.852701692074142 ], [ -155.945036068818183, 19.852415684483848 ], [ -155.943266011606511, 19.85129098780099 ], [ -155.942252991289649, 19.850217882000354 ], [ -155.941019010035461, 19.849649268550234 ], [ -155.93992648124177, 19.85017238295384 ], [ -155.939597579457825, 19.850154303808218 ], [ -155.939079582942298, 19.849605380321361 ], [ -155.937819042104593, 19.849052686561009 ], [ -155.935292045943811, 19.849842279072153 ], [ -155.93477212473573, 19.850354316538091 ], [ -155.931254638208657, 19.851851414878791 ], [ -155.928716355723509, 19.85213506920018 ], [ -155.928436002267375, 19.852411617289107 ], [ -155.925983624546745, 19.854168674589364 ], [ -155.923167058130161, 19.855821287656831 ], [ -155.922656505923953, 19.855280118670358 ], [ -155.922013023703954, 19.854979421525673 ], [ -155.921060386234217, 19.854998658437136 ], [ -155.920643034164215, 19.855797502543187 ], [ -155.920126198052145, 19.856681894971235 ], [ -155.920716748957602, 19.858985194992655 ], [ -155.921844061700625, 19.860010406298887 ], [ -155.921935767015327, 19.860342031435291 ], [ -155.922190984433854, 19.860109226305081 ], [ -155.921844061700625, 19.860010406298887 ], [ -155.921730106958222, 19.859050580079728 ], [ -155.921370261972072, 19.857710448369698 ], [ -155.921980848072707, 19.858122973845731 ], [ -155.922561756191214, 19.860883876570597 ], [ -155.922436930597428, 19.862079437040723 ], [ -155.923117285667956, 19.863874152220848 ], [ -155.923879477503448, 19.865223879532259 ], [ -155.923407675554671, 19.869710409405176 ], [ -155.922628596909732, 19.870710598992048 ], [ -155.922252709867792, 19.872153313399981 ], [ -155.920594112953324, 19.873403528601845 ], [ -155.919412966043723, 19.874175394085984 ], [ -155.918174014886318, 19.875059171276391 ], [ -155.916797572306137, 19.874553760185727 ], [ -155.914831181884068, 19.875671907414333 ], [ -155.914703507821855, 19.876894642289869 ], [ -155.915191231998392, 19.878226158337 ], [ -155.914474890366193, 19.878984355631083 ], [ -155.914006513384408, 19.879352285724522 ], [ -155.913600680825425, 19.879781594523362 ], [ -155.913264583996266, 19.88004550648003 ], [ -155.912331100642604, 19.882039151891885 ], [ -155.912462453854118, 19.884044661763454 ], [ -155.909992722440109, 19.885637683911376 ], [ -155.909324950213261, 19.885676593592496 ], [ -155.907696989699133, 19.885524273808048 ], [ -155.906882337402067, 19.886705696869086 ], [ -155.905444535475141, 19.888289876433003 ], [ -155.905282439715307, 19.889840178954934 ], [ -155.90563221837931, 19.891016726540997 ], [ -155.906108954715023, 19.891860951585805 ], [ -155.905400504062499, 19.892610245168623 ], [ -155.904181580697013, 19.893099685129002 ], [ -155.904448689694107, 19.894041813993908 ], [ -155.906710327582914, 19.895842945354929 ], [ -155.906676290948553, 19.896170008604376 ], [ -155.906728427478214, 19.896968236756035 ], [ -155.906242257552719, 19.896996536942581 ], [ -155.905627475262463, 19.896939030958947 ], [ -155.904384513741235, 19.897914904295359 ], [ -155.904344670662425, 19.89829581333678 ], [ -155.904397655178059, 19.899107278076414 ], [ -155.902209011398668, 19.899630056239399 ], [ -155.900601246062394, 19.900544006278043 ], [ -155.900858315919635, 19.90095309674594 ], [ -155.901783751202458, 19.902114297662216 ], [ -155.901415024200162, 19.902858380872022 ], [ -155.901035414314748, 19.903156410067723 ], [ -155.901166409521778, 19.90515740856307 ], [ -155.900789876374887, 19.905555452276054 ], [ -155.900182259090087, 19.906032502203001 ], [ -155.900214520202667, 19.906528908600038 ], [ -155.899862938457716, 19.907238642368711 ], [ -155.898703700504257, 19.909061896465357 ], [ -155.89752485417975, 19.908951407678693 ], [ -155.895731184770909, 19.909428092156475 ], [ -155.894645203582257, 19.910045647251394 ], [ -155.894680911198321, 19.910593680336039 ], [ -155.892853716600911, 19.910824602836964 ], [ -155.89180127498193, 19.911355985428703 ], [ -155.890474120865804, 19.911708811467662 ], [ -155.890068137007773, 19.912138045613776 ], [ -155.889754078945714, 19.912384567506475 ], [ -155.889773021394035, 19.912673940571761 ], [ -155.888336521579333, 19.913055775049674 ], [ -155.887455149038601, 19.913987852878275 ], [ -155.886605474724519, 19.91432891214286 ], [ -155.886462069126623, 19.915697557676822 ], [ -155.886802989951065, 19.917248961338181 ], [ -155.887942566985259, 19.9171824534649 ], [ -155.889076996320483, 19.917807378499976 ], [ -155.890206877532364, 19.918150845176722 ], [ -155.890780197572155, 19.919716363157654 ], [ -155.890751296914544, 19.919992998677046 ], [ -155.890804445317968, 19.920806312871679 ], [ -155.890712312083565, 19.921685047022958 ], [ -155.891407489299382, 19.92358272886835 ], [ -155.890953795920893, 19.924319208063324 ], [ -155.890476065225556, 19.925283483074914 ], [ -155.888918365316584, 19.925908329368763 ], [ -155.888286039762647, 19.926227545487269 ], [ -155.887492529509643, 19.926153345631736 ], [ -155.887062541322763, 19.926178335805247 ], [ -155.886358625494438, 19.926112577064711 ], [ -155.886617490404433, 19.926429691877924 ], [ -155.886920056755457, 19.926685691936122 ], [ -155.887184224729282, 19.927274486222359 ], [ -155.88824856779965, 19.927212483814159 ], [ -155.889192321266592, 19.928010725511651 ], [ -155.889154836275765, 19.928368395055909 ], [ -155.889719826771113, 19.928846364294731 ], [ -155.888868293418625, 19.929449460074935 ], [ -155.888005551650565, 19.929368494203839 ], [ -155.887563708568052, 19.930668440512626 ], [ -155.8867269460373, 19.932357072629951 ], [ -155.884773036952026, 19.932876285352318 ], [ -155.884497018695356, 19.933433125985967 ], [ -155.882465448685082, 19.933648421643305 ], [ -155.882500667278521, 19.934190361043949 ], [ -155.881316435272595, 19.933918866458658 ], [ -155.880276710593819, 19.933536985628471 ], [ -155.87889905998739, 19.933617226902943 ], [ -155.877655588036987, 19.933500690105653 ], [ -155.877198009518992, 19.934614681750105 ], [ -155.877306277921718, 19.936275449445187 ], [ -155.877249783167457, 19.936816038789672 ], [ -155.877274054465005, 19.937188539768272 ], [ -155.876948137606774, 19.93871632133887 ], [ -155.876634003799097, 19.938962809578527 ], [ -155.876652266640633, 19.939242649053924 ], [ -155.876598922906396, 19.939750766430965 ], [ -155.877189285575724, 19.940075844115945 ], [ -155.878041216694385, 19.940026307300869 ], [ -155.878079840543165, 19.94062172350252 ], [ -155.878023344618441, 19.941162313015056 ], [ -155.878055138981381, 19.941649979950341 ], [ -155.877742995953639, 19.9419798047917 ], [ -155.877586777721291, 19.942102403185718 ], [ -155.877592103780444, 19.941831705347344 ], [ -155.877305844278453, 19.941826668635887 ], [ -155.877214213957274, 19.941495029196723 ], [ -155.876958791610065, 19.941727741547258 ], [ -155.877305844278453, 19.941826668635887 ], [ -155.877300517732948, 19.942097366400247 ], [ -155.877586777721291, 19.942102403185718 ], [ -155.877435640520275, 19.942251006408256 ], [ -155.876863262031009, 19.942219514292141 ], [ -155.876572981120802, 19.942773970446108 ], [ -155.876046201517937, 19.942215975593008 ], [ -155.875204673413492, 19.942858568842617 ], [ -155.874708362829836, 19.943806588350043 ], [ -155.873444102492016, 19.94333634970986 ], [ -155.872439882052021, 19.942272249561164 ], [ -155.870300895175092, 19.941590091498338 ], [ -155.869625744927816, 19.940559548134758 ], [ -155.869165758247505, 19.941011829930069 ], [ -155.868319637832229, 19.940965168263958 ], [ -155.867767575175662, 19.942370195660356 ], [ -155.868258980383985, 19.942891094437126 ], [ -155.868555677549978, 19.943160773266278 ], [ -155.867352015896557, 19.944750250551195 ], [ -155.867650025212441, 19.945307668093232 ], [ -155.867608061688742, 19.945988396537871 ], [ -155.867628467498093, 19.946909546729358 ], [ -155.86732587615478, 19.947207255902022 ], [ -155.86687227194534, 19.947589828296174 ], [ -155.866451037308593, 19.948004175181289 ], [ -155.866148448952032, 19.948259042174914 ], [ -155.863616677395669, 19.951189276635191 ], [ -155.862759184352257, 19.951206111618887 ], [ -155.861800678571939, 19.950900652288691 ], [ -155.861385425199671, 19.950460415203388 ], [ -155.860953046774739, 19.950885655694982 ], [ -155.859820584722939, 19.951202511578916 ], [ -155.860837578802887, 19.95212754485777 ], [ -155.861529176568126, 19.95311715808268 ], [ -155.861153028560693, 19.954671500143071 ], [ -155.861159707197885, 19.95496990823025 ], [ -155.860564711965395, 19.955471600605165 ], [ -155.860284046465466, 19.955747997967894 ], [ -155.859045085743929, 19.956003724452195 ], [ -155.858198356065373, 19.958157935129439 ], [ -155.858242495815716, 19.960164500101577 ], [ -155.857313704541468, 19.960558982966504 ], [ -155.857027657145863, 19.961106064977908 ], [ -155.856526205335598, 19.961528742978874 ], [ -155.855844685525142, 19.962428449815739 ], [ -155.855553259279873, 19.963246219682713 ], [ -155.854675187464125, 19.963986943723032 ], [ -155.854026925665977, 19.965224920524456 ], [ -155.852620242291323, 19.966162249481815 ], [ -155.850582635237259, 19.967729622529742 ], [ -155.84901409550281, 19.967760454683411 ], [ -155.847540367328975, 19.967678985907082 ], [ -155.84560506546643, 19.968220506159511 ], [ -155.843168813646912, 19.969647411077265 ], [ -155.842592547953132, 19.970747520200693 ], [ -155.84193041166148, 19.971398404083995 ], [ -155.841047222415881, 19.971773239367767 ], [ -155.840196399461576, 19.972179850307782 ], [ -155.83846220285028, 19.972409130558344 ], [ -155.838018695941969, 19.973652003422423 ], [ -155.836863666616836, 19.972427678713931 ], [ -155.834495891410995, 19.972296555249784 ], [ -155.834172653133351, 19.972614186802197 ], [ -155.833876506626098, 19.972597790440691 ], [ -155.833313621149756, 19.973150717579788 ], [ -155.832381094663731, 19.972662565007788 ], [ -155.831861143252127, 19.973655745624825 ], [ -155.831131774701703, 19.974043589565451 ], [ -155.830191351478561, 19.972804024760375 ], [ -155.829853581450578, 19.97113574569503 ], [ -155.828630892791892, 19.970207919870369 ], [ -155.83006992047379, 19.96879407656823 ], [ -155.833828956637433, 19.967880994369384 ], [ -155.838203145009771, 19.96812328111567 ], [ -155.838716050554495, 19.96769055479939 ], [ -155.840656193379289, 19.965784173819443 ], [ -155.843952296509372, 19.963955852884439 ], [ -155.845511343150235, 19.963598840254484 ], [ -155.848867881982954, 19.963382451808148 ], [ -155.850926140465532, 19.961645954644826 ], [ -155.851301901863536, 19.961004486702066 ], [ -155.851846094474922, 19.959965117607418 ], [ -155.853284788837243, 19.958356150533106 ], [ -155.853923578638302, 19.956015290561627 ], [ -155.854527610092248, 19.954861674262684 ], [ -155.856329796171963, 19.952970085000505 ], [ -155.856762683641591, 19.949401196935781 ], [ -155.858738027337182, 19.947459751231197 ], [ -155.86181638910756, 19.946388497771583 ], [ -155.863090756239473, 19.944705646078084 ], [ -155.863917294735472, 19.943126198413808 ], [ -155.864851105664428, 19.942018553980212 ], [ -155.865662493979187, 19.940468179623846 ], [ -155.867714017019409, 19.938948680481648 ], [ -155.870513649825767, 19.938075686504106 ], [ -155.872305604999042, 19.937705317214895 ], [ -155.872815436175642, 19.932492851742737 ], [ -155.874168264558193, 19.930590462435845 ], [ -155.876095903078266, 19.929245573058434 ], [ -155.88243433665059, 19.929037523164354 ], [ -155.881766077213371, 19.926428929505285 ], [ -155.882269219972812, 19.924030246054166 ], [ -155.883965092831801, 19.922362526345893 ], [ -155.886147775248361, 19.921434516474445 ], [ -155.885881435861108, 19.920985576297966 ], [ -155.883139818851589, 19.918492417452526 ], [ -155.882540392255521, 19.916152391226102 ], [ -155.88295584581337, 19.912347684685262 ], [ -155.8842939771408, 19.910465549732489 ], [ -155.885812124327401, 19.909340229650585 ], [ -155.886692309497903, 19.908824641532771 ], [ -155.888060022842694, 19.90786987607169 ], [ -155.891605397515576, 19.906473488340662 ], [ -155.893306093650864, 19.9056596326866 ], [ -155.895727560802158, 19.904630128516107 ], [ -155.89629126482609, 19.90319449264112 ], [ -155.896202424922791, 19.899222499184731 ], [ -155.897145964520973, 19.897417969174263 ], [ -155.898372370630454, 19.896561658319715 ], [ -155.899851144322724, 19.895694663879336 ], [ -155.899773989381799, 19.892250706322894 ], [ -155.900507914983933, 19.890381141394514 ], [ -155.900908124391947, 19.887070848381288 ], [ -155.90169761040184, 19.885561629884354 ], [ -155.902918451391002, 19.884194785950658 ], [ -155.904022424760711, 19.882640781473871 ], [ -155.905513077498966, 19.881599917784357 ], [ -155.907578999329587, 19.881020457944299 ], [ -155.908714469627427, 19.878848409674674 ], [ -155.909926831641201, 19.876774474950981 ], [ -155.910393418704643, 19.873933628277591 ], [ -155.913135392009423, 19.8712348601819 ], [ -155.915468217713965, 19.870375365287359 ], [ -155.917669451087846, 19.870017078855483 ], [ -155.918309229400734, 19.868921943788841 ], [ -155.919165688996202, 19.866739416116307 ], [ -155.917651226794391, 19.862505206132656 ], [ -155.916450294225456, 19.860966182637085 ], [ -155.915457787871588, 19.857525901927765 ], [ -155.915877642771193, 19.854431655547209 ], [ -155.917424447171271, 19.852043433164056 ], [ -155.919219558997952, 19.850919877204522 ], [ -155.920445272892465, 19.850638268445476 ], [ -155.923349976964062, 19.850425586865221 ], [ -155.926779202716062, 19.847881996186995 ], [ -155.929844556844927, 19.84753921493888 ], [ -155.934557110196664, 19.845282547086242 ], [ -155.937064834481305, 19.844706836881944 ], [ -155.939167886473001, 19.845003199893643 ], [ -155.940295725804077, 19.84530395328283 ], [ -155.94326458199086, 19.845691827086728 ], [ -155.944823873590479, 19.846420973972371 ], [ -155.947136733721607, 19.84838958817808 ], [ -155.949410477946088, 19.848168303544085 ], [ -155.951306244611203, 19.847732655656806 ], [ -155.958056885375697, 19.848101389167493 ], [ -155.959423749471227, 19.8477872658144 ], [ -155.961237733398747, 19.847491600217875 ], [ -155.963165687735597, 19.846670517955491 ], [ -155.965936120483605, 19.84521238468518 ], [ -155.969868072851796, 19.844107709964476 ], [ -155.972994409857677, 19.841518833325285 ], [ -155.975912610616831, 19.839141633664404 ], [ -155.976388501279274, 19.836607924282315 ], [ -155.978953551346393, 19.833759471293764 ], [ -155.980904359225576, 19.832455901170036 ], [ -155.98135368776056, 19.829709877933588 ], [ -155.983227661857171, 19.82738069073319 ], [ -155.984749154849936, 19.826651366971291 ], [ -155.987702982383837, 19.826169173739128 ], [ -155.991264783581897, 19.824076784945564 ], [ -155.991954357401795, 19.823164096055429 ], [ -155.992348696804584, 19.819348105847624 ], [ -155.994068171622303, 19.816689545528732 ], [ -155.996413474962736, 19.81430226483856 ], [ -155.997257615784122, 19.811925923954202 ], [ -155.999277329907642, 19.810368047499335 ], [ -156.001891309854528, 19.809632847837442 ], [ -156.002904242739959, 19.807294477132256 ], [ -156.006922909927994, 19.803885422308493 ], [ -156.00856763972331, 19.803974878187788 ], [ -156.00906763316442, 19.80355163646712 ], [ -156.009995111819734, 19.802637286250476 ], [ -156.011736978900785, 19.801894453847808 ], [ -156.013095235274932, 19.800370541614562 ], [ -156.011594004775588, 19.798225401166217 ], [ -156.013232173547692, 19.797406494919915 ], [ -156.014712304341998, 19.796775350972005 ], [ -156.016229677353351, 19.795135581414495 ], [ -156.017035252479445, 19.793591019851217 ], [ -156.01935963196189, 19.791749675381734 ], [ -156.021453891461277, 19.791160451010715 ], [ -156.022556039333153, 19.789605461583012 ], [ -156.023776455026024, 19.788751178662608 ], [ -156.024655569975295, 19.788234755922186 ], [ -156.02694969849253, 19.786463933210143 ], [ -156.029266202338135, 19.785863493388053 ], [ -156.032283980854686, 19.785610294029592 ], [ -156.031618914895915, 19.783023234221538 ], [ -156.032113276202807, 19.780651147957432 ], [ -156.034490066023352, 19.777891372081655 ], [ -156.036186664527321, 19.776826956569362 ], [ -156.040301196104593, 19.776556345145952 ], [ -156.041406714961681, 19.775619878615554 ], [ -156.041781218042928, 19.77497783815426 ], [ -156.042280611760901, 19.772716338217855 ], [ -156.042974235002447, 19.771737072449707 ], [ -156.044263166830291, 19.770290524699011 ], [ -156.043713067305447, 19.764279052832315 ], [ -156.044686465483494, 19.761789985016723 ], [ -156.04407129770712, 19.75939685043933 ], [ -156.044716347309929, 19.752166826691109 ], [ -156.046495659636605, 19.747653219693394 ], [ -156.04950324190159, 19.745105362071126 ], [ -156.049105946948089, 19.743560586547456 ], [ -156.049308465297401, 19.740203421325152 ], [ -156.048196066259294, 19.737506675906815 ], [ -156.048124281008768, 19.734438563717241 ], [ -156.048837984916673, 19.733068411996403 ], [ -156.053706064839645, 19.728263850906323 ], [ -156.055078024215874, 19.727456468802885 ], [ -156.052532981443449, 19.724048002252648 ], [ -156.050755481261604, 19.722574670595016 ], [ -156.049185438322183, 19.721577636051183 ], [ -156.047143264308119, 19.719722499473946 ], [ -156.045081468990446, 19.717235968261221 ], [ -156.044599884078451, 19.715160838885151 ], [ -156.044322541978886, 19.714083528007077 ], [ -156.044102782505178, 19.711090205920339 ], [ -156.043317667686608, 19.708376372331614 ], [ -156.043272995012472, 19.706477717540672 ], [ -156.04355670455729, 19.701770660311489 ], [ -156.042244879911436, 19.69989580349419 ], [ -156.041753934828677, 19.698864161996692 ], [ -156.041086469469775, 19.697910538332941 ], [ -156.040369427648244, 19.696403858442444 ], [ -156.038841919107369, 19.696101466246422 ], [ -156.037239888695325, 19.695539697558214 ], [ -156.035001422833346, 19.694995694106996 ], [ -156.033794913454159, 19.693899310013538 ], [ -156.032176481487596, 19.692185420530386 ], [ -156.028851797754953, 19.689163980710344 ], [ -156.028424031675343, 19.687499405387726 ], [ -156.028661052224578, 19.683569205244659 ], [ -156.028216017981322, 19.683097674091428 ], [ -156.0262576660989, 19.68147386001705 ], [ -156.023864109840105, 19.679952834621016 ], [ -156.022193690655257, 19.677937571534908 ], [ -156.021851944357223, 19.676608453030418 ], [ -156.021362691973621, 19.673925404275952 ], [ -156.021060920846622, 19.673605667653757 ], [ -156.018822833718247, 19.673061507690569 ], [ -156.016866172842185, 19.671282658530593 ], [ -156.016285426633516, 19.669022042591422 ], [ -156.016755825246889, 19.666385880788983 ], [ -156.019012422836397, 19.664158372181806 ], [ -156.020372569471419, 19.663844530133684 ], [ -156.024502932953851, 19.663645363917006 ], [ -156.025833758885341, 19.662862335970395 ], [ -156.02616354233075, 19.659878125432247 ], [ -156.026768174566826, 19.65783895015992 ], [ -156.026805599587135, 19.657217514282404 ], [ -156.026286990762145, 19.655198887145929 ], [ -156.02587775192174, 19.652957262890563 ], [ -156.024530220446792, 19.651942360706823 ], [ -156.022116866612748, 19.652498775883991 ], [ -156.018872872568892, 19.652184731299748 ], [ -156.017746119445377, 19.651884627450848 ], [ -156.014363846367928, 19.651486749249983 ], [ -156.012924109350337, 19.650571796166457 ], [ -156.010892053647837, 19.648419280728952 ], [ -156.00701080459649, 19.646604374603854 ], [ -156.004932135104752, 19.644834518762742 ], [ -156.003306010878305, 19.643801083383288 ], [ -156.001000436655346, 19.641958114710445 ], [ -155.998525094567299, 19.64369194779988 ], [ -155.996257332651851, 19.644214481498864 ], [ -155.992673707228477, 19.64380544714696 ], [ -155.990381163878737, 19.641720316602086 ], [ -155.989782624958139, 19.640601094967909 ], [ -155.989385906803761, 19.639766386883977 ], [ -155.987254574125103, 19.638530767155327 ], [ -155.985634149248284, 19.636574808198983 ], [ -155.985881927348032, 19.63248414071785 ], [ -155.984678663733405, 19.631031851136846 ], [ -155.984424517317933, 19.629933733441536 ], [ -155.983839644596372, 19.629401857358587 ], [ -155.983886866427753, 19.628622192899801 ], [ -155.983283668065894, 19.627353454484837 ], [ -155.981451824771028, 19.626188665166115 ], [ -155.9808245793173, 19.623744207135609 ], [ -155.981136423800933, 19.62175400382678 ], [ -155.981746464284612, 19.619697394398141 ], [ -155.981272117596689, 19.619033281895518 ], [ -155.978437223291564, 19.616454441012895 ], [ -155.977597524427239, 19.614688218206542 ], [ -155.973595237608663, 19.610355839093014 ], [ -155.972809468412294, 19.60915647577259 ], [ -155.970865326429902, 19.606954850093743 ], [ -155.969750157593495, 19.604868721204731 ], [ -155.969707296229814, 19.60301618292991 ], [ -155.969871228125697, 19.600314474200971 ], [ -155.968806704917853, 19.598074747115788 ], [ -155.967229982993047, 19.59617046659195 ], [ -155.967654504634226, 19.593903971044448 ], [ -155.968089387846874, 19.592438725635134 ], [ -155.96741431750624, 19.591473154892991 ], [ -155.966992575699578, 19.589155913146548 ], [ -155.964649145075043, 19.586551885525669 ], [ -155.964400242266947, 19.585183031492207 ], [ -155.963871333682334, 19.583122104534112 ], [ -155.963619480622185, 19.581107631875273 ], [ -155.963218475889164, 19.578669875899003 ], [ -155.963118426083412, 19.574334071796155 ], [ -155.963268262103583, 19.571863809892051 ], [ -155.962960595237007, 19.570534694677558 ], [ -155.962674577514605, 19.569420164053739 ], [ -155.962737635620329, 19.568378424686131 ], [ -155.961857532920305, 19.567818526295987 ], [ -155.961489238764955, 19.56664336765186 ], [ -155.961042511012181, 19.566169316207507 ], [ -155.960558871832006, 19.565729551654012 ], [ -155.959646755141591, 19.564423568297315 ], [ -155.959960016007159, 19.562359646531604 ], [ -155.960386204990897, 19.560923359367379 ], [ -155.95860992241947, 19.558777402184628 ], [ -155.959268928306216, 19.557601312953366 ], [ -155.961212063696195, 19.556457699453212 ], [ -155.961255242826979, 19.555746740500517 ], [ -155.959312957859709, 19.554837563691478 ], [ -155.958408755665204, 19.553677965807609 ], [ -155.958127489027106, 19.553085839103346 ], [ -155.956897266135911, 19.551965962944802 ], [ -155.957342798419347, 19.549587177937941 ], [ -155.957905192451506, 19.548621828834982 ], [ -155.957974261148905, 19.547482868927094 ], [ -155.957488767114313, 19.546460976400866 ], [ -155.956853908540836, 19.54578751439356 ], [ -155.95633495464142, 19.545315414560203 ], [ -155.955688490239254, 19.543462225242187 ], [ -155.956395203302748, 19.538951732886659 ], [ -155.955619044766166, 19.537499673159022 ], [ -155.955343676794598, 19.534929421824355 ], [ -155.954507185628387, 19.532531397747089 ], [ -155.954589170529573, 19.531179760503907 ], [ -155.954277653897947, 19.530849210893919 ], [ -155.953239854018221, 19.529904744436255 ], [ -155.95258259680341, 19.528674986571243 ], [ -155.951805197706562, 19.526193324567288 ], [ -155.950981765400883, 19.523832010806718 ], [ -155.95188762133958, 19.521073822144675 ], [ -155.952980694082356, 19.519529782164234 ], [ -155.955067305706052, 19.517328876581317 ], [ -155.954002911492779, 19.516199904928349 ], [ -155.9519318862977, 19.514314499708892 ], [ -155.949599510599938, 19.511496118824972 ], [ -155.94951442760356, 19.507796893930912 ], [ -155.950056264673606, 19.50433727449284 ], [ -155.949644974539325, 19.503158478246689 ], [ -155.949386065489193, 19.502331085832619 ], [ -155.948630208241866, 19.50124908828527 ], [ -155.948261301384207, 19.500071534856016 ], [ -155.947720563811743, 19.499059546949724 ], [ -155.948196316610591, 19.497842561567815 ], [ -155.947039468336982, 19.49678923213952 ], [ -155.946361341749537, 19.495520240706711 ], [ -155.945524052039701, 19.493534762652011 ], [ -155.944185736870423, 19.492316237518647 ], [ -155.944153087695526, 19.490892059274188 ], [ -155.945352616853597, 19.488406489406763 ], [ -155.945081688199082, 19.487894401899304 ], [ -155.94336820941794, 19.487929991477266 ], [ -155.941941866028742, 19.487852201558265 ], [ -155.941107729542409, 19.487869307735345 ], [ -155.940527201697989, 19.486782583995382 ], [ -155.940576959389119, 19.48596040539109 ], [ -155.939989048502298, 19.485652409944212 ], [ -155.93967325139252, 19.485658969997885 ], [ -155.937602480592147, 19.483461924455511 ], [ -155.936423002014124, 19.483397529685849 ], [ -155.934901354093427, 19.483748361046295 ], [ -155.931269201724945, 19.482225633256917 ], [ -155.932920563044121, 19.482315777936968 ], [ -155.933504851537151, 19.480668275651929 ], [ -155.933811456860781, 19.480142423992518 ], [ -155.934277345764656, 19.478828517852996 ], [ -155.93555136668715, 19.478534849963644 ], [ -155.936386934988008, 19.478972405034074 ], [ -155.937399996615511, 19.479447076412047 ], [ -155.938886469009276, 19.481023847858456 ], [ -155.939833488032718, 19.481467506040211 ], [ -155.9403366839189, 19.482409581293417 ], [ -155.940313194706391, 19.482798743453738 ], [ -155.941558038574982, 19.483450804608154 ], [ -155.942728773800496, 19.483862263566067 ], [ -155.944444717735706, 19.483826716619348 ], [ -155.945015238403982, 19.483858035682434 ], [ -155.945872235812629, 19.483840236895976 ], [ -155.946589850835608, 19.483879322939238 ], [ -155.947849912321033, 19.48348404347978 ], [ -155.948567163793541, 19.48413747493883 ], [ -155.949086551619587, 19.485230552489785 ], [ -155.950333011696017, 19.486737084102497 ], [ -155.949914262060105, 19.488799225832242 ], [ -155.949604211627104, 19.490700285515345 ], [ -155.94839769702125, 19.492772407689358 ], [ -155.948435015363003, 19.494395548051511 ], [ -155.947584052140456, 19.495857183691296 ], [ -155.948193823636586, 19.496504047882667 ], [ -155.948631176860459, 19.496902046411744 ], [ -155.948900235479584, 19.49718797967105 ], [ -155.949477484525715, 19.49745795392365 ], [ -155.949731312098493, 19.498556075273186 ], [ -155.950028499655133, 19.499111974845054 ], [ -155.94996065042352, 19.500231381851499 ], [ -155.95023628583823, 19.502085191930021 ], [ -155.950820633949235, 19.502617107359022 ], [ -155.950778209414352, 19.503317761550932 ], [ -155.951797276777654, 19.50379485550766 ], [ -155.950793078033314, 19.505127239046466 ], [ -155.950706214293746, 19.50656130692677 ], [ -155.952160750425236, 19.507242245985157 ], [ -155.953103385941006, 19.508242223740066 ], [ -155.954124877449487, 19.509172384548258 ], [ -155.954075953565507, 19.509982156678138 ], [ -155.95465209891691, 19.51028410257393 ], [ -155.955229677466718, 19.510554334747194 ], [ -155.955202644967841, 19.510999773902629 ], [ -155.956605059634171, 19.51275434368355 ], [ -155.958190704669136, 19.51314071627467 ], [ -155.959170874204062, 19.513599403790774 ], [ -155.959399445403875, 19.516051180115998 ], [ -155.95995376991084, 19.517640183729526 ], [ -155.959935130019289, 19.517950621951528 ], [ -155.959971035247321, 19.519504720622464 ], [ -155.959625186532008, 19.519846414181995 ], [ -155.957947356899012, 19.520833998617785 ], [ -155.956159092702421, 19.522965383245662 ], [ -155.955778854486965, 19.524247996691663 ], [ -155.955806825302744, 19.525463966201706 ], [ -155.955775639161914, 19.525981799224727 ], [ -155.956067347534145, 19.526818204935243 ], [ -155.956050759962238, 19.52709297284331 ], [ -155.956056838484017, 19.52736389122941 ], [ -155.955976876395766, 19.528683035664915 ], [ -155.956312297929401, 19.528988331705236 ], [ -155.956295700083899, 19.529263628375606 ], [ -155.956307946202486, 19.529800706214537 ], [ -155.955994735084886, 19.530066243182425 ], [ -155.956017919460635, 19.531076110681564 ], [ -155.955625583698918, 19.532080031344602 ], [ -155.957062110688895, 19.53525195076595 ], [ -155.956935253546504, 19.537345991517522 ], [ -155.957518909943076, 19.537877360652786 ], [ -155.957990809259456, 19.538760440054762 ], [ -155.9583871843206, 19.539595170816206 ], [ -155.958964201013941, 19.540674933462416 ], [ -155.958366937705023, 19.541181113932378 ], [ -155.95806709062785, 19.542027121771415 ], [ -155.957518859867008, 19.543428822215905 ], [ -155.958010245255394, 19.544463507656268 ], [ -155.958302095990831, 19.544728663666334 ], [ -155.959408218291571, 19.546112226069123 ], [ -155.960263881038657, 19.546094374910854 ], [ -155.960276807839222, 19.546655002670498 ], [ -155.958946254350877, 19.548149844328723 ], [ -155.959664914729274, 19.548803555357278 ], [ -155.960203505477665, 19.549375154578314 ], [ -155.960786947612689, 19.549905721919846 ], [ -155.962613411369318, 19.551842507114561 ], [ -155.964172283759694, 19.551608504560772 ], [ -155.964663732583091, 19.551123007523159 ], [ -155.966414424926853, 19.55223704188251 ], [ -155.966435087388589, 19.553130769452146 ], [ -155.966402086607218, 19.553671849398576 ], [ -155.96641693862037, 19.554309472112575 ], [ -155.965991251451385, 19.556080874563044 ], [ -155.966062629116493, 19.559168704085693 ], [ -155.965457463861327, 19.559766011157894 ], [ -155.964866872012692, 19.559733858536895 ], [ -155.964300712891827, 19.560005990778549 ], [ -155.96371347724974, 19.560256344175148 ], [ -155.962857479534051, 19.560794144025227 ], [ -155.961979276246524, 19.561310672004979 ], [ -155.961985542199699, 19.561586618838916 ], [ -155.961934647672877, 19.562426244305396 ], [ -155.963293629994695, 19.562398089513177 ], [ -155.964870063462229, 19.562900407586028 ], [ -155.964225758606858, 19.56400721111353 ], [ -155.964779631236212, 19.564347121166097 ], [ -155.966537406273261, 19.564642754817466 ], [ -155.967841880143339, 19.567811623618574 ], [ -155.96786330090498, 19.568739215992835 ], [ -155.967238532821483, 19.570336949792171 ], [ -155.96724482068322, 19.570612104292373 ], [ -155.967185392810364, 19.571595461571928 ], [ -155.967448218893992, 19.574412255997132 ], [ -155.968317435138403, 19.575526808168576 ], [ -155.96823699312742, 19.576857590530455 ], [ -155.968261293669087, 19.577914292380335 ], [ -155.967819516363676, 19.578350376409272 ], [ -155.966511020559665, 19.579459229063442 ], [ -155.966443157843116, 19.580579173284335 ], [ -155.967042092020989, 19.581436086422816 ], [ -155.967586804079644, 19.582268283496767 ], [ -155.968154233505288, 19.583079704172064 ], [ -155.968665903053761, 19.584157035731355 ], [ -155.968985818528864, 19.584447780763554 ], [ -155.969255040006658, 19.584733705585101 ], [ -155.970417731482314, 19.585572323772304 ], [ -155.971065822825921, 19.586935721606455 ], [ -155.971587785214837, 19.587911929082534 ], [ -155.971433922961182, 19.590452224803666 ], [ -155.971457587625451, 19.591483792379293 ], [ -155.971008098961391, 19.592255363485524 ], [ -155.971624833728981, 19.594221756083151 ], [ -155.973001865183136, 19.595987765775384 ], [ -155.974121748481735, 19.598343977433256 ], [ -155.976405136617103, 19.599668455215152 ], [ -155.976023097173339, 19.601787328277606 ], [ -155.974070988130848, 19.602831454935263 ], [ -155.974332982538016, 19.603505497680594 ], [ -155.974619890186574, 19.604041376325561 ], [ -155.974935113743555, 19.604704676446715 ], [ -155.976017923722225, 19.605689773971129 ], [ -155.977113874894997, 19.607614488210206 ], [ -155.977405860207398, 19.607879631036205 ], [ -155.977810051260974, 19.608308249357346 ], [ -155.978774900181719, 19.609186094473941 ], [ -155.979233012111962, 19.61014958316208 ], [ -155.981022536972858, 19.612045985947017 ], [ -155.9821865155522, 19.6120218702325 ], [ -155.982453532299445, 19.614506829676394 ], [ -155.983633565103219, 19.615058996068385 ], [ -155.984929456975209, 19.616432432245464 ], [ -155.986082668445391, 19.617481079459711 ], [ -155.986324591561385, 19.61941419444765 ], [ -155.986876933368308, 19.620446954845381 ], [ -155.986512759380332, 19.621206767529873 ], [ -155.985707414622794, 19.62258916037397 ], [ -155.985590371532652, 19.624523400769281 ], [ -155.986234192984256, 19.624558256175732 ], [ -155.986785654017751, 19.624546866247211 ], [ -155.987572412224154, 19.625672416213245 ], [ -155.987880223038786, 19.628129232837079 ], [ -155.988450016618202, 19.628647091694525 ], [ -155.989275655359592, 19.629754775464917 ], [ -155.99067331513217, 19.631441969760413 ], [ -155.990374228173096, 19.632752188540934 ], [ -155.989795103115398, 19.633242612530015 ], [ -155.98974789019988, 19.634023074966052 ], [ -155.990286419379601, 19.635156100393687 ], [ -155.991372816530912, 19.635724387599801 ], [ -155.992751371307293, 19.636163468267249 ], [ -155.993976828068099, 19.637734042121192 ], [ -155.993988082853861, 19.638223770908027 ], [ -155.993958233072732, 19.638717308381537 ], [ -155.995035394488042, 19.63985853760828 ], [ -155.996800576359249, 19.639954420398315 ], [ -155.996820724308918, 19.639621784154016 ], [ -155.996684521524855, 19.63894589315758 ] ], [ [ -155.886800607679845, 19.924933487695558 ], [ -155.886891676054006, 19.925765447729137 ], [ -155.887739357119898, 19.925643586235076 ], [ -155.887427535101637, 19.925060833210967 ], [ -155.886800607679845, 19.924933487695558 ] ], [ [ -155.886366081879913, 19.917885233022066 ], [ -155.886553240750885, 19.918236790108569 ], [ -155.887321101746863, 19.918019648163092 ], [ -155.886366081879913, 19.917885233022066 ] ], [ [ -155.952809556926809, 19.509841536532786 ], [ -155.952684929819867, 19.510270519005761 ], [ -155.9523428544735, 19.51048584708488 ], [ -155.951693341862693, 19.511344730216869 ], [ -155.951841980442111, 19.512029829480944 ], [ -155.952485314482885, 19.512467265690045 ], [ -155.953532555349312, 19.51226303206802 ], [ -155.954222099775507, 19.511351393576739 ], [ -155.953682446673554, 19.510069675964843 ], [ -155.952809556926809, 19.509841536532786 ] ] ] } },
{ "type": "Feature", "properties": { "ID": 715, "GRIDCODE": 2 }, "geometry": { "type": "Polygon", "coordinates": [ [ [ -154.870232730611662, 19.433155205583638 ], [ -154.870654006495585, 19.433302995699634 ], [ -154.871329636036705, 19.433305179534116 ], [ -154.865516638782537, 19.438195792856309 ], [ -154.856973672292156, 19.445344127189713 ], [ -154.847798938777544, 19.45523984950616 ], [ -154.843840907728406, 19.460800635036378 ], [ -154.842797681021466, 19.46218733089793 ], [ -154.839955636633448, 19.463415363087055 ], [ -154.839353432318006, 19.464241990402233 ], [ -154.838757103351895, 19.465034665914548 ], [ -154.838104078088833, 19.465930928129463 ], [ -154.837306031167884, 19.467399840539791 ], [ -154.836678543909841, 19.468233534703785 ], [ -154.835929659654226, 19.469913883595588 ], [ -154.835183917914406, 19.470904697838943 ], [ -154.834615621704728, 19.471949794251824 ], [ -154.833671484106816, 19.473072365453344 ], [ -154.831971742624688, 19.473806827257224 ], [ -154.831114216665469, 19.47420082456593 ], [ -154.829615028154109, 19.474848464687032 ], [ -154.82778464161791, 19.476569874597562 ], [ -154.826210149673983, 19.477936251025529 ], [ -154.824661437861181, 19.479903494491321 ], [ -154.823831151299601, 19.482142541082091 ], [ -154.823292967206584, 19.48810605086479 ], [ -154.821844023300656, 19.489827722708768 ], [ -154.821830233250978, 19.493139027661723 ], [ -154.824254707165636, 19.495458563621003 ], [ -154.824903710121418, 19.496809678988619 ], [ -154.824701866745073, 19.501086569116723 ], [ -154.823207375596013, 19.502862402017197 ], [ -154.82146500201705, 19.503615006795719 ], [ -154.819920278815601, 19.505066775283908 ], [ -154.818742118651727, 19.506088951130618 ], [ -154.816012957182693, 19.506445584256998 ], [ -154.815586933244845, 19.512122557632424 ], [ -154.814883279311175, 19.514233927399133 ], [ -154.813162377296266, 19.516157366934042 ], [ -154.811456784167831, 19.51716195815122 ], [ -154.811171023864375, 19.517394436680867 ], [ -154.813434186912133, 19.520008962759356 ], [ -154.814426078901818, 19.523167858798853 ], [ -154.815036518989189, 19.524068434634788 ], [ -154.81835202268266, 19.525689850711341 ], [ -154.820046030729401, 19.527106156801146 ], [ -154.822085430701151, 19.527923820348022 ], [ -154.825676165352775, 19.530183491294171 ], [ -154.828550528459431, 19.53054693765278 ], [ -154.830520653959752, 19.534648405482731 ], [ -154.824923341093495, 19.534789246964205 ], [ -154.822736456722851, 19.533656416165719 ], [ -154.822167324071188, 19.533377970299767 ], [ -154.820961850857174, 19.532466268009646 ], [ -154.818245024687712, 19.531137755440984 ], [ -154.817700565401822, 19.530573202391139 ], [ -154.816590405760707, 19.530030409624455 ], [ -154.815711225298799, 19.529435369747933 ], [ -154.814293543814216, 19.528866675227576 ], [ -154.813149393000913, 19.52800074206257 ], [ -154.812046972780053, 19.527461804838648 ], [ -154.811774478378766, 19.527179647671446 ], [ -154.811490572367774, 19.526907793706005 ], [ -154.810776245992884, 19.526167548000565 ], [ -154.810404435662434, 19.524983456611583 ], [ -154.810127517809406, 19.524441214970938 ], [ -154.809482657333632, 19.521637532991296 ], [ -154.808500280322932, 19.521156852987883 ], [ -154.808234785551548, 19.520604307352393 ], [ -154.807856010271166, 19.519863393323906 ], [ -154.807116350902078, 19.519501425007551 ], [ -154.806832617437664, 19.518598116470532 ], [ -154.806968284829395, 19.515740962828943 ], [ -154.808110091599048, 19.514384086240224 ], [ -154.808111640160035, 19.514108289751992 ], [ -154.808995804448017, 19.513858529374364 ], [ -154.809558361429481, 19.513330223913616 ], [ -154.811010503588477, 19.512557554027865 ], [ -154.811314345233569, 19.512271859501844 ], [ -154.811318113684337, 19.511477737078703 ], [ -154.811930958251509, 19.508955814630291 ], [ -154.811422607032284, 19.507426677697751 ], [ -154.811178716020208, 19.506036570536253 ], [ -154.81177607508107, 19.504999929803144 ], [ -154.812100058465148, 19.504126834401728 ], [ -154.812106847191814, 19.502588241374426 ], [ -154.812493020820369, 19.501917912674514 ], [ -154.813895213672566, 19.501521861314071 ], [ -154.814735246896277, 19.500732578929131 ], [ -154.81529669921477, 19.501023268242655 ], [ -154.815886630918612, 19.50131170937933 ], [ -154.816903204157711, 19.502365667885595 ], [ -154.817285830135091, 19.501334596890704 ], [ -154.818427485656741, 19.500343815046087 ], [ -154.818753271383201, 19.499745256348117 ], [ -154.819069033084389, 19.499471179292684 ], [ -154.820761738144085, 19.499543102361969 ], [ -154.820768062006067, 19.498040681457471 ], [ -154.819107844106526, 19.49705323085341 ], [ -154.818564160408812, 19.496223712448433 ], [ -154.817992365480222, 19.49540411112633 ], [ -154.81742931401692, 19.495933767661278 ], [ -154.816408779573919, 19.495575918783292 ], [ -154.81554601818803, 19.495972601629152 ], [ -154.81515452021074, 19.495682416898845 ], [ -154.816331721058361, 19.494283470196617 ], [ -154.817216456002541, 19.492945910108684 ], [ -154.817825115124975, 19.492137509370945 ], [ -154.816643935249772, 19.4910076259142 ], [ -154.817174892070312, 19.488822743375366 ], [ -154.817924303644105, 19.487827100865783 ], [ -154.818509961345143, 19.48702371022107 ], [ -154.820338290136277, 19.485109245051891 ], [ -154.820043755615842, 19.479941340045141 ], [ -154.82105370230417, 19.47758519591812 ], [ -154.821921035492011, 19.476832416771426 ], [ -154.822518673603241, 19.475733362688242 ], [ -154.823246382059807, 19.475101529062698 ], [ -154.824106192067177, 19.474293605632948 ], [ -154.824849844885364, 19.473647864045784 ], [ -154.826134250783866, 19.472185761648031 ], [ -154.827628325502474, 19.470889387811212 ], [ -154.829501417254136, 19.470237961394069 ], [ -154.829788000692275, 19.469968728691136 ], [ -154.830831277530393, 19.469673868014766 ], [ -154.831262208324176, 19.468880587603959 ], [ -154.832122605435757, 19.46813392498111 ], [ -154.832432591431058, 19.467842503388503 ], [ -154.833020882954258, 19.466255441681028 ], [ -154.833617241757253, 19.465462791198178 ], [ -154.834057472580071, 19.464653332711165 ], [ -154.834585705084294, 19.46373572042393 ], [ -154.836265959537542, 19.462277080137369 ], [ -154.836559431454646, 19.461737434228169 ], [ -154.838311296840345, 19.461507963263855 ], [ -154.838317968186232, 19.459873676518672 ], [ -154.838907659170985, 19.459361708727283 ], [ -154.839194207167282, 19.459092454428717 ], [ -154.840599910110228, 19.458695147010978 ], [ -154.840939173950289, 19.457779505474161 ], [ -154.841229663339618, 19.457791992584301 ], [ -154.842103445127464, 19.457258795493431 ], [ -154.842649453903277, 19.457824343054789 ], [ -154.843229531817457, 19.45810293929058 ], [ -154.843810573692309, 19.457034046964687 ], [ -154.84411487598166, 19.456505200358439 ], [ -154.844432127190402, 19.455141193881786 ], [ -154.846440928756635, 19.453396952191362 ], [ -154.847352780052915, 19.451718416481501 ], [ -154.847666676191295, 19.451446072303757 ], [ -154.8479922296886, 19.450847420452238 ], [ -154.849431256161182, 19.449597893806697 ], [ -154.849433609612305, 19.449046258340292 ], [ -154.850878103859571, 19.448543525155454 ], [ -154.852833160049727, 19.447350968181777 ], [ -154.85450540936759, 19.44577777579395 ], [ -154.854951456327882, 19.445390069055232 ], [ -154.856458951805621, 19.443744119552377 ], [ -154.857150500661703, 19.443143246647981 ], [ -154.857580234661185, 19.442739304761602 ], [ -154.858691589713345, 19.441773886956842 ], [ -154.859631249397296, 19.440483770487802 ], [ -154.860504838685301, 19.440105816923747 ], [ -154.860506271686006, 19.439830001805014 ], [ -154.861943798394464, 19.439597565365194 ], [ -154.862872296461347, 19.439031140967334 ], [ -154.863391039813621, 19.438543077057666 ], [ -154.863688377954873, 19.438284586259474 ], [ -154.863981708253419, 19.437744870013582 ], [ -154.864584836979873, 19.436696725103587 ], [ -154.864586086883065, 19.436405843884064 ], [ -154.865460202408713, 19.43602787280129 ], [ -154.86546226700105, 19.435397218550506 ], [ -154.867191163137903, 19.435117743673299 ], [ -154.868401238317432, 19.434560876391441 ], [ -154.868923371878253, 19.434069698060593 ], [ -154.870089504680521, 19.433289866647055 ], [ -154.870232730611662, 19.433155205583638 ] ] ] } },
{ "type": "Feature", "properties": { "ID": 716, "GRIDCODE": 2 }, "geometry": { "type": "Polygon", "coordinates": [ [ [ -154.963831298335094, 19.361933935139952 ], [ -154.96678925999538, 19.362249833210754 ], [ -154.964809808846184, 19.363419604454258 ], [ -154.963926009204755, 19.364959056752493 ], [ -154.963011291125667, 19.367435372792617 ], [ -154.961241848547473, 19.368779139141541 ], [ -154.960368191252712, 19.36929561739877 ], [ -154.956880644134571, 19.372199831383192 ], [ -154.955430347182954, 19.372974037694977 ], [ -154.949907706510345, 19.377456299086564 ], [ -154.948265929647988, 19.37842619958996 ], [ -154.943425662208824, 19.382527320649 ], [ -154.932784829334651, 19.38708003585656 ], [ -154.932853942389329, 19.386540417141145 ], [ -154.933723021251268, 19.385027806820514 ], [ -154.934155869080257, 19.383857658291962 ], [ -154.936134592728251, 19.382533172085289 ], [ -154.937161032329811, 19.381566019436647 ], [ -154.938986257520924, 19.380724795987454 ], [ -154.939568347157177, 19.38047250948236 ], [ -154.940569662396996, 19.379529080814418 ], [ -154.941610109355167, 19.378624041637345 ], [ -154.943111628420922, 19.376911191779904 ], [ -154.944296760759357, 19.376211246005692 ], [ -154.945104731637258, 19.375449759764766 ], [ -154.9462701224613, 19.374669291018016 ], [ -154.946556349809896, 19.374399805208462 ], [ -154.947800999994229, 19.373566393662355 ], [ -154.948591263623229, 19.372821668094883 ], [ -154.949333980701994, 19.372175234441656 ], [ -154.950049530614081, 19.371501238141622 ], [ -154.950792236056571, 19.370854796313694 ], [ -154.951998687584052, 19.369717669976534 ], [ -154.95304864071278, 19.369076210436099 ], [ -154.95469452955038, 19.368362922352688 ], [ -154.954980732506868, 19.36809341859038 ], [ -154.956099563229373, 19.367119990003822 ], [ -154.956451023210178, 19.3665078843826 ], [ -154.956848917230019, 19.365774199512568 ], [ -154.959069138082725, 19.364937286318568 ], [ -154.960230055566683, 19.363339547339319 ], [ -154.960527110816116, 19.363080843016682 ], [ -154.961092080359265, 19.362548251258858 ], [ -154.963681542883535, 19.36233914026208 ], [ -154.963831298335094, 19.361933935139952 ] ] ] } },
{ "type": "Feature", "properties": { "ID": 717, "GRIDCODE": 1 }, "geometry": { "type": "Polygon", "coordinates": [ [ [ -155.923114293204321, 19.479278562652791 ], [ -155.921356937781098, 19.479074661629628 ], [ -155.919509458278043, 19.477665640521124 ], [ -155.918434582236216, 19.477175542724154 ], [ -155.917398900316044, 19.476618668877851 ], [ -155.915098254581039, 19.476069327042133 ], [ -155.91397969392392, 19.474030831366068 ], [ -155.914554923811806, 19.473560638342306 ], [ -155.914507381444906, 19.47247897267523 ], [ -155.915133117501227, 19.47143231723922 ], [ -155.915412929410962, 19.470880127705122 ], [ -155.916002663359393, 19.469893416178316 ], [ -155.915745288246853, 19.469260934632697 ], [ -155.91544853276497, 19.468720343809711 ], [ -155.916637160900393, 19.467395797482272 ], [ -155.916958293129113, 19.465911813033301 ], [ -155.917549788438635, 19.464432429017545 ], [ -155.918209836104438, 19.462526836304651 ], [ -155.920178420537411, 19.460204484017854 ], [ -155.920240017963636, 19.459453133568019 ], [ -155.918091511119513, 19.456546377465713 ], [ -155.917209544522365, 19.454428364401668 ], [ -155.916914029636985, 19.452761452603287 ], [ -155.916539746081725, 19.450940341096111 ], [ -155.916738858499656, 19.448504853947519 ], [ -155.915758679947942, 19.445759450515684 ], [ -155.915581385877772, 19.441718882803016 ], [ -155.916037806641555, 19.437852003803062 ], [ -155.916399362456531, 19.436658020551771 ], [ -155.915823773706848, 19.434072363011914 ], [ -155.915595523211209, 19.431885869085214 ], [ -155.915294232491561, 19.431897670328642 ], [ -155.914575309278632, 19.430023887994651 ], [ -155.913639183094176, 19.429686903157197 ], [ -155.911625579677661, 19.429206215542507 ], [ -155.908999532649062, 19.428196726234592 ], [ -155.907305811721841, 19.426165089962133 ], [ -155.906381430182819, 19.423945043867406 ], [ -155.906325411957141, 19.422664360741972 ], [ -155.906358741139883, 19.422258716575445 ], [ -155.906318575410666, 19.421347756052945 ], [ -155.906725480310172, 19.419688058114147 ], [ -155.905360565895762, 19.419065251581518 ], [ -155.904953841766087, 19.416257407472131 ], [ -155.904189810221538, 19.416287482820589 ], [ -155.90417655352033, 19.415986829033383 ], [ -155.904766966494208, 19.414998559101704 ], [ -155.904491043127109, 19.414320535303851 ], [ -155.90393283694641, 19.413829959421665 ], [ -155.903213422626294, 19.412712504189024 ], [ -155.902490130232394, 19.412741153706655 ], [ -155.902579348104695, 19.411651775752066 ], [ -155.901764172606534, 19.408632268814483 ], [ -155.901218347833719, 19.40763704379502 ], [ -155.901171615673348, 19.406573643632658 ], [ -155.901535013671179, 19.405664812003891 ], [ -155.901985331887005, 19.403213540173883 ], [ -155.90301215263716, 19.401740289423088 ], [ -155.903914953562747, 19.400560054860705 ], [ -155.904780628931917, 19.399205430226306 ], [ -155.905771259340185, 19.398036464775551 ], [ -155.905241058170077, 19.397069815955376 ], [ -155.904634162086893, 19.395752770169207 ], [ -155.903670190045631, 19.394527752362787 ], [ -155.902969346655851, 19.393007053739421 ], [ -155.902071940688359, 19.392389045622675 ], [ -155.899927357586421, 19.391154719721275 ], [ -155.899084563809339, 19.389965074214494 ], [ -155.898981312541935, 19.38760485322361 ], [ -155.899056402431398, 19.386686605391684 ], [ -155.898480125127918, 19.385302104743037 ], [ -155.898226688328435, 19.384470017928443 ], [ -155.897358606190437, 19.383366945276951 ], [ -155.897477192746379, 19.38191840485182 ], [ -155.896911081741393, 19.380689842980267 ], [ -155.896575572540769, 19.380395059673194 ], [ -155.896047147255558, 19.379016662022646 ], [ -155.895475565296863, 19.378209818241285 ], [ -155.895217015923862, 19.377648449662335 ], [ -155.894726521610608, 19.376754130860622 ], [ -155.894670703011002, 19.37548033181967 ], [ -155.894716741439964, 19.374918876366884 ], [ -155.894082212425701, 19.374361134337853 ], [ -155.893564854934226, 19.373238390907066 ], [ -155.892470962763525, 19.372276899645534 ], [ -155.8924554044724, 19.371921993472885 ], [ -155.89252028716254, 19.37113131035483 ], [ -155.891954580868344, 19.37063371398494 ], [ -155.891372355127515, 19.369729359760893 ], [ -155.889704428568649, 19.368682142602598 ], [ -155.88912052448606, 19.367045467689827 ], [ -155.889228272369394, 19.365729511326848 ], [ -155.888706141951587, 19.365154373532047 ], [ -155.88695038056332, 19.363805739820027 ], [ -155.886476247077638, 19.361995868205884 ], [ -155.888317480498102, 19.359942908179715 ], [ -155.888507189656195, 19.357626318143851 ], [ -155.887317988930391, 19.356114693331495 ], [ -155.887379957038917, 19.355360458818783 ], [ -155.887001163630089, 19.353915058119103 ], [ -155.887452817809788, 19.352785081703583 ], [ -155.886984906231248, 19.351249563397744 ], [ -155.886496814207618, 19.35019025437462 ], [ -155.885739473892869, 19.350134189989326 ], [ -155.88436360612377, 19.350458933461759 ], [ -155.884029962250338, 19.349850256393751 ], [ -155.883642246180045, 19.349008194314511 ], [ -155.883051170273376, 19.347930190708851 ], [ -155.883562827249278, 19.34707364431307 ], [ -155.884122840790866, 19.344962010285457 ], [ -155.884805682940453, 19.344068983929578 ], [ -155.884695917957515, 19.341560037792025 ], [ -155.885103949018344, 19.340877046209094 ], [ -155.885035151460158, 19.339306042058102 ], [ -155.885797565037223, 19.340295729998427 ], [ -155.885905788525861, 19.342769478274917 ], [ -155.88553121300032, 19.344580960392154 ], [ -155.886103568414683, 19.345823658792689 ], [ -155.886633285584111, 19.346289440072944 ], [ -155.88694994217073, 19.34717682652078 ], [ -155.887198151817671, 19.348279634148497 ], [ -155.887769607101092, 19.349086486059644 ], [ -155.888028099241239, 19.349647856927991 ], [ -155.88886449796891, 19.350383072199183 ], [ -155.888897694779786, 19.351144489066989 ], [ -155.888842236744267, 19.35182055674445 ], [ -155.888872009438046, 19.352498081432707 ], [ -155.888777002929231, 19.3536576976345 ], [ -155.889086770613602, 19.353998856840214 ], [ -155.889537048643746, 19.354394516044128 ], [ -155.89044962035149, 19.355683749981562 ], [ -155.890483670204844, 19.356459198208327 ], [ -155.890167533103323, 19.356717725656527 ], [ -155.890698666794265, 19.357184582419272 ], [ -155.89075948023887, 19.358576149806819 ], [ -155.890398606841273, 19.359180354453791 ], [ -155.890985943956707, 19.360826868053628 ], [ -155.890939475249269, 19.361396248525466 ], [ -155.891802245719106, 19.362154917200559 ], [ -155.891764914074457, 19.362609943240255 ], [ -155.892044540457761, 19.363527635901246 ], [ -155.893176278803821, 19.364885665827092 ], [ -155.893592582335913, 19.366252100378613 ], [ -155.894830683084393, 19.368939001099715 ], [ -155.896490424943011, 19.369832119687239 ], [ -155.897339119122364, 19.370219491625743 ], [ -155.896771316190012, 19.370920143367204 ], [ -155.895908490287809, 19.371278305212492 ], [ -155.896153867527033, 19.372534448921485 ], [ -155.896476957211462, 19.373439658046298 ], [ -155.896134105705357, 19.374429762668566 ], [ -155.895270233755355, 19.375135930527822 ], [ -155.895200166163249, 19.375994757943946 ], [ -155.895802944937458, 19.37684603472113 ], [ -155.896152905667748, 19.377995007135745 ], [ -155.897500847620591, 19.379479426159442 ], [ -155.900483064342524, 19.37997274664934 ], [ -155.901150773795649, 19.381576980569911 ], [ -155.901108742304615, 19.382089582848383 ], [ -155.901132757506417, 19.382631608551893 ], [ -155.901088239435722, 19.383172465674878 ], [ -155.901106180854924, 19.383578983735994 ], [ -155.901030404099942, 19.384504891864292 ], [ -155.901466526657316, 19.38488839204172 ], [ -155.901931074666805, 19.386950117430892 ], [ -155.902713205801717, 19.387811577969522 ], [ -155.90414071259309, 19.388632992454077 ], [ -155.905251148000758, 19.389480467882514 ], [ -155.905919671916706, 19.38945403563584 ], [ -155.907288874559697, 19.391194235065093 ], [ -155.907766476976832, 19.392230593591897 ], [ -155.908618343128893, 19.393312990200364 ], [ -155.908876958018766, 19.393874348637794 ], [ -155.909168472881845, 19.39440558906049 ], [ -155.909427090938777, 19.39496694715465 ], [ -155.909718609133819, 19.395498187153617 ], [ -155.909977230358123, 19.396059544904354 ], [ -155.910804903774476, 19.39756863064467 ], [ -155.910497600716837, 19.399097022009101 ], [ -155.909330690032448, 19.400923114469055 ], [ -155.908438416416317, 19.401975824564726 ], [ -155.908129289789343, 19.403141863731676 ], [ -155.907052963633589, 19.404021910268359 ], [ -155.906345468887736, 19.405206017393521 ], [ -155.906424935582976, 19.407015759805333 ], [ -155.905213722747362, 19.408599604112144 ], [ -155.904731304856256, 19.410568755868027 ], [ -155.905120308336365, 19.411412937318676 ], [ -155.905692844588202, 19.412221106948351 ], [ -155.905669649639236, 19.412503949610258 ], [ -155.905962789053859, 19.41303839841876 ], [ -155.905926938054535, 19.413474412977692 ], [ -155.906560946190154, 19.414849312073105 ], [ -155.908496102030824, 19.415311507235714 ], [ -155.909049397849543, 19.415797491749217 ], [ -155.909565464569027, 19.416365617581924 ], [ -155.909893505670709, 19.416352691192991 ], [ -155.91044426406043, 19.416649009743274 ], [ -155.911077396394433, 19.416937737253711 ], [ -155.911702143090764, 19.417625922786844 ], [ -155.912147153184208, 19.418016701665351 ], [ -155.912428568185049, 19.418627373665647 ], [ -155.913801716808536, 19.419833939004562 ], [ -155.913828546898827, 19.420449800172374 ], [ -155.913186424634915, 19.42110770340398 ], [ -155.91068591997464, 19.420923658799857 ], [ -155.910627553675369, 19.421636712723267 ], [ -155.910940195535574, 19.423794228751085 ], [ -155.912422537194345, 19.424814634536471 ], [ -155.916673323283646, 19.425755957394962 ], [ -155.917745434595417, 19.42693649328238 ], [ -155.91907470720696, 19.427770449473897 ], [ -155.919092120027187, 19.428162415852771 ], [ -155.919069349967259, 19.428438393569742 ], [ -155.919356632489951, 19.429242482149903 ], [ -155.919610216217762, 19.430074560312299 ], [ -155.919897503195642, 19.430878648670944 ], [ -155.91987433998716, 19.431160702537323 ], [ -155.920166747587501, 19.431693537944177 ], [ -155.92059556146657, 19.434112993916131 ], [ -155.920939998376269, 19.435242549425396 ], [ -155.921268866405825, 19.436163178407902 ], [ -155.921189204277908, 19.437134788306746 ], [ -155.921224154303218, 19.437927186493294 ], [ -155.920632658612533, 19.438410895333028 ], [ -155.920582688298936, 19.439020164350435 ], [ -155.92064141031716, 19.440354852070076 ], [ -155.920210087713627, 19.4421146708275 ], [ -155.920515941729462, 19.445480140934812 ], [ -155.922196393598654, 19.448543406553842 ], [ -155.921826917210865, 19.4496105895855 ], [ -155.921220048733232, 19.450403985225449 ], [ -155.921517059412679, 19.450945627814612 ], [ -155.921466652932907, 19.451562822912795 ], [ -155.921796471504365, 19.453423638416265 ], [ -155.922425097671891, 19.454786519968817 ], [ -155.923405641246802, 19.455866053526247 ], [ -155.923702396380122, 19.456126564848564 ], [ -155.924381215202459, 19.457180078458311 ], [ -155.925528603911118, 19.457264612541053 ], [ -155.925964432713897, 19.457247413268398 ], [ -155.926229105715692, 19.457538848063518 ], [ -155.927161027577853, 19.458123521150259 ], [ -155.927635757892091, 19.458645956920105 ], [ -155.928130820274788, 19.459080934283616 ], [ -155.925249172890716, 19.460075884727242 ], [ -155.923956611389286, 19.463102150020628 ], [ -155.923430156565388, 19.463532482239994 ], [ -155.922331653213575, 19.464828466518828 ], [ -155.922377275137279, 19.465867261005641 ], [ -155.921429919676513, 19.467263921331764 ], [ -155.921497563499742, 19.468804247503012 ], [ -155.920930866446753, 19.46926747186464 ], [ -155.922284363858779, 19.469884732517631 ], [ -155.921981167307621, 19.471055911253863 ], [ -155.920423536296397, 19.470941093101029 ], [ -155.919113326530692, 19.471484752940796 ], [ -155.918838646732581, 19.471766227145924 ], [ -155.918258620567855, 19.472240321440928 ], [ -155.918560634633366, 19.473284800107283 ], [ -155.919578261185933, 19.473748796162589 ], [ -155.919640008848859, 19.47515731768997 ], [ -155.919525758130192, 19.476553587861641 ], [ -155.92129828604908, 19.478504539579447 ], [ -155.922850418283758, 19.478987927184427 ], [ -155.923114293204321, 19.479278562652791 ] ] ] } },
{ "type": "Feature", "properties": { "ID": 718, "GRIDCODE": 1 }, "geometry": { "type": "Polygon", "coordinates": [ [ [ -155.88444046739545, 19.336173932944785 ], [ -155.884608436070891, 19.336292639435968 ], [ -155.8849663186935, 19.338191757564495 ], [ -155.884530976515435, 19.337687127390197 ], [ -155.88444046739545, 19.336173932944785 ] ] ] } },
{ "type": "Feature", "properties": { "ID": 719, "GRIDCODE": 2 }, "geometry": { "type": "Polygon", "coordinates": [ [ [ -155.054721191738452, 19.317112769754068 ], [ -155.055066186949546, 19.317213001871917 ], [ -155.054810648315055, 19.317444520681821 ], [ -155.054721191738452, 19.317112769754068 ] ] ] } },
{ "type": "Feature", "properties": { "ID": 720, "GRIDCODE": 2 }, "geometry": { "type": "Polygon", "coordinates": [ [ [ -155.051023995508814, 19.316762037826617 ], [ -155.051738682450463, 19.316907552681275 ], [ -155.052575495048501, 19.317206875703931 ], [ -155.053992258659804, 19.317559722591433 ], [ -155.051136099780251, 19.318258136948074 ], [ -155.04951536442789, 19.318515541040046 ], [ -155.045405484056232, 19.322538148119982 ], [ -155.04418334489543, 19.323118634162842 ], [ -155.043302522972652, 19.323489825390649 ], [ -155.041906968742438, 19.324357751311151 ], [ -155.039397872790715, 19.325549225018321 ], [ -155.035414651518693, 19.325764333687967 ], [ -155.031829958764547, 19.326974021479209 ], [ -155.030383631917459, 19.327267806173111 ], [ -155.027879716628831, 19.328240928597886 ], [ -155.026077238722536, 19.328526905073083 ], [ -155.023666761438079, 19.330421381494769 ], [ -155.019463005663681, 19.331369654522938 ], [ -155.017727362533947, 19.331722010463277 ], [ -155.016344138549869, 19.333656544409443 ], [ -155.013399393341302, 19.3360148320847 ], [ -155.011930345031431, 19.33634627168616 ], [ -155.007069273695095, 19.336499716733343 ], [ -155.00562920568737, 19.33756109826464 ], [ -155.004750396639366, 19.338072442169658 ], [ -155.002491706796008, 19.339801045095555 ], [ -155.000505186102998, 19.340413549103943 ], [ -154.998701101836986, 19.34064554401705 ], [ -154.997590253953206, 19.342198737344045 ], [ -154.994936503029749, 19.343934124167955 ], [ -154.991629682329517, 19.34445825330496 ], [ -154.990593934943007, 19.345327560982675 ], [ -154.988506075787683, 19.34736942290959 ], [ -154.983679867083225, 19.348703116004387 ], [ -154.982252823053983, 19.349223363629786 ], [ -154.980601866782962, 19.349791765535109 ], [ -154.97732933094909, 19.35236168646102 ], [ -154.976216497853187, 19.353009327638926 ], [ -154.974680953060499, 19.355269059044073 ], [ -154.97282320699486, 19.358311219793904 ], [ -154.970109042964651, 19.360309070981781 ], [ -154.970359151092595, 19.357680290844836 ], [ -154.97151337311837, 19.356551880382764 ], [ -154.972088752856365, 19.356069154830852 ], [ -154.972490576102786, 19.355307496263617 ], [ -154.973568044060073, 19.354853853924332 ], [ -154.973561119987096, 19.354433274917955 ], [ -154.973870240894428, 19.353908707453954 ], [ -154.974475760081646, 19.35201737909798 ], [ -154.97478485278009, 19.351493600949695 ], [ -154.975354856933308, 19.350412472782637 ], [ -154.976224428348274, 19.350464480584044 ], [ -154.975958053741891, 19.350156017275783 ], [ -154.975424995789581, 19.349665131800222 ], [ -154.975401347597739, 19.348292871060586 ], [ -154.975855469202259, 19.347848667395365 ], [ -154.976309132068224, 19.347468401334755 ], [ -154.976589827394093, 19.347193444698735 ], [ -154.977177188457347, 19.346946410013224 ], [ -154.977457881518887, 19.346671451598873 ], [ -154.977760314841674, 19.346418113600986 ], [ -154.978393551089312, 19.34579896217755 ], [ -154.980357807822458, 19.345122547551707 ], [ -154.981457464161025, 19.344600627930959 ], [ -154.983511855627484, 19.344380420268838 ], [ -154.983792534717708, 19.344105449291998 ], [ -154.986102661387974, 19.343355209532437 ], [ -154.987210152739692, 19.341807052142524 ], [ -154.988424120303932, 19.341231053234662 ], [ -154.989011447888316, 19.340983973063846 ], [ -154.989511151303446, 19.340495014253342 ], [ -154.991306386897321, 19.339941581193056 ], [ -154.993033380612871, 19.339719590288301 ], [ -154.994466925327686, 19.338928781684118 ], [ -154.995915596382901, 19.338430033597312 ], [ -154.99619680914634, 19.338154785860816 ], [ -154.996756110938463, 19.338188231437368 ], [ -154.997342517228304, 19.337909653389993 ], [ -154.999457607828475, 19.337480496686037 ], [ -155.001663009610951, 19.336110154204619 ], [ -155.00195767117367, 19.336127726565522 ], [ -155.003684611625943, 19.335175208300662 ], [ -155.005861088090057, 19.334830029982353 ], [ -155.007994152115174, 19.33409514314463 ], [ -155.009032271368312, 19.333602334583034 ], [ -155.010281582533537, 19.333582685122622 ], [ -155.011349591021656, 19.333646260575257 ], [ -155.012827006293236, 19.333313155484028 ], [ -155.015112024004281, 19.333449345842066 ], [ -155.016265138237145, 19.331751324463255 ], [ -155.016366494966604, 19.330214206745897 ], [ -155.016341587089073, 19.32878663775135 ], [ -155.019511238728569, 19.328142718546644 ], [ -155.020399289758842, 19.327590792282031 ], [ -155.020924663540569, 19.32762209526495 ], [ -155.021555787664738, 19.327356295373789 ], [ -155.022121286372141, 19.327087473558159 ], [ -155.022708529612999, 19.326840265917799 ], [ -155.022989681717064, 19.32656496482214 ], [ -155.024656976801879, 19.32666427157632 ], [ -155.024990017701271, 19.326338303616005 ], [ -155.02544352105204, 19.325957883003099 ], [ -155.02586438981217, 19.325545565215872 ], [ -155.026166718568987, 19.325292125753663 ], [ -155.026447299886883, 19.32501706974492 ], [ -155.026749626794526, 19.324763628967276 ], [ -155.027030206229, 19.324488571710809 ], [ -155.027617435083727, 19.324241345166474 ], [ -155.027898012255463, 19.323966286139143 ], [ -155.029624852187425, 19.323743907908106 ], [ -155.03019032893971, 19.323475056310404 ], [ -155.032576790865676, 19.323096310404505 ], [ -155.033545507721328, 19.322636445394739 ], [ -155.03593195794997, 19.322257651826551 ], [ -155.037109722948514, 19.32144026720545 ], [ -155.038494584730898, 19.321522458391666 ], [ -155.038984394332175, 19.321043156900423 ], [ -155.040240322842493, 19.320446527774259 ], [ -155.040827524443245, 19.320199252323075 ], [ -155.04139297626304, 19.319930360333252 ], [ -155.041980174849954, 19.319683080508938 ], [ -155.043128464543912, 19.318885621567826 ], [ -155.044000557325973, 19.318644523219078 ], [ -155.044287617991728, 19.318098960336687 ], [ -155.045159705741298, 19.31785785536356 ], [ -155.045725144251037, 19.317588947145047 ], [ -155.049161319089052, 19.317403468498256 ], [ -155.050011650996879, 19.317140724759494 ], [ -155.050883730325836, 19.316899589894597 ], [ -155.051023995508814, 19.316762037826617 ] ] ] } },
{ "type": "Feature", "properties": { "ID": 721, "GRIDCODE": 1 }, "geometry": { "type": "Polygon", "coordinates": [ [ [ -155.883651727681354, 19.332639964531015 ], [ -155.884052640280657, 19.333005694121592 ], [ -155.884550589676138, 19.3349519018176 ], [ -155.883945044304681, 19.334256065135378 ], [ -155.883651727681354, 19.332639964531015 ] ] ] } },
{ "type": "Feature", "properties": { "ID": 722, "GRIDCODE": 2 }, "geometry": { "type": "Polygon", "coordinates": [ [ [ -155.501357238129998, 19.134836394045308 ], [ -155.50101217731239, 19.134737022955868 ], [ -155.501266872419308, 19.134504723894704 ], [ -155.501357238129998, 19.134836394045308 ] ] ] } },
{ "type": "Feature", "properties": { "ID": 723, "GRIDCODE": 2 }, "geometry": { "type": "Polygon", "coordinates": [ [ [ -155.527647539634501, 19.117196148329587 ], [ -155.527543330875915, 19.11752413636038 ], [ -155.527298610124518, 19.117282357102191 ], [ -155.527647539634501, 19.117196148329587 ] ] ] } },
{ "type": "Feature", "properties": { "ID": 724, "GRIDCODE": 2 }, "geometry": { "type": "Polygon", "coordinates": [ [ [ -155.549390489939753, 19.085116924239387 ], [ -155.549045482842814, 19.085017654815797 ], [ -155.549300033763302, 19.084785265416979 ], [ -155.549390489939753, 19.085116924239387 ] ] ] } },
{ "type": "Feature", "properties": { "ID": 725, "GRIDCODE": 2 }, "geometry": { "type": "Polygon", "coordinates": [ [ [ -155.546549497233258, 19.084792911120985 ], [ -155.546894501580141, 19.084892184926449 ], [ -155.546639947682195, 19.085124570435536 ], [ -155.546549497233258, 19.084792911120985 ] ] ] } },
{ "type": "Feature", "properties": { "ID": 726, "GRIDCODE": 2 }, "geometry": { "type": "Polygon", "coordinates": [ [ [ -155.554632076103729, 19.079529553236419 ], [ -155.554466470687913, 19.08000659554984 ], [ -155.55317743305929, 19.081689401155963 ], [ -155.552704134653425, 19.082870050489401 ], [ -155.5524010837388, 19.084504149437912 ], [ -155.552083193180124, 19.085297195271721 ], [ -155.552095146489165, 19.085579263412718 ], [ -155.551777251611981, 19.086372308089665 ], [ -155.551491008768096, 19.087194499305191 ], [ -155.551174262566548, 19.087985448390238 ], [ -155.55045206062735, 19.090062741271474 ], [ -155.546386890351386, 19.09034872222146 ], [ -155.545543985093701, 19.092315583842176 ], [ -155.543922667054147, 19.094347137883805 ], [ -155.543351689979602, 19.095163960387705 ], [ -155.540707057066356, 19.097933995852561 ], [ -155.539771634124691, 19.100117727064976 ], [ -155.539227051241028, 19.101027299773484 ], [ -155.538193396282367, 19.103999433332433 ], [ -155.53437240855925, 19.107978196910526 ], [ -155.531744351596842, 19.110122818671428 ], [ -155.531325943492078, 19.111166402286191 ], [ -155.530803923893785, 19.113122286527609 ], [ -155.529764273226107, 19.114478545702845 ], [ -155.52890393464773, 19.116171047483903 ], [ -155.527647539634501, 19.117196148329587 ], [ -155.527084469545258, 19.116243231905841 ], [ -155.52638260826788, 19.116660394733419 ], [ -155.526648214630484, 19.117047189810354 ], [ -155.527207150269334, 19.117559294382822 ], [ -155.525121612159495, 19.118090694901401 ], [ -155.523499425231762, 19.117799864529502 ], [ -155.52133763027976, 19.117217502009662 ], [ -155.52048580775795, 19.117861553621587 ], [ -155.519723670904511, 19.118871094246135 ], [ -155.518672935907034, 19.120882740165992 ], [ -155.516865756201724, 19.122276712379847 ], [ -155.514871323789464, 19.123340595389323 ], [ -155.514760948685279, 19.125100365688844 ], [ -155.515072498592417, 19.125762214457652 ], [ -155.516164877168251, 19.127336986891798 ], [ -155.516228184736804, 19.130416956693644 ], [ -155.515297301946276, 19.132198708201305 ], [ -155.513550893675273, 19.133419813079605 ], [ -155.510475542706473, 19.133917681094609 ], [ -155.509463841343063, 19.135120705565978 ], [ -155.508892955117147, 19.137213028496653 ], [ -155.507747949684585, 19.138826736027539 ], [ -155.505862516843337, 19.14014451346112 ], [ -155.504217773082814, 19.140520888403273 ], [ -155.501016972934451, 19.140339104254291 ], [ -155.499087805344431, 19.140879215532376 ], [ -155.496315814346133, 19.142706358002357 ], [ -155.493476127574041, 19.142759223109543 ], [ -155.49166133245032, 19.142361826887171 ], [ -155.489662522929166, 19.142063475192725 ], [ -155.488351991448241, 19.141710057224628 ], [ -155.486245864613522, 19.141987549302009 ], [ -155.48433588471832, 19.143405069199243 ], [ -155.482514978994658, 19.143821750639379 ], [ -155.481359373096808, 19.144059754992863 ], [ -155.478699084244113, 19.145725615158806 ], [ -155.473145527635609, 19.148023505751489 ], [ -155.471010826708351, 19.148463377541706 ], [ -155.469085307872945, 19.148903545452036 ], [ -155.462670355470124, 19.14853813418528 ], [ -155.457017235739187, 19.150640843096493 ], [ -155.454376509116116, 19.151559827488274 ], [ -155.450679913934351, 19.155199344867395 ], [ -155.449267862792738, 19.156027793608079 ], [ -155.447641063071899, 19.159138605045893 ], [ -155.444917262637574, 19.161820479863636 ], [ -155.443274019971028, 19.162606320129218 ], [ -155.441304075645547, 19.162074804050189 ], [ -155.438828673932278, 19.16391065036629 ], [ -155.437341353091398, 19.164326435031541 ], [ -155.437061665681796, 19.164602289206641 ], [ -155.435335806626085, 19.164829158695849 ], [ -155.435346458479671, 19.165342501535577 ], [ -155.43387101195529, 19.167247396992042 ], [ -155.432982501983616, 19.168302387741935 ], [ -155.432696971243558, 19.168848830367491 ], [ -155.432395476192994, 19.169103101634928 ], [ -155.431329565877263, 19.170152515189784 ], [ -155.428815968236393, 19.171220525110847 ], [ -155.428029796922431, 19.17232664883209 ], [ -155.42727089925188, 19.172967752687114 ], [ -155.426435460363052, 19.174396224568934 ], [ -155.42588001400236, 19.175458452778653 ], [ -155.423518330271804, 19.177782947723493 ], [ -155.420112678548577, 19.180055557047513 ], [ -155.418996963431425, 19.181625227165206 ], [ -155.417507906922651, 19.182883308791499 ], [ -155.41615218758551, 19.185999803816799 ], [ -155.414959464257379, 19.187678170183453 ], [ -155.413442047415288, 19.188520603726374 ], [ -155.409390114448655, 19.188966001686708 ], [ -155.407045398949407, 19.189695670111501 ], [ -155.40545881286144, 19.189724031094972 ], [ -155.404600118448371, 19.189674930728899 ], [ -155.402443607180743, 19.190807674793636 ], [ -155.400724890837608, 19.191537384716952 ], [ -155.399850013799494, 19.192768229529459 ], [ -155.398260384605834, 19.194110586171181 ], [ -155.397925466795527, 19.195230428843946 ], [ -155.397944882746287, 19.196203911257307 ], [ -155.396767697806496, 19.196570156005336 ], [ -155.395896488205182, 19.196813142759144 ], [ -155.394514814742024, 19.1977775526417 ], [ -155.393274047506225, 19.198124015426316 ], [ -155.391879568098375, 19.199495522212988 ], [ -155.389933119678858, 19.199383937293245 ], [ -155.388722252448275, 19.199660108043684 ], [ -155.386856816274985, 19.200043374262258 ], [ -155.38641514912203, 19.200416124049063 ], [ -155.385875418856642, 19.200946871832798 ], [ -155.383560913859952, 19.200641054281419 ], [ -155.381994291700011, 19.200084309826774 ], [ -155.378053646839646, 19.199857848976521 ], [ -155.374893252685837, 19.200366582186451 ], [ -155.372156963988942, 19.202190878952862 ], [ -155.371829642946579, 19.203386664678888 ], [ -155.369819142953787, 19.203606937640419 ], [ -155.368976749721355, 19.204435364235188 ], [ -155.367269857540634, 19.204337269324384 ], [ -155.366093279666018, 19.204899192983596 ], [ -155.365248423445536, 19.20459877525315 ], [ -155.364673878072978, 19.204609045279515 ], [ -155.363029805582528, 19.204514272779019 ], [ -155.362368061407494, 19.20507291438512 ], [ -155.361569432611532, 19.205858023379744 ], [ -155.359790112518311, 19.206900403909099 ], [ -155.358219045424164, 19.209426199795026 ], [ -155.355593278106966, 19.210540244540944 ], [ -155.354310528766291, 19.211622580455291 ], [ -155.35395775720869, 19.212224609761975 ], [ -155.353026830455264, 19.214209020469475 ], [ -155.351898288799219, 19.215161174805871 ], [ -155.350665157662831, 19.216690153202087 ], [ -155.347234713559374, 19.218145134012644 ], [ -155.346668641984081, 19.22021053088918 ], [ -155.346144029650844, 19.221105966429107 ], [ -155.345761314245038, 19.22207772181731 ], [ -155.345770849476281, 19.222577260333903 ], [ -155.345463437592485, 19.223164045833304 ], [ -155.344210754841015, 19.22456489325403 ], [ -155.343164300591752, 19.227860443672402 ], [ -155.342310833187611, 19.228699589301886 ], [ -155.340909996810467, 19.229574568111293 ], [ -155.339351362142395, 19.230486820010579 ], [ -155.338664986916172, 19.231795854290432 ], [ -155.337244681584536, 19.232994228463493 ], [ -155.335951311759345, 19.234265447223585 ], [ -155.33419790704113, 19.235197796271329 ], [ -155.33197132373968, 19.23993667023494 ], [ -155.331612240965597, 19.240940571405993 ], [ -155.329462123584136, 19.241686468291789 ], [ -155.325658383119816, 19.243501401746574 ], [ -155.32025698289587, 19.245269279675252 ], [ -155.318347289571108, 19.2463867715372 ], [ -155.315821721823539, 19.249307031674512 ], [ -155.313477299667824, 19.250868768829037 ], [ -155.311443879431408, 19.253057674948188 ], [ -155.309338964190118, 19.256522377875946 ], [ -155.302718007342747, 19.263048131819438 ], [ -155.30036929234663, 19.264043361569467 ], [ -155.299211775347857, 19.26472012645128 ], [ -155.29806485404734, 19.265519483672026 ], [ -155.296351784230836, 19.26599649361447 ], [ -155.295988034833755, 19.266353365696286 ], [ -155.292580510738162, 19.265861013280542 ], [ -155.290899834603238, 19.266382241360208 ], [ -155.28863324493301, 19.266421562777193 ], [ -155.288063944721699, 19.266388579221505 ], [ -155.287208550845548, 19.266403171455401 ], [ -155.286354599516216, 19.266353820981863 ], [ -155.285356636850878, 19.266371055676704 ], [ -155.284218048395786, 19.266304802411483 ], [ -155.283790350120597, 19.266312222115761 ], [ -155.282782404917896, 19.266253905509956 ], [ -155.280913572905433, 19.266774112831296 ], [ -155.279783019629065, 19.26731330864974 ], [ -155.273826488639372, 19.267463042119417 ], [ -155.27263153721978, 19.26796889132055 ], [ -155.272066523306506, 19.268238599356945 ], [ -155.271194840077527, 19.26848089601258 ], [ -155.269769024853019, 19.269003683402921 ], [ -155.267757777310948, 19.269222674636687 ], [ -155.266907863808939, 19.269486540106538 ], [ -155.266036170591263, 19.269728809661803 ], [ -155.26500276882382, 19.270743561417429 ], [ -155.26258539576358, 19.271563450103745 ], [ -155.260153176405339, 19.272153829674977 ], [ -155.259553604182855, 19.272742617667788 ], [ -155.255357876205721, 19.273132372816537 ], [ -155.25361397293949, 19.274346305503194 ], [ -155.250195817762858, 19.27317626940556 ], [ -155.247840488535587, 19.27193022719695 ], [ -155.245613664930204, 19.272325062972797 ], [ -155.244607405359403, 19.272266565542164 ], [ -155.244216466918601, 19.272273059759243 ], [ -155.242407464734214, 19.270337218360492 ], [ -155.241339453136447, 19.270765368037356 ], [ -155.240357969037461, 19.271377673225214 ], [ -155.239771134216426, 19.27162567608897 ], [ -155.239056368982375, 19.271966460241494 ], [ -155.237311698865426, 19.271042922464542 ], [ -155.231761519563008, 19.270295923059308 ], [ -155.228876369155387, 19.267644452841662 ], [ -155.228219845354545, 19.266244813663199 ], [ -155.226633498830722, 19.265851243949985 ], [ -155.224238421295667, 19.264799180499885 ], [ -155.220689545383578, 19.264859238921375 ], [ -155.217159657935781, 19.263850734600535 ], [ -155.214117814923156, 19.263479502798365 ], [ -155.212063241759466, 19.262391800251308 ], [ -155.210070308597778, 19.261819709748124 ], [ -155.205529850769807, 19.260372147156982 ], [ -155.203176524538662, 19.26075564840864 ], [ -155.201537345511724, 19.26109053870147 ], [ -155.198516876302932, 19.262114000714782 ], [ -155.193486217481109, 19.262278535793111 ], [ -155.191087881795028, 19.264630820143122 ], [ -155.189612694720068, 19.265550226224335 ], [ -155.187730669162249, 19.266346149583331 ], [ -155.185907632028517, 19.267214117153067 ], [ -155.184585357029675, 19.267513963518759 ], [ -155.182289332757449, 19.267726041237857 ], [ -155.181154506401015, 19.267983527368759 ], [ -155.178003904637478, 19.268177670754557 ], [ -155.176869073385632, 19.268435128481457 ], [ -155.174573044548794, 19.268647104974225 ], [ -155.173125928271418, 19.269335944463872 ], [ -155.170440869202224, 19.270167164797385 ], [ -155.167712855058056, 19.270212462204867 ], [ -155.166291845421824, 19.269826609278688 ], [ -155.164862490477674, 19.269536512302476 ], [ -155.163321872774532, 19.269196227908044 ], [ -155.160657814066667, 19.269579484191876 ], [ -155.156740625505137, 19.269349311038635 ], [ -155.155240401927216, 19.270283732717271 ], [ -155.153430657133754, 19.270909259286238 ], [ -155.151347874185518, 19.27295119672068 ], [ -155.148876458719684, 19.273995900577322 ], [ -155.146224903556401, 19.27612381465212 ], [ -155.143884747080563, 19.276932550587805 ], [ -155.141830632974035, 19.277909842729319 ], [ -155.139588792779762, 19.278417448280042 ], [ -155.135883003383498, 19.27785640859512 ], [ -155.133721430512537, 19.277269348506984 ], [ -155.132038398294497, 19.277519118216091 ], [ -155.130177853794123, 19.278547413704111 ], [ -155.127571407847483, 19.279834721226798 ], [ -155.126368284805181, 19.28067103820457 ], [ -155.125260667466733, 19.281138836912387 ], [ -155.122663156604091, 19.282988662258461 ], [ -155.12065501881554, 19.284322395298748 ], [ -155.119065950709398, 19.285658938882818 ], [ -155.116635614941515, 19.288462068547769 ], [ -155.115388230801301, 19.289329066268341 ], [ -155.113933808300061, 19.290099405091055 ], [ -155.112220186668367, 19.291166285987238 ], [ -155.111046683036193, 19.291661647550473 ], [ -155.109031422615374, 19.292982382713365 ], [ -155.108153105239239, 19.293494327753891 ], [ -155.106331398996787, 19.294891042885666 ], [ -155.104676886973834, 19.295855763266644 ], [ -155.103529004422853, 19.296653693596404 ], [ -155.100482919921404, 19.298196743891925 ], [ -155.098735235036145, 19.299284677324135 ], [ -155.093735761630342, 19.300492956893088 ], [ -155.092358700655495, 19.301350112458003 ], [ -155.090284965577268, 19.301772103897154 ], [ -155.087680344085584, 19.303891787026771 ], [ -155.085643292352927, 19.305342824797719 ], [ -155.083162330077727, 19.308528810641956 ], [ -155.081283168376331, 19.30991499357896 ], [ -155.077534430512969, 19.310953555925941 ], [ -155.075577279848801, 19.31408592852425 ], [ -155.073215917102658, 19.315725632700026 ], [ -155.070195559496767, 19.316494823648544 ], [ -155.068562467762575, 19.316199536024126 ], [ -155.066419623938287, 19.315616530300247 ], [ -155.065508982547158, 19.315562508065998 ], [ -155.062584148874691, 19.316341029760135 ], [ -155.060287568466862, 19.316551420228262 ], [ -155.057348956939052, 19.317299689686781 ], [ -155.055446504307355, 19.316955378922682 ], [ -155.056024928525773, 19.316469747770984 ], [ -155.056305450693401, 19.316194633879643 ], [ -155.056607722152592, 19.315941132152027 ], [ -155.056888242437651, 19.315666017016149 ], [ -155.057190512048379, 19.315412513976394 ], [ -155.057477525071391, 19.314866921340943 ], [ -155.057779792244474, 19.314613416882782 ], [ -155.058656071918023, 19.313268721053841 ], [ -155.063231774976316, 19.313107607856509 ], [ -155.064082073537122, 19.312844790249738 ], [ -155.066663502710611, 19.312640492743267 ], [ -155.068131109450206, 19.312381731359157 ], [ -155.069457581624931, 19.312460301737772 ], [ -155.070084347296756, 19.3121625036589 ], [ -155.070956387957267, 19.311921262463581 ], [ -155.071377119735928, 19.311508812120334 ], [ -155.07207252375963, 19.310924687351768 ], [ -155.073090206571095, 19.309667781611232 ], [ -155.073876494829904, 19.309007379893018 ], [ -155.074156977161493, 19.308732230741086 ], [ -155.074459210759414, 19.308478691870629 ], [ -155.07473969120926, 19.308203541476178 ], [ -155.075193044802944, 19.307822966810399 ], [ -155.075832648606394, 19.307196393642155 ], [ -155.076481350602165, 19.306887941068759 ], [ -155.07706846776037, 19.306640529994215 ], [ -155.077633830954909, 19.306371506173708 ], [ -155.079308355168308, 19.305907786471177 ], [ -155.079658305743635, 19.305613771445103 ], [ -155.080236569603045, 19.304803770237228 ], [ -155.080823675371505, 19.304556344683082 ], [ -155.081307082355551, 19.303638322378895 ], [ -155.083632156651248, 19.301361303960032 ], [ -155.085200122424652, 19.300320417735037 ], [ -155.085620789289521, 19.299907922497972 ], [ -155.086074096191567, 19.299527311968866 ], [ -155.086862384201339, 19.298755353918065 ], [ -155.08752426130863, 19.298475942817571 ], [ -155.088102459108228, 19.297665904872396 ], [ -155.090684244619581, 19.297460966503618 ], [ -155.090674516393847, 19.296933778071672 ], [ -155.091585376293381, 19.296366863002973 ], [ -155.092692736891678, 19.296432354916824 ], [ -155.092983990430042, 19.296146827719994 ], [ -155.094995440095119, 19.295929864926343 ], [ -155.095560744331408, 19.295660773484244 ], [ -155.097002434152415, 19.295431585037935 ], [ -155.097871874802593, 19.294357113490797 ], [ -155.098743800619616, 19.294115714857611 ], [ -155.099024218310547, 19.293840515217422 ], [ -155.099611265015369, 19.293593016927279 ], [ -155.100176555656958, 19.293323908350814 ], [ -155.101048474433298, 19.293082497093895 ], [ -155.102196337655414, 19.292284579924353 ], [ -155.102783375530493, 19.2920370695531 ], [ -155.103397174457342, 19.29143545702258 ], [ -155.105096347170246, 19.290181509728175 ], [ -155.107516941826617, 19.28883326163016 ], [ -155.108539310652475, 19.287831493738189 ], [ -155.110020443734356, 19.287320241947285 ], [ -155.111742110699652, 19.286123519394984 ], [ -155.112697416179259, 19.285719962182714 ], [ -155.113485522233844, 19.284947854353376 ], [ -155.113938729826458, 19.284567155371761 ], [ -155.1143592891803, 19.284154573428903 ], [ -155.114661420874455, 19.283900948421365 ], [ -155.115239435997665, 19.283090790835065 ], [ -155.115541564336752, 19.282837163765095 ], [ -155.1161195708913, 19.28202700190063 ], [ -155.117153552634505, 19.281590468743381 ], [ -155.117865151163585, 19.28099219557798 ], [ -155.119113626702728, 19.279768664627198 ], [ -155.119886572710357, 19.279400825636149 ], [ -155.120873866815572, 19.278983888958692 ], [ -155.122074398382182, 19.277974445199842 ], [ -155.123017981669705, 19.277049655467113 ], [ -155.123949193814525, 19.276791403323951 ], [ -155.124448333611156, 19.276301965401245 ], [ -155.127171816793151, 19.275006609746889 ], [ -155.128557793713696, 19.274724151782397 ], [ -155.128995374826872, 19.274295236825257 ], [ -155.130858656136638, 19.273408930380594 ], [ -155.131147703640693, 19.273425893880532 ], [ -155.131575359558695, 19.27341883698438 ], [ -155.132144553718007, 19.273452572642782 ], [ -155.13271476641836, 19.27344298399893 ], [ -155.133568565582493, 19.273493317410647 ], [ -155.135081509606493, 19.273468539412352 ], [ -155.13620033685865, 19.274061254570221 ], [ -155.136621682614731, 19.27408603202532 ], [ -155.140991855154738, 19.273894372575597 ], [ -155.143427328289249, 19.272603228710647 ], [ -155.146492706193072, 19.270106408375767 ], [ -155.148366336807584, 19.269724398081209 ], [ -155.149244229554114, 19.268863601410693 ], [ -155.151186405700798, 19.267429776784937 ], [ -155.153717068463351, 19.266726953102925 ], [ -155.154632519744382, 19.265829120002337 ], [ -155.156420033940066, 19.265175616943147 ], [ -155.160474726704535, 19.26566319492877 ], [ -155.160968634618996, 19.265655079995515 ], [ -155.162082019034699, 19.265720247319432 ], [ -155.162414688102359, 19.265393956645017 ], [ -155.163680376098796, 19.265468129801508 ], [ -155.164860861793812, 19.265448527683422 ], [ -155.16886389781115, 19.266197290147687 ], [ -155.170089142000478, 19.26585720178943 ], [ -155.170945396501821, 19.265323296983389 ], [ -155.171825710831087, 19.264951380973436 ], [ -155.172673365479739, 19.264547587680102 ], [ -155.173829933164569, 19.264311752869801 ], [ -155.174768463886522, 19.264021124741738 ], [ -155.175828492434732, 19.264083238917365 ], [ -155.177479525852704, 19.263791130217669 ], [ -155.179709649298445, 19.263921852453421 ], [ -155.180959154217987, 19.263638489320464 ], [ -155.184161012153766, 19.263414692539033 ], [ -155.184761904732966, 19.262825158913419 ], [ -155.186995777898716, 19.26188066839406 ], [ -155.187851969378158, 19.261346670943027 ], [ -155.188911044228433, 19.260728359735602 ], [ -155.189626090258002, 19.259510021562857 ], [ -155.190524475491401, 19.257800454522901 ], [ -155.192263315389141, 19.25671657576035 ], [ -155.193441352001855, 19.258535785359051 ], [ -155.195190340070752, 19.258506416755868 ], [ -155.196700611169263, 19.258594699781696 ], [ -155.198883124316012, 19.257555672845168 ], [ -155.200200017750149, 19.257533384164859 ], [ -155.204003212836426, 19.257755987673352 ], [ -155.205049083265465, 19.257103727584347 ], [ -155.205635893457384, 19.256855836368889 ], [ -155.206508340419532, 19.255999350800142 ], [ -155.207927375055988, 19.256351540942354 ], [ -155.20876432284183, 19.256650142806652 ], [ -155.210278720648517, 19.257140152182227 ], [ -155.211035817597718, 19.25749867285203 ], [ -155.21186655841683, 19.258067789817527 ], [ -155.213011117594192, 19.258351609243601 ], [ -155.213564341713834, 19.258644572974902 ], [ -155.21466743344692, 19.258625941431635 ], [ -155.215926198204585, 19.259487522147595 ], [ -155.216402028721745, 19.259515353874793 ], [ -155.218874941588552, 19.25915899522947 ], [ -155.21991749062812, 19.260275104067407 ], [ -155.222535739569793, 19.26098478110826 ], [ -155.223791941467539, 19.2604800147482 ], [ -155.224262866976943, 19.260017947705801 ], [ -155.226586828079718, 19.260769853784122 ], [ -155.228028943575566, 19.261650216733482 ], [ -155.229549852767235, 19.261958629204599 ], [ -155.231143875087781, 19.262526512621687 ], [ -155.232869895398863, 19.262824066382748 ], [ -155.232825970930151, 19.263503250195708 ], [ -155.232833379859727, 19.263909395329136 ], [ -155.232762844250203, 19.264997458354799 ], [ -155.233344771588747, 19.264987525396077 ], [ -155.233937397275355, 19.265532086343701 ], [ -155.233884738092172, 19.266349857682481 ], [ -155.234908176994367, 19.266409555892725 ], [ -155.235736804728901, 19.266395452016603 ], [ -155.239139308800475, 19.266776144956001 ], [ -155.240154632565094, 19.267313536897909 ], [ -155.240729579619853, 19.267585466795445 ], [ -155.241941979749356, 19.268415281253237 ], [ -155.242649675344097, 19.268456543936239 ], [ -155.244464819044055, 19.268194681246985 ], [ -155.245138049059136, 19.268233903588285 ], [ -155.247275389301109, 19.268001369721215 ], [ -155.247556110807324, 19.267725637526691 ], [ -155.247845751951218, 19.267742427545137 ], [ -155.248314644124946, 19.26773461824779 ], [ -155.249839560138156, 19.268043485513029 ], [ -155.250391793505116, 19.268336066721009 ], [ -155.251457465220142, 19.268840603061214 ], [ -155.252442474081448, 19.269514230592282 ], [ -155.255079825810611, 19.270672428720111 ], [ -155.256052786642584, 19.270065675426814 ], [ -155.256924487573229, 19.269823456435365 ], [ -155.258013458955844, 19.26930444597998 ], [ -155.258918939026245, 19.269853766183019 ], [ -155.259186310878249, 19.270140485978622 ], [ -155.259621470139706, 19.270539809333336 ], [ -155.260270918480046, 19.271234807447087 ], [ -155.262760908925259, 19.27084543654043 ], [ -155.263330709943915, 19.270365720675187 ], [ -155.263890980053844, 19.269815232637285 ], [ -155.265228222023438, 19.269443199100746 ], [ -155.265978074035729, 19.268706795560767 ], [ -155.26950252492594, 19.268186226866625 ], [ -155.270352429392119, 19.267922347433682 ], [ -155.272078774258148, 19.267697507498802 ], [ -155.272358898224724, 19.267421982834847 ], [ -155.272945687191196, 19.267173864082267 ], [ -155.274445965969932, 19.266237572713617 ], [ -155.275495478150845, 19.265737465049344 ], [ -155.278287019116391, 19.26673090201708 ], [ -155.279516468331252, 19.266495858771453 ], [ -155.279796579520337, 19.266220320211929 ], [ -155.283659419305138, 19.265799136162311 ], [ -155.285517598586978, 19.265281588562363 ], [ -155.286433382299066, 19.263995744157189 ], [ -155.288663152760023, 19.263488888284751 ], [ -155.290552684327054, 19.263456175576533 ], [ -155.29191142134502, 19.26353505132931 ], [ -155.293343114585184, 19.263241632194738 ], [ -155.297084100908478, 19.260636132130834 ], [ -155.297599217887182, 19.260627279028121 ], [ -155.29810457146462, 19.260656554902983 ], [ -155.300734301507561, 19.259118547928736 ], [ -155.301071764559197, 19.258542789996199 ], [ -155.301681228502844, 19.257380958397281 ], [ -155.302980555456486, 19.25628568918987 ], [ -155.303400636082529, 19.255872576692159 ], [ -155.304650579336169, 19.254818850670834 ], [ -155.306052490795167, 19.252969629200024 ], [ -155.306840971887169, 19.251467226012124 ], [ -155.308342146748657, 19.249607296830607 ], [ -155.310615336959671, 19.247374099012433 ], [ -155.312628567079429, 19.245935238334607 ], [ -155.314997566455901, 19.243195845189128 ], [ -155.316675168994806, 19.242026657352156 ], [ -155.318085620195575, 19.241354048325235 ], [ -155.319851751883334, 19.240805425423101 ], [ -155.321901104052387, 19.24038540021769 ], [ -155.322307426373555, 19.239986228243509 ], [ -155.324028586842303, 19.239256640357468 ], [ -155.325441253340671, 19.238582424794163 ], [ -155.326321202740644, 19.238209678715364 ], [ -155.326886046348221, 19.2379397698456 ], [ -155.32747267193372, 19.23769144375429 ], [ -155.328721240449482, 19.236911602311704 ], [ -155.329194535719495, 19.236903394768131 ], [ -155.329483599084881, 19.236920036259974 ], [ -155.330049553071831, 19.236649874090574 ], [ -155.33122392323088, 19.236152161656435 ], [ -155.331212476003884, 19.2355907347977 ], [ -155.333017970242679, 19.235220396027014 ], [ -155.334102517698881, 19.234305579058702 ], [ -155.334663007997136, 19.233754558897768 ], [ -155.335265962165806, 19.233246153600298 ], [ -155.335623426097555, 19.232563647284273 ], [ -155.33677269652793, 19.231890922905961 ], [ -155.337291062002606, 19.231381343140917 ], [ -155.338440653058086, 19.23089418143039 ], [ -155.338476601821867, 19.230327620347868 ], [ -155.338456114819905, 19.229269308041044 ], [ -155.339622916937657, 19.227729335574882 ], [ -155.339950703920692, 19.22710358485746 ], [ -155.340601458256145, 19.226244799145054 ], [ -155.34113205197292, 19.225232401841424 ], [ -155.342446756091476, 19.224123334735207 ], [ -155.342911914234037, 19.222571680116584 ], [ -155.34328173562244, 19.220348532489357 ], [ -155.343859563112517, 19.218734359525214 ], [ -155.344873610350447, 19.217878843601344 ], [ -155.34529348777798, 19.21746559966294 ], [ -155.34588159647339, 19.216969801668458 ], [ -155.346310411879927, 19.214718475027116 ], [ -155.346789440094966, 19.214247193337965 ], [ -155.347319686108108, 19.213800194611853 ], [ -155.348759536487904, 19.212134203098866 ], [ -155.35090646188695, 19.21178895816487 ], [ -155.35280395921464, 19.210187826587401 ], [ -155.35325831709423, 19.209320039573612 ], [ -155.354040311229681, 19.208988528434155 ], [ -155.354616956270831, 19.208177363240726 ], [ -155.356255649818138, 19.207305653418356 ], [ -155.358131123069171, 19.205461869463971 ], [ -155.35953031555141, 19.205026821689081 ], [ -155.360686401125292, 19.204789685701495 ], [ -155.361251083222726, 19.204519641573206 ], [ -155.36183754892923, 19.204271176204649 ], [ -155.362402227857871, 19.204001127905023 ], [ -155.363709137851544, 19.203636643005044 ], [ -155.364227902826684, 19.203126175547105 ], [ -155.3655648684298, 19.202710459876439 ], [ -155.366436129269346, 19.202467630252105 ], [ -155.367000796535478, 19.202197565448373 ], [ -155.367587248035989, 19.20194907879689 ], [ -155.368717125071072, 19.20140921406157 ], [ -155.37018269485435, 19.200787437829131 ], [ -155.371070721627035, 19.200363306448551 ], [ -155.372701438096328, 19.200456943456011 ], [ -155.374049400543299, 19.199614448359529 ], [ -155.374759712038184, 19.199655210209283 ], [ -155.375847855552678, 19.199316699074352 ], [ -155.379404408393526, 19.198683072744412 ], [ -155.380333015480431, 19.198666269124946 ], [ -155.38090214922687, 19.198699193626229 ], [ -155.382184827392678, 19.198676159292464 ], [ -155.384605901007887, 19.198815171285467 ], [ -155.38560213796174, 19.198505184637053 ], [ -155.387046159819249, 19.198102249215509 ], [ -155.38966770664328, 19.197114234031357 ], [ -155.391648036013635, 19.195646692659665 ], [ -155.392234439610064, 19.195398116894633 ], [ -155.392799052755123, 19.195127961351446 ], [ -155.394187556660938, 19.194538555029084 ], [ -155.395315207085616, 19.192385089885768 ], [ -155.396442126595815, 19.190799967327312 ], [ -155.397183101843098, 19.19007090218917 ], [ -155.398310929725824, 19.189592382931128 ], [ -155.398641537503863, 19.189027339761964 ], [ -155.398927218268341, 19.188480975178525 ], [ -155.399228795686099, 19.188226773592898 ], [ -155.399508582994997, 19.187950994547339 ], [ -155.400094949855202, 19.18770238702297 ], [ -155.401428208478734, 19.187065035731258 ], [ -155.403794222773001, 19.187504587552958 ], [ -155.404652637791003, 19.187489180914621 ], [ -155.406040427102965, 19.187568484666787 ], [ -155.406646037686045, 19.187278991757179 ], [ -155.407232395343129, 19.187030359193088 ], [ -155.407512169093792, 19.186754565369437 ], [ -155.408389190615679, 19.186240921913601 ], [ -155.409814744261922, 19.185349146426351 ], [ -155.411266459325589, 19.184943765201645 ], [ -155.412124486562391, 19.184406993657053 ], [ -155.413992562967337, 19.184816835269874 ], [ -155.414913681652877, 19.184038864025322 ], [ -155.415288707596176, 19.183398249057689 ], [ -155.415574324839071, 19.182851847676492 ], [ -155.416172378859557, 19.182061997336326 ], [ -155.416457990320509, 19.181515593663452 ], [ -155.418206887787846, 19.180206817081515 ], [ -155.419218937199417, 19.179210379900887 ], [ -155.42081091466099, 19.178362728093507 ], [ -155.422446740297374, 19.177339320848908 ], [ -155.42323522868449, 19.177004424628294 ], [ -155.424275865726912, 19.175712686436569 ], [ -155.42572424442352, 19.174091031457749 ], [ -155.426706529247042, 19.170989353318546 ], [ -155.427606326590336, 19.169723129044996 ], [ -155.428419608923633, 19.169036287904145 ], [ -155.429700991232835, 19.167232358976861 ], [ -155.431827043617119, 19.166329154729596 ], [ -155.432939484249914, 19.164202817977269 ], [ -155.434858848317333, 19.1631800226053 ], [ -155.436142384329145, 19.161916967989246 ], [ -155.437388990996936, 19.161387067861973 ], [ -155.437956852747448, 19.160828118623531 ], [ -155.438887176841718, 19.160568064887027 ], [ -155.43955621468541, 19.159909291770052 ], [ -155.441165356669018, 19.158715695134529 ], [ -155.442749864583078, 19.157657753137663 ], [ -155.444081872796176, 19.156075680933952 ], [ -155.444373145400249, 19.155258609015572 ], [ -155.444680401751839, 19.154733709263894 ], [ -155.445268023202146, 19.153380948091193 ], [ -155.44557527243029, 19.152856045733223 ], [ -155.445988348056403, 19.15206617886065 ], [ -155.448039363734097, 19.151796043490538 ], [ -155.448602102899315, 19.150719844175075 ], [ -155.45046970000493, 19.148881320833642 ], [ -155.45394939215754, 19.147051713127897 ], [ -155.45489865126288, 19.146786376962954 ], [ -155.456840725855272, 19.145857327571019 ], [ -155.458625158068457, 19.145301151059158 ], [ -155.460846021392399, 19.144758921009483 ], [ -155.462729354566278, 19.143712344178358 ], [ -155.464844105673706, 19.144283937876022 ], [ -155.465456439644726, 19.144607159921549 ], [ -155.466826170481113, 19.144581972073563 ], [ -155.468459323974088, 19.144674993513476 ], [ -155.470279001778891, 19.14410800558397 ], [ -155.471093079580868, 19.144154322244148 ], [ -155.471678213202949, 19.143873962176976 ], [ -155.472264344493709, 19.143625079798046 ], [ -155.472828678800141, 19.143354626502518 ], [ -155.473707876208408, 19.142981031461783 ], [ -155.474554365511466, 19.142575607237578 ], [ -155.475546680482978, 19.142298027617965 ], [ -155.4776265137981, 19.141189221693004 ], [ -155.479161872521502, 19.140227518165148 ], [ -155.480032717104535, 19.139984066088008 ], [ -155.480881763482785, 19.139719041564149 ], [ -155.482247353711955, 19.139337007064146 ], [ -155.483546299244097, 19.138056914913054 ], [ -155.484913925418255, 19.137630481060125 ], [ -155.487777875331489, 19.137425125700286 ], [ -155.489636426668568, 19.137092378968749 ], [ -155.490913447535036, 19.137766099806512 ], [ -155.492230280638438, 19.137741552818436 ], [ -155.492891852531585, 19.138053730467291 ], [ -155.494009558821659, 19.138816923086686 ], [ -155.495158612202687, 19.138097004296423 ], [ -155.496014173178907, 19.137733150524284 ], [ -155.496041073292673, 19.137302458548628 ], [ -155.495745749668856, 19.136744796688635 ], [ -155.496348462135757, 19.13623520062956 ], [ -155.496907955928407, 19.135163761031187 ], [ -155.497499043464785, 19.135705117940635 ], [ -155.497871223789303, 19.136496369885901 ], [ -155.498904788876501, 19.136554939380137 ], [ -155.499184895846525, 19.136278712356422 ], [ -155.499519668903929, 19.135995595199233 ], [ -155.499497856141858, 19.134919939151093 ], [ -155.501175991454005, 19.13501536522292 ], [ -155.501357238129998, 19.134836394045308 ], [ -155.501774570306196, 19.134991074980054 ], [ -155.502075914852981, 19.134973812797476 ], [ -155.503275273329706, 19.136351874352215 ], [ -155.504313687356529, 19.1358373239032 ], [ -155.504680215737096, 19.134944340318022 ], [ -155.504625964007857, 19.134086443105449 ], [ -155.504668994270332, 19.13368116985631 ], [ -155.504650937800477, 19.133402695483849 ], [ -155.504991958137992, 19.132848692474621 ], [ -155.504910089656335, 19.131558532294925 ], [ -155.505985109745694, 19.131496758999898 ], [ -155.507044458077644, 19.131598070250821 ], [ -155.507841653071779, 19.130753450929422 ], [ -155.508152783515357, 19.130508729208763 ], [ -155.508572141397792, 19.130064603224525 ], [ -155.51186038322777, 19.129280770200833 ], [ -155.511604060517186, 19.128929824206949 ], [ -155.51070073570682, 19.128525876345741 ], [ -155.510792363269957, 19.127660435860832 ], [ -155.510446566096476, 19.126881866656909 ], [ -155.509337072820983, 19.125330273043005 ], [ -155.50941821654726, 19.12456668691722 ], [ -155.509400550820715, 19.124295622043576 ], [ -155.509429596275112, 19.124025444443237 ], [ -155.509382750313591, 19.123290095581659 ], [ -155.509715036497596, 19.122937901892932 ], [ -155.510347323800204, 19.122684203115913 ], [ -155.509565045425887, 19.121287146642317 ], [ -155.510045255536653, 19.120778337182387 ], [ -155.511945041645077, 19.120273734958175 ], [ -155.511362764316857, 19.119233169988931 ], [ -155.512225500579177, 19.119183711016031 ], [ -155.512842308105178, 19.119242474677659 ], [ -155.514426639946493, 19.118606010589627 ], [ -155.514962851419995, 19.118184436528079 ], [ -155.515507729844757, 19.116580692492132 ], [ -155.515856714773577, 19.11630626531834 ], [ -155.516132062930495, 19.115749928533393 ], [ -155.516989533917183, 19.115075336202217 ], [ -155.51738080811316, 19.113924473611547 ], [ -155.518760483307489, 19.113653961967607 ], [ -155.520223960270272, 19.11310054532796 ], [ -155.5213226351988, 19.113205411374057 ], [ -155.52323463287388, 19.11309563611362 ], [ -155.524900245883032, 19.114020756275909 ], [ -155.525338150268027, 19.112419704294087 ], [ -155.525275068521239, 19.111419654896658 ], [ -155.526769171347325, 19.111022747804601 ], [ -155.52650847049361, 19.110800760517865 ], [ -155.525960998785479, 19.110832190993861 ], [ -155.527684324588961, 19.108117218184507 ], [ -155.528291384873057, 19.107336571412034 ], [ -155.529397976437338, 19.105729351667321 ], [ -155.531351477899364, 19.105066366390076 ], [ -155.53220608842912, 19.102550423352234 ], [ -155.532795858844338, 19.102516594840072 ], [ -155.533232202221512, 19.102558132204742 ], [ -155.533537679771428, 19.101939929251156 ], [ -155.534111116925487, 19.101488845367022 ], [ -155.534092630344048, 19.101201633926721 ], [ -155.534454204284799, 19.100613832775732 ], [ -155.534357436061129, 19.099092031276349 ], [ -155.535766121494646, 19.097983270239418 ], [ -155.536211623861959, 19.096276292492405 ], [ -155.537070844132273, 19.095028149205604 ], [ -155.537381863829182, 19.094783359760761 ], [ -155.537840584757134, 19.093856047428758 ], [ -155.538833398797948, 19.093456986105021 ], [ -155.53910299298974, 19.093171226310524 ], [ -155.539414006331668, 19.092926432364386 ], [ -155.539724670561554, 19.091735903193864 ], [ -155.540714230327666, 19.090957630445324 ], [ -155.54146861159947, 19.089986949172619 ], [ -155.541755073621971, 19.088889289077137 ], [ -155.542071700062621, 19.088373856973099 ], [ -155.542557218854967, 19.085699662260033 ], [ -155.544396837209462, 19.085418255902976 ], [ -155.544684934011713, 19.085445608376542 ], [ -155.546312636709644, 19.085351888978632 ], [ -155.546661396303307, 19.08575264187856 ], [ -155.547391010411985, 19.086374696583874 ], [ -155.546420668878085, 19.087623200636376 ], [ -155.548660562336494, 19.087325203429646 ], [ -155.548583746389454, 19.086121566118649 ], [ -155.549390489939753, 19.085116924239387 ], [ -155.549843304878578, 19.08500616985302 ], [ -155.54974266334051, 19.084253669803289 ], [ -155.550999358306285, 19.083946196902204 ], [ -155.551650830384347, 19.083589042216101 ], [ -155.551452302130656, 19.082111326159794 ], [ -155.551898199567034, 19.081797116592853 ], [ -155.552152491670739, 19.081496238967429 ], [ -155.552478725275989, 19.081266508047992 ], [ -155.552999270152924, 19.080650961168605 ], [ -155.554632076103729, 19.079529553236419 ] ], [ [ -155.507985829775293, 19.131172331410593 ], [ -155.507693065334593, 19.131813183994343 ], [ -155.50867066213354, 19.131357990466448 ], [ -155.507985829775293, 19.131172331410593 ] ] ] } },
{ "type": "Feature", "properties": { "ID": 727, "GRIDCODE": 2 }, "geometry": { "type": "Polygon", "coordinates": [ [ [ -155.554922331210037, 19.079264243590984 ], [ -155.554916729621709, 19.079534879235418 ], [ -155.554632076103729, 19.079529553236419 ], [ -155.554637678152659, 19.079258917673215 ], [ -155.554922331210037, 19.079264243590984 ] ] ] } },
{ "type": "Feature", "properties": { "ID": 728, "GRIDCODE": 2 }, "geometry": { "type": "Polygon", "coordinates": [ [ [ -155.554922331210037, 19.079264243590984 ], [ -155.555026451373067, 19.078936226634209 ], [ -155.55527117211318, 19.079177967214669 ], [ -155.554922331210037, 19.079264243590984 ] ] ] } },
{ "type": "Feature", "properties": { "ID": 729, "GRIDCODE": 1 }, "geometry": { "type": "Polygon", "coordinates": [ [ [ -155.904681264221637, 19.078163972061521 ], [ -155.905398832914784, 19.078303767625009 ], [ -155.906257925764294, 19.078896062709717 ], [ -155.906215731619682, 19.079415298518789 ], [ -155.906512687813887, 19.079676556251076 ], [ -155.906750846088499, 19.081320788781003 ], [ -155.907355026832761, 19.082773346448654 ], [ -155.907252681751601, 19.084029703600262 ], [ -155.907280273511333, 19.084655634647206 ], [ -155.908115611691215, 19.085390604102045 ], [ -155.908633523549895, 19.087310349962646 ], [ -155.908924647859095, 19.087841530367943 ], [ -155.909162829612995, 19.089485763536974 ], [ -155.909443900862186, 19.090558406715296 ], [ -155.909709778535216, 19.092059762938401 ], [ -155.909676258630611, 19.09247150682943 ], [ -155.910237885647604, 19.093821527011333 ], [ -155.910745777468691, 19.096282735814224 ], [ -155.91103692031848, 19.096813915592275 ], [ -155.911320884695044, 19.097746702852753 ], [ -155.91185608577095, 19.098723376619933 ], [ -155.912137136306541, 19.099333991318641 ], [ -155.912690346323728, 19.099820640273244 ], [ -155.913289005922337, 19.10075156519828 ], [ -155.913757818913808, 19.102832868035243 ], [ -155.915133334770843, 19.105033842238221 ], [ -155.91537115015754, 19.108005441933482 ], [ -155.915657299767105, 19.108807351289503 ], [ -155.916151887032356, 19.110431288611775 ], [ -155.916476559350457, 19.110716805346978 ], [ -155.916604283126361, 19.11831715721523 ], [ -155.916895473886683, 19.11884833467132 ], [ -155.917145342986771, 19.119867029818373 ], [ -155.916499559573992, 19.122999154375279 ], [ -155.916790361487216, 19.12690839369127 ], [ -155.916417006213038, 19.12753474059269 ], [ -155.916452096140063, 19.128327150297039 ], [ -155.916404863372208, 19.128907661188379 ], [ -155.915293650912162, 19.128826069105113 ], [ -155.91470897530445, 19.129189155507483 ], [ -155.915364563211853, 19.130385775257729 ], [ -155.916655896253246, 19.131197151975609 ], [ -155.916950617230526, 19.134879806444776 ], [ -155.915709594341962, 19.134788628509479 ], [ -155.915745591303022, 19.135606706395947 ], [ -155.915267951509321, 19.136407697596216 ], [ -155.913974868143185, 19.136945861136425 ], [ -155.914312123690252, 19.138232876719641 ], [ -155.914213309625922, 19.139446450090173 ], [ -155.913637702020736, 19.139918112270546 ], [ -155.913651196613841, 19.140224857960259 ], [ -155.912484001078923, 19.14071037679772 ], [ -155.910731398146311, 19.142028372355693 ], [ -155.910765431361966, 19.142800926432876 ], [ -155.910310573735387, 19.144662004106113 ], [ -155.910710310082777, 19.145013594827159 ], [ -155.91100398342212, 19.145337482999857 ], [ -155.910963217110151, 19.14583796380192 ], [ -155.910986343566947, 19.146359354417502 ], [ -155.910658876761346, 19.146908434477449 ], [ -155.910056176947393, 19.148100299081957 ], [ -155.910075351576296, 19.148534877537703 ], [ -155.909743097984403, 19.150146769295407 ], [ -155.90975523200305, 19.150421490779014 ], [ -155.909732556519941, 19.150697477636175 ], [ -155.910052833425226, 19.151595181586387 ], [ -155.91257333834514, 19.15208612350634 ], [ -155.913406516914364, 19.152386287864623 ], [ -155.914314040885273, 19.152669450094795 ], [ -155.914947518948679, 19.153367714537154 ], [ -155.915994851101033, 19.154289001474655 ], [ -155.915644706885359, 19.154575885378328 ], [ -155.915657069126866, 19.154853785078746 ], [ -155.915634783129036, 19.155124226414543 ], [ -155.915646994940147, 19.15539524739707 ], [ -155.915613843761548, 19.155800914027274 ], [ -155.915632033330013, 19.156214319512529 ], [ -155.915325407454276, 19.156465436802026 ], [ -155.915003389025514, 19.156795899736213 ], [ -155.915054674097888, 19.157958042383992 ], [ -155.914995177200069, 19.158687503952027 ], [ -155.91435873470914, 19.15920891505181 ], [ -155.912767656653273, 19.161495987314925 ], [ -155.912250228469617, 19.16432184691249 ], [ -155.911536395674489, 19.166111650473528 ], [ -155.910285468619776, 19.16694243813653 ], [ -155.909773301540952, 19.167468300294107 ], [ -155.908591869035121, 19.16795961114321 ], [ -155.90826612206601, 19.168293961679783 ], [ -155.907561835393125, 19.16824215672619 ], [ -155.907134022077628, 19.168259275717094 ], [ -155.906789383985199, 19.168233894665228 ], [ -155.906837672775424, 19.169329335847447 ], [ -155.906610240297454, 19.172118531134014 ], [ -155.907726812588237, 19.172628472816694 ], [ -155.90880750920644, 19.172585597109894 ], [ -155.908734649804188, 19.173476944737811 ], [ -155.907867763612785, 19.174187235257001 ], [ -155.90788127001872, 19.174492392990107 ], [ -155.907848088933889, 19.174898054298051 ], [ -155.90787192325655, 19.175440083762709 ], [ -155.907819556168164, 19.176083176984509 ], [ -155.908268645321556, 19.177342469189366 ], [ -155.907757625968543, 19.178624185208275 ], [ -155.907855491631182, 19.180850263372133 ], [ -155.908330055034071, 19.181267660191732 ], [ -155.907676354599772, 19.182363957319264 ], [ -155.906844703116832, 19.182302853497003 ], [ -155.906899367800378, 19.183548089497062 ], [ -155.90679640197169, 19.184812880994823 ], [ -155.907706102917871, 19.185613428787715 ], [ -155.907641096604294, 19.186411020574447 ], [ -155.908256426619488, 19.186952448531489 ], [ -155.90734124708311, 19.187204121203088 ], [ -155.907387732822343, 19.188261448208248 ], [ -155.907031845883125, 19.188552703205723 ], [ -155.906752635150752, 19.189104957090827 ], [ -155.906328203828053, 19.189816612352054 ], [ -155.907212184081175, 19.190594516083145 ], [ -155.90581176442879, 19.191741669083793 ], [ -155.905858182701081, 19.192801903047993 ], [ -155.905407833494252, 19.193930972594597 ], [ -155.906361664835941, 19.194770095763634 ], [ -155.906618733295119, 19.19540254226559 ], [ -155.905750298758761, 19.196113837995501 ], [ -155.905107176443664, 19.19677392570593 ], [ -155.905173390469173, 19.198278266740157 ], [ -155.905128636915776, 19.198825219013017 ], [ -155.905689594033532, 19.1998491845243 ], [ -155.905942191796555, 19.202267758202737 ], [ -155.905899582342329, 19.202789358189126 ], [ -155.905047806335205, 19.203143633540794 ], [ -155.905060286297186, 19.203428673732606 ], [ -155.904753548387447, 19.203679757727414 ], [ -155.904479366420958, 19.203961275866416 ], [ -155.9039475888504, 19.204396589730802 ], [ -155.903024102721417, 19.205561549592492 ], [ -155.902678061120952, 19.205844758244574 ], [ -155.902143827317758, 19.206900722909218 ], [ -155.901542806671927, 19.207687652391019 ], [ -155.901262965140944, 19.208240673548328 ], [ -155.900693345261431, 19.208198769642436 ], [ -155.900266441260129, 19.208636902440752 ], [ -155.899254850908733, 19.209465004716034 ], [ -155.898943114901328, 19.21036710244719 ], [ -155.898637204517996, 19.210617393913171 ], [ -155.898187346065981, 19.21150657153375 ], [ -155.89901258829326, 19.212673083832488 ], [ -155.899777233948612, 19.213345606320825 ], [ -155.899710379619961, 19.214163784443453 ], [ -155.899724892054081, 19.214488263312475 ], [ -155.90068125761357, 19.215329584538484 ], [ -155.900168888771532, 19.218184793217464 ], [ -155.901753052375454, 19.220719000644014 ], [ -155.902077047153369, 19.225813045986758 ], [ -155.90202975799221, 19.226389571248703 ], [ -155.902054006825324, 19.226937158659666 ], [ -155.900783122200266, 19.230121736522818 ], [ -155.900832668118426, 19.231249457313279 ], [ -155.900515674497569, 19.232043297376151 ], [ -155.900216009365892, 19.233678425361724 ], [ -155.899748525505004, 19.234849747231728 ], [ -155.899014304774113, 19.236080016287843 ], [ -155.898734964006678, 19.236632240493599 ], [ -155.898163158987018, 19.237590216016162 ], [ -155.897844272289831, 19.238512809510802 ], [ -155.897243094687184, 19.239299703559897 ], [ -155.89695105636261, 19.240526353527287 ], [ -155.898343355505659, 19.24229728275419 ], [ -155.899200551800789, 19.243755262393282 ], [ -155.899140498385776, 19.24449103925468 ], [ -155.899723601793312, 19.245555343626894 ], [ -155.900283281090651, 19.246769994110959 ], [ -155.900225063346056, 19.247482265478173 ], [ -155.90023740707116, 19.247758839268531 ], [ -155.899920366657085, 19.248552672243729 ], [ -155.899620640369079, 19.250187791723398 ], [ -155.89930869165471, 19.250710369476824 ], [ -155.899321023290497, 19.250987471823169 ], [ -155.89929859392538, 19.251262133262617 ], [ -155.899577652183581, 19.252621977365859 ], [ -155.899202364863555, 19.252929000064661 ], [ -155.899259924291556, 19.254236160893708 ], [ -155.89922667583852, 19.254641812424403 ], [ -155.899244811609606, 19.255054418390085 ], [ -155.898932850187975, 19.255576993811268 ], [ -155.898627996739862, 19.257482831226707 ], [ -155.897956790084095, 19.258361356382469 ], [ -155.89745209371921, 19.25935854018168 ], [ -155.895910786246446, 19.26163450920949 ], [ -155.894960441441555, 19.265221130201486 ], [ -155.894458079375738, 19.266062571854299 ], [ -155.894139093037893, 19.266985145825966 ], [ -155.893567130692645, 19.267943085779283 ], [ -155.89326727773755, 19.269578178126565 ], [ -155.892930177633247, 19.270692439155304 ], [ -155.892953565389234, 19.271224140644701 ], [ -155.892355324917304, 19.271713794185846 ], [ -155.892040119004378, 19.274161046121179 ], [ -155.891734066376557, 19.274411306500706 ], [ -155.891395551729801, 19.274758335383154 ], [ -155.891450855521214, 19.276018377298431 ], [ -155.891090506449501, 19.27662182522219 ], [ -155.891158808336655, 19.278181458275533 ], [ -155.891944120131541, 19.279290756828431 ], [ -155.891893785444267, 19.279906359271472 ], [ -155.891020554944049, 19.280620874009152 ], [ -155.891343268699956, 19.280904847396997 ], [ -155.891320486007118, 19.281182143681669 ], [ -155.891352018092363, 19.28190148616881 ], [ -155.89100029599561, 19.283064678613364 ], [ -155.890658019364906, 19.285467030292011 ], [ -155.889503162921727, 19.286830481852896 ], [ -155.889083937618608, 19.287658767384599 ], [ -155.888372644439926, 19.288849936048265 ], [ -155.889216138281967, 19.290388932163143 ], [ -155.889108234825784, 19.291705957397646 ], [ -155.889166254680106, 19.293026869143041 ], [ -155.888244563153478, 19.293780731493793 ], [ -155.887858740730053, 19.295565339785355 ], [ -155.888683228742593, 19.298713522542663 ], [ -155.889401588264377, 19.299728343703002 ], [ -155.889208485176823, 19.302088003903357 ], [ -155.888625694662039, 19.303063970276696 ], [ -155.888335924366544, 19.30415759386554 ], [ -155.887726980593158, 19.304410340205809 ], [ -155.887750979461288, 19.304952363878073 ], [ -155.887662255117419, 19.306034077680263 ], [ -155.887721832360427, 19.307389129540365 ], [ -155.887666780796678, 19.308060447016612 ], [ -155.887030194487068, 19.309654057192837 ], [ -155.887089143124086, 19.31099772590165 ], [ -155.888034955211651, 19.311829731934893 ], [ -155.887283735346585, 19.312812597854073 ], [ -155.887312126050546, 19.313460744555051 ], [ -155.888591647479927, 19.314264332217096 ], [ -155.889458947699069, 19.317110973109834 ], [ -155.890345790297715, 19.318529332249916 ], [ -155.890679449416126, 19.319253828110714 ], [ -155.890271502416027, 19.31993710868791 ], [ -155.890305366710606, 19.320708588010312 ], [ -155.889676394446639, 19.322074368436166 ], [ -155.889698979733453, 19.322588070864771 ], [ -155.889676177616053, 19.32286536467247 ], [ -155.889982248220605, 19.323134520034134 ], [ -155.889666182895553, 19.323393056248442 ], [ -155.889690329578627, 19.323941958477501 ], [ -155.889080463544929, 19.3241952134216 ], [ -155.889104176201016, 19.324737496562211 ], [ -155.888780750342022, 19.325001987555186 ], [ -155.888506310311868, 19.325283446454144 ], [ -155.887914973344238, 19.325528814808887 ], [ -155.886774746513396, 19.326337092739138 ], [ -155.88585985225069, 19.326867829403859 ], [ -155.885272049148455, 19.328027747742965 ], [ -155.885303521749222, 19.328747614440644 ], [ -155.884974653914128, 19.329298148398507 ], [ -155.885051997798655, 19.3310652634249 ], [ -155.884420011633892, 19.331968424357559 ], [ -155.884131407698135, 19.330338652921348 ], [ -155.883713213795744, 19.329166558433872 ], [ -155.884457399955892, 19.328193120550385 ], [ -155.884786620712731, 19.327242202594128 ], [ -155.884756833405817, 19.326565736125019 ], [ -155.884791569143545, 19.326144517999566 ], [ -155.885955166715604, 19.324427442126343 ], [ -155.886329830838719, 19.322386400898978 ], [ -155.885953162815127, 19.321330589669707 ], [ -155.886032870017374, 19.320359005839087 ], [ -155.885998970630652, 19.319590436618466 ], [ -155.885139767064629, 19.318376430682143 ], [ -155.885539186536477, 19.317056464409717 ], [ -155.885500099660845, 19.316164833038414 ], [ -155.884866561093418, 19.31500889797082 ], [ -155.885350686877103, 19.314612812755705 ], [ -155.884456353160232, 19.311198170540443 ], [ -155.884539756729367, 19.31017825421101 ], [ -155.88443498815576, 19.307784958718365 ], [ -155.884857870138262, 19.307077085866538 ], [ -155.88528487483768, 19.30584274311466 ], [ -155.885759451125381, 19.304655226833106 ], [ -155.886294565294975, 19.303109341171641 ], [ -155.886655874096533, 19.302504078436236 ], [ -155.887259468952124, 19.30131241079722 ], [ -155.887233978555656, 19.300731486098783 ], [ -155.888123372795803, 19.300362137622056 ], [ -155.88806076160472, 19.298931397692073 ], [ -155.886807883969624, 19.298359413020851 ], [ -155.88646330565993, 19.29761092840587 ], [ -155.886052729845005, 19.29686184583182 ], [ -155.886257084008605, 19.294365394624243 ], [ -155.886233141290262, 19.293820463005609 ], [ -155.886792246975631, 19.290312156335052 ], [ -155.887387053731629, 19.288345198583816 ], [ -155.888388837356814, 19.286285209928383 ], [ -155.888683675625742, 19.284920859588233 ], [ -155.889007185611064, 19.283851605907952 ], [ -155.888631530333271, 19.282022011259233 ], [ -155.888796700014893, 19.280002495515657 ], [ -155.889372067275019, 19.279531774904608 ], [ -155.890553132524218, 19.276541534366931 ], [ -155.889964230473112, 19.276564826400715 ], [ -155.890029752885738, 19.275764625510124 ], [ -155.889722843516068, 19.275204823125815 ], [ -155.88948487844479, 19.27356058261061 ], [ -155.889117938420014, 19.272891328327525 ], [ -155.889815687067085, 19.271144282720488 ], [ -155.890127637308183, 19.270242228754523 ], [ -155.891036728943448, 19.26949843775725 ], [ -155.890978672985483, 19.268177522775598 ], [ -155.891029727100175, 19.267552940566802 ], [ -155.891892976076264, 19.266846709479758 ], [ -155.8927535574758, 19.265720462656031 ], [ -155.892192543905907, 19.265226954046256 ], [ -155.891395433523513, 19.262989269588154 ], [ -155.892255268739262, 19.262285355472894 ], [ -155.892582958406109, 19.261048751997549 ], [ -155.892544533972739, 19.260177225609677 ], [ -155.891723718769583, 19.259802273883416 ], [ -155.891753028841691, 19.259444162395628 ], [ -155.893507179775582, 19.256854232109568 ], [ -155.894009576660267, 19.255861517826119 ], [ -155.894667573359499, 19.253378555006165 ], [ -155.895331931135644, 19.252508387773268 ], [ -155.895292026787388, 19.251596107476708 ], [ -155.89535826063053, 19.250784803382516 ], [ -155.895306819903823, 19.249612624776137 ], [ -155.8956504027866, 19.249037170881799 ], [ -155.895939972313357, 19.247943509707017 ], [ -155.896251924228068, 19.247420938338077 ], [ -155.896237261900438, 19.247090375308595 ], [ -155.895680123393703, 19.246600387055157 ], [ -155.895421711152181, 19.246039040622769 ], [ -155.89457055671096, 19.244956685568095 ], [ -155.894324773979918, 19.243724875787318 ], [ -155.894932889696008, 19.24171312194612 ], [ -155.895222443397813, 19.24061946003096 ], [ -155.895538609167431, 19.239827736511288 ], [ -155.895852496471321, 19.238920138578223 ], [ -155.895796888692445, 19.237657970931494 ], [ -155.895934726105509, 19.235969862789542 ], [ -155.897625415708205, 19.23498856117191 ], [ -155.898793923380282, 19.23267977362412 ], [ -155.899141901615167, 19.230503846455402 ], [ -155.899082437845152, 19.22914878411018 ], [ -155.899486613562544, 19.228471465666164 ], [ -155.898601670213992, 19.227693225514038 ], [ -155.897501188353061, 19.225821473487755 ], [ -155.897189103612021, 19.222383181185275 ], [ -155.896367887472735, 19.220408525183618 ], [ -155.896539661764137, 19.218304457247545 ], [ -155.896210447821602, 19.216341581413186 ], [ -155.896285386567712, 19.215420138780328 ], [ -155.897128587265144, 19.215482299754232 ], [ -155.897472661797906, 19.215468560722591 ], [ -155.897423097237208, 19.214342427520172 ], [ -155.896123606117897, 19.213199076158311 ], [ -155.895803583229053, 19.210569379513494 ], [ -155.895500776657087, 19.209720607557426 ], [ -155.894665837098813, 19.209753789608822 ], [ -155.894394762552537, 19.209690746177106 ], [ -155.894973800444603, 19.209216597381968 ], [ -155.895309816833958, 19.207660108844898 ], [ -155.895282749897206, 19.207041069910535 ], [ -155.898205038131323, 19.204125944241387 ], [ -155.898774351573962, 19.203307811232762 ], [ -155.90086364210282, 19.200882063941027 ], [ -155.900728276905795, 19.197796908700507 ], [ -155.900937870142513, 19.195227740328299 ], [ -155.900872269095714, 19.193737164837898 ], [ -155.901064859304824, 19.191376369924399 ], [ -155.901613556473535, 19.189559780304808 ], [ -155.901946339334557, 19.18830284894981 ], [ -155.902521688439805, 19.186860393660449 ], [ -155.902238256108205, 19.185778965895263 ], [ -155.902024388076256, 19.182840051607521 ], [ -155.903193384697261, 19.181458133724185 ], [ -155.902906854989965, 19.180363696023321 ], [ -155.903549938141623, 19.179285487564865 ], [ -155.903502420706815, 19.178209896628562 ], [ -155.903554012530776, 19.177579488163413 ], [ -155.904191906687203, 19.17650991511892 ], [ -155.903758062364233, 19.17485391110543 ], [ -155.90430139387567, 19.170697744091171 ], [ -155.904240891472, 19.169318590694282 ], [ -155.90473991625106, 19.168067359115572 ], [ -155.904287025215837, 19.167669101110551 ], [ -155.903899483635684, 19.16682711326991 ], [ -155.903122499676186, 19.165409157008739 ], [ -155.904714588638484, 19.164104964012417 ], [ -155.907648529314855, 19.163508076298292 ], [ -155.908117377375476, 19.16094800313537 ], [ -155.908547780362653, 19.159522900544083 ], [ -155.910203193819996, 19.156936253062927 ], [ -155.910485895389115, 19.156192304247199 ], [ -155.907878962382853, 19.155378807908544 ], [ -155.906058431113792, 19.153988244003454 ], [ -155.905664466614269, 19.152238504116855 ], [ -155.905751852485139, 19.151164655491094 ], [ -155.905438952278189, 19.147382533320012 ], [ -155.905862809192939, 19.145978481091326 ], [ -155.905787148141144, 19.14426134555837 ], [ -155.906007693898914, 19.141552688715667 ], [ -155.906612726054647, 19.13954896284746 ], [ -155.909129678534441, 19.137486434324764 ], [ -155.909597733084155, 19.134930558470774 ], [ -155.911412158899566, 19.132902978198487 ], [ -155.910790229028777, 19.131768004786892 ], [ -155.910230209131612, 19.130551292698808 ], [ -155.910502923042714, 19.1272005714555 ], [ -155.912343668978394, 19.125143261927697 ], [ -155.91319787168095, 19.123137861731411 ], [ -155.913027794818987, 19.119279316127681 ], [ -155.913499795863487, 19.117715766525492 ], [ -155.913096825989243, 19.116178256029819 ], [ -155.912474844268019, 19.114433956331194 ], [ -155.911889426569417, 19.112264739768722 ], [ -155.91081632407969, 19.109256108004406 ], [ -155.910571053252625, 19.106555467580872 ], [ -155.909354177244325, 19.104608639787287 ], [ -155.908932720391732, 19.102736528786139 ], [ -155.9078581223161, 19.101369155807546 ], [ -155.906350783657388, 19.098095888920572 ], [ -155.905709655031359, 19.095248428391763 ], [ -155.905111852161298, 19.093571965928625 ], [ -155.904867389407741, 19.091564776935542 ], [ -155.904586348110286, 19.09049213077666 ], [ -155.904338139137394, 19.089389358393042 ], [ -155.904012165375292, 19.088145374913719 ], [ -155.902753611100025, 19.085847142163651 ], [ -155.902428111564234, 19.083173455110657 ], [ -155.900614892307146, 19.082820031438281 ], [ -155.899475085362553, 19.082409433159587 ], [ -155.899993524913867, 19.08181570551794 ], [ -155.904162852780985, 19.078757717089022 ], [ -155.904681264221637, 19.078163972061521 ] ] ] } },
{ "type": "Feature", "properties": { "ID": 730, "GRIDCODE": 2 }, "geometry": { "type": "Polygon", "coordinates": [ [ [ -155.556274796876409, 19.04138578724249 ], [ -155.555817038535395, 19.043142346685713 ], [ -155.555146092762982, 19.043428054157229 ], [ -155.554345402158333, 19.045471944348993 ], [ -155.554600462357968, 19.046368515901438 ], [ -155.555467139178461, 19.047618112594584 ], [ -155.555378020264641, 19.049051851722169 ], [ -155.555683101629597, 19.049627059267394 ], [ -155.555945187570586, 19.050184013317526 ], [ -155.557001356602001, 19.051899046038407 ], [ -155.555987660490814, 19.052757905773582 ], [ -155.55584461087679, 19.055052038216349 ], [ -155.556077599131356, 19.058362923134386 ], [ -155.554667072283991, 19.059557802740073 ], [ -155.554157982257067, 19.060430307108703 ], [ -155.554549416861022, 19.06261201195618 ], [ -155.555141170219997, 19.064062443468117 ], [ -155.555054453525941, 19.065458944387785 ], [ -155.555073165188645, 19.066355858531285 ], [ -155.554729709615003, 19.067231722951533 ], [ -155.555362939017613, 19.068425146061152 ], [ -155.554681356125911, 19.069918659436823 ], [ -155.554981487183341, 19.070788051486456 ], [ -155.554891706401577, 19.072224417361344 ], [ -155.554920414695943, 19.073578657158979 ], [ -155.554819943874719, 19.075181920129356 ], [ -155.555123397677932, 19.076159777183602 ], [ -155.5556607420734, 19.077714688852009 ], [ -155.555359241368052, 19.078362369564427 ], [ -155.554616223935994, 19.075969178863581 ], [ -155.553094676986291, 19.075479602679387 ], [ -155.553507120533993, 19.074093696925353 ], [ -155.552945143328714, 19.071876277717923 ], [ -155.553226328847614, 19.071511122600914 ], [ -155.553884669560546, 19.070953669460362 ], [ -155.553555693455792, 19.069892843633788 ], [ -155.553267177942757, 19.069349402159016 ], [ -155.553956637063067, 19.068765825799602 ], [ -155.553332240107437, 19.067441688871622 ], [ -155.552461714281861, 19.066643850182807 ], [ -155.552812860423387, 19.066041783917928 ], [ -155.552785862145896, 19.064739663400999 ], [ -155.552836017606353, 19.063928380972477 ], [ -155.552814715467036, 19.062888382105896 ], [ -155.553523653495205, 19.061334838432074 ], [ -155.552410892774418, 19.059236938762826 ], [ -155.552931471991229, 19.058239331628165 ], [ -155.553501097424714, 19.057262997618238 ], [ -155.552150189403164, 19.05471567030143 ], [ -155.551916104032699, 19.052805534246065 ], [ -155.551628148274744, 19.052263162443012 ], [ -155.553384569078162, 19.049935487942008 ], [ -155.553433700784211, 19.049145864769045 ], [ -155.553124523869798, 19.047235911392089 ], [ -155.55347319266528, 19.046347450690838 ], [ -155.553932305076387, 19.044661785395501 ], [ -155.554673081769636, 19.04339172129124 ], [ -155.555198214758775, 19.04238519350298 ], [ -155.555823734109964, 19.041767877743659 ], [ -155.556274796876409, 19.04138578724249 ] ] ] } },
{ "type": "Feature", "properties": { "ID": 731, "GRIDCODE": 2 }, "geometry": { "type": "Polygon", "coordinates": [ [ [ -155.558936583626462, 19.036562107375246 ], [ -155.558783967317964, 19.037248807002552 ], [ -155.556425334140926, 19.041258514978452 ], [ -155.556274796876409, 19.04138578724249 ], [ -155.556424378626787, 19.04068528661033 ], [ -155.557759615029056, 19.037982697156313 ], [ -155.558781148501538, 19.036684532095205 ], [ -155.558936583626462, 19.036562107375246 ] ] ] } },
{ "type": "Feature", "properties": { "ID": 732, "GRIDCODE": 2 }, "geometry": { "type": "Polygon", "coordinates": [ [ [ -155.559226746169315, 19.036296777087482 ], [ -155.559221165140514, 19.036567415217881 ], [ -155.558936583626462, 19.036562107375246 ], [ -155.558942165114615, 19.036291469325967 ], [ -155.559226746169315, 19.036296777087482 ] ] ] } },
{ "type": "Feature", "properties": { "ID": 733, "GRIDCODE": 2 }, "geometry": { "type": "Polygon", "coordinates": [ [ [ -155.559522488173883, 19.035760807960493 ], [ -155.559511327318518, 19.036302084411972 ], [ -155.559226746169315, 19.036296777087482 ], [ -155.559237907943441, 19.035755500798203 ], [ -155.559522488173883, 19.035760807960493 ] ] ] } },
{ "type": "Feature", "properties": { "ID": 734, "GRIDCODE": 2 }, "geometry": { "type": "Polygon", "coordinates": [ [ [ -155.559522488173883, 19.035760807960493 ], [ -155.559650654007527, 19.035140543505236 ], [ -155.559886801421669, 19.035620596777694 ], [ -155.559522488173883, 19.035760807960493 ] ] ] } },
{ "type": "Feature", "properties": { "ID": 735, "GRIDCODE": 2 }, "geometry": { "type": "Polygon", "coordinates": [ [ [ -155.56040970146276, 19.034152895783294 ], [ -155.560141681720268, 19.03507064441845 ], [ -155.559715384625036, 19.034589954337729 ], [ -155.56040970146276, 19.034152895783294 ] ] ] } },
{ "type": "Feature", "properties": { "ID": 736, "GRIDCODE": 2 }, "geometry": { "type": "Polygon", "coordinates": [ [ [ -155.572556563221212, 19.024902852972012 ], [ -155.572429485413807, 19.02505331636808 ], [ -155.572103396905646, 19.025283105391416 ], [ -155.571432674211906, 19.026077066680916 ], [ -155.56862659253548, 19.026722140734879 ], [ -155.566714065316575, 19.028040030290185 ], [ -155.566085555222912, 19.028996563897241 ], [ -155.564441211020721, 19.029601044104361 ], [ -155.563195272372781, 19.03110870747502 ], [ -155.562421458586329, 19.031654023446151 ], [ -155.561244470892632, 19.0335645726244 ], [ -155.56040970146276, 19.034152895783294 ], [ -155.560591149763241, 19.033617965898735 ], [ -155.561162173134647, 19.032687884129697 ], [ -155.561927477305545, 19.031139028131168 ], [ -155.562805777555297, 19.030447333281145 ], [ -155.563682870197852, 19.029516859485206 ], [ -155.565201653503379, 19.028650939275174 ], [ -155.565810059258951, 19.028171802830304 ], [ -155.567532074249328, 19.026344321847954 ], [ -155.569254245920405, 19.02577906350761 ], [ -155.570418778526431, 19.025550054630216 ], [ -155.571832016958723, 19.02501472324213 ], [ -155.572556563221212, 19.024902852972012 ] ] ] } },
{ "type": "Feature", "properties": { "ID": 737, "GRIDCODE": 2 }, "geometry": { "type": "Polygon", "coordinates": [ [ [ -155.57371148822142, 19.024112057524466 ], [ -155.573517417163941, 19.024777122886267 ], [ -155.572556563221212, 19.024902852972012 ], [ -155.572676011613453, 19.024744844597691 ], [ -155.57371148822142, 19.024112057524466 ] ] ] } },
{ "type": "Feature", "properties": { "ID": 738, "GRIDCODE": 2 }, "geometry": { "type": "Polygon", "coordinates": [ [ [ -155.781250534589674, 18.994811177393611 ], [ -155.781354427552941, 18.994482959305106 ], [ -155.781599145765824, 18.99472442697018 ], [ -155.781250534589674, 18.994811177393611 ] ] ] } },
{ "type": "Feature", "properties": { "ID": 739, "GRIDCODE": 2 }, "geometry": { "type": "Polygon", "coordinates": [ [ [ -155.691775958956498, 18.941784763495964 ], [ -155.692076589836432, 18.942040807853793 ], [ -155.692915466925143, 18.943003225679075 ], [ -155.69389082351762, 18.943301719214947 ], [ -155.694334587799517, 18.943810992117282 ], [ -155.694986062061446, 18.945273265219527 ], [ -155.696118546323902, 18.945778426261743 ], [ -155.696762617309446, 18.946517088887511 ], [ -155.699289619842631, 18.9472906327107 ], [ -155.700873539664599, 18.94719774059195 ], [ -155.702081958931672, 18.947644724902663 ], [ -155.703719177117051, 18.94891245377449 ], [ -155.704583472724892, 18.949449287840554 ], [ -155.705031911079317, 18.949963648623552 ], [ -155.705367529019128, 18.951920317153288 ], [ -155.705685528638526, 18.953444329747459 ], [ -155.707515285716909, 18.955002102991489 ], [ -155.708611713210587, 18.95625939286133 ], [ -155.709560630183915, 18.956848749730298 ], [ -155.710661147718014, 18.957700731257464 ], [ -155.711373343729406, 18.958018271049767 ], [ -155.712062369551717, 18.958808728517525 ], [ -155.712647558041709, 18.959069800412188 ], [ -155.714306486986629, 18.960473234177361 ], [ -155.716702100075906, 18.961387038648621 ], [ -155.718245382915597, 18.960878927718884 ], [ -155.71876953318349, 18.962654362264459 ], [ -155.719483477456578, 18.963651233510472 ], [ -155.721083467616012, 18.964364991826397 ], [ -155.721028013327413, 18.964897899303022 ], [ -155.722124615959416, 18.966282589796833 ], [ -155.722915398137928, 18.966635331729076 ], [ -155.724929987086057, 18.96651709073269 ], [ -155.726128541608915, 18.96718139831659 ], [ -155.728420866813991, 18.967472616839245 ], [ -155.729074876195853, 18.969208553280769 ], [ -155.732356544868225, 18.969979179138562 ], [ -155.733237674890802, 18.970304918146937 ], [ -155.734162351657801, 18.970250634893208 ], [ -155.734580052861219, 18.97166480289733 ], [ -155.734953767426902, 18.971642838344415 ], [ -155.734875766771523, 18.970439866799538 ], [ -155.734939036333856, 18.969831987945629 ], [ -155.735978489966669, 18.969521630803467 ], [ -155.737166600087335, 18.9703549299287 ], [ -155.738531477747841, 18.97067542323067 ], [ -155.739443162219118, 18.970374958548664 ], [ -155.740685941733574, 18.970042770591217 ], [ -155.742282728260221, 18.970715849186156 ], [ -155.743716327290684, 18.971262551774249 ], [ -155.744258606932789, 18.971562974746686 ], [ -155.745136553185972, 18.971954449917934 ], [ -155.745949981363651, 18.972405078676626 ], [ -155.748143750630248, 18.973241455222347 ], [ -155.749507301193574, 18.973561585227198 ], [ -155.749982869100847, 18.973533711031081 ], [ -155.75180750499652, 18.974544440368589 ], [ -155.752162349636734, 18.974951294829381 ], [ -155.753316741640504, 18.97522224409045 ], [ -155.754723458116302, 18.976371585627259 ], [ -155.755517670123822, 18.976324694362969 ], [ -155.756504045845702, 18.976689199535514 ], [ -155.757520599646142, 18.976629537991183 ], [ -155.758138830304063, 18.976971980479526 ], [ -155.758687597348427, 18.976939814325227 ], [ -155.75969993204501, 18.97731374954131 ], [ -155.760636080670054, 18.97879541041441 ], [ -155.760890408466793, 18.980606259041036 ], [ -155.761989480762395, 18.981541525638054 ], [ -155.762505535889318, 18.982698497841504 ], [ -155.763128942707965, 18.98297623020764 ], [ -155.76367405442079, 18.983277977081269 ], [ -155.76422395553152, 18.983245816855703 ], [ -155.764804271565623, 18.983567216457249 ], [ -155.765389650298516, 18.983828145916483 ], [ -155.765689343532813, 18.984171608105953 ], [ -155.766860110674259, 18.984693460828598 ], [ -155.767333866423769, 18.985236179864142 ], [ -155.769326357290339, 18.986334056497213 ], [ -155.770148073195514, 18.986910086172806 ], [ -155.770733473907114, 18.987171001577241 ], [ -155.771573046227843, 18.988133159999432 ], [ -155.773085546570485, 18.988595363338845 ], [ -155.774074495101502, 18.989957313737985 ], [ -155.77522904478235, 18.990228146251322 ], [ -155.776050802300915, 18.990804155284874 ], [ -155.777463850510145, 18.991236033141359 ], [ -155.778011492091707, 18.992463078308958 ], [ -155.778596927206962, 18.992723973329845 ], [ -155.779219940215199, 18.993069085804628 ], [ -155.779929901690963, 18.994659657770878 ], [ -155.781250534589674, 18.994811177393611 ], [ -155.781518864372288, 18.995096954163593 ], [ -155.781954612375984, 18.995495125429347 ], [ -155.782222661446127, 18.995781161015902 ], [ -155.782881680145323, 18.996090925722672 ], [ -155.785978701669563, 18.998198485841435 ], [ -155.78787354778936, 18.998576792160911 ], [ -155.789451653458912, 18.999134161846609 ], [ -155.791852206151333, 19.001136190193741 ], [ -155.792348340523148, 19.00218566503343 ], [ -155.792638419638024, 19.002179857553337 ], [ -155.793529901484618, 19.002228912746158 ], [ -155.793448339793912, 19.003567979741664 ], [ -155.794599786526447, 19.004109446900827 ], [ -155.795215503574298, 19.004433232361524 ], [ -155.794769239465722, 19.006291696477046 ], [ -155.797317489455565, 19.01041710723554 ], [ -155.798179435236506, 19.010399521683418 ], [ -155.798849682145033, 19.01075201089883 ], [ -155.79987678570734, 19.010429197332197 ], [ -155.802295145848149, 19.010033412389074 ], [ -155.802722655702468, 19.010489052719205 ], [ -155.803359883284884, 19.011071290304411 ], [ -155.805137750506816, 19.011034877124331 ], [ -155.806138163983121, 19.0110899928947 ], [ -155.80731078495117, 19.01026640423062 ], [ -155.808670591437277, 19.01034120361853 ], [ -155.810106983984554, 19.011429102505588 ], [ -155.810682359984952, 19.011699256646875 ], [ -155.810976376488696, 19.012012682007196 ], [ -155.812089928338168, 19.0125359461809 ], [ -155.812922953347169, 19.013102758893886 ], [ -155.813272303546199, 19.013095563847319 ], [ -155.814346330971347, 19.0120322207299 ], [ -155.815367036217822, 19.012088430750367 ], [ -155.816638149428996, 19.012062475090733 ], [ -155.818318788641278, 19.01320583120982 ], [ -155.820227288241028, 19.013816788450619 ], [ -155.821993807246827, 19.015154380743066 ], [ -155.823360401678485, 19.015796710207461 ], [ -155.826518251384982, 19.015731993641701 ], [ -155.82820609779705, 19.016618876060384 ], [ -155.830282509474046, 19.018349677061167 ], [ -155.83138261847094, 19.018825533679504 ], [ -155.83256960328535, 19.018254047212764 ], [ -155.835296096676245, 19.018403664347627 ], [ -155.835899525210351, 19.017548970693344 ], [ -155.83637259160966, 19.017146904685067 ], [ -155.83703271587521, 19.01784976315481 ], [ -155.837681749033123, 19.018154688522202 ], [ -155.838435372143664, 19.018956992896992 ], [ -155.839295464890995, 19.019231940864078 ], [ -155.84013292398302, 19.019527654363852 ], [ -155.84130422725849, 19.019814001294595 ], [ -155.842076140151505, 19.02063564756185 ], [ -155.843016699903245, 19.020920418713533 ], [ -155.844373122794792, 19.019577419339296 ], [ -155.845261694589226, 19.019626187825839 ], [ -155.84611620901606, 19.019608520505471 ], [ -155.8469542282335, 19.019654566282842 ], [ -155.847538731365006, 19.019372848730789 ], [ -155.848336115386985, 19.019126232881508 ], [ -155.849818669771821, 19.020248237607785 ], [ -155.850489063814365, 19.019584511000939 ], [ -155.850933746525357, 19.0205245751131 ], [ -155.85153745212952, 19.021658024908636 ], [ -155.853113435933949, 19.022398665264038 ], [ -155.854019708073764, 19.023014695358221 ], [ -155.854451707211723, 19.023005659214661 ], [ -155.855211696236779, 19.023047431352968 ], [ -155.855871935035367, 19.023749972411231 ], [ -155.856731602975543, 19.02289850522007 ], [ -155.857279264231977, 19.02348117634526 ], [ -155.857737695932315, 19.023899949414364 ], [ -155.859025354955094, 19.023873199566594 ], [ -155.860419231675962, 19.02424599508786 ], [ -155.861368751839706, 19.02584757953133 ], [ -155.861944282467931, 19.026117592500167 ], [ -155.862276601463975, 19.026471271164059 ], [ -155.862761484958924, 19.027496098705836 ], [ -155.86333702380108, 19.027766108423567 ], [ -155.863605274382422, 19.028052052630471 ], [ -155.864038860789208, 19.028447912112512 ], [ -155.8658735026969, 19.029163232405178 ], [ -155.86614176008348, 19.029449173828233 ], [ -155.867819329341557, 19.029985678804707 ], [ -155.868991198673882, 19.030872202341989 ], [ -155.870092257783824, 19.03084935650924 ], [ -155.871735653268729, 19.031712389458693 ], [ -155.873977194883224, 19.033408285767283 ], [ -155.875189273929806, 19.033383060490813 ], [ -155.879168652050538, 19.034245374182579 ], [ -155.879699146898957, 19.035365886249558 ], [ -155.880834239257354, 19.03618745994935 ], [ -155.880817335318511, 19.036466977196913 ], [ -155.881098405976388, 19.037274641147299 ], [ -155.881389358303267, 19.038535763513998 ], [ -155.881039943326215, 19.039718094326833 ], [ -155.881388679925863, 19.040372455339455 ], [ -155.8812316808216, 19.042969218498072 ], [ -155.881256473913112, 19.044052882236457 ], [ -155.881231922814692, 19.044458683837064 ], [ -155.881241289331825, 19.044865058877992 ], [ -155.881216737765499, 19.045270860423933 ], [ -155.881226293017164, 19.04568199898408 ], [ -155.88092250093203, 19.045940268145554 ], [ -155.881226537549992, 19.046814173279792 ], [ -155.881765214016298, 19.04730592796308 ], [ -155.882054528911823, 19.047613894931001 ], [ -155.882023503017081, 19.048128017513577 ], [ -155.882032193148433, 19.048511108396205 ], [ -155.882726486465913, 19.051226726605535 ], [ -155.883102657135026, 19.051932328538371 ], [ -155.88336591821772, 19.0524889795809 ], [ -155.884704661680075, 19.053343342847917 ], [ -155.885038722967948, 19.054412927483074 ], [ -155.885329689278223, 19.054678076064572 ], [ -155.885676346089497, 19.055788336142594 ], [ -155.889518252787866, 19.059295474012654 ], [ -155.8894977669882, 19.059633115030927 ], [ -155.890424228849525, 19.060825088243934 ], [ -155.89128776029213, 19.062647805334215 ], [ -155.891716651290579, 19.063452667226436 ], [ -155.891700117397278, 19.063727697159791 ], [ -155.891732923961058, 19.065159803108386 ], [ -155.892390653001968, 19.065760124872991 ], [ -155.892927936053781, 19.066331438611947 ], [ -155.893401340883514, 19.066763623130591 ], [ -155.895010745342802, 19.069475873250283 ], [ -155.895301752600631, 19.069741011680723 ], [ -155.895621018007404, 19.070415226335943 ], [ -155.897419945734299, 19.070990328444083 ], [ -155.897822791435033, 19.071418936101679 ], [ -155.89878104744389, 19.072030118765788 ], [ -155.899506020191581, 19.072801341013843 ], [ -155.89979704071996, 19.073066474086058 ], [ -155.900039595242902, 19.076024917714037 ], [ -155.899569576206829, 19.077231175127899 ], [ -155.901130061945906, 19.077963562665701 ], [ -155.902198604547465, 19.078689780960865 ], [ -155.90396140646908, 19.078281991479574 ], [ -155.904681264221637, 19.078163972061521 ], [ -155.904162852780985, 19.078757717089022 ], [ -155.899993524913867, 19.08181570551794 ], [ -155.899475085362553, 19.082409433159587 ], [ -155.898493877487141, 19.081713230973776 ], [ -155.896833395118648, 19.08091248784849 ], [ -155.895138747635229, 19.078842247593222 ], [ -155.895133425427531, 19.07692001846106 ], [ -155.895214178730754, 19.074901387350941 ], [ -155.89463859703676, 19.07460712000287 ], [ -155.892420519801846, 19.07353724243956 ], [ -155.890769159727569, 19.071389689698361 ], [ -155.889642931752348, 19.069691591148164 ], [ -155.887556602268575, 19.0673071203036 ], [ -155.887053624638838, 19.064602935433435 ], [ -155.88613055781056, 19.062708849822819 ], [ -155.881541802617562, 19.057853730704931 ], [ -155.881015762635172, 19.056774282575009 ], [ -155.87889975520639, 19.054355393362609 ], [ -155.878291702466157, 19.052562617435644 ], [ -155.877446392137415, 19.049672797573532 ], [ -155.876302778974804, 19.047031016116438 ], [ -155.876532887830848, 19.041306643372295 ], [ -155.876180898875475, 19.038093804428485 ], [ -155.871753208061364, 19.037259519163641 ], [ -155.869139478622429, 19.035509146198347 ], [ -155.866838555115493, 19.034934030527868 ], [ -155.865355009388168, 19.033940380074583 ], [ -155.861507337206319, 19.032246967068755 ], [ -155.859111858880738, 19.030494367180001 ], [ -155.857677575947974, 19.028099603196701 ], [ -155.855933223361745, 19.027642799180377 ], [ -155.853938165043957, 19.027343027209763 ], [ -155.854419083556081, 19.02608102627196 ], [ -155.853265940289987, 19.025490936555236 ], [ -155.852254141037378, 19.026902821731973 ], [ -155.85139356907527, 19.026487491246723 ], [ -155.850835037322639, 19.02620186973251 ], [ -155.849722891259802, 19.025665085781437 ], [ -155.847426528887638, 19.023711741481911 ], [ -155.846031382829437, 19.023953428865525 ], [ -155.843203963345047, 19.024988321192048 ], [ -155.840184520372816, 19.024589964503154 ], [ -155.838641388410963, 19.02355623461084 ], [ -155.837217657353023, 19.023266337389288 ], [ -155.8358386631364, 19.022905000154079 ], [ -155.829668326798839, 19.02291895022454 ], [ -155.827358572030903, 19.021803742033391 ], [ -155.825255799207753, 19.020128517697259 ], [ -155.821647219042092, 19.019692769200969 ], [ -155.819292904301335, 19.018762350365268 ], [ -155.818036045408064, 19.017920368267383 ], [ -155.816192041395539, 19.017191492238901 ], [ -155.815044909651874, 19.016604200051759 ], [ -155.812618844820435, 19.017151276961226 ], [ -155.810849996383411, 19.016725915264008 ], [ -155.80945838066765, 19.016013515432451 ], [ -155.808603790621362, 19.015600488460233 ], [ -155.807744434441702, 19.015160666243879 ], [ -155.802423690730421, 19.015172024874797 ], [ -155.800877511441001, 19.014766294966318 ], [ -155.797140004908414, 19.014774242756463 ], [ -155.794435612602541, 19.01388744138838 ], [ -155.79299293652636, 19.012190565119624 ], [ -155.792469739607895, 19.011115760524717 ], [ -155.790914424132666, 19.009090061763917 ], [ -155.789981138830115, 19.006713664689627 ], [ -155.788319836655717, 19.00454992159812 ], [ -155.787396916699009, 19.003156115105554 ], [ -155.785800588006367, 19.002605282542778 ], [ -155.7834835231005, 19.001845146958949 ], [ -155.781004269541143, 19.000355466268157 ], [ -155.77959132827084, 18.99952376676503 ], [ -155.773719989273076, 18.994271072811884 ], [ -155.771900494035378, 18.993551493474438 ], [ -155.770621057520714, 18.992592227846131 ], [ -155.768644336048482, 18.991479821733336 ], [ -155.766684194445588, 18.990086321589409 ], [ -155.764707533024108, 18.988973881329706 ], [ -155.763740181985412, 18.988325202807417 ], [ -155.759408607825918, 18.986231396952114 ], [ -155.758520633309359, 18.985074510258158 ], [ -155.757972920262546, 18.984247260501263 ], [ -155.756834647057531, 18.982853802283554 ], [ -155.756016119460924, 18.981170303805531 ], [ -155.752539409935537, 18.980461155948269 ], [ -155.750595091617868, 18.978910983498231 ], [ -155.748065467065487, 18.97781644745152 ], [ -155.744848293367596, 18.976760292233216 ], [ -155.74039601864925, 18.97472824221029 ], [ -155.737313384661917, 18.974733670117434 ], [ -155.731058924075882, 18.974174524992296 ], [ -155.728586435725816, 18.973169342153579 ], [ -155.726731292825264, 18.972434990137454 ], [ -155.724650760339756, 18.970662697457072 ], [ -155.720995936342604, 18.97025711805955 ], [ -155.719561367996079, 18.969325483225155 ], [ -155.715474873149304, 18.96512495837122 ], [ -155.712717509044808, 18.964033092118001 ], [ -155.710999797281772, 18.963202411735072 ], [ -155.710004443033142, 18.962555643631319 ], [ -155.708050509667942, 18.960890959456368 ], [ -155.706096680262931, 18.959293690978662 ], [ -155.70469509929228, 18.957852730002486 ], [ -155.702467198941633, 18.956218822539267 ], [ -155.701814212678698, 18.954955650644912 ], [ -155.700975921897736, 18.951910099677328 ], [ -155.700265803164626, 18.951546023227827 ], [ -155.696286514078281, 18.951062575613683 ], [ -155.694399187960187, 18.950149414629951 ], [ -155.693475705982451, 18.94952950769229 ], [ -155.69181264887996, 18.948448979123508 ], [ -155.690748962978603, 18.946893659451739 ], [ -155.691546502534209, 18.945486346127403 ], [ -155.691911311050319, 18.943939880895307 ], [ -155.691775958956498, 18.941784763495964 ] ], [ [ -155.715294415109071, 18.961428439677857 ], [ -155.714872667212006, 18.962484235336909 ], [ -155.715195314451421, 18.963449847541934 ], [ -155.716005368678651, 18.962619096470622 ], [ -155.715980431499105, 18.962033730987081 ], [ -155.715294415109071, 18.961428439677857 ] ] ] } },
{ "type": "Feature", "properties": { "ID": 740, "GRIDCODE": 2 }, "geometry": { "type": "Polygon", "coordinates": [ [ [ -155.691496837382175, 18.941509006386696 ], [ -155.691781296461414, 18.941514085481444 ], [ -155.691775958956498, 18.941784763495964 ], [ -155.69149149942038, 18.941779684323262 ], [ -155.691496837382175, 18.941509006386696 ] ] ] } },
{ "type": "Feature", "properties": { "ID": 741, "GRIDCODE": 2 }, "geometry": { "type": "Polygon", "coordinates": [ [ [ -155.691217716721667, 18.941233248989079 ], [ -155.691502175253305, 18.941238328440789 ], [ -155.691496837382175, 18.941509006386696 ], [ -155.691212378393629, 18.941503926857024 ], [ -155.691217716721667, 18.941233248989079 ] ] ] } },
{ "type": "Feature", "properties": { "ID": 742, "GRIDCODE": 2 }, "geometry": { "type": "Polygon", "coordinates": [ [ [ -155.691217716721667, 18.941233248989079 ], [ -155.689986445895414, 18.941103636025403 ], [ -155.690268600557488, 18.940619751112035 ], [ -155.691125701489341, 18.941051795503721 ], [ -155.691217716721667, 18.941233248989079 ] ] ] } },
{ "type": "Feature", "properties": { "ID": 743, "GRIDCODE": 2 }, "geometry": { "type": "Polygon", "coordinates": [ [ [ -155.688678962871649, 18.940104805595155 ], [ -155.689931771763469, 18.940452169669019 ], [ -155.689167172473645, 18.940754499253643 ], [ -155.688678962871649, 18.940104805595155 ] ] ] } },
{ "type": "Feature", "properties": { "ID": 744, "GRIDCODE": 2 }, "geometry": { "type": "Polygon", "coordinates": [ [ [ -155.687272717334167, 18.939267353307137 ], [ -155.687723329299899, 18.939385938564307 ], [ -155.688549789951509, 18.939919514133109 ], [ -155.688678962871649, 18.940104805595155 ], [ -155.687746969368334, 18.939948002472153 ], [ -155.687272717334167, 18.939267353307137 ] ] ] } },
{ "type": "Feature", "properties": { "ID": 745, "GRIDCODE": 2 }, "geometry": { "type": "Polygon", "coordinates": [ [ [ -155.686998952180858, 18.938720914323891 ], [ -155.687283405239697, 18.938725999596734 ], [ -155.687272717334167, 18.939267353307137 ], [ -155.686988263361712, 18.939262267878178 ], [ -155.686998952180858, 18.938720914323891 ] ] ] } },
{ "type": "Feature", "properties": { "ID": 746, "GRIDCODE": 2 }, "geometry": { "type": "Polygon", "coordinates": [ [ [ -155.686998952180858, 18.938720914323891 ], [ -155.686389516814046, 18.938202055440833 ], [ -155.684702689381282, 18.935519431833033 ], [ -155.684111202582613, 18.93419148220552 ], [ -155.683669922442959, 18.933404589621198 ], [ -155.68421518943893, 18.933372565424087 ], [ -155.685200743264232, 18.935584927465587 ], [ -155.685897881657468, 18.936558847374666 ], [ -155.68687549657767, 18.938302500469941 ], [ -155.686998952180858, 18.938720914323891 ] ] ] } },
{ "type": "Feature", "properties": { "ID": 747, "GRIDCODE": 2 }, "geometry": { "type": "Polygon", "coordinates": [ [ [ -155.683708543930663, 18.932434310127348 ], [ -155.684053374109709, 18.932533292512066 ], [ -155.68379952550049, 18.932765940924309 ], [ -155.683708543930663, 18.932434310127348 ] ] ] } },
{ "type": "Feature", "properties": { "ID": 748, "GRIDCODE": 2 }, "geometry": { "type": "Polygon", "coordinates": [ [ [ -155.683708543930663, 18.932434310127348 ], [ -155.683341802787027, 18.932277025931118 ], [ -155.683606808903562, 18.931817171804603 ], [ -155.683708543930663, 18.932434310127348 ] ] ] } },
{ "type": "Feature", "properties": { "ID": 749, "GRIDCODE": 2 }, "geometry": { "type": "Polygon", "coordinates": [ [ [ -155.57371148822142, 19.024112057524466 ], [ -155.573864929211481, 19.023435397208914 ], [ -155.575534610569662, 19.022702790590586 ], [ -155.576180358906498, 19.022135466564627 ], [ -155.577287267635256, 19.021081467218529 ], [ -155.578307794404282, 19.020633716577525 ], [ -155.579075796336269, 19.019200087150416 ], [ -155.579654997687214, 19.018691004583768 ], [ -155.579684248862037, 19.017995641672766 ], [ -155.579683424574341, 19.017316378884665 ], [ -155.579990336140582, 19.016514845620932 ], [ -155.580291602334427, 19.015432147843494 ], [ -155.581480219685346, 19.013832049564567 ], [ -155.581479377683451, 19.012786324077588 ], [ -155.582394190995132, 19.010056115883216 ], [ -155.582689996379912, 19.009796128957316 ], [ -155.5826897496963, 19.009522732385165 ], [ -155.582700841686858, 19.009252189603121 ], [ -155.582700625025922, 19.008963722640132 ], [ -155.583297821899805, 19.00791187200511 ], [ -155.583296607071219, 19.006829121283069 ], [ -155.584047569193416, 19.006168782182193 ], [ -155.584777358382752, 19.004163559146523 ], [ -155.585946931777897, 19.003353098378803 ], [ -155.586693857098766, 19.00302528950257 ], [ -155.58713904508744, 19.001424353932787 ], [ -155.588875226245023, 18.999898281184894 ], [ -155.589444152408817, 18.999356442370349 ], [ -155.590782633807549, 18.998179687138862 ], [ -155.591485707938176, 18.997233396395394 ], [ -155.591485219321157, 18.996957349108001 ], [ -155.592065787661227, 18.996702593240318 ], [ -155.592065143014736, 18.996161345101708 ], [ -155.592643028107858, 18.996160894789011 ], [ -155.593493484580421, 18.996192964790833 ], [ -155.59322576593425, 18.995635688421565 ], [ -155.592944731306574, 18.995090857861921 ], [ -155.59354984291204, 18.99455865885631 ], [ -155.593547821298699, 18.992678966509754 ], [ -155.593862825817581, 18.992401857720154 ], [ -155.593325615642698, 18.991361043250294 ], [ -155.593324264987217, 18.990089759135891 ], [ -155.593369648218641, 18.989007592416701 ], [ -155.593368977388081, 18.98833070314247 ], [ -155.593385856365643, 18.987924887975051 ], [ -155.593385509000683, 18.987518755394408 ], [ -155.593402387516079, 18.987112940177198 ], [ -155.593401738594338, 18.986571426606972 ], [ -155.5934189482237, 18.986162973392119 ], [ -155.592883969220821, 18.985654977498783 ], [ -155.59288239214419, 18.984258096789418 ], [ -155.593388893937288, 18.983365806727793 ], [ -155.593846439519524, 18.981082105458754 ], [ -155.593161716113883, 18.980080089658895 ], [ -155.593578311216476, 18.978319420366997 ], [ -155.593884887728507, 18.976966022495439 ], [ -155.59476582770111, 18.975904524278523 ], [ -155.595346727812398, 18.975096351858507 ], [ -155.596920521665311, 18.975511077441279 ], [ -155.597342733563096, 18.975139685390506 ], [ -155.597638271753453, 18.974327576937018 ], [ -155.598490485189785, 18.973953248362651 ], [ -155.598530559638249, 18.972992867722525 ], [ -155.598530164075356, 18.972451356016361 ], [ -155.598541217739097, 18.972180807004019 ], [ -155.598541158660055, 18.971910053685782 ], [ -155.598569347729324, 18.971233691290283 ], [ -155.598568022313856, 18.970012637667548 ], [ -155.599449187157774, 18.969237728411034 ], [ -155.599176188949627, 18.968940806417635 ], [ -155.598669874399206, 18.968459534945811 ], [ -155.599761521448812, 18.968144593170006 ], [ -155.60031923767869, 18.96761333450258 ], [ -155.600336333051956, 18.967880170758445 ], [ -155.600313705555834, 18.968419938436842 ], [ -155.600609455801902, 18.968431188509165 ], [ -155.601167176254023, 18.967899662714977 ], [ -155.603175363466022, 18.968202000138568 ], [ -155.605223394981238, 18.968911178266815 ], [ -155.606335186678677, 18.968246489275295 ], [ -155.607312862200928, 18.967314925177092 ], [ -155.609253915289656, 18.965881972517074 ], [ -155.610046690806087, 18.966161961923071 ], [ -155.610314551751799, 18.966713666197549 ], [ -155.610593740600478, 18.967255001404776 ], [ -155.610845176094955, 18.968618669640062 ], [ -155.611645792817342, 18.969006412479288 ], [ -155.611980839097612, 18.970358919913682 ], [ -155.611894899851478, 18.972422648098323 ], [ -155.612694152193285, 18.972452882423418 ], [ -155.613999613254123, 18.972175350564232 ], [ -155.613002199031143, 18.970716062356274 ], [ -155.61337825745926, 18.9700135342616 ], [ -155.613679135713966, 18.969482817594436 ], [ -155.614253040308171, 18.968410295968077 ], [ -155.616827887882778, 18.968798476813632 ], [ -155.616797253400904, 18.969530862626474 ], [ -155.61786782419091, 18.969901305847849 ], [ -155.61872672027107, 18.969083050386509 ], [ -155.619965108829234, 18.968243958313018 ], [ -155.620550072917666, 18.966634857821884 ], [ -155.620885920732832, 18.966339296781562 ], [ -155.620882375536524, 18.96344234015136 ], [ -155.62178117482236, 18.962585923437821 ], [ -155.62263758941441, 18.96183264159523 ], [ -155.622692149953281, 18.960518187773523 ], [ -155.622426598504831, 18.959077850809877 ], [ -155.621990504063319, 18.956833498975513 ], [ -155.623019316505719, 18.955852788699893 ], [ -155.624960749134232, 18.95469172010722 ], [ -155.62596542944982, 18.952920219453137 ], [ -155.626271671164432, 18.951566716805793 ], [ -155.626572468890714, 18.951035966783589 ], [ -155.626867810465598, 18.950223781165867 ], [ -155.627168603324606, 18.94969302944352 ], [ -155.627474825278, 18.948339521992789 ], [ -155.628054621014797, 18.948084607005704 ], [ -155.629764039664934, 18.947026862802346 ], [ -155.63019276768955, 18.947043124033435 ], [ -155.631742544366546, 18.945174668677208 ], [ -155.632250271796977, 18.943345955869979 ], [ -155.632714522572826, 18.942478125073933 ], [ -155.633009848056616, 18.942218020174902 ], [ -155.633600441481008, 18.940869660871432 ], [ -155.634677631711753, 18.94022528312663 ], [ -155.63657371728857, 18.937584356575428 ], [ -155.638472999741197, 18.936181719030227 ], [ -155.640868938539143, 18.9358549795692 ], [ -155.642752444849123, 18.934974491729033 ], [ -155.64395962202002, 18.93537156281123 ], [ -155.645053207894392, 18.935932888915588 ], [ -155.646509731935083, 18.935630579314594 ], [ -155.646245921357803, 18.93487142252226 ], [ -155.645676548517372, 18.934038251753719 ], [ -155.645709456060047, 18.933239777961465 ], [ -155.64570929094873, 18.932956055105862 ], [ -155.646726661532171, 18.932060636139255 ], [ -155.647480861256469, 18.929983791244787 ], [ -155.648909719077039, 18.928726140628363 ], [ -155.649529915862473, 18.92786212570547 ], [ -155.650390263396275, 18.927105041035077 ], [ -155.650958734652107, 18.926562940043457 ], [ -155.651254004497275, 18.926302796947226 ], [ -155.652613268827707, 18.925006833632562 ], [ -155.654078167276992, 18.924362706219135 ], [ -155.654458579953399, 18.92331506545834 ], [ -155.656038630416191, 18.921924159955086 ], [ -155.657019716544028, 18.920988878489528 ], [ -155.659615331806066, 18.920767526275561 ], [ -155.660444876556795, 18.919976511388118 ], [ -155.661327067269525, 18.919975207202448 ], [ -155.662276236943484, 18.920462432463697 ], [ -155.662754582310043, 18.920006452476532 ], [ -155.663652734840127, 18.919215597405163 ], [ -155.663649876761212, 18.917316999480533 ], [ -155.6650944582656, 18.917075382860062 ], [ -155.666398635992294, 18.916782312998752 ], [ -155.667367498535299, 18.917117293971192 ], [ -155.667941290433959, 18.916848901076055 ], [ -155.668506227104729, 18.917139072019683 ], [ -155.669134964426718, 18.91596310553345 ], [ -155.672274430705755, 18.91368432930215 ], [ -155.672852174413066, 18.912092813675343 ], [ -155.674863774960585, 18.91208974250349 ], [ -155.676657556578391, 18.912156786649184 ], [ -155.677453544128326, 18.91104750316174 ], [ -155.679978878795509, 18.911141891556419 ], [ -155.68070577849744, 18.910448617279453 ], [ -155.681965216326404, 18.911644399901363 ], [ -155.682392553018076, 18.912909914454151 ], [ -155.683067554442289, 18.916562861638266 ], [ -155.684110405552104, 18.919148288671657 ], [ -155.683200684073427, 18.92227392784287 ], [ -155.682718674729614, 18.923536399606178 ], [ -155.682254889232382, 18.925859011903622 ], [ -155.68225655559101, 18.926857511778547 ], [ -155.68222552789257, 18.927612155243317 ], [ -155.682766332318977, 18.929576993574852 ], [ -155.68331444130547, 18.930638156196895 ], [ -155.683025894085489, 18.930939462459239 ], [ -155.682755946721329, 18.930383833969675 ], [ -155.682471198241274, 18.930113255341443 ], [ -155.68214785206689, 18.929447727558859 ], [ -155.680785983304077, 18.929000004908563 ], [ -155.679662574137495, 18.92815673384073 ], [ -155.679098215969987, 18.928157467111806 ], [ -155.678671728903055, 18.928141630059166 ], [ -155.677966208569416, 18.928142739614053 ], [ -155.677436301143416, 18.926009387779295 ], [ -155.678266288381991, 18.922215752539596 ], [ -155.67916823036316, 18.91944592654346 ], [ -155.678473704514801, 18.917389222559528 ], [ -155.678183051126979, 18.91615391410766 ], [ -155.675628309667786, 18.91644687429244 ], [ -155.670604710615464, 18.920773696488158 ], [ -155.668123059233892, 18.921188430146302 ], [ -155.66537276651411, 18.923811773356544 ], [ -155.66353265725553, 18.924225281111031 ], [ -155.660848605542327, 18.924797033355659 ], [ -155.658779183263647, 18.925395421483817 ], [ -155.657816413073704, 18.927196222616011 ], [ -155.656282574745973, 18.928329369054381 ], [ -155.654056586012786, 18.929308015487614 ], [ -155.653448399110886, 18.930127842387037 ], [ -155.652885009847068, 18.931181164011345 ], [ -155.651184345874697, 18.933110054264088 ], [ -155.650660208626817, 18.937722617703489 ], [ -155.649890567145945, 18.938456744792401 ], [ -155.649586009488985, 18.938457055753975 ], [ -155.649031781726336, 18.938436457609786 ], [ -155.648455055965002, 18.93894402226011 ], [ -155.647668730651361, 18.940039559569637 ], [ -155.645428427294803, 18.940042379026632 ], [ -155.642766696893005, 18.939942610550798 ], [ -155.641586532366318, 18.940207587071185 ], [ -155.639838956435227, 18.940499549248724 ], [ -155.638999416610005, 18.941238436464033 ], [ -155.638419709339246, 18.942045493033497 ], [ -155.637153942654834, 18.943571732840152 ], [ -155.636658753364856, 18.944445097338392 ], [ -155.635770955702554, 18.947643470556965 ], [ -155.633385092505137, 18.950283399843535 ], [ -155.631536855536382, 18.951389154221985 ], [ -155.630176314679403, 18.954678564203771 ], [ -155.62945314270641, 18.955954153478238 ], [ -155.628743394035297, 18.957280221236459 ], [ -155.627250819452996, 18.958907998583356 ], [ -155.627255157938265, 18.962268765727202 ], [ -155.626453217815026, 18.964099224006112 ], [ -155.625714768558197, 18.965094497026744 ], [ -155.625271052570241, 18.967406625668833 ], [ -155.623630968825211, 18.970471917360044 ], [ -155.622894900048038, 18.970795345607687 ], [ -155.621610694151912, 18.972582592902523 ], [ -155.619760479903988, 18.973604593091441 ], [ -155.617848031536397, 18.974156633758881 ], [ -155.615926970357805, 18.975986918524868 ], [ -155.612852730518426, 18.976772800061561 ], [ -155.609992322640437, 18.976317179360255 ], [ -155.608197258884303, 18.974611891429284 ], [ -155.607355022562842, 18.972875678508572 ], [ -155.605212192234745, 18.972877885195285 ], [ -155.603360979692241, 18.972807949447891 ], [ -155.602902622166852, 18.975194800650804 ], [ -155.601914656883054, 18.977040461938937 ], [ -155.599957690799613, 18.978905057636542 ], [ -155.598185606196978, 18.979862147393963 ], [ -155.597980003717026, 18.984781344154385 ], [ -155.598167079672663, 18.990316954819576 ], [ -155.598645894195386, 18.992249055184779 ], [ -155.597917627051544, 18.996595971774521 ], [ -155.596880392391796, 18.997874314437883 ], [ -155.595129205279676, 18.999732028039901 ], [ -155.594549058480311, 19.000538878313424 ], [ -155.59105750302794, 19.003988961059722 ], [ -155.590435330305638, 19.005150905849298 ], [ -155.588725986537867, 19.006653422055518 ], [ -155.588134732010417, 19.008001537485548 ], [ -155.587532567270642, 19.009338871877254 ], [ -155.587231363891192, 19.010421591135962 ], [ -155.58627824418906, 19.013220663909223 ], [ -155.58559087021294, 19.015692021950009 ], [ -155.584510086545549, 19.017946954863532 ], [ -155.58401575209075, 19.020518906710361 ], [ -155.582509407181817, 19.021952908236262 ], [ -155.580214554680396, 19.022467241258621 ], [ -155.577917362270426, 19.022728997261005 ], [ -155.575674940224104, 19.023546187471897 ], [ -155.57371148822142, 19.024112057524466 ] ] ] } }
]
}
