{
"type": "FeatureCollection",
"name": "sicwaim",
"crs": { "type": "name", "properties": { "name": "urn:ogc:def:crs:OGC:1.3:CRS84" } },
"features": [
{ "type": "Feature", "properties": { "ID": 1, "GRIDCODE": 2 }, "geometry": { "type": "Polygon", "coordinates": [ [ [ -159.356698708940826, 22.207919032081982 ], [ -159.356975917403076, 22.208117306411012 ], [ -159.356182146956428, 22.20993541285856 ], [ -159.356245710071107, 22.208851168464992 ], [ -159.356698708940826, 22.207919032081982 ] ] ] } },
{ "type": "Feature", "properties": { "ID": 2, "GRIDCODE": 2 }, "geometry": { "type": "Polygon", "coordinates": [ [ [ -159.347675191786351, 22.207667527126397 ], [ -159.348072435783536, 22.207877321830544 ], [ -159.347667232348755, 22.208850067795836 ], [ -159.347294272093649, 22.208431324042625 ], [ -159.347675191786351, 22.207667527126397 ] ] ] } },
{ "type": "Feature", "properties": { "ID": 3, "GRIDCODE": 2 }, "geometry": { "type": "Polygon", "coordinates": [ [ [ -159.357860198437919, 22.206832377537069 ], [ -159.358691225488087, 22.207051646722483 ], [ -159.36018369265409, 22.208780862767814 ], [ -159.359773866841778, 22.20969247117733 ], [ -159.359468217331681, 22.20965775453854 ], [ -159.35889947609752, 22.209724907126404 ], [ -159.358610475097635, 22.209390485267274 ], [ -159.358183948080239, 22.209074013915728 ], [ -159.358326016234997, 22.207989596019477 ], [ -159.357694100565567, 22.207520684538483 ], [ -159.357860198437919, 22.206832377537069 ] ] ] } },
{ "type": "Feature", "properties": { "ID": 4, "GRIDCODE": 2 }, "geometry": { "type": "Polygon", "coordinates": [ [ [ -159.35029136195746, 22.20630678616071 ], [ -159.350646459493106, 22.206398802498725 ], [ -159.350391806447135, 22.206637011811146 ], [ -159.35029136195746, 22.20630678616071 ] ] ] } },
{ "type": "Feature", "properties": { "ID": 5, "GRIDCODE": 2 }, "geometry": { "type": "Polygon", "coordinates": [ [ [ -159.35669254533812, 22.205479807948251 ], [ -159.357994132170575, 22.206519027258881 ], [ -159.356876835772852, 22.207124073217582 ], [ -159.35669254533812, 22.205479807948251 ] ] ] } },
{ "type": "Feature", "properties": { "ID": 6, "GRIDCODE": 2 }, "geometry": { "type": "Polygon", "coordinates": [ [ [ -159.355233862956993, 22.204127864752206 ], [ -159.356527179819238, 22.205052961074244 ], [ -159.355978034763069, 22.207023215116127 ], [ -159.355683669014326, 22.206669825708278 ], [ -159.355095565581877, 22.207001915126686 ], [ -159.354232974219457, 22.206519967697453 ], [ -159.353941923311396, 22.208138260850991 ], [ -159.353532717720867, 22.207213476637229 ], [ -159.35287851948695, 22.2062088110806 ], [ -159.353719617912276, 22.205886105426874 ], [ -159.354198078791171, 22.204790239867386 ], [ -159.355107481025328, 22.204281101536573 ], [ -159.355233862956993, 22.204127864752206 ] ] ] } },
{ "type": "Feature", "properties": { "ID": 7, "GRIDCODE": 2 }, "geometry": { "type": "Polygon", "coordinates": [ [ [ -159.355233862956993, 22.204127864752206 ], [ -159.354878768316922, 22.204035858358662 ], [ -159.355133409059704, 22.203797642112537 ], [ -159.355233862956993, 22.204127864752206 ] ] ] } },
{ "type": "Feature", "properties": { "ID": 8, "GRIDCODE": 2 }, "geometry": { "type": "Polygon", "coordinates": [ [ [ -159.353191076593191, 22.201964096168684 ], [ -159.354477526489205, 22.202884315394765 ], [ -159.35467162276359, 22.204087739265866 ], [ -159.35310068984387, 22.204974769149526 ], [ -159.352964923954545, 22.204132799395193 ], [ -159.353091931021652, 22.20331944427075 ], [ -159.352961651856788, 22.202511311805974 ], [ -159.353191076593191, 22.201964096168684 ] ] ] } },
{ "type": "Feature", "properties": { "ID": 9, "GRIDCODE": 2 }, "geometry": { "type": "Polygon", "coordinates": [ [ [ -159.352899351859861, 22.201693702048235 ], [ -159.353190398642255, 22.201693070999671 ], [ -159.353191076593191, 22.201964096168684 ], [ -159.352900029252169, 22.201964727225754 ], [ -159.352899351859861, 22.201693702048235 ] ] ] } },
{ "type": "Feature", "properties": { "ID": 10, "GRIDCODE": 2 }, "geometry": { "type": "Polygon", "coordinates": [ [ [ -159.33718151589477, 22.201184954881754 ], [ -159.337669247856923, 22.201303705389002 ], [ -159.337214305512532, 22.202924201335136 ], [ -159.33590047777119, 22.202546120374283 ], [ -159.337007837950551, 22.201803561650014 ], [ -159.33718151589477, 22.201184954881754 ] ] ] } },
{ "type": "Feature", "properties": { "ID": 11, "GRIDCODE": 2 }, "geometry": { "type": "Polygon", "coordinates": [ [ [ -159.352899351859861, 22.201693702048235 ], [ -159.352719553207521, 22.201797422193646 ], [ -159.352071121165892, 22.20360555535509 ], [ -159.350399921187062, 22.205325776813151 ], [ -159.35029136195746, 22.20630678616071 ], [ -159.349856301882767, 22.205919336831958 ], [ -159.349562534294705, 22.205083009481921 ], [ -159.348277108851732, 22.205898422348696 ], [ -159.34886462441284, 22.203195752241889 ], [ -159.348343524648016, 22.203786339400715 ], [ -159.346772190264261, 22.206029327792269 ], [ -159.345528065741888, 22.204829027469565 ], [ -159.344900917383342, 22.205095966393674 ], [ -159.344167461519902, 22.205449767232395 ], [ -159.343051116094244, 22.204771558201895 ], [ -159.343710210790562, 22.203499105717341 ], [ -159.345185344885721, 22.202385096179679 ], [ -159.346065440931312, 22.202117077038984 ], [ -159.345759077654037, 22.201289635479451 ], [ -159.345774726363913, 22.200483804463637 ], [ -159.344583246563758, 22.200770855431799 ], [ -159.344017330815603, 22.20076129961145 ], [ -159.343151210554424, 22.201310705982131 ], [ -159.341768505933089, 22.201627687784185 ], [ -159.341357050622776, 22.202817535709286 ], [ -159.339983330997541, 22.203480148772961 ], [ -159.340238172830681, 22.202666535838812 ], [ -159.341122621015472, 22.201871678573184 ], [ -159.340816359036211, 22.201044582819595 ], [ -159.340458308541599, 22.199690197093094 ], [ -159.340231642174388, 22.19995628024969 ], [ -159.339870196720057, 22.201350444260353 ], [ -159.338514686825306, 22.202670128151567 ], [ -159.338486274255928, 22.202348408922205 ], [ -159.338506276036583, 22.201325535916311 ], [ -159.338135778210216, 22.200995553229308 ], [ -159.338490711440414, 22.19969390195271 ], [ -159.338478025922711, 22.199174268250495 ], [ -159.339064213924075, 22.198603580194721 ], [ -159.339360442988493, 22.198337353671295 ], [ -159.339644340096044, 22.197789290158251 ], [ -159.340740864818969, 22.196437281841547 ], [ -159.339642384688432, 22.196976213039413 ], [ -159.338776411917991, 22.197525488497632 ], [ -159.338189144223406, 22.197792318632132 ], [ -159.337609649612318, 22.198071834943342 ], [ -159.337139675065742, 22.197618320424073 ], [ -159.336445491621419, 22.198880038694139 ], [ -159.336158679918384, 22.199433689847673 ], [ -159.334997299119749, 22.19941401177384 ], [ -159.334574391507346, 22.200230398323363 ], [ -159.333288126951032, 22.200257481285703 ], [ -159.332087644564069, 22.199718165053714 ], [ -159.333122658824152, 22.198399115344639 ], [ -159.333830035048607, 22.198077757483404 ], [ -159.334810088223662, 22.196185904164071 ], [ -159.336444642683801, 22.195183110472136 ], [ -159.336422976576387, 22.194290360902542 ], [ -159.337596700555252, 22.193457113227527 ], [ -159.338759117052803, 22.192743923207946 ], [ -159.337810021616946, 22.19263396577492 ], [ -159.336145492824897, 22.192669046394631 ], [ -159.337203378129345, 22.192128229420632 ], [ -159.33875692190432, 22.191828540837708 ], [ -159.340502317903088, 22.19150744038232 ], [ -159.3401183404834, 22.191206434464192 ], [ -159.337013763342981, 22.190648703356388 ], [ -159.337444938482776, 22.18914671384665 ], [ -159.339046633223376, 22.188852055207395 ], [ -159.339804599636608, 22.188114062779029 ], [ -159.340210703114934, 22.188844210722877 ], [ -159.340497217112386, 22.189391084321105 ], [ -159.341151094645056, 22.189684837256905 ], [ -159.345280870597861, 22.194083647836784 ], [ -159.352899351859861, 22.201693702048235 ] ] ] } },
{ "type": "Feature", "properties": { "ID": 12, "GRIDCODE": 2 }, "geometry": { "type": "Polygon", "coordinates": [ [ [ -159.327215013029161, 22.17057915863229 ], [ -159.327727174532384, 22.171019261857843 ], [ -159.330919877095198, 22.177284912391155 ], [ -159.335825360786458, 22.183982689148333 ], [ -159.337139909574148, 22.185480269916042 ], [ -159.335779435667973, 22.185884509255942 ], [ -159.334097427588489, 22.186967544796691 ], [ -159.33344970623844, 22.18725386925513 ], [ -159.332053658788823, 22.188858585366251 ], [ -159.331001631869498, 22.190533441092647 ], [ -159.329440153960888, 22.190478973512363 ], [ -159.329065768202639, 22.192698395442637 ], [ -159.327993714801124, 22.192660988820879 ], [ -159.326618265673602, 22.192714529055447 ], [ -159.324279763836017, 22.191124342408461 ], [ -159.323325529698337, 22.189970583770307 ], [ -159.322725728397046, 22.188793483557742 ], [ -159.32155553459458, 22.188046993383953 ], [ -159.318594051546597, 22.187396168410476 ], [ -159.317495922015667, 22.185916633204101 ], [ -159.316923128215024, 22.185094334117444 ], [ -159.316115102690475, 22.18439998456407 ], [ -159.315699478829544, 22.183672175291917 ], [ -159.316043443159202, 22.18212506574012 ], [ -159.316347950449114, 22.179712351517637 ], [ -159.317318730958334, 22.177786137930397 ], [ -159.317829266142468, 22.178073470240616 ], [ -159.318352484511081, 22.17859720615181 ], [ -159.318946156201235, 22.178856742773359 ], [ -159.320597809627543, 22.179666585919882 ], [ -159.32072758828221, 22.179312434171926 ], [ -159.320394156238905, 22.178020719290519 ], [ -159.318577429158495, 22.176933121339449 ], [ -159.320059387828366, 22.175979042719959 ], [ -159.32149614897358, 22.176683507419234 ], [ -159.32230758007023, 22.176012837152602 ], [ -159.32126567488433, 22.175117514718281 ], [ -159.321553053447587, 22.17449605130885 ], [ -159.32286986023891, 22.173914060041362 ], [ -159.324382696397009, 22.172386762618515 ], [ -159.325623975519989, 22.172338461469458 ], [ -159.325905367340852, 22.172890687186324 ], [ -159.326208664873036, 22.173421806105733 ], [ -159.326494263653984, 22.174255662213291 ], [ -159.327083157677549, 22.174232740846161 ], [ -159.32870500823006, 22.175856043208089 ], [ -159.328893286754976, 22.175067293452283 ], [ -159.328478712075025, 22.173461629923459 ], [ -159.327649613281125, 22.172344571596739 ], [ -159.32767063688101, 22.171821285720455 ], [ -159.327355916631319, 22.170990587467823 ], [ -159.327215013029161, 22.17057915863229 ] ] ] } },
{ "type": "Feature", "properties": { "ID": 13, "GRIDCODE": 2 }, "geometry": { "type": "Polygon", "coordinates": [ [ [ -159.670549724448847, 22.166005162913311 ], [ -159.671203879877709, 22.166525426517115 ], [ -159.671795362743893, 22.168005484243992 ], [ -159.670752429343423, 22.168087863590454 ], [ -159.670135936184579, 22.167069234354422 ], [ -159.670549724448847, 22.166005162913311 ] ] ] } },
{ "type": "Feature", "properties": { "ID": 14, "GRIDCODE": 2 }, "geometry": { "type": "Polygon", "coordinates": [ [ [ -159.671420027906265, 22.165459544709126 ], [ -159.67177521519227, 22.165550855307185 ], [ -159.671521187108226, 22.165789563764481 ], [ -159.671420027906265, 22.165459544709126 ] ] ] } },
{ "type": "Feature", "properties": { "ID": 15, "GRIDCODE": 2 }, "geometry": { "type": "Polygon", "coordinates": [ [ [ -159.672291612654647, 22.165184934806788 ], [ -159.672193592650757, 22.165515774643417 ], [ -159.671937307394046, 22.16527916919549 ], [ -159.672291612654647, 22.165184934806788 ] ] ] } },
{ "type": "Feature", "properties": { "ID": 16, "GRIDCODE": 2 }, "geometry": { "type": "Polygon", "coordinates": [ [ [ -159.307941078553796, 22.138906305279068 ], [ -159.307842219525668, 22.139236941467846 ], [ -159.307586580536963, 22.13899975150678 ], [ -159.307941078553796, 22.138906305279068 ] ] ] } },
{ "type": "Feature", "properties": { "ID": 17, "GRIDCODE": 2 }, "geometry": { "type": "Polygon", "coordinates": [ [ [ -159.320775271865472, 22.153788184875982 ], [ -159.321129797686723, 22.153694709827565 ], [ -159.320874110286923, 22.153457541674243 ], [ -159.320775271865472, 22.153788184875982 ], [ -159.320329083711016, 22.153931416445591 ], [ -159.319755662883352, 22.153377746225164 ], [ -159.318814953048076, 22.154565033114412 ], [ -159.317464670575418, 22.153958033792517 ], [ -159.315976817058925, 22.15192259759198 ], [ -159.315941047589263, 22.150440542885676 ], [ -159.316539106624731, 22.149858302022785 ], [ -159.317403980941947, 22.150271237760204 ], [ -159.318405702878437, 22.149816109271061 ], [ -159.318003505328079, 22.149047891809957 ], [ -159.317127999946763, 22.147850097031498 ], [ -159.31742276654083, 22.147688426525029 ], [ -159.318867496629338, 22.147713077641889 ], [ -159.318579895379088, 22.146607505141422 ], [ -159.318010963527371, 22.144557327326414 ], [ -159.317696243430134, 22.143071969201454 ], [ -159.31641903627829, 22.144315554732014 ], [ -159.315372419436954, 22.143382642436649 ], [ -159.315653851038803, 22.141734665266139 ], [ -159.31743397219455, 22.14140733825873 ], [ -159.31853684579545, 22.140416008068634 ], [ -159.318950725506454, 22.139663715139196 ], [ -159.318563433310771, 22.139289746698481 ], [ -159.31721756428459, 22.138684669584887 ], [ -159.317981711639021, 22.136590512050379 ], [ -159.317961907487643, 22.135772962571792 ], [ -159.319029828055534, 22.136091344854211 ], [ -159.323132662735304, 22.159616472420719 ], [ -159.325602649701352, 22.166655189857469 ], [ -159.326455538581399, 22.168959879899308 ], [ -159.325063198249694, 22.169631473796386 ], [ -159.324154772773028, 22.169650552846306 ], [ -159.323577214487614, 22.169093051796629 ], [ -159.321864750550986, 22.168579206843344 ], [ -159.321244607255124, 22.168283190464734 ], [ -159.319575137312199, 22.169088415713301 ], [ -159.318339801085358, 22.169114314488962 ], [ -159.318268514966064, 22.166163892590845 ], [ -159.318693046882885, 22.164115510793081 ], [ -159.320365992051734, 22.164491910416331 ], [ -159.321538007841724, 22.165316642205827 ], [ -159.321497786074076, 22.163653901057369 ], [ -159.323478538197378, 22.163687633614515 ], [ -159.322973826488749, 22.162323657104384 ], [ -159.322979305472131, 22.162047605383972 ], [ -159.322403803037531, 22.16153478417862 ], [ -159.322095675662894, 22.160424562874034 ], [ -159.322685053999805, 22.159610965164021 ], [ -159.321822921755171, 22.158842683718508 ], [ -159.321515710447613, 22.158255989140095 ], [ -159.320641777149547, 22.157477145652063 ], [ -159.320609013086823, 22.156121387914343 ], [ -159.321220404911855, 22.155277396793601 ], [ -159.320920605730294, 22.155010241781707 ], [ -159.320775271865472, 22.153788184875982 ] ] ] } },
{ "type": "Feature", "properties": { "ID": 18, "GRIDCODE": 2 }, "geometry": { "type": "Polygon", "coordinates": [ [ [ -159.735776925358039, 22.11992209473382 ], [ -159.736132034784362, 22.120013267650293 ], [ -159.735878197589642, 22.120252072614313 ], [ -159.735776925358039, 22.11992209473382 ] ] ] } },
{ "type": "Feature", "properties": { "ID": 19, "GRIDCODE": 2 }, "geometry": { "type": "Polygon", "coordinates": [ [ [ -159.302375444976178, 22.121028731914105 ], [ -159.302730298009834, 22.121120852373362 ], [ -159.302475714744247, 22.121358996730823 ], [ -159.302375444976178, 22.121028731914105 ] ] ] } },
{ "type": "Feature", "properties": { "ID": 20, "GRIDCODE": 2 }, "geometry": { "type": "Polygon", "coordinates": [ [ [ -159.312527651266976, 22.108000161603599 ], [ -159.312626478516847, 22.107669521694376 ], [ -159.312882068637691, 22.107906705229567 ], [ -159.312527651266976, 22.108000161603599 ] ] ] } },
{ "type": "Feature", "properties": { "ID": 21, "GRIDCODE": 2 }, "geometry": { "type": "Polygon", "coordinates": [ [ [ -159.323577675895478, 22.106894528231461 ], [ -159.324278562384251, 22.107060655025229 ], [ -159.32382460311112, 22.108088862019851 ], [ -159.323333616452999, 22.107829002503749 ], [ -159.323577675895478, 22.106894528231461 ] ] ] } },
{ "type": "Feature", "properties": { "ID": 22, "GRIDCODE": 2 }, "geometry": { "type": "Polygon", "coordinates": [ [ [ -159.314850884873181, 22.1063695176307 ], [ -159.314496061352372, 22.106277423002229 ], [ -159.31475059744858, 22.106039260016335 ], [ -159.314850884873181, 22.1063695176307 ] ] ] } },
{ "type": "Feature", "properties": { "ID": 23, "GRIDCODE": 2 }, "geometry": { "type": "Polygon", "coordinates": [ [ [ -159.307941078553796, 22.138906305279068 ], [ -159.30838194346731, 22.138225888851707 ], [ -159.306778125456702, 22.137864831271038 ], [ -159.305751307521831, 22.136609383188063 ], [ -159.305009400615035, 22.135559703951234 ], [ -159.304002913666125, 22.135257500342586 ], [ -159.303431554179213, 22.134705660394303 ], [ -159.302551817646957, 22.133921308554971 ], [ -159.302544806320725, 22.133631317593711 ], [ -159.302560831267414, 22.132820853241597 ], [ -159.301960756105643, 22.132550992406543 ], [ -159.301384179775368, 22.132275602158767 ], [ -159.299928952946885, 22.131947923384935 ], [ -159.300211862755759, 22.13092261248547 ], [ -159.301089830290294, 22.130655391359479 ], [ -159.301468381868688, 22.12992471974264 ], [ -159.302493072638725, 22.129459208052612 ], [ -159.301803160786591, 22.128217508441757 ], [ -159.301097980258731, 22.126870020525779 ], [ -159.300214178874285, 22.126082014663282 ], [ -159.300161296587504, 22.123881347875429 ], [ -159.300511864506518, 22.124160393219583 ], [ -159.300485566543301, 22.125490349028475 ], [ -159.30161730373149, 22.126583540698217 ], [ -159.301953296863473, 22.126317315400005 ], [ -159.302309216880815, 22.123906830629835 ], [ -159.303781341025399, 22.125328727161744 ], [ -159.304567270854818, 22.124949650392384 ], [ -159.304854656356753, 22.125498833420171 ], [ -159.305442835185858, 22.125763338338718 ], [ -159.305800354720731, 22.12711781942896 ], [ -159.306608760154518, 22.12685069909714 ], [ -159.30750010505389, 22.126285325257228 ], [ -159.308928920443066, 22.126309790504422 ], [ -159.308373710341783, 22.125762808258546 ], [ -159.30686254525088, 22.125422591659003 ], [ -159.306898507195854, 22.123598017002486 ], [ -159.306598801178069, 22.1235928811947 ], [ -159.305200737561336, 22.123622083961262 ], [ -159.303981445719216, 22.122534960602923 ], [ -159.304788120420227, 22.121704535165094 ], [ -159.305995833089071, 22.122198423571312 ], [ -159.306574884425032, 22.123304857313958 ], [ -159.308198123166704, 22.123332661318347 ], [ -159.308925310370597, 22.123317465992546 ], [ -159.309492194029588, 22.123327169846174 ], [ -159.310096431020952, 22.122784079047936 ], [ -159.311138017481085, 22.121769804199534 ], [ -159.313186618851319, 22.121374768582239 ], [ -159.313869697411548, 22.121681905973972 ], [ -159.314430297218451, 22.122223301141009 ], [ -159.314886388650052, 22.12236023666641 ], [ -159.315045236818747, 22.122704060979139 ], [ -159.315555611304859, 22.122468802583722 ], [ -159.314886388650052, 22.12236023666641 ], [ -159.314750815780883, 22.121943870416754 ], [ -159.314437786392944, 22.121693608571078 ], [ -159.314156401539293, 22.121109344541626 ], [ -159.313574733415436, 22.121154010310615 ], [ -159.311644266469585, 22.121013200077268 ], [ -159.309803136505337, 22.121974911769918 ], [ -159.309358641818363, 22.121942479501687 ], [ -159.308882127046587, 22.121979063454098 ], [ -159.308100323771413, 22.120355393151115 ], [ -159.306929580071284, 22.12026996456482 ], [ -159.306372133605407, 22.120875271164653 ], [ -159.305884140665597, 22.119375858738874 ], [ -159.305414557699407, 22.119000431617682 ], [ -159.305144058175102, 22.118438711446586 ], [ -159.304560217347984, 22.117468258988886 ], [ -159.30493151758688, 22.116560108961927 ], [ -159.306101574878227, 22.115289516457104 ], [ -159.308267106510982, 22.11671410154154 ], [ -159.309783787454023, 22.116824762148262 ], [ -159.310395828232913, 22.116777777722259 ], [ -159.312256486710055, 22.116944683555676 ], [ -159.31235677640089, 22.117274942239046 ], [ -159.312611335622847, 22.117036782633907 ], [ -159.312256486710055, 22.116944683555676 ], [ -159.311938156186386, 22.116601863889727 ], [ -159.310081853304212, 22.11517704706381 ], [ -159.30918481047911, 22.114655884281149 ], [ -159.309209175770889, 22.114366313376749 ], [ -159.308350138867326, 22.11401108502886 ], [ -159.308309878341248, 22.113555525843942 ], [ -159.308892225374279, 22.113086110686336 ], [ -159.308449152401693, 22.112519014731475 ], [ -159.307166233301245, 22.111988502610561 ], [ -159.307796295754656, 22.111616378345389 ], [ -159.30891128832323, 22.111926899952987 ], [ -159.309220347667718, 22.112259760106284 ], [ -159.310296780645871, 22.112177107821449 ], [ -159.310657656593406, 22.11246564897359 ], [ -159.310927571946479, 22.112756331015543 ], [ -159.311240575287513, 22.113006600164699 ], [ -159.311920140575154, 22.113738487069345 ], [ -159.313462289800384, 22.113850984116073 ], [ -159.31416700757913, 22.113556342083243 ], [ -159.313837422671611, 22.113292826949639 ], [ -159.313567500383243, 22.113002149816506 ], [ -159.31238189767771, 22.112753556248872 ], [ -159.311744766561844, 22.111198771917483 ], [ -159.310368027682216, 22.110629465193355 ], [ -159.310228811234794, 22.109055233141309 ], [ -159.311521960967781, 22.108689741334736 ], [ -159.312026490829311, 22.108141812581732 ], [ -159.312527651266976, 22.108000161603599 ], [ -159.312782405154564, 22.108824047578022 ], [ -159.313950229715743, 22.109460699357545 ], [ -159.314610833763084, 22.108688726934734 ], [ -159.314732877794029, 22.109222637284731 ], [ -159.314249439842882, 22.109992656579141 ], [ -159.314991336419524, 22.110077198531418 ], [ -159.315539677841741, 22.10943648763643 ], [ -159.316207705413461, 22.109800675151181 ], [ -159.316894340980042, 22.109719734429611 ], [ -159.317896487521239, 22.109833914908421 ], [ -159.317636435389261, 22.109194958389271 ], [ -159.317312799866102, 22.108954531692838 ], [ -159.317020968429176, 22.108010759620772 ], [ -159.315734606554969, 22.108162388595076 ], [ -159.314982933023799, 22.107603887939248 ], [ -159.314850884873181, 22.1063695176307 ], [ -159.316744630297137, 22.106498659591011 ], [ -159.317928231696413, 22.107331924983566 ], [ -159.317901466907955, 22.106225398813297 ], [ -159.319979139161887, 22.105950982510009 ], [ -159.318746868577136, 22.104852321418143 ], [ -159.317024826962353, 22.104335297635654 ], [ -159.316143207685116, 22.104056000129969 ], [ -159.316182885779881, 22.102710745248046 ], [ -159.317457450706172, 22.103941790862986 ], [ -159.318180294109226, 22.103237763226176 ], [ -159.319105983374101, 22.103253559184274 ], [ -159.320252072667216, 22.103800904868653 ], [ -159.321665685003751, 22.105800898512403 ], [ -159.321980981337163, 22.107873550930247 ], [ -159.32296604035372, 22.108751743883015 ], [ -159.319992156773594, 22.115404214723558 ], [ -159.319127731962965, 22.123302245100373 ], [ -159.318841554157729, 22.133603010119394 ], [ -159.316539294966731, 22.134212824771314 ], [ -159.315353677189279, 22.13496493419375 ], [ -159.314257005937208, 22.135637841089615 ], [ -159.313840598907348, 22.136441665113196 ], [ -159.314195432699108, 22.137401008349453 ], [ -159.314483647244799, 22.138807047461373 ], [ -159.313863052261155, 22.139298854558209 ], [ -159.311929949782581, 22.138686557725588 ], [ -159.310726510877686, 22.139858297077435 ], [ -159.309398064088839, 22.139835569299279 ], [ -159.309837671101604, 22.139036600816524 ], [ -159.309065648068554, 22.138689501241437 ], [ -159.307941078553796, 22.138906305279068 ] ] ] } },
{ "type": "Feature", "properties": { "ID": 24, "GRIDCODE": 2 }, "geometry": { "type": "Polygon", "coordinates": [ [ [ -159.325891425093459, 22.10119829045907 ], [ -159.326269808205012, 22.101348269675594 ], [ -159.326009361110266, 22.101813978005783 ], [ -159.325891425093459, 22.10119829045907 ] ] ] } },
{ "type": "Feature", "properties": { "ID": 25, "GRIDCODE": 2 }, "geometry": { "type": "Polygon", "coordinates": [ [ [ -159.324723099582172, 22.099032371608036 ], [ -159.326589837186873, 22.099158724636442 ], [ -159.326340889613078, 22.099466397648349 ], [ -159.324844879566513, 22.099190010213562 ], [ -159.324723099582172, 22.099032371608036 ] ] ] } },
{ "type": "Feature", "properties": { "ID": 26, "GRIDCODE": 2 }, "geometry": { "type": "Polygon", "coordinates": [ [ [ -159.322669992171967, 22.091447576332264 ], [ -159.323717429307095, 22.091581732236879 ], [ -159.324563933970893, 22.092399366221851 ], [ -159.324909696887204, 22.09139910420463 ], [ -159.326595977830635, 22.092662131399855 ], [ -159.327343766878698, 22.092998365373845 ], [ -159.326770517542883, 22.096709956556403 ], [ -159.326298325443645, 22.097568590189294 ], [ -159.324137996615235, 22.097531797695986 ], [ -159.323408175075798, 22.097547122583052 ], [ -159.322540110116677, 22.097001251427535 ], [ -159.321943490974803, 22.096732951993147 ], [ -159.323417417822156, 22.096461790410387 ], [ -159.323404173515712, 22.095915520293126 ], [ -159.323930722476973, 22.095442109237872 ], [ -159.322099642000239, 22.094892400971869 ], [ -159.320948443406223, 22.09544795942379 ], [ -159.319332480528573, 22.093241984742942 ], [ -159.322240202975479, 22.092941790417978 ], [ -159.322220848255881, 22.092141159289366 ], [ -159.322669992171967, 22.091447576332264 ] ] ] } },
{ "type": "Feature", "properties": { "ID": 27, "GRIDCODE": 2 }, "geometry": { "type": "Polygon", "coordinates": [ [ [ -159.327321879902541, 22.090896266271461 ], [ -159.327515212516801, 22.090986928468379 ], [ -159.327711438099101, 22.091346498020844 ], [ -159.328293713781704, 22.091619553173324 ], [ -159.327477952518734, 22.092071126351847 ], [ -159.327016975169272, 22.091471013885293 ], [ -159.327321879902541, 22.090896266271461 ] ] ] } },
{ "type": "Feature", "properties": { "ID": 28, "GRIDCODE": 2 }, "geometry": { "type": "Polygon", "coordinates": [ [ [ -159.329062402280073, 22.0889955561621 ], [ -159.329417191475272, 22.089087628038509 ], [ -159.329162710291541, 22.089325805425073 ], [ -159.329062402280073, 22.0889955561621 ] ] ] } },
{ "type": "Feature", "properties": { "ID": 29, "GRIDCODE": 2 }, "geometry": { "type": "Polygon", "coordinates": [ [ [ -159.329634597306864, 22.084928939675514 ], [ -159.330584046067969, 22.085412129201671 ], [ -159.330804692743442, 22.086441282855965 ], [ -159.330216902286509, 22.087209162320764 ], [ -159.329227940551448, 22.085856994610232 ], [ -159.329634597306864, 22.084928939675514 ] ] ] } },
{ "type": "Feature", "properties": { "ID": 30, "GRIDCODE": 2 }, "geometry": { "type": "Polygon", "coordinates": [ [ [ -159.345469026012552, 22.019035534521468 ], [ -159.346662277606811, 22.019168961492564 ], [ -159.346178237856492, 22.021862429874105 ], [ -159.344764029367468, 22.020256187050393 ], [ -159.345015224646147, 22.019425587330861 ], [ -159.345342795250701, 22.019188769339021 ], [ -159.345469026012552, 22.019035534521468 ] ] ] } },
{ "type": "Feature", "properties": { "ID": 31, "GRIDCODE": 2 }, "geometry": { "type": "Polygon", "coordinates": [ [ [ -159.354368761390873, 21.974296024332247 ], [ -159.354746346607271, 21.974620850082051 ], [ -159.352145014782053, 21.9839173557862 ], [ -159.350480707626275, 21.981484524851364 ], [ -159.350369041380532, 21.978999766488016 ], [ -159.352063495199843, 21.975630911179884 ], [ -159.354229353316839, 21.974437003565725 ], [ -159.354368761390873, 21.974296024332247 ] ] ] } },
{ "type": "Feature", "properties": { "ID": 32, "GRIDCODE": 2 }, "geometry": { "type": "Polygon", "coordinates": [ [ [ -159.367088172661141, 21.948519818575416 ], [ -159.36758485373332, 21.948917088158769 ], [ -159.368680026092733, 21.950350701113418 ], [ -159.366907272331929, 21.951355995476117 ], [ -159.366938013039885, 21.950813857591566 ], [ -159.368084728274795, 21.950333441898639 ], [ -159.367224421404757, 21.949207191849244 ], [ -159.367088172661141, 21.948519818575416 ] ] ] } },
{ "type": "Feature", "properties": { "ID": 33, "GRIDCODE": 2 }, "geometry": { "type": "Polygon", "coordinates": [ [ [ -159.365912884263849, 21.943372778712231 ], [ -159.366581299977497, 21.943481132361399 ], [ -159.366071648900515, 21.943716545484577 ], [ -159.365912884263849, 21.943372778712231 ] ] ] } },
{ "type": "Feature", "properties": { "ID": 34, "GRIDCODE": 2 }, "geometry": { "type": "Polygon", "coordinates": [ [ [ -159.380669440162762, 21.920843361433452 ], [ -159.381108408538125, 21.920975149542851 ], [ -159.381975469339324, 21.921520634720078 ], [ -159.382924247070008, 21.922097885426556 ], [ -159.385743671814907, 21.922037599513338 ], [ -159.386044087659798, 21.922252412585006 ], [ -159.383115637087798, 21.924053677092193 ], [ -159.371792438035698, 21.928008949608532 ], [ -159.366613966416026, 21.932397009475824 ], [ -159.365132163025464, 21.933498509319733 ], [ -159.361668677239237, 21.934294357686497 ], [ -159.358625079371706, 21.935029234227738 ], [ -159.356982606837022, 21.937378495362136 ], [ -159.357047323172452, 21.940034844213372 ], [ -159.357688615335519, 21.941189617331315 ], [ -159.359419557266875, 21.942733904105648 ], [ -159.361241998392387, 21.943281209254227 ], [ -159.365655014128464, 21.943187413187463 ], [ -159.363772427635865, 21.943761981903226 ], [ -159.362623386624051, 21.944317410077748 ], [ -159.361156872476698, 21.944764942270631 ], [ -159.360827548993541, 21.945719548543838 ], [ -159.359631199225333, 21.946229799131178 ], [ -159.357279741588343, 21.945484652521351 ], [ -159.353877519021665, 21.946866643659149 ], [ -159.349589304579439, 21.946504274130021 ], [ -159.349215956661141, 21.945439157341706 ], [ -159.348827541478869, 21.944388298191377 ], [ -159.350376659119462, 21.943683096969551 ], [ -159.351352249183407, 21.942287922228218 ], [ -159.352986193661479, 21.9419125747532 ], [ -159.35238510901263, 21.940539134908015 ], [ -159.351221057642533, 21.940015337571172 ], [ -159.35181467407628, 21.93893419475717 ], [ -159.351937034067276, 21.938391862122728 ], [ -159.34984048006811, 21.939724285249358 ], [ -159.347526466435028, 21.938854317493195 ], [ -159.346871995423953, 21.937286592461639 ], [ -159.347807430539348, 21.936444280120767 ], [ -159.349253703283011, 21.936786856750583 ], [ -159.350353896879028, 21.936763539441362 ], [ -159.352261417376099, 21.93679579059269 ], [ -159.354730946146191, 21.936199674570524 ], [ -159.355591162934161, 21.934535540738949 ], [ -159.355571890715595, 21.933743915494283 ], [ -159.354693198785782, 21.932959903396291 ], [ -159.354710937006871, 21.932047270897481 ], [ -159.356188114383798, 21.931596498223914 ], [ -159.356732178627141, 21.931605707473828 ], [ -159.357313139377197, 21.931593362327398 ], [ -159.359111367030295, 21.931623687875781 ], [ -159.359938055396469, 21.932422711666923 ], [ -159.360801132451599, 21.932404376459619 ], [ -159.361094408215848, 21.932409324025446 ], [ -159.361378531862499, 21.932132139145686 ], [ -159.363702992313932, 21.931598011604546 ], [ -159.363993124087301, 21.931036638740089 ], [ -159.365442892732403, 21.931061049089234 ], [ -159.366022293975306, 21.930495654805995 ], [ -159.367887452222959, 21.929199210963681 ], [ -159.368374520498207, 21.928256709489535 ], [ -159.36832648830466, 21.926292174617263 ], [ -159.368341379759784, 21.92551976312846 ], [ -159.369529389217462, 21.925896190127482 ], [ -159.370539715340783, 21.925874661051864 ], [ -159.371958374104452, 21.924972727399393 ], [ -159.372395552221747, 21.923705362295646 ], [ -159.372857956591588, 21.923713115318158 ], [ -159.37455433699489, 21.924780399390752 ], [ -159.379043520867867, 21.924157803147203 ], [ -159.379457755175878, 21.922151643611837 ], [ -159.380497062379561, 21.921678206225661 ], [ -159.380669440162762, 21.920843361433452 ] ] ] } },
{ "type": "Feature", "properties": { "ID": 35, "GRIDCODE": 2 }, "geometry": { "type": "Polygon", "coordinates": [ [ [ -159.394021427706434, 21.917288461987653 ], [ -159.393922915080566, 21.917619154296929 ], [ -159.393667537941695, 21.917382080565954 ], [ -159.394021427706434, 21.917288461987653 ] ] ] } },
{ "type": "Feature", "properties": { "ID": 36, "GRIDCODE": 2 }, "geometry": { "type": "Polygon", "coordinates": [ [ [ -159.394021427706434, 21.917288461987653 ], [ -159.394119939889464, 21.9169577696129 ], [ -159.394375316996587, 21.917194842653831 ], [ -159.394021427706434, 21.917288461987653 ] ] ] } },
{ "type": "Feature", "properties": { "ID": 37, "GRIDCODE": 2 }, "geometry": { "type": "Polygon", "coordinates": [ [ [ -159.394889830464081, 21.916202239216794 ], [ -159.394791320556322, 21.916532932048657 ], [ -159.394535943970624, 21.916295859627219 ], [ -159.394889830464081, 21.916202239216794 ] ] ] } },
{ "type": "Feature", "properties": { "ID": 38, "GRIDCODE": 2 }, "geometry": { "type": "Polygon", "coordinates": [ [ [ -159.613320099876773, 21.917159062851184 ], [ -159.612966364439245, 21.917253150393826 ], [ -159.613222096648457, 21.917489876528862 ], [ -159.613320099876773, 21.917159062851184 ], [ -159.613896908360147, 21.91699466469392 ], [ -159.615433518752809, 21.916187119500073 ], [ -159.616103702555108, 21.916234833160686 ], [ -159.616812611488172, 21.915460744790266 ], [ -159.61878283767939, 21.915955932531581 ], [ -159.619260735456436, 21.916469326194306 ], [ -159.620098264721463, 21.917137157997093 ], [ -159.620428413932189, 21.917820067462007 ], [ -159.621325305628119, 21.918339549461688 ], [ -159.621302339850274, 21.918619762592666 ], [ -159.621351422751985, 21.919161633457254 ], [ -159.621269065034113, 21.920168870888798 ], [ -159.622179296739603, 21.919690469426765 ], [ -159.622780680285132, 21.91943734696298 ], [ -159.623341459829419, 21.919142623602845 ], [ -159.623835242355312, 21.919177740035789 ], [ -159.625585708171172, 21.919770019890056 ], [ -159.625977795067087, 21.922480031166756 ], [ -159.626780132519457, 21.923809021405869 ], [ -159.625079416990985, 21.924293862493677 ], [ -159.626590618490354, 21.925099209740491 ], [ -159.626143106982738, 21.925854842499927 ], [ -159.62540393337315, 21.926453936227524 ], [ -159.62513847183601, 21.927245465231955 ], [ -159.627146765240354, 21.92644729862937 ], [ -159.627911557714668, 21.926193533931446 ], [ -159.628464277792517, 21.928421047917329 ], [ -159.627793959245707, 21.929552879062982 ], [ -159.629813023664155, 21.929393730181925 ], [ -159.630398816601542, 21.930022901156999 ], [ -159.63026161124057, 21.931702989839113 ], [ -159.630703760686174, 21.932435271547138 ], [ -159.630080116091307, 21.932940744136332 ], [ -159.629634113004158, 21.933427767842147 ], [ -159.627002197450651, 21.93437113779423 ], [ -159.626045643934617, 21.935415585598264 ], [ -159.623272668524663, 21.935690136304284 ], [ -159.621230153880788, 21.93689032961657 ], [ -159.620580389906451, 21.937599731835952 ], [ -159.61805745524029, 21.937879206510466 ], [ -159.616788022720101, 21.939265117465631 ], [ -159.615054235006369, 21.940670060385099 ], [ -159.616720107844486, 21.940538891133848 ], [ -159.618696318619044, 21.939500454195969 ], [ -159.620542783105464, 21.93923083622251 ], [ -159.622036805396078, 21.938843295608077 ], [ -159.624133599564743, 21.937741378308253 ], [ -159.626376664246948, 21.937900947785209 ], [ -159.628568439204003, 21.936749052347587 ], [ -159.632062699019855, 21.93636173401115 ], [ -159.632590880651577, 21.936928885704212 ], [ -159.63242947030804, 21.938904411649606 ], [ -159.63250045332498, 21.939687940010948 ], [ -159.631860127215674, 21.941335754015931 ], [ -159.63172749650073, 21.941752895105342 ], [ -159.631373713883619, 21.941847023118036 ], [ -159.631629520811032, 21.942083718166909 ], [ -159.63172749650073, 21.941752895105342 ], [ -159.632612928128481, 21.940952685856868 ], [ -159.633877836838451, 21.939714229320888 ], [ -159.63514380110243, 21.939325530654084 ], [ -159.636744457878251, 21.940086993356303 ], [ -159.638205265773649, 21.942866663505043 ], [ -159.639113252104579, 21.94410518608672 ], [ -159.637696190701035, 21.945385991972383 ], [ -159.637272809017588, 21.94620885312824 ], [ -159.63682015322658, 21.947037020901263 ], [ -159.63437316111677, 21.948156233260754 ], [ -159.630136051848751, 21.952304405410157 ], [ -159.628709164489578, 21.952742416579863 ], [ -159.629469533027731, 21.953418295833096 ], [ -159.631401472789491, 21.95279309863438 ], [ -159.632909657945987, 21.951830927270766 ], [ -159.636836247786164, 21.95015727116624 ], [ -159.639173960877685, 21.949722100912545 ], [ -159.640394073977035, 21.94885090563546 ], [ -159.641488858691133, 21.948947707485814 ], [ -159.64091730532067, 21.95106501566249 ], [ -159.640526081109471, 21.952589741150256 ], [ -159.639274711801278, 21.953362104228944 ], [ -159.637805004753744, 21.955803944055869 ], [ -159.636872947215863, 21.956230244999716 ], [ -159.636597912295201, 21.958404947404226 ], [ -159.63605695436263, 21.958893811910887 ], [ -159.637490927284802, 21.95920913671111 ], [ -159.637458829391335, 21.957992356148498 ], [ -159.637469854300065, 21.957362984554997 ], [ -159.639206677939399, 21.957039684723007 ], [ -159.640122079296816, 21.956743423546822 ], [ -159.642881316120281, 21.95404187294934 ], [ -159.643829838301059, 21.952679785195159 ], [ -159.645570257876102, 21.950781198075472 ], [ -159.646141783597642, 21.949960447053336 ], [ -159.646851364166423, 21.948974953510774 ], [ -159.647854051590144, 21.949940305205704 ], [ -159.648764725536552, 21.950492163059387 ], [ -159.649872242543722, 21.951186161046596 ], [ -159.650225089665497, 21.95347310133111 ], [ -159.650766019681328, 21.954442510411077 ], [ -159.650236019256624, 21.955907162831814 ], [ -159.650243292176441, 21.956180575013082 ], [ -159.650238183850433, 21.956476566540545 ], [ -159.649083883573468, 21.958079628415724 ], [ -159.648709470558885, 21.958807438207643 ], [ -159.648231185442796, 21.960969162447128 ], [ -159.650833263435345, 21.95942783454818 ], [ -159.651748038219779, 21.958887581596048 ], [ -159.652886911020289, 21.959983967704009 ], [ -159.652873167910684, 21.960779796050183 ], [ -159.65305241923042, 21.961587230489354 ], [ -159.655197537114589, 21.960765610200937 ], [ -159.656068059311707, 21.960523002748719 ], [ -159.655457760058738, 21.961639813366723 ], [ -159.655506491748071, 21.963479908503388 ], [ -159.654590530848026, 21.964615966571685 ], [ -159.65018353481878, 21.967336169997576 ], [ -159.647769638107178, 21.968077383750654 ], [ -159.645992354853917, 21.970333663078534 ], [ -159.644258391527558, 21.971543169010122 ], [ -159.642435332002606, 21.973327975634522 ], [ -159.642491020544128, 21.975441058723312 ], [ -159.642128544942011, 21.976442677589858 ], [ -159.641323377086138, 21.976810892674642 ], [ -159.640462242248816, 21.977228931978146 ], [ -159.63871185207168, 21.977634152243567 ], [ -159.636873397086845, 21.979085817535406 ], [ -159.636277325397543, 21.981408388881221 ], [ -159.636720170386155, 21.983383036709888 ], [ -159.636704744254473, 21.984266791023927 ], [ -159.634677115385358, 21.985400053315615 ], [ -159.632821428572527, 21.987861188804136 ], [ -159.63211638579574, 21.99060792332298 ], [ -159.631816407044397, 21.994051319138677 ], [ -159.632215118759291, 21.995004938586831 ], [ -159.632992123388959, 21.99388970303308 ], [ -159.633691147091668, 21.990475135976247 ], [ -159.634484545411283, 21.988283784690243 ], [ -159.637303532603141, 21.986317867555211 ], [ -159.638602463746253, 21.985390663057192 ], [ -159.639897113663778, 21.982752551670419 ], [ -159.639311230251906, 21.981702626708216 ], [ -159.639021467422594, 21.980587446057871 ], [ -159.642438401999271, 21.979024808503091 ], [ -159.644153319853586, 21.977800474522898 ], [ -159.645639629810262, 21.974912112158911 ], [ -159.646259152568888, 21.974628756769302 ], [ -159.646926057769434, 21.973671222026656 ], [ -159.648452471950691, 21.97260644069393 ], [ -159.651418309763613, 21.971249812134236 ], [ -159.653254055700586, 21.968919234011089 ], [ -159.653163766157547, 21.97413471104894 ], [ -159.653823604076734, 21.976494174192407 ], [ -159.653526997373604, 21.9770368595407 ], [ -159.654119374004864, 21.977844498011009 ], [ -159.654428717042208, 21.979848591244664 ], [ -159.655584692107027, 21.980548900412721 ], [ -159.65704033243631, 21.981569926272673 ], [ -159.658930810198342, 21.983389397371841 ], [ -159.659674886697616, 21.984050404857346 ], [ -159.660682009416064, 21.985019669150446 ], [ -159.661118828870883, 21.984591969327461 ], [ -159.661517819714192, 21.984597954140028 ], [ -159.662100531133547, 21.987847631843486 ], [ -159.664153823773091, 21.990646478268218 ], [ -159.663765527664765, 21.991356990297639 ], [ -159.663440966412168, 21.992622426281962 ], [ -159.66359217372613, 21.992983836333114 ], [ -159.664349254867915, 21.991896675715797 ], [ -159.664656343039809, 21.991619114297496 ], [ -159.665222734131305, 21.991627587440192 ], [ -159.666364289232092, 21.991601234905037 ], [ -159.667256798131092, 21.992209048833669 ], [ -159.66580985693534, 21.993516898398344 ], [ -159.665240535948726, 21.994821741130426 ], [ -159.666701424580452, 21.996494540267292 ], [ -159.666992023060629, 21.997317463828033 ], [ -159.667574156415498, 21.997304012394192 ], [ -159.667989786553846, 21.997310227278277 ], [ -159.668453274571533, 21.999474097147697 ], [ -159.669004597325056, 22.001444330201178 ], [ -159.667888512394256, 22.002994279785224 ], [ -159.667318460716785, 22.004146432721761 ], [ -159.667964528463074, 22.004620111582422 ], [ -159.669749579782376, 22.002872301700275 ], [ -159.670562014927299, 22.000926475339043 ], [ -159.670452371518337, 21.996801356384026 ], [ -159.669288320880753, 21.995383649164001 ], [ -159.66791507125572, 21.995415382973153 ], [ -159.669014907159266, 21.994051331956836 ], [ -159.669306775725317, 21.993199899961358 ], [ -159.669291531388353, 21.992627262118933 ], [ -159.668409992813423, 21.990259148591942 ], [ -159.668414730352083, 21.989983093069522 ], [ -159.667590504399811, 21.989250975375306 ], [ -159.666049187326337, 21.988907177976294 ], [ -159.66500291114545, 21.987900358260124 ], [ -159.664612017234731, 21.985369162144529 ], [ -159.663712627640649, 21.98375808680813 ], [ -159.66373109512179, 21.982687065383328 ], [ -159.663723098698966, 21.982386264576338 ], [ -159.662496126405017, 21.981296272825912 ], [ -159.661370358015745, 21.980792476973786 ], [ -159.660670858190883, 21.980119254692177 ], [ -159.659943039860309, 21.979472659987405 ], [ -159.659557875721561, 21.978740221620033 ], [ -159.658470495467412, 21.976200951083605 ], [ -159.657312413122753, 21.974436916876677 ], [ -159.657000061705958, 21.972386026394208 ], [ -159.657675955080236, 21.971149233171108 ], [ -159.657126863327761, 21.969185772105497 ], [ -159.658727341317416, 21.968887672564595 ], [ -159.659591916985732, 21.968607750741295 ], [ -159.660773573446903, 21.968334009132306 ], [ -159.66144525118807, 21.967676272434808 ], [ -159.66190380518205, 21.965888196992275 ], [ -159.662522535347705, 21.964447502331371 ], [ -159.66331833159083, 21.962125788030416 ], [ -159.663647718130505, 21.96152292183951 ], [ -159.665499265383261, 21.961550664007223 ], [ -159.665961423370931, 21.96370901724752 ], [ -159.666783008988176, 21.96407670497986 ], [ -159.667131908597781, 21.96506499854496 ], [ -159.668845960664072, 21.96502538852803 ], [ -159.672594119697862, 21.967461822899146 ], [ -159.674414770089754, 21.968276509905479 ], [ -159.674700813130471, 21.968551784968227 ], [ -159.675870105131395, 21.968812574466682 ], [ -159.679712890601508, 21.970248040246783 ], [ -159.680267328102133, 21.971302066477389 ], [ -159.681750390945723, 21.970940989472542 ], [ -159.682883610701452, 21.970957850534933 ], [ -159.684014108741366, 21.971495126144795 ], [ -159.686049107862999, 21.971209076822976 ], [ -159.688011114856977, 21.971669335138838 ], [ -159.688385386605262, 21.972029456570191 ], [ -159.688376371701509, 21.972558159444944 ], [ -159.688415844673244, 21.973638879736406 ], [ -159.690370014002269, 21.972689501117394 ], [ -159.694527596154842, 21.973112228661066 ], [ -159.694491346447592, 21.975242142672595 ], [ -159.694502226403955, 21.975648631757426 ], [ -159.694483415799539, 21.97675490494451 ], [ -159.694572883687698, 21.978762388448466 ], [ -159.697608509061524, 21.975255391938507 ], [ -159.698407935397171, 21.974957215057614 ], [ -159.703794071760228, 21.976018401791755 ], [ -159.704087024312201, 21.97601157082147 ], [ -159.704952744450765, 21.976024330849246 ], [ -159.706995373565206, 21.977125723651138 ], [ -159.706421963048541, 21.97871213106276 ], [ -159.706443838100284, 21.979527239190094 ], [ -159.705271823119915, 21.981155968358248 ], [ -159.704991377939763, 21.982031182057433 ], [ -159.706727930092455, 21.981691650506111 ], [ -159.707303148620866, 21.981700123117129 ], [ -159.708023442762624, 21.981350100202473 ], [ -159.709765454269814, 21.979643258451937 ], [ -159.710219961188102, 21.979232177793406 ], [ -159.711039974599828, 21.979244226314435 ], [ -159.710215698932757, 21.981947715481738 ], [ -159.709989393021317, 21.983303807345003 ], [ -159.713408012061365, 21.98112080179753 ], [ -159.714154694437838, 21.980851957588438 ], [ -159.715444800327219, 21.981659405592129 ], [ -159.71689182476004, 21.981981728520747 ], [ -159.716226597705372, 21.983822469707313 ], [ -159.714596101247992, 21.986265056463694 ], [ -159.714317014593121, 21.987402004250942 ], [ -159.716378446562373, 21.987064825914697 ], [ -159.71915942550433, 21.985077527863904 ], [ -159.71953202748179, 21.9854358455751 ], [ -159.721104629784207, 21.985904173432754 ], [ -159.723755214901274, 21.987761601133652 ], [ -159.724877671119799, 21.989341950864286 ], [ -159.724450158779291, 21.991336586093585 ], [ -159.722153610067068, 21.992755316302691 ], [ -159.721542291219606, 21.993354340037143 ], [ -159.720329933051971, 21.995713060855653 ], [ -159.721062525721237, 21.997374894589637 ], [ -159.721044551531861, 21.998444006758607 ], [ -159.722001255323477, 21.997979058130767 ], [ -159.723741739780849, 21.996735298381861 ], [ -159.724985702340689, 21.995516345215574 ], [ -159.726268219990317, 21.994620902871258 ], [ -159.727815142792849, 21.993515371040548 ], [ -159.728692887804442, 21.993528181554726 ], [ -159.729523440438186, 21.994697404869932 ], [ -159.732618758053377, 21.997132675041062 ], [ -159.733889298158147, 21.998715157561122 ], [ -159.734467211799739, 21.999812550953504 ], [ -159.734141025150478, 22.001649175551506 ], [ -159.736447545478825, 22.001594931831399 ], [ -159.738330769604545, 22.002488967392296 ], [ -159.739973216462545, 22.005040925150645 ], [ -159.741150960782193, 22.006473813972722 ], [ -159.742785113813198, 22.008599976056143 ], [ -159.743254171307996, 22.010783926643079 ], [ -159.746039937733343, 22.014172901350193 ], [ -159.747710928233005, 22.016655034085289 ], [ -159.748472048468614, 22.018099838322602 ], [ -159.748920983336944, 22.018902707973549 ], [ -159.749363949289716, 22.019743533663927 ], [ -159.749355318137162, 22.020261246361063 ], [ -159.749366975542017, 22.020689971041758 ], [ -159.750241721943127, 22.021880595127289 ], [ -159.750529445654678, 22.022426742240562 ], [ -159.750828752217075, 22.02296198432478 ], [ -159.751289699172816, 22.023836929701886 ], [ -159.751853113512595, 22.025946638763134 ], [ -159.752457481483475, 22.028101166836304 ], [ -159.753041892209438, 22.030289396149506 ], [ -159.753788571738824, 22.034102691794537 ], [ -159.753214393548831, 22.035692193304055 ], [ -159.753679749286931, 22.036524249535852 ], [ -159.755536619447838, 22.037647078622385 ], [ -159.755857831722835, 22.040586986210084 ], [ -159.755279667725517, 22.041646169918742 ], [ -159.756066887783817, 22.041997752817647 ], [ -159.756456368881032, 22.043809978505585 ], [ -159.756907596079515, 22.04501933789399 ], [ -159.757454698847965, 22.046564924337684 ], [ -159.757363518210155, 22.052069131291184 ], [ -159.757440952890192, 22.054914463504439 ], [ -159.757399192332514, 22.057435617626666 ], [ -159.756755975096866, 22.061059141257829 ], [ -159.756262062592526, 22.061963885876121 ], [ -159.756284252430106, 22.062779334825095 ], [ -159.756270089805298, 22.063633113220373 ], [ -159.75481720942625, 22.064947238499407 ], [ -159.755416857902816, 22.065763082582475 ], [ -159.755000559316898, 22.067706443879192 ], [ -159.754270126186782, 22.07010340101041 ], [ -159.753411219402636, 22.072996417333602 ], [ -159.752280850330663, 22.077706482604047 ], [ -159.751703493538088, 22.079600834790714 ], [ -159.751424301379842, 22.080691613734924 ], [ -159.751065937695898, 22.08202214579817 ], [ -159.750268220211183, 22.083130654220923 ], [ -159.749221316641496, 22.085796616847798 ], [ -159.747860218275292, 22.087027455820415 ], [ -159.748264047902751, 22.08774930272563 ], [ -159.747918924907111, 22.088704289704204 ], [ -159.747106668396981, 22.090191586034884 ], [ -159.746828848097181, 22.09155336817064 ], [ -159.74641183686677, 22.09270719599818 ], [ -159.745377529188829, 22.09318067139499 ], [ -159.744803192043662, 22.093459732530032 ], [ -159.744217045876269, 22.093728043799882 ], [ -159.744224479955989, 22.094001690567787 ], [ -159.744219915195032, 22.094275342335585 ], [ -159.744518043925893, 22.094539675595225 ], [ -159.74480473040046, 22.094862534929479 ], [ -159.744205579013538, 22.097086352584139 ], [ -159.743662245557346, 22.099749109396097 ], [ -159.743675526733568, 22.100237587977276 ], [ -159.743661262190727, 22.101092488593601 ], [ -159.742342982930751, 22.102923994916623 ], [ -159.741797095222239, 22.103091807171261 ], [ -159.741637281148314, 22.102748418152494 ], [ -159.741127715817299, 22.102984992077758 ], [ -159.741797095222239, 22.103091807171261 ], [ -159.742256489758262, 22.103770291019497 ], [ -159.74146541055083, 22.104411701261384 ], [ -159.740441424312735, 22.106589726338761 ], [ -159.73989805155702, 22.108869673453412 ], [ -159.738753986264896, 22.109196303593063 ], [ -159.739230066630938, 22.109982388967371 ], [ -159.738053922604422, 22.112483880086554 ], [ -159.737626516370341, 22.114353254712309 ], [ -159.737714193414575, 22.115311748517165 ], [ -159.737299008862891, 22.118837216122458 ], [ -159.736262190705588, 22.119382364692811 ], [ -159.735059953953851, 22.119799897258304 ], [ -159.733797667186906, 22.120073068054374 ], [ -159.735620107319761, 22.120820966653625 ], [ -159.735673483079239, 22.121404378572159 ], [ -159.73528620778086, 22.12171830351382 ], [ -159.733967976985753, 22.12394494702222 ], [ -159.733202717068338, 22.125851541252207 ], [ -159.732419330622463, 22.12717463544649 ], [ -159.731895082335086, 22.130913144597447 ], [ -159.732022967928032, 22.132311787622342 ], [ -159.731084805592957, 22.136246627461862 ], [ -159.730315027786901, 22.138164252900165 ], [ -159.72950615072034, 22.1385894485311 ], [ -159.727730263108384, 22.137990865353274 ], [ -159.727861444718428, 22.138261297008818 ], [ -159.729612080167101, 22.139271975144894 ], [ -159.729265385460792, 22.140065103714033 ], [ -159.728045691155558, 22.14057868143205 ], [ -159.727584365193962, 22.140952535044473 ], [ -159.726588323937506, 22.142257982167607 ], [ -159.725666712091936, 22.14300485672134 ], [ -159.725271014233414, 22.143673000432077 ], [ -159.724825401135547, 22.144615383880758 ], [ -159.723828935113943, 22.146118554204364 ], [ -159.722587474183626, 22.148226305569409 ], [ -159.720004449960868, 22.146740228433565 ], [ -159.719332703585223, 22.146555048122018 ], [ -159.719231448858949, 22.146225060494906 ], [ -159.718977536760121, 22.146463840453642 ], [ -159.719332703585223, 22.146555048122018 ], [ -159.719761741755747, 22.147240779790035 ], [ -159.72015122668958, 22.147550372858909 ], [ -159.721517061606875, 22.149159288576385 ], [ -159.721249035684338, 22.149402344266704 ], [ -159.717427187695847, 22.150038777894913 ], [ -159.715130236249649, 22.151848270765587 ], [ -159.712575016956777, 22.153993091139832 ], [ -159.708310417566679, 22.154736948783565 ], [ -159.706919624730858, 22.156318103999517 ], [ -159.707083363365314, 22.158111657434585 ], [ -159.70658999338221, 22.158150741489912 ], [ -159.706144004605562, 22.158119300711363 ], [ -159.705669925287026, 22.158636697016767 ], [ -159.705087156779399, 22.157435165515341 ], [ -159.702967708885922, 22.156904654829557 ], [ -159.701365872015998, 22.157361432978629 ], [ -159.700032838067642, 22.158147162221994 ], [ -159.699184457647647, 22.158713000546737 ], [ -159.696893645783291, 22.159956370341572 ], [ -159.696558134643993, 22.162433325947578 ], [ -159.69500277093141, 22.162556415863552 ], [ -159.694541256012599, 22.161151834917785 ], [ -159.694224578993385, 22.160628773806817 ], [ -159.694268457541426, 22.160089091345871 ], [ -159.693762653717272, 22.160470302905512 ], [ -159.693355801541401, 22.161156880034749 ], [ -159.69272153544577, 22.16249730246134 ], [ -159.691337044661168, 22.162606836515707 ], [ -159.69016418366266, 22.162524060401491 ], [ -159.689034642033619, 22.163277262209025 ], [ -159.688125432965279, 22.162554288973755 ], [ -159.687680857423572, 22.161201076581445 ], [ -159.687516543269993, 22.161490685128708 ], [ -159.687582911338609, 22.162218781658151 ], [ -159.686534778108665, 22.162301671603796 ], [ -159.685651520375529, 22.16223930449571 ], [ -159.685105421681811, 22.163393259735578 ], [ -159.684639274135634, 22.163360339818968 ], [ -159.684060411326072, 22.163991912987129 ], [ -159.682895500139722, 22.163909638615966 ], [ -159.682607477189947, 22.164518211305893 ], [ -159.681734972201951, 22.164456580498797 ], [ -159.681193579289044, 22.165047253367717 ], [ -159.679984567873305, 22.164961842553833 ], [ -159.680037062928079, 22.165538032695675 ], [ -159.678649504765644, 22.165897970560099 ], [ -159.676824466932885, 22.165769014654021 ], [ -159.676426002411034, 22.166610833887002 ], [ -159.675353933284384, 22.166695538530551 ], [ -159.674771805597885, 22.166654403199125 ], [ -159.674124196217605, 22.166705565902383 ], [ -159.672848411897093, 22.165338575796536 ], [ -159.672291612654647, 22.165184934806788 ], [ -159.672663778535082, 22.164820898097933 ], [ -159.676930446093365, 22.162101097957521 ], [ -159.685322805490728, 22.157201003042918 ], [ -159.691801551728759, 22.154299321348535 ], [ -159.695652698659558, 22.153294960641603 ], [ -159.700769395653481, 22.152644336215342 ], [ -159.703988469555043, 22.151172366808659 ], [ -159.706025195676233, 22.149332444092501 ], [ -159.706888780056062, 22.147752845683495 ], [ -159.709649530955602, 22.141073882757915 ], [ -159.712181376000387, 22.133567436284281 ], [ -159.715275417905644, 22.121503342301324 ], [ -159.719471751981018, 22.09910735650595 ], [ -159.720083429342282, 22.094473794626822 ], [ -159.719735024067433, 22.084226543760902 ], [ -159.717669704158681, 22.073684669893463 ], [ -159.713147735046931, 22.060014895346782 ], [ -159.705629667928946, 22.046658077575618 ], [ -159.700994254441184, 22.039454117045679 ], [ -159.697995886891391, 22.0370176422071 ], [ -159.689758824045271, 22.032642746245674 ], [ -159.685089523118108, 22.028604917808995 ], [ -159.679749330412619, 22.02654463672431 ], [ -159.67617596054103, 22.026133799500073 ], [ -159.67019629806407, 22.027519006092881 ], [ -159.66627098335195, 22.029091544340691 ], [ -159.658906410911726, 22.034584020945029 ], [ -159.652300890833459, 22.041066363449197 ], [ -159.649953285772568, 22.044578550955375 ], [ -159.648857367423915, 22.04940743280471 ], [ -159.64834263748466, 22.05534168447214 ], [ -159.650053948450989, 22.062692733526045 ], [ -159.651389603077433, 22.06647427300717 ], [ -159.655548532544458, 22.074654949244245 ], [ -159.659219553097614, 22.082210451500892 ], [ -159.662959311179009, 22.090116048905639 ], [ -159.665576605314158, 22.094435013525317 ], [ -159.666250296526812, 22.09684093495984 ], [ -159.66544867570579, 22.098398069997984 ], [ -159.663468738375599, 22.098443785777395 ], [ -159.661412909434716, 22.097524587614661 ], [ -159.658469643181206, 22.0954619816352 ], [ -159.655626717031339, 22.095021835453071 ], [ -159.653667880040985, 22.095917166289439 ], [ -159.649072777009792, 22.099820872810128 ], [ -159.64749524915419, 22.09985713784048 ], [ -159.646126080115522, 22.099449077578743 ], [ -159.643936041786844, 22.097504792900633 ], [ -159.643317246564578, 22.095293501550632 ], [ -159.643887883594147, 22.092491861717285 ], [ -159.645319298724928, 22.089162645621776 ], [ -159.644910931698917, 22.086304848796519 ], [ -159.642545022074387, 22.086269170179797 ], [ -159.637127600741366, 22.088478860856259 ], [ -159.632869234935072, 22.088576406726251 ], [ -159.632008919088122, 22.087404053623082 ], [ -159.631348009052289, 22.085041332210778 ], [ -159.63166976596176, 22.080763678971863 ], [ -159.632186591983753, 22.078751427468102 ], [ -159.634491970755391, 22.074067592908431 ], [ -159.634070910873561, 22.071820948728583 ], [ -159.628619893517055, 22.070195436981038 ], [ -159.624929668206306, 22.068544149941136 ], [ -159.623712749193544, 22.06706183865607 ], [ -159.623595768478566, 22.062612913903379 ], [ -159.624459022836447, 22.059252415630127 ], [ -159.625320233216996, 22.056743533326216 ], [ -159.62648488245614, 22.054482177098862 ], [ -159.6282738904562, 22.052732028965401 ], [ -159.633051798182777, 22.048417112753178 ], [ -159.633981345539183, 22.046717700309042 ], [ -159.635195082549075, 22.04389451052748 ], [ -159.636358684970475, 22.039885149705285 ], [ -159.636383089786904, 22.03848586883322 ], [ -159.635963486461549, 22.035019655345479 ], [ -159.63435924462064, 22.03127339251035 ], [ -159.63150212439777, 22.027246809865158 ], [ -159.629553767649554, 22.02481720622459 ], [ -159.626486019233994, 22.023358527038379 ], [ -159.622474373867021, 22.022292594583732 ], [ -159.618951047312947, 22.022947787990379 ], [ -159.614043020754195, 22.024594122945416 ], [ -159.61110864841001, 22.025935057634989 ], [ -159.607205565111002, 22.028087017626273 ], [ -159.603570601432807, 22.0292620823897 ], [ -159.601349597461592, 22.028949019253982 ], [ -159.599426733793621, 22.026745829357015 ], [ -159.599387815764203, 22.025255067126004 ], [ -159.600240247714879, 22.023600236394643 ], [ -159.607929167090617, 22.015966292491861 ], [ -159.613441946388036, 22.00886921855054 ], [ -159.614419759609291, 22.004738257161677 ], [ -159.613707236088118, 22.001560426632501 ], [ -159.61263229059125, 22.000044673337008 ], [ -159.611204625212764, 21.999149960633002 ], [ -159.604284723943863, 21.995811579290596 ], [ -159.600575048593214, 21.993377744519229 ], [ -159.596871821705122, 21.989622792249474 ], [ -159.591984835359028, 21.983765793084522 ], [ -159.586649542502016, 21.975975876868372 ], [ -159.581069550696782, 21.96963752150786 ], [ -159.574961391995714, 21.962493269149068 ], [ -159.565738762593412, 21.94790148158944 ], [ -159.563688376799803, 21.945925204166514 ], [ -159.557910876148355, 21.943334541479455 ], [ -159.556515395009626, 21.942092807887786 ], [ -159.556922731019483, 21.941348544758373 ], [ -159.558037730292284, 21.936525846392431 ], [ -159.559212338792292, 21.934017541990944 ], [ -159.559771881701181, 21.932994974799183 ], [ -159.560081162504048, 21.93185177143258 ], [ -159.560358371147402, 21.926448291906983 ], [ -159.561483144894765, 21.924264767564367 ], [ -159.562368338175958, 21.923978670058833 ], [ -159.566770070869296, 21.92369550692332 ], [ -159.569736165262441, 21.920491691226523 ], [ -159.570903548991083, 21.920114348657549 ], [ -159.573337077543499, 21.920687248188916 ], [ -159.575065947157924, 21.920714131812904 ], [ -159.57572162661549, 21.920414505982773 ], [ -159.576833735585183, 21.919874968554474 ], [ -159.57805235950093, 21.919847497980403 ], [ -159.577749026433537, 21.92040197109926 ], [ -159.577466586783657, 21.920950448153157 ], [ -159.577169866986509, 21.921492953428089 ], [ -159.579004471734521, 21.921903438061594 ], [ -159.577876464498331, 21.923653878544414 ], [ -159.578647047747125, 21.923216965996858 ], [ -159.579743700818739, 21.92169501431102 ], [ -159.578778262862357, 21.920835963478179 ], [ -159.580366826608412, 21.91985612166728 ], [ -159.581478671631203, 21.918768076565598 ], [ -159.581816907450872, 21.919303513749458 ], [ -159.582104879462435, 21.920121009331723 ], [ -159.582414050495373, 21.920396039394227 ], [ -159.582390030032855, 21.921743463815357 ], [ -159.582441332076058, 21.923720916809117 ], [ -159.580959203996031, 21.924635093675601 ], [ -159.580975351842199, 21.925259012988317 ], [ -159.580578404657473, 21.926354656279461 ], [ -159.580973041194568, 21.926087659036998 ], [ -159.5817304202522, 21.925000864123074 ], [ -159.582993120465261, 21.925337892156598 ], [ -159.583008842984867, 21.925942226459028 ], [ -159.5829871340664, 21.927159222195456 ], [ -159.583547001463728, 21.92668217420939 ], [ -159.583877777071052, 21.926077371084737 ], [ -159.584297191179076, 21.925262793613797 ], [ -159.585055188785077, 21.925532087341978 ], [ -159.585009702070607, 21.928093428691721 ], [ -159.586638736616578, 21.930127555284376 ], [ -159.587043370401545, 21.928753629585817 ], [ -159.586358001290307, 21.928093125743299 ], [ -159.585825166326487, 21.927619102830292 ], [ -159.586774012295507, 21.925412251463221 ], [ -159.586347347909253, 21.92436661200755 ], [ -159.584893378028852, 21.923714795015204 ], [ -159.585316722005899, 21.922546162314731 ], [ -159.584833722856132, 21.921245735365634 ], [ -159.585306877691238, 21.920380675457928 ], [ -159.585583744817228, 21.918477058216979 ], [ -159.587044481993928, 21.917660880696502 ], [ -159.587024274301768, 21.916882934247667 ], [ -159.58734213730466, 21.915956852086801 ], [ -159.588957520286414, 21.916439604472981 ], [ -159.589936169632693, 21.917382814607137 ], [ -159.591108909857184, 21.918426130055934 ], [ -159.591098731591359, 21.919001177396268 ], [ -159.591984112616302, 21.91953826510963 ], [ -159.592332555173783, 21.91987407672784 ], [ -159.593955531510431, 21.918838994915223 ], [ -159.595406435339271, 21.919489320780762 ], [ -159.594305243262653, 21.921017841808663 ], [ -159.592921057216074, 21.923004506021226 ], [ -159.590846531767141, 21.925421424436603 ], [ -159.591147645258303, 21.925799227083154 ], [ -159.594486851827128, 21.922332066646472 ], [ -159.596136195565379, 21.921154869010909 ], [ -159.596348908409936, 21.921419700986895 ], [ -159.596807383105499, 21.92439935588062 ], [ -159.59723049512624, 21.923861188032159 ], [ -159.597513204317977, 21.923037446940565 ], [ -159.597827704568886, 21.923340483615601 ], [ -159.597742410108992, 21.920065949268857 ], [ -159.598336615503001, 21.920052440754308 ], [ -159.599249004821246, 21.920325044593675 ], [ -159.60011686724954, 21.920869363969992 ], [ -159.600996320537632, 21.921402784512424 ], [ -159.601377922472636, 21.922485504722452 ], [ -159.601859827247551, 21.921852521516467 ], [ -159.601867852192754, 21.921399729872956 ], [ -159.600552245681627, 21.919795073617294 ], [ -159.600980268849071, 21.918963583621697 ], [ -159.602437257051378, 21.918692650833602 ], [ -159.604132118733304, 21.91814437709483 ], [ -159.605013045889535, 21.918892986033192 ], [ -159.60581882526921, 21.920029948640114 ], [ -159.605938562596691, 21.919736345339089 ], [ -159.605896672488115, 21.918131997833456 ], [ -159.6065792570773, 21.918142484372002 ], [ -159.605910335761251, 21.915746285612041 ], [ -159.606193600559237, 21.915421079419698 ], [ -159.606488741367002, 21.915154388659385 ], [ -159.607565250837894, 21.914100576895393 ], [ -159.609674463825684, 21.912974383339865 ], [ -159.60995791771748, 21.912696878069092 ], [ -159.6105434902735, 21.912429103189478 ], [ -159.612612476291417, 21.910795240113128 ], [ -159.61392755464513, 21.911438167060982 ], [ -159.614897624364033, 21.913178133069174 ], [ -159.614615524142067, 21.913769084547628 ], [ -159.613501133110731, 21.914111136457198 ], [ -159.613459505726098, 21.916478258856699 ], [ -159.613320099876773, 21.917159062851184 ] ], [ [ -159.694086739541206, 22.159673256719429 ], [ -159.694187946678454, 22.160003260702659 ], [ -159.694441925371564, 22.159764517998365 ], [ -159.694086739541206, 22.159673256719429 ] ] ] } },
{ "type": "Feature", "properties": { "ID": 39, "GRIDCODE": 2 }, "geometry": { "type": "Polygon", "coordinates": [ [ [ -159.394889830464081, 21.916202239216794 ], [ -159.395030277685436, 21.915521601196634 ], [ -159.395325071823549, 21.914984248768359 ], [ -159.395607455627157, 21.914165038486743 ], [ -159.395902244877902, 21.913627685009928 ], [ -159.396185372371605, 21.91307950708531 ], [ -159.396752320405113, 21.912568593385473 ], [ -159.396793631618237, 21.910406828981106 ], [ -159.395224939377783, 21.908891158950539 ], [ -159.391732049754012, 21.907054207094376 ], [ -159.388806155260454, 21.904900735617968 ], [ -159.388034211976134, 21.904154761128183 ], [ -159.387451929049803, 21.903635335497476 ], [ -159.388082239465035, 21.902984714627884 ], [ -159.390062863369593, 21.902529177633848 ], [ -159.391134751075867, 21.901847390390987 ], [ -159.392967189403862, 21.90251684292901 ], [ -159.39338468276307, 21.903314725655822 ], [ -159.394418704793992, 21.903331969793921 ], [ -159.395566418134706, 21.903307345882766 ], [ -159.396142947381918, 21.903864407494815 ], [ -159.397987459855301, 21.903527614748668 ], [ -159.398481126396575, 21.90304565653167 ], [ -159.398924391418177, 21.902646168540336 ], [ -159.40120357363557, 21.900420830942668 ], [ -159.402509733342413, 21.899788854344884 ], [ -159.40368620510543, 21.900293436861155 ], [ -159.404291956556989, 21.901676573091823 ], [ -159.404281699889111, 21.902213309182713 ], [ -159.404661991943755, 21.902897771114105 ], [ -159.404143982588351, 21.903842241537632 ], [ -159.403709066609764, 21.904684471242106 ], [ -159.402886912618698, 21.905425480642528 ], [ -159.402845263540286, 21.907610870463838 ], [ -159.403236489656109, 21.90872581493279 ], [ -159.40372852570016, 21.907916928938455 ], [ -159.40449611229738, 21.906430504256356 ], [ -159.405586601298381, 21.904869467033468 ], [ -159.406771476224719, 21.903369529599836 ], [ -159.407867013503477, 21.904919910893753 ], [ -159.409202377396866, 21.904206286698891 ], [ -159.409805130770451, 21.901986844278809 ], [ -159.409305180464855, 21.90094874486531 ], [ -159.408501726849977, 21.900172506917379 ], [ -159.407616916664352, 21.899383397624462 ], [ -159.408315449873811, 21.898701265696797 ], [ -159.409230703494558, 21.898406352768262 ], [ -159.410814372422919, 21.89843258195614 ], [ -159.41212121367866, 21.898404402068468 ], [ -159.412938433364985, 21.898417937261552 ], [ -159.41386590400981, 21.898134481754145 ], [ -159.414422425549816, 21.897591011129876 ], [ -159.414736519480954, 21.897855928602898 ], [ -159.414726302429216, 21.898392830407555 ], [ -159.415032505650856, 21.898943856177251 ], [ -159.414153630472356, 21.899212473027315 ], [ -159.412315840619129, 21.901236848297728 ], [ -159.411423027554889, 21.902041666855197 ], [ -159.410692698921196, 21.904050315691691 ], [ -159.410401762130732, 21.905461105638715 ], [ -159.407382355964813, 21.906516619108658 ], [ -159.40429720060564, 21.908235931240455 ], [ -159.398219312722063, 21.91334563180191 ], [ -159.394889830464081, 21.916202239216794 ] ] ] } },
{ "type": "Feature", "properties": { "ID": 40, "GRIDCODE": 2 }, "geometry": { "type": "Polygon", "coordinates": [ [ [ -159.41603763242361, 21.896906635859732 ], [ -159.415939184019265, 21.897237341169486 ], [ -159.415683807974801, 21.89700030102232 ], [ -159.41603763242361, 21.896906635859732 ] ] ] } },
{ "type": "Feature", "properties": { "ID": 41, "GRIDCODE": 2 }, "geometry": { "type": "Polygon", "coordinates": [ [ [ -159.448270988399344, 21.895737880886909 ], [ -159.450188066820829, 21.896344429019841 ], [ -159.452635779445274, 21.895751843705121 ], [ -159.454222982920385, 21.896141649639151 ], [ -159.443253969660674, 21.89781575481112 ], [ -159.441443614200892, 21.89778614468737 ], [ -159.441457686191825, 21.897036923993866 ], [ -159.443594562185581, 21.896544693897425 ], [ -159.447967950068573, 21.8960339255331 ], [ -159.448270988399344, 21.895737880886909 ] ] ] } },
{ "type": "Feature", "properties": { "ID": 42, "GRIDCODE": 2 }, "geometry": { "type": "Polygon", "coordinates": [ [ [ -159.475276231327257, 21.89457799742036 ], [ -159.475630623834604, 21.894669744774831 ], [ -159.475376731528797, 21.894908161949928 ], [ -159.475276231327257, 21.89457799742036 ] ] ] } },
{ "type": "Feature", "properties": { "ID": 43, "GRIDCODE": 2 }, "geometry": { "type": "Polygon", "coordinates": [ [ [ -159.501122141725119, 21.894230322024232 ], [ -159.502138862502534, 21.895136038109897 ], [ -159.500955983364207, 21.895316448416768 ], [ -159.501122141725119, 21.894230322024232 ] ] ] } },
{ "type": "Feature", "properties": { "ID": 44, "GRIDCODE": 2 }, "geometry": { "type": "Polygon", "coordinates": [ [ [ -159.41603763242361, 21.896906635859732 ], [ -159.416155002370658, 21.896474972312156 ], [ -159.41679319125916, 21.895151399203485 ], [ -159.416671126396039, 21.894649604725789 ], [ -159.417838464386193, 21.894402277716353 ], [ -159.417960245720479, 21.894902781682951 ], [ -159.416895022047044, 21.896350948806219 ], [ -159.41603763242361, 21.896906635859732 ] ] ] } },
{ "type": "Feature", "properties": { "ID": 45, "GRIDCODE": 2 }, "geometry": { "type": "Polygon", "coordinates": [ [ [ -159.487760365429438, 21.893457350524354 ], [ -159.488769643996022, 21.893744944048969 ], [ -159.487977119755783, 21.894105209876116 ], [ -159.487760365429438, 21.893457350524354 ] ] ] } },
{ "type": "Feature", "properties": { "ID": 46, "GRIDCODE": 2 }, "geometry": { "type": "Polygon", "coordinates": [ [ [ -159.490663556928666, 21.89317769067166 ], [ -159.491312083042146, 21.893297873849992 ], [ -159.491634870412014, 21.893909745937972 ], [ -159.490282584733819, 21.893898757881381 ], [ -159.490663556928666, 21.89317769067166 ] ] ] } },
{ "type": "Feature", "properties": { "ID": 47, "GRIDCODE": 2 }, "geometry": { "type": "Polygon", "coordinates": [ [ [ -159.483984094002381, 21.893197461192138 ], [ -159.484641343050214, 21.893361681418952 ], [ -159.484781846097206, 21.894109355921891 ], [ -159.483006010596, 21.894400067118685 ], [ -159.48281584981325, 21.893620907217421 ], [ -159.483860753945777, 21.893353257739957 ], [ -159.483984094002381, 21.893197461192138 ] ] ] } },
{ "type": "Feature", "properties": { "ID": 48, "GRIDCODE": 2 }, "geometry": { "type": "Polygon", "coordinates": [ [ [ -159.481079977333309, 21.893205972555666 ], [ -159.481244297414406, 21.893323573258765 ], [ -159.481498300606802, 21.893628735957627 ], [ -159.482371649535537, 21.894253804775197 ], [ -159.480913265628089, 21.894172182219407 ], [ -159.481079977333309, 21.893205972555666 ] ] ] } },
{ "type": "Feature", "properties": { "ID": 49, "GRIDCODE": 2 }, "geometry": { "type": "Polygon", "coordinates": [ [ [ -159.491824272324635, 21.892903194136288 ], [ -159.492533331148877, 21.893410618391094 ], [ -159.491992512866773, 21.893809753075054 ], [ -159.491824272324635, 21.892903194136288 ] ] ] } },
{ "type": "Feature", "properties": { "ID": 50, "GRIDCODE": 2 }, "geometry": { "type": "Polygon", "coordinates": [ [ [ -159.475559455355381, 21.892408909477389 ], [ -159.476006264144729, 21.892533044237993 ], [ -159.476296367464357, 21.892845290292254 ], [ -159.477718502227191, 21.892734503495227 ], [ -159.478303375872287, 21.893947593506113 ], [ -159.47920367261915, 21.893877448700884 ], [ -159.479766294343364, 21.894389523399919 ], [ -159.476402217848715, 21.894700168871488 ], [ -159.476010762495349, 21.89388820000822 ], [ -159.475697063783173, 21.893367221147756 ], [ -159.475559455355381, 21.892408909477389 ] ] ] } },
{ "type": "Feature", "properties": { "ID": 51, "GRIDCODE": 2 }, "geometry": { "type": "Polygon", "coordinates": [ [ [ -159.475559455355381, 21.892408909477389 ], [ -159.475205068507847, 21.892317161843344 ], [ -159.475458956605905, 21.892078744935613 ], [ -159.475559455355381, 21.892408909477389 ] ] ] } },
{ "type": "Feature", "properties": { "ID": 52, "GRIDCODE": 2 }, "geometry": { "type": "Polygon", "coordinates": [ [ [ -159.497913482988679, 21.890174560134248 ], [ -159.499234132831504, 21.890293538672722 ], [ -159.500147301455229, 21.890610601144974 ], [ -159.50110795809627, 21.890516266225028 ], [ -159.501823516656884, 21.891011322846161 ], [ -159.501194469554378, 21.89258928018732 ], [ -159.500668819765053, 21.892999513398845 ], [ -159.500338087065956, 21.893717604991473 ], [ -159.500496569332626, 21.895123834836117 ], [ -159.4962855662626, 21.893911110927828 ], [ -159.492870572268004, 21.893564083565742 ], [ -159.492559729317747, 21.891745166867771 ], [ -159.494269589190964, 21.892652331812346 ], [ -159.494565775517088, 21.891386433054098 ], [ -159.496192190361739, 21.891719239495146 ], [ -159.496595563614818, 21.890843583949149 ], [ -159.497557753706729, 21.890576924730301 ], [ -159.497913482988679, 21.890174560134248 ] ] ] } },
{ "type": "Feature", "properties": { "ID": 53, "GRIDCODE": 2 }, "geometry": { "type": "Polygon", "coordinates": [ [ [ -159.507214099545138, 21.89231443663736 ], [ -159.507314671168132, 21.892644580416853 ], [ -159.507568505386985, 21.892406114990095 ], [ -159.507214099545138, 21.89231443663736 ], [ -159.507068350015004, 21.891900031906612 ], [ -159.506353154959982, 21.891915830891413 ], [ -159.505613649772584, 21.890586826151228 ], [ -159.506376206887808, 21.88976976275524 ], [ -159.507352152988204, 21.889470878753915 ], [ -159.508181573798311, 21.888659821112576 ], [ -159.509090722877744, 21.888381381139641 ], [ -159.51027288831034, 21.887999625952041 ], [ -159.511989883246116, 21.888643425500742 ], [ -159.51333777164885, 21.888945629837366 ], [ -159.514038941555981, 21.890283155492586 ], [ -159.514898022316913, 21.891048309046152 ], [ -159.515197931080763, 21.891620370729928 ], [ -159.516342535391033, 21.891594982213739 ], [ -159.51752894433173, 21.892957205845349 ], [ -159.517954520751772, 21.89376896506143 ], [ -159.518111741624011, 21.893502863824825 ], [ -159.518487959871379, 21.892408318753919 ], [ -159.519548633510453, 21.892425157030146 ], [ -159.520602879871575, 21.891394107030813 ], [ -159.522515058001972, 21.891039433160604 ], [ -159.524184188994468, 21.889406973967056 ], [ -159.525820438186912, 21.889432923155386 ], [ -159.527143085411666, 21.889127521460527 ], [ -159.528522782461977, 21.887778094326848 ], [ -159.528551547545732, 21.888099786739968 ], [ -159.528538866172454, 21.888795042566201 ], [ -159.530360222237618, 21.889203245103698 ], [ -159.531445874581777, 21.890170028158646 ], [ -159.531480699213489, 21.891531825868004 ], [ -159.531169353810782, 21.892100668034811 ], [ -159.530886787150678, 21.892649069563028 ], [ -159.530309861607805, 21.893703163363991 ], [ -159.531412813728252, 21.893244787917077 ], [ -159.532212093317582, 21.892463055117144 ], [ -159.533864666562863, 21.891284280426273 ], [ -159.537841157467625, 21.891556994647257 ], [ -159.537858187264447, 21.892222277377172 ], [ -159.536699440791608, 21.893829752350324 ], [ -159.537293720319781, 21.894713795695807 ], [ -159.537268222544157, 21.893718088269626 ], [ -159.538967973012547, 21.892893845793417 ], [ -159.539621525863339, 21.89339830163798 ], [ -159.539232115838018, 21.894109911118505 ], [ -159.5396071698556, 21.894783548752358 ], [ -159.539988235552215, 21.895866426249128 ], [ -159.540481491932582, 21.895599201798245 ], [ -159.540759938585524, 21.89396667110498 ], [ -159.541129905825585, 21.893290589086547 ], [ -159.540304699350827, 21.891808414129997 ], [ -159.540757150413242, 21.891798326685635 ], [ -159.541914857414525, 21.892071176590601 ], [ -159.543657738567646, 21.892032246741621 ], [ -159.544145710559661, 21.89476861038974 ], [ -159.544252756122205, 21.894502650851358 ], [ -159.54467900109421, 21.892425791242744 ], [ -159.545688806517177, 21.891782055831317 ], [ -159.546557038511565, 21.891795718467776 ], [ -159.547851158843258, 21.890154210523267 ], [ -159.548883756385408, 21.890416377330101 ], [ -159.549766892985787, 21.890695215206453 ], [ -159.550479095174012, 21.89067927089603 ], [ -159.5513503691393, 21.890692931278593 ], [ -159.552351818784899, 21.89067051797884 ], [ -159.552970347788147, 21.891221125069038 ], [ -159.552941027906769, 21.892847842146409 ], [ -159.553681881776726, 21.89283125821829 ], [ -159.554407954289587, 21.892842644372806 ], [ -159.554700821790448, 21.892836066585318 ], [ -159.556329280231722, 21.893219716341449 ], [ -159.557471906058765, 21.892101784593738 ], [ -159.558644387728094, 21.89135419507792 ], [ -159.559279135770907, 21.891966260758529 ], [ -159.561062485714928, 21.893085640900789 ], [ -159.561380639263774, 21.892818951204692 ], [ -159.561939976819474, 21.891732918654156 ], [ -159.563163551444148, 21.89246603394837 ], [ -159.562256986741744, 21.894123275415581 ], [ -159.562543896943879, 21.894712198037404 ], [ -159.562859579798783, 21.895278954119014 ], [ -159.562835788870473, 21.896605704213005 ], [ -159.564557802700506, 21.897378095022553 ], [ -159.565178344991551, 21.898492181205256 ], [ -159.565492067189382, 21.900534256117737 ], [ -159.567341474690778, 21.899637083660274 ], [ -159.568222310827736, 21.902138729460752 ], [ -159.569249820725332, 21.903053149198936 ], [ -159.569284514327222, 21.904397164401718 ], [ -159.568968297206908, 21.90501128571016 ], [ -159.566952567039152, 21.90497986400813 ], [ -159.566647941298356, 21.905820505652116 ], [ -159.566681685176434, 21.90712743662332 ], [ -159.565658178849475, 21.908595918804394 ], [ -159.564349216099345, 21.909194086556475 ], [ -159.565821344394976, 21.909063838167519 ], [ -159.567730215849906, 21.906324924528136 ], [ -159.569558189479807, 21.906353413142821 ], [ -159.57034629572459, 21.905222526222481 ], [ -159.57148791991068, 21.905582729689858 ], [ -159.573300835526197, 21.904703218111184 ], [ -159.574481900280773, 21.905208273821881 ], [ -159.575361860450727, 21.906056602456349 ], [ -159.576253807529469, 21.90685029432079 ], [ -159.577029678803115, 21.908328547233697 ], [ -159.57808467656028, 21.907296107900997 ], [ -159.578859420579761, 21.907665091248084 ], [ -159.579447181823468, 21.907928626712742 ], [ -159.579732922809569, 21.908204076148049 ], [ -159.58004647545286, 21.908483066340505 ], [ -159.580892140663877, 21.910094087400122 ], [ -159.582342158331926, 21.910527532566199 ], [ -159.582372343106982, 21.911690716574665 ], [ -159.580437427163929, 21.913584241803587 ], [ -159.578680130463084, 21.914152442067458 ], [ -159.577412066185133, 21.914445594671889 ], [ -159.575702016244065, 21.915536038187771 ], [ -159.571921377540718, 21.915814829425205 ], [ -159.571056934481192, 21.916094288407514 ], [ -159.569465610492728, 21.916582246281791 ], [ -159.567804508046322, 21.917341327557914 ], [ -159.565846740939747, 21.920591303575133 ], [ -159.564951034100631, 21.920164645085091 ], [ -159.563953920480401, 21.92018705756351 ], [ -159.562718085529184, 21.920167767002017 ], [ -159.560426248693801, 21.920870338452755 ], [ -159.559171590607548, 21.922097784924237 ], [ -159.558364222242716, 21.922826870424753 ], [ -159.558296910536143, 21.926570041528034 ], [ -159.55843211308374, 21.931813841356178 ], [ -159.557497974710316, 21.934533199898404 ], [ -159.557183123423926, 21.935108551592272 ], [ -159.556807799914765, 21.936201188295275 ], [ -159.555754669425312, 21.937662033889989 ], [ -159.555446988164363, 21.941348112895831 ], [ -159.554585513004696, 21.939459239456813 ], [ -159.554097459233702, 21.936724449792749 ], [ -159.552983538164625, 21.934117088800949 ], [ -159.550877246333584, 21.930103272728378 ], [ -159.546382940881614, 21.923010169784291 ], [ -159.541809567884371, 21.916154011954106 ], [ -159.53616236185934, 21.909829251122535 ], [ -159.529225663561448, 21.905082351256645 ], [ -159.521777257777558, 21.901012631382642 ], [ -159.510592923431147, 21.896382188186386 ], [ -159.508827228277966, 21.895965688525703 ], [ -159.50531327090718, 21.89568496649747 ], [ -159.504470105030407, 21.894076442000504 ], [ -159.50383642101238, 21.892937675294323 ], [ -159.504742227721465, 21.891638991554164 ], [ -159.506029866442617, 21.892544614020391 ], [ -159.507214099545138, 21.89231443663736 ] ] ] } },
{ "type": "Feature", "properties": { "ID": 54, "GRIDCODE": 2 }, "geometry": { "type": "Polygon", "coordinates": [ [ [ -159.528681330330841, 21.886013161993329 ], [ -159.529110084326845, 21.886368209806438 ], [ -159.528411442789775, 21.887212267942349 ], [ -159.528681330330841, 21.886013161993329 ] ] ] } },
{ "type": "Feature", "properties": { "ID": 55, "GRIDCODE": 2 }, "geometry": { "type": "Polygon", "coordinates": [ [ [ -159.44213209814194, 21.882744810997433 ], [ -159.442778602528364, 21.883225193661588 ], [ -159.443556224910083, 21.884126132095869 ], [ -159.444591021024678, 21.884894990791814 ], [ -159.444264411971176, 21.885793906823242 ], [ -159.443691194250391, 21.88670999634315 ], [ -159.444231244128872, 21.888453691006806 ], [ -159.444895707611522, 21.889501759797703 ], [ -159.444557072595643, 21.891898777345947 ], [ -159.442252646329081, 21.893629024581379 ], [ -159.440131994722464, 21.893388618947434 ], [ -159.439053040104284, 21.893516793774541 ], [ -159.436969818616632, 21.893155883144065 ], [ -159.436300742719652, 21.893235341843081 ], [ -159.435903501548836, 21.892940214355303 ], [ -159.435514723851412, 21.892489727944522 ], [ -159.434717407927195, 21.891897324964873 ], [ -159.435313534842891, 21.889930415776369 ], [ -159.435634575075056, 21.889417472091434 ], [ -159.435888583040935, 21.888031649594122 ], [ -159.436558486654491, 21.887766118772081 ], [ -159.438626636415535, 21.886586160220059 ], [ -159.439075549937854, 21.88558386810325 ], [ -159.439396567144712, 21.885070917198124 ], [ -159.439767426117214, 21.883448646781506 ], [ -159.44190505457729, 21.883010963179871 ], [ -159.44213209814194, 21.882744810997433 ] ] ] } },
{ "type": "Feature", "properties": { "ID": 56, "GRIDCODE": 2 }, "geometry": { "type": "Polygon", "coordinates": [ [ [ -159.444446839722673, 21.880028230946763 ], [ -159.445274446343092, 21.88022407772246 ], [ -159.445972955692781, 21.881218949652542 ], [ -159.444709240626281, 21.880971215645534 ], [ -159.444446839722673, 21.880028230946763 ] ] ] } },
{ "type": "Feature", "properties": { "ID": 57, "GRIDCODE": 2 }, "geometry": { "type": "Polygon", "coordinates": [ [ [ -157.980802842026208, 21.688036736435937 ], [ -157.981155723567014, 21.688131669094325 ], [ -157.980899767926019, 21.688367764932472 ], [ -157.980802842026208, 21.688036736435937 ] ] ] } },
{ "type": "Feature", "properties": { "ID": 58, "GRIDCODE": 2 }, "geometry": { "type": "Polygon", "coordinates": [ [ [ -157.96582730207524, 21.673580236600163 ], [ -157.966469965618529, 21.673671843783492 ], [ -157.965914436355348, 21.674166546041672 ], [ -157.96582730207524, 21.673580236600163 ] ] ] } },
{ "type": "Feature", "properties": { "ID": 59, "GRIDCODE": 2 }, "geometry": { "type": "Polygon", "coordinates": [ [ [ -157.961814812661203, 21.667050817411333 ], [ -157.962167629470883, 21.66714578818425 ], [ -157.961911682826809, 21.66738185555683 ], [ -157.961814812661203, 21.667050817411333 ] ] ] } },
{ "type": "Feature", "properties": { "ID": 60, "GRIDCODE": 2 }, "geometry": { "type": "Polygon", "coordinates": [ [ [ -158.036618538323467, 21.666959763573143 ], [ -158.037293043292777, 21.667163699464464 ], [ -158.03733926356162, 21.668454554324914 ], [ -158.0373176628095, 21.668893446871746 ], [ -158.039078607465768, 21.669546131919059 ], [ -158.037183138320074, 21.671563561813695 ], [ -158.035565130345134, 21.673598791456765 ], [ -158.035026335520485, 21.674059621761554 ], [ -158.03467712301935, 21.674667384868158 ], [ -158.034182030095195, 21.676558001509964 ], [ -158.033040232625609, 21.676593698830761 ], [ -158.031777899526077, 21.676276611336579 ], [ -158.030281409237318, 21.676000492995133 ], [ -158.028597598265549, 21.674902929038698 ], [ -158.02686641140744, 21.673843579922039 ], [ -158.026843782513168, 21.673207253649501 ], [ -158.035201025309618, 21.668231596700764 ], [ -158.036197408949846, 21.667379331900488 ], [ -158.036618538323467, 21.666959763573143 ] ] ] } },
{ "type": "Feature", "properties": { "ID": 61, "GRIDCODE": 2 }, "geometry": { "type": "Polygon", "coordinates": [ [ [ -158.013592815913455, 21.684711742907599 ], [ -158.013480911668495, 21.684095166591856 ], [ -158.013216952043905, 21.684558780270361 ], [ -158.013592815913455, 21.684711742907599 ], [ -158.014006839453032, 21.68658125743357 ], [ -158.013656410072826, 21.688140669976359 ], [ -158.011383153110643, 21.688620738139267 ], [ -158.009363065279587, 21.689284608422895 ], [ -158.005761251113455, 21.688542803151609 ], [ -158.004276731884318, 21.688904859569082 ], [ -158.002712673228928, 21.688808288691011 ], [ -158.002010484300513, 21.689533416292875 ], [ -158.001497796898491, 21.689099654275925 ], [ -158.002494757062607, 21.687410902191566 ], [ -158.002119058840577, 21.686412343149847 ], [ -158.001791143103731, 21.685055283949428 ], [ -158.001448023228534, 21.685412402783427 ], [ -158.001595901637273, 21.68801326493525 ], [ -158.000594779181625, 21.688435397988247 ], [ -158.00069389487615, 21.690179939712714 ], [ -157.999117290654226, 21.690258235614021 ], [ -157.998092422841182, 21.689811115970478 ], [ -157.997753494458323, 21.688761127451123 ], [ -157.996983327066289, 21.690302974966585 ], [ -157.995294710024325, 21.689566216564529 ], [ -157.995817801180834, 21.688680275990155 ], [ -157.994469787607386, 21.686670648097287 ], [ -157.992767956626494, 21.685928128129451 ], [ -157.993431026089922, 21.684805110973741 ], [ -157.993163742093003, 21.683903860173306 ], [ -157.992859140776631, 21.683646212690665 ], [ -157.99234486946267, 21.683101056305677 ], [ -157.990867464956722, 21.683400939876307 ], [ -157.992071957660642, 21.683926475869789 ], [ -157.991889351257498, 21.686505549492221 ], [ -157.992272076290703, 21.686911058586034 ], [ -157.993059156780674, 21.686872003267887 ], [ -157.993991141026129, 21.687660602741097 ], [ -157.993705675039934, 21.688275275318897 ], [ -157.992309629537232, 21.688189021555463 ], [ -157.99096311516135, 21.692172538823584 ], [ -157.989607377885676, 21.69255476382471 ], [ -157.988547810715062, 21.693084514851215 ], [ -157.986555448509733, 21.69318331188936 ], [ -157.985821239534744, 21.692562123011523 ], [ -157.985272670748628, 21.691980674864237 ], [ -157.984273766335036, 21.692480101443497 ], [ -157.982728863300252, 21.692556648034298 ], [ -157.981486295601599, 21.691702130166398 ], [ -157.982095841074738, 21.69089795268739 ], [ -157.982397666984724, 21.688889119362262 ], [ -157.983566599498204, 21.687925796597732 ], [ -157.983844046676126, 21.68737024615174 ], [ -157.985302334539114, 21.686168400475513 ], [ -157.98443900214258, 21.686016956376665 ], [ -157.983568072004061, 21.686303017352305 ], [ -157.982794546545904, 21.685903992358661 ], [ -157.982280252707596, 21.686434963118575 ], [ -157.981664174540242, 21.68694271159622 ], [ -157.981250708368151, 21.687369557036508 ], [ -157.980652562205904, 21.687621680032983 ], [ -157.979489358751209, 21.68845281737692 ], [ -157.979211592160226, 21.687302632378387 ], [ -157.978392486484893, 21.688148119858944 ], [ -157.976875403890574, 21.688682487512953 ], [ -157.976335530915492, 21.689763218808029 ], [ -157.976001574297356, 21.689234344373283 ], [ -157.975731972708928, 21.688675430420549 ], [ -157.974867221710099, 21.687943619583287 ], [ -157.97515124649351, 21.6865027924323 ], [ -157.975609365856911, 21.686531162249548 ], [ -157.976279490533244, 21.685189947252784 ], [ -157.977318738041532, 21.684848655284899 ], [ -157.978683318194498, 21.684933119920814 ], [ -157.978066803454823, 21.684096591212615 ], [ -157.978105640797367, 21.683548380627375 ], [ -157.977459030878975, 21.683266168436433 ], [ -157.97755399930054, 21.681926495605172 ], [ -157.976625633661371, 21.682989616778077 ], [ -157.97634486520468, 21.683551783979052 ], [ -157.975770284481456, 21.683255353989363 ], [ -157.975123680802483, 21.68297313291453 ], [ -157.974320269889972, 21.682121508458419 ], [ -157.973736073818316, 21.682724504959896 ], [ -157.973184780357002, 21.682140024656782 ], [ -157.972575801383101, 21.681624725786516 ], [ -157.972298964031808, 21.681331219504134 ], [ -157.971397707828686, 21.681781715916539 ], [ -157.970254730652101, 21.682157064449648 ], [ -157.969859029699819, 21.681336863896956 ], [ -157.969386469397421, 21.681589726325996 ], [ -157.968981581380461, 21.682400256753695 ], [ -157.967270541783336, 21.682062689185333 ], [ -157.967454686974065, 21.679466825963871 ], [ -157.966809046476413, 21.679133697903104 ], [ -157.965940569185392, 21.679176654916542 ], [ -157.967442038145776, 21.678340670503594 ], [ -157.967974373419395, 21.678599779583283 ], [ -157.968498834860441, 21.679687102442958 ], [ -157.96884023808289, 21.679162411845365 ], [ -157.969119649582098, 21.678335883513078 ], [ -157.969427832966346, 21.678082000564725 ], [ -157.969997179085993, 21.677257270913486 ], [ -157.970872156806507, 21.676536264128138 ], [ -157.97056069302397, 21.676435480298565 ], [ -157.968930148007928, 21.677250644131735 ], [ -157.968182962243247, 21.676744065260973 ], [ -157.968572514110917, 21.674505315675688 ], [ -157.970002367973024, 21.674593926329752 ], [ -157.971066748113401, 21.673495094586368 ], [ -157.972369629099234, 21.673220241572697 ], [ -157.972054984028404, 21.672670372542022 ], [ -157.972482858282319, 21.671945924146883 ], [ -157.971791878502046, 21.671361170654329 ], [ -157.971253426683916, 21.669691840779496 ], [ -157.970915087516374, 21.670487572796901 ], [ -157.9704957680093, 21.672898044986709 ], [ -157.968637233371084, 21.672989989095317 ], [ -157.968105808262038, 21.672426591226809 ], [ -157.967600551781089, 21.673437772346304 ], [ -157.966853055925696, 21.673474805121963 ], [ -157.966820986792527, 21.672908887091943 ], [ -157.96693540295297, 21.671295879129065 ], [ -157.966278795491604, 21.6712552011283 ], [ -157.965865592596941, 21.672082281157227 ], [ -157.965106777775105, 21.671821753980225 ], [ -157.964592654662368, 21.671276516549323 ], [ -157.964238181233384, 21.671530763700318 ], [ -157.964268851674888, 21.672073052031397 ], [ -157.963813703152312, 21.672448084198301 ], [ -157.964302497662914, 21.674200626568659 ], [ -157.96392780659761, 21.674509333351892 ], [ -157.963387896548141, 21.675590022592388 ], [ -157.96226089550774, 21.675122266186786 ], [ -157.961610165458779, 21.674239050618663 ], [ -157.96097295108234, 21.6732884281735 ], [ -157.958457363298947, 21.671428950420086 ], [ -157.958946290810104, 21.67058992595517 ], [ -157.960879943175314, 21.669296657613554 ], [ -157.961359163242946, 21.668801957566533 ], [ -157.961909720292482, 21.668348327985775 ], [ -157.962533536268978, 21.666756638158883 ], [ -157.962160118772317, 21.665841016368955 ], [ -157.961087801851534, 21.666090304628998 ], [ -157.96111116761017, 21.666504384472251 ], [ -157.961072744318756, 21.667046174681822 ], [ -157.961109438974603, 21.667694432678871 ], [ -157.958676461595758, 21.669327179421856 ], [ -157.958457883184593, 21.669070011021962 ], [ -157.958190331212506, 21.668240068504137 ], [ -157.956436134458244, 21.667474097787025 ], [ -157.956478829117884, 21.666872323751807 ], [ -157.95559343077943, 21.666916048967366 ], [ -157.955553621562359, 21.666212257848983 ], [ -157.955900114801295, 21.664175671142207 ], [ -157.956039840972494, 21.663762418115841 ], [ -157.956393980167832, 21.66367188020088 ], [ -157.956141451131202, 21.663432625015695 ], [ -157.956039840972494, 21.663762418115841 ], [ -157.955028002197565, 21.663949521069313 ], [ -157.955021155692464, 21.663484994163699 ], [ -157.955080083348236, 21.661455464623458 ], [ -157.954150940820313, 21.661719967859582 ], [ -157.953314742507644, 21.66252251629173 ], [ -157.951557633234899, 21.662544975504709 ], [ -157.951844077112497, 21.662242686379038 ], [ -157.952413122775937, 21.661738389541576 ], [ -157.95303379839487, 21.660866402125222 ], [ -157.95388891722655, 21.660108701968412 ], [ -157.953544841229046, 21.660080795310343 ], [ -157.952735035520021, 21.660091172371377 ], [ -157.954272339884568, 21.658585929214738 ], [ -157.955636110726914, 21.65982744631572 ], [ -157.956189371101857, 21.660372955771166 ], [ -157.9562272238297, 21.659302564379729 ], [ -157.955928113737116, 21.658750647285306 ], [ -157.955649764262716, 21.657930425459291 ], [ -157.955073713585449, 21.657406010257581 ], [ -157.956117115968766, 21.656347170117677 ], [ -157.967890361061706, 21.66581818535834 ], [ -157.977773826011031, 21.672778345819303 ], [ -157.982440406205768, 21.675562511579042 ], [ -157.985340298342635, 21.676276071292467 ], [ -157.990779306875169, 21.676602091059006 ], [ -157.996101059413292, 21.67769316502331 ], [ -158.002283137486131, 21.679032209013524 ], [ -158.007541846224058, 21.679164054929288 ], [ -158.016849803179241, 21.677857693603141 ], [ -158.021747501491575, 21.676264100849167 ], [ -158.026292199819807, 21.67362900757087 ], [ -158.027798838340658, 21.675553831997021 ], [ -158.030164842082172, 21.677362053904726 ], [ -158.030858507159252, 21.677352873304404 ], [ -158.032049851153431, 21.677721958020921 ], [ -158.031444492609609, 21.678690416076648 ], [ -158.028335007035253, 21.681677794672854 ], [ -158.027964021912766, 21.681682701392603 ], [ -158.027386975423923, 21.681400492997646 ], [ -158.027018986759316, 21.682098048394263 ], [ -158.024243524917921, 21.683775681071307 ], [ -158.022516553113604, 21.685061851208289 ], [ -158.021269353322367, 21.685432044189881 ], [ -158.020399858756775, 21.685704480753721 ], [ -158.019820695198206, 21.685421274205048 ], [ -158.019531545691336, 21.685969244306417 ], [ -158.019217884094871, 21.686247473182565 ], [ -158.018376230386053, 21.687843063635061 ], [ -158.017223659625586, 21.688389324757658 ], [ -158.014576631840356, 21.688074712790804 ], [ -158.014628080614159, 21.686276613048403 ], [ -158.014033680624294, 21.685112752289818 ], [ -158.013592815913455, 21.684711742907599 ] ] ] } },
{ "type": "Feature", "properties": { "ID": 62, "GRIDCODE": 2 }, "geometry": { "type": "Polygon", "coordinates": [ [ [ -157.94044796295276, 21.654991183487304 ], [ -157.941113859133054, 21.6551052656196 ], [ -157.940602995491588, 21.655336299969612 ], [ -157.94044796295276, 21.654991183487304 ] ] ] } },
{ "type": "Feature", "properties": { "ID": 63, "GRIDCODE": 2 }, "geometry": { "type": "Polygon", "coordinates": [ [ [ -157.94830846845727, 21.650433894012181 ], [ -157.949203189660068, 21.650691913084106 ], [ -157.954075749987197, 21.654652654545451 ], [ -157.952758738519151, 21.654923706893246 ], [ -157.952488258840503, 21.655213130608541 ], [ -157.95217332951924, 21.655463301722666 ], [ -157.952218970748561, 21.656043202130114 ], [ -157.950427827350353, 21.656535081957173 ], [ -157.948384783451246, 21.658148245561616 ], [ -157.94809868379869, 21.657895533007206 ], [ -157.947729268845904, 21.657107209860563 ], [ -157.945767521191783, 21.656273981649555 ], [ -157.946378291724471, 21.655266912026679 ], [ -157.946112698320405, 21.654881664118914 ], [ -157.944554192273245, 21.65460564811773 ], [ -157.943062290944823, 21.653815007975762 ], [ -157.94186159916984, 21.653468726451006 ], [ -157.942789360483488, 21.652475797804335 ], [ -157.944061044913695, 21.651954959143474 ], [ -157.944580766944767, 21.651398765257703 ], [ -157.946280104317509, 21.651281987289355 ], [ -157.947310891890453, 21.651828237654783 ], [ -157.947274735734794, 21.651368090304818 ], [ -157.947726734664627, 21.650701224618224 ], [ -157.948306505083309, 21.650704896624681 ], [ -157.94830846845727, 21.650433894012181 ] ] ] } },
{ "type": "Feature", "properties": { "ID": 64, "GRIDCODE": 2 }, "geometry": { "type": "Polygon", "coordinates": [ [ [ -157.94830846845727, 21.650433894012181 ], [ -157.947728699120489, 21.650430222056219 ], [ -157.947726734664627, 21.650701224618224 ], [ -157.94727910829863, 21.650335733601533 ], [ -157.947322390143228, 21.6498717888662 ], [ -157.946137366114925, 21.649456494952496 ], [ -157.944986465565222, 21.65028737653158 ], [ -157.943803589180618, 21.650530759426086 ], [ -157.942760417378651, 21.651066152109397 ], [ -157.942626221141097, 21.650464381039928 ], [ -157.942670290156684, 21.649991576841391 ], [ -157.942618087043712, 21.649326808564187 ], [ -157.943347142355606, 21.647566808151911 ], [ -157.943844819873306, 21.647820873567259 ], [ -157.944143244556358, 21.648457763252235 ], [ -157.945122885283013, 21.647409172869558 ], [ -157.948129428472981, 21.649864197711469 ], [ -157.94830846845727, 21.650433894012181 ] ] ] } },
{ "type": "Feature", "properties": { "ID": 65, "GRIDCODE": 2 }, "geometry": { "type": "Polygon", "coordinates": [ [ [ -157.937934092146264, 21.641966432155275 ], [ -157.938286830755544, 21.642061450857742 ], [ -157.938030893089518, 21.642297482337831 ], [ -157.937934092146264, 21.641966432155275 ] ] ] } },
{ "type": "Feature", "properties": { "ID": 66, "GRIDCODE": 2 }, "geometry": { "type": "Polygon", "coordinates": [ [ [ -158.047096823297238, 21.66078676947955 ], [ -158.04699976029741, 21.66045577357691 ], [ -158.046743958322281, 21.660691977634286 ], [ -158.047096823297238, 21.66078676947955 ], [ -158.047437564155103, 21.661736436988424 ], [ -158.046645782631884, 21.662814122359375 ], [ -158.046085833340157, 21.664393689981278 ], [ -158.044961702601427, 21.665975105126019 ], [ -158.044007943976538, 21.66713528080075 ], [ -158.042860904824806, 21.668748837427579 ], [ -158.040889616185211, 21.668775041617192 ], [ -158.039945667691825, 21.668466936783187 ], [ -158.038443934105004, 21.668115499325232 ], [ -158.03792515436075, 21.667100138514236 ], [ -158.03756179672078, 21.666430473515295 ], [ -158.044425012194324, 21.66126813093538 ], [ -158.051472766859263, 21.651101117856495 ], [ -158.053764039716867, 21.645359280895079 ], [ -158.053035624717012, 21.63780437176003 ], [ -158.053480734298176, 21.637376422261752 ], [ -158.055217431801026, 21.637663546491378 ], [ -158.057499732548479, 21.638024216477771 ], [ -158.059766155389411, 21.640730337560658 ], [ -158.062142944543183, 21.642206469028164 ], [ -158.062148592761758, 21.642581207565232 ], [ -158.060973476695182, 21.642841953233372 ], [ -158.061632544154122, 21.643145481757603 ], [ -158.061260924300115, 21.644467923418333 ], [ -158.060969657971214, 21.64555579116627 ], [ -158.060619432573105, 21.645866651021468 ], [ -158.059497052350821, 21.648252253905415 ], [ -158.059159433487338, 21.650416928152371 ], [ -158.057215133269182, 21.654106314182453 ], [ -158.055719697202079, 21.655543773026405 ], [ -158.054809260868012, 21.655814312976567 ], [ -158.054829212671365, 21.657119709005439 ], [ -158.053835878352203, 21.658074470409876 ], [ -158.051890878789607, 21.658778843119485 ], [ -158.051314912729481, 21.659052000224097 ], [ -158.05072769088062, 21.659314239481866 ], [ -158.048185039573696, 21.66100163636241 ], [ -158.047096823297238, 21.66078676947955 ] ] ] } },
{ "type": "Feature", "properties": { "ID": 67, "GRIDCODE": 2 }, "geometry": { "type": "Polygon", "coordinates": [ [ [ -158.090450541108765, 21.589750534152607 ], [ -158.090803268064803, 21.589845228886759 ], [ -158.09054766346884, 21.590081509305655 ], [ -158.090450541108765, 21.589750534152607 ] ] ] } },
{ "type": "Feature", "properties": { "ID": 68, "GRIDCODE": 2 }, "geometry": { "type": "Polygon", "coordinates": [ [ [ -157.719429625182585, 21.470236876032857 ], [ -157.719781646575626, 21.470332332475682 ], [ -157.719525971349071, 21.470568032904808 ], [ -157.719429625182585, 21.470236876032857 ] ] ] } },
{ "type": "Feature", "properties": { "ID": 69, "GRIDCODE": 2 }, "geometry": { "type": "Polygon", "coordinates": [ [ [ -157.721171375409654, 21.469708197152009 ], [ -157.721836216024883, 21.469823111557897 ], [ -157.721325562892389, 21.470053491316119 ], [ -157.721171375409654, 21.469708197152009 ] ] ] } },
{ "type": "Feature", "properties": { "ID": 70, "GRIDCODE": 2 }, "geometry": { "type": "Polygon", "coordinates": [ [ [ -157.721171375409654, 21.469708197152009 ], [ -157.720819354421735, 21.469612743658363 ], [ -157.721075025924335, 21.469377041038332 ], [ -157.721171375409654, 21.469708197152009 ] ] ] } },
{ "type": "Feature", "properties": { "ID": 71, "GRIDCODE": 2 }, "geometry": { "type": "Polygon", "coordinates": [ [ [ -158.213150922570662, 21.460008446761751 ], [ -158.213564942556019, 21.460310743172975 ], [ -158.212880888228995, 21.460641953439954 ], [ -158.213150922570662, 21.460008446761751 ] ] ] } },
{ "type": "Feature", "properties": { "ID": 72, "GRIDCODE": 2 }, "geometry": { "type": "Polygon", "coordinates": [ [ [ -157.728874705279793, 21.449441520765713 ], [ -157.729944264179039, 21.449624181383207 ], [ -157.73189695132038, 21.450430836414636 ], [ -157.732701988070119, 21.450343313883593 ], [ -157.733897975313283, 21.451175178278692 ], [ -157.734386280511444, 21.451755488383274 ], [ -157.734765577444364, 21.4526177562459 ], [ -157.735085921340954, 21.453137445569499 ], [ -157.735002822251801, 21.453725408875968 ], [ -157.735851864244665, 21.454372488582909 ], [ -157.735071718328243, 21.454947640915581 ], [ -157.734586540501539, 21.456001597021732 ], [ -157.733552152828537, 21.457304867086375 ], [ -157.73249911938737, 21.458081260598707 ], [ -157.731849194432556, 21.458828812614591 ], [ -157.730007370075299, 21.45953880028495 ], [ -157.725111003160862, 21.458855534606499 ], [ -157.722947030529497, 21.459090779693863 ], [ -157.722133111326656, 21.458634587085712 ], [ -157.722407841099368, 21.456696114488185 ], [ -157.723438582502695, 21.457412989735854 ], [ -157.723752690917621, 21.457378798045717 ], [ -157.724013482473168, 21.457688579495834 ], [ -157.724428332423372, 21.457643444022846 ], [ -157.724902374048952, 21.457098695716741 ], [ -157.725455440804694, 21.457967202963722 ], [ -157.726776360466857, 21.458218229140925 ], [ -157.727201990756839, 21.456866440878695 ], [ -157.728108425310182, 21.456631308904552 ], [ -157.728044228292987, 21.456112430050009 ], [ -157.728406775492175, 21.455545320091041 ], [ -157.728338343846474, 21.454993062680145 ], [ -157.72848049080423, 21.453988855019904 ], [ -157.729039253780968, 21.45221197890325 ], [ -157.728981381866845, 21.451745880460834 ], [ -157.729030754634692, 21.451398632357009 ], [ -157.72831931067509, 21.450244363589107 ], [ -157.728874705279793, 21.449441520765713 ] ] ] } },
{ "type": "Feature", "properties": { "ID": 73, "GRIDCODE": 2 }, "geometry": { "type": "Polygon", "coordinates": [ [ [ -157.755820220654215, 21.446662947445603 ], [ -157.757362545287236, 21.446802963333607 ], [ -157.758219240769137, 21.448056383164289 ], [ -157.757446951512094, 21.449086184632531 ], [ -157.756173471939036, 21.449343497260852 ], [ -157.75563948143926, 21.448607091359932 ], [ -157.754564798193002, 21.44882431892669 ], [ -157.754394118161628, 21.448083797971478 ], [ -157.755012018532142, 21.447260022285896 ], [ -157.755700702031277, 21.446822374369425 ], [ -157.755820220654215, 21.446662947445603 ] ] ] } },
{ "type": "Feature", "properties": { "ID": 74, "GRIDCODE": 2 }, "geometry": { "type": "Polygon", "coordinates": [ [ [ -158.176254362072626, 21.430830140800424 ], [ -158.17843541220455, 21.430966314257763 ], [ -158.179339191541885, 21.431444262932928 ], [ -158.181593294125292, 21.43184060589606 ], [ -158.181243913955313, 21.432849126084356 ], [ -158.180220203962307, 21.433949961999421 ], [ -158.179855239339417, 21.433975635688366 ], [ -158.179384617705807, 21.433937862526168 ], [ -158.175919436010872, 21.435149633343919 ], [ -158.172795260400363, 21.437543366142616 ], [ -158.17115824572511, 21.438096991818437 ], [ -158.171921271684084, 21.436242235429223 ], [ -158.172330490552866, 21.435563959273161 ], [ -158.17369571899124, 21.432739461169994 ], [ -158.174421118981144, 21.431959446632067 ], [ -158.176119553162238, 21.430975053068302 ], [ -158.176254362072626, 21.430830140800424 ] ] ] } },
{ "type": "Feature", "properties": { "ID": 75, "GRIDCODE": 2 }, "geometry": { "type": "Polygon", "coordinates": [ [ [ -157.966172356186377, 21.420450240674747 ], [ -157.966813913293834, 21.420541804735802 ], [ -157.966259387259782, 21.421036561444961 ], [ -157.966172356186377, 21.420450240674747 ] ] ] } },
{ "type": "Feature", "properties": { "ID": 76, "GRIDCODE": 2 }, "geometry": { "type": "Polygon", "coordinates": [ [ [ -157.762136596550505, 21.418524860997266 ], [ -157.762488528524244, 21.418620223457026 ], [ -157.762233013070301, 21.41885599832532 ], [ -157.762136596550505, 21.418524860997266 ] ] ] } },
{ "type": "Feature", "properties": { "ID": 77, "GRIDCODE": 2 }, "geometry": { "type": "Polygon", "coordinates": [ [ [ -158.012843838154851, 21.409890694375331 ], [ -158.013196079407862, 21.409985537120004 ], [ -158.012940680843286, 21.410221710769473 ], [ -158.012843838154851, 21.409890694375331 ] ] ] } },
{ "type": "Feature", "properties": { "ID": 78, "GRIDCODE": 2 }, "geometry": { "type": "Polygon", "coordinates": [ [ [ -157.772071536472112, 21.407215542964728 ], [ -157.772423449348196, 21.407310883686886 ], [ -157.77216796967565, 21.407546675730643 ], [ -157.772071536472112, 21.407215542964728 ] ] ] } },
{ "type": "Feature", "properties": { "ID": 79, "GRIDCODE": 2 }, "geometry": { "type": "Polygon", "coordinates": [ [ [ -157.979277706014472, 21.408876552682234 ], [ -157.979485082613706, 21.407402200276881 ], [ -157.980263803428926, 21.408146898016046 ], [ -157.979277706014472, 21.408876552682234 ] ] ] } },
{ "type": "Feature", "properties": { "ID": 80, "GRIDCODE": 2 }, "geometry": { "type": "Polygon", "coordinates": [ [ [ -157.772071536472112, 21.407215542964728 ], [ -157.771492767201238, 21.407211301699725 ], [ -157.77139633571926, 21.406880168615796 ], [ -157.771140855270772, 21.407115959062242 ], [ -157.771492767201238, 21.407211301699725 ], [ -157.771341981874485, 21.407634841066358 ], [ -157.770652651445516, 21.408245381951708 ], [ -157.769701871472847, 21.407777701037077 ], [ -157.769300434015861, 21.408162875281938 ], [ -157.76814307513348, 21.408132207493747 ], [ -157.767427941988217, 21.408818369363342 ], [ -157.767861272187758, 21.40921450708143 ], [ -157.768140419720339, 21.409764004769393 ], [ -157.768433235565396, 21.410031741438296 ], [ -157.768967347942919, 21.411083381710451 ], [ -157.769864031227456, 21.412343454281363 ], [ -157.769851144089017, 21.412768731725528 ], [ -157.768841813757717, 21.412741999007444 ], [ -157.768257277450601, 21.412748885119218 ], [ -157.767838551415025, 21.411924307773095 ], [ -157.76754345801433, 21.411927827866979 ], [ -157.767262037941379, 21.411649057801469 ], [ -157.766825052052724, 21.411654245536134 ], [ -157.766388207272996, 21.411642627380566 ], [ -157.766096445629273, 21.411922604801216 ], [ -157.765231231022682, 21.411899690598077 ], [ -157.764081952284386, 21.411913184834717 ], [ -157.763789324900472, 21.411623607900736 ], [ -157.762327078109621, 21.411347230444321 ], [ -157.762344949897368, 21.412681568381771 ], [ -157.762033335694611, 21.413236900331864 ], [ -157.762040875853899, 21.413784400479472 ], [ -157.761453133521144, 21.413768875399917 ], [ -157.760859549443978, 21.413775800958405 ], [ -157.760870240732771, 21.414585864570004 ], [ -157.760861998494363, 21.414859393380784 ], [ -157.761424065192159, 21.415373081178579 ], [ -157.761722425193597, 21.415821102180089 ], [ -157.760275266881649, 21.416465295646482 ], [ -157.759981438504099, 21.417021085316989 ], [ -157.759105051865021, 21.417280246516476 ], [ -157.759114950526708, 21.41801560412587 ], [ -157.760259451917904, 21.418372763330598 ], [ -157.760830559922027, 21.418653555568049 ], [ -157.761783436222117, 21.418642339550928 ], [ -157.761386347930454, 21.420047514305111 ], [ -157.761403850169529, 21.421357234845253 ], [ -157.761070381598955, 21.421652442256153 ], [ -157.759860926134905, 21.421620335221977 ], [ -157.760221940089963, 21.422984272305367 ], [ -157.758985548198979, 21.423730249722382 ], [ -157.759630662723822, 21.424319986741217 ], [ -157.759619220057971, 21.424704250400886 ], [ -157.758142061625875, 21.425140906000827 ], [ -157.759905978750709, 21.425958400718301 ], [ -157.760182789034815, 21.426784460140823 ], [ -157.759606864997153, 21.426769146296898 ], [ -157.759317396233058, 21.42677255998764 ], [ -157.758883334040462, 21.426761007233587 ], [ -157.758446304058907, 21.426766170913297 ], [ -157.758128924151578, 21.425825344041851 ], [ -157.755825619122277, 21.425386519057874 ], [ -157.754701954127086, 21.424833901561758 ], [ -157.754413849410128, 21.425110178212801 ], [ -157.753670640873565, 21.425090424220315 ], [ -157.75269662587624, 21.422826909137918 ], [ -157.754147422854146, 21.422397978664915 ], [ -157.754436052719143, 21.421825885868468 ], [ -157.752109989868956, 21.42074782968999 ], [ -157.753218086485816, 21.41976666094655 ], [ -157.754257829752504, 21.420278038012132 ], [ -157.755609543954506, 21.419964342633218 ], [ -157.756789517718829, 21.419704278042591 ], [ -157.755900985032071, 21.418892198066516 ], [ -157.756622094902752, 21.41791282848094 ], [ -157.755921487467504, 21.417272318013918 ], [ -157.755930132832447, 21.41698569236933 ], [ -157.75534764419487, 21.416715716574615 ], [ -157.754438860039869, 21.415395006800409 ], [ -157.755270959013302, 21.414658165506207 ], [ -157.756531829130637, 21.41428536230427 ], [ -157.75651745698957, 21.413211739556644 ], [ -157.757134701860736, 21.412111308269846 ], [ -157.75712377150515, 21.411298464368354 ], [ -157.757732681703231, 21.410212855291125 ], [ -157.758875357509567, 21.410243222193767 ], [ -157.759167127593457, 21.409963390117735 ], [ -157.759466403491672, 21.409698235372616 ], [ -157.759171161296081, 21.409150921145905 ], [ -157.760634763449502, 21.408894512953051 ], [ -157.760627760627301, 21.408350854173552 ], [ -157.760656808500784, 21.407386259106254 ], [ -157.761773952784438, 21.406888821113863 ], [ -157.762076949065062, 21.408093267703805 ], [ -157.762810894042076, 21.408364271406199 ], [ -157.763631689913581, 21.406811162077069 ], [ -157.764402194473263, 21.407573964557791 ], [ -157.765010169489841, 21.407566800625496 ], [ -157.765850384247614, 21.406760621477744 ], [ -157.766759649341651, 21.406211862742371 ], [ -157.767317788667867, 21.405676197852088 ], [ -157.767310653522458, 21.405145306940458 ], [ -157.768953137402832, 21.404783150971298 ], [ -157.768205132813677, 21.404099534701452 ], [ -157.76926397294676, 21.403539024310813 ], [ -157.769630468968074, 21.404625756121106 ], [ -157.76997806256125, 21.405270104117086 ], [ -157.771649685338815, 21.406797797949835 ], [ -157.772071536472112, 21.407215542964728 ] ] ] } },
{ "type": "Feature", "properties": { "ID": 81, "GRIDCODE": 2 }, "geometry": { "type": "Polygon", "coordinates": [ [ [ -158.166883287489469, 21.398801654757843 ], [ -158.167906231933671, 21.398932194202281 ], [ -158.168751320525956, 21.399227537477191 ], [ -158.171255458233617, 21.399597586808628 ], [ -158.173201141146535, 21.400920551577169 ], [ -158.174520193290732, 21.402682365325678 ], [ -158.174160740852443, 21.403878948808412 ], [ -158.173511528544736, 21.403826849117188 ], [ -158.16994476218818, 21.404077482847427 ], [ -158.166371239369795, 21.403050580721782 ], [ -158.163932914712262, 21.401760549389273 ], [ -158.161773302222031, 21.401587184326477 ], [ -158.159950492700403, 21.402643739396694 ], [ -158.158883767447861, 21.404036841194678 ], [ -158.158375499363189, 21.405088189788554 ], [ -158.156360725131492, 21.405870852040174 ], [ -158.155053542866398, 21.405962597568976 ], [ -158.151660555465043, 21.405621224710448 ], [ -158.152962666029538, 21.403049142689948 ], [ -158.155523825353953, 21.401367897498272 ], [ -158.158923737671046, 21.400804737819239 ], [ -158.160066363343873, 21.400518057794208 ], [ -158.16111656732852, 21.400602389718969 ], [ -158.16413769888058, 21.400017707160206 ], [ -158.165088713342044, 21.399527025214621 ], [ -158.166748500165255, 21.398946560685292 ], [ -158.166883287489469, 21.398801654757843 ] ] ] } },
{ "type": "Feature", "properties": { "ID": 82, "GRIDCODE": 2 }, "geometry": { "type": "Polygon", "coordinates": [ [ [ -157.720397258781361, 21.392465637932709 ], [ -157.721975383370477, 21.392935261474101 ], [ -157.721239628020527, 21.3935408737762 ], [ -157.720749173758662, 21.394046858846835 ], [ -157.720173297501134, 21.393035253208332 ], [ -157.720397258781361, 21.392465637932709 ] ] ] } },
{ "type": "Feature", "properties": { "ID": 83, "GRIDCODE": 2 }, "geometry": { "type": "Polygon", "coordinates": [ [ [ -157.698411569652137, 21.3917544239366 ], [ -157.698763389564448, 21.391849915280449 ], [ -157.698507826358167, 21.392085590944671 ], [ -157.698411569652137, 21.3917544239366 ] ] ] } },
{ "type": "Feature", "properties": { "ID": 84, "GRIDCODE": 2 }, "geometry": { "type": "Polygon", "coordinates": [ [ [ -157.76525603469679, 21.391717892805396 ], [ -157.765543032964786, 21.391899642679615 ], [ -157.766225437039566, 21.393421621617332 ], [ -157.765376809472514, 21.393152569820167 ], [ -157.76525603469679, 21.391717892805396 ] ] ] } },
{ "type": "Feature", "properties": { "ID": 85, "GRIDCODE": 2 }, "geometry": { "type": "Polygon", "coordinates": [ [ [ -157.764971231812723, 21.391173774876183 ], [ -157.765323101436024, 21.39126912861532 ], [ -157.7650676402572, 21.391504911069976 ], [ -157.764971231812723, 21.391173774876183 ] ] ] } },
{ "type": "Feature", "properties": { "ID": 86, "GRIDCODE": 2 }, "geometry": { "type": "Polygon", "coordinates": [ [ [ -157.697292581633519, 21.387409652042237 ], [ -157.697972609885483, 21.387552155264473 ], [ -157.697649062429662, 21.388030783534195 ], [ -157.697292581633519, 21.387409652042237 ] ] ] } },
{ "type": "Feature", "properties": { "ID": 87, "GRIDCODE": 2 }, "geometry": { "type": "Polygon", "coordinates": [ [ [ -157.740138118888922, 21.385026869222944 ], [ -157.741455213259684, 21.385157241415641 ], [ -157.742290902611501, 21.38573874152598 ], [ -157.742591843732782, 21.385705930657625 ], [ -157.742893879240114, 21.385743460071335 ], [ -157.743156715151855, 21.385441007807586 ], [ -157.743726995124234, 21.385204309457993 ], [ -157.744661387048041, 21.386671418762791 ], [ -157.745758009176456, 21.387507470440429 ], [ -157.747379598349141, 21.387954817667946 ], [ -157.746650086167307, 21.391424450130845 ], [ -157.746330089570165, 21.390342918518638 ], [ -157.745495574944897, 21.388989110034881 ], [ -157.74291776641482, 21.388107092913266 ], [ -157.742150976898756, 21.388190599670594 ], [ -157.742310672896224, 21.387062241141656 ], [ -157.741698178060687, 21.386815155403927 ], [ -157.740317631461323, 21.386040993252113 ], [ -157.740138118888922, 21.385026869222944 ] ] ] } },
{ "type": "Feature", "properties": { "ID": 88, "GRIDCODE": 2 }, "geometry": { "type": "Polygon", "coordinates": [ [ [ -157.907752848949912, 21.375090171390731 ], [ -157.908104929844484, 21.375185229102165 ], [ -157.90784943302026, 21.375421239212979 ], [ -157.907752848949912, 21.375090171390731 ] ] ] } },
{ "type": "Feature", "properties": { "ID": 89, "GRIDCODE": 2 }, "geometry": { "type": "Polygon", "coordinates": [ [ [ -157.918172927750732, 21.374615625916743 ], [ -157.918608781240209, 21.374751233097449 ], [ -157.919224539448919, 21.375053350315131 ], [ -157.919950842839626, 21.375771245195352 ], [ -157.919335381457273, 21.376871617091911 ], [ -157.919898289102008, 21.378447313063759 ], [ -157.920785573895159, 21.379256824179897 ], [ -157.922640235399939, 21.378566111025503 ], [ -157.924281127983789, 21.378608002289081 ], [ -157.923194842759301, 21.379930140305138 ], [ -157.922615810341739, 21.380744914426554 ], [ -157.920665099873702, 21.382834316398103 ], [ -157.924752833841325, 21.382077407552259 ], [ -157.926674177670719, 21.382126499740433 ], [ -157.92741766750521, 21.382861148407137 ], [ -157.927793640569348, 21.384180549679652 ], [ -157.925803112873155, 21.385069280975468 ], [ -157.928543740518023, 21.385445502349167 ], [ -157.929317880989714, 21.385078252969635 ], [ -157.931503661474608, 21.38551208893179 ], [ -157.930959960628797, 21.38648433130442 ], [ -157.930670304016388, 21.387300977277537 ], [ -157.930067208986088, 21.388666864923749 ], [ -157.928621412868409, 21.389312429293145 ], [ -157.927471506886519, 21.389857975238218 ], [ -157.926496052441365, 21.390293468380822 ], [ -157.924263625991244, 21.390956189232728 ], [ -157.924275979033325, 21.391817503156069 ], [ -157.926873341647138, 21.391336630390661 ], [ -157.928327774620357, 21.391080334379559 ], [ -157.929241526387869, 21.390793975170016 ], [ -157.930911804013817, 21.390836523343427 ], [ -157.931919209258922, 21.390358595794506 ], [ -157.932722389902807, 21.38883457709699 ], [ -157.93415419714691, 21.387854542905327 ], [ -157.935232801325895, 21.387882037628692 ], [ -157.936148543284645, 21.389270089335575 ], [ -157.935451295727376, 21.391136288785308 ], [ -157.939077136735762, 21.390812413821152 ], [ -157.940721350243507, 21.391218158381939 ], [ -157.941030610865965, 21.394463053647442 ], [ -157.93649913275442, 21.394347762873068 ], [ -157.935491472945927, 21.394663671370662 ], [ -157.932627011153841, 21.396799214757436 ], [ -157.931009408454798, 21.397684684748473 ], [ -157.930007116156901, 21.398132200159058 ], [ -157.929431989976166, 21.398404976399178 ], [ -157.927350410534928, 21.399158552271022 ], [ -157.912741998310992, 21.385554173352237 ], [ -157.906956178109226, 21.380395035071729 ], [ -157.90729652426964, 21.380093081407345 ], [ -157.907863125302214, 21.380107621961912 ], [ -157.908446254629354, 21.378750753985472 ], [ -157.909044568319928, 21.377936222668385 ], [ -157.910188208658525, 21.377965489604755 ], [ -157.910502463855323, 21.377369179771129 ], [ -157.911361327881195, 21.376606948895091 ], [ -157.912187073157099, 21.375813135240296 ], [ -157.913109311477513, 21.375401396768059 ], [ -157.913976016030347, 21.374990219978539 ], [ -157.914622261242613, 21.37592762530274 ], [ -157.915997954140437, 21.375275042409449 ], [ -157.91673871755026, 21.375638585395187 ], [ -157.917798421799915, 21.374975742469733 ], [ -157.918172927750732, 21.374615625916743 ] ] ] } },
{ "type": "Feature", "properties": { "ID": 90, "GRIDCODE": 2 }, "geometry": { "type": "Polygon", "coordinates": [ [ [ -157.719985922751675, 21.37322098804264 ], [ -157.719716382905631, 21.37435675299443 ], [ -157.72012588176537, 21.374704987779015 ], [ -157.72067150799478, 21.376621418374548 ], [ -157.720972637133997, 21.377150511216449 ], [ -157.721236020967126, 21.378251766199746 ], [ -157.721608679058022, 21.378906849982862 ], [ -157.722737312281453, 21.378343590691763 ], [ -157.723600415414751, 21.377998762020734 ], [ -157.724122196514259, 21.379086761129479 ], [ -157.724713948427848, 21.379894226115727 ], [ -157.724329950703179, 21.380871592168951 ], [ -157.724806168263399, 21.381708481553712 ], [ -157.724304706727111, 21.382121369706788 ], [ -157.723495538284112, 21.38373808354514 ], [ -157.722084466635437, 21.384899631878032 ], [ -157.720985479344989, 21.38536194562376 ], [ -157.719908612862923, 21.384644983945776 ], [ -157.719422618526494, 21.385615669359424 ], [ -157.719462372439551, 21.386340202155065 ], [ -157.719134565583317, 21.386894269305955 ], [ -157.719157251756656, 21.387307040113541 ], [ -157.719082710755856, 21.388338824809932 ], [ -157.718539372613179, 21.388785977602932 ], [ -157.718554753571112, 21.389063983049873 ], [ -157.718477334596059, 21.390133524584222 ], [ -157.717370007654495, 21.388953762363929 ], [ -157.71740631781509, 21.388451526194292 ], [ -157.715646206533989, 21.386954136514003 ], [ -157.714127538322174, 21.386287149074324 ], [ -157.714536470863948, 21.385246749014858 ], [ -157.714819018026844, 21.384149669462094 ], [ -157.715163776148501, 21.382982071877471 ], [ -157.715097237045399, 21.381767787779477 ], [ -157.715439959114804, 21.381188567999317 ], [ -157.715717901697445, 21.380617320456288 ], [ -157.71514716560614, 21.380644775269317 ], [ -157.714713388007425, 21.38061723670674 ], [ -157.714134454077168, 21.380645088406574 ], [ -157.713523607994716, 21.380606264981125 ], [ -157.713025211942352, 21.379566913590629 ], [ -157.711394127720183, 21.380615527746709 ], [ -157.710558617069296, 21.380966921563015 ], [ -157.709677061092066, 21.380027235739341 ], [ -157.709068730536728, 21.380056498009928 ], [ -157.70879662449039, 21.379766459762088 ], [ -157.707184211784011, 21.379844025364562 ], [ -157.708223440528258, 21.379236112558928 ], [ -157.708498886939338, 21.378952009029351 ], [ -157.710253448078106, 21.378709716841577 ], [ -157.713593324596985, 21.377899311927713 ], [ -157.71447046445499, 21.377955061958811 ], [ -157.716036769596826, 21.37765410029489 ], [ -157.716764236946233, 21.377700290093294 ], [ -157.717494391715292, 21.377665115752993 ], [ -157.718057528405097, 21.37795736433543 ], [ -157.718793903228686, 21.377921901081752 ], [ -157.71819305398958, 21.376865901886688 ], [ -157.718684015023797, 21.376035986718097 ], [ -157.718587914561027, 21.374286673416623 ], [ -157.719065385281937, 21.373479612298233 ], [ -157.719985922751675, 21.37322098804264 ] ] ] } },
{ "type": "Feature", "properties": { "ID": 91, "GRIDCODE": 2 }, "geometry": { "type": "Polygon", "coordinates": [ [ [ -158.043210946675828, 21.368870392670832 ], [ -158.043563113190544, 21.368965169108613 ], [ -158.043307835442477, 21.369201394688098 ], [ -158.043210946675828, 21.368870392670832 ] ] ] } },
{ "type": "Feature", "properties": { "ID": 92, "GRIDCODE": 2 }, "geometry": { "type": "Polygon", "coordinates": [ [ [ -157.915932060145536, 21.364573360823076 ], [ -157.916596621719066, 21.364687488851335 ], [ -157.916086758591064, 21.364918496643718 ], [ -157.915932060145536, 21.364573360823076 ] ] ] } },
{ "type": "Feature", "properties": { "ID": 93, "GRIDCODE": 2 }, "geometry": { "type": "Polygon", "coordinates": [ [ [ -157.919994402419633, 21.362973410781123 ], [ -157.919892952321533, 21.36330319878347 ], [ -157.919640980916256, 21.36306390378277 ], [ -157.919994402419633, 21.362973410781123 ] ] ] } },
{ "type": "Feature", "properties": { "ID": 94, "GRIDCODE": 2 }, "geometry": { "type": "Polygon", "coordinates": [ [ [ -157.919994402419633, 21.362973410781123 ], [ -157.920095852030812, 21.36264362268555 ], [ -157.920347823521951, 21.362882917016034 ], [ -157.919994402419633, 21.362973410781123 ] ] ] } },
{ "type": "Feature", "properties": { "ID": 95, "GRIDCODE": 2 }, "geometry": { "type": "Polygon", "coordinates": [ [ [ -157.897146903925744, 21.361740799388109 ], [ -157.897144875219595, 21.362011806787208 ], [ -157.896855566523129, 21.362009906150416 ], [ -157.896857595761219, 21.361738898777734 ], [ -157.897146903925744, 21.361740799388109 ] ] ] } },
{ "type": "Feature", "properties": { "ID": 96, "GRIDCODE": 2 }, "geometry": { "type": "Polygon", "coordinates": [ [ [ -157.897146903925744, 21.361740799388109 ], [ -157.897248403034297, 21.361411027205772 ], [ -157.897500333724963, 21.36165035418788 ], [ -157.897146903925744, 21.361740799388109 ] ] ] } },
{ "type": "Feature", "properties": { "ID": 97, "GRIDCODE": 2 }, "geometry": { "type": "Polygon", "coordinates": [ [ [ -157.730807258526511, 21.35975275161659 ], [ -157.730455489510263, 21.359657329927657 ], [ -157.730710945065084, 21.359421599314508 ], [ -157.730807258526511, 21.35975275161659 ] ] ] } },
{ "type": "Feature", "properties": { "ID": 98, "GRIDCODE": 2 }, "geometry": { "type": "Polygon", "coordinates": [ [ [ -157.719985922751675, 21.37322098804264 ], [ -157.719862692715651, 21.371990457411759 ], [ -157.71944439787228, 21.371647382060612 ], [ -157.719690839139901, 21.369040682259648 ], [ -157.717868852808749, 21.368377110608844 ], [ -157.718384537283328, 21.367494981393317 ], [ -157.718788933183419, 21.368362368342684 ], [ -157.719319250394051, 21.367941312056054 ], [ -157.719794664339474, 21.367432829578838 ], [ -157.720760101844405, 21.367367542056051 ], [ -157.721338324630551, 21.367415549865569 ], [ -157.721635730672148, 21.367395385558432 ], [ -157.722352891772005, 21.36777731918534 ], [ -157.722831702470103, 21.367397211707864 ], [ -157.721964266583569, 21.36668563165798 ], [ -157.722804972113437, 21.366341824230783 ], [ -157.723232172882234, 21.3658849692976 ], [ -157.72380531846099, 21.366518415570347 ], [ -157.724459235129473, 21.365818870795351 ], [ -157.725012764835242, 21.365781458757873 ], [ -157.725698136339247, 21.366343698554576 ], [ -157.726192094539044, 21.366889464025803 ], [ -157.725989779550076, 21.366074904120367 ], [ -157.725642770127251, 21.365166814357242 ], [ -157.726796288486241, 21.363933071010639 ], [ -157.727450320791291, 21.364459932838667 ], [ -157.727713973767749, 21.36530473014248 ], [ -157.728582659890122, 21.364859278220276 ], [ -157.728306336190343, 21.365841575458667 ], [ -157.727725654345477, 21.366798143271705 ], [ -157.728586969740491, 21.366356605756334 ], [ -157.728971447746289, 21.367181540917869 ], [ -157.729188034756191, 21.366606097009896 ], [ -157.729129322241988, 21.365846551055409 ], [ -157.729465867956606, 21.365579347316292 ], [ -157.729744070157551, 21.364738653366075 ], [ -157.730590894722468, 21.365189682464749 ], [ -157.730631000934522, 21.364765079239795 ], [ -157.730590353314113, 21.364236186047293 ], [ -157.730913477987741, 21.364214280670701 ], [ -157.731480965569602, 21.364261311861345 ], [ -157.731215835906198, 21.363946417640619 ], [ -157.730907231141572, 21.363693190258726 ], [ -157.730622046386827, 21.363378011237071 ], [ -157.729858764718244, 21.363429668667564 ], [ -157.728621034030397, 21.362901043213618 ], [ -157.72889169704095, 21.362573793585042 ], [ -157.729453542090738, 21.362127666855457 ], [ -157.726318072873141, 21.361567317617173 ], [ -157.72684371197505, 21.360341842072447 ], [ -157.72819745497344, 21.360454060914119 ], [ -157.72908256088985, 21.360394201939325 ], [ -157.730387674153604, 21.360773140079583 ], [ -157.730949885700085, 21.361234320745972 ], [ -157.731284989584424, 21.361953081242188 ], [ -157.732136701682322, 21.361276898755431 ], [ -157.730807258526511, 21.35975275161659 ], [ -157.731526680083505, 21.359608392379492 ], [ -157.732075421185783, 21.359665005365695 ], [ -157.732677949632006, 21.359347863559503 ], [ -157.733405539902009, 21.359107354866662 ], [ -157.734692480250629, 21.360582729834849 ], [ -157.734969168269203, 21.362052405357858 ], [ -157.733112647180263, 21.363105834381642 ], [ -157.734364714838847, 21.363842423694869 ], [ -157.733306728396286, 21.364652168180172 ], [ -157.732235649440753, 21.365077789364619 ], [ -157.731782537329934, 21.365626970367657 ], [ -157.732580741075111, 21.36555684384204 ], [ -157.733201347786462, 21.365768556317271 ], [ -157.732436034649425, 21.367630661263963 ], [ -157.734631052503687, 21.367437813033682 ], [ -157.734918161290892, 21.367991390118657 ], [ -157.733263881317242, 21.368648561864656 ], [ -157.732893801917356, 21.369430740698512 ], [ -157.731865125526355, 21.369324717801181 ], [ -157.732623958156296, 21.369924868679711 ], [ -157.732245774176391, 21.370531781717638 ], [ -157.731427118345067, 21.370447389862729 ], [ -157.731109609833396, 21.370799629627967 ], [ -157.729923939172608, 21.371270615922498 ], [ -157.729297981638297, 21.372593659366256 ], [ -157.728025997253184, 21.37340511976247 ], [ -157.727389660857227, 21.371774246891931 ], [ -157.726650487752039, 21.371189373688871 ], [ -157.726242242112789, 21.369846188564637 ], [ -157.725708479783123, 21.37043814282816 ], [ -157.7253508141483, 21.370401286200227 ], [ -157.724915647535227, 21.371320373698222 ], [ -157.723939832990254, 21.370786953059817 ], [ -157.723034990355075, 21.370411140386953 ], [ -157.722777158709818, 21.36984215288674 ], [ -157.721887171312716, 21.369318372359459 ], [ -157.721613845852033, 21.369005187641797 ], [ -157.720744564410325, 21.369969388553269 ], [ -157.720229973531275, 21.373034282113625 ], [ -157.719985922751675, 21.37322098804264 ] ] ] } },
{ "type": "Feature", "properties": { "ID": 99, "GRIDCODE": 2 }, "geometry": { "type": "Polygon", "coordinates": [ [ [ -157.737180867505884, 21.35871677243469 ], [ -157.737860660606032, 21.359338601881415 ], [ -157.742121070834344, 21.364276732688797 ], [ -157.744379140810935, 21.368181394131337 ], [ -157.753429569802705, 21.37478710445891 ], [ -157.754110581239246, 21.376049685684123 ], [ -157.751790301055593, 21.375706184721821 ], [ -157.750785765408011, 21.375211937174612 ], [ -157.749914411623593, 21.374939863937765 ], [ -157.749572101498785, 21.37392446758275 ], [ -157.74905110680902, 21.374385985633698 ], [ -157.748468876323869, 21.375203473165648 ], [ -157.747671440603312, 21.374413607436011 ], [ -157.746745713181411, 21.373958167696408 ], [ -157.747023532177849, 21.374647293800621 ], [ -157.748068363190015, 21.376116003050448 ], [ -157.747008696007697, 21.377054377232643 ], [ -157.747285177874744, 21.377901361271736 ], [ -157.747858277590439, 21.379255525639266 ], [ -157.747845757221427, 21.379664394456242 ], [ -157.747854414230943, 21.380307510989979 ], [ -157.747552482138616, 21.381155469857692 ], [ -157.746676577618814, 21.381414512450988 ], [ -157.744984517688437, 21.382214890591325 ], [ -157.744344555071507, 21.381380268759099 ], [ -157.744392858848926, 21.379792222894334 ], [ -157.743869355414205, 21.378821643220249 ], [ -157.744500880308578, 21.377695621087245 ], [ -157.74382574261972, 21.37707828299845 ], [ -157.744403540405784, 21.376519350350225 ], [ -157.744986622478677, 21.376002932553003 ], [ -157.744322058087477, 21.37533916210019 ], [ -157.743530246123669, 21.375713878708375 ], [ -157.743577096344694, 21.374164130637567 ], [ -157.74299729166566, 21.372443683272095 ], [ -157.742204583775276, 21.370973261825018 ], [ -157.743548951292297, 21.371634786287338 ], [ -157.743298169043413, 21.371090889907421 ], [ -157.742445600099586, 21.370311174515226 ], [ -157.742143153922967, 21.368869965073458 ], [ -157.742173388912079, 21.367877196441061 ], [ -157.7418569673994, 21.366617436800954 ], [ -157.740258390997809, 21.367373748154399 ], [ -157.739754607539965, 21.366913101639863 ], [ -157.740157723123872, 21.366194406739385 ], [ -157.740150687409511, 21.365662657027567 ], [ -157.740748606354629, 21.364068082364785 ], [ -157.740457847039011, 21.363741364742925 ], [ -157.739286629849005, 21.363754936879122 ], [ -157.739320017071947, 21.362659836318709 ], [ -157.738737771698368, 21.362389813148557 ], [ -157.738400747491539, 21.361725901839673 ], [ -157.73703596314607, 21.362371594031536 ], [ -157.736703263113895, 21.36209391341022 ], [ -157.736744136789696, 21.360753863696782 ], [ -157.73615824994755, 21.360218154805036 ], [ -157.73645649038491, 21.359637690079733 ], [ -157.737035542327106, 21.359124906018192 ], [ -157.737180867505884, 21.35871677243469 ] ] ] } },
{ "type": "Feature", "properties": { "ID": 100, "GRIDCODE": 2 }, "geometry": { "type": "Polygon", "coordinates": [ [ [ -157.900062242479322, 21.358778693204634 ], [ -157.900360618053583, 21.359041346403753 ], [ -157.900774897168219, 21.359466073646885 ], [ -157.901195377976279, 21.359836186368977 ], [ -157.902300477390042, 21.360278795179351 ], [ -157.903965217149249, 21.35974438561195 ], [ -157.904519907676104, 21.361426206679006 ], [ -157.905488623851483, 21.362278804250295 ], [ -157.907848394346274, 21.36220656563054 ], [ -157.908780202788847, 21.36224722998616 ], [ -157.910006579064287, 21.363049535608162 ], [ -157.912360063635163, 21.364366179250506 ], [ -157.913930061417034, 21.36472722921653 ], [ -157.91518825080928, 21.364688649996477 ], [ -157.91549078577637, 21.364813874620392 ], [ -157.914041043436669, 21.365233532431169 ], [ -157.91347064459984, 21.365511582468493 ], [ -157.913171803229346, 21.365498531884356 ], [ -157.912601401843943, 21.365776578845534 ], [ -157.912009822227418, 21.36603344529615 ], [ -157.911440125996904, 21.366311095704496 ], [ -157.909980585532679, 21.366562324152746 ], [ -157.909701000962428, 21.3667340654039 ], [ -157.911372106041426, 21.367486051653071 ], [ -157.91039606076842, 21.368321499770918 ], [ -157.90940246701507, 21.369312122395989 ], [ -157.907945934718867, 21.369248527441314 ], [ -157.907654867870207, 21.369538762024938 ], [ -157.906771928259218, 21.370064733729201 ], [ -157.906491533021494, 21.370344250370113 ], [ -157.902809927105295, 21.37068698879914 ], [ -157.900636146189157, 21.371205343937035 ], [ -157.899535004721685, 21.372000139479059 ], [ -157.902702391778547, 21.371903298899678 ], [ -157.903114797487092, 21.372736789931437 ], [ -157.905102725309376, 21.373046729311813 ], [ -157.906949904211274, 21.373666714808618 ], [ -157.907318246509362, 21.374425669738972 ], [ -157.906216029412292, 21.374377598067273 ], [ -157.905578724771942, 21.376370038495409 ], [ -157.906166543173896, 21.377976506989775 ], [ -157.906090808622395, 21.379498123253239 ], [ -157.901801892746363, 21.375896816458475 ], [ -157.894247807441502, 21.368075096042983 ], [ -157.894709803600477, 21.366867413448066 ], [ -157.896367138172224, 21.365449174164564 ], [ -157.897134125378585, 21.364353524268893 ], [ -157.898476906352585, 21.363770673240854 ], [ -157.899292331389375, 21.362957797931987 ], [ -157.900769130944809, 21.363022326195587 ], [ -157.900469413593697, 21.361632241449978 ], [ -157.900207384550782, 21.359452035397734 ], [ -157.900062242479322, 21.358778693204634 ] ], [ [ -157.904857480303662, 21.375342322070374 ], [ -157.905210939220012, 21.375251861974828 ], [ -157.904958973240525, 21.375012545409437 ], [ -157.904857480303662, 21.375342322070374 ], [ -157.904504020986479, 21.37543278140172 ], [ -157.904755986878939, 21.375672098637722 ], [ -157.904857480303662, 21.375342322070374 ] ] ] } },
{ "type": "Feature", "properties": { "ID": 101, "GRIDCODE": 2 }, "geometry": { "type": "Polygon", "coordinates": [ [ [ -157.904701161105407, 21.357453909805297 ], [ -157.905190317135606, 21.357574877506973 ], [ -157.904814403446778, 21.358107389069541 ], [ -157.904483741945882, 21.358918296114052 ], [ -157.904139301007064, 21.358238362969676 ], [ -157.904701161105407, 21.357453909805297 ] ] ] } },
{ "type": "Feature", "properties": { "ID": 102, "GRIDCODE": 2 }, "geometry": { "type": "Polygon", "coordinates": [ [ [ -157.899214579232137, 21.356062928386518 ], [ -157.899936696351062, 21.356218521601399 ], [ -157.901391234451097, 21.355925129658264 ], [ -157.901660264746482, 21.356068553580382 ], [ -157.9005297454801, 21.356935820864706 ], [ -157.900119086410427, 21.357806208547348 ], [ -157.899546759041243, 21.357151439356322 ], [ -157.899214579232137, 21.356062928386518 ] ] ] } },
{ "type": "Feature", "properties": { "ID": 103, "GRIDCODE": 2 }, "geometry": { "type": "Polygon", "coordinates": [ [ [ -157.899214579232137, 21.356062928386518 ], [ -157.898862550097817, 21.355967854022602 ], [ -157.899118025381881, 21.355731856225063 ], [ -157.899214579232137, 21.356062928386518 ] ] ] } },
{ "type": "Feature", "properties": { "ID": 104, "GRIDCODE": 2 }, "geometry": { "type": "Polygon", "coordinates": [ [ [ -157.896855566523129, 21.362009906150416 ], [ -157.896496743496471, 21.362367563637711 ], [ -157.895320742395995, 21.362940645149791 ], [ -157.894006760046523, 21.363224717532134 ], [ -157.89321643358457, 21.364284468543232 ], [ -157.892792326443072, 21.365901574284898 ], [ -157.892258468450109, 21.365917902430489 ], [ -157.885963159389377, 21.358965498806647 ], [ -157.883598432028663, 21.356883597069224 ], [ -157.885728703616763, 21.355614965819559 ], [ -157.886280116126244, 21.355065268660002 ], [ -157.889234309685548, 21.354360966033266 ], [ -157.889248933090897, 21.354782348639901 ], [ -157.888437928345979, 21.355869930478619 ], [ -157.889234986652639, 21.355845561508421 ], [ -157.889838976573799, 21.355872052207449 ], [ -157.890390659437458, 21.355322144315213 ], [ -157.890995208757772, 21.354804740759135 ], [ -157.892355885424195, 21.353448295271875 ], [ -157.894436811497172, 21.354919007701742 ], [ -157.894456687138018, 21.355489631930851 ], [ -157.894397644169288, 21.356675157383627 ], [ -157.895294941759033, 21.35726234121913 ], [ -157.895589266879796, 21.357253359612617 ], [ -157.89588328713694, 21.357266210654696 ], [ -157.8964543928289, 21.356987827822135 ], [ -157.896748412707353, 21.357000677329918 ], [ -157.897598181753978, 21.356974696264729 ], [ -157.897622723069503, 21.357678611832881 ], [ -157.897577171031571, 21.35859353756139 ], [ -157.898169581548927, 21.359660335878257 ], [ -157.897712100007936, 21.360196198868575 ], [ -157.895854494592669, 21.361202835499917 ], [ -157.896127762252178, 21.361874773287767 ], [ -157.896855566523129, 21.362009906150416 ] ] ] } },
{ "type": "Feature", "properties": { "ID": 105, "GRIDCODE": 2 }, "geometry": { "type": "Polygon", "coordinates": [ [ [ -157.896924542664436, 21.352795650473013 ], [ -157.897632890729312, 21.352995428436895 ], [ -157.897286620607503, 21.353982090804745 ], [ -157.896924542664436, 21.352795650473013 ] ] ] } },
{ "type": "Feature", "properties": { "ID": 106, "GRIDCODE": 2 }, "geometry": { "type": "Polygon", "coordinates": [ [ [ -157.737180867505884, 21.35871677243469 ], [ -157.734576846253873, 21.359276304116182 ], [ -157.733840054335758, 21.358286290912872 ], [ -157.734303162550219, 21.357523533364635 ], [ -157.733299940079462, 21.357095163426454 ], [ -157.733573950015511, 21.356375972958404 ], [ -157.73389749333947, 21.355842944782523 ], [ -157.732546981075217, 21.354735091146654 ], [ -157.732141427908005, 21.353865078867951 ], [ -157.731574470978501, 21.353399897137848 ], [ -157.731316169807883, 21.352293796137058 ], [ -157.730788031374288, 21.351389772766819 ], [ -157.732267079346173, 21.3504240267326 ], [ -157.732776510086552, 21.350678766231738 ], [ -157.733076610158832, 21.352970581187435 ], [ -157.734798351235924, 21.355820688310263 ], [ -157.736476608600498, 21.357752885059035 ], [ -157.737180867505884, 21.35871677243469 ] ] ] } },
{ "type": "Feature", "properties": { "ID": 107, "GRIDCODE": 2 }, "geometry": { "type": "Polygon", "coordinates": [ [ [ -157.923549308045949, 21.351613291014495 ], [ -157.923927302926529, 21.350977724305412 ], [ -157.924195794189558, 21.351487347361914 ], [ -157.923549308045949, 21.351613291014495 ] ] ] } },
{ "type": "Feature", "properties": { "ID": 108, "GRIDCODE": 2 }, "geometry": { "type": "Polygon", "coordinates": [ [ [ -157.923549308045949, 21.351613291014495 ], [ -157.923263789412232, 21.351887909439128 ], [ -157.922818182337465, 21.352283580031088 ], [ -157.922824091825902, 21.352692732559184 ], [ -157.922796536188713, 21.353641135291475 ], [ -157.922808231888069, 21.354456925041934 ], [ -157.921983660626324, 21.354825216645157 ], [ -157.921627596955318, 21.356090503715219 ], [ -157.921635202051135, 21.356614930854704 ], [ -157.921619173394106, 21.357164416053003 ], [ -157.92233963878374, 21.358496892733427 ], [ -157.921619853886483, 21.361182910357819 ], [ -157.921248503611025, 21.357355310848401 ], [ -157.92050096127727, 21.356616443776069 ], [ -157.91989645362392, 21.35660097742598 ], [ -157.919462442097341, 21.356606522476888 ], [ -157.918883923188531, 21.356591682879511 ], [ -157.918186566542488, 21.356600557771017 ], [ -157.91758117734409, 21.356320539576362 ], [ -157.916863308820496, 21.355968266735879 ], [ -157.915588029450021, 21.356573277134949 ], [ -157.914688183740537, 21.356301867622815 ], [ -157.913965114766256, 21.355947034664862 ], [ -157.910649977478414, 21.355419448121065 ], [ -157.910973989555004, 21.354852708025074 ], [ -157.912256740564345, 21.353714140408069 ], [ -157.912685123707831, 21.353302242716953 ], [ -157.912998235840917, 21.353024182513408 ], [ -157.913844793893531, 21.351418017206697 ], [ -157.914147222456251, 21.351956591250932 ], [ -157.914625156807006, 21.353849623346832 ], [ -157.915828356290206, 21.353880421122476 ], [ -157.916449555010075, 21.353603019507474 ], [ -157.917024524096263, 21.353330279977275 ], [ -157.918767884754232, 21.353075915725118 ], [ -157.919058392224684, 21.352796639575931 ], [ -157.919495189870133, 21.354972327814291 ], [ -157.919900228556202, 21.354139104226036 ], [ -157.919923233266616, 21.353351659211569 ], [ -157.919915461907152, 21.352812144738596 ], [ -157.920503264840789, 21.352290288197363 ], [ -157.920534971281285, 21.351201372843835 ], [ -157.919929864742016, 21.350904360319628 ], [ -157.918775230283273, 21.350919031707289 ], [ -157.918213205052098, 21.34981464873217 ], [ -157.917058642348877, 21.349455396046984 ], [ -157.917384333193326, 21.347750702235107 ], [ -157.918803704132841, 21.348192315231589 ], [ -157.920508556610997, 21.34875128005617 ], [ -157.921085229890195, 21.348743934950022 ], [ -157.921692426403894, 21.349024745487224 ], [ -157.921242315496954, 21.350229613664478 ], [ -157.922495563354659, 21.351468574795806 ], [ -157.923549308045949, 21.351613291014495 ] ] ] } },
{ "type": "Feature", "properties": { "ID": 109, "GRIDCODE": 2 }, "geometry": { "type": "Polygon", "coordinates": [ [ [ -157.881058863374818, 21.346728259096981 ], [ -157.881764658538884, 21.346922394914362 ], [ -157.881251971391492, 21.34737831283617 ], [ -157.881058863374818, 21.346728259096981 ] ] ] } },
{ "type": "Feature", "properties": { "ID": 110, "GRIDCODE": 2 }, "geometry": { "type": "Polygon", "coordinates": [ [ [ -157.876457278176332, 21.343174288277989 ], [ -157.87689569864412, 21.343307568455899 ], [ -157.877187273384607, 21.343897278524882 ], [ -157.877759188231181, 21.344400792732809 ], [ -157.876993332741989, 21.345733505054021 ], [ -157.878911836518256, 21.346033020217082 ], [ -157.878877844658689, 21.346713717804334 ], [ -157.878911681126226, 21.347688252366165 ], [ -157.880449332567764, 21.347641405089892 ], [ -157.880025052195776, 21.348749917656665 ], [ -157.880044068520078, 21.349296186723343 ], [ -157.879990246235479, 21.350374945073018 ], [ -157.88060065873745, 21.3506498356431 ], [ -157.880872675030105, 21.35147503017328 ], [ -157.88116894353152, 21.352008721814872 ], [ -157.881515506172065, 21.352709554877379 ], [ -157.882679877783261, 21.351970345683455 ], [ -157.884433033232824, 21.35120943285985 ], [ -157.884935329262959, 21.351231427337868 ], [ -157.885356349918965, 21.350811811375639 ], [ -157.885845162792975, 21.350393504108759 ], [ -157.886711926473936, 21.350431474598281 ], [ -157.886656480663021, 21.351544500523509 ], [ -157.885622402968039, 21.352429376249177 ], [ -157.884854791550538, 21.353194531869548 ], [ -157.884245580013413, 21.354381955242044 ], [ -157.882310882436258, 21.355810604352133 ], [ -157.876315007177482, 21.35075871439917 ], [ -157.870130511086927, 21.346135240213588 ], [ -157.868495682141202, 21.344729308180053 ], [ -157.869627213260031, 21.344238291913445 ], [ -157.870947358088188, 21.344681752822485 ], [ -157.873078520638529, 21.344616925954266 ], [ -157.875144786368992, 21.343837894714014 ], [ -157.876055897835585, 21.343574361963363 ], [ -157.876457278176332, 21.343174288277989 ] ] ] } },
{ "type": "Feature", "properties": { "ID": 111, "GRIDCODE": 2 }, "geometry": { "type": "Polygon", "coordinates": [ [ [ -158.112522863112133, 21.342689830733367 ], [ -158.113208194808578, 21.342840480030606 ], [ -158.112653342022753, 21.343589380063996 ], [ -158.112522863112133, 21.342689830733367 ] ] ] } },
{ "type": "Feature", "properties": { "ID": 112, "GRIDCODE": 2 }, "geometry": { "type": "Polygon", "coordinates": [ [ [ -158.111076414533329, 21.342682184628472 ], [ -158.111451526449002, 21.34283490510542 ], [ -158.111188531521691, 21.343298692680058 ], [ -158.111076414533329, 21.342682184628472 ] ] ] } },
{ "type": "Feature", "properties": { "ID": 113, "GRIDCODE": 2 }, "geometry": { "type": "Polygon", "coordinates": [ [ [ -158.086811412876784, 21.336860365295436 ], [ -158.086573119246793, 21.337179731141536 ], [ -158.085650948219836, 21.337396121934869 ], [ -158.085887397477592, 21.336964456618542 ], [ -158.086811412876784, 21.336860365295436 ] ] ] } },
{ "type": "Feature", "properties": { "ID": 114, "GRIDCODE": 2 }, "geometry": { "type": "Polygon", "coordinates": [ [ [ -157.727264114337402, 21.334522107739392 ], [ -157.727615821848758, 21.334617533300978 ], [ -157.727360406847851, 21.334853261778758 ], [ -157.727264114337402, 21.334522107739392 ] ] ] } },
{ "type": "Feature", "properties": { "ID": 115, "GRIDCODE": 2 }, "geometry": { "type": "Polygon", "coordinates": [ [ [ -158.103370823963758, 21.562175914675052 ], [ -158.103273688253495, 21.561844945539459 ], [ -158.103018154042104, 21.56208124829665 ], [ -158.103370823963758, 21.562175914675052 ], [ -158.103093197311466, 21.562484884219852 ], [ -158.101107362402018, 21.561774649255465 ], [ -158.098135686077029, 21.562041729475474 ], [ -158.096913341827673, 21.562687863300532 ], [ -158.096569210337179, 21.563202179281017 ], [ -158.09770368941372, 21.562810387824925 ], [ -158.10016675559217, 21.562480753802181 ], [ -158.10186097413245, 21.563750009576559 ], [ -158.101696857016833, 21.565175258045929 ], [ -158.102227311769013, 21.566519355531213 ], [ -158.101704920105504, 21.566920499565743 ], [ -158.101760443630496, 21.567460999665634 ], [ -158.101438357915526, 21.567980076245735 ], [ -158.101163652161205, 21.569900792815666 ], [ -158.099992834571111, 21.571404174448521 ], [ -158.098228188108408, 21.572108656487924 ], [ -158.097361031714314, 21.572021249431064 ], [ -158.096802478494794, 21.572316443597593 ], [ -158.095895776777127, 21.572559987931225 ], [ -158.096287188851193, 21.573551529673303 ], [ -158.096168616446988, 21.574579872862362 ], [ -158.093451340312413, 21.574983489714697 ], [ -158.092238830725989, 21.574325126956047 ], [ -158.091004420234015, 21.572801946857229 ], [ -158.089788704423626, 21.571846122318057 ], [ -158.088979455485003, 21.572273844748569 ], [ -158.086724959917206, 21.572636939590492 ], [ -158.08555170561516, 21.571299790831226 ], [ -158.083844364320981, 21.571453052021123 ], [ -158.083025551769907, 21.572364184609391 ], [ -158.082735810851148, 21.572362589460017 ], [ -158.082734105208687, 21.572633605595264 ], [ -158.082380257321375, 21.572724424808637 ], [ -158.082632851169308, 21.572963492701707 ], [ -158.082734105208687, 21.572633605595264 ], [ -158.083023846666066, 21.572635200766644 ], [ -158.083025551769907, 21.572364184609391 ], [ -158.08346917303453, 21.572238722533857 ], [ -158.084034042259617, 21.571955585080605 ], [ -158.084747266403298, 21.571703698229598 ], [ -158.085477546531024, 21.572791811604336 ], [ -158.086106035251476, 21.573644002609505 ], [ -158.088034828893711, 21.57421263774517 ], [ -158.089533875906312, 21.574137333532267 ], [ -158.090242287908126, 21.574180706651191 ], [ -158.09096743489124, 21.575261093649654 ], [ -158.091606769765662, 21.576127881166826 ], [ -158.092911389784575, 21.576696562825084 ], [ -158.095907834732714, 21.57654584550729 ], [ -158.095876780800126, 21.576990196828994 ], [ -158.095008846326067, 21.577707116455585 ], [ -158.094720255959288, 21.580160000707721 ], [ -158.094044553210495, 21.581654710347188 ], [ -158.092976745053193, 21.580948372768994 ], [ -158.091559120615642, 21.58009421940999 ], [ -158.089783051852834, 21.579320012194763 ], [ -158.086990065670193, 21.577880582534693 ], [ -158.08569492420915, 21.577945667341961 ], [ -158.084595887002109, 21.577379184629457 ], [ -158.082793075901293, 21.576976358932605 ], [ -158.080825304643326, 21.577964188790229 ], [ -158.084145317180827, 21.577797405803494 ], [ -158.085729307240257, 21.579027642212953 ], [ -158.08685815937045, 21.578970909336856 ], [ -158.088604274104313, 21.579870901674326 ], [ -158.090271692593149, 21.580597746891112 ], [ -158.091289744441866, 21.581271142700377 ], [ -158.091837175698487, 21.582404218968922 ], [ -158.091787309085021, 21.583117705367862 ], [ -158.091805434805082, 21.583433030392971 ], [ -158.093607076154456, 21.584518612802984 ], [ -158.094401236610395, 21.584478667249822 ], [ -158.095458767923219, 21.584840070751628 ], [ -158.095829563247634, 21.58553294913176 ], [ -158.094877021309145, 21.586650254517121 ], [ -158.093338538257171, 21.585857457641108 ], [ -158.092941210583746, 21.586654938356546 ], [ -158.092586984304234, 21.587256066641107 ], [ -158.090636261023604, 21.588401516496383 ], [ -158.090200007740094, 21.589695965851575 ], [ -158.088579491715677, 21.589055128496742 ], [ -158.084287630743546, 21.588761941345989 ], [ -158.083361872371512, 21.587382797334318 ], [ -158.083032561974051, 21.588672058368029 ], [ -158.082133004421451, 21.589019711678251 ], [ -158.081345393255646, 21.587389217740196 ], [ -158.080751053734957, 21.587130131011431 ], [ -158.080188041641264, 21.586839917732778 ], [ -158.079795837249009, 21.586859652181264 ], [ -158.078737362002528, 21.587390025580444 ], [ -158.076201417059082, 21.587692985416137 ], [ -158.075079076825034, 21.587114466023692 ], [ -158.074088071285502, 21.586822185127748 ], [ -158.073111060444518, 21.586488158109969 ], [ -158.072069619390874, 21.586540386552233 ], [ -158.071731723829657, 21.586519645120035 ], [ -158.070625529045202, 21.587073917588896 ], [ -158.068275211120067, 21.587665358655382 ], [ -158.065991061470413, 21.586761740426201 ], [ -158.064469016787768, 21.586497389626064 ], [ -158.063960741590847, 21.587052725914656 ], [ -158.065640528532981, 21.586968599819901 ], [ -158.066724228119938, 21.588116803951806 ], [ -158.068298804811036, 21.588400815940457 ], [ -158.06940627292397, 21.588779469866626 ], [ -158.072634378438181, 21.588153270417948 ], [ -158.073515831369576, 21.588207340864169 ], [ -158.075295410681576, 21.589589627432215 ], [ -158.076558030630025, 21.590140074697171 ], [ -158.078127779950194, 21.589539630843856 ], [ -158.079631612786699, 21.589292145389106 ], [ -158.080838826681429, 21.591090649277366 ], [ -158.082061818222911, 21.591827629669265 ], [ -158.083915027473921, 21.591468024447536 ], [ -158.084788586298714, 21.591521529271976 ], [ -158.085658228090637, 21.591477873046983 ], [ -158.086092744864231, 21.59150447670649 ], [ -158.087869820183329, 21.591415169561294 ], [ -158.088953036941547, 21.592131682487377 ], [ -158.089406258133863, 21.593240495914316 ], [ -158.088241060585432, 21.594202754670007 ], [ -158.087491868284332, 21.595706159975588 ], [ -158.088239149246363, 21.596337993300772 ], [ -158.088505752564799, 21.598211882090606 ], [ -158.087411169501053, 21.600633131507657 ], [ -158.086723539841586, 21.601542215269685 ], [ -158.086052623322445, 21.601501146712408 ], [ -158.084329918235341, 21.599676551557387 ], [ -158.083606803686649, 21.599341995136957 ], [ -158.084748119058673, 21.601806422807329 ], [ -158.084711583126534, 21.602328156132131 ], [ -158.08530342577825, 21.603130457031519 ], [ -158.085924752747701, 21.605052151961971 ], [ -158.087021834860138, 21.606392191436406 ], [ -158.087291549693617, 21.606980185658283 ], [ -158.086129183892751, 21.607471389118025 ], [ -158.085514784195084, 21.608363201329354 ], [ -158.084653720597572, 21.609074139902223 ], [ -158.083827832276739, 21.609928455132255 ], [ -158.082948826813208, 21.610654173219817 ], [ -158.080915370525588, 21.609959236450191 ], [ -158.082062595658414, 21.611514366071198 ], [ -158.082376906078366, 21.612165076311648 ], [ -158.082293544424402, 21.61335497916911 ], [ -158.081199680016312, 21.613677795320889 ], [ -158.08090332081656, 21.611507964738411 ], [ -158.080545635065619, 21.611205585252772 ], [ -158.079443569824519, 21.611260960098893 ], [ -158.079172987463949, 21.61014327451193 ], [ -158.078932056193338, 21.609886135188056 ], [ -158.078586392776401, 21.611239341390736 ], [ -158.078097438549094, 21.611642969803022 ], [ -158.079485546185282, 21.612052230765482 ], [ -158.079425964488905, 21.612902292003231 ], [ -158.077651861267185, 21.612793542674964 ], [ -158.07808982972611, 21.613557894795758 ], [ -158.078966239698786, 21.614298934963955 ], [ -158.080013294207305, 21.614755333720389 ], [ -158.080813536798161, 21.61516775001888 ], [ -158.080205284003995, 21.615569467672447 ], [ -158.078604238441073, 21.614744357717832 ], [ -158.078223567127196, 21.61476348834654 ], [ -158.078277341352589, 21.615701915558351 ], [ -158.078182426305659, 21.617056508926062 ], [ -158.078252772672414, 21.618282990590149 ], [ -158.07804579886465, 21.618538773319745 ], [ -158.076782336741928, 21.617702944737378 ], [ -158.075963926513623, 21.617743989100632 ], [ -158.074755817222695, 21.617331067441327 ], [ -158.074822193808814, 21.618487389617282 ], [ -158.076467064381006, 21.618854897779954 ], [ -158.077525153113072, 21.62043113343039 ], [ -158.075015785746587, 21.620691922823415 ], [ -158.07533645996034, 21.620962943352549 ], [ -158.075605882587581, 21.621593234564536 ], [ -158.073438199671557, 21.623154905372438 ], [ -158.072707086500344, 21.624215800431344 ], [ -158.071724893421958, 21.625386385847449 ], [ -158.069358996724702, 21.625241286977875 ], [ -158.068366262614859, 21.625291043326445 ], [ -158.067774637522376, 21.624986068382409 ], [ -158.067332483045078, 21.624855686392728 ], [ -158.067235394053711, 21.624524700102821 ], [ -158.066979689416797, 21.624760939807615 ], [ -158.067332483045078, 21.624855686392728 ], [ -158.06752320489764, 21.625416799809116 ], [ -158.070074024982205, 21.626013429368914 ], [ -158.070095137096615, 21.627381234837653 ], [ -158.068744418716705, 21.630307418084339 ], [ -158.067752690745124, 21.631187712111974 ], [ -158.067430247622781, 21.63176460587399 ], [ -158.066996211066481, 21.632989911108815 ], [ -158.066550085293301, 21.633385933980886 ], [ -158.066564173715108, 21.634299391281445 ], [ -158.066225872413156, 21.637055357618099 ], [ -158.064495023963701, 21.637439584988922 ], [ -158.061808150683817, 21.638508526916549 ], [ -158.060306612745251, 21.637486753270853 ], [ -158.059286126025029, 21.636060495323662 ], [ -158.058790085115334, 21.635089788221833 ], [ -158.058284510757375, 21.636049396975963 ], [ -158.055246038243723, 21.635245420497238 ], [ -158.054895071267453, 21.633931787111123 ], [ -158.055946954080355, 21.632651998332381 ], [ -158.05717722209809, 21.628765749632258 ], [ -158.057918105171467, 21.621173777820793 ], [ -158.058511645283346, 21.610597193280949 ], [ -158.057542130088393, 21.600305001678162 ], [ -158.055605188246062, 21.581914319535102 ], [ -158.055099268929524, 21.567462488074273 ], [ -158.054424683971803, 21.555773716841387 ], [ -158.055218769033019, 21.537673485881836 ], [ -158.057579533735293, 21.531837630670854 ], [ -158.058238368851534, 21.530586071753469 ], [ -158.060749900496432, 21.528583880696338 ], [ -158.065174110940632, 21.527358341393651 ], [ -158.068977756502989, 21.526468864096238 ], [ -158.078594342721345, 21.525865980867373 ], [ -158.081580002876024, 21.525825468551012 ], [ -158.094033435345722, 21.526131354688612 ], [ -158.104711446381373, 21.525985118596026 ], [ -158.110623564931899, 21.526618143623832 ], [ -158.116618631637238, 21.528138661707825 ], [ -158.125720977362903, 21.530722538953686 ], [ -158.134654263515699, 21.533201959231423 ], [ -158.139630329184513, 21.535492607910726 ], [ -158.142702414765637, 21.537464127356266 ], [ -158.145558597269115, 21.538395163001162 ], [ -158.156977299220586, 21.538770416845189 ], [ -158.160774410776213, 21.539944357254374 ], [ -158.162776661748637, 21.541446081883997 ], [ -158.16527182957222, 21.544423055008078 ], [ -158.167859905646424, 21.546083217111086 ], [ -158.169819173530044, 21.546838185860391 ], [ -158.175742112034214, 21.548046714108967 ], [ -158.185514842594472, 21.551056897516059 ], [ -158.198932758868636, 21.554185909611224 ], [ -158.205171068499311, 21.555984495516096 ], [ -158.212087555904446, 21.557241346532049 ], [ -158.22004894159781, 21.558125239187959 ], [ -158.223982740274067, 21.557630185905964 ], [ -158.224931995361771, 21.555927145663276 ], [ -158.225002879505837, 21.553315801115446 ], [ -158.224138008100482, 21.550779640340807 ], [ -158.222465206432247, 21.549134464022256 ], [ -158.216656029401463, 21.546750686308453 ], [ -158.213703209038925, 21.546332819369031 ], [ -158.210017880550708, 21.545977999097246 ], [ -158.20684321722311, 21.544194466182823 ], [ -158.204571078279571, 21.542131245503796 ], [ -158.203403278873537, 21.540308574082193 ], [ -158.202747540852982, 21.536597994688194 ], [ -158.203059710665684, 21.535640350034662 ], [ -158.204503093113857, 21.532359176686874 ], [ -158.203482561141925, 21.531090192207365 ], [ -158.201399238235268, 21.52979785535145 ], [ -158.200247123896617, 21.528751480229818 ], [ -158.199487184482564, 21.527353630582454 ], [ -158.198861385836295, 21.525019319508413 ], [ -158.20001894099218, 21.520673188055458 ], [ -158.202062708752266, 21.519237481717351 ], [ -158.20500763494087, 21.51886708424373 ], [ -158.207452839433131, 21.518137471983476 ], [ -158.209991713498908, 21.515877877867663 ], [ -158.211267015554199, 21.513590044548071 ], [ -158.210736901158697, 21.511922360589189 ], [ -158.208287532893564, 21.510726909337727 ], [ -158.203178523641895, 21.508588264727141 ], [ -158.200383354067469, 21.506049247378051 ], [ -158.199163698907455, 21.50337395881834 ], [ -158.199649632974371, 21.499491888280787 ], [ -158.200350205865874, 21.497212298081791 ], [ -158.201009574804004, 21.495119702906727 ], [ -158.200121922102824, 21.494246108192343 ], [ -158.198450889873953, 21.493836776011619 ], [ -158.196465959891015, 21.494429061280677 ], [ -158.192783576904077, 21.497016238181502 ], [ -158.190872012134349, 21.498215392664243 ], [ -158.187545179974791, 21.499589813375319 ], [ -158.184372068333545, 21.499202473132396 ], [ -158.182016052405004, 21.497550130370488 ], [ -158.179046644096616, 21.49274987184339 ], [ -158.177020620510689, 21.488544185236979 ], [ -158.17546118423391, 21.483031996726918 ], [ -158.17450215202129, 21.481692675666917 ], [ -158.174967523376324, 21.480806968702346 ], [ -158.175545041836585, 21.48029296231373 ], [ -158.175540657289332, 21.48001694455516 ], [ -158.175690683904548, 21.479613516490524 ], [ -158.175980248128809, 21.479614944119685 ], [ -158.175981773128882, 21.479343918229226 ], [ -158.176335342051004, 21.479252889997291 ], [ -158.176082745569175, 21.479013961602409 ], [ -158.175981773128882, 21.479343918229226 ], [ -158.175692209440342, 21.479342490619828 ], [ -158.175690683904548, 21.479613516490524 ], [ -158.17496471774507, 21.479748958776415 ], [ -158.174387445187875, 21.479467002555982 ], [ -158.174100129326746, 21.479743895319558 ], [ -158.172930112493901, 21.480092915298258 ], [ -158.17294561038716, 21.481054048250485 ], [ -158.169846592637867, 21.481443316758039 ], [ -158.168306991753212, 21.482133030580194 ], [ -158.167847440665952, 21.482957142224546 ], [ -158.166576236668305, 21.485376538661274 ], [ -158.163671515890059, 21.486462436495259 ], [ -158.159183477678113, 21.486148636263533 ], [ -158.146518417650327, 21.481880400740355 ], [ -158.140220384645119, 21.478759978545014 ], [ -158.136257708147923, 21.476659702212665 ], [ -158.134738849577644, 21.476286988023098 ], [ -158.129414339355293, 21.475972302017642 ], [ -158.121577401004743, 21.473276584096087 ], [ -158.115487353424413, 21.470471245905962 ], [ -158.112657210283032, 21.468712816879993 ], [ -158.110866753635975, 21.467084270972581 ], [ -158.108894482416105, 21.46448628100535 ], [ -158.107605932827397, 21.461243125793022 ], [ -158.105761990335992, 21.456239265624845 ], [ -158.103622668239353, 21.451382354596984 ], [ -158.103604069436955, 21.450192790920465 ], [ -158.103916708894047, 21.449021609568202 ], [ -158.105668325977121, 21.446631933841552 ], [ -158.105434000532966, 21.434126533484022 ], [ -158.104306167188014, 21.43357493518619 ], [ -158.102488791394705, 21.433149790921853 ], [ -158.100576315387968, 21.431961047888556 ], [ -158.099405706275292, 21.430323939136535 ], [ -158.099355838483461, 21.427139850866105 ], [ -158.100993332034705, 21.425004550744195 ], [ -158.102618301224339, 21.423985846437859 ], [ -158.105519704497624, 21.423121438603914 ], [ -158.10553779361689, 21.422471946231749 ], [ -158.10547981998829, 21.418786110074851 ], [ -158.106239783642678, 21.417714111749973 ], [ -158.110434324258193, 21.415011027487484 ], [ -158.111077846576308, 21.413857593429825 ], [ -158.110353859416676, 21.411657703260328 ], [ -158.106736434719295, 21.406598562612071 ], [ -158.105658214344714, 21.403593065098438 ], [ -158.105229507773743, 21.399869312631516 ], [ -158.106030410264225, 21.397601968975881 ], [ -158.106923093215556, 21.396342680024169 ], [ -158.108878348801085, 21.394603281126134 ], [ -158.108925131365254, 21.392922280528502 ], [ -158.108616105695717, 21.390238235408798 ], [ -158.10831129246921, 21.384738672898525 ], [ -158.107528327699782, 21.383204920674505 ], [ -158.105936635472432, 21.382060371091463 ], [ -158.104109061474929, 21.381463560994671 ], [ -158.099669681714118, 21.381809356969626 ], [ -158.095244581494228, 21.382794578452827 ], [ -158.091215284709563, 21.383995157631219 ], [ -158.089674995311412, 21.385365191527853 ], [ -158.087941386039063, 21.389058970186337 ], [ -158.085962829576687, 21.400774406710887 ], [ -158.085129718628593, 21.409004809984115 ], [ -158.082316208343116, 21.419040584674441 ], [ -158.081502145943062, 21.422339172664906 ], [ -158.078960834906013, 21.433600486224847 ], [ -158.076872578860531, 21.441917518366072 ], [ -158.074111642228104, 21.451684988396583 ], [ -158.071942050295661, 21.457819947007287 ], [ -158.070054697628933, 21.462222610387084 ], [ -158.067403207120634, 21.466827963871843 ], [ -158.063662965279605, 21.470428620276223 ], [ -158.059733068288722, 21.471895102155678 ], [ -158.051729103859429, 21.473126494293641 ], [ -158.043723843418235, 21.472718562218898 ], [ -158.033979093361694, 21.470979485329224 ], [ -158.024866122202184, 21.467945971642735 ], [ -158.015524729803644, 21.463702395999373 ], [ -158.003732550916737, 21.458774578216964 ], [ -158.000011878022747, 21.457057352042497 ], [ -157.990286827175368, 21.452244973587465 ], [ -157.982187112745976, 21.445933975091428 ], [ -157.972283936895792, 21.437341325066878 ], [ -157.965533270324102, 21.432947966866355 ], [ -157.951965345671454, 21.421009085249551 ], [ -157.9396408983757, 21.41109607066614 ], [ -157.928479399010115, 21.400233316076921 ], [ -157.930690126892614, 21.399540431870584 ], [ -157.932046722345405, 21.399224064079554 ], [ -157.932609164889101, 21.399238431029215 ], [ -157.935220913070083, 21.397722797083301 ], [ -157.936445000841672, 21.397339118960435 ], [ -157.937973794843742, 21.39737805522774 ], [ -157.938678413518545, 21.39736901855639 ], [ -157.940899758778215, 21.397917169191974 ], [ -157.94297291860849, 21.39796988608056 ], [ -157.944115660055104, 21.39745945674979 ], [ -157.944566636716274, 21.395776476238357 ], [ -157.947064299480303, 21.394993335599946 ], [ -157.947686512576382, 21.395262838657274 ], [ -157.948257641656284, 21.395542870586333 ], [ -157.949003388376099, 21.395887516220071 ], [ -157.947956668968033, 21.397161694781051 ], [ -157.947372129264124, 21.397984526975304 ], [ -157.944479066298783, 21.398625766226722 ], [ -157.944897325984982, 21.398843973043626 ], [ -157.945921102321364, 21.399317093077872 ], [ -157.946492243143382, 21.39959713139778 ], [ -157.947653543967874, 21.399870021668303 ], [ -157.94814464335991, 21.402312309176033 ], [ -157.948508102479821, 21.401777969320499 ], [ -157.948799631369837, 21.400690280237843 ], [ -157.950232628523253, 21.399823132272864 ], [ -157.949416604895475, 21.398314888657829 ], [ -157.950926731928661, 21.396476609384614 ], [ -157.951507597179102, 21.394837561122937 ], [ -157.952602098035783, 21.395835660867331 ], [ -157.953150192816338, 21.39691166363065 ], [ -157.95463223015733, 21.396949229669705 ], [ -157.954616135593113, 21.395853853295296 ], [ -157.956937431111356, 21.39582397635909 ], [ -157.956649543884623, 21.396408366406202 ], [ -157.955772881406006, 21.397602399879496 ], [ -157.956539540501694, 21.398548741132725 ], [ -157.957791855372705, 21.397765162521662 ], [ -157.958378158159547, 21.39750320797415 ], [ -157.959180793838982, 21.397122301067647 ], [ -157.957917180594478, 21.399382356152948 ], [ -157.958622065119414, 21.402030935679321 ], [ -157.958631219006008, 21.402653830453694 ], [ -157.958176172263563, 21.404272114910928 ], [ -157.959158088640436, 21.403204509097158 ], [ -157.959503234374807, 21.401299098543994 ], [ -157.959800157388457, 21.401035343270351 ], [ -157.960177146990588, 21.400319826569653 ], [ -157.962913235156179, 21.399812591550418 ], [ -157.963295138615422, 21.400562121749317 ], [ -157.964489434155524, 21.402235809813739 ], [ -157.96392166701159, 21.403756347543084 ], [ -157.965535602443822, 21.403797149135851 ], [ -157.966312168335037, 21.403428487591118 ], [ -157.96802547819965, 21.404531476850366 ], [ -157.969902327709519, 21.404886631215106 ], [ -157.970761042115157, 21.405439380081191 ], [ -157.971343638112046, 21.405708554729515 ], [ -157.971636540054817, 21.405997785813497 ], [ -157.972785965421537, 21.405982865916595 ], [ -157.974229958556975, 21.406019300898926 ], [ -157.97508656643376, 21.405195322550487 ], [ -157.975971844529283, 21.40518379405691 ], [ -157.975986840347815, 21.406195728021533 ], [ -157.975673296544301, 21.40736664130668 ], [ -157.975083202019761, 21.408170681295204 ], [ -157.974514353372143, 21.40925043877975 ], [ -157.971632775553587, 21.410757094472647 ], [ -157.969371318075275, 21.41328299246678 ], [ -157.967525052363783, 21.413306894708999 ], [ -157.96551311775093, 21.413256042929106 ], [ -157.964631719945288, 21.413532474513566 ], [ -157.964336973616724, 21.413524962687625 ], [ -157.964011708664657, 21.414739116947139 ], [ -157.962630525913625, 21.414062012334689 ], [ -157.962008012788061, 21.414599939363363 ], [ -157.962020967931295, 21.41548673429153 ], [ -157.960850425350202, 21.41621916862297 ], [ -157.959400978974003, 21.41654054869079 ], [ -157.960748824093713, 21.416796910941077 ], [ -157.961477965137078, 21.41647118852617 ], [ -157.963535845640479, 21.41518346867505 ], [ -157.966641024076381, 21.415143360780462 ], [ -157.966351343417358, 21.415982170582364 ], [ -157.965752033646169, 21.417340140471882 ], [ -157.966387654765299, 21.41851443968595 ], [ -157.965759552251797, 21.420286904939243 ], [ -157.965190094115997, 21.420834566259202 ], [ -157.963996557541265, 21.421556821669181 ], [ -157.964275793201125, 21.42220289017213 ], [ -157.964998018826435, 21.422861356393465 ], [ -157.965694302583785, 21.424916461450643 ], [ -157.965792144583816, 21.423405727150126 ], [ -157.964879852092935, 21.421720224418141 ], [ -157.967155573789597, 21.421215647338425 ], [ -157.96747293747049, 21.42032003695499 ], [ -157.967769886843058, 21.420056269122398 ], [ -157.968102057508048, 21.416528656681297 ], [ -157.96919068764376, 21.415481567594078 ], [ -157.970702160957501, 21.41465383483299 ], [ -157.973259674289181, 21.41257477926953 ], [ -157.975865018704241, 21.411996929833641 ], [ -157.977581902861147, 21.411229806240087 ], [ -157.978853677634362, 21.409253046808182 ], [ -157.979277706014472, 21.408876552682234 ], [ -157.979417369105619, 21.409603399697609 ], [ -157.980211775401898, 21.408781596988987 ], [ -157.981171702495402, 21.408218124277219 ], [ -157.983918124098267, 21.405963176164729 ], [ -157.987744859480699, 21.405547699970601 ], [ -157.98811326937448, 21.40649209428782 ], [ -157.987482313958111, 21.408642655980461 ], [ -157.988682426658897, 21.408247598733986 ], [ -157.989727880230589, 21.408312264040024 ], [ -157.990289844350428, 21.411838316678949 ], [ -157.989516565250369, 21.412860851546558 ], [ -157.989377204700816, 21.413274158110994 ], [ -157.988995467209605, 21.413482932095086 ], [ -157.989239183188459, 21.414458266204104 ], [ -157.989377204700816, 21.413274158110994 ], [ -157.990129941204401, 21.412896971493343 ], [ -157.990973548170274, 21.412292842040433 ], [ -157.992373346766584, 21.413158474618761 ], [ -157.991972673027334, 21.414644917008545 ], [ -157.991683251956232, 21.414643175688514 ], [ -157.991681392085496, 21.414914189660866 ], [ -157.991327881389651, 21.415004829919056 ], [ -157.991580059485074, 21.415244024097507 ], [ -157.991681392085496, 21.414914189660866 ], [ -157.991970813690244, 21.414915931005055 ], [ -157.991972673027334, 21.414644917008545 ], [ -157.992397612045153, 21.414318748829864 ], [ -157.992984837926258, 21.4128100689313 ], [ -157.991644712192596, 21.411753905010997 ], [ -157.991029354251026, 21.410401559562004 ], [ -157.991654442171352, 21.408358471656722 ], [ -157.990963633940879, 21.407211918584441 ], [ -157.991238691294996, 21.404836014385019 ], [ -157.992782932192569, 21.403956791711654 ], [ -157.993425251882485, 21.402381541727578 ], [ -157.994214706634722, 21.401109693201875 ], [ -157.995000111354074, 21.400717789770095 ], [ -157.996669012190409, 21.401316486217471 ], [ -157.99786126178401, 21.399989595006279 ], [ -157.998466170651056, 21.400680501454396 ], [ -158.000202472023489, 21.401697816776558 ], [ -158.001512874543721, 21.400239530892588 ], [ -158.002999661991822, 21.399940033533987 ], [ -158.003545565751693, 21.39933241089679 ], [ -158.004683220054289, 21.398878370443271 ], [ -158.005528380657097, 21.39831632069107 ], [ -158.006327379973044, 21.397997360983236 ], [ -158.006975162839922, 21.398349907253582 ], [ -158.008157912903613, 21.39860292288213 ], [ -158.008765595654381, 21.399538766331066 ], [ -158.009416971776801, 21.400052048361839 ], [ -158.009232255595691, 21.401649193758306 ], [ -158.01004571782579, 21.401576449543914 ], [ -158.010437074407605, 21.399971523775619 ], [ -158.011341046813186, 21.398646734316678 ], [ -158.011845206816929, 21.397074560884249 ], [ -158.012820304189177, 21.39582223884986 ], [ -158.013719425440854, 21.394476165669758 ], [ -158.014901454425257, 21.393568330469936 ], [ -158.016004643870076, 21.392340230065827 ], [ -158.016318286384546, 21.395115997581787 ], [ -158.014799773805009, 21.396744891661967 ], [ -158.014531756400828, 21.397560698998106 ], [ -158.015294171981623, 21.400865740221924 ], [ -158.014184660027126, 21.402161816689027 ], [ -158.01391359915516, 21.403429205378014 ], [ -158.015574563235162, 21.40542012400326 ], [ -158.013292818036177, 21.405679918613213 ], [ -158.012448397505153, 21.406129524326328 ], [ -158.013527744530478, 21.408871886728413 ], [ -158.012238471046942, 21.409862049731693 ], [ -158.011760337563487, 21.410394204112261 ], [ -158.012145040114603, 21.411714815021003 ], [ -158.01207437233063, 21.412325399084999 ], [ -158.012143585252602, 21.413003373283068 ], [ -158.012043204027208, 21.41387131010562 ], [ -158.013143241414781, 21.413139813827254 ], [ -158.012949908838976, 21.411246452053398 ], [ -158.0130301795121, 21.410552088342261 ], [ -158.0148809843283, 21.409130757597392 ], [ -158.014278692846204, 21.407063482706459 ], [ -158.016697252089415, 21.406740625234292 ], [ -158.017648572868609, 21.406237829208724 ], [ -158.018057815532813, 21.406705128448451 ], [ -158.01737603089083, 21.408934723194466 ], [ -158.01834618347678, 21.410544138657283 ], [ -158.020397504862245, 21.410898895369503 ], [ -158.021515431274025, 21.411567708884373 ], [ -158.022029934181006, 21.412467562981472 ], [ -158.024523223238617, 21.412267244844241 ], [ -158.022498956316156, 21.412004802448944 ], [ -158.021975388663009, 21.411681094075547 ], [ -158.021515431274025, 21.411567708884373 ], [ -158.021379778663714, 21.409315525918441 ], [ -158.01908463266173, 21.408801344108799 ], [ -158.019879778767347, 21.405419612672109 ], [ -158.018747795968324, 21.404218247451787 ], [ -158.017586347282105, 21.403516871734212 ], [ -158.017694555787955, 21.401978685845499 ], [ -158.017357122517666, 21.400452842339952 ], [ -158.01740630582384, 21.399753991623744 ], [ -158.017315627411108, 21.398161572288021 ], [ -158.019425986220028, 21.396417807500626 ], [ -158.019502325862078, 21.395331828221575 ], [ -158.018900563629614, 21.392610556813477 ], [ -158.019241769076245, 21.39140920612104 ], [ -158.021517906570381, 21.390109644405655 ], [ -158.02379079812053, 21.389996043146486 ], [ -158.025021923442125, 21.390812185602755 ], [ -158.024935844790718, 21.389302305653736 ], [ -158.025379037665033, 21.388843551626156 ], [ -158.028168455507569, 21.389015498577336 ], [ -158.027203077789437, 21.38799090008343 ], [ -158.026171718996977, 21.387116910900584 ], [ -158.027027404512779, 21.38652212073502 ], [ -158.028662355442179, 21.385561558203246 ], [ -158.031380451623932, 21.383422876225229 ], [ -158.032819736516075, 21.382814153176049 ], [ -158.033876460650475, 21.381720114015813 ], [ -158.034890433711638, 21.381433217570791 ], [ -158.03517060976975, 21.380335494724271 ], [ -158.035767389632895, 21.380083115408834 ], [ -158.038007159469885, 21.378959714454421 ], [ -158.039259067399371, 21.37903682811579 ], [ -158.041782270575169, 21.377407281010772 ], [ -158.043017277600939, 21.377670139299244 ], [ -158.044171708737792, 21.378266287621361 ], [ -158.04546522802292, 21.378201460213283 ], [ -158.04645034290462, 21.378262047960988 ], [ -158.046527398828431, 21.377163280791869 ], [ -158.04560682168173, 21.377413858127365 ], [ -158.044361789097252, 21.377824300610083 ], [ -158.044920679647845, 21.376874776777338 ], [ -158.044177630804512, 21.375765584631804 ], [ -158.043724398456817, 21.376675675805437 ], [ -158.043026086408219, 21.376315042405064 ], [ -158.042432661046149, 21.376055846729486 ], [ -158.042165089109545, 21.375226012501241 ], [ -158.041119844171021, 21.374769430566513 ], [ -158.040563275354316, 21.374297903397949 ], [ -158.041945742828801, 21.372739176781618 ], [ -158.042485296564138, 21.37165549095139 ], [ -158.043059454649864, 21.371180890565547 ], [ -158.044449228955727, 21.369532523148724 ], [ -158.047711108442371, 21.367772492720061 ], [ -158.050608511688864, 21.367158309543701 ], [ -158.051172633189395, 21.366875249839619 ], [ -158.051769332500356, 21.36662281015083 ], [ -158.05491488493746, 21.364980288392196 ], [ -158.055540786305613, 21.365018814415375 ], [ -158.055887866659191, 21.363658665989107 ], [ -158.057684998658658, 21.362497758800089 ], [ -158.060480412634291, 21.361793234104631 ], [ -158.060805556557483, 21.36113990733665 ], [ -158.06186505032764, 21.36026372227575 ], [ -158.062220760253325, 21.358535371635487 ], [ -158.06253067301833, 21.358008736930199 ], [ -158.062385224463554, 21.355467669251802 ], [ -158.062822653028718, 21.355014466000149 ], [ -158.063398243326247, 21.355049835453919 ], [ -158.06342838255668, 21.35461976781027 ], [ -158.06337523129443, 21.353691440576657 ], [ -158.063716349917058, 21.353409341910627 ], [ -158.064295099620011, 21.352567777661079 ], [ -158.065414066127317, 21.352636538124209 ], [ -158.065750087611519, 21.352065509369528 ], [ -158.06603483483525, 21.351493202179597 ], [ -158.067156760153921, 21.351562099600965 ], [ -158.067498770245038, 21.350980843923679 ], [ -158.066767122263343, 21.350361070274253 ], [ -158.067483668817061, 21.348231667588898 ], [ -158.068703569110852, 21.348306589892264 ], [ -158.068640332601262, 21.347202988930523 ], [ -158.069868170692246, 21.347473941782294 ], [ -158.070630551195308, 21.348282919523093 ], [ -158.071275901717598, 21.347488611771425 ], [ -158.071600920492784, 21.346214056568758 ], [ -158.073704093897504, 21.343436535408902 ], [ -158.074478667309535, 21.344238681607571 ], [ -158.075037985329033, 21.345398413146309 ], [ -158.07649169074719, 21.345896134440054 ], [ -158.076945962675438, 21.34454604971787 ], [ -158.077506376479647, 21.344517829261296 ], [ -158.078510350581666, 21.344579384739198 ], [ -158.07824282460416, 21.343717309714261 ], [ -158.07767048501708, 21.342716655517489 ], [ -158.077970258838235, 21.342328757726026 ], [ -158.079718645507626, 21.342436009786567 ], [ -158.079665772653158, 21.341514698922577 ], [ -158.08105143516795, 21.340619193168678 ], [ -158.082363595874568, 21.341068446465549 ], [ -158.082237819710713, 21.338875609473078 ], [ -158.083481937169324, 21.338611564940468 ], [ -158.084482806712657, 21.337574311002449 ], [ -158.085497324270136, 21.337523193020555 ], [ -158.085650948219836, 21.337396121934869 ], [ -158.085766358818148, 21.337828113287141 ], [ -158.08639665356435, 21.338052946445384 ], [ -158.086920116288468, 21.338376452176234 ], [ -158.088076461725763, 21.338507594207655 ], [ -158.087746636948594, 21.337090687832539 ], [ -158.086811412876784, 21.336860365295436 ], [ -158.086814768198764, 21.336318317136111 ], [ -158.088266678333781, 21.336047887858868 ], [ -158.088973436757101, 21.336745052248723 ], [ -158.089835999832843, 21.33673324940608 ], [ -158.090911735256753, 21.337084679067321 ], [ -158.091582642802166, 21.338399536941584 ], [ -158.092708352115551, 21.339424574372874 ], [ -158.093014435994746, 21.340024604457877 ], [ -158.094024220309933, 21.340010729909633 ], [ -158.09445809373932, 21.3400214059854 ], [ -158.096175207529456, 21.339997829929487 ], [ -158.097052181439039, 21.341119433381294 ], [ -158.098962460024126, 21.341711523384394 ], [ -158.099358189992216, 21.34248711007487 ], [ -158.10048793097593, 21.342471524141388 ], [ -158.101259303942072, 21.342849117373746 ], [ -158.102252758320105, 21.342226008254805 ], [ -158.104395162489283, 21.341957474158079 ], [ -158.105152759828428, 21.341976001804738 ], [ -158.105749745444143, 21.341691868016341 ], [ -158.106887411634801, 21.341719622656395 ], [ -158.10746817222838, 21.341711658027744 ], [ -158.109897673767108, 21.342015695401312 ], [ -158.110632451429581, 21.344178861376484 ], [ -158.111984004891298, 21.344160137548506 ], [ -158.11237056471947, 21.34529832758826 ], [ -158.112356491199193, 21.345805847047984 ], [ -158.112367244473177, 21.346483489614759 ], [ -158.112348321769474, 21.34716289427643 ], [ -158.112380761494961, 21.347429468009114 ], [ -158.113419989353702, 21.34642757610585 ], [ -158.114143385975126, 21.345817991470987 ], [ -158.116474443566574, 21.346958540299116 ], [ -158.117492798079951, 21.345521110201013 ], [ -158.118428042551585, 21.345978759264437 ], [ -158.119302169947503, 21.346381756847869 ], [ -158.119873605089452, 21.346661344474402 ], [ -158.120310286391685, 21.346655227950208 ], [ -158.120764381611906, 21.346666339609833 ], [ -158.121886486644286, 21.347772691713679 ], [ -158.123054274654521, 21.347756492286212 ], [ -158.12333844108133, 21.347789935838758 ], [ -158.121875128094217, 21.350414956190992 ], [ -158.121884259209878, 21.35099273920671 ], [ -158.121578461482841, 21.351814699146278 ], [ -158.121590564979613, 21.352580951342365 ], [ -158.124055231112436, 21.350664486914841 ], [ -158.125123934357305, 21.350185621429976 ], [ -158.126509279407685, 21.350219365415704 ], [ -158.127096291838996, 21.350211167870423 ], [ -158.128252319705012, 21.351350939273392 ], [ -158.128226450774861, 21.352285399249539 ], [ -158.124593094699804, 21.353913421861453 ], [ -158.123396023824967, 21.354664434207422 ], [ -158.122684395489955, 21.355668959060079 ], [ -158.122719920504181, 21.35791245821882 ], [ -158.124141323455234, 21.359687756136083 ], [ -158.124421743398273, 21.360236713588694 ], [ -158.12529218413718, 21.36077789330156 ], [ -158.126647470785372, 21.361752295358183 ], [ -158.127877604212557, 21.362965044896935 ], [ -158.128691695819555, 21.363340290005027 ], [ -158.129124119260638, 21.364612545239908 ], [ -158.131924534451542, 21.364573516437879 ], [ -158.133104026295086, 21.365736339387496 ], [ -158.133664116786974, 21.36683303078782 ], [ -158.133635392413851, 21.367873349043162 ], [ -158.133957913185924, 21.368166891786004 ], [ -158.133913577301371, 21.369771961554516 ], [ -158.134823215664085, 21.371448584879488 ], [ -158.13533406024942, 21.374272399940917 ], [ -158.133198390749698, 21.378675684773022 ], [ -158.132115378203991, 21.380327789705081 ], [ -158.131243855636313, 21.382364174964266 ], [ -158.130071653377939, 21.382889317311882 ], [ -158.12916464857426, 21.383321005761974 ], [ -158.128593082197625, 21.383872082784411 ], [ -158.12862248956597, 21.385730498860458 ], [ -158.127748738242218, 21.386508025659936 ], [ -158.127432563734459, 21.387403585339385 ], [ -158.127446878237294, 21.388301790107167 ], [ -158.127428006209925, 21.388982187860414 ], [ -158.127833441075893, 21.388976554579447 ], [ -158.128310289632537, 21.387625981699625 ], [ -158.130343166862872, 21.387370925528966 ], [ -158.131438318854265, 21.387026227378172 ], [ -158.132095088788475, 21.387673597340292 ], [ -158.132646500355435, 21.389295507401407 ], [ -158.133312432672739, 21.389901299054305 ], [ -158.137913706559232, 21.38983707135317 ], [ -158.139586590534634, 21.389310408109154 ], [ -158.140461944682414, 21.389049287697478 ], [ -158.14190457323383, 21.388144182425371 ], [ -158.143953358506536, 21.38753311066213 ], [ -158.143931169910985, 21.388335249444157 ], [ -158.140821298163758, 21.391103208853202 ], [ -158.139836690554915, 21.392332969628168 ], [ -158.139182900800535, 21.394185299859195 ], [ -158.139560591834453, 21.396702377285916 ], [ -158.140309781117764, 21.398789199549945 ], [ -158.140671109342691, 21.40324028531796 ], [ -158.141296000461409, 21.407404547044365 ], [ -158.139337537690324, 21.409507718819722 ], [ -158.137727016677218, 21.409987976374193 ], [ -158.136375352839963, 21.410835804820262 ], [ -158.135612790714987, 21.411912037297935 ], [ -158.134242060964993, 21.412320775651452 ], [ -158.132765751959994, 21.41342407453887 ], [ -158.132208879699647, 21.414483951671478 ], [ -158.131625938448565, 21.415529398732403 ], [ -158.131327763623773, 21.416647651418149 ], [ -158.131029499981935, 21.417182745049022 ], [ -158.130723230677205, 21.420981044157664 ], [ -158.130424812958239, 21.421516333836568 ], [ -158.130433662781769, 21.422074591056514 ], [ -158.131437655196407, 21.42206061013033 ], [ -158.132096044905609, 21.422076660893207 ], [ -158.132466360807712, 21.423533660748475 ], [ -158.132417137008872, 21.425310603528569 ], [ -158.133327204576659, 21.428713746710077 ], [ -158.133244573898111, 21.4316971940132 ], [ -158.133259597371904, 21.432647871347438 ], [ -158.132908797212366, 21.435108905535479 ], [ -158.132965775921207, 21.438695352842196 ], [ -158.131190370280564, 21.439224640517054 ], [ -158.130609908047546, 21.440119024760243 ], [ -158.132634099429708, 21.440499878106273 ], [ -158.132916139238802, 21.440804265530804 ], [ -158.131746212620243, 21.44184501125153 ], [ -158.131172205720731, 21.442937014030552 ], [ -158.130654858535053, 21.443864677852332 ], [ -158.132469106294309, 21.444426279128013 ], [ -158.133529252006753, 21.447543678915803 ], [ -158.134897231098108, 21.449455657237436 ], [ -158.135239220243875, 21.452926319424453 ], [ -158.135758010666393, 21.452426372644702 ], [ -158.136909356429896, 21.45191076330817 ], [ -158.137675010089794, 21.451546540772302 ], [ -158.141828083226841, 21.455207639956509 ], [ -158.142375799384524, 21.456817453603058 ], [ -158.14267195300971, 21.45764219268743 ], [ -158.142649191266827, 21.458464304650033 ], [ -158.143254329361611, 21.458984788111689 ], [ -158.144637514765861, 21.457651724241657 ], [ -158.145562980126471, 21.457375826119534 ], [ -158.146138113754859, 21.45710217154193 ], [ -158.147432599778284, 21.457133520741898 ], [ -158.150022636452491, 21.457768963037488 ], [ -158.150756827654476, 21.458492159205729 ], [ -158.152153268897592, 21.458472575566759 ], [ -158.15372689594173, 21.45736723034463 ], [ -158.155411291330324, 21.45661273369338 ], [ -158.155986262675498, 21.45633917615001 ], [ -158.157442585160851, 21.45580987595639 ], [ -158.158017549772211, 21.455536311177994 ], [ -158.159243619655541, 21.455170599900764 ], [ -158.162361376997296, 21.453510474741773 ], [ -158.163597247253449, 21.451967014211842 ], [ -158.166312765668891, 21.449550524565826 ], [ -158.167180482117175, 21.448325729898091 ], [ -158.168036128001376, 21.445113970771772 ], [ -158.169142194894249, 21.443603565913818 ], [ -158.171810142868196, 21.442558787256328 ], [ -158.180954288055062, 21.442778534563509 ], [ -158.181828592671422, 21.442979601578454 ], [ -158.17963767333319, 21.444929711639364 ], [ -158.177776940989048, 21.446723927518768 ], [ -158.175731157874026, 21.446674824302935 ], [ -158.174573037098554, 21.446691217715699 ], [ -158.173165980041659, 21.446657407349811 ], [ -158.171964376414593, 21.446939374660246 ], [ -158.171675344951467, 21.446654801042165 ], [ -158.171055711030135, 21.446663577811087 ], [ -158.169937810046008, 21.447741313686269 ], [ -158.169060613427462, 21.448273602956103 ], [ -158.168752030001258, 21.448571094678471 ], [ -158.168186972432579, 21.450171926866908 ], [ -158.167593496443459, 21.450700191783138 ], [ -158.167022793413338, 21.451250271685275 ], [ -158.16442021140503, 21.453244110447717 ], [ -158.164144300434089, 21.45529599728815 ], [ -158.165871954698815, 21.454752030723395 ], [ -158.166927267479224, 21.454777404164592 ], [ -158.167272236280098, 21.457311129437375 ], [ -158.165758978221874, 21.457762481684384 ], [ -158.164954505849835, 21.458568922038225 ], [ -158.166109891371747, 21.458552650368009 ], [ -158.166986420022624, 21.458573758240327 ], [ -158.168528996287364, 21.457839530224263 ], [ -158.169308551527052, 21.458607207070585 ], [ -158.169265083726373, 21.460190645939988 ], [ -158.169593169212419, 21.460472770931077 ], [ -158.17016390084973, 21.459922551372188 ], [ -158.171472700662662, 21.459954051006665 ], [ -158.171885196539648, 21.460760592753843 ], [ -158.172327062818596, 21.46157422674381 ], [ -158.170970679313285, 21.463229245627964 ], [ -158.173298068125291, 21.463196364440211 ], [ -158.17479189657729, 21.463490390952376 ], [ -158.175636691898035, 21.463478477241214 ], [ -158.176218380201362, 21.463492459694674 ], [ -158.177084538521427, 21.462949097013936 ], [ -158.178289533921514, 21.46268941284249 ], [ -158.179978588855874, 21.463239902354069 ], [ -158.18027069720722, 21.463235709664922 ], [ -158.180560198324372, 21.463242686497832 ], [ -158.182167075875498, 21.463219847771285 ], [ -158.184392146939587, 21.462697576514923 ], [ -158.186500837421875, 21.461693649493874 ], [ -158.18908741954175, 21.460753153883104 ], [ -158.191621435338448, 21.460315061363026 ], [ -158.193310236150921, 21.460865283413384 ], [ -158.19418301634704, 21.461135098877296 ], [ -158.195044430558625, 21.461415707153876 ], [ -158.196002464043801, 21.46171186239599 ], [ -158.198203860349054, 21.461680344128098 ], [ -158.19851649529221, 21.461851702486662 ], [ -158.196768271460797, 21.463857882251421 ], [ -158.195390409773239, 21.466740467172173 ], [ -158.193900964005678, 21.469413203008727 ], [ -158.193461757866146, 21.472250992727957 ], [ -158.193985917048508, 21.472243528427029 ], [ -158.194410276740058, 21.471435513602135 ], [ -158.195443945477166, 21.470173787085809 ], [ -158.195971682064226, 21.469822246548748 ], [ -158.195559970970351, 21.470929814688937 ], [ -158.195577856674021, 21.47202409718701 ], [ -158.196164246321274, 21.472528093014958 ], [ -158.19755022548685, 21.471191619643793 ], [ -158.198622425770196, 21.470919109665545 ], [ -158.199045139971787, 21.472579105586192 ], [ -158.199635906773494, 21.473086816097759 ], [ -158.20019819412127, 21.472544591686823 ], [ -158.200483394198841, 21.472825261784848 ], [ -158.20107147679488, 21.473359621288584 ], [ -158.201036292874477, 21.474651831354603 ], [ -158.202556890526267, 21.47369756539949 ], [ -158.203365656026051, 21.475278333096298 ], [ -158.20397028006974, 21.475556482742327 ], [ -158.204666015635866, 21.476241285246061 ], [ -158.20394127791792, 21.476886440432665 ], [ -158.20355885690546, 21.477970942008923 ], [ -158.204802943462568, 21.478261133337259 ], [ -158.205374915263917, 21.478540313947214 ], [ -158.206537388889387, 21.478811444487079 ], [ -158.207976596945088, 21.479365765382713 ], [ -158.209769893901154, 21.479783981059331 ], [ -158.211730745075101, 21.481280756041361 ], [ -158.213206273107716, 21.482110077209338 ], [ -158.213750459814008, 21.482645444310005 ], [ -158.215530409899003, 21.483190452112833 ], [ -158.217225365561859, 21.482656328002186 ], [ -158.218390732005673, 21.48239617216597 ], [ -158.22136878753156, 21.481206689524917 ], [ -158.223205717657066, 21.479915508860493 ], [ -158.224306312986158, 21.480452633110012 ], [ -158.225052514862995, 21.481910462916034 ], [ -158.226065281413526, 21.48283029792352 ], [ -158.226488826958217, 21.483246951168262 ], [ -158.227639521225711, 21.484292081092327 ], [ -158.227923531368049, 21.485751269208773 ], [ -158.227318528678438, 21.488447977764 ], [ -158.226745505422286, 21.489476532905353 ], [ -158.226164793577766, 21.490834448260319 ], [ -158.225217710872698, 21.492855678673035 ], [ -158.225856594908976, 21.494351055075871 ], [ -158.226263201883825, 21.495543482605257 ], [ -158.225537902048472, 21.49653413856953 ], [ -158.224394319416405, 21.496506996862134 ], [ -158.223664586780103, 21.496517503203364 ], [ -158.22410320533217, 21.497324308984442 ], [ -158.224374191450011, 21.499770309775965 ], [ -158.224669273584738, 21.50031295588489 ], [ -158.223327674438139, 21.500713474288489 ], [ -158.222903892908732, 21.503075648217362 ], [ -158.222911796163146, 21.503557804260705 ], [ -158.222607676180729, 21.504103752440809 ], [ -158.222616432576416, 21.504638054840093 ], [ -158.222601118533134, 21.505204470254938 ], [ -158.222025648220352, 21.505716730192791 ], [ -158.221476751794768, 21.506761983717695 ], [ -158.220604629505004, 21.507953154863689 ], [ -158.219979281731355, 21.510336014485905 ], [ -158.220855966718801, 21.511132103032129 ], [ -158.22082272466622, 21.512354184115413 ], [ -158.220835549576549, 21.513132144848893 ], [ -158.222279120325652, 21.513577917195065 ], [ -158.222848381661606, 21.514399097780977 ], [ -158.223720098276743, 21.514939796618052 ], [ -158.224002610588201, 21.515217702975246 ], [ -158.224308968091947, 21.515213237545595 ], [ -158.225415393942114, 21.516301520879626 ], [ -158.226913548240759, 21.5166506336598 ], [ -158.226871738000824, 21.518191420363518 ], [ -158.227175688657837, 21.518750314911745 ], [ -158.2274734405228, 21.519331810573231 ], [ -158.227433556780312, 21.520803259238068 ], [ -158.226004794580064, 21.521443721511684 ], [ -158.225418888956852, 21.522313461780172 ], [ -158.226279488517434, 21.52389581910607 ], [ -158.226769023306446, 21.525815907979421 ], [ -158.225469648402054, 21.525785068299392 ], [ -158.224153761386475, 21.5228442282943 ], [ -158.221926932217542, 21.522325275325109 ], [ -158.221939115700678, 21.523065250392396 ], [ -158.221930667418576, 21.523376873931305 ], [ -158.220767490651411, 21.524412242100357 ], [ -158.220480570979987, 21.524958396410103 ], [ -158.219493690229967, 21.526162915904472 ], [ -158.220301091903309, 21.527289602454882 ], [ -158.219561758467961, 21.527930050516424 ], [ -158.218725435074703, 21.527107476649746 ], [ -158.218148882087291, 21.527115826713786 ], [ -158.217856846510415, 21.527108833666997 ], [ -158.216637373820078, 21.52739518939968 ], [ -158.215531596169626, 21.527368886291221 ], [ -158.215544400330032, 21.528145191014694 ], [ -158.217565159597683, 21.528462768081663 ], [ -158.21784478341894, 21.529282606659898 ], [ -158.218435966725878, 21.529819438011721 ], [ -158.218105965777767, 21.530113077952219 ], [ -158.216539830214145, 21.530075822384092 ], [ -158.21546209621215, 21.530091337298291 ], [ -158.213560996066093, 21.530690227976304 ], [ -158.214369073837361, 21.531424025937881 ], [ -158.214353564707807, 21.531993282328006 ], [ -158.215814515175794, 21.531972231692258 ], [ -158.215799530373857, 21.532523889480412 ], [ -158.215840729830745, 21.533333280051927 ], [ -158.218240158975107, 21.53257742801032 ], [ -158.218689828058046, 21.533896523088753 ], [ -158.219269961076805, 21.533620397153701 ], [ -158.220464022229095, 21.533360372995855 ], [ -158.221585882368458, 21.533907679070353 ], [ -158.222539925838873, 21.534202285087897 ], [ -158.22425204466407, 21.536243539564385 ], [ -158.225922329672557, 21.536632771169213 ], [ -158.227467069532139, 21.537386334772098 ], [ -158.229682461300683, 21.537734314265503 ], [ -158.23122021472858, 21.538907398400816 ], [ -158.231696000256818, 21.539375232194097 ], [ -158.232137063068393, 21.539775675641621 ], [ -158.232560785920612, 21.540192316113053 ], [ -158.233432690901196, 21.540732968223193 ], [ -158.23497050640907, 21.541906019194393 ], [ -158.236756381966302, 21.543662095142807 ], [ -158.237894033940591, 21.545303032460058 ], [ -158.237167501915394, 21.545628710096935 ], [ -158.236591124359421, 21.546184352614269 ], [ -158.237746896734194, 21.546715496630988 ], [ -158.238022421126743, 21.548348387277962 ], [ -158.238573586455431, 21.550402255537918 ], [ -158.238895085819422, 21.551983939976211 ], [ -158.240334901666415, 21.554349218776405 ], [ -158.24262399485545, 21.555952886922025 ], [ -158.242906621640969, 21.556230630987546 ], [ -158.244172941986307, 21.557015601142673 ], [ -158.246917261042285, 21.557654591003885 ], [ -158.249858361278569, 21.557611674553065 ], [ -158.250720736707649, 21.557892146233474 ], [ -158.252421915491368, 21.55841704009169 ], [ -158.253034370015428, 21.558715634487108 ], [ -158.254164898362433, 21.559235040977999 ], [ -158.255428708589449, 21.560141074513332 ], [ -158.255921955727274, 21.560625793121265 ], [ -158.257418410578339, 21.561746581461964 ], [ -158.258082986892305, 21.562399865785526 ], [ -158.258671355169724, 21.562933701521136 ], [ -158.259095221105781, 21.563350277562797 ], [ -158.261539934227756, 21.564661248771074 ], [ -158.263139199991855, 21.565807521496598 ], [ -158.26429974819456, 21.566620328054483 ], [ -158.266230450692433, 21.568150898211059 ], [ -158.269563078366645, 21.57048455810239 ], [ -158.27217466785919, 21.571683817249973 ], [ -158.274035390953372, 21.572750468321519 ], [ -158.272381291784484, 21.574223092049021 ], [ -158.269180314707626, 21.574501818074808 ], [ -158.268298729614799, 21.574779702343523 ], [ -158.267323715313154, 21.574756822678527 ], [ -158.260596870283962, 21.575032939019188 ], [ -158.258511167360098, 21.574623733307963 ], [ -158.258055117932713, 21.57549263843606 ], [ -158.256941160829228, 21.575802842759373 ], [ -158.254110850926082, 21.575247462869815 ], [ -158.253243690273763, 21.575520699277821 ], [ -158.251180051436819, 21.575777042866555 ], [ -158.250129160885024, 21.574744093557413 ], [ -158.249765179321116, 21.575776102159224 ], [ -158.248673723951015, 21.576438510703625 ], [ -158.241930395320821, 21.57681933746883 ], [ -158.240164466614289, 21.577092779142752 ], [ -158.239151956899462, 21.577068835341514 ], [ -158.234778234305196, 21.577370187329432 ], [ -158.232522662577139, 21.576502309908062 ], [ -158.231522549515887, 21.576516755665693 ], [ -158.23036617576912, 21.575952807989776 ], [ -158.230057285247284, 21.575957269593392 ], [ -158.226611653432911, 21.575875533644659 ], [ -158.225428323407499, 21.57511721781583 ], [ -158.223959135880875, 21.574292120094317 ], [ -158.222821928650546, 21.574308522020363 ], [ -158.22112997591293, 21.574268328470097 ], [ -158.220215570806914, 21.574556257393333 ], [ -158.217600685997638, 21.574809602312598 ], [ -158.216155654156637, 21.575079333128837 ], [ -158.215428932541982, 21.57506208224196 ], [ -158.214068438069319, 21.575081607233102 ], [ -158.212910368589746, 21.575632760824913 ], [ -158.211204260203374, 21.575592068371154 ], [ -158.210103842279096, 21.574509937989081 ], [ -158.208910931098274, 21.574231921542129 ], [ -158.20689276584406, 21.57340380313407 ], [ -158.204062218865005, 21.572343826027812 ], [ -158.203123434783606, 21.571885875849148 ], [ -158.199378564662737, 21.569844446772859 ], [ -158.198183030100893, 21.569565680549836 ], [ -158.196779075233962, 21.568880611027101 ], [ -158.195880270803855, 21.568467346033906 ], [ -158.194766600079305, 21.568483207903213 ], [ -158.193610440119215, 21.56791901081095 ], [ -158.192462674774049, 21.567935354062815 ], [ -158.191325294732536, 21.567380231528801 ], [ -158.190359806781032, 21.567082013732843 ], [ -158.189210730789824, 21.566521195830934 ], [ -158.188663803440903, 21.565983088006835 ], [ -158.187160224329887, 21.565291697337926 ], [ -158.185542752233829, 21.566427410461305 ], [ -158.184620011354269, 21.565977046136975 ], [ -158.184041671629046, 21.566252193932545 ], [ -158.18339874617763, 21.566236736746671 ], [ -158.181733282320437, 21.564598079471271 ], [ -158.180537733572095, 21.565166821729761 ], [ -158.17940933502453, 21.565139697367186 ], [ -158.178063228611904, 21.565158802922358 ], [ -158.176250819214317, 21.564802197975883 ], [ -158.174169738302794, 21.56512360533895 ], [ -158.173283789857749, 21.565977100619037 ], [ -158.171529889382555, 21.565631983483346 ], [ -158.169824046437952, 21.564799219609988 ], [ -158.169279209931517, 21.563734284929229 ], [ -158.168695441194245, 21.563742556405057 ], [ -158.168416200290693, 21.562645991365539 ], [ -158.167832600766957, 21.562377473672267 ], [ -158.167550109961809, 21.562099606548998 ], [ -158.167238366577976, 21.561816299232731 ], [ -158.165471379801659, 21.561841206673289 ], [ -158.16464970410965, 21.562632579555494 ], [ -158.163224241005111, 21.563270712639589 ], [ -158.162036814995332, 21.562883808414547 ], [ -158.161168293470354, 21.563428181977994 ], [ -158.160470310703687, 21.563690271118393 ], [ -158.159588154753294, 21.561099923566175 ], [ -158.158813256117099, 21.56184630914942 ], [ -158.158079448497574, 21.563241821726479 ], [ -158.157694706503861, 21.562863175129323 ], [ -158.157389395631071, 21.562596027731662 ], [ -158.15655772555931, 21.564177701923562 ], [ -158.155002181774023, 21.563061021352539 ], [ -158.154368181600177, 21.562437070646883 ], [ -158.153633288713678, 21.561769330509108 ], [ -158.153071655693907, 21.560671506860874 ], [ -158.152748250382388, 21.560404259296927 ], [ -158.152783208126749, 21.56259338501334 ], [ -158.151563773909771, 21.563677585197503 ], [ -158.149832666489402, 21.563635677760757 ], [ -158.149002881255626, 21.562819015858164 ], [ -158.146892558537957, 21.56150925706007 ], [ -158.146411201692018, 21.560095467976033 ], [ -158.145849162746316, 21.559584673154525 ], [ -158.144937050441996, 21.558267661140672 ], [ -158.143810746430461, 21.557919320976335 ], [ -158.143528311238498, 21.557641414764355 ], [ -158.143210574378571, 21.557352607216426 ], [ -158.141788713796387, 21.557372421679041 ], [ -158.141188696139125, 21.55735788390113 ], [ -158.141218699819888, 21.556274451144148 ], [ -158.14033546378576, 21.555733199685786 ], [ -158.139765617771104, 21.556816626071342 ], [ -158.139185861991336, 21.556533406397818 ], [ -158.137735557561285, 21.557345944954726 ], [ -158.136819430221522, 21.557606806179592 ], [ -158.134813767850289, 21.556952978508594 ], [ -158.130854964047415, 21.557405359411185 ], [ -158.128178234956607, 21.55674874617727 ], [ -158.126724441053625, 21.556409099582762 ], [ -158.125121606563766, 21.555258021448765 ], [ -158.124718616716478, 21.553906983875393 ], [ -158.12709322841016, 21.552605052607642 ], [ -158.127623942692708, 21.551596303707861 ], [ -158.128213832996039, 21.550791729270056 ], [ -158.128501561261004, 21.550176272710761 ], [ -158.126788771789506, 21.550577360690582 ], [ -158.125603270755221, 21.551320115120372 ], [ -158.123383914915934, 21.551646187020637 ], [ -158.122704905008817, 21.551528076667733 ], [ -158.123879211318723, 21.549424716273482 ], [ -158.123832667824615, 21.549142591464264 ], [ -158.122136342124179, 21.549675857757848 ], [ -158.12184144358767, 21.549668614230459 ], [ -158.12097456481527, 21.550211660917991 ], [ -158.119488878010685, 21.550740451802771 ], [ -158.118375282068484, 21.549643837132088 ], [ -158.117497031235473, 21.550194017650139 ], [ -158.114089576544302, 21.549631706888167 ], [ -158.113743629366354, 21.548270758330812 ], [ -158.113438431596165, 21.548003533686543 ], [ -158.112743198695881, 21.549324868346844 ], [ -158.109896667563959, 21.549829055568569 ], [ -158.10807559699785, 21.548035476984023 ], [ -158.107645835747832, 21.545030367721459 ], [ -158.105679099581437, 21.542576347441788 ], [ -158.105380678614097, 21.541992460723385 ], [ -158.105086966580984, 21.54172528303247 ], [ -158.10473627467087, 21.541039082322602 ], [ -158.103487788243172, 21.54026362593844 ], [ -158.102203004525705, 21.540539454413349 ], [ -158.103359561030146, 21.540897496051961 ], [ -158.104134927786305, 21.541276443252638 ], [ -158.104499289863327, 21.543077266919422 ], [ -158.104789679041517, 21.543886483124165 ], [ -158.105161645724706, 21.544979802504553 ], [ -158.105965157089969, 21.546102763140322 ], [ -158.106671051319182, 21.547483917384469 ], [ -158.107069972614141, 21.549053660533133 ], [ -158.107650085008714, 21.549864423377571 ], [ -158.10804288599482, 21.550633025270532 ], [ -158.109697245122362, 21.551794000257207 ], [ -158.111098390042827, 21.551774744733159 ], [ -158.11223475277626, 21.552145390479076 ], [ -158.111369474926533, 21.553694888858971 ], [ -158.108168530318096, 21.554261734783758 ], [ -158.108206482382542, 21.556684907474818 ], [ -158.106163063181128, 21.558500617225793 ], [ -158.105359516251269, 21.559632886564629 ], [ -158.103942358732695, 21.559598276496978 ], [ -158.102459547586051, 21.5586463348546 ], [ -158.102102456665477, 21.556881346053451 ], [ -158.101800655002791, 21.556040369759074 ], [ -158.100953079479154, 21.555269831319453 ], [ -158.100391883727212, 21.553619533311451 ], [ -158.099946805602372, 21.553625666602937 ], [ -158.098888262512247, 21.553599700326799 ], [ -158.096936907935486, 21.552346823715048 ], [ -158.097492470539635, 21.553894474182645 ], [ -158.099407943894136, 21.554776606229904 ], [ -158.099787434712454, 21.55551915004262 ], [ -158.100079491460264, 21.556057355242984 ], [ -158.100356725924314, 21.557164199932902 ], [ -158.099771669552382, 21.557683972227146 ], [ -158.100354157250536, 21.558498080732864 ], [ -158.100772530763408, 21.559728098480491 ], [ -158.101799357770972, 21.560661651457853 ], [ -158.101484367949269, 21.561225629593913 ], [ -158.102072931590158, 21.561217553121086 ], [ -158.103032376083434, 21.561241048548418 ], [ -158.104093646063632, 21.56196078373322 ], [ -158.103370823963758, 21.562175914675052 ] ], [ [ -158.024693630702586, 21.412399316991475 ], [ -158.024848634105666, 21.4127443627414 ], [ -158.025358510691632, 21.412513025360042 ], [ -158.024693630702586, 21.412399316991475 ] ], [ [ -158.080385390807209, 21.577499111820963 ], [ -158.080482483011735, 21.577830092229551 ], [ -158.08073808101031, 21.577593826737587 ], [ -158.080385390807209, 21.577499111820963 ] ] ] } },
{ "type": "Feature", "properties": { "ID": 116, "GRIDCODE": 2 }, "geometry": { "type": "Polygon", "coordinates": [ [ [ -158.086814768198764, 21.336318317136111 ], [ -158.086462647227478, 21.336223632868084 ], [ -158.086717799219485, 21.335987336165903 ], [ -158.086814768198764, 21.336318317136111 ] ] ] } },
{ "type": "Feature", "properties": { "ID": 117, "GRIDCODE": 2 }, "geometry": { "type": "Polygon", "coordinates": [ [ [ -157.656429344818036, 21.330989708902415 ], [ -157.657093498995891, 21.331104847164841 ], [ -157.656583250362701, 21.331335052904805 ], [ -157.656429344818036, 21.330989708902415 ] ] ] } },
{ "type": "Feature", "properties": { "ID": 118, "GRIDCODE": 2 }, "geometry": { "type": "Polygon", "coordinates": [ [ [ -157.655017814881603, 21.327184369044549 ], [ -157.656826509309013, 21.327325664897128 ], [ -157.657551024414317, 21.327820992736147 ], [ -157.656981426710843, 21.32864586288019 ], [ -157.656492919609491, 21.33083235213557 ], [ -157.656162896614717, 21.330502802479604 ], [ -157.656525890145531, 21.328855333833936 ], [ -157.65575367117745, 21.328387408552739 ], [ -157.655129850454898, 21.328156141356388 ], [ -157.655017814881603, 21.327184369044549 ] ] ] } },
{ "type": "Feature", "properties": { "ID": 119, "GRIDCODE": 2 }, "geometry": { "type": "Polygon", "coordinates": [ [ [ -157.856613275153336, 21.328134383633568 ], [ -157.857341010830424, 21.328269680254987 ], [ -157.857739814236766, 21.329480529378444 ], [ -157.861630149224396, 21.329362477522587 ], [ -157.86257418883153, 21.329838652395125 ], [ -157.862436977266015, 21.33257736114113 ], [ -157.860736014059853, 21.333728721583547 ], [ -157.860765100599735, 21.334571354065623 ], [ -157.864515677900528, 21.335635819103143 ], [ -157.865080722162105, 21.335920977176141 ], [ -157.866363899773916, 21.3363110895882 ], [ -157.865626625945197, 21.337299543483429 ], [ -157.865676801878408, 21.338746222795642 ], [ -157.867114734038438, 21.339183427031443 ], [ -157.867056643692763, 21.340346777679713 ], [ -157.866482557691967, 21.341345664060608 ], [ -157.867035945054994, 21.342342494156778 ], [ -157.867108701571311, 21.343241860898289 ], [ -157.864649166269857, 21.339616456090958 ], [ -157.859022027719618, 21.33316360994397 ], [ -157.855196225667072, 21.32924739030631 ], [ -157.855621152660859, 21.328508157645533 ], [ -157.856470829869437, 21.328545501199248 ], [ -157.856613275153336, 21.328134383633568 ] ] ] } },
{ "type": "Feature", "properties": { "ID": 120, "GRIDCODE": 2 }, "geometry": { "type": "Polygon", "coordinates": [ [ [ -157.853435867482489, 21.327570704957903 ], [ -157.854115807936893, 21.327712570694359 ], [ -157.853792893466363, 21.328191533554595 ], [ -157.853435867482489, 21.327570704957903 ] ] ] } },
{ "type": "Feature", "properties": { "ID": 121, "GRIDCODE": 2 }, "geometry": { "type": "Polygon", "coordinates": [ [ [ -157.850942420866488, 21.313460701504791 ], [ -157.851294172786339, 21.313555869912172 ], [ -157.851038983522272, 21.313791797935906 ], [ -157.850942420866488, 21.313460701504791 ] ] ] } },
{ "type": "Feature", "properties": { "ID": 122, "GRIDCODE": 2 }, "geometry": { "type": "Polygon", "coordinates": [ [ [ -157.829864609672086, 21.308979107198194 ], [ -157.830216335194962, 21.309074318634181 ], [ -157.829961122033467, 21.309310213615529 ], [ -157.829864609672086, 21.308979107198194 ] ] ] } },
{ "type": "Feature", "properties": { "ID": 123, "GRIDCODE": 2 }, "geometry": { "type": "Polygon", "coordinates": [ [ [ -157.83160408489033, 21.308449161664694 ], [ -157.832342223381687, 21.308574775657874 ], [ -157.835415779509219, 21.308956357152613 ], [ -157.835806949342214, 21.310712874519645 ], [ -157.835746810200789, 21.311140290993436 ], [ -157.836789630929985, 21.311026089739734 ], [ -157.83765587929912, 21.311133113904571 ], [ -157.838070298522695, 21.31162567562189 ], [ -157.838517268055625, 21.311966079582046 ], [ -157.838062007193088, 21.312679651439076 ], [ -157.837776059896328, 21.313591568093493 ], [ -157.833611842670308, 21.310640037461731 ], [ -157.831030387770198, 21.309636172350562 ], [ -157.830603015496109, 21.30907105200642 ], [ -157.831378955008631, 21.309166959665429 ], [ -157.83160408489033, 21.308449161664694 ] ] ] } },
{ "type": "Feature", "properties": { "ID": 124, "GRIDCODE": 2 }, "geometry": { "type": "Polygon", "coordinates": [ [ [ -157.84433515052504, 21.30772404253759 ], [ -157.844770731908142, 21.307859830643892 ], [ -157.845479807062191, 21.30856156587835 ], [ -157.845919756007788, 21.30813873556453 ], [ -157.846337264541518, 21.307768154147094 ], [ -157.849982516055832, 21.30829286912012 ], [ -157.849961880361576, 21.308984501728318 ], [ -157.850265629799338, 21.310129079656296 ], [ -157.8508185844656, 21.311153480525956 ], [ -157.851221668353446, 21.312346706390027 ], [ -157.850492014492488, 21.313339714827361 ], [ -157.849904926649003, 21.314993244499409 ], [ -157.848602015870114, 21.316149459619353 ], [ -157.848173433860154, 21.316561191623592 ], [ -157.844522461742173, 21.316814907547023 ], [ -157.843827490104076, 21.316796831828437 ], [ -157.843262387080159, 21.317868020892931 ], [ -157.840660288344793, 21.315691088107741 ], [ -157.839217056842955, 21.314602486478229 ], [ -157.838361011059334, 21.313841946983171 ], [ -157.839826586916956, 21.313522619056641 ], [ -157.840572659026236, 21.314260955318524 ], [ -157.840960866964224, 21.313525013333763 ], [ -157.84150027108933, 21.312561175215652 ], [ -157.842723719175382, 21.310013910848774 ], [ -157.843227986427792, 21.309566453409598 ], [ -157.844174466835938, 21.310031626388298 ], [ -157.844464264226161, 21.309343631178042 ], [ -157.842729349375674, 21.308934705389447 ], [ -157.84304329094374, 21.308373984960792 ], [ -157.844192294897283, 21.307861283374184 ], [ -157.84433515052504, 21.30772404253759 ] ] ] } },
{ "type": "Feature", "properties": { "ID": 125, "GRIDCODE": 2 }, "geometry": { "type": "Polygon", "coordinates": [ [ [ -157.818898943476228, 21.3059212905506 ], [ -157.816164081259046, 21.305687691085542 ], [ -157.816797577815777, 21.305157391864807 ], [ -157.818036616769831, 21.30525946115208 ], [ -157.818766242605676, 21.30520966715396 ], [ -157.818898943476228, 21.3059212905506 ] ] ] } },
{ "type": "Feature", "properties": { "ID": 126, "GRIDCODE": 2 }, "geometry": { "type": "Polygon", "coordinates": [ [ [ -157.816015723160376, 21.304816958447049 ], [ -157.81636742846095, 21.304912198016353 ], [ -157.816112201830947, 21.305148071408311 ], [ -157.816015723160376, 21.304816958447049 ] ] ] } },
{ "type": "Feature", "properties": { "ID": 127, "GRIDCODE": 2 }, "geometry": { "type": "Polygon", "coordinates": [ [ [ -157.829864609672086, 21.308979107198194 ], [ -157.829131877155874, 21.308848557480928 ], [ -157.824663000519507, 21.307168463607297 ], [ -157.819136627553036, 21.30618378632655 ], [ -157.818898943476228, 21.3059212905506 ], [ -157.819836917175053, 21.305175297262366 ], [ -157.821056411957073, 21.303868989794925 ], [ -157.821670847612921, 21.303919610217154 ], [ -157.822642652318592, 21.3032841362628 ], [ -157.823706058983674, 21.302848325122678 ], [ -157.824521073553086, 21.302429695581857 ], [ -157.82498765004209, 21.301468843724813 ], [ -157.825827020248141, 21.301537957723077 ], [ -157.826963964350256, 21.302793653582395 ], [ -157.82678374913084, 21.30471817062628 ], [ -157.828781840088709, 21.306189208289609 ], [ -157.830091494352132, 21.306970614901573 ], [ -157.829864609672086, 21.308979107198194 ] ] ] } },
{ "type": "Feature", "properties": { "ID": 128, "GRIDCODE": 2 }, "geometry": { "type": "Polygon", "coordinates": [ [ [ -157.652966113020881, 21.298441522194683 ], [ -157.653126355945773, 21.298583136865414 ], [ -157.653091705623723, 21.299255540593876 ], [ -157.653112566939029, 21.299879295493984 ], [ -157.652600529637425, 21.30291896607045 ], [ -157.653639153220183, 21.304539345279682 ], [ -157.654482933677883, 21.305911438224172 ], [ -157.65534950899081, 21.307263066715244 ], [ -157.655675052437942, 21.307924124252498 ], [ -157.657056288947331, 21.309144222253117 ], [ -157.656689430331767, 21.309547138051371 ], [ -157.654687441592415, 21.310186815815662 ], [ -157.652479149513994, 21.310251116269399 ], [ -157.650794038140788, 21.309682500755695 ], [ -157.649264621951176, 21.310650762864057 ], [ -157.649224309926126, 21.309438134143406 ], [ -157.649606479646621, 21.308443728568655 ], [ -157.649526387834413, 21.306021319631345 ], [ -157.649863702990615, 21.305051099057145 ], [ -157.650169025965937, 21.304521862431418 ], [ -157.650534170099462, 21.301245615985444 ], [ -157.651470852266584, 21.299426162511139 ], [ -157.65253180077363, 21.299120716851416 ], [ -157.652966113020881, 21.298441522194683 ] ] ] } },
{ "type": "Feature", "properties": { "ID": 129, "GRIDCODE": 2 }, "geometry": { "type": "Polygon", "coordinates": [ [ [ -157.677875018548065, 21.294031947140127 ], [ -157.677772949850407, 21.294361566920987 ], [ -157.677521784872852, 21.294121933655411 ], [ -157.677875018548065, 21.294031947140127 ] ] ] } },
{ "type": "Feature", "properties": { "ID": 130, "GRIDCODE": 2 }, "geometry": { "type": "Polygon", "coordinates": [ [ [ -157.702483989603479, 21.290700338451888 ], [ -157.702691979724193, 21.290039439079386 ], [ -157.7031777084255, 21.290520225659918 ], [ -157.702483989603479, 21.290700338451888 ] ] ] } },
{ "type": "Feature", "properties": { "ID": 131, "GRIDCODE": 2 }, "geometry": { "type": "Polygon", "coordinates": [ [ [ -157.727264114337402, 21.334522107739392 ], [ -157.726837122030304, 21.334378208160114 ], [ -157.725396617314118, 21.333938941555427 ], [ -157.723942746100732, 21.333282542513949 ], [ -157.722929428062145, 21.332770210859561 ], [ -157.721378972024837, 21.33270085997232 ], [ -157.721052845494341, 21.332979245929735 ], [ -157.72051232957628, 21.333517149497684 ], [ -157.720182705889101, 21.333253952681311 ], [ -157.719909562400659, 21.332699533481161 ], [ -157.7184845924846, 21.33226495889193 ], [ -157.716808555736947, 21.330234163605315 ], [ -157.716246018851137, 21.330250776143753 ], [ -157.714969766828261, 21.329674394210876 ], [ -157.714434205485674, 21.32912384932359 ], [ -157.713421308001017, 21.329153747227178 ], [ -157.713005531551886, 21.32831027989447 ], [ -157.71175926573045, 21.328346982492736 ], [ -157.710990717371516, 21.327211206550409 ], [ -157.710388353402237, 21.326679655812374 ], [ -157.711279950666267, 21.325918062938644 ], [ -157.709294840204393, 21.325820261285774 ], [ -157.707810139822215, 21.325863970708173 ], [ -157.707149488161122, 21.325184745978 ], [ -157.706008585783934, 21.325739222910016 ], [ -157.703779250563258, 21.324987694970403 ], [ -157.701169693009518, 21.324435861608144 ], [ -157.700483840279276, 21.324088891217411 ], [ -157.697530864572769, 21.324175674234027 ], [ -157.695777810112247, 21.323584672448042 ], [ -157.693708536449549, 21.323491725598913 ], [ -157.692208965213894, 21.323814062729014 ], [ -157.690097421550263, 21.324314958999157 ], [ -157.688441989848144, 21.324597738561508 ], [ -157.68656337655537, 21.325043373251848 ], [ -157.685549769673258, 21.324585472568213 ], [ -157.684515823504285, 21.323906751213066 ], [ -157.681634270022045, 21.32323974723915 ], [ -157.68065908237952, 21.322910807521016 ], [ -157.679782490220958, 21.322643242328066 ], [ -157.678928680548211, 21.322355208680431 ], [ -157.677683966664546, 21.322067074412633 ], [ -157.673860488057869, 21.320523803931522 ], [ -157.673293039208716, 21.320022771174099 ], [ -157.672328377464765, 21.31903051341417 ], [ -157.671196027659732, 21.318030640101178 ], [ -157.669509009343216, 21.315836887143202 ], [ -157.668580771481629, 21.315227454487356 ], [ -157.666552376954456, 21.314408690890023 ], [ -157.664267400463899, 21.312483203794546 ], [ -157.662729487159453, 21.311619528455246 ], [ -157.659942628182478, 21.309457100963318 ], [ -157.657934353287715, 21.30951565665865 ], [ -157.65790997786587, 21.30877919808648 ], [ -157.658012913063999, 21.306774744610944 ], [ -157.657340112466301, 21.302961219921052 ], [ -157.658362286257585, 21.302666808857047 ], [ -157.659442460915841, 21.302142274448748 ], [ -157.659980707553046, 21.303234947887571 ], [ -157.660412242151551, 21.302891092959069 ], [ -157.661017250225768, 21.302289521823067 ], [ -157.661500232169999, 21.301877329522988 ], [ -157.662309734365266, 21.300304183064643 ], [ -157.663196996919737, 21.299873232331848 ], [ -157.66361148715734, 21.302005661939074 ], [ -157.664623831689624, 21.303047038774594 ], [ -157.66519788110179, 21.301931712037089 ], [ -157.665514720552807, 21.302465914234027 ], [ -157.665880394400432, 21.304347854610647 ], [ -157.666926311405746, 21.304394982692507 ], [ -157.667397088875276, 21.302767320318917 ], [ -157.668138682452735, 21.297347919539529 ], [ -157.66897151194496, 21.298787014344249 ], [ -157.669284467980532, 21.300067040333186 ], [ -157.669762740583479, 21.301837585632345 ], [ -157.670368706274701, 21.30834306919477 ], [ -157.671949483272499, 21.310911914225734 ], [ -157.673309537814049, 21.311804804452137 ], [ -157.674167251818261, 21.307779562465761 ], [ -157.675244996776797, 21.30497338850471 ], [ -157.675341516105874, 21.303090735811175 ], [ -157.675332396388086, 21.302816415917295 ], [ -157.67564763963955, 21.301201263393033 ], [ -157.676026365206553, 21.299087404520979 ], [ -157.677115583317374, 21.298773620990474 ], [ -157.677062587313912, 21.297185342588129 ], [ -157.677421434749249, 21.296879112451144 ], [ -157.677920069668744, 21.295909696121722 ], [ -157.679635915049431, 21.294203239361629 ], [ -157.680035046537455, 21.295013567618305 ], [ -157.680588546210458, 21.293937585579467 ], [ -157.681200355291026, 21.293415187312174 ], [ -157.680598820632497, 21.293324261831486 ], [ -157.679174233012276, 21.293630476589936 ], [ -157.678604711021336, 21.293907334703249 ], [ -157.677875018548065, 21.294031947140127 ], [ -157.678020429874152, 21.29362386669629 ], [ -157.678608135532812, 21.292576345812815 ], [ -157.677406501626564, 21.291761828442539 ], [ -157.676607536183866, 21.292528274890852 ], [ -157.675829185927796, 21.29253704051775 ], [ -157.676434530416117, 21.285292308810298 ], [ -157.677547549554134, 21.283568159007093 ], [ -157.678120503981688, 21.283060814760741 ], [ -157.678406457082161, 21.282786626937106 ], [ -157.679315229775256, 21.282238311612065 ], [ -157.679861781386535, 21.281714014341929 ], [ -157.680761747831582, 21.280916977773366 ], [ -157.679878202458468, 21.280506719044762 ], [ -157.680476991361331, 21.28007651681061 ], [ -157.681866192370876, 21.280113993799596 ], [ -157.682780083369835, 21.279843851462459 ], [ -157.682201990636287, 21.27931451679602 ], [ -157.683051892512196, 21.278492329513568 ], [ -157.684230866314294, 21.278767126533332 ], [ -157.68451468273534, 21.279048621696962 ], [ -157.685077438716206, 21.278508619349623 ], [ -157.685389484725079, 21.278505034446813 ], [ -157.685977619922085, 21.278794857148419 ], [ -157.685960068855991, 21.277432734512626 ], [ -157.687733355517054, 21.278542302700853 ], [ -157.688272452483716, 21.279076939368998 ], [ -157.688862531985762, 21.278797822899048 ], [ -157.689434470645551, 21.278813191613644 ], [ -157.691181279356698, 21.278547894139258 ], [ -157.692020733778918, 21.279380672974579 ], [ -157.693460745946396, 21.280698922940449 ], [ -157.692811029819467, 21.283764424115635 ], [ -157.691202223902422, 21.286808110107259 ], [ -157.689119696682837, 21.289511314062363 ], [ -157.686429906508266, 21.29097963119559 ], [ -157.68504397371467, 21.292309224636035 ], [ -157.683828184284806, 21.292668453802101 ], [ -157.683805544724294, 21.293403423147655 ], [ -157.684097518532411, 21.293945205900403 ], [ -157.682928191085693, 21.296029218202211 ], [ -157.682909125105084, 21.296647700461797 ], [ -157.683219582570672, 21.300091638955688 ], [ -157.682832006590559, 21.302544141147692 ], [ -157.681963451771622, 21.307087021287064 ], [ -157.682791036856742, 21.309927095741116 ], [ -157.683078668998149, 21.310736941800251 ], [ -157.683810271944253, 21.312910719858078 ], [ -157.684590375122099, 21.31201970886536 ], [ -157.685987349477131, 21.308868066889758 ], [ -157.686693536574069, 21.306248665727203 ], [ -157.688699742291305, 21.302281978667807 ], [ -157.689817973780123, 21.299141684916151 ], [ -157.690117630599957, 21.299680606934992 ], [ -157.690519344819194, 21.302119822261545 ], [ -157.691258239015099, 21.302139729914412 ], [ -157.692385024312017, 21.301058703786328 ], [ -157.692414487049007, 21.302356870723827 ], [ -157.692090274510889, 21.304845951812919 ], [ -157.69209732117082, 21.305389873910134 ], [ -157.691984047618661, 21.309092781678082 ], [ -157.692406143088277, 21.311213108696073 ], [ -157.693166168381509, 21.312712333842004 ], [ -157.693494840829743, 21.312721172725158 ], [ -157.694341692614842, 21.311908771869785 ], [ -157.695482311744854, 21.31089876354606 ], [ -157.695801993992063, 21.310294055987342 ], [ -157.697536665375054, 21.309781360285616 ], [ -157.69783346261039, 21.30949677099267 ], [ -157.69813661294188, 21.309228241970086 ], [ -157.698126245684136, 21.308417718934479 ], [ -157.698150919014552, 21.307604886594813 ], [ -157.698138661560904, 21.306656264491078 ], [ -157.698159619454003, 21.305976525230818 ], [ -157.697844901086512, 21.305090998558317 ], [ -157.698269408249985, 21.302169965303225 ], [ -157.698210347575412, 21.297621390530917 ], [ -157.69880607962827, 21.296033162997055 ], [ -157.699187922039755, 21.294616894290328 ], [ -157.701100597436323, 21.296513638601823 ], [ -157.701144336904974, 21.295906721592591 ], [ -157.701138336332662, 21.295432609122553 ], [ -157.701150661628731, 21.295026191654483 ], [ -157.701142389709759, 21.294392738306666 ], [ -157.701446560526591, 21.293264207188582 ], [ -157.70175083203597, 21.292187945663898 ], [ -157.702047691853153, 21.291086880706434 ], [ -157.702483989603479, 21.290700338451888 ], [ -157.702852971586623, 21.291066092812088 ], [ -157.704075069621979, 21.290303236291582 ], [ -157.704656091441763, 21.29031882366646 ], [ -157.705455052658323, 21.290309685574957 ], [ -157.705798048094636, 21.291677093419153 ], [ -157.706088876492203, 21.292778317755772 ], [ -157.706072992646881, 21.293302547489837 ], [ -157.706084751975084, 21.2942175573261 ], [ -157.706630891897817, 21.296285219677202 ], [ -157.706904873931109, 21.297376785572986 ], [ -157.707190528861418, 21.298457986782804 ], [ -157.70718220812995, 21.298731247375713 ], [ -157.707216342167357, 21.301350554828307 ], [ -157.707730664974889, 21.302797878177493 ], [ -157.708225045346438, 21.304266087268527 ], [ -157.710098388166983, 21.306619432036175 ], [ -157.711474483353527, 21.306603709818329 ], [ -157.711427851526992, 21.303045235938185 ], [ -157.712388078329241, 21.299315890037622 ], [ -157.712807338053977, 21.290475102559871 ], [ -157.713892250239724, 21.289991991316619 ], [ -157.714572948311428, 21.292704639378712 ], [ -157.714402585843487, 21.298298796420159 ], [ -157.715617176220491, 21.297133188814822 ], [ -157.716433177112719, 21.295588982752594 ], [ -157.717448803006022, 21.29420899139723 ], [ -157.717933053220548, 21.29284856721932 ], [ -157.718853907987409, 21.290897571659528 ], [ -157.71968979978584, 21.288548075955273 ], [ -157.71989079720899, 21.288261722346746 ], [ -157.720561190949638, 21.289892879038522 ], [ -157.721330661315022, 21.290975553857997 ], [ -157.721699043888805, 21.292069604038552 ], [ -157.722553465901569, 21.294238745893093 ], [ -157.723288874550008, 21.297503658942077 ], [ -157.723672658918474, 21.298583398273454 ], [ -157.724474205099767, 21.3009635263424 ], [ -157.724961665429845, 21.301845290569599 ], [ -157.725674819036442, 21.300495642169434 ], [ -157.725996920434199, 21.299920993417814 ], [ -157.727037915110628, 21.295129817685101 ], [ -157.726941160277562, 21.287770448555378 ], [ -157.726997165906681, 21.285922494512981 ], [ -157.727879392712708, 21.284799134753843 ], [ -157.729798958836056, 21.285431142246253 ], [ -157.730882157003805, 21.284084387382208 ], [ -157.731479219124765, 21.283742248905082 ], [ -157.732316720472454, 21.285393877006261 ], [ -157.731669801651066, 21.288782994929676 ], [ -157.73212821845388, 21.290516988051071 ], [ -157.732670630099705, 21.294049640256567 ], [ -157.73284286535673, 21.294316522373038 ], [ -157.733841235108088, 21.292426958391243 ], [ -157.734140631819145, 21.291892613516129 ], [ -157.735021311426266, 21.289991172256894 ], [ -157.735602623770347, 21.290006655017844 ], [ -157.736054489026003, 21.289572698470501 ], [ -157.736478369297004, 21.288381604294745 ], [ -157.736906225952595, 21.287848217533181 ], [ -157.738528113298486, 21.290580086594264 ], [ -157.740524803974068, 21.292748110113969 ], [ -157.740468365322272, 21.288499898461321 ], [ -157.741454501751122, 21.287002879992272 ], [ -157.741992927504128, 21.285983794467739 ], [ -157.742292565260414, 21.285449236211178 ], [ -157.742288548554342, 21.285157815471791 ], [ -157.743176263984282, 21.283574101087449 ], [ -157.743168879338015, 21.283014157326278 ], [ -157.743186161703647, 21.282442421760773 ], [ -157.744404753674274, 21.281362435054941 ], [ -157.746772509064357, 21.281425395399371 ], [ -157.747536251739547, 21.282536101380835 ], [ -157.748111800213252, 21.283062754965666 ], [ -157.749074756488852, 21.28496104366122 ], [ -157.749536499178674, 21.284955607288747 ], [ -157.75136852286721, 21.286771277740787 ], [ -157.751984886107408, 21.289224356230356 ], [ -157.752378045350241, 21.289584231436141 ], [ -157.752974556249541, 21.290175337740859 ], [ -157.753510683512957, 21.291766147890367 ], [ -157.753798960143968, 21.292576225297793 ], [ -157.753782168412755, 21.293127720053658 ], [ -157.754458594132956, 21.295028888354619 ], [ -157.754934772802812, 21.295023280639874 ], [ -157.755211395169141, 21.295843922298523 ], [ -157.755435068866461, 21.296111163445829 ], [ -157.755798892905347, 21.294758790200195 ], [ -157.75613603030456, 21.293858656213487 ], [ -157.756687935246759, 21.292873695960555 ], [ -157.756982883502275, 21.291515384582674 ], [ -157.7572962424303, 21.290956219819535 ], [ -157.758082120970784, 21.288034271876707 ], [ -157.758495969162794, 21.283508903729594 ], [ -157.757645380827171, 21.281498217961154 ], [ -157.75736957960288, 21.280580851867438 ], [ -157.758870179061972, 21.280136699986649 ], [ -157.759839639313242, 21.280162368120816 ], [ -157.760531607606055, 21.281526367109063 ], [ -157.76142605820948, 21.280967564691426 ], [ -157.761415263719982, 21.28016575903375 ], [ -157.762141423230929, 21.278525100610885 ], [ -157.76374494243052, 21.278567513143635 ], [ -157.765397265083919, 21.278548072629377 ], [ -157.766698569843442, 21.27887090052516 ], [ -157.76778576883649, 21.279405866903573 ], [ -157.769233743478566, 21.278867611466513 ], [ -157.770392630779696, 21.278898308006507 ], [ -157.771844737862608, 21.278881113880196 ], [ -157.771241634253926, 21.280779505020607 ], [ -157.770929279938088, 21.281940548885458 ], [ -157.7701625383813, 21.283988266637106 ], [ -157.770499965396112, 21.284568289836983 ], [ -157.770953838956245, 21.283708804450328 ], [ -157.775587262678329, 21.279877294015748 ], [ -157.777433332816429, 21.278932890558469 ], [ -157.776946814329307, 21.282688628209847 ], [ -157.776132298915428, 21.283796278462923 ], [ -157.77557748309755, 21.285357327110091 ], [ -157.777864918591519, 21.284079877162345 ], [ -157.778493843629121, 21.283799531196131 ], [ -157.779319583403861, 21.283006369665014 ], [ -157.780556042479105, 21.282161128450113 ], [ -157.782242678730967, 21.281409185044105 ], [ -157.782810376509985, 21.282527653491297 ], [ -157.782787035509529, 21.283305197404388 ], [ -157.782800555015058, 21.28430459687052 ], [ -157.782475608012447, 21.286010382919951 ], [ -157.782164181380011, 21.287719309130051 ], [ -157.78219802926526, 21.288718524209074 ], [ -157.783181183907004, 21.287774367959504 ], [ -157.785682747499408, 21.285556157123121 ], [ -157.786853671659429, 21.283024953919018 ], [ -157.787728923793196, 21.282248779540279 ], [ -157.788581531448131, 21.28227119198629 ], [ -157.790495134108824, 21.282248357413327 ], [ -157.790891408438881, 21.282340593334169 ], [ -157.790228503053697, 21.285259902480835 ], [ -157.790581239027063, 21.285255687534079 ], [ -157.791303994709892, 21.285274706016214 ], [ -157.792077246166826, 21.285265499974251 ], [ -157.793765668851933, 21.284465549055785 ], [ -157.796086648773326, 21.284216569235536 ], [ -157.797118852222894, 21.283893711376127 ], [ -157.797549192912101, 21.281463726877007 ], [ -157.796114083759676, 21.280151524455427 ], [ -157.795552620029582, 21.278775954045702 ], [ -157.79641989098991, 21.27879876172533 ], [ -157.796704580804459, 21.278653047132103 ], [ -157.795797906410087, 21.27823283057257 ], [ -157.79498529488572, 21.27742786510909 ], [ -157.794456960237909, 21.27694457906258 ], [ -157.794124825277208, 21.276571539365904 ], [ -157.795289827690425, 21.275538355976451 ], [ -157.795845638042721, 21.275004532399382 ], [ -157.796685623125967, 21.274629881529698 ], [ -157.797308952013623, 21.272874843832973 ], [ -157.797778845779334, 21.272035638392449 ], [ -157.79825861865848, 21.271126630360833 ], [ -157.800013167084728, 21.269843073627932 ], [ -157.80198558647686, 21.269894891608448 ], [ -157.803401809647227, 21.269451717328707 ], [ -157.803684269952328, 21.273701066885877 ], [ -157.803972516616227, 21.274510738733053 ], [ -157.804380377779893, 21.276976936644655 ], [ -157.803928839439465, 21.27778347282749 ], [ -157.803947115415042, 21.279120556834705 ], [ -157.803914196154125, 21.280223578094237 ], [ -157.802483688417539, 21.280186019530618 ], [ -157.80154369181048, 21.280773571034661 ], [ -157.800883430612032, 21.281407837329596 ], [ -157.799972127219604, 21.282216049168113 ], [ -157.799554203722266, 21.284512341888718 ], [ -157.799061639110533, 21.285392014176331 ], [ -157.797721736292289, 21.287021252365207 ], [ -157.796567886755241, 21.289207470394015 ], [ -157.796607732773197, 21.292118727332792 ], [ -157.797172210811283, 21.293165140429476 ], [ -157.796871316565301, 21.293702308796455 ], [ -157.796567863705917, 21.294831047936906 ], [ -157.796579387472036, 21.295670379125145 ], [ -157.798121990368941, 21.295311599945428 ], [ -157.799755366021373, 21.295354551899781 ], [ -157.800719592666297, 21.294751837480408 ], [ -157.802306925577597, 21.293226896414993 ], [ -157.803605338792579, 21.291212241544301 ], [ -157.8059098467632, 21.289168190020394 ], [ -157.806989854195336, 21.290237681422237 ], [ -157.807889280418891, 21.29079951795249 ], [ -157.809342855781352, 21.291738050622104 ], [ -157.809314135466195, 21.292709431837878 ], [ -157.809319615739781, 21.293115995652016 ], [ -157.809299464502516, 21.293794718138766 ], [ -157.810465841551007, 21.294069945447049 ], [ -157.81045770900937, 21.294343617531577 ], [ -157.810461176247145, 21.294614658769621 ], [ -157.810453046275114, 21.294888000022663 ], [ -157.810747168225276, 21.295713582849427 ], [ -157.810731312699488, 21.296245182309114 ], [ -157.811152882480997, 21.297026142652275 ], [ -157.812759038586194, 21.296523501152997 ], [ -157.813025079345039, 21.298737843549457 ], [ -157.812316540353407, 21.300630755696758 ], [ -157.811494463530266, 21.301749247147178 ], [ -157.810676240938307, 21.303299627543165 ], [ -157.807797485729253, 21.302181560002996 ], [ -157.80207576480305, 21.30101702884059 ], [ -157.793105863617342, 21.301124437675334 ], [ -157.789654563378321, 21.30062649797167 ], [ -157.786600934526973, 21.299440056690436 ], [ -157.780588461503697, 21.298707350576358 ], [ -157.775447451137495, 21.297342012907485 ], [ -157.773685847169503, 21.296925907526777 ], [ -157.762180834081192, 21.297061684715924 ], [ -157.75786258826966, 21.299106332618528 ], [ -157.755245140694683, 21.299683868801562 ], [ -157.748821153669013, 21.299513361445786 ], [ -157.744535708017224, 21.299563357518384 ], [ -157.739143185252317, 21.301735395041653 ], [ -157.732365870666399, 21.306040494818532 ], [ -157.726461507114408, 21.310534395628633 ], [ -157.721186320795425, 21.311801519356429 ], [ -157.71276996426505, 21.315255275222267 ], [ -157.705651971562105, 21.315544169655521 ], [ -157.705293595296467, 21.31689281252714 ], [ -157.706746127292803, 21.318221977627957 ], [ -157.714428069212374, 21.318574714653003 ], [ -157.717438966683119, 21.319416091530336 ], [ -157.719206290891975, 21.321688742418441 ], [ -157.719817031509109, 21.325392176658593 ], [ -157.720243904637613, 21.327858789334311 ], [ -157.722028866103642, 21.330100451575149 ], [ -157.724334169502157, 21.330972739834031 ], [ -157.726301048314582, 21.332243786338218 ], [ -157.726883486076787, 21.333391784075168 ], [ -157.727264114337402, 21.334522107739392 ] ] ] } },
{ "type": "Feature", "properties": { "ID": 132, "GRIDCODE": 2 }, "geometry": { "type": "Polygon", "coordinates": [ [ [ -157.7033330138689, 21.259811834819292 ], [ -157.704629854188966, 21.259962803766438 ], [ -157.705355634656229, 21.259941385420522 ], [ -157.707283772655671, 21.260027841896751 ], [ -157.707901030329566, 21.261280769437015 ], [ -157.707755910359396, 21.264127775000137 ], [ -157.706385816146593, 21.266507322244639 ], [ -157.703091482859662, 21.270238679940586 ], [ -157.702117369757559, 21.271462364659907 ], [ -157.700389381242957, 21.272714633950063 ], [ -157.699651627679714, 21.273448922107526 ], [ -157.697859735472861, 21.274417685409876 ], [ -157.696979656305018, 21.27479866829405 ], [ -157.695771911576344, 21.27538585761334 ], [ -157.692738977124407, 21.276260127219942 ], [ -157.691760457147382, 21.277233545023261 ], [ -157.691466956153022, 21.276034356312941 ], [ -157.690265016978486, 21.274973269936314 ], [ -157.688590943207942, 21.275287955168547 ], [ -157.688202604962669, 21.273291738906074 ], [ -157.688462939066028, 21.272303819119276 ], [ -157.691399770350159, 21.2740209233882 ], [ -157.692939468853382, 21.273924831666992 ], [ -157.692081025570218, 21.273166676079839 ], [ -157.691984638807696, 21.272060192443668 ], [ -157.693830422478243, 21.273271953485455 ], [ -157.693801773087216, 21.27383068629214 ], [ -157.693825490134117, 21.274534592328109 ], [ -157.696093420020048, 21.274467936446932 ], [ -157.697315794504277, 21.273693281890019 ], [ -157.697870849794924, 21.272095472062716 ], [ -157.698178314545174, 21.27129514339692 ], [ -157.698644125549322, 21.269954482434667 ], [ -157.698143844966012, 21.269050518297675 ], [ -157.698210682821582, 21.267743098867239 ], [ -157.697578059044076, 21.267184546981188 ], [ -157.696178111703063, 21.267225724751661 ], [ -157.696193107120621, 21.266933659371105 ], [ -157.695745963568356, 21.266538837110954 ], [ -157.694635132701393, 21.265396312015454 ], [ -157.692655167114253, 21.264937926196829 ], [ -157.693055703026005, 21.263894315183084 ], [ -157.695798583382384, 21.262263973120039 ], [ -157.698106613517524, 21.262367634483184 ], [ -157.699551135830632, 21.262325128504809 ], [ -157.698914137108062, 21.26117384794231 ], [ -157.699702964705153, 21.260500096991354 ], [ -157.703128232825463, 21.2600156336647 ], [ -157.7033330138689, 21.259811834819292 ] ] ] } },
{ "type": "Feature", "properties": { "ID": 133, "GRIDCODE": 2 }, "geometry": { "type": "Polygon", "coordinates": [ [ [ -157.806287807280597, 21.255965187769714 ], [ -157.806728602096541, 21.256096208383561 ], [ -157.807299073221742, 21.256392039697491 ], [ -157.80758491323644, 21.256096710019253 ], [ -157.809311240987739, 21.256991904410693 ], [ -157.810479434778699, 21.25693491218906 ], [ -157.810751536642186, 21.257224788697588 ], [ -157.811055448039241, 21.257209994016275 ], [ -157.811370941581146, 21.257546227520962 ], [ -157.813983570209956, 21.257418667627686 ], [ -157.81343218773074, 21.258825986613054 ], [ -157.815136131204468, 21.259210358918157 ], [ -157.814649257435661, 21.261271463504023 ], [ -157.813601940996762, 21.261566607352592 ], [ -157.813910144637134, 21.262391821810109 ], [ -157.813564527307278, 21.262677080891212 ], [ -157.813608939952957, 21.263477081716896 ], [ -157.813011449532098, 21.263729070844093 ], [ -157.812736422057867, 21.264013369533114 ], [ -157.812428034181352, 21.264267723884217 ], [ -157.812458131697667, 21.264809971591255 ], [ -157.811979486811083, 21.265204787418135 ], [ -157.811566938024299, 21.265631232329703 ], [ -157.811259397584308, 21.265884862426436 ], [ -157.810984362671604, 21.266169157839169 ], [ -157.809874570510118, 21.266819811004531 ], [ -157.809527905778111, 21.267513961783731 ], [ -157.808642127538064, 21.267763500232995 ], [ -157.806280290102762, 21.268596160776777 ], [ -157.802481614004137, 21.269345929947093 ], [ -157.80171316806414, 21.268527415640001 ], [ -157.801201392409411, 21.268092238946689 ], [ -157.79959656086919, 21.266132945976729 ], [ -157.79914190053367, 21.264714874275764 ], [ -157.798840690533893, 21.264185912103507 ], [ -157.798529509105208, 21.262554681506387 ], [ -157.798641246718631, 21.260997263387001 ], [ -157.800209537417658, 21.259129644056671 ], [ -157.80063560679028, 21.258778356014616 ], [ -157.800910646180483, 21.258494077540497 ], [ -157.802378953288809, 21.257706683340913 ], [ -157.802653987384019, 21.257422401734019 ], [ -157.804700461125492, 21.256639092297373 ], [ -157.804975488874646, 21.256354806562886 ], [ -157.806150295122706, 21.256107331854032 ], [ -157.806287807280597, 21.255965187769714 ] ] ] } },
{ "type": "Feature", "properties": { "ID": 134, "GRIDCODE": 2 }, "geometry": { "type": "Polygon", "coordinates": [ [ [ -157.112418883424141, 21.194620035476742 ], [ -157.112769775381139, 21.19471669953673 ], [ -157.112513706644421, 21.194951452360588 ], [ -157.112418883424141, 21.194620035476742 ] ] ] } },
{ "type": "Feature", "properties": { "ID": 135, "GRIDCODE": 1 }, "geometry": { "type": "Polygon", "coordinates": [ [ [ -157.156245067847664, 21.178575565443719 ], [ -157.156595958930041, 21.178672137922796 ], [ -157.156339983669994, 21.178906964765698 ], [ -157.156245067847664, 21.178575565443719 ] ] ] } },
{ "type": "Feature", "properties": { "ID": 136, "GRIDCODE": 2 }, "geometry": { "type": "Polygon", "coordinates": [ [ [ -156.737895952909071, 21.164283780401348 ], [ -156.738315914361152, 21.16467313897823 ], [ -156.738956908429998, 21.165959194595853 ], [ -156.740742153075217, 21.168286498031677 ], [ -156.744278926326785, 21.170878972930574 ], [ -156.746587168991738, 21.171852511750338 ], [ -156.752332467879569, 21.173917362583616 ], [ -156.745793947493837, 21.173700062342967 ], [ -156.743684681915965, 21.173162910233572 ], [ -156.740427836595074, 21.172786923025996 ], [ -156.738144336521685, 21.171338553987663 ], [ -156.736546235550605, 21.169058043064766 ], [ -156.736079284435704, 21.167715776561618 ], [ -156.738165930680879, 21.166208807813817 ], [ -156.737895952909071, 21.164283780401348 ] ] ] } },
{ "type": "Feature", "properties": { "ID": 137, "GRIDCODE": 2 }, "geometry": { "type": "Polygon", "coordinates": [ [ [ -156.703153601778013, 21.132390734126503 ], [ -156.703851415921264, 21.132578443060009 ], [ -156.702837087483175, 21.133570449490087 ], [ -156.703153601778013, 21.132390734126503 ] ] ] } },
{ "type": "Feature", "properties": { "ID": 138, "GRIDCODE": 2 }, "geometry": { "type": "Polygon", "coordinates": [ [ [ -157.113580135801669, 21.12581044052736 ], [ -157.113868880365942, 21.125813656295751 ], [ -157.113865453230517, 21.126084574128843 ], [ -157.113576708142318, 21.126081358315353 ], [ -157.113580135801669, 21.12581044052736 ] ] ] } },
{ "type": "Feature", "properties": { "ID": 139, "GRIDCODE": 1 }, "geometry": { "type": "Polygon", "coordinates": [ [ [ -157.112493741757078, 21.120379218456947 ], [ -157.112893244208607, 21.120654625290488 ], [ -157.112486884369901, 21.120921054030383 ], [ -157.112493741757078, 21.120379218456947 ] ] ] } },
{ "type": "Feature", "properties": { "ID": 140, "GRIDCODE": 2 }, "geometry": { "type": "Polygon", "coordinates": [ [ [ -157.112493741757078, 21.120379218456947 ], [ -157.112486884369901, 21.120921054030383 ], [ -157.111811556612935, 21.120781092994402 ], [ -157.112300813728353, 21.120025540399165 ], [ -157.112493741757078, 21.120379218456947 ] ] ] } },
{ "type": "Feature", "properties": { "ID": 141, "GRIDCODE": 2 }, "geometry": { "type": "Polygon", "coordinates": [ [ [ -157.068916601916413, 21.11826237117462 ], [ -157.068813358958977, 21.11859154806157 ], [ -157.068563520799444, 21.118351088671517 ], [ -157.068916601916413, 21.11826237117462 ] ] ] } },
{ "type": "Feature", "properties": { "ID": 142, "GRIDCODE": 2 }, "geometry": { "type": "Polygon", "coordinates": [ [ [ -157.068916601916413, 21.11826237117462 ], [ -157.069019844359957, 21.117933194177667 ], [ -157.069269682672683, 21.118173652908254 ], [ -157.068916601916413, 21.11826237117462 ] ] ] } },
{ "type": "Feature", "properties": { "ID": 143, "GRIDCODE": 2 }, "geometry": { "type": "Polygon", "coordinates": [ [ [ -156.741856482352318, 21.112593243083339 ], [ -156.742743018643552, 21.112753739064722 ], [ -156.743359269774402, 21.11436160836028 ], [ -156.741428199659936, 21.113618257960454 ], [ -156.741856482352318, 21.112593243083339 ] ] ] } },
{ "type": "Feature", "properties": { "ID": 144, "GRIDCODE": 1 }, "geometry": { "type": "Polygon", "coordinates": [ [ [ -157.295166720171551, 21.106328474962655 ], [ -157.296148085518951, 21.10657531458553 ], [ -157.295663945422234, 21.106965533422013 ], [ -157.29454664084119, 21.107188753545692 ], [ -157.295166720171551, 21.106328474962655 ] ] ] } },
{ "type": "Feature", "properties": { "ID": 145, "GRIDCODE": 2 }, "geometry": { "type": "Polygon", "coordinates": [ [ [ -156.766212870346067, 21.105601480636079 ], [ -156.765187149317967, 21.106809709079787 ], [ -156.757572975152442, 21.114555233983793 ], [ -156.756006360025566, 21.116436686865075 ], [ -156.747899034025778, 21.127140348233649 ], [ -156.739420708674203, 21.139523076091407 ], [ -156.736321326771844, 21.145423491556958 ], [ -156.735113046687417, 21.148587108426803 ], [ -156.735043570010532, 21.150466257067595 ], [ -156.735866262288909, 21.152965764611423 ], [ -156.737308172473718, 21.155269646069105 ], [ -156.736151652904141, 21.155729581641246 ], [ -156.735070120166569, 21.156042889793383 ], [ -156.732210343017044, 21.159193145476639 ], [ -156.731354727564167, 21.158671075653391 ], [ -156.732688905908788, 21.155178492427755 ], [ -156.732107964187463, 21.155399083337336 ], [ -156.731239068989169, 21.15593466731773 ], [ -156.730651917643343, 21.156192273614675 ], [ -156.729783013040134, 21.156727849174121 ], [ -156.728618388005884, 21.156977695999593 ], [ -156.728053203082965, 21.157513967087635 ], [ -156.725898800646405, 21.157976030154202 ], [ -156.724844147559878, 21.158281496118484 ], [ -156.722997279101463, 21.158955465776167 ], [ -156.721368289667538, 21.159323745613698 ], [ -156.72020363566125, 21.159573531266428 ], [ -156.717946918641161, 21.160083713339414 ], [ -156.715688799253201, 21.160096482255838 ], [ -156.714719115499605, 21.15977041369802 ], [ -156.711616166380452, 21.159372101309547 ], [ -156.711079239316831, 21.15782843737713 ], [ -156.711877474267936, 21.156757475955001 ], [ -156.712461867291893, 21.155947246311044 ], [ -156.71355999000059, 21.15462959891639 ], [ -156.712936896300107, 21.152838276605827 ], [ -156.713405421017569, 21.152427936832584 ], [ -156.713396979695148, 21.151086332495048 ], [ -156.713432121251032, 21.150138643657481 ], [ -156.713417509646462, 21.147858117151646 ], [ -156.714553944610486, 21.14732829004512 ], [ -156.715882281113466, 21.147027901232541 ], [ -156.718638057764906, 21.147117858699652 ], [ -156.71926433486928, 21.146016689595047 ], [ -156.718682818879699, 21.145742310822971 ], [ -156.717813960893437, 21.14517251502269 ], [ -156.716687552688882, 21.145178880738889 ], [ -156.716106996298777, 21.144640216038752 ], [ -156.716103778286964, 21.144132888077543 ], [ -156.716483994911727, 21.142435341685154 ], [ -156.719020405438243, 21.142518093388571 ], [ -156.71903145597534, 21.14222002201058 ], [ -156.718469876344415, 21.14116051295078 ], [ -156.718757575191091, 21.140861607263695 ], [ -156.719356602909187, 21.140598841665412 ], [ -156.719349741036069, 21.139536690248779 ], [ -156.719986456494752, 21.138653517166574 ], [ -156.721882852127436, 21.136992440884725 ], [ -156.722762648145789, 21.135811659717127 ], [ -156.72327785866986, 21.134462738472973 ], [ -156.722801721398696, 21.132609069360925 ], [ -156.723811744526841, 21.131724284239596 ], [ -156.724688072002323, 21.130508851433159 ], [ -156.725589942794613, 21.130113088512967 ], [ -156.726247718693543, 21.12948910306147 ], [ -156.727310538308075, 21.130021044359882 ], [ -156.729917933992567, 21.1290962749679 ], [ -156.729486237896282, 21.128281602369832 ], [ -156.730202505080257, 21.128277514568651 ], [ -156.732190817131027, 21.129065421132278 ], [ -156.731667157539192, 21.127474367310874 ], [ -156.730718756233671, 21.126594440106075 ], [ -156.731253611956674, 21.125596353702193 ], [ -156.732534130349308, 21.125588966687712 ], [ -156.733679784065146, 21.126162189669632 ], [ -156.734018309275456, 21.125891645641385 ], [ -156.734007626539835, 21.124294166918403 ], [ -156.734622441171865, 21.123468835425221 ], [ -156.734312433612075, 21.122883718540766 ], [ -156.734381004831761, 21.121024460662206 ], [ -156.733515198103305, 21.120221252779043 ], [ -156.734554957072618, 21.11970776582389 ], [ -156.735560319901253, 21.119416504172438 ], [ -156.735551538730277, 21.118082218290223 ], [ -156.73585620591868, 21.117793159957319 ], [ -156.736453140116822, 21.117270168411807 ], [ -156.737514171970531, 21.1162630798182 ], [ -156.739588808266063, 21.11730119239612 ], [ -156.739626952243214, 21.117035422654791 ], [ -156.739617887788086, 21.115698682938874 ], [ -156.741232183539495, 21.115689261115413 ], [ -156.741953615284302, 21.115712768022622 ], [ -156.74296420700486, 21.115706922394772 ], [ -156.743922515889636, 21.117629080708259 ], [ -156.744376521672052, 21.117774086724996 ], [ -156.744470472740829, 21.118105640551203 ], [ -156.744726925820743, 21.11787148046961 ], [ -156.744376521672052, 21.117774086724996 ], [ -156.744242085302773, 21.116204515637065 ], [ -156.744268552381158, 21.115740830260815 ], [ -156.744246655996136, 21.114932837736962 ], [ -156.744989869803163, 21.114615736067595 ], [ -156.744023679214536, 21.112841962899076 ], [ -156.74460084773915, 21.112485612722047 ], [ -156.745841327087277, 21.113311145771412 ], [ -156.746915562171864, 21.113365383499175 ], [ -156.746892400311339, 21.112509487834132 ], [ -156.751242697000606, 21.112010382807803 ], [ -156.750482381318903, 21.111668266297425 ], [ -156.745801645008157, 21.110208915538667 ], [ -156.745781685825023, 21.109477273563954 ], [ -156.746976840969864, 21.108467468507467 ], [ -156.747537203768331, 21.10739246908221 ], [ -156.747998048140715, 21.107381529764037 ], [ -156.748435839534039, 21.107403617521211 ], [ -156.750236346854621, 21.106145468780998 ], [ -156.752761501223347, 21.107013794697274 ], [ -156.752493878415464, 21.106363129129726 ], [ -156.751651091150194, 21.104816040950325 ], [ -156.753377069115146, 21.104478464591477 ], [ -156.755288794183912, 21.104162114087323 ], [ -156.75401660855934, 21.102559214386883 ], [ -156.755449111767064, 21.102631499718818 ], [ -156.755411246697889, 21.101231202703644 ], [ -156.757462653734308, 21.101334813769355 ], [ -156.757767672764913, 21.100472937590879 ], [ -156.758314492436455, 21.100010836865582 ], [ -156.759555243893459, 21.098469365668834 ], [ -156.762331223166939, 21.101633822560295 ], [ -156.763988170219392, 21.103115546035465 ], [ -156.764675301883159, 21.104145954417497 ], [ -156.765222533815233, 21.104635072235386 ], [ -156.765776219932746, 21.105465427520233 ], [ -156.766212870346067, 21.105601480636079 ] ] ] } },
{ "type": "Feature", "properties": { "ID": 146, "GRIDCODE": 1 }, "geometry": { "type": "Polygon", "coordinates": [ [ [ -157.252307394398173, 21.092072410485294 ], [ -157.251954454093095, 21.092161522922499 ], [ -157.25220456982089, 21.092401730822044 ], [ -157.252307394398173, 21.092072410485294 ], [ -157.253733676997939, 21.091510623892116 ], [ -157.254182688775899, 21.091958884814666 ], [ -157.254485640910445, 21.09223840051758 ], [ -157.255051330902603, 21.092233372251595 ], [ -157.255332575780926, 21.092391995653987 ], [ -157.253881379848309, 21.093034380932195 ], [ -157.253591607776315, 21.093605096888112 ], [ -157.254448593747526, 21.094395083223841 ], [ -157.254868352121463, 21.094813933321536 ], [ -157.255305217883375, 21.095216816582393 ], [ -157.255578731188052, 21.09603784094778 ], [ -157.255758327639541, 21.096305368670198 ], [ -157.256175194227325, 21.094412846734016 ], [ -157.256618615086438, 21.093626318600592 ], [ -157.258709525756302, 21.093328930819204 ], [ -157.2590875279231, 21.092274984244437 ], [ -157.260304467612002, 21.091479844286077 ], [ -157.26020531149328, 21.094449080616368 ], [ -157.260526141328199, 21.094744514847257 ], [ -157.261807568450564, 21.094733176679021 ], [ -157.26223529156897, 21.095584219934718 ], [ -157.263060812932451, 21.096344999585696 ], [ -157.267520600305772, 21.096975837121501 ], [ -157.268259830674282, 21.098080515482703 ], [ -157.267676358584112, 21.098595333371442 ], [ -157.267098085457206, 21.09914777857038 ], [ -157.26838434850734, 21.099136309951074 ], [ -157.270434795834404, 21.096762794874326 ], [ -157.270979898270042, 21.095736852052958 ], [ -157.271761600703798, 21.095390622140808 ], [ -157.273000583519206, 21.094807709225297 ], [ -157.275806994275484, 21.09488998494335 ], [ -157.276128200262463, 21.094887031806447 ], [ -157.277265382002554, 21.094352007004449 ], [ -157.277866071828498, 21.094369486937513 ], [ -157.278688162397515, 21.09519009733328 ], [ -157.278979451704799, 21.095458736544117 ], [ -157.279550380679126, 21.096028444214117 ], [ -157.28151880351777, 21.096010694942184 ], [ -157.27919313364211, 21.097274639447207 ], [ -157.279534580682508, 21.097913863916251 ], [ -157.28038371892211, 21.097906335561269 ], [ -157.280974765484814, 21.098199446098089 ], [ -157.281824187789539, 21.098191913490808 ], [ -157.282415238658729, 21.098485019265492 ], [ -157.283152421906692, 21.098478460085694 ], [ -157.284434453419294, 21.097681817084602 ], [ -157.285309295034466, 21.09742498279099 ], [ -157.285601247136185, 21.097146109381121 ], [ -157.286461569558099, 21.097171212223579 ], [ -157.286753519127615, 21.096892336640057 ], [ -157.287643301535212, 21.096364664629927 ], [ -157.287599360352971, 21.097688404743423 ], [ -157.287900846050576, 21.098545261934976 ], [ -157.28788307115579, 21.099087166861466 ], [ -157.288478262592719, 21.099635525053152 ], [ -157.289604072076799, 21.099625451129715 ], [ -157.290185892760263, 21.099913939211937 ], [ -157.291550356004734, 21.099600352041872 ], [ -157.292982623501473, 21.100311140099027 ], [ -157.293877561943503, 21.099455748485997 ], [ -157.296013906936253, 21.099158754855409 ], [ -157.296538626300332, 21.09973244384971 ], [ -157.29594629956128, 21.100783407323583 ], [ -157.297567549733316, 21.101171494008334 ], [ -157.298243473842177, 21.102161894854142 ], [ -157.29910412290846, 21.103250470773567 ], [ -157.298583632028794, 21.10507500423688 ], [ -157.29790878640793, 21.105670518037371 ], [ -157.29733657399305, 21.106217442416792 ], [ -157.296879009590725, 21.106478529945079 ], [ -157.29561040815841, 21.105652848926521 ], [ -157.294267935804953, 21.105024752678013 ], [ -157.293893486237323, 21.104280694573898 ], [ -157.293578430174676, 21.103990404811384 ], [ -157.292169714404537, 21.104003078213559 ], [ -157.291586194361145, 21.103713520301799 ], [ -157.291297945259515, 21.103988868621254 ], [ -157.29071794021408, 21.104500760630241 ], [ -157.290123291263114, 21.105699866358972 ], [ -157.291561928608473, 21.106154046764242 ], [ -157.29184284845482, 21.106347011103335 ], [ -157.290683879489222, 21.106687147053304 ], [ -157.290097542135101, 21.106962926665485 ], [ -157.289528653341307, 21.106946337274508 ], [ -157.288956694893585, 21.106951546549027 ], [ -157.288089250099148, 21.106386811119048 ], [ -157.287791304106946, 21.107481862421565 ], [ -157.286643658667742, 21.10744830166497 ], [ -157.28606826395486, 21.107998196081422 ], [ -157.284598085133979, 21.108252049462223 ], [ -157.285203837588398, 21.109110269892593 ], [ -157.285150879004249, 21.110700391649861 ], [ -157.285176578651743, 21.110967128485413 ], [ -157.286893001707682, 21.109900452448912 ], [ -157.287487836306894, 21.109917842744366 ], [ -157.287455649327228, 21.110879560516679 ], [ -157.286486560908202, 21.112190506321486 ], [ -157.287278920259979, 21.113672607339939 ], [ -157.285980093530668, 21.113955986790835 ], [ -157.285690695567467, 21.114500434884935 ], [ -157.284898216396584, 21.114477332174374 ], [ -157.283971066874045, 21.11311862672499 ], [ -157.283387135332191, 21.113917434733537 ], [ -157.286968991378728, 21.117651146761311 ], [ -157.28736766402136, 21.118863981470966 ], [ -157.286360050508819, 21.118834475449759 ], [ -157.285558174580075, 21.11884171124181 ], [ -157.283059164028202, 21.120017930021184 ], [ -157.282725223250168, 21.1212446495888 ], [ -157.281665447766699, 21.121555553694201 ], [ -157.280625355406784, 21.121039437120533 ], [ -157.281262737840763, 21.122850307720523 ], [ -157.281536434563122, 21.123671433239991 ], [ -157.282543215522168, 21.125098174880559 ], [ -157.281771954437204, 21.126141570469088 ], [ -157.280618911021065, 21.126637417550274 ], [ -157.280059023074614, 21.126078802278311 ], [ -157.278931041706471, 21.126088977436954 ], [ -157.277763134543449, 21.125795480878853 ], [ -157.276027940966742, 21.125512279448472 ], [ -157.275447460068392, 21.125224216003854 ], [ -157.275458515958377, 21.126316692306023 ], [ -157.275422198313947, 21.12740835534181 ], [ -157.274850982633694, 21.127391556197033 ], [ -157.27398396544811, 21.127930227321784 ], [ -157.273466511610081, 21.128190502027355 ], [ -157.269661853239228, 21.127067780594011 ], [ -157.269084797863798, 21.127019809310411 ], [ -157.271093146315536, 21.128166290758422 ], [ -157.273329456112577, 21.129966839987716 ], [ -157.275107778008248, 21.130645989792754 ], [ -157.275384201474367, 21.131229387597493 ], [ -157.27307728814796, 21.131161686097901 ], [ -157.272355177120318, 21.131168147217405 ], [ -157.271414594763115, 21.131140488337387 ], [ -157.27095913885276, 21.132814205945714 ], [ -157.268726643435627, 21.13274859291316 ], [ -157.267860102346418, 21.132756336190738 ], [ -157.266984924670965, 21.132730644271486 ], [ -157.266990964850862, 21.133327031570193 ], [ -157.268418646530534, 21.134642320625503 ], [ -157.268690636109511, 21.135605613747881 ], [ -157.267421637762197, 21.136167127128452 ], [ -157.26694611216314, 21.137087245896588 ], [ -157.267517641174891, 21.137613804880594 ], [ -157.267794123180295, 21.138190466416653 ], [ -157.267087953753162, 21.139442706916995 ], [ -157.265750869507173, 21.14003446900562 ], [ -157.26513542582137, 21.140323943695083 ], [ -157.263868589772045, 21.140695318690547 ], [ -157.263871746826396, 21.14042437878096 ], [ -157.263294153092431, 21.140418454151366 ], [ -157.263199011849679, 21.140087098347514 ], [ -157.262943263188248, 21.140322104199281 ], [ -157.263294153092431, 21.140418454151366 ], [ -157.26297981462713, 21.141057927943347 ], [ -157.263868589772045, 21.140695318690547 ], [ -157.264142177282963, 21.141035384309909 ], [ -157.266033694405735, 21.140792926995353 ], [ -157.267007379251851, 21.140938119425254 ], [ -157.269866909832558, 21.140138970251375 ], [ -157.271215696055009, 21.14065248863356 ], [ -157.272731505052604, 21.140968705138732 ], [ -157.272647647743668, 21.141462560805543 ], [ -157.27272682101659, 21.142005315085029 ], [ -157.272571182272344, 21.142924413753043 ], [ -157.271759622019658, 21.144801032835236 ], [ -157.271162651028817, 21.145223557717973 ], [ -157.270794930444566, 21.146040989303323 ], [ -157.271476111206198, 21.146310651055746 ], [ -157.271718405852653, 21.147113474745932 ], [ -157.27074909530711, 21.148312498499855 ], [ -157.269100069693593, 21.148725121461759 ], [ -157.268556116141838, 21.149025459590316 ], [ -157.267607612424428, 21.149378283883795 ], [ -157.266444676188001, 21.148935504935832 ], [ -157.266585709623257, 21.149905397794811 ], [ -157.267850375315163, 21.150406111162525 ], [ -157.268206266275484, 21.151069256758262 ], [ -157.267234250414305, 21.152544493727547 ], [ -157.264717353786295, 21.153015791234772 ], [ -157.264346814571269, 21.154578282688583 ], [ -157.26255926139828, 21.15491300602147 ], [ -157.259604463663607, 21.155146992766216 ], [ -157.259224201812373, 21.155991850819674 ], [ -157.258204592169676, 21.155400448814454 ], [ -157.257518210166751, 21.154296662172047 ], [ -157.256750997619207, 21.153303247112888 ], [ -157.255925146794254, 21.153078343283084 ], [ -157.255830016399756, 21.152746984381096 ], [ -157.255574233662571, 21.152981976450178 ], [ -157.255925146794254, 21.153078343283084 ], [ -157.256668580935241, 21.154632379300125 ], [ -157.256611437549822, 21.155392970514889 ], [ -157.257122470416562, 21.157764006589233 ], [ -157.253645773159207, 21.158235560822021 ], [ -157.252546360602253, 21.157498289790375 ], [ -157.252262083304259, 21.158236949757054 ], [ -157.253464437915142, 21.159890076165492 ], [ -157.252009183953618, 21.161612073462077 ], [ -157.251057603949761, 21.161280592010847 ], [ -157.250233750023909, 21.162466695610512 ], [ -157.248724638149866, 21.16288677246682 ], [ -157.248442414408544, 21.16371197556234 ], [ -157.248031719103892, 21.16440274377479 ], [ -157.246763253105371, 21.165442451575025 ], [ -157.245966892665933, 21.166588725736574 ], [ -157.243454347158945, 21.167001649168032 ], [ -157.24230917903671, 21.166602746091435 ], [ -157.242369727901064, 21.165799597030205 ], [ -157.241765128930098, 21.165827051242221 ], [ -157.241179932490667, 21.165788219721012 ], [ -157.240748635918862, 21.167048939555766 ], [ -157.238557606425957, 21.167658635150968 ], [ -157.23676894208819, 21.168546376529662 ], [ -157.234657021330321, 21.168406190309753 ], [ -157.233500868582013, 21.168458683240569 ], [ -157.2325125647844, 21.168393051070534 ], [ -157.231915764112131, 21.168689269577396 ], [ -157.23135621422378, 21.168652060906886 ], [ -157.230759117720766, 21.168925448800543 ], [ -157.234600744888269, 21.169273548190382 ], [ -157.235530322459994, 21.170271398835681 ], [ -157.234471116792321, 21.171139335483776 ], [ -157.23448990537932, 21.17150543140086 ], [ -157.236216832304507, 21.171426935568409 ], [ -157.237165668274173, 21.172063445432894 ], [ -157.238129617020547, 21.17409232798866 ], [ -157.238449466122034, 21.17679052777315 ], [ -157.237548734711083, 21.17797205067879 ], [ -157.238603074002413, 21.178875595571043 ], [ -157.239732808615173, 21.18037048034337 ], [ -157.240836097845829, 21.18085933729855 ], [ -157.241426850729454, 21.182103102547046 ], [ -157.240666020182658, 21.183382351280628 ], [ -157.23756715611475, 21.18446277983826 ], [ -157.237190390673675, 21.186898357064674 ], [ -157.235759616291631, 21.187730861471962 ], [ -157.231418243655185, 21.187442626511668 ], [ -157.230780556412981, 21.186758069526299 ], [ -157.230837602519216, 21.187867741007263 ], [ -157.234341451596038, 21.188213131688688 ], [ -157.23553346319153, 21.188836914760483 ], [ -157.237875165810124, 21.188730498641661 ], [ -157.238297446015963, 21.189619583755363 ], [ -157.23947799456954, 21.189974965100266 ], [ -157.239349126288317, 21.191683249010719 ], [ -157.238265506908647, 21.192313715980337 ], [ -157.237989583270206, 21.192597021979125 ], [ -157.237108871354906, 21.193318640517973 ], [ -157.235901473958592, 21.193654537510284 ], [ -157.238818537012293, 21.194051401870325 ], [ -157.239083842729457, 21.196401983846876 ], [ -157.239887618171849, 21.197507133311621 ], [ -157.240211728915881, 21.198754145278855 ], [ -157.238185186016437, 21.199087076577879 ], [ -157.236960122869135, 21.199695018642437 ], [ -157.236448628776316, 21.200709974921853 ], [ -157.236137100729195, 21.201233441344026 ], [ -157.235847532696567, 21.20180840590848 ], [ -157.233394901124996, 21.201164888848112 ], [ -157.232544211874824, 21.199878949713593 ], [ -157.231533710523337, 21.199574714196626 ], [ -157.230885372162277, 21.199235500356405 ], [ -157.22914161471482, 21.19871042091 ], [ -157.228656586109651, 21.198732458143809 ], [ -157.228230869996764, 21.198584108083065 ], [ -157.228135781485747, 21.198252737561223 ], [ -157.227879874274862, 21.19848767798991 ], [ -157.228230869996764, 21.198584108083065 ], [ -157.228397089877973, 21.199220996126236 ], [ -157.229254317565307, 21.199789383744072 ], [ -157.229486362072976, 21.200112398742018 ], [ -157.230403489447212, 21.200343361803842 ], [ -157.231234182716861, 21.200961209962397 ], [ -157.231476454665142, 21.202842919232911 ], [ -157.231985436038883, 21.203180275851267 ], [ -157.232333519600559, 21.203664793613733 ], [ -157.232672843467981, 21.203889696658237 ], [ -157.232775975390609, 21.205134935618329 ], [ -157.232422753083938, 21.205223986631992 ], [ -157.232673010571006, 21.205464231422813 ], [ -157.232775975390609, 21.205134935618329 ], [ -157.23456865435125, 21.204661897468672 ], [ -157.235443312911684, 21.203696787271532 ], [ -157.235865274898543, 21.204638137166807 ], [ -157.236808823698624, 21.204144426048472 ], [ -157.237849472474323, 21.202601259670917 ], [ -157.238306210622653, 21.202253422732625 ], [ -157.239004830766731, 21.202638317399376 ], [ -157.240205930793365, 21.202982601305049 ], [ -157.240120799089965, 21.203689697231191 ], [ -157.242520980613421, 21.204050558725253 ], [ -157.243313740809953, 21.204780286656515 ], [ -157.241229688949801, 21.20560212719554 ], [ -157.242097401949962, 21.206293412008542 ], [ -157.243919221870385, 21.206815339989276 ], [ -157.244434699637139, 21.207728668798588 ], [ -157.24192669150699, 21.20822287708242 ], [ -157.241522679012661, 21.208668717409051 ], [ -157.240242899315518, 21.209006464257321 ], [ -157.240147778619729, 21.208675098554373 ], [ -157.239891869697516, 21.208910056992362 ], [ -157.240242899315518, 21.209006464257321 ], [ -157.240087976818586, 21.209458799828667 ], [ -157.239225973627953, 21.210165137735192 ], [ -157.240344954105268, 21.210252749121604 ], [ -157.242520452969273, 21.2091732788566 ], [ -157.243002099180842, 21.209439998193488 ], [ -157.242288857002791, 21.210024390592693 ], [ -157.240940477590215, 21.211792410314214 ], [ -157.241509373870372, 21.21215047613758 ], [ -157.242199820907189, 21.21115681873399 ], [ -157.24326708923212, 21.210535889452824 ], [ -157.244771108461435, 21.209467659729778 ], [ -157.246463269730896, 21.209742186686498 ], [ -157.246013559504547, 21.210497761520585 ], [ -157.248958470805093, 21.212081571106935 ], [ -157.249378239479427, 21.213218025689532 ], [ -157.249267476665437, 21.214689408729662 ], [ -157.250146963284351, 21.215442897926607 ], [ -157.250006470687254, 21.217305872129579 ], [ -157.25067989713807, 21.217658046872501 ], [ -157.25214742917197, 21.218204537046059 ], [ -157.250447353058291, 21.219597335510645 ], [ -157.251813703670422, 21.219535217995922 ], [ -157.25151297402013, 21.219861419590824 ], [ -157.249781286305989, 21.220343200546804 ], [ -157.248164219126124, 21.220868359355489 ], [ -157.247180558949282, 21.220331424827773 ], [ -157.246162785926487, 21.21964892172463 ], [ -157.244368547421743, 21.219024095185944 ], [ -157.243114096282852, 21.219646519117767 ], [ -157.242012071488006, 21.218907611844362 ], [ -157.241025322115092, 21.218610618593601 ], [ -157.239520054470319, 21.217823169827494 ], [ -157.235471593479105, 21.217414069713506 ], [ -157.232483686016195, 21.217549713244246 ], [ -157.230751191222964, 21.21743464603329 ], [ -157.230241536562914, 21.217457749094287 ], [ -157.227722557061469, 21.217010711788454 ], [ -157.224541529826155, 21.217154969772359 ], [ -157.222568806569825, 21.217023862769718 ], [ -157.217492371965221, 21.217531839867824 ], [ -157.216589677229734, 21.21757271315035 ], [ -157.215804369359944, 21.217520487570493 ], [ -157.214113710759989, 21.218503774030548 ], [ -157.212477629135407, 21.219733710889866 ], [ -157.211068797874731, 21.219410574643046 ], [ -157.210799671925997, 21.219121542211393 ], [ -157.210497448499723, 21.218862589031001 ], [ -157.210228324646295, 21.218573555818935 ], [ -157.209774993084807, 21.218185124535207 ], [ -157.209366017507932, 21.217745960049818 ], [ -157.208461222120206, 21.218194536427415 ], [ -157.20762440396328, 21.217477282099662 ], [ -157.207170307179297, 21.216989540143409 ], [ -157.205621495813659, 21.215830217872806 ], [ -157.205147628373794, 21.215321488786444 ], [ -157.20307651611742, 21.214487753595883 ], [ -157.201307188399426, 21.21415851887064 ], [ -157.200967890372141, 21.213794236115337 ], [ -157.200121502844894, 21.215011494303688 ], [ -157.198148796930411, 21.213838656752902 ], [ -157.196690893304321, 21.213567340944156 ], [ -157.196425098917615, 21.213007360445754 ], [ -157.196126206727172, 21.212477456348591 ], [ -157.195727521582171, 21.211637484483724 ], [ -157.195279191487941, 21.210842626770223 ], [ -157.195013406657466, 21.210282644604337 ], [ -157.194505683385728, 21.209847485682758 ], [ -157.193642203201875, 21.208316068945184 ], [ -157.193316143634007, 21.207283901194526 ], [ -157.192446040069825, 21.206205953550995 ], [ -157.192180273177286, 21.205645967987326 ], [ -157.191099830979795, 21.205320369085555 ], [ -157.189169197796929, 21.20388400411921 ], [ -157.186674397202324, 21.203014181378318 ], [ -157.184113954399976, 21.202323090125979 ], [ -157.18326485761898, 21.202026987314909 ], [ -157.182969827529746, 21.20204028530334 ], [ -157.18268112123414, 21.202021037518936 ], [ -157.182392020018312, 21.202034067530693 ], [ -157.182097393157335, 21.202014424267379 ], [ -157.179554341833551, 21.202900598844813 ], [ -157.177615439721592, 21.202771262512183 ], [ -157.176702959472749, 21.202812416842878 ], [ -157.177281483534927, 21.201840728175345 ], [ -157.176632309153121, 21.201143418237486 ], [ -157.176330184397415, 21.200884410218759 ], [ -157.175949518640039, 21.200082102361165 ], [ -157.174321202824643, 21.199778861972966 ], [ -157.174055516169801, 21.199218853208496 ], [ -157.173753399929751, 21.198959841128918 ], [ -157.173484385355806, 21.198670756374984 ], [ -157.173149044988747, 21.198383203069547 ], [ -157.17321371321367, 21.197529939673323 ], [ -157.172329722232547, 21.196771795145182 ], [ -157.172654708409823, 21.196226179232479 ], [ -157.172039014744087, 21.195953121438318 ], [ -157.172090512491735, 21.195276277094681 ], [ -157.172028655199966, 21.194066141446427 ], [ -157.172385764033322, 21.192697737280568 ], [ -157.172973199542099, 21.191711207585382 ], [ -157.173377655043282, 21.190162252481745 ], [ -157.173892104308436, 21.189741063148478 ], [ -157.173430023761227, 21.189344841993265 ], [ -157.173026527116889, 21.188911215442069 ], [ -157.171719974374099, 21.188769210084796 ], [ -157.171625019048008, 21.18843781682239 ], [ -157.171369047560717, 21.188672666688557 ], [ -157.171719974374099, 21.188769210084796 ], [ -157.171846481427679, 21.188921075934793 ], [ -157.172708900929734, 21.189272876730953 ], [ -157.172443067959307, 21.190011373260464 ], [ -157.172115733475891, 21.190519720629023 ], [ -157.171786186220118, 21.19123066843725 ], [ -157.170060213047634, 21.193207075096243 ], [ -157.169565149806687, 21.194274373702118 ], [ -157.16899615116904, 21.194334558252663 ], [ -157.1686054026531, 21.194034224309284 ], [ -157.168109207021445, 21.192331704215089 ], [ -157.166487577467564, 21.193415814140586 ], [ -157.166051339340697, 21.192892642934432 ], [ -157.165444386292194, 21.1926451261082 ], [ -157.164909190292519, 21.19179640047874 ], [ -157.164305606094871, 21.191002630665146 ], [ -157.164348464115363, 21.190707990812133 ], [ -157.163587685788428, 21.190397473437443 ], [ -157.164068954093665, 21.189649625771878 ], [ -157.164202517911235, 21.189229620553562 ], [ -157.164555730710731, 21.189140712315925 ], [ -157.164305617008495, 21.188900375953029 ], [ -157.164202517911235, 21.189229620553562 ], [ -157.163460251230191, 21.18933956979922 ], [ -157.162274541396386, 21.189761893265572 ], [ -157.161479417305969, 21.189172360052993 ], [ -157.160962180719196, 21.187946685207901 ], [ -157.15919455605561, 21.186854514848047 ], [ -157.157870531210932, 21.186577395680121 ], [ -157.157229121870245, 21.18499333455857 ], [ -157.159186410737362, 21.184505030131582 ], [ -157.158650376883344, 21.184138991525895 ], [ -157.157993133783918, 21.183878333764479 ], [ -157.158128845925177, 21.183080826623197 ], [ -157.157762899651857, 21.18280945075665 ], [ -157.157535759019282, 21.17994304737045 ], [ -157.157141533475254, 21.178084304723395 ], [ -157.155973012502926, 21.177217800985378 ], [ -157.155976372045302, 21.176946878270236 ], [ -157.155687521396516, 21.176943727021445 ], [ -157.155592607949927, 21.176612327457832 ], [ -157.155336635048627, 21.176847152977974 ], [ -157.155687521396516, 21.176943727021445 ], [ -157.155684161328594, 21.177214649692484 ], [ -157.155973012502926, 21.177217800985378 ], [ -157.156135863000173, 21.177872168776098 ], [ -157.156245067847664, 21.178575565443719 ], [ -157.15567503512932, 21.179042268502553 ], [ -157.156225746354323, 21.180019985990196 ], [ -157.155791310533715, 21.180881376589237 ], [ -157.154521430625181, 21.181724714685824 ], [ -157.153271483956672, 21.183006319101583 ], [ -157.150651797203835, 21.18201727791342 ], [ -157.150296246642682, 21.180004615219602 ], [ -157.1503273008816, 21.179594746431221 ], [ -157.15029962707959, 21.179052526274425 ], [ -157.150391706179931, 21.17784182726508 ], [ -157.150024950621457, 21.178635474760643 ], [ -157.149568468030509, 21.180789877574806 ], [ -157.148553941794887, 21.180835459419264 ], [ -157.147867412014762, 21.180097620135221 ], [ -157.146217320294056, 21.17966363325538 ], [ -157.145419594125912, 21.179699468541266 ], [ -157.14483182588782, 21.179391431946854 ], [ -157.14418904388296, 21.179106207190575 ], [ -157.143420420609601, 21.178280129781548 ], [ -157.142957845738721, 21.17843010825106 ], [ -157.14215731246594, 21.17819441067515 ], [ -157.140532088180009, 21.176903118563722 ], [ -157.138590940949882, 21.176466983259139 ], [ -157.138152156614666, 21.175708352401877 ], [ -157.138320585311988, 21.173995025721975 ], [ -157.135869352415511, 21.171966794918603 ], [ -157.135000175654454, 21.169739607688228 ], [ -157.134171660500158, 21.168815788542066 ], [ -157.134341614900706, 21.171144812219339 ], [ -157.131530833170586, 21.170731483786046 ], [ -157.125914422077557, 21.168313474462103 ], [ -157.12392327618187, 21.167112775955868 ], [ -157.121714572747521, 21.16545041719338 ], [ -157.119121349220251, 21.164330165758887 ], [ -157.118400839355473, 21.163352572422806 ], [ -157.117054181131266, 21.160250969579039 ], [ -157.117395026285379, 21.155314853174147 ], [ -157.117944992343922, 21.152665593465674 ], [ -157.118806229084981, 21.151408836489566 ], [ -157.12048630435126, 21.150083244910277 ], [ -157.118939755337919, 21.148184715274869 ], [ -157.119213584886666, 21.147675019652155 ], [ -157.121816701309626, 21.147384815971041 ], [ -157.120883838647643, 21.146520445272238 ], [ -157.118594715140517, 21.146025271532693 ], [ -157.116969319249677, 21.146129640445142 ], [ -157.115785580485777, 21.14467648417865 ], [ -157.115126202517558, 21.143245037385281 ], [ -157.114276042725351, 21.142091216995286 ], [ -157.113553440264667, 21.140175296843235 ], [ -157.114010705466541, 21.138186526391308 ], [ -157.116141839869442, 21.13804977205956 ], [ -157.117842849550385, 21.138784715032308 ], [ -157.120179334842959, 21.140189206656114 ], [ -157.123104914567449, 21.140821929033066 ], [ -157.125666839731878, 21.140657352122108 ], [ -157.126618274896003, 21.140739725169595 ], [ -157.128652376090344, 21.140471885056069 ], [ -157.125023656593584, 21.14008397152017 ], [ -157.123105323697644, 21.138505703814783 ], [ -157.12209294563965, 21.138068394617665 ], [ -157.119652358038621, 21.136711924433918 ], [ -157.118230441678946, 21.135742023773002 ], [ -157.117079506426563, 21.135402902777365 ], [ -157.117356406360642, 21.134648482338655 ], [ -157.118535975739547, 21.13271899097041 ], [ -157.118292009936084, 21.130865494641284 ], [ -157.117921596570028, 21.129534115382452 ], [ -157.118559205655117, 21.129493240659208 ], [ -157.119994277053962, 21.130265554721785 ], [ -157.120061566839723, 21.129581368974446 ], [ -157.118531455596383, 21.128429481193756 ], [ -157.116004795727406, 21.127337743118961 ], [ -157.114593019666927, 21.126489054102382 ], [ -157.113865453230517, 21.126084574128843 ], [ -157.113868880365942, 21.125813656295751 ], [ -157.113580135801669, 21.12581044052736 ], [ -157.112115154066601, 21.124822883634792 ], [ -157.113168077681706, 21.123495117535569 ], [ -157.114128906446098, 21.122936651248107 ], [ -157.114763479783051, 21.122285971528072 ], [ -157.11523793554656, 21.121897584109156 ], [ -157.114364663298488, 21.121509611666855 ], [ -157.114718562252619, 21.120953645055096 ], [ -157.115542366159815, 21.120279400622728 ], [ -157.114943930472805, 21.119455243094805 ], [ -157.115851601062445, 21.118927661303196 ], [ -157.115538589621423, 21.118658780163649 ], [ -157.115572723464737, 21.118211446709676 ], [ -157.114706901541069, 21.117280192071622 ], [ -157.114097067105178, 21.116756629952405 ], [ -157.115600270857044, 21.115137826121437 ], [ -157.116260855683493, 21.114188091391277 ], [ -157.117680881531498, 21.11379386469028 ], [ -157.118206551390131, 21.113254746631895 ], [ -157.118514848684441, 21.113002560331395 ], [ -157.119067081187467, 21.112436215040823 ], [ -157.119683388195597, 21.111931702730192 ], [ -157.119971074066768, 21.11083069144512 ], [ -157.121449529007208, 21.111347061086747 ], [ -157.123880492950178, 21.111510131851794 ], [ -157.12165106025347, 21.110144672671293 ], [ -157.122181979846204, 21.109253406766001 ], [ -157.119449489709041, 21.107578446350924 ], [ -157.11774346190137, 21.106820727424726 ], [ -157.118885534649507, 21.106503706766347 ], [ -157.120111588956235, 21.105720049446433 ], [ -157.123207904130794, 21.105302280491394 ], [ -157.123237261456865, 21.104918528327055 ], [ -157.12319744855418, 21.104137893425786 ], [ -157.123811474180201, 21.103833380360832 ], [ -157.124408445349758, 21.103584376034252 ], [ -157.125309046375804, 21.103137758292934 ], [ -157.126539080242623, 21.103964495683588 ], [ -157.127121175399765, 21.102810756059789 ], [ -157.130084949378698, 21.102410840401937 ], [ -157.132290091121007, 21.100148934734609 ], [ -157.132821719261642, 21.100410402228921 ], [ -157.133624691168905, 21.101274061268487 ], [ -157.134746842333982, 21.100717900050729 ], [ -157.135351952349225, 21.101575934651382 ], [ -157.135721959028388, 21.103151911280584 ], [ -157.136272386543084, 21.101547555490626 ], [ -157.136764554331819, 21.099662335933083 ], [ -157.137681472011195, 21.09962107616516 ], [ -157.138306741623097, 21.099948913923029 ], [ -157.139817081356654, 21.098876890163005 ], [ -157.14034477329642, 21.099138291427117 ], [ -157.141186183338107, 21.100043220784947 ], [ -157.141581916909189, 21.098175315790751 ], [ -157.143248403815136, 21.097830661699899 ], [ -157.144103959795501, 21.097553059444191 ], [ -157.144404850839635, 21.097573155353729 ], [ -157.144971146833853, 21.097292250321122 ], [ -157.146145450358659, 21.097049480521576 ], [ -157.147599362327156, 21.096701002474834 ], [ -157.147531638868315, 21.097591601563696 ], [ -157.14850358660911, 21.098023212508867 ], [ -157.148402160379959, 21.099358121337826 ], [ -157.149046794499554, 21.101401202865222 ], [ -157.149274077724669, 21.100877110053521 ], [ -157.149649158648288, 21.098779405314314 ], [ -157.151949073495445, 21.096419290465992 ], [ -157.152772432709469, 21.09685084539781 ], [ -157.15336301408442, 21.097112892244972 ], [ -157.153929760822194, 21.097410003189786 ], [ -157.154927921429817, 21.096771512777661 ], [ -157.155656039089564, 21.097153197196551 ], [ -157.156620442083039, 21.097444172320749 ], [ -157.156439293555536, 21.099829390959112 ], [ -157.156790576731169, 21.100130765464453 ], [ -157.15706731730566, 21.100714595122099 ], [ -157.157447289492524, 21.098920031375073 ], [ -157.158960780685078, 21.09700957302983 ], [ -157.159724157296893, 21.096384512458712 ], [ -157.160246762774875, 21.095848259162612 ], [ -157.160858075567972, 21.096305259503687 ], [ -157.160896910922503, 21.097066968144077 ], [ -157.16082821818668, 21.097973972874033 ], [ -157.161128764014336, 21.098297280327277 ], [ -157.161705714007724, 21.098271254056435 ], [ -157.161412962636035, 21.099925341825699 ], [ -157.16105247902081, 21.101423234477917 ], [ -157.161379541819286, 21.102112522501304 ], [ -157.161845191315052, 21.100752838208031 ], [ -157.162974410071797, 21.101424886958622 ], [ -157.163069306264816, 21.101756282867758 ], [ -157.163325129074906, 21.101521433358386 ], [ -157.162974410071797, 21.101424886958622 ], [ -157.162710231091694, 21.100139054617134 ], [ -157.163737279679793, 21.098319729522551 ], [ -157.164030534267937, 21.097768940334397 ], [ -157.164305709591332, 21.098596847304702 ], [ -157.164593452972412, 21.099136595353837 ], [ -157.164856470565894, 21.100770510145001 ], [ -157.1654295959693, 21.101584308592358 ], [ -157.165745029453916, 21.102533312509536 ], [ -157.165723540135303, 21.100266017113082 ], [ -157.166622031307725, 21.098074692169583 ], [ -157.166922956470927, 21.097541312303381 ], [ -157.167365240648422, 21.095920315532766 ], [ -157.168787413127717, 21.096224769110851 ], [ -157.169636089427939, 21.097470731098017 ], [ -157.170099710890923, 21.097028407732179 ], [ -157.17039730232122, 21.096765948052123 ], [ -157.170689451796761, 21.096487287696462 ], [ -157.171266711843657, 21.096504495822302 ], [ -157.172425876248184, 21.095698678192459 ], [ -157.173589547815112, 21.095445544556725 ], [ -157.174301939900971, 21.095110806787211 ], [ -157.174729649107007, 21.096843731573824 ], [ -157.175905638361399, 21.095721195926757 ], [ -157.176824222531422, 21.097551085177315 ], [ -157.177334723970375, 21.097101174058494 ], [ -157.177321974531736, 21.095789348565713 ], [ -157.177762060617425, 21.094962795315727 ], [ -157.17963619949569, 21.094947069263725 ], [ -157.180802208590364, 21.095797084856528 ], [ -157.181486703666224, 21.094510465244785 ], [ -157.183340270429284, 21.093937199946172 ], [ -157.185139672222533, 21.09392206688187 ], [ -157.185439345611542, 21.094483609928684 ], [ -157.185994580033196, 21.095849668039627 ], [ -157.186285690933687, 21.096118454838631 ], [ -157.186696183086667, 21.096935740423046 ], [ -157.186859735316375, 21.096400851379418 ], [ -157.187244547235622, 21.094990204431475 ], [ -157.189416341872288, 21.09402983409375 ], [ -157.190940738388917, 21.093184384431872 ], [ -157.191197723335222, 21.095363318882164 ], [ -157.191485562458865, 21.095903028060118 ], [ -157.191765299546205, 21.096459982724653 ], [ -157.192347152921428, 21.094840391866136 ], [ -157.194509888136196, 21.094043786653295 ], [ -157.194969606782877, 21.094314354362773 ], [ -157.195242779141097, 21.095135452548543 ], [ -157.195819739322502, 21.095667912142865 ], [ -157.19581007663254, 21.095954255502285 ], [ -157.196098214376036, 21.096494093382184 ], [ -157.196218441332178, 21.098259298604326 ], [ -157.195865462017508, 21.098348290771956 ], [ -157.196115490388934, 21.098588575612151 ], [ -157.196218441332178, 21.098259298604326 ], [ -157.196648802937801, 21.097880051748255 ], [ -157.197261048938117, 21.096728869449358 ], [ -157.197253421673111, 21.095935867894894 ], [ -157.197925221474634, 21.093026017932164 ], [ -157.200773423734034, 21.09262189239309 ], [ -157.200703228699808, 21.094703807797519 ], [ -157.201321838382427, 21.093839915967255 ], [ -157.201908069150051, 21.093580458224242 ], [ -157.202505551191564, 21.093299683664725 ], [ -157.203410619662606, 21.093326606696898 ], [ -157.205848172910208, 21.093940522784539 ], [ -157.20657722551735, 21.093597882061228 ], [ -157.208524358713333, 21.093655773535357 ], [ -157.209970413706117, 21.09496263880477 ], [ -157.20849505801641, 21.096639018283508 ], [ -157.208505370615853, 21.097706723443345 ], [ -157.207906611827013, 21.098516076892302 ], [ -157.207679348145433, 21.099055609460049 ], [ -157.209381400400474, 21.097430058556469 ], [ -157.209353057873102, 21.098265154496541 ], [ -157.209543116954762, 21.099346268885078 ], [ -157.20993081066095, 21.098266491996675 ], [ -157.211271270958747, 21.096646760793512 ], [ -157.212271073944777, 21.096676489431765 ], [ -157.212871365100995, 21.095548006261811 ], [ -157.213755932006251, 21.094768105178581 ], [ -157.215605282236851, 21.09482290166493 ], [ -157.217981125485949, 21.094802503130939 ], [ -157.218921992131129, 21.095115639820357 ], [ -157.220561057737569, 21.094739757085183 ], [ -157.219995601261274, 21.098107834262301 ], [ -157.220616296728338, 21.09810244139247 ], [ -157.220919480820584, 21.098405170458825 ], [ -157.220908577479463, 21.097308611187437 ], [ -157.221215359924656, 21.096764731846232 ], [ -157.221769436813702, 21.095723052293998 ], [ -157.222412816697613, 21.094853382203993 ], [ -157.224410724555185, 21.094912550774964 ], [ -157.226047454217621, 21.09489845555024 ], [ -157.226424520810923, 21.0960321891741 ], [ -157.227557315208372, 21.097638758663805 ], [ -157.228119385831519, 21.098462834530221 ], [ -157.229040872916642, 21.09962937550943 ], [ -157.229403762521912, 21.099963939215197 ], [ -157.229512059685277, 21.100580838321214 ], [ -157.229777246910544, 21.100118539673392 ], [ -157.229403762521912, 21.099963939215197 ], [ -157.229286899901268, 21.098999373671685 ], [ -157.228676982024666, 21.098000682160041 ], [ -157.228741790051117, 21.097552962484428 ], [ -157.228449694917629, 21.096551900877699 ], [ -157.227986390076438, 21.095793160767936 ], [ -157.228188499949169, 21.094396364872772 ], [ -157.22810480513354, 21.093702850371002 ], [ -157.22871967448836, 21.092998507009771 ], [ -157.229447907165138, 21.093410581737512 ], [ -157.230488161346301, 21.093047664556806 ], [ -157.230795042835723, 21.093086854518834 ], [ -157.231349541407695, 21.092788590724087 ], [ -157.233081980476896, 21.092524167982862 ], [ -157.234474614495099, 21.090425286513085 ], [ -157.235264258739363, 21.090341416793454 ], [ -157.234279850693383, 21.091874168593964 ], [ -157.234826678567828, 21.092820583835241 ], [ -157.236265140588301, 21.093143038026788 ], [ -157.238610115232063, 21.092894057083221 ], [ -157.240001618368495, 21.093302126212734 ], [ -157.24035368955802, 21.094508081646573 ], [ -157.240898874854963, 21.093730726458819 ], [ -157.241165360718043, 21.092890674743717 ], [ -157.241790498344216, 21.091572202439714 ], [ -157.242064896426143, 21.090442338851268 ], [ -157.243120323146655, 21.091182833784465 ], [ -157.244315033805549, 21.089813752771832 ], [ -157.24614529007934, 21.089619271451546 ], [ -157.247006516103511, 21.089970461943942 ], [ -157.247290601520973, 21.09094323400344 ], [ -157.248739354249807, 21.089282882444348 ], [ -157.250084151215049, 21.090043523504136 ], [ -157.251361349552099, 21.089907846289524 ], [ -157.252161064590865, 21.090866477568039 ], [ -157.252540004170442, 21.091157761291093 ], [ -157.252307394398173, 21.092072410485294 ] ], [ [ -157.230979389358993, 21.186148423702832 ], [ -157.231074478743238, 21.186479792976392 ], [ -157.231330359083501, 21.186244845585666 ], [ -157.230979389358993, 21.186148423702832 ] ] ] } },
{ "type": "Feature", "properties": { "ID": 147, "GRIDCODE": 2 }, "geometry": { "type": "Polygon", "coordinates": [ [ [ -157.021515236437892, 21.099833031341298 ], [ -157.021162180463534, 21.099921651405214 ], [ -157.021411907765696, 21.100162172851114 ], [ -157.021515236437892, 21.099833031341298 ], [ -157.022823342515153, 21.099973710587733 ], [ -157.023414055104695, 21.10029216023349 ], [ -157.023973648864967, 21.100256480749433 ], [ -157.024234291483879, 21.100823107575419 ], [ -157.024797946059834, 21.10129046947192 ], [ -157.025124370557847, 21.102000214221874 ], [ -157.026258906874858, 21.100555636118635 ], [ -157.026745339549166, 21.100039515308207 ], [ -157.027352701467294, 21.101360568010787 ], [ -157.027756276334884, 21.101695215142261 ], [ -157.028359334563163, 21.10165671966319 ], [ -157.030633442340388, 21.102269367385645 ], [ -157.030550439709145, 21.103110878201349 ], [ -157.032021957783456, 21.105659628643757 ], [ -157.031955573786718, 21.106331726840416 ], [ -157.035121399249704, 21.10664178600717 ], [ -157.035717986716094, 21.106603719709032 ], [ -157.036647424902696, 21.106684739364585 ], [ -157.037135930734593, 21.107746669184284 ], [ -157.038593984228555, 21.108285335291171 ], [ -157.038853870766644, 21.108850347433034 ], [ -157.039505167367906, 21.109735420002831 ], [ -157.039362056480314, 21.111184551281401 ], [ -157.037611974660763, 21.111536317306125 ], [ -157.039072660708598, 21.111813193199392 ], [ -157.040561428892943, 21.110746623660837 ], [ -157.041163554547353, 21.110502746362908 ], [ -157.041765081125362, 21.110196944030125 ], [ -157.042293383943246, 21.110786750296938 ], [ -157.042644857278248, 21.111078031080908 ], [ -157.04255382114053, 21.111998969986502 ], [ -157.042588670937562, 21.112480675613416 ], [ -157.043733351307395, 21.112407635647447 ], [ -157.044578160093664, 21.112709767218362 ], [ -157.045462424695586, 21.112970808029839 ], [ -157.046416868559675, 21.113622406446247 ], [ -157.047469201174124, 21.114077737821038 ], [ -157.04858576746949, 21.114839943021693 ], [ -157.049818656803495, 21.115203804634135 ], [ -157.050544615295564, 21.116014685976634 ], [ -157.051040698661694, 21.116161027320821 ], [ -157.051135347328142, 21.116492467292169 ], [ -157.051391359135778, 21.116257802462851 ], [ -157.051040698661694, 21.116161027320821 ], [ -157.050810679735207, 21.115550201601554 ], [ -157.05236288010903, 21.115237964601853 ], [ -157.052815322168613, 21.113888419200954 ], [ -157.053532136385883, 21.114147494818429 ], [ -157.054080792089422, 21.114759860450853 ], [ -157.054384376582988, 21.114141803825682 ], [ -157.05517706713789, 21.115026859166427 ], [ -157.057373051877704, 21.114886676485895 ], [ -157.058106210707592, 21.115494265970739 ], [ -157.058150682394597, 21.116107190837717 ], [ -157.058018143439142, 21.117450365369958 ], [ -157.058696967525975, 21.116665405352208 ], [ -157.059051415345209, 21.115279657747156 ], [ -157.059691556839539, 21.11397695728575 ], [ -157.061334154616191, 21.113715150887366 ], [ -157.061893931919258, 21.113430494732178 ], [ -157.063073463630161, 21.11319314119763 ], [ -157.064372406688193, 21.112532460028422 ], [ -157.065942666233468, 21.112954963515595 ], [ -157.067404404093395, 21.113222482418799 ], [ -157.068991977678849, 21.113790157245813 ], [ -157.071702792669186, 21.114113015520953 ], [ -157.071315236294879, 21.114862584875837 ], [ -157.069800161847922, 21.115271868558398 ], [ -157.069393579739653, 21.115703827372837 ], [ -157.067956595704942, 21.116092021568374 ], [ -157.06791666102265, 21.116497330990612 ], [ -157.068612259062263, 21.117701388590618 ], [ -157.068193672286469, 21.118950557637941 ], [ -157.066597274037719, 21.121278688554199 ], [ -157.063795353983323, 21.122664543714833 ], [ -157.062943293977554, 21.12321681168962 ], [ -157.06134292963165, 21.123323922551506 ], [ -157.061190630328582, 21.122978133852691 ], [ -157.06068033300852, 21.123206528749773 ], [ -157.06134292963165, 21.123323922551506 ], [ -157.0614721193609, 21.123473378422634 ], [ -157.06190641030264, 21.123820409319183 ], [ -157.063061361748197, 21.123723282700297 ], [ -157.064793862249502, 21.122583079856245 ], [ -157.067050693815844, 21.121695184118433 ], [ -157.068463109395054, 21.119876953082287 ], [ -157.07080113200908, 21.118702836830678 ], [ -157.072114287576852, 21.11783864893782 ], [ -157.072919683287182, 21.117924943177876 ], [ -157.072693768955702, 21.119782650273638 ], [ -157.072925182445402, 21.120598600009696 ], [ -157.073800333507137, 21.119302681043891 ], [ -157.076403509793437, 21.119037493579711 ], [ -157.077241511872842, 21.120007774600719 ], [ -157.077800884541773, 21.120454551815655 ], [ -157.08009210064759, 21.120261576795947 ], [ -157.081140829328973, 21.120987818102233 ], [ -157.085400264695693, 21.122433907447416 ], [ -157.086295150978856, 21.121966346425552 ], [ -157.088049519441228, 21.122691654016634 ], [ -157.088939075791075, 21.122947640700829 ], [ -157.090246552217565, 21.123425441958414 ], [ -157.089939511562932, 21.125951913142888 ], [ -157.090058146660965, 21.127191988734019 ], [ -157.090686734191365, 21.128251137100936 ], [ -157.091448768094409, 21.127853098309757 ], [ -157.093164362630205, 21.127626475093745 ], [ -157.093452339797437, 21.129255438558264 ], [ -157.093608394389662, 21.129380169676637 ], [ -157.093716133707858, 21.129997113853982 ], [ -157.093981784121468, 21.129535064156755 ], [ -157.093608394389662, 21.129380169676637 ], [ -157.093812772742268, 21.128328291576654 ], [ -157.094627053631797, 21.127879823745698 ], [ -157.094937806201756, 21.12792645000734 ], [ -157.095489367003921, 21.127622670814851 ], [ -157.096107091894282, 21.127393590138112 ], [ -157.097696033925587, 21.12646105534829 ], [ -157.098702786581953, 21.127658777148934 ], [ -157.099010705636147, 21.128746050575955 ], [ -157.098994986667492, 21.12739110309569 ], [ -157.098505612882917, 21.126180604040915 ], [ -157.100458977948932, 21.125816730957112 ], [ -157.102314019166528, 21.125156368650334 ], [ -157.103905490124617, 21.125395269284446 ], [ -157.104353042188166, 21.123953818924392 ], [ -157.105434229642611, 21.123358251337304 ], [ -157.107260946603446, 21.123125843440505 ], [ -157.107911154168448, 21.123223404094492 ], [ -157.109476613282254, 21.122666161349891 ], [ -157.110538371354977, 21.123134452041846 ], [ -157.11022091469323, 21.124996707350469 ], [ -157.110538528117729, 21.125392197120302 ], [ -157.111303460115863, 21.12529482052777 ], [ -157.112590076475669, 21.125646468549906 ], [ -157.113126473365924, 21.125958328975631 ], [ -157.113576708142318, 21.126081358315353 ], [ -157.113716690920796, 21.126429947430804 ], [ -157.113865453230517, 21.126084574128843 ], [ -157.114593019666927, 21.126489054102382 ], [ -157.116004795727406, 21.127337743118961 ], [ -157.118531455596383, 21.128429481193756 ], [ -157.120061566839723, 21.129581368974446 ], [ -157.119994277053962, 21.130265554721785 ], [ -157.118559205655117, 21.129493240659208 ], [ -157.117921596570028, 21.129534115382452 ], [ -157.118292009936084, 21.130865494641284 ], [ -157.118535975739547, 21.13271899097041 ], [ -157.117356406360642, 21.134648482338655 ], [ -157.117079506426563, 21.135402902777365 ], [ -157.118230441678946, 21.135742023773002 ], [ -157.119652358038621, 21.136711924433918 ], [ -157.12209294563965, 21.138068394617665 ], [ -157.123105323697644, 21.138505703814783 ], [ -157.125023656593584, 21.14008397152017 ], [ -157.128652376090344, 21.140471885056069 ], [ -157.126618274896003, 21.140739725169595 ], [ -157.125666839731878, 21.140657352122108 ], [ -157.123104914567449, 21.140821929033066 ], [ -157.120179334842959, 21.140189206656114 ], [ -157.117842849550385, 21.138784715032308 ], [ -157.116141839869442, 21.13804977205956 ], [ -157.114010705466541, 21.138186526391308 ], [ -157.113553440264667, 21.140175296843235 ], [ -157.114276042725351, 21.142091216995286 ], [ -157.115126202517558, 21.143245037385281 ], [ -157.115785580485777, 21.14467648417865 ], [ -157.116969319249677, 21.146129640445142 ], [ -157.118594715140517, 21.146025271532693 ], [ -157.120883838647643, 21.146520445272238 ], [ -157.121816701309626, 21.147384815971041 ], [ -157.119213584886666, 21.147675019652155 ], [ -157.118939755337919, 21.148184715274869 ], [ -157.12048630435126, 21.150083244910277 ], [ -157.118806229084981, 21.151408836489566 ], [ -157.117944992343922, 21.152665593465674 ], [ -157.117395026285379, 21.155314853174147 ], [ -157.117054181131266, 21.160250969579039 ], [ -157.118400839355473, 21.163352572422806 ], [ -157.119121349220251, 21.164330165758887 ], [ -157.121714572747521, 21.16545041719338 ], [ -157.12392327618187, 21.167112775955868 ], [ -157.125914422077557, 21.168313474462103 ], [ -157.131530833170586, 21.170731483786046 ], [ -157.134341614900706, 21.171144812219339 ], [ -157.134171660500158, 21.168815788542066 ], [ -157.135000175654454, 21.169739607688228 ], [ -157.135869352415511, 21.171966794918603 ], [ -157.138320585311988, 21.173995025721975 ], [ -157.138152156614666, 21.175708352401877 ], [ -157.138590940949882, 21.176466983259139 ], [ -157.140532088180009, 21.176903118563722 ], [ -157.14215731246594, 21.17819441067515 ], [ -157.142957845738721, 21.17843010825106 ], [ -157.143094341875013, 21.178840756811663 ], [ -157.143951151378786, 21.179631156010846 ], [ -157.143528023816998, 21.180462668121471 ], [ -157.142643474765748, 21.180469884843998 ], [ -157.14134675722525, 21.180430823114165 ], [ -157.141915234138764, 21.180724503058297 ], [ -157.143237990806171, 21.181344461062768 ], [ -157.143913947388256, 21.18261128412103 ], [ -157.143355444649842, 21.183709289041303 ], [ -157.141911073121406, 21.183721065986148 ], [ -157.141309361398385, 21.183421992348684 ], [ -157.140729318561512, 21.183150078853117 ], [ -157.139220161287682, 21.182049639730334 ], [ -157.13871157993799, 21.182583043259093 ], [ -157.139572806730484, 21.183673841579456 ], [ -157.139845787712972, 21.1844951429477 ], [ -157.140173777505453, 21.185429970356118 ], [ -157.139744091804999, 21.186624504461218 ], [ -157.137796595625531, 21.186640362918268 ], [ -157.136367948057341, 21.185598535361486 ], [ -157.134913576665866, 21.186608433822194 ], [ -157.134042029123179, 21.186993141003438 ], [ -157.134605467918817, 21.187688859350036 ], [ -157.135471265944432, 21.188234970530356 ], [ -157.135457107234942, 21.188643895404248 ], [ -157.135461003609464, 21.189052953347261 ], [ -157.135162591770126, 21.189315456844582 ], [ -157.135167000574569, 21.189773538648719 ], [ -157.133997185475209, 21.190115327209398 ], [ -157.132713604632073, 21.190910773482457 ], [ -157.132253947534366, 21.190914490699075 ], [ -157.130811977627332, 21.190550785567307 ], [ -157.130817596452715, 21.191180741283546 ], [ -157.129690018482165, 21.191146630830488 ], [ -157.128488465624315, 21.191497686406152 ], [ -157.12715166904448, 21.192326102953633 ], [ -157.12675517045983, 21.191930025276847 ], [ -157.125921864983525, 21.192320998491549 ], [ -157.125488860732219, 21.19101685194606 ], [ -157.124731830243718, 21.190260148211308 ], [ -157.124757731466076, 21.193103879566905 ], [ -157.123845795020998, 21.193531675033409 ], [ -157.122606044422298, 21.193218964791761 ], [ -157.121776019199785, 21.194375784251431 ], [ -157.120375611978488, 21.193492173414459 ], [ -157.119517353308026, 21.192932509584498 ], [ -157.11917892692523, 21.193567232005709 ], [ -157.117767633571361, 21.194547085835239 ], [ -157.117462185250844, 21.194537794680947 ], [ -157.11633863767932, 21.195608756349763 ], [ -157.115731672057905, 21.195613629332449 ], [ -157.115446369362246, 21.195328378998397 ], [ -157.114354060208171, 21.195337092775684 ], [ -157.11313650228152, 21.19476624190191 ], [ -157.112582346738606, 21.194212388178528 ], [ -157.112135098747245, 21.194215990086615 ], [ -157.11170188924828, 21.194202813120995 ], [ -157.110979521438509, 21.194208562303178 ], [ -157.110255248639021, 21.194186636047352 ], [ -157.107434358809797, 21.194695573221921 ], [ -157.107072891845661, 21.194698468883306 ], [ -157.106784085593972, 21.194689675655258 ], [ -157.106495137799811, 21.194691993662392 ], [ -157.106206331679061, 21.194683199449479 ], [ -157.105917383972724, 21.194685516468024 ], [ -157.104289746841232, 21.194636101474071 ], [ -157.103218961010072, 21.194948682297674 ], [ -157.101483231723336, 21.195762679927135 ], [ -157.100088918339537, 21.194853243568268 ], [ -157.097833779359604, 21.194870994362173 ], [ -157.097188109615558, 21.194549904886514 ], [ -157.092140872651527, 21.194589554992564 ], [ -157.090888488900333, 21.193772738589288 ], [ -157.088888348386206, 21.193138894751389 ], [ -157.087467273657495, 21.192431873952469 ], [ -157.08601708996369, 21.191751633764049 ], [ -157.08544855690397, 21.191468816590024 ], [ -157.084579735976433, 21.191193441967208 ], [ -157.08372234231399, 21.190907344074699 ], [ -157.08256466348351, 21.190628682875719 ], [ -157.080918538372885, 21.189809643892168 ], [ -157.079400690220524, 21.189763356483713 ], [ -157.078247774637703, 21.189772340665108 ], [ -157.077962557924735, 21.189487165360198 ], [ -157.076804904153278, 21.189208466288342 ], [ -157.075166450900412, 21.188563435488632 ], [ -157.07045975266692, 21.188599779921628 ], [ -157.069882178160725, 21.18858213597235 ], [ -157.06889377572432, 21.188589760837285 ], [ -157.066394256404152, 21.188274217533863 ], [ -157.064705652501459, 21.187433770535712 ], [ -157.063255636821594, 21.186753346146734 ], [ -157.06067458113705, 21.185468689433407 ], [ -157.058511042299216, 21.185485254797587 ], [ -157.053890310190155, 21.185343660102109 ], [ -157.049062084797697, 21.185643536649721 ], [ -157.048478608758842, 21.185625619895802 ], [ -157.045055515431272, 21.186942039569125 ], [ -157.043799990551804, 21.187719112808963 ], [ -157.040999497284844, 21.18798466701633 ], [ -157.039273417514295, 21.187687878924063 ], [ -157.03587496780014, 21.18730159009403 ], [ -157.034367978822615, 21.186823472519034 ], [ -157.032149024179091, 21.186082181519129 ], [ -157.02597471623352, 21.185494536397993 ], [ -157.025152138600845, 21.185084925565647 ], [ -157.02457233670313, 21.184812628911992 ], [ -157.024003964189717, 21.184529615718141 ], [ -157.021080455222062, 21.183676753435314 ], [ -157.018900354067966, 21.182590853614808 ], [ -157.017069412962258, 21.182275814331664 ], [ -157.01597217157709, 21.182283905216718 ], [ -157.014904066178786, 21.181926995222987 ], [ -157.011610942626362, 21.181951320522376 ], [ -157.010408426774262, 21.181647108936392 ], [ -157.005168137631813, 21.180897861100888 ], [ -157.004122768965942, 21.180237270605904 ], [ -157.003504520576428, 21.179618432191507 ], [ -157.000852966614531, 21.178572979016035 ], [ -156.996143878818117, 21.178925014594949 ], [ -156.993870256883497, 21.179333756944605 ], [ -156.989311834586346, 21.179974268427088 ], [ -156.987344316938788, 21.181337958316103 ], [ -156.983166761466748, 21.181368127516052 ], [ -156.980213515234055, 21.181276302250627 ], [ -156.979267042499458, 21.181567544539266 ], [ -156.978391303174249, 21.181822585087293 ], [ -156.977230493848083, 21.182626933096902 ], [ -156.975164591709557, 21.18314684601242 ], [ -156.974323727848741, 21.183946803232267 ], [ -156.973762378750621, 21.18443987878025 ], [ -156.973436887780707, 21.185014495763422 ], [ -156.972922133778752, 21.188585540896817 ], [ -156.972099627998091, 21.19012496015602 ], [ -156.970439989374711, 21.192122637402672 ], [ -156.968971080757825, 21.194714600666664 ], [ -156.967827387804107, 21.196855107176081 ], [ -156.963547719273407, 21.198171469254177 ], [ -156.962282808645369, 21.197890700779286 ], [ -156.959960755150007, 21.195924845491898 ], [ -156.957730255679508, 21.194876459747764 ], [ -156.955720078460899, 21.192478551610112 ], [ -156.955695484315754, 21.189406289579694 ], [ -156.956071476005519, 21.187791048592548 ], [ -156.956459269943736, 21.184803743346723 ], [ -156.963655495273343, 21.182463900297865 ], [ -156.970087295588002, 21.180269007248402 ], [ -156.976035587935314, 21.17913825803927 ], [ -156.989612848115684, 21.177574318458774 ], [ -156.999829155381889, 21.176773886698527 ], [ -157.00680497028668, 21.178095966242481 ], [ -157.011715174932874, 21.177827820649238 ], [ -157.012497610648069, 21.177140152958515 ], [ -157.01400319230072, 21.175112020322107 ], [ -157.01419942960905, 21.169520639649484 ], [ -157.012388084353603, 21.162768452181403 ], [ -157.009613825578015, 21.158892157769234 ], [ -156.999046689586635, 21.149560896407653 ], [ -156.989109616464816, 21.140765721722392 ], [ -156.985637768315172, 21.137745949220371 ], [ -156.976877705281424, 21.130132839614443 ], [ -156.972504597044065, 21.126215156986106 ], [ -156.964694316404092, 21.11921321425292 ], [ -156.958280163438815, 21.113494695381576 ], [ -156.946868531809685, 21.105904732948193 ], [ -156.934505854526236, 21.100340588985659 ], [ -156.920219847638208, 21.095796332716446 ], [ -156.911274890001664, 21.092188995245195 ], [ -156.905748796713084, 21.088934614339362 ], [ -156.899612315265642, 21.084818841280093 ], [ -156.894530723144015, 21.082607845441188 ], [ -156.890279952579988, 21.081342727926277 ], [ -156.88735284288731, 21.08125020960804 ], [ -156.88468241022295, 21.081566176905614 ], [ -156.880675256534602, 21.082731504670573 ], [ -156.876106894075264, 21.084324408520938 ], [ -156.872008112520035, 21.084709457411012 ], [ -156.86901277071982, 21.084121532164417 ], [ -156.8634000430242, 21.080768459521835 ], [ -156.859930866535393, 21.079989871534583 ], [ -156.852058704407824, 21.078944131920366 ], [ -156.845654331166372, 21.079415226537161 ], [ -156.833760328553637, 21.081189596409224 ], [ -156.821061444467233, 21.08455792369741 ], [ -156.79745885731441, 21.091519030048385 ], [ -156.78488024110905, 21.0950411106807 ], [ -156.778159397562007, 21.097427644354241 ], [ -156.772788014710358, 21.100261414214085 ], [ -156.769091250725864, 21.102933572713521 ], [ -156.76710790592864, 21.104816808111622 ], [ -156.766212870346067, 21.105601480636079 ], [ -156.764676004574426, 21.101294108387584 ], [ -156.764731001391567, 21.100332486052629 ], [ -156.764418207760514, 21.099758360306534 ], [ -156.764161289506887, 21.098390091903955 ], [ -156.76360183347748, 21.097363616228602 ], [ -156.763578702069481, 21.096517635897953 ], [ -156.764475143823574, 21.095956018680781 ], [ -156.767672226764091, 21.095737021063275 ], [ -156.766873166389502, 21.094613744517822 ], [ -156.768270398561697, 21.094684128626895 ], [ -156.767704628678729, 21.093098162406005 ], [ -156.769328783034894, 21.09186643115682 ], [ -156.772379852463814, 21.09111139361298 ], [ -156.774071721301652, 21.089928652270686 ], [ -156.77545376845319, 21.092000338266349 ], [ -156.778227008662412, 21.093698562767592 ], [ -156.777859168783323, 21.092956003188483 ], [ -156.7766833874513, 21.091095780003517 ], [ -156.777003773704365, 21.090650749359817 ], [ -156.779062023857819, 21.091083165142361 ], [ -156.776762882675399, 21.088255131548451 ], [ -156.777299599014981, 21.08772629052298 ], [ -156.777603359025221, 21.087469674847995 ], [ -156.778146076799544, 21.086934956586777 ], [ -156.780035645115788, 21.087504176175116 ], [ -156.781777697159811, 21.088592508095324 ], [ -156.784278027165414, 21.090255845735626 ], [ -156.784507334716778, 21.089981841318416 ], [ -156.783921414407587, 21.088906927074035 ], [ -156.783478018205528, 21.087992481300372 ], [ -156.782806531867038, 21.086985629753634 ], [ -156.782238434029608, 21.086477643760599 ], [ -156.782223408340201, 21.085932706623911 ], [ -156.784706087843546, 21.085647276284945 ], [ -156.784179736796176, 21.084681216839574 ], [ -156.784567084269526, 21.084299481199555 ], [ -156.784870825527918, 21.084042850682124 ], [ -156.785333121100848, 21.083587219552804 ], [ -156.78720059198514, 21.084829523329226 ], [ -156.787135488381239, 21.082449428653007 ], [ -156.787754744289259, 21.082434488679223 ], [ -156.789491611143546, 21.083130718364831 ], [ -156.788939501594967, 21.082189205412423 ], [ -156.788091178898668, 21.080996988384541 ], [ -156.788505486788125, 21.080354069538526 ], [ -156.789988063814633, 21.079888042463764 ], [ -156.791853537706999, 21.080330747104554 ], [ -156.793278300071648, 21.080820480826922 ], [ -156.793015932399726, 21.079804039720472 ], [ -156.792030367349241, 21.078245349493326 ], [ -156.793100954919197, 21.077616116053598 ], [ -156.793807199813102, 21.076920096803363 ], [ -156.796042328696672, 21.075519025110118 ], [ -156.796531024742478, 21.076327806448454 ], [ -156.797059000575047, 21.077417141796847 ], [ -156.79766685627996, 21.077447653861199 ], [ -156.798200316731965, 21.075008249457767 ], [ -156.798565481476004, 21.074999362326331 ], [ -156.798858700291134, 21.075014145939114 ], [ -156.799471043509669, 21.074720083821678 ], [ -156.800578573612512, 21.074775716152889 ], [ -156.802269939523654, 21.073715149106199 ], [ -156.804122860937326, 21.073436999871934 ], [ -156.804649581946336, 21.07346352556198 ], [ -156.805517509766418, 21.073442474793932 ], [ -156.805867906305025, 21.07570695505758 ], [ -156.806483432317634, 21.076347895259392 ], [ -156.807447025088891, 21.075398376199367 ], [ -156.807800913275827, 21.075389720318555 ], [ -156.809440817915402, 21.075953135112776 ], [ -156.810590291116768, 21.074147202888753 ], [ -156.810075180142832, 21.072192529148136 ], [ -156.810734439569302, 21.072176562861419 ], [ -156.812112928097946, 21.072650195249757 ], [ -156.812463733991365, 21.07165742118298 ], [ -156.813344574951685, 21.071408171846453 ], [ -156.814203169327754, 21.071137994686076 ], [ -156.81508400513124, 21.070888735779828 ], [ -156.815690022129246, 21.070291464307196 ], [ -156.817956597754574, 21.070405020060285 ], [ -156.818270041379037, 21.070095930307829 ], [ -156.81912518439205, 21.070138670008156 ], [ -156.81970058121567, 21.069571679477058 ], [ -156.820874568701953, 21.069630411718048 ], [ -156.821711914482222, 21.068805115792127 ], [ -156.822622729213947, 21.068547337289395 ], [ -156.823694566489507, 21.068032470581144 ], [ -156.825325698813685, 21.067570666716627 ], [ -156.826105402520625, 21.067237372944252 ], [ -156.826736970307621, 21.066933927284293 ], [ -156.828391181873116, 21.067016612895728 ], [ -156.830157983797903, 21.065653378043219 ], [ -156.831904499672248, 21.065415091062313 ], [ -156.832589353714383, 21.064739916402338 ], [ -156.834899973238521, 21.064085482115793 ], [ -156.836541968248127, 21.063296557861655 ], [ -156.839175532432051, 21.06293707645051 ], [ -156.841474497521375, 21.062285971610564 ], [ -156.843070029691859, 21.061783716874775 ], [ -156.844371942872186, 21.061510014779994 ], [ -156.848026825120769, 21.060119211755868 ], [ -156.852226429515156, 21.059634508500114 ], [ -156.855361878022507, 21.058647324252622 ], [ -156.856410762827778, 21.058699594682885 ], [ -156.859319460568855, 21.058329902772602 ], [ -156.860092637547808, 21.059134701649032 ], [ -156.861802870185585, 21.05793747500763 ], [ -156.86289114419813, 21.058211784354768 ], [ -156.86374717485478, 21.058505654186639 ], [ -156.865154895942112, 21.05806233405135 ], [ -156.867702025500591, 21.057469805136147 ], [ -156.869295192603971, 21.05775848324814 ], [ -156.870423402972278, 21.058337114024521 ], [ -156.876349576496523, 21.05819094429318 ], [ -156.877971564064211, 21.058695402542728 ], [ -156.879947138739595, 21.059708416973695 ], [ -156.881052613260891, 21.058772245396117 ], [ -156.881085684949909, 21.058188467073286 ], [ -156.880512330691147, 21.057137678249962 ], [ -156.881318209365986, 21.056974965184637 ], [ -156.88404914196866, 21.058528102369937 ], [ -156.885299130265821, 21.059828606966121 ], [ -156.885673213773259, 21.058767935144104 ], [ -156.885976742821896, 21.058511103395148 ], [ -156.886517277915459, 21.057977560247469 ], [ -156.887710805319983, 21.057948094993101 ], [ -156.889426128482597, 21.058033321418314 ], [ -156.890260772988881, 21.057209736450126 ], [ -156.890897934081949, 21.057478263702333 ], [ -156.891445449734647, 21.058047958866712 ], [ -156.892478702401803, 21.057551072068556 ], [ -156.893868108186069, 21.058263365608603 ], [ -156.894877941694773, 21.05726704106722 ], [ -156.896380835738142, 21.057546279241382 ], [ -156.896748720556559, 21.058304099442143 ], [ -156.89780255077406, 21.057264512860257 ], [ -156.898962786032172, 21.057859497300846 ], [ -156.89958479849335, 21.05814447438712 ], [ -156.900357652767923, 21.058948571971566 ], [ -156.900688611941263, 21.058964967377719 ], [ -156.901915057452783, 21.058679429578806 ], [ -156.9028527271835, 21.058725938415481 ], [ -156.904631339051491, 21.058681751694152 ], [ -156.905555295649407, 21.059506610016921 ], [ -156.906143069772696, 21.06038658472708 ], [ -156.907628572031456, 21.061067148668378 ], [ -156.907529211558426, 21.062830425039802 ], [ -156.908399873137029, 21.062873565670838 ], [ -156.908725070812096, 21.062314936928292 ], [ -156.909415612592113, 21.060986769660079 ], [ -156.910752978768841, 21.06095349069302 ], [ -156.911920582400882, 21.061551789872041 ], [ -156.912742517888375, 21.061531337654323 ], [ -156.913061567582531, 21.061816114965097 ], [ -156.913679519969037, 21.063365569212724 ], [ -156.914200657774416, 21.062924165713351 ], [ -156.915011485915784, 21.062123839070484 ], [ -156.915572604763781, 21.062109827271499 ], [ -156.919016584165689, 21.062489421783141 ], [ -156.920212392538787, 21.061914185234336 ], [ -156.921711637360943, 21.062464094944328 ], [ -156.923499912005582, 21.063920686875026 ], [ -156.924829982591206, 21.063501312485734 ], [ -156.926687154193417, 21.064078177427287 ], [ -156.928268314358803, 21.064802468184237 ], [ -156.930025041997766, 21.066101316418585 ], [ -156.930817609692212, 21.065720054750042 ], [ -156.932917965966652, 21.06612307590337 ], [ -156.933768600583335, 21.066414687009129 ], [ -156.935643759758932, 21.06685806165228 ], [ -156.93664089859206, 21.067748346779361 ], [ -156.937325616023116, 21.069156990927524 ], [ -156.937786636212223, 21.068901975726671 ], [ -156.939024406787752, 21.068124442032619 ], [ -156.940015139854836, 21.069154465318988 ], [ -156.942396992571048, 21.069489484205452 ], [ -156.943344225327792, 21.070118510652613 ], [ -156.944764342882678, 21.06967056969274 ], [ -156.946389806960326, 21.071121264845882 ], [ -156.946690753520699, 21.0722585298473 ], [ -156.945221408014049, 21.074010038467506 ], [ -156.946059851457449, 21.07461974299359 ], [ -156.948096939605875, 21.073340104740161 ], [ -156.948693874786443, 21.073369546807342 ], [ -156.949034954810799, 21.071233553953252 ], [ -156.951036492545512, 21.070959010972039 ], [ -156.952825746388868, 21.070294261984248 ], [ -156.955080887821083, 21.070726533295858 ], [ -156.955961903432183, 21.071028458104411 ], [ -156.956859761686303, 21.071005799040424 ], [ -156.958079394544853, 21.072273701101984 ], [ -156.960162836176266, 21.071616381791497 ], [ -156.962558940787488, 21.072713046304624 ], [ -156.963161939826023, 21.073021916361501 ], [ -156.964018358642221, 21.073000310273478 ], [ -156.964629322923031, 21.073635509578605 ], [ -156.966298851874114, 21.073108619191544 ], [ -156.967471120874251, 21.073886666196934 ], [ -156.969433536642413, 21.073837264935928 ], [ -156.97120846544945, 21.075015149674684 ], [ -156.973195714816114, 21.074965076609793 ], [ -156.973212521418901, 21.075555181463585 ], [ -156.973142546996883, 21.076807180652654 ], [ -156.974124634556262, 21.076334311809898 ], [ -156.977570224729192, 21.076720176470889 ], [ -156.97807423642297, 21.077243987416839 ], [ -156.979632723183585, 21.077612076552899 ], [ -156.980083645754974, 21.078080744239969 ], [ -156.980957288166991, 21.078351764942671 ], [ -156.981519475635707, 21.07863971446745 ], [ -156.982829668400228, 21.079046230161225 ], [ -156.983903642129718, 21.080162077370371 ], [ -156.985534749161559, 21.08058402875605 ], [ -156.987035179677719, 21.080871324888601 ], [ -156.988121525691895, 21.081427550714508 ], [ -156.988901299774682, 21.081784337945074 ], [ -156.989397015020728, 21.08280333684295 ], [ -156.99181502204803, 21.082742016744142 ], [ -156.995698592707413, 21.084729924328069 ], [ -156.997175471107568, 21.084802271483486 ], [ -156.998374341129875, 21.084771838545954 ], [ -156.999342678179062, 21.085072198015578 ], [ -157.00018995159985, 21.085634395291439 ], [ -157.001608638545235, 21.08596928895604 ], [ -157.00104515843276, 21.086446987566966 ], [ -157.00050945997296, 21.086976210343664 ], [ -156.999879682146769, 21.087246078761197 ], [ -156.999017611353679, 21.087788116592105 ], [ -156.998186215386653, 21.088144502757402 ], [ -157.001231263048766, 21.08806716925864 ], [ -156.999976230557706, 21.090226668899795 ], [ -157.002061212568833, 21.089062161634189 ], [ -157.003344610960625, 21.089460142449131 ], [ -157.003877217055191, 21.090554817789435 ], [ -157.004499595608621, 21.090839436353065 ], [ -157.005234558389617, 21.091602968807557 ], [ -157.005920622176092, 21.091953950959397 ], [ -157.007269595975856, 21.091919667328121 ], [ -157.010349054326696, 21.093667750776362 ], [ -157.011623855247819, 21.094991652435247 ], [ -157.012758790134342, 21.094962754614794 ], [ -157.013053019091359, 21.0952686342698 ], [ -157.014773418059747, 21.095674564685506 ], [ -157.014786379356764, 21.096120558626961 ], [ -157.013642010883956, 21.09709105118813 ], [ -157.013215778648203, 21.097911724375532 ], [ -157.011566526449712, 21.098492225064241 ], [ -157.010989490269935, 21.09930860902859 ], [ -157.009842227032919, 21.099984942000585 ], [ -157.00979070489285, 21.10090988714326 ], [ -157.010105409879202, 21.100652956316864 ], [ -157.010386559380208, 21.100374992672062 ], [ -157.011267340303732, 21.100124702110783 ], [ -157.011837163591707, 21.099850121953473 ], [ -157.013171175847759, 21.099568489344428 ], [ -157.015484750995682, 21.097946103498497 ], [ -157.019388046420175, 21.097227198744928 ], [ -157.019663662347568, 21.09751353515923 ], [ -157.021393669030033, 21.098304499811199 ], [ -157.021515236437892, 21.099833031341298 ] ], [ [ -156.965472625672618, 21.186682590043869 ], [ -156.96442912827186, 21.18787421984111 ], [ -156.964162805304284, 21.188574810122802 ], [ -156.965020414955745, 21.189236024026364 ], [ -156.965272980223915, 21.18954003282326 ], [ -156.965731153816023, 21.18978645608205 ], [ -156.967162105978304, 21.188154248045038 ], [ -156.96701080555448, 21.186881883195124 ], [ -156.965472625672618, 21.186682590043869 ] ] ] } }
]
}
