{
"type": "FeatureCollection",
"name": "stecala",
"crs": { "type": "name", "properties": { "name": "urn:ogc:def:crs:OGC:1.3:CRS84" } },
"features": [
{ "type": "Feature", "properties": { "ID": 1, "GRIDCODE": 2 }, "geometry": { "type": "Polygon", "coordinates": [ [ [ -155.824868955973471, 20.185409156126873 ], [ -155.825070909037748, 20.185546210583649 ], [ -155.825359741263469, 20.186882436356743 ], [ -155.824781103960021, 20.186551225827923 ], [ -155.824639750898058, 20.185897910078904 ], [ -155.824868955973471, 20.185409156126873 ] ] ] } },
{ "type": "Feature", "properties": { "ID": 2, "GRIDCODE": 2 }, "geometry": { "type": "Polygon", "coordinates": [ [ [ -155.821731881793227, 20.184540106640178 ], [ -155.822079398887496, 20.184639075274944 ], [ -155.821823452692257, 20.18487190264679 ], [ -155.821731881793227, 20.184540106640178 ] ] ] } },
{ "type": "Feature", "properties": { "ID": 3, "GRIDCODE": 2 }, "geometry": { "type": "Polygon", "coordinates": [ [ [ -155.751153643833476, 20.172147965340436 ], [ -155.751528743925945, 20.173789380563743 ], [ -155.750429162579394, 20.173527378933915 ], [ -155.750845786699301, 20.17235552560955 ], [ -155.751153643833476, 20.172147965340436 ] ] ] } },
{ "type": "Feature", "properties": { "ID": 4, "GRIDCODE": 2 }, "geometry": { "type": "Polygon", "coordinates": [ [ [ -155.170399391102308, 19.742865238417181 ], [ -155.171936483217536, 19.743021567445545 ], [ -155.170636769122609, 19.74323451937104 ], [ -155.170399391102308, 19.742865238417181 ] ] ] } },
{ "type": "Feature", "properties": { "ID": 5, "GRIDCODE": 1 }, "geometry": { "type": "Polygon", "coordinates": [ [ [ -155.918625417826775, 19.744863608690249 ], [ -155.919280866413146, 19.74498464362194 ], [ -155.918774061213469, 19.745209962235098 ], [ -155.918625417826775, 19.744863608690249 ] ] ] } },
{ "type": "Feature", "properties": { "ID": 6, "GRIDCODE": 1 }, "geometry": { "type": "Polygon", "coordinates": [ [ [ -155.909762004968854, 19.744710766337278 ], [ -155.910108676914632, 19.744809576469198 ], [ -155.909853653785007, 19.745042389135943 ], [ -155.909762004968854, 19.744710766337278 ] ] ] } },
{ "type": "Feature", "properties": { "ID": 7, "GRIDCODE": 1 }, "geometry": { "type": "Polygon", "coordinates": [ [ [ -155.918344700270666, 19.744587970821719 ], [ -155.918630617624814, 19.744592894318988 ], [ -155.918625417826775, 19.744863608690249 ], [ -155.918339499991987, 19.744858685120022 ], [ -155.918344700270666, 19.744587970821719 ] ] ] } },
{ "type": "Feature", "properties": { "ID": 8, "GRIDCODE": 1 }, "geometry": { "type": "Polygon", "coordinates": [ [ [ -155.918344700270666, 19.744587970821719 ], [ -155.917664803802552, 19.744125891300754 ], [ -155.91794446488808, 19.742958899806688 ], [ -155.918344700270666, 19.744587970821719 ] ] ] } },
{ "type": "Feature", "properties": { "ID": 9, "GRIDCODE": 1 }, "geometry": { "type": "Polygon", "coordinates": [ [ [ -155.938712197836338, 19.741417054014892 ], [ -155.939497545622203, 19.741859705482611 ], [ -155.939059549844643, 19.745038704398858 ], [ -155.936507233291735, 19.745240976608439 ], [ -155.936819352082409, 19.744678523123188 ], [ -155.937542902937224, 19.744130250545897 ], [ -155.937956103715464, 19.742881132913624 ], [ -155.938712197836338, 19.741417054014892 ] ] ] } },
{ "type": "Feature", "properties": { "ID": 10, "GRIDCODE": 1 }, "geometry": { "type": "Polygon", "coordinates": [ [ [ -155.936466211401722, 19.739212163382469 ], [ -155.938585609087625, 19.739590373205786 ], [ -155.938267030352591, 19.740023928962341 ], [ -155.9372000990343, 19.740608645090667 ], [ -155.93690092267957, 19.739879167781972 ], [ -155.936466211401722, 19.739212163382469 ] ] ] } },
{ "type": "Feature", "properties": { "ID": 11, "GRIDCODE": 1 }, "geometry": { "type": "Polygon", "coordinates": [ [ [ -155.920491602269522, 19.737042407241987 ], [ -155.920935451776387, 19.737170899461347 ], [ -155.921330028541462, 19.740697616544256 ], [ -155.920839326420264, 19.740448518895409 ], [ -155.920632578041392, 19.737977573963242 ], [ -155.920491602269522, 19.737042407241987 ] ] ] } },
{ "type": "Feature", "properties": { "ID": 12, "GRIDCODE": 1 }, "geometry": { "type": "Polygon", "coordinates": [ [ [ -155.934807613519553, 19.736204888334751 ], [ -155.935760127441625, 19.736360036987413 ], [ -155.936296363227655, 19.737150960372531 ], [ -155.935246268834362, 19.736854772791759 ], [ -155.934807613519553, 19.736204888334751 ] ] ] } },
{ "type": "Feature", "properties": { "ID": 13, "GRIDCODE": 1 }, "geometry": { "type": "Polygon", "coordinates": [ [ [ -155.939199466327381, 19.730863870216918 ], [ -155.939857313123809, 19.730989361598965 ], [ -155.939585130234775, 19.731495648790883 ], [ -155.9385388597739, 19.731278623284915 ], [ -155.939107671240862, 19.731049539546436 ], [ -155.939199466327381, 19.730863870216918 ] ] ] } },
{ "type": "Feature", "properties": { "ID": 14, "GRIDCODE": 1 }, "geometry": { "type": "Polygon", "coordinates": [ [ [ -155.941507285745956, 19.729820070572796 ], [ -155.942762851602936, 19.729987230288309 ], [ -155.943618248938293, 19.730636012888745 ], [ -155.941776875799547, 19.731238222818277 ], [ -155.94132672828934, 19.73050167759358 ], [ -155.941507285745956, 19.729820070572796 ] ] ] } },
{ "type": "Feature", "properties": { "ID": 15, "GRIDCODE": 1 }, "geometry": { "type": "Polygon", "coordinates": [ [ [ -155.91329234122756, 19.724732269763965 ], [ -155.91422170466538, 19.724953238354995 ], [ -155.914873669352033, 19.724873232698194 ], [ -155.915481677844014, 19.725235168149581 ], [ -155.915266911178662, 19.726456696989246 ], [ -155.913523922288817, 19.726182043736156 ], [ -155.91329234122756, 19.724732269763965 ] ] ] } },
{ "type": "Feature", "properties": { "ID": 16, "GRIDCODE": 1 }, "geometry": { "type": "Polygon", "coordinates": [ [ [ -155.92191549296237, 19.722443433737148 ], [ -155.922415120991388, 19.722573934196891 ], [ -155.923446170698924, 19.723274742580134 ], [ -155.92278663311734, 19.724464581719037 ], [ -155.921864175767439, 19.724042787312975 ], [ -155.921643771006728, 19.723025860796692 ], [ -155.92191549296237, 19.722443433737148 ] ] ] } },
{ "type": "Feature", "properties": { "ID": 17, "GRIDCODE": 1 }, "geometry": { "type": "Polygon", "coordinates": [ [ [ -155.909762004968854, 19.744710766337278 ], [ -155.900821445591419, 19.74442021992191 ], [ -155.889858604641432, 19.74385317781363 ], [ -155.87719614436736, 19.743098472583313 ], [ -155.866621098501042, 19.7423001078132 ], [ -155.862101926436878, 19.741568008655818 ], [ -155.858296249057219, 19.739958996584477 ], [ -155.856034771937999, 19.736670315485643 ], [ -155.854855012144043, 19.732811704332509 ], [ -155.856012426824066, 19.729184543355132 ], [ -155.858001845888424, 19.726991510174201 ], [ -155.861551413740955, 19.725228811062525 ], [ -155.86638902661619, 19.724645528650761 ], [ -155.880898898108882, 19.723934370235781 ], [ -155.887751662355981, 19.724186071876598 ], [ -155.902436348646518, 19.72398684369292 ], [ -155.907619720818957, 19.723197100324025 ], [ -155.910487516363588, 19.722152801169365 ], [ -155.911326668982667, 19.723767231967468 ], [ -155.910841666992837, 19.725911273691814 ], [ -155.910230737185913, 19.728009504293116 ], [ -155.910058057736137, 19.732236756412597 ], [ -155.910469176513374, 19.736328103136511 ], [ -155.909998674929739, 19.739702366950649 ], [ -155.909762004968854, 19.744710766337278 ] ] ] } },
{ "type": "Feature", "properties": { "ID": 18, "GRIDCODE": 1 }, "geometry": { "type": "Polygon", "coordinates": [ [ [ -155.970235348613443, 19.72299646550313 ], [ -155.97074221104603, 19.723457277465037 ], [ -155.969992201079521, 19.727076519302688 ], [ -155.967822610377198, 19.732493630411309 ], [ -155.966304982475634, 19.734943062904151 ], [ -155.962775537594723, 19.738864749471617 ], [ -155.960316783531113, 19.740811789680915 ], [ -155.957083316467987, 19.74283870978968 ], [ -155.95254729592537, 19.744719879959678 ], [ -155.944241824454195, 19.745162181896163 ], [ -155.939654161541768, 19.744806892532829 ], [ -155.94015684879858, 19.743419662955759 ], [ -155.941095742548697, 19.743910950463089 ], [ -155.941977206673613, 19.743488331394349 ], [ -155.942767389956174, 19.743531716216456 ], [ -155.942851039187843, 19.742161382694924 ], [ -155.942561709631605, 19.740723058252811 ], [ -155.942654004445984, 19.739206624924222 ], [ -155.942072794417498, 19.738677822846771 ], [ -155.940952575148316, 19.736710923806498 ], [ -155.939802730178286, 19.736431041155747 ], [ -155.939247445826851, 19.73614016125013 ], [ -155.938135982783706, 19.735620265483373 ], [ -155.937561851412966, 19.734546254703716 ], [ -155.938270990554798, 19.732437142463549 ], [ -155.939449192119667, 19.731872562618914 ], [ -155.944631134722357, 19.733253227141212 ], [ -155.946314564567984, 19.732997121580215 ], [ -155.945864174036643, 19.732154531339344 ], [ -155.947215350455451, 19.731011029258053 ], [ -155.948158306702112, 19.730081648669476 ], [ -155.949655478955606, 19.729660480971525 ], [ -155.949382892647435, 19.729542911558546 ], [ -155.947682853798682, 19.729205577661812 ], [ -155.947652547704024, 19.727876135225699 ], [ -155.948764624972, 19.727936871908021 ], [ -155.950018787657541, 19.727648549980227 ], [ -155.950793560241976, 19.727690834630007 ], [ -155.951804378249165, 19.727259776994352 ], [ -155.952922812605237, 19.726602840627482 ], [ -155.953958502424854, 19.725581379617974 ], [ -155.95574587797617, 19.725317949855405 ], [ -155.956207890060966, 19.725343256983663 ], [ -155.962621185214857, 19.725174711290499 ], [ -155.966406440304354, 19.723926317990916 ], [ -155.967797969799619, 19.723637545487318 ], [ -155.968935684482119, 19.723375409228613 ], [ -155.970095332853106, 19.723134793684324 ], [ -155.970235348613443, 19.72299646550313 ] ] ] } },
{ "type": "Feature", "properties": { "ID": 19, "GRIDCODE": 1 }, "geometry": { "type": "Polygon", "coordinates": [ [ [ -155.911514976381198, 19.713057097432426 ], [ -155.912180272746866, 19.713196295678252 ], [ -155.91187019835229, 19.71369579914181 ], [ -155.911276818644779, 19.71349066735899 ], [ -155.911514976381198, 19.713057097432426 ] ] ] } },
{ "type": "Feature", "properties": { "ID": 20, "GRIDCODE": 2 }, "geometry": { "type": "Polygon", "coordinates": [ [ [ -155.184926105683559, 19.696895860895513 ], [ -155.186492386545552, 19.697075353798486 ], [ -155.18708922652803, 19.697042857540836 ], [ -155.186742121672012, 19.698146853012418 ], [ -155.186766950892917, 19.698558896091235 ], [ -155.186719060117753, 19.699001372036548 ], [ -155.187874922195562, 19.699519676619573 ], [ -155.18811320400215, 19.700627405387564 ], [ -155.188548657171083, 19.70099928803366 ], [ -155.187523193722683, 19.701406695739863 ], [ -155.186961501821401, 19.701886077073343 ], [ -155.187609932542699, 19.702761756840285 ], [ -155.188649249831201, 19.702241259813761 ], [ -155.188949952788448, 19.702270385739748 ], [ -155.189631150167799, 19.701929389263995 ], [ -155.18946336922383, 19.703473828390123 ], [ -155.188874356515981, 19.704422560151649 ], [ -155.189180623969605, 19.704970361744817 ], [ -155.188844036803914, 19.705512681976266 ], [ -155.190299660373427, 19.705796313133405 ], [ -155.190229687776025, 19.706440511200746 ], [ -155.188846438905301, 19.70630563353361 ], [ -155.188365806873236, 19.70633188136954 ], [ -155.186767368752612, 19.704492962462822 ], [ -155.186316048053698, 19.704107522027684 ], [ -155.186064938930059, 19.7035408045341 ], [ -155.185149763405377, 19.702381397909079 ], [ -155.185260314236558, 19.701368577772293 ], [ -155.185243304962114, 19.701097573099148 ], [ -155.18529754495114, 19.700599466284356 ], [ -155.184959246391685, 19.699661930452464 ], [ -155.185352045042606, 19.697573869446952 ], [ -155.18504844521317, 19.697314472377837 ], [ -155.184926105683559, 19.696895860895513 ] ] ] } },
{ "type": "Feature", "properties": { "ID": 21, "GRIDCODE": 2 }, "geometry": { "type": "Polygon", "coordinates": [ [ [ -155.183607207396619, 19.692266861694097 ], [ -155.18395308487473, 19.69236699430752 ], [ -155.183697001136636, 19.692598618759977 ], [ -155.183607207396619, 19.692266861694097 ] ] ] } },
{ "type": "Feature", "properties": { "ID": 22, "GRIDCODE": 1 }, "geometry": { "type": "Polygon", "coordinates": [ [ [ -155.945110326628537, 19.705779512728736 ], [ -155.945498813644747, 19.706085240819995 ], [ -155.943105996415625, 19.707272348095408 ], [ -155.9426575694701, 19.707783839105993 ], [ -155.942049452239957, 19.708014125387937 ], [ -155.941360238789912, 19.708382396964108 ], [ -155.940382702300894, 19.707613317804359 ], [ -155.942101301850357, 19.706961921391532 ], [ -155.942646913434629, 19.706670270852822 ], [ -155.944417490824691, 19.706339207370963 ], [ -155.944980452225167, 19.705927778590365 ], [ -155.945110326628537, 19.705779512728736 ] ] ] } },
{ "type": "Feature", "properties": { "ID": 23, "GRIDCODE": 2 }, "geometry": { "type": "Polygon", "coordinates": [ [ [ -155.249164329460342, 19.687154828840573 ], [ -155.251035068095746, 19.687325053822736 ], [ -155.250999383014005, 19.687874347570148 ], [ -155.251325464493789, 19.688490940778426 ], [ -155.252109601512018, 19.689210413067453 ], [ -155.249512631144569, 19.689546762980026 ], [ -155.249526235803557, 19.690279728189189 ], [ -155.249095873157955, 19.690640765053796 ], [ -155.249794014742406, 19.691649194487674 ], [ -155.250624276386446, 19.691635372212296 ], [ -155.251185779047034, 19.692137155471123 ], [ -155.24935535307398, 19.693203438802396 ], [ -155.248618567389713, 19.692415958385173 ], [ -155.248042227387515, 19.692143811045476 ], [ -155.247390407149226, 19.691446914944361 ], [ -155.246067573523334, 19.69101957653611 ], [ -155.24608572016399, 19.690744277056485 ], [ -155.246080323035983, 19.690449453963847 ], [ -155.246675777888186, 19.68994994499716 ], [ -155.246963111981586, 19.689404072247754 ], [ -155.247856121233667, 19.688350704585329 ], [ -155.248435373135635, 19.687540279062308 ], [ -155.249023823023748, 19.687292504931303 ], [ -155.249164329460342, 19.687154828840573 ] ] ] } },
{ "type": "Feature", "properties": { "ID": 24, "GRIDCODE": 2 }, "geometry": { "type": "Polygon", "coordinates": [ [ [ -155.226918405898999, 19.685334817145481 ], [ -155.227896933791328, 19.685636365975849 ], [ -155.229014792276445, 19.686922487651195 ], [ -155.230025699259329, 19.68686709594834 ], [ -155.230577523107854, 19.686920723109385 ], [ -155.230346060209683, 19.689057563324525 ], [ -155.231264217447517, 19.68934064819868 ], [ -155.23180242986021, 19.689856530294509 ], [ -155.230367159651479, 19.690133749818433 ], [ -155.229689088001606, 19.690846343504688 ], [ -155.228660641925984, 19.691648564649093 ], [ -155.225452650479355, 19.691336296251038 ], [ -155.225505891705467, 19.692206729892614 ], [ -155.225429763554757, 19.692905810253286 ], [ -155.220571055876633, 19.693225798051643 ], [ -155.218326081556057, 19.69375701845162 ], [ -155.217448919451414, 19.693558517085407 ], [ -155.218042960507518, 19.692600779640824 ], [ -155.218380893849371, 19.691924674465831 ], [ -155.219421326843758, 19.691112993732297 ], [ -155.220075454365002, 19.690328577879825 ], [ -155.21945870739907, 19.68862056753736 ], [ -155.219858385368042, 19.68830865390834 ], [ -155.220334484794137, 19.687808312821243 ], [ -155.221407995799353, 19.687202415475969 ], [ -155.22215804492717, 19.687275311447518 ], [ -155.222996277479837, 19.687229273012427 ], [ -155.223951087852356, 19.685854626560101 ], [ -155.225588715434952, 19.686013859988538 ], [ -155.226184512961282, 19.685715308470147 ], [ -155.226782794313806, 19.685477333779076 ], [ -155.226918405898999, 19.685334817145481 ] ] ] } },
{ "type": "Feature", "properties": { "ID": 25, "GRIDCODE": 2 }, "geometry": { "type": "Polygon", "coordinates": [ [ [ -155.186687703155826, 19.682859911016738 ], [ -155.188680299887437, 19.683059530972692 ], [ -155.189874440505946, 19.682994251937817 ], [ -155.191086168118716, 19.683694754173008 ], [ -155.190503948478153, 19.684148877413865 ], [ -155.190229982897222, 19.684547437180559 ], [ -155.191366752920629, 19.685255861550736 ], [ -155.190682544000168, 19.686128056679024 ], [ -155.189605147170028, 19.686022966174576 ], [ -155.189045452642034, 19.686303123105432 ], [ -155.187851837389474, 19.686533591765691 ], [ -155.187906474641892, 19.6874307312392 ], [ -155.186689316365005, 19.687312078440542 ], [ -155.186751601201848, 19.688333600953698 ], [ -155.188247591803531, 19.68784923507501 ], [ -155.187765984792208, 19.689378808001869 ], [ -155.186254208191144, 19.689775084153784 ], [ -155.185304301602116, 19.689682455717357 ], [ -155.184417003494474, 19.690126625415068 ], [ -155.184081275600221, 19.690798464250189 ], [ -155.183216444821682, 19.691142142572858 ], [ -155.182822421243429, 19.689308504016743 ], [ -155.183043701145976, 19.687274412537395 ], [ -155.182728385317517, 19.686710028549619 ], [ -155.18231999145641, 19.685787916148023 ], [ -155.183175311367989, 19.68440904026502 ], [ -155.182788282707605, 19.683715474137653 ], [ -155.186206381304459, 19.683365588537121 ], [ -155.186687703155826, 19.682859911016738 ] ] ] } },
{ "type": "Feature", "properties": { "ID": 26, "GRIDCODE": 2 }, "geometry": { "type": "Polygon", "coordinates": [ [ [ -155.250959980234427, 19.683673819453375 ], [ -155.25192933859114, 19.684275576335274 ], [ -155.25297685706866, 19.683750334167215 ], [ -155.255101364596925, 19.68524528018736 ], [ -155.255039419354119, 19.685820460042617 ], [ -155.25349972263632, 19.685670940378635 ], [ -155.254031644527714, 19.686124518233754 ], [ -155.252646756155258, 19.685989854829508 ], [ -155.251893931181655, 19.685124610406536 ], [ -155.250599244317726, 19.684544596734654 ], [ -155.250959980234427, 19.683673819453375 ] ] ] } },
{ "type": "Feature", "properties": { "ID": 27, "GRIDCODE": 2 }, "geometry": { "type": "Polygon", "coordinates": [ [ [ -155.183279922145118, 19.681975485604777 ], [ -155.183951473092634, 19.682131705790965 ], [ -155.183700718643735, 19.682774695889176 ], [ -155.182598198372915, 19.683141863231977 ], [ -155.18237334413061, 19.682669531506331 ], [ -155.183064255529359, 19.682315541525437 ], [ -155.183279922145118, 19.681975485604777 ] ] ] } },
{ "type": "Feature", "properties": { "ID": 28, "GRIDCODE": 2 }, "geometry": { "type": "Polygon", "coordinates": [ [ [ -155.207656948529717, 19.678162273978252 ], [ -155.208116796980789, 19.678304148714471 ], [ -155.208001994540325, 19.679363171178846 ], [ -155.209207749728876, 19.678590985945949 ], [ -155.210054452127423, 19.678254180848509 ], [ -155.21034325378713, 19.678905717568071 ], [ -155.210841081439014, 19.679330931313388 ], [ -155.209513038714078, 19.680366699061079 ], [ -155.210523485836347, 19.681229072768133 ], [ -155.208172301747396, 19.681845690023835 ], [ -155.20856207831784, 19.682924895754326 ], [ -155.207940691141289, 19.683172097473719 ], [ -155.208351550011969, 19.683522531708032 ], [ -155.20971279234206, 19.68344796555515 ], [ -155.209365880991101, 19.684007303488425 ], [ -155.209081885005162, 19.684833333031751 ], [ -155.208483590875943, 19.685071244594305 ], [ -155.207409443069793, 19.686200369409626 ], [ -155.204409990081388, 19.687158435754107 ], [ -155.204459965358751, 19.687973286256124 ], [ -155.203708419777655, 19.688271896187683 ], [ -155.202726755357389, 19.688176309289211 ], [ -155.201846167963765, 19.688739917066474 ], [ -155.200676647441327, 19.688965696052207 ], [ -155.200369102462389, 19.689581347939026 ], [ -155.199696487791158, 19.690105476260481 ], [ -155.197522119973684, 19.689893651888401 ], [ -155.196081480130175, 19.689972510402555 ], [ -155.195840667491268, 19.688945872930066 ], [ -155.196724536382305, 19.687819403723982 ], [ -155.197002204804164, 19.687263915438272 ], [ -155.197600517638193, 19.687026046501927 ], [ -155.19791585622059, 19.686694690720817 ], [ -155.20011302330758, 19.68582149425243 ], [ -155.200499670832841, 19.68436095454145 ], [ -155.200978309070479, 19.683589286262851 ], [ -155.20155585933378, 19.682433563633538 ], [ -155.202557530602576, 19.682531161323777 ], [ -155.205266521243658, 19.682124915831935 ], [ -155.205716933812596, 19.681223652561705 ], [ -155.206891511120489, 19.680307309540108 ], [ -155.207494232101254, 19.678554762499623 ], [ -155.207656948529717, 19.678162273978252 ] ] ] } },
{ "type": "Feature", "properties": { "ID": 29, "GRIDCODE": 2 }, "geometry": { "type": "Polygon", "coordinates": [ [ [ -155.331064220354506, 19.679646366541082 ], [ -155.331462793255781, 19.679814705181698 ], [ -155.333090125513763, 19.680091697222601 ], [ -155.332622780425311, 19.6812021266649 ], [ -155.332251369352718, 19.681115231680717 ], [ -155.331416229579929, 19.681392091120799 ], [ -155.331482251685031, 19.681703240979591 ], [ -155.331128951007173, 19.681923605683085 ], [ -155.330814420895962, 19.682671051377024 ], [ -155.329991491128425, 19.68282814497336 ], [ -155.328413126057171, 19.682459078721518 ], [ -155.328240755429789, 19.682968620680452 ], [ -155.328352187200863, 19.683490845517987 ], [ -155.327724734736591, 19.683128550136168 ], [ -155.328039815138652, 19.682210892743715 ], [ -155.329052109298999, 19.681875558250017 ], [ -155.32998485427882, 19.68040274792742 ], [ -155.330943975679645, 19.679804093284137 ], [ -155.331064220354506, 19.679646366541082 ] ] ] } },
{ "type": "Feature", "properties": { "ID": 30, "GRIDCODE": 2 }, "geometry": { "type": "Polygon", "coordinates": [ [ [ -155.328524430261638, 19.678241011267694 ], [ -155.329484910713859, 19.678389926571167 ], [ -155.329179119757953, 19.679170325635116 ], [ -155.328318371080286, 19.679420213855515 ], [ -155.326119547434189, 19.681269928292103 ], [ -155.325507680860198, 19.680543431522434 ], [ -155.326890237439272, 19.679390974567934 ], [ -155.328175209581957, 19.67877204578387 ], [ -155.328524430261638, 19.678241011267694 ] ] ] } },
{ "type": "Feature", "properties": { "ID": 31, "GRIDCODE": 2 }, "geometry": { "type": "Polygon", "coordinates": [ [ [ -155.324246246254233, 19.677882719664773 ], [ -155.324583840367154, 19.678203399702245 ], [ -155.323483470668776, 19.680122898810456 ], [ -155.32404187924655, 19.680452599980377 ], [ -155.324618730733363, 19.680732454480783 ], [ -155.324573182893573, 19.681749200903241 ], [ -155.324843150262495, 19.682905107912894 ], [ -155.325783847532136, 19.683799059203519 ], [ -155.325382919986396, 19.684540227409002 ], [ -155.323936924237472, 19.685046657875866 ], [ -155.321845631793536, 19.685800471657764 ], [ -155.320493283650677, 19.68579889662432 ], [ -155.319494000319025, 19.685759093270022 ], [ -155.318507230944618, 19.685757869282014 ], [ -155.315237409686375, 19.68462228686743 ], [ -155.313386090253289, 19.684548288541126 ], [ -155.312813900301592, 19.685088444963672 ], [ -155.312230660655871, 19.685087817944769 ], [ -155.311660269143232, 19.684794576340803 ], [ -155.309096306157983, 19.68420576463382 ], [ -155.30616153476177, 19.683335437456567 ], [ -155.306773827182667, 19.685157903358874 ], [ -155.303948766855655, 19.684176666322909 ], [ -155.303947805329528, 19.685166024654638 ], [ -155.303064688311736, 19.685706872870796 ], [ -155.301571881478367, 19.685188142546021 ], [ -155.300791992434256, 19.685924065975808 ], [ -155.299347632598227, 19.685628880097202 ], [ -155.298755756578544, 19.685324583817749 ], [ -155.295188848644784, 19.685319915453722 ], [ -155.294227339723903, 19.684853073797026 ], [ -155.294670594894001, 19.683830835330649 ], [ -155.295689880296237, 19.68338800111022 ], [ -155.296501731834553, 19.682621571032676 ], [ -155.298276500670795, 19.682624113997459 ], [ -155.299663279441233, 19.682679429520991 ], [ -155.300791515580528, 19.682157926985127 ], [ -155.302002043372511, 19.682159630566115 ], [ -155.302644410830226, 19.682185297982915 ], [ -155.303828476378868, 19.680739249976504 ], [ -155.305184601343797, 19.680330521935669 ], [ -155.30605313264212, 19.680083026054209 ], [ -155.306352537363125, 19.67926951016878 ], [ -155.306916834704907, 19.679559467322644 ], [ -155.30805880995797, 19.679848362402041 ], [ -155.308332525192498, 19.680129955335449 ], [ -155.308748732622206, 19.680525762946385 ], [ -155.307752115836308, 19.681466348165756 ], [ -155.306297624582783, 19.681880734962327 ], [ -155.307075633475819, 19.682805517279029 ], [ -155.308089499961426, 19.682402937082099 ], [ -155.30916483137409, 19.680415377858285 ], [ -155.310908704094146, 19.680182960147587 ], [ -155.311342911075315, 19.679379870445985 ], [ -155.312342973594923, 19.6802116611873 ], [ -155.312302045020658, 19.681120906467335 ], [ -155.31403864293793, 19.680597281699519 ], [ -155.315162697635088, 19.681353101673992 ], [ -155.317367936459704, 19.681691008956541 ], [ -155.316292201270471, 19.682188327072208 ], [ -155.314313639071344, 19.682602325231446 ], [ -155.31386690858929, 19.683757252879623 ], [ -155.31426182137622, 19.683499982321898 ], [ -155.31455732210955, 19.683221107386053 ], [ -155.317240841254375, 19.682659550266035 ], [ -155.317858065773919, 19.682077214909803 ], [ -155.318601249462517, 19.681429264834932 ], [ -155.319722746676348, 19.680370373041217 ], [ -155.321197832483136, 19.680372085973104 ], [ -155.321161039300847, 19.681200275319533 ], [ -155.322303028791197, 19.680709305584173 ], [ -155.322352303766138, 19.679603293872496 ], [ -155.322353674607257, 19.678810590511802 ], [ -155.3235201900996, 19.67827121138756 ], [ -155.324103074186098, 19.678017767327812 ], [ -155.324246246254233, 19.677882719664773 ] ] ] } },
{ "type": "Feature", "properties": { "ID": 32, "GRIDCODE": 2 }, "geometry": { "type": "Polygon", "coordinates": [ [ [ -155.328573801227577, 19.676076602540402 ], [ -155.329728294276634, 19.676234243237104 ], [ -155.327794400219602, 19.677531928797286 ], [ -155.32782304560223, 19.677132579026324 ], [ -155.328573801227577, 19.676076602540402 ] ] ] } },
{ "type": "Feature", "properties": { "ID": 33, "GRIDCODE": 2 }, "geometry": { "type": "Polygon", "coordinates": [ [ [ -155.318310070453919, 19.67505423204468 ], [ -155.320701191081156, 19.675216684820207 ], [ -155.320476208845434, 19.675536934076799 ], [ -155.319260969821471, 19.675718183500557 ], [ -155.317676067940653, 19.676176256914435 ], [ -155.317453422176158, 19.675442662131641 ], [ -155.318197459644608, 19.675219506898959 ], [ -155.318310070453919, 19.67505423204468 ] ] ] } },
{ "type": "Feature", "properties": { "ID": 34, "GRIDCODE": 2 }, "geometry": { "type": "Polygon", "coordinates": [ [ [ -155.196932617310551, 19.672522288532228 ], [ -155.198484559711545, 19.672756843419002 ], [ -155.19850324547059, 19.67378511369645 ], [ -155.195892395201724, 19.674507611123786 ], [ -155.195846319814279, 19.675205713717993 ], [ -155.195868863167533, 19.676424096882275 ], [ -155.195799008582128, 19.677490660951456 ], [ -155.196356135486496, 19.678545149180604 ], [ -155.19531326368454, 19.678633772705737 ], [ -155.193612365097749, 19.677734738666331 ], [ -155.191836709735838, 19.678179926367758 ], [ -155.191493688067879, 19.678761770518516 ], [ -155.1910636207908, 19.679956000828099 ], [ -155.190061379631942, 19.679271053205134 ], [ -155.188446881930389, 19.679555496007243 ], [ -155.187731106802374, 19.679216779329831 ], [ -155.187221140512179, 19.678670995297477 ], [ -155.186452941413222, 19.678307637289965 ], [ -155.185980667495699, 19.677301977340832 ], [ -155.183662315108933, 19.677711489186631 ], [ -155.182486112852047, 19.678269238649904 ], [ -155.181931992232961, 19.675445567010318 ], [ -155.182469605408301, 19.673953939959357 ], [ -155.184201376887415, 19.673475135884825 ], [ -155.185881623294421, 19.672862539440349 ], [ -155.186441017042796, 19.674053474231936 ], [ -155.187050666493377, 19.673806361837894 ], [ -155.18867776627124, 19.673034292292158 ], [ -155.190266453426517, 19.674120483308858 ], [ -155.191329734770335, 19.673616044256129 ], [ -155.192203754868387, 19.673374525374523 ], [ -155.192732734167521, 19.672857149170422 ], [ -155.193605839224176, 19.672842902653713 ], [ -155.195565389796798, 19.673373955790701 ], [ -155.196792088737567, 19.672659918502276 ], [ -155.196932617310551, 19.672522288532228 ] ] ] } },
{ "type": "Feature", "properties": { "ID": 35, "GRIDCODE": 2 }, "geometry": { "type": "Polygon", "coordinates": [ [ [ -155.330901941113922, 19.674229487984682 ], [ -155.333315322755737, 19.674469412648325 ], [ -155.334192671820659, 19.674420464689209 ], [ -155.334452714787716, 19.674691698666418 ], [ -155.33370608695526, 19.675494822442676 ], [ -155.332150779127318, 19.674630642428397 ], [ -155.33103761366516, 19.674692468072024 ], [ -155.330901941113922, 19.674229487984682 ] ] ] } },
{ "type": "Feature", "properties": { "ID": 36, "GRIDCODE": 2 }, "geometry": { "type": "Polygon", "coordinates": [ [ [ -155.321209514779383, 19.673218980823631 ], [ -155.322050612614248, 19.673559238496129 ], [ -155.323828911860204, 19.673306769059408 ], [ -155.324742602358526, 19.673987905305307 ], [ -155.32540294525478, 19.674252283007778 ], [ -155.324731153604461, 19.674489373988649 ], [ -155.324480850615913, 19.674794572575383 ], [ -155.323992251938847, 19.675123435996852 ], [ -155.322742882997005, 19.674893238736175 ], [ -155.321569837392872, 19.675060038537346 ], [ -155.319923503751795, 19.674153188226693 ], [ -155.321084361709921, 19.673371577357244 ], [ -155.321209514779383, 19.673218980823631 ] ] ] } },
{ "type": "Feature", "properties": { "ID": 37, "GRIDCODE": 2 }, "geometry": { "type": "Polygon", "coordinates": [ [ [ -155.258103976026462, 19.671372641553532 ], [ -155.258602601651205, 19.671504890060529 ], [ -155.259496891700394, 19.672117721676116 ], [ -155.258731367013922, 19.673120174651633 ], [ -155.257702456756732, 19.672224619221296 ], [ -155.258103976026462, 19.671372641553532 ] ] ] } },
{ "type": "Feature", "properties": { "ID": 38, "GRIDCODE": 2 }, "geometry": { "type": "Polygon", "coordinates": [ [ [ -155.369212362323566, 19.673384757765355 ], [ -155.369317425901613, 19.67305698398739 ], [ -155.369562564533283, 19.673299059772592 ], [ -155.369212362323566, 19.673384757765355 ] ] ] } },
{ "type": "Feature", "properties": { "ID": 39, "GRIDCODE": 2 }, "geometry": { "type": "Polygon", "coordinates": [ [ [ -155.254137197419482, 19.669936570677233 ], [ -155.255114931330638, 19.67022367460422 ], [ -155.254066212038111, 19.671068740886174 ], [ -155.251396664408816, 19.671730868483625 ], [ -155.251857566265159, 19.670630636095421 ], [ -155.253845472171292, 19.670266426160925 ], [ -155.254137197419482, 19.669936570677233 ] ] ] } },
{ "type": "Feature", "properties": { "ID": 40, "GRIDCODE": 2 }, "geometry": { "type": "Polygon", "coordinates": [ [ [ -155.259588489830008, 19.668967645327395 ], [ -155.260128147196752, 19.669111052385556 ], [ -155.259694515023796, 19.670577434526223 ], [ -155.258323987920505, 19.670838551413794 ], [ -155.258179123492994, 19.670156235339569 ], [ -155.258878163956183, 19.669924996472226 ], [ -155.259588489830008, 19.668967645327395 ] ] ] } },
{ "type": "Feature", "properties": { "ID": 41, "GRIDCODE": 2 }, "geometry": { "type": "Polygon", "coordinates": [ [ [ -155.259428578324616, 19.663551089192424 ], [ -155.259636652271354, 19.663722474248839 ], [ -155.259534875359378, 19.664500618689846 ], [ -155.259558466672274, 19.664782344257258 ], [ -155.258761608976386, 19.665381858780837 ], [ -155.258059095653863, 19.666147741342208 ], [ -155.256410590923451, 19.665429309124619 ], [ -155.256979700988239, 19.665001091795567 ], [ -155.257319108628252, 19.663987377664167 ], [ -155.259295746635388, 19.663696074310781 ], [ -155.259428578324616, 19.663551089192424 ] ] ] } },
{ "type": "Feature", "properties": { "ID": 42, "GRIDCODE": 2 }, "geometry": { "type": "Polygon", "coordinates": [ [ [ -155.352568767597148, 19.663843957715656 ], [ -155.35410489231316, 19.664250792789847 ], [ -155.353486852215468, 19.665074871762393 ], [ -155.351795390337401, 19.665292149539884 ], [ -155.351269353093272, 19.665601835001386 ], [ -155.350640692520983, 19.665810040641894 ], [ -155.349751516914381, 19.666333323779629 ], [ -155.349402001557593, 19.665650565871871 ], [ -155.350538988245489, 19.665274008570847 ], [ -155.351191242483736, 19.664418388235848 ], [ -155.352448556057794, 19.664001704386155 ], [ -155.352568767597148, 19.663843957715656 ] ] ] } },
{ "type": "Feature", "properties": { "ID": 43, "GRIDCODE": 2 }, "geometry": { "type": "Polygon", "coordinates": [ [ [ -155.371443440469278, 19.663143762782926 ], [ -155.371093261703436, 19.663229468201141 ], [ -155.371338391064, 19.663471539812338 ], [ -155.371443440469278, 19.663143762782926 ], [ -155.372137590497346, 19.663347063520682 ], [ -155.371718645238474, 19.66413189060151 ], [ -155.371271890806355, 19.664069990655282 ], [ -155.370353468173221, 19.66438317174353 ], [ -155.36983772676291, 19.664311678493398 ], [ -155.368532356475924, 19.664756860537018 ], [ -155.365587820990299, 19.664090596326172 ], [ -155.366613072377987, 19.663346610527231 ], [ -155.367008251060781, 19.662898882868113 ], [ -155.368726682952456, 19.663241878237365 ], [ -155.371206160067118, 19.662850567409823 ], [ -155.371443440469278, 19.663143762782926 ] ] ] } },
{ "type": "Feature", "properties": { "ID": 44, "GRIDCODE": 2 }, "geometry": { "type": "Polygon", "coordinates": [ [ [ -155.361520413681347, 19.659694672345033 ], [ -155.36262128501906, 19.660025202726622 ], [ -155.362111115735587, 19.663044217299646 ], [ -155.362283869080358, 19.663351975287206 ], [ -155.363218262586116, 19.662331518205235 ], [ -155.362944213360407, 19.664433825038863 ], [ -155.361251445393719, 19.664684475691779 ], [ -155.359832306523771, 19.665224032581317 ], [ -155.359250082634958, 19.66515591877652 ], [ -155.358800594650489, 19.666498902354135 ], [ -155.357621057938587, 19.666955538317534 ], [ -155.35723683649411, 19.666497833097022 ], [ -155.356276328005578, 19.666079710468981 ], [ -155.356689529677112, 19.665428834725258 ], [ -155.356982809785961, 19.664824162118705 ], [ -155.358142057734341, 19.664375575622689 ], [ -155.358419803635996, 19.663544308951018 ], [ -155.358775104133514, 19.662985299373624 ], [ -155.359311673499576, 19.663048258188816 ], [ -155.360763895258799, 19.662006861338963 ], [ -155.361108892764577, 19.660668094558261 ], [ -155.361520413681347, 19.659694672345033 ] ] ] } },
{ "type": "Feature", "properties": { "ID": 45, "GRIDCODE": 2 }, "geometry": { "type": "Polygon", "coordinates": [ [ [ -155.380892992154259, 19.649529342995443 ], [ -155.381334298090337, 19.649658512288365 ], [ -155.381570795285853, 19.65050891988524 ], [ -155.382014855627034, 19.650465789781197 ], [ -155.383185364004191, 19.650627618765672 ], [ -155.383784814990634, 19.651369286032221 ], [ -155.382773356852681, 19.652624387344314 ], [ -155.383550055848929, 19.652953016389144 ], [ -155.383480861028261, 19.653400483044283 ], [ -155.382333190928705, 19.654234112010702 ], [ -155.382369250835922, 19.654566857177578 ], [ -155.382279146574007, 19.655150039734902 ], [ -155.38128218905743, 19.655012052682132 ], [ -155.380667275732691, 19.656897132729661 ], [ -155.379823387648912, 19.657944110288785 ], [ -155.37846355853145, 19.658282804320269 ], [ -155.377985386177954, 19.658824582038665 ], [ -155.377377529421608, 19.659052871665672 ], [ -155.377116399983919, 19.659348426794772 ], [ -155.376681244627378, 19.659664524586102 ], [ -155.375680929090237, 19.659526170970278 ], [ -155.374880910016458, 19.660432051359049 ], [ -155.373936227223624, 19.660301419514241 ], [ -155.373220316841184, 19.660371019239729 ], [ -155.372210544160708, 19.66023139755367 ], [ -155.371427109578747, 19.661118561646088 ], [ -155.369757469602291, 19.661335138256078 ], [ -155.368797929732466, 19.660774357068355 ], [ -155.367629685826415, 19.660510170860899 ], [ -155.367319994006323, 19.658998473368822 ], [ -155.36645481343524, 19.658312971807042 ], [ -155.367430219279015, 19.65806995326507 ], [ -155.367733747680745, 19.657726104485885 ], [ -155.369712691553673, 19.658121142027177 ], [ -155.370028575444962, 19.65745160329995 ], [ -155.371384924423893, 19.657639212664201 ], [ -155.372260379211525, 19.657175269442529 ], [ -155.373172722519797, 19.656832607196495 ], [ -155.374302831513717, 19.656013230722017 ], [ -155.375844802693848, 19.655168058217651 ], [ -155.375763894750662, 19.654423088224874 ], [ -155.376387348588651, 19.653649244757212 ], [ -155.376946228531551, 19.652818318692727 ], [ -155.377938204520007, 19.651587712378642 ], [ -155.379018506893033, 19.650995422889849 ], [ -155.379398785216409, 19.650189434234335 ], [ -155.380762439614642, 19.649677125050516 ], [ -155.380892992154259, 19.649529342995443 ] ] ] } },
{ "type": "Feature", "properties": { "ID": 46, "GRIDCODE": 2 }, "geometry": { "type": "Polygon", "coordinates": [ [ [ -155.36575681938146, 19.64922370765257 ], [ -155.366272011027405, 19.649441111755355 ], [ -155.366931104852853, 19.649315136619116 ], [ -155.366705677720773, 19.650180792423271 ], [ -155.364989745767247, 19.650401425460092 ], [ -155.363745848546216, 19.651342414648123 ], [ -155.362923168491903, 19.651149968258391 ], [ -155.362475151194218, 19.650206182443689 ], [ -155.363922129947468, 19.649885494469501 ], [ -155.363823726053397, 19.649423811556751 ], [ -155.365334746570767, 19.649776894127797 ], [ -155.36575681938146, 19.64922370765257 ] ] ] } },
{ "type": "Feature", "properties": { "ID": 47, "GRIDCODE": 2 }, "geometry": { "type": "Polygon", "coordinates": [ [ [ -155.378650812703427, 19.647589320995799 ], [ -155.379018393617088, 19.647870064658825 ], [ -155.378213095696339, 19.64881604535887 ], [ -155.37788539740373, 19.649045233048799 ], [ -155.377434303512558, 19.649575399371873 ], [ -155.376679783105715, 19.649850430093394 ], [ -155.376819146929364, 19.650899783061419 ], [ -155.375397203074101, 19.651794710801585 ], [ -155.374783885071736, 19.652515093940277 ], [ -155.373013213014644, 19.653133592177085 ], [ -155.371979223438728, 19.65270825939735 ], [ -155.372470829194725, 19.651594200309628 ], [ -155.372406906890461, 19.651111803254913 ], [ -155.372782245736317, 19.649981119127482 ], [ -155.37213050160878, 19.649482884399013 ], [ -155.373464288206065, 19.648586995300409 ], [ -155.376015600713004, 19.647894095691122 ], [ -155.376499342471561, 19.647972056032735 ], [ -155.377215559781177, 19.647886316409437 ], [ -155.378107988279567, 19.648029877911849 ], [ -155.378522995799329, 19.647739535627458 ], [ -155.378650812703427, 19.647589320995799 ] ] ] } },
{ "type": "Feature", "properties": { "ID": 48, "GRIDCODE": 2 }, "geometry": { "type": "Polygon", "coordinates": [ [ [ -155.289558933889225, 19.645500375200296 ], [ -155.289453744129872, 19.645828079753827 ], [ -155.289208780243769, 19.645585919865923 ], [ -155.289558933889225, 19.645500375200296 ] ] ] } },
{ "type": "Feature", "properties": { "ID": 49, "GRIDCODE": 2 }, "geometry": { "type": "Polygon", "coordinates": [ [ [ -155.388372940619462, 19.647243683048242 ], [ -155.389082081895936, 19.647423950412463 ], [ -155.389781520419092, 19.647289974855813 ], [ -155.389607532284316, 19.647957392698419 ], [ -155.390139614995292, 19.648768003858457 ], [ -155.389580929005064, 19.649544002351934 ], [ -155.389234916807879, 19.650367098443827 ], [ -155.387703109652961, 19.650589011934986 ], [ -155.388222467946321, 19.648754311503989 ], [ -155.388372940619462, 19.647243683048242 ] ] ] } },
{ "type": "Feature", "properties": { "ID": 50, "GRIDCODE": 2 }, "geometry": { "type": "Polygon", "coordinates": [ [ [ -155.370678786823817, 19.646345667987624 ], [ -155.371347955480445, 19.646936778035034 ], [ -155.369900434828423, 19.647530852089403 ], [ -155.370294387217427, 19.647878759101129 ], [ -155.371419746641863, 19.647838054357774 ], [ -155.37129478248832, 19.649299200794481 ], [ -155.36989760880644, 19.650431963313739 ], [ -155.369629353771813, 19.648888327462526 ], [ -155.369279965149275, 19.648246576994769 ], [ -155.369404208574309, 19.646793350020701 ], [ -155.370540586967735, 19.646485885528815 ], [ -155.370678786823817, 19.646345667987624 ] ] ] } },
{ "type": "Feature", "properties": { "ID": 51, "GRIDCODE": 2 }, "geometry": { "type": "Polygon", "coordinates": [ [ [ -155.289558933889225, 19.645500375200296 ], [ -155.289794663265212, 19.64476169828399 ], [ -155.291153055371041, 19.644022942639449 ], [ -155.291448802036228, 19.644070811930014 ], [ -155.291825356574009, 19.644025984684475 ], [ -155.292908529792953, 19.644675850295659 ], [ -155.293704162533061, 19.64458125132721 ], [ -155.293207480967197, 19.645239746947805 ], [ -155.292567053781795, 19.64513639487112 ], [ -155.291707631358918, 19.645238658458826 ], [ -155.290750876731835, 19.645084627047165 ], [ -155.289558933889225, 19.645500375200296 ] ] ] } },
{ "type": "Feature", "properties": { "ID": 52, "GRIDCODE": 2 }, "geometry": { "type": "Polygon", "coordinates": [ [ [ -155.334916720106776, 19.661048274478677 ], [ -155.334631123598228, 19.661042443240348 ], [ -155.334624967847788, 19.66131299666095 ], [ -155.333973216162946, 19.661408064797175 ], [ -155.334457991236576, 19.661661417039358 ], [ -155.334624967847788, 19.66131299666095 ], [ -155.334910564833365, 19.661318827985955 ], [ -155.334916720106776, 19.661048274478677 ], [ -155.335636517758161, 19.660930272789141 ], [ -155.33592280997081, 19.660660150463883 ], [ -155.336220016963864, 19.660400823719279 ], [ -155.336506307260521, 19.660130700140559 ], [ -155.336815226214384, 19.659871611133561 ], [ -155.336761385949558, 19.661085927465241 ], [ -155.336760879877914, 19.66177081056659 ], [ -155.338349103751369, 19.661772551908189 ], [ -155.338845458657346, 19.660853799235745 ], [ -155.339938917951997, 19.660206004307661 ], [ -155.340802540381191, 19.659676962007506 ], [ -155.341736470188181, 19.659270942297926 ], [ -155.343564446879981, 19.658887886175471 ], [ -155.344096863068984, 19.657902970401413 ], [ -155.345141048868925, 19.65760517465268 ], [ -155.345712914305693, 19.657340846588106 ], [ -155.34675709495292, 19.65704304034238 ], [ -155.347165415960148, 19.656287675565466 ], [ -155.347808052624799, 19.655165680288029 ], [ -155.348498617397155, 19.654563287880141 ], [ -155.349392764538067, 19.653718931768452 ], [ -155.350950968989252, 19.653392423642799 ], [ -155.352066921522663, 19.652708254131802 ], [ -155.352950632944953, 19.653162363661334 ], [ -155.353532980009732, 19.653444873531441 ], [ -155.353496514750049, 19.65426728633555 ], [ -155.352540317274816, 19.654229362242521 ], [ -155.353186047204304, 19.656149950888089 ], [ -155.353101661319045, 19.65805385952228 ], [ -155.34951264130197, 19.657911399630351 ], [ -155.348544300107676, 19.658359322505937 ], [ -155.348543876677837, 19.658895127647373 ], [ -155.34940111837119, 19.658498606917025 ], [ -155.35104317272905, 19.658266592438885 ], [ -155.351681342269842, 19.658746120149019 ], [ -155.349367019259489, 19.659313926476461 ], [ -155.348804727164406, 19.659845178173654 ], [ -155.347365141782632, 19.660081289001905 ], [ -155.347078866744823, 19.660351432871334 ], [ -155.346489614800163, 19.660865209455103 ], [ -155.346489042468306, 19.661284173213648 ], [ -155.346459259120735, 19.661957628383416 ], [ -155.346972233841456, 19.662445198247678 ], [ -155.345875779758671, 19.662757796934478 ], [ -155.345248621904119, 19.66304769506484 ], [ -155.343587606025778, 19.662981882695348 ], [ -155.343269511935745, 19.662981482526632 ], [ -155.342081728861842, 19.663530891857722 ], [ -155.338158958667492, 19.662870425026831 ], [ -155.337870373647689, 19.663143147454985 ], [ -155.337135607499107, 19.66276548658491 ], [ -155.335560663383802, 19.663847778698095 ], [ -155.335584518580106, 19.664442755673257 ], [ -155.336709156968794, 19.663922503515789 ], [ -155.337545465151692, 19.664694248535589 ], [ -155.336109946340827, 19.664994840926116 ], [ -155.334751187452071, 19.66540457294111 ], [ -155.335507482190053, 19.666872009329182 ], [ -155.335184949696867, 19.66743427246745 ], [ -155.336628683203088, 19.667435993929072 ], [ -155.337776191291056, 19.667481618469974 ], [ -155.338364026068177, 19.666394240479779 ], [ -155.339644023564972, 19.664956457283086 ], [ -155.342411003621095, 19.664587283341685 ], [ -155.343218653899783, 19.664213842893624 ], [ -155.344408610218323, 19.664454045858719 ], [ -155.342786774359524, 19.665414913462271 ], [ -155.341961558637678, 19.665381971791607 ], [ -155.340557453389863, 19.665380575373668 ], [ -155.339777342698596, 19.6664571692443 ], [ -155.339208548080393, 19.666952828902279 ], [ -155.338429589619182, 19.668027058923659 ], [ -155.33794504995393, 19.668007655933689 ], [ -155.336323924166663, 19.668394596650323 ], [ -155.337640995691714, 19.669033681781777 ], [ -155.336582683694871, 19.669335362097343 ], [ -155.335411915501368, 19.670139619109971 ], [ -155.332868741765253, 19.670038497970214 ], [ -155.332406698843272, 19.670893428457259 ], [ -155.331127026982529, 19.670842420596372 ], [ -155.329385847356633, 19.67203834153133 ], [ -155.328219577069746, 19.672545260349168 ], [ -155.32821883122881, 19.673140788223936 ], [ -155.327054309142511, 19.673472745006009 ], [ -155.327347111170781, 19.673750737761853 ], [ -155.327018564304154, 19.674012045773836 ], [ -155.325921917132774, 19.673448237792886 ], [ -155.324779932764869, 19.673159458683141 ], [ -155.324220579757906, 19.672872036853864 ], [ -155.323318794575016, 19.672574160505039 ], [ -155.322239824936929, 19.672019418215825 ], [ -155.321517842434019, 19.671668916577364 ], [ -155.320590529270532, 19.672097945429563 ], [ -155.317043002796822, 19.674354181380941 ], [ -155.315888896953652, 19.674595873553216 ], [ -155.314682322379923, 19.674959657848675 ], [ -155.313892423949483, 19.674553278745396 ], [ -155.313031648936487, 19.674951117563715 ], [ -155.312157323699012, 19.675331227315244 ], [ -155.311873915842398, 19.675472632771623 ], [ -155.31316000444707, 19.676096717771518 ], [ -155.312371918801063, 19.676439479293006 ], [ -155.31085023988598, 19.676378587801899 ], [ -155.309943338612385, 19.676377645320265 ], [ -155.307730104148959, 19.674713885940434 ], [ -155.307300560203316, 19.675508339463335 ], [ -155.30417231104451, 19.674880373828856 ], [ -155.304755469269821, 19.674372189023753 ], [ -155.304756161905146, 19.674098888189118 ], [ -155.304780490723942, 19.673549587121318 ], [ -155.303914356803318, 19.673548398568627 ], [ -155.30334338834075, 19.67352579765366 ], [ -155.303037564592643, 19.67352531132644 ], [ -155.30247680319917, 19.674054569338306 ], [ -155.299942549491362, 19.674295195700502 ], [ -155.301607544340811, 19.674845229138864 ], [ -155.300574976643162, 19.675456209761368 ], [ -155.299246591648341, 19.674562877510102 ], [ -155.298323421554841, 19.67437228404766 ], [ -155.29823338367251, 19.674040546872664 ], [ -155.297977469091194, 19.67427236709625 ], [ -155.298323421554841, 19.67437228404766 ], [ -155.298576014095886, 19.67467327699552 ], [ -155.299219601998715, 19.675202784250107 ], [ -155.29852559220538, 19.675725313420749 ], [ -155.298045943197963, 19.67515345825306 ], [ -155.297528339479271, 19.674727520040314 ], [ -155.294763747242769, 19.674936883815452 ], [ -155.293571656285678, 19.675712636174293 ], [ -155.293418257001406, 19.676436361297956 ], [ -155.292766444917589, 19.676531265482954 ], [ -155.293251176317227, 19.676784725843888 ], [ -155.293418257001406, 19.676436361297956 ], [ -155.29416004871004, 19.676602616718338 ], [ -155.294705213453597, 19.67604927862028 ], [ -155.29647320028235, 19.675324528367657 ], [ -155.297277544428368, 19.676022564561773 ], [ -155.295835202890913, 19.676613954056041 ], [ -155.295309313304074, 19.677639251003573 ], [ -155.292091099064152, 19.677889947016677 ], [ -155.291799086650684, 19.678186033928334 ], [ -155.290380126097375, 19.678076339648026 ], [ -155.287637582004578, 19.678174494710795 ], [ -155.286880947624127, 19.678942024900987 ], [ -155.285127956394291, 19.67845796389172 ], [ -155.283831942238692, 19.6790908684487 ], [ -155.283459238178921, 19.679062000461911 ], [ -155.282938620953757, 19.677922289659222 ], [ -155.282385129316111, 19.677432923818856 ], [ -155.282411848078141, 19.677121841089615 ], [ -155.28176320922023, 19.676547769093137 ], [ -155.280090516181247, 19.676020393922169 ], [ -155.279589892562655, 19.675465772924472 ], [ -155.279108814757961, 19.675200460307522 ], [ -155.277839614038783, 19.676001722211499 ], [ -155.277073054259688, 19.675942466499187 ], [ -155.275883305824834, 19.675118199757577 ], [ -155.275238880924206, 19.674821733013179 ], [ -155.273959256667069, 19.674867319821161 ], [ -155.273325415160457, 19.674523753220996 ], [ -155.272607562288812, 19.674193241236843 ], [ -155.27161674610764, 19.674275208905975 ], [ -155.272177846184235, 19.674771368186363 ], [ -155.272151911642965, 19.675071890154811 ], [ -155.271327981363868, 19.675008246661427 ], [ -155.270650053228309, 19.675339356876936 ], [ -155.268829561021562, 19.674931190419876 ], [ -155.26843223708039, 19.676061350226508 ], [ -155.268117674559448, 19.676582388020389 ], [ -155.268139174473475, 19.677123368430696 ], [ -155.267582918032417, 19.677573825116575 ], [ -155.267880235665928, 19.678470503093834 ], [ -155.269140156983241, 19.677855474355198 ], [ -155.270730583786104, 19.678294806819512 ], [ -155.271214854672507, 19.678831400110447 ], [ -155.272500736490372, 19.678203669869482 ], [ -155.275907316714211, 19.677674419911018 ], [ -155.277115843699136, 19.677084430355197 ], [ -155.278271134511414, 19.677710264144043 ], [ -155.279449222615256, 19.679016136400591 ], [ -155.280119495648535, 19.678992240329777 ], [ -155.281194880230998, 19.679575167177809 ], [ -155.28180259952029, 19.679553404304404 ], [ -155.281093821055748, 19.680639612532225 ], [ -155.279854161769379, 19.67996816525454 ], [ -155.27947696802579, 19.680350744946065 ], [ -155.278884221615954, 19.680593783109607 ], [ -155.278607041105175, 19.68087482128173 ], [ -155.278002016696036, 19.680828169115983 ], [ -155.278030407148265, 19.681531060819527 ], [ -155.277971692606172, 19.682211527703512 ], [ -155.279827973881311, 19.682525202099335 ], [ -155.280528757720191, 19.683620550880448 ], [ -155.281484539648176, 19.683922139560114 ], [ -155.283132908623344, 19.683863270301156 ], [ -155.283076496704808, 19.684517357159741 ], [ -155.28191934235258, 19.684428081179689 ], [ -155.281945088447429, 19.685076998005634 ], [ -155.279297655519457, 19.685474341152869 ], [ -155.278405760896305, 19.684485772414074 ], [ -155.277383554914422, 19.683581721799854 ], [ -155.277431651899633, 19.68302262306733 ], [ -155.277051067700199, 19.682465727227076 ], [ -155.276250931145768, 19.683277233554421 ], [ -155.275259821034183, 19.683200615068188 ], [ -155.274294047854227, 19.683235003641148 ], [ -155.273834126028561, 19.683067912999672 ], [ -155.273744139344075, 19.682736171173779 ], [ -155.273488179607568, 19.682967948213847 ], [ -155.273834126028561, 19.683067912999672 ], [ -155.273538487189114, 19.683928477096181 ], [ -155.27256592607182, 19.682810278051353 ], [ -155.270554396122776, 19.682333123346233 ], [ -155.26961052998837, 19.681808113717835 ], [ -155.268564764352874, 19.681706534141831 ], [ -155.268612214848503, 19.682476162204669 ], [ -155.267617108672198, 19.681922851834294 ], [ -155.266124501612097, 19.682005175176062 ], [ -155.265256541080532, 19.681264455188447 ], [ -155.263680520232384, 19.679339110334823 ], [ -155.262951584792091, 19.678717049895234 ], [ -155.262536885200149, 19.677781445920321 ], [ -155.261803175944976, 19.677821927831481 ], [ -155.25987304820373, 19.676464334960535 ], [ -155.259805413932185, 19.677093321848727 ], [ -155.260652286470901, 19.678067014619849 ], [ -155.261535479933229, 19.678462605822435 ], [ -155.261475060538316, 19.67902143592066 ], [ -155.261500218533115, 19.679427952407657 ], [ -155.261459830093514, 19.67979715544686 ], [ -155.263176498272486, 19.679702356183238 ], [ -155.263511545786571, 19.681328549835349 ], [ -155.262960191237312, 19.681759002008935 ], [ -155.263437399766076, 19.682166215346459 ], [ -155.263401176876357, 19.682500351770411 ], [ -155.264622757337065, 19.682433024039966 ], [ -155.264509845923669, 19.683474201367652 ], [ -155.265945642388687, 19.683916440707595 ], [ -155.265034850975354, 19.684130866707168 ], [ -155.264252464427898, 19.684055097997614 ], [ -155.264219062354357, 19.684363918932448 ], [ -155.264522887842588, 19.68490760744416 ], [ -155.264062463768681, 19.685267268252368 ], [ -155.265067780877729, 19.685717463704542 ], [ -155.265345027205626, 19.686035927125577 ], [ -155.266292812320046, 19.685983505804831 ], [ -155.267472614459393, 19.686346925260111 ], [ -155.266467469575304, 19.686850672105969 ], [ -155.266174554716599, 19.686822369967739 ], [ -155.26574537055518, 19.686845943408841 ], [ -155.265317695331049, 19.68680452486408 ], [ -155.264888511465443, 19.686828096236599 ], [ -155.264460836881369, 19.686786675686914 ], [ -155.263556082353603, 19.686836547062224 ], [ -155.262756985358493, 19.685918040469716 ], [ -155.26218473825918, 19.685949725167116 ], [ -155.261797160505182, 19.685503935377557 ], [ -155.261345669836629, 19.685118662844889 ], [ -155.261067256008772, 19.684490654294962 ], [ -155.260363482133357, 19.683890251592128 ], [ -155.259760642964324, 19.683197590734096 ], [ -155.259258924596793, 19.683148799975509 ], [ -155.258524076514902, 19.683189241009288 ], [ -155.25682619078674, 19.682859096340824 ], [ -155.256495162765191, 19.68247844302789 ], [ -155.254986353861227, 19.682561654925383 ], [ -155.254416145214748, 19.682506398753311 ], [ -155.253728804061382, 19.682544112051307 ], [ -155.253139273214771, 19.682216202988908 ], [ -155.25092193658304, 19.682935320290909 ], [ -155.24968974635317, 19.683003123817326 ], [ -155.248533190332239, 19.682890916710512 ], [ -155.248566347512451, 19.683431605215173 ], [ -155.247128918749667, 19.682631846134292 ], [ -155.246273583130744, 19.68290918374187 ], [ -155.245093467799506, 19.683137162191965 ], [ -155.24565222953305, 19.684137130910308 ], [ -155.245084706186418, 19.683966924243656 ], [ -155.244262179133017, 19.683388297078633 ], [ -155.2433900098668, 19.683119459699292 ], [ -155.242239970818872, 19.682226831895669 ], [ -155.242292124021958, 19.683076370097318 ], [ -155.240889998579888, 19.682654479807631 ], [ -155.240528428808744, 19.681839160468897 ], [ -155.239698727829335, 19.681377720497167 ], [ -155.237896017073609, 19.681476827676661 ], [ -155.236704931420576, 19.680814053421742 ], [ -155.235293594016241, 19.681646353487995 ], [ -155.235714625140758, 19.682399757218246 ], [ -155.23568413684788, 19.682677173122642 ], [ -155.235729441966782, 19.683412381888669 ], [ -155.235217911070663, 19.683950618638683 ], [ -155.234371190272384, 19.682976826178393 ], [ -155.232167282451229, 19.682548076685336 ], [ -155.231406071370827, 19.680831507091487 ], [ -155.230601223297924, 19.680144565990521 ], [ -155.23025245036888, 19.679357255510226 ], [ -155.229198598484629, 19.679032467349842 ], [ -155.228714126479815, 19.677939667247522 ], [ -155.228361307716625, 19.67818281463224 ], [ -155.227947368366955, 19.679747811090401 ], [ -155.226416999575093, 19.680109968730132 ], [ -155.22553172772291, 19.679617169390223 ], [ -155.225189760741642, 19.680301405397682 ], [ -155.223734713766788, 19.680521339637647 ], [ -155.222099710241224, 19.680823371004458 ], [ -155.22147115497728, 19.680473664918157 ], [ -155.220884652474183, 19.680210743268866 ], [ -155.220637221799848, 19.679363972307101 ], [ -155.219063911088398, 19.68015228144364 ], [ -155.218561104124433, 19.679866536640194 ], [ -155.218662218031625, 19.678935926673997 ], [ -155.218607011049244, 19.67803162340725 ], [ -155.219228765980461, 19.677719895817624 ], [ -155.219891806278099, 19.677456082592901 ], [ -155.22039017928671, 19.676932418025928 ], [ -155.22245452756593, 19.676620408987393 ], [ -155.224040518221386, 19.674623379794834 ], [ -155.224758177841437, 19.674337964484469 ], [ -155.225985361117466, 19.673551826673346 ], [ -155.226486493655585, 19.673813726616228 ], [ -155.226369668631037, 19.674893088421829 ], [ -155.227097287225035, 19.674635096674763 ], [ -155.228214130367604, 19.673460993293936 ], [ -155.229365558483437, 19.672810941801984 ], [ -155.22974316546788, 19.6724142183803 ], [ -155.231256419220415, 19.671444803303547 ], [ -155.231992488407911, 19.671516297124811 ], [ -155.231943546587047, 19.670722336384895 ], [ -155.232618890751723, 19.670383926887872 ], [ -155.233695151006629, 19.670488458219811 ], [ -155.2344103688242, 19.670449285979707 ], [ -155.234980516874828, 19.670504597803696 ], [ -155.235715294588601, 19.670464244861162 ], [ -155.23745963583238, 19.670803733780819 ], [ -155.237949830955557, 19.671367218379121 ], [ -155.238536342015578, 19.671630083580062 ], [ -155.239516386132976, 19.672175288157913 ], [ -155.240569669769087, 19.672500000093191 ], [ -155.24126312753873, 19.673297689454238 ], [ -155.244789618549191, 19.673891708472922 ], [ -155.248192049428496, 19.673704395731921 ], [ -155.249047307966777, 19.673787300946465 ], [ -155.251738974178551, 19.673638977865036 ], [ -155.253602975609482, 19.674332094586116 ], [ -155.254755838989183, 19.673593349338486 ], [ -155.255639639581091, 19.673361225264461 ], [ -155.256525280125572, 19.673073892638826 ], [ -155.258759551034558, 19.673444286682148 ], [ -155.258250375879584, 19.673909703048885 ], [ -155.257472546598592, 19.673952421114222 ], [ -155.25591513673703, 19.673801247014026 ], [ -155.256220227867317, 19.674600563781571 ], [ -155.258186901580899, 19.674791726887534 ], [ -155.259898398988781, 19.674532702803418 ], [ -155.261098821929977, 19.67376371461356 ], [ -155.263229142390344, 19.673204131869642 ], [ -155.264524448489539, 19.672193126947811 ], [ -155.265575257659179, 19.671087946147669 ], [ -155.26710573551992, 19.67143776983211 ], [ -155.2679598668457, 19.671160557496883 ], [ -155.268560114457387, 19.67121876890371 ], [ -155.268196379061237, 19.669840971772111 ], [ -155.268712129182177, 19.669812578022352 ], [ -155.269699912326416, 19.669908446981527 ], [ -155.269999549311251, 19.669308061667362 ], [ -155.270437203919698, 19.669350462950259 ], [ -155.270875843055876, 19.669326274975639 ], [ -155.271341697859441, 19.669861953082233 ], [ -155.271756237148679, 19.668540770988731 ], [ -155.27127182066701, 19.667674043931552 ], [ -155.272100348570774, 19.66775443006463 ], [ -155.273783867053908, 19.666675282824375 ], [ -155.27480645685543, 19.667244185728467 ], [ -155.275308304372004, 19.666947989878857 ], [ -155.275779604034199, 19.666452388766732 ], [ -155.276928048732771, 19.665995152391176 ], [ -155.276962794754382, 19.665674986747103 ], [ -155.276929810649335, 19.665146452205292 ], [ -155.277249424592128, 19.665128764560155 ], [ -155.278788429264523, 19.665278040094584 ], [ -155.279685006381015, 19.664828248632112 ], [ -155.2804178047015, 19.665235691708219 ], [ -155.281861655820734, 19.665155915912507 ], [ -155.281742481903507, 19.666256994414489 ], [ -155.283033724029707, 19.666382334994751 ], [ -155.284094887801473, 19.666103510250135 ], [ -155.285130916041624, 19.665583623962412 ], [ -155.287089231090079, 19.665942658999548 ], [ -155.287509953989456, 19.666695434893448 ], [ -155.287761413532792, 19.6672620610453 ], [ -155.28834802201024, 19.667524773977743 ], [ -155.288476871269751, 19.667672817251077 ], [ -155.288126666997613, 19.667758351703512 ], [ -155.288371656736217, 19.66800051781998 ], [ -155.288476871269751, 19.667672817251077 ], [ -155.2894818978167, 19.667117901808272 ], [ -155.29170728788128, 19.666349779276519 ], [ -155.292354149416354, 19.665716604743718 ], [ -155.293805948417059, 19.66580130673087 ], [ -155.29526249834322, 19.665776664271263 ], [ -155.295825637426759, 19.664706665937295 ], [ -155.296128362244531, 19.664452816585936 ], [ -155.296932770824071, 19.663665334433624 ], [ -155.298063552093595, 19.665406518862223 ], [ -155.296432560948659, 19.666488854617089 ], [ -155.296068476096309, 19.667056778569631 ], [ -155.298059332848709, 19.667459455996266 ], [ -155.298778876370136, 19.667839597109655 ], [ -155.299790047184388, 19.667210469568339 ], [ -155.29977781200526, 19.666552836241134 ], [ -155.299808273652815, 19.666077147155882 ], [ -155.302213634625502, 19.665246512957356 ], [ -155.30299026979489, 19.663771704273699 ], [ -155.303299192501726, 19.663247296887999 ], [ -155.303659805571982, 19.662561655806766 ], [ -155.305207535471112, 19.661261571240431 ], [ -155.305882878169257, 19.66060011145915 ], [ -155.306626703120997, 19.660286063449909 ], [ -155.309502932595933, 19.661063663887127 ], [ -155.309937447728061, 19.659854566717144 ], [ -155.310525730130507, 19.65960655790229 ], [ -155.311501706501588, 19.658999358927488 ], [ -155.312067412516711, 19.658445315007743 ], [ -155.312908824307328, 19.65888949070942 ], [ -155.314960389071871, 19.656880672983853 ], [ -155.315710821204959, 19.657276974537947 ], [ -155.316496369088441, 19.657553194671156 ], [ -155.317650478262777, 19.655938280275777 ], [ -155.318592313571259, 19.655993014275783 ], [ -155.319483327380766, 19.65543873877002 ], [ -155.320756756292695, 19.655512681442104 ], [ -155.321838659005607, 19.655494140538448 ], [ -155.322918597234263, 19.654436726158213 ], [ -155.323702934517854, 19.654105717474604 ], [ -155.324107177622523, 19.653337383612257 ], [ -155.324097929274018, 19.652837605327409 ], [ -155.324437457609037, 19.65231298182518 ], [ -155.324959893669956, 19.652870579189575 ], [ -155.3255278148402, 19.652314413505959 ], [ -155.326132582306712, 19.651806314903922 ], [ -155.326546065570511, 19.650656200245251 ], [ -155.327635210640722, 19.650196066138733 ], [ -155.328355501790838, 19.649490748007793 ], [ -155.328942956964056, 19.647855163026968 ], [ -155.330278376331705, 19.646748193972236 ], [ -155.330798098434542, 19.647302811631892 ], [ -155.3316584794226, 19.647036490049747 ], [ -155.33252043895294, 19.646823327450335 ], [ -155.331937894680863, 19.647312875050115 ], [ -155.331657082017273, 19.647588392212729 ], [ -155.330098739863445, 19.648020994009837 ], [ -155.330947767098166, 19.648646044677459 ], [ -155.333627356183399, 19.646978621264857 ], [ -155.337089192712597, 19.647179303941666 ], [ -155.338227430693877, 19.647159954053674 ], [ -155.338510733277161, 19.64746231457309 ], [ -155.339958498986988, 19.64639376757356 ], [ -155.341325025170846, 19.645486382962741 ], [ -155.341959137714838, 19.646362621941758 ], [ -155.340797278838494, 19.64668523819897 ], [ -155.340812952358704, 19.647494427907926 ], [ -155.340177522008361, 19.648028394012179 ], [ -155.341977562971465, 19.648329664446273 ], [ -155.34280051478973, 19.647523805899443 ], [ -155.34372728585609, 19.647577566210291 ], [ -155.3453977041315, 19.645941475404825 ], [ -155.347288576315577, 19.646051042847503 ], [ -155.348282683595187, 19.645743211089211 ], [ -155.348837339646877, 19.646335237756102 ], [ -155.349717681119046, 19.6463200874779 ], [ -155.350397924470485, 19.645653765649886 ], [ -155.351513986873755, 19.644715564324919 ], [ -155.355067806288019, 19.644921463741522 ], [ -155.355403772974341, 19.645635654486593 ], [ -155.355688512509431, 19.646172226453235 ], [ -155.355980296913714, 19.646792208298915 ], [ -155.355866842635152, 19.648552791256478 ], [ -155.35424169475553, 19.649004081548821 ], [ -155.353895029354561, 19.649675868733212 ], [ -155.355669156115511, 19.64964526302122 ], [ -155.356452048158019, 19.649819486945837 ], [ -155.353887514121453, 19.651315679506766 ], [ -155.35300932147581, 19.650716565306176 ], [ -155.352375266413247, 19.651017987910787 ], [ -155.350931280671347, 19.650934464166454 ], [ -155.348699642689297, 19.651995891385333 ], [ -155.347540256511849, 19.652232423635876 ], [ -155.347253324433865, 19.652778525545376 ], [ -155.346630401690817, 19.653597460906571 ], [ -155.346645372868437, 19.654389457670934 ], [ -155.346044858592251, 19.655179504034177 ], [ -155.34519760293125, 19.656366582698666 ], [ -155.342866536869565, 19.656738884851752 ], [ -155.342008394976659, 19.657273338790883 ], [ -155.339986045538694, 19.657762911343202 ], [ -155.339419630248869, 19.658032617375909 ], [ -155.338831381638329, 19.658280729214646 ], [ -155.335927316747217, 19.659750400050417 ], [ -155.334916720106776, 19.661048274478677 ] ] ] } },
{ "type": "Feature", "properties": { "ID": 53, "GRIDCODE": 2 }, "geometry": { "type": "Polygon", "coordinates": [ [ [ -155.751153643833476, 20.172147965340436 ], [ -155.751014593928375, 20.170669562166413 ], [ -155.749962792591703, 20.170629758648754 ], [ -155.749433264521855, 20.172519655590722 ], [ -155.749213551039048, 20.172122804102262 ], [ -155.748492307085002, 20.170646060980502 ], [ -155.747918927576592, 20.170060088045073 ], [ -155.747604389898129, 20.170319740886232 ], [ -155.747042843747948, 20.170850341920648 ], [ -155.745630080790249, 20.170851426639519 ], [ -155.744429716805456, 20.170239291995937 ], [ -155.742737214439217, 20.170240461235572 ], [ -155.742736704411698, 20.169726035343018 ], [ -155.743080219596692, 20.167533007956788 ], [ -155.743079474211044, 20.166746760263127 ], [ -155.743406213323226, 20.165899682084376 ], [ -155.743405762155049, 20.165368730994921 ], [ -155.743726274125208, 20.164025760356562 ], [ -155.7440411344692, 20.162401743917034 ], [ -155.744638904534952, 20.159895721927835 ], [ -155.744716133848641, 20.158077189193332 ], [ -155.743883899419217, 20.156475167059519 ], [ -155.743881953278958, 20.154154501413181 ], [ -155.744809129011003, 20.151626145996698 ], [ -155.745723733837053, 20.150404153343285 ], [ -155.745391333581125, 20.149164775458011 ], [ -155.744018308890503, 20.149675602855314 ], [ -155.744018740061904, 20.149951659213684 ], [ -155.743688251066402, 20.150239835380063 ], [ -155.742565700764146, 20.152319954385959 ], [ -155.741939330799539, 20.153156990354766 ], [ -155.741646970585322, 20.153698382525867 ], [ -155.741073719946911, 20.154700466600332 ], [ -155.740685920032945, 20.158554244888538 ], [ -155.739528824748703, 20.159058185810419 ], [ -155.739471677561511, 20.160406161635535 ], [ -155.740056621858201, 20.160957995380528 ], [ -155.739332049431198, 20.162300207024966 ], [ -155.73688639756412, 20.162302037397961 ], [ -155.735909824993854, 20.15982196941734 ], [ -155.735493222502896, 20.159806304068223 ], [ -155.734625039034484, 20.160338708472842 ], [ -155.733369394497515, 20.1596981191461 ], [ -155.73260024099423, 20.160033118060856 ], [ -155.731899025305552, 20.160695395141435 ], [ -155.731452410667089, 20.161085165885986 ], [ -155.73050291013675, 20.163233571143131 ], [ -155.730581275932735, 20.161610485934528 ], [ -155.730907526660843, 20.159996767922411 ], [ -155.730906647019111, 20.158843521618557 ], [ -155.732971946561065, 20.155765543335651 ], [ -155.733031985935099, 20.154348221246916 ], [ -155.733031794658359, 20.154075080253104 ], [ -155.733933003067705, 20.151739606281588 ], [ -155.733993402766203, 20.150317661678375 ], [ -155.733632310001752, 20.149977005375401 ], [ -155.735531027712966, 20.147804535446102 ], [ -155.736522231621279, 20.146940049300817 ], [ -155.738976092902192, 20.143661474324592 ], [ -155.739011845906532, 20.142816543193259 ], [ -155.739011617247741, 20.142275020530676 ], [ -155.739034337339376, 20.141733923070504 ], [ -155.739032745514351, 20.139627180322837 ], [ -155.739655622133171, 20.138537966290599 ], [ -155.739680321382906, 20.137955259791195 ], [ -155.739678989453921, 20.136104869167198 ], [ -155.740873406043363, 20.134508906911236 ], [ -155.74136368646964, 20.133237426197152 ], [ -155.740389202721445, 20.132317603114512 ], [ -155.740388064812151, 20.131063996262835 ], [ -155.740435128555958, 20.129956312607746 ], [ -155.740161679544173, 20.127565444462427 ], [ -155.740225784085339, 20.126054580514097 ], [ -155.73931464515266, 20.127129476573725 ], [ -155.739315364549753, 20.128187276726603 ], [ -155.73873597522612, 20.128734988390651 ], [ -155.738087839703468, 20.128710423414205 ], [ -155.738091310459652, 20.132924310986358 ], [ -155.737752346989168, 20.134134066784238 ], [ -155.736672234766814, 20.133582974665831 ], [ -155.736269486527561, 20.136540899246384 ], [ -155.735121696486999, 20.13924398953889 ], [ -155.734741071197845, 20.14083940051572 ], [ -155.734425253615314, 20.142468270437835 ], [ -155.734145353124575, 20.142182138280056 ], [ -155.733595372640764, 20.141662805478731 ], [ -155.733594463636393, 20.140562833736098 ], [ -155.734205267204089, 20.138979233314259 ], [ -155.734297461537267, 20.136808134732309 ], [ -155.733128562988412, 20.135935830753095 ], [ -155.731933700887396, 20.135544929364556 ], [ -155.732078157321297, 20.132141454861156 ], [ -155.731432423256393, 20.130897969035757 ], [ -155.732098302168907, 20.129733563083473 ], [ -155.73213447527732, 20.128882959450117 ], [ -155.731766296424126, 20.12853529892309 ], [ -155.731325352649208, 20.126155073724071 ], [ -155.730232549814218, 20.124374728937596 ], [ -155.72996582123406, 20.122609983551378 ], [ -155.72952984645184, 20.12219839619836 ], [ -155.72998574136281, 20.121800724214911 ], [ -155.729546745345971, 20.121386436934365 ], [ -155.730285752112536, 20.120741771273064 ], [ -155.730010878112239, 20.120444757805604 ], [ -155.729724262105748, 20.120173967213322 ], [ -155.729179073965156, 20.119616644373476 ], [ -155.726014957438849, 20.119618809924379 ], [ -155.726342260861145, 20.117398286179846 ], [ -155.726851144169331, 20.115665403323902 ], [ -155.724706012106139, 20.113895363398527 ], [ -155.724629595663515, 20.115695506805586 ], [ -155.724943398940979, 20.116299702610124 ], [ -155.724914912571847, 20.116968264993059 ], [ -155.724915364272476, 20.117645165427199 ], [ -155.724886714169656, 20.118321524771474 ], [ -155.724887020139391, 20.11875014056352 ], [ -155.724026484746844, 20.120980837082168 ], [ -155.726523109172803, 20.12333754637114 ], [ -155.726464927754449, 20.124705850222661 ], [ -155.727016213033664, 20.125226013588307 ], [ -155.727556390034437, 20.126266198476969 ], [ -155.728128998686117, 20.127953867551017 ], [ -155.727521132151878, 20.1298803096605 ], [ -155.72691505905766, 20.131451148038341 ], [ -155.727189499111745, 20.131769444752972 ], [ -155.727476128179546, 20.132040241513227 ], [ -155.727734425954168, 20.133133359036787 ], [ -155.728659727080924, 20.135415767394832 ], [ -155.727860062012297, 20.138268443976106 ], [ -155.726403502445436, 20.140009078659393 ], [ -155.726671598272446, 20.14286084410913 ], [ -155.726946955636805, 20.143672947566944 ], [ -155.727154456682229, 20.147201932172749 ], [ -155.727704429279612, 20.147721284604838 ], [ -155.727705301703423, 20.148834074072443 ], [ -155.727671015852877, 20.14964570656138 ], [ -155.727672615800373, 20.151716866411157 ], [ -155.726240257815675, 20.15437014908079 ], [ -155.72466388042875, 20.156475914667329 ], [ -155.724664208267541, 20.15690267868537 ], [ -155.724068265552262, 20.157698691067111 ], [ -155.723775837241561, 20.158240043527911 ], [ -155.722345790939471, 20.16048137091202 ], [ -155.721988295823621, 20.161455798697393 ], [ -155.721667381217372, 20.162287465065052 ], [ -155.721668285012271, 20.163610189807617 ], [ -155.721159221634565, 20.163610480781141 ], [ -155.720809188237638, 20.162205757229653 ], [ -155.720864906880536, 20.160893740020647 ], [ -155.720432082971257, 20.160877339561942 ], [ -155.719714811161083, 20.162130744641853 ], [ -155.719369022297741, 20.163026456865062 ], [ -155.71936943463632, 20.163434976311724 ], [ -155.719340721590584, 20.16411132733132 ], [ -155.719341084833189, 20.164923598158232 ], [ -155.719312370391549, 20.165599949022912 ], [ -155.719313692099888, 20.167356441511362 ], [ -155.71870604907707, 20.167356867310321 ], [ -155.718458407393825, 20.165716745283472 ], [ -155.717895861691687, 20.16463340683126 ], [ -155.717976769292221, 20.162734744652376 ], [ -155.71764394539133, 20.163264752644064 ], [ -155.717334482431369, 20.16461803501122 ], [ -155.717024944675671, 20.165158919907135 ], [ -155.717025777418712, 20.166469607767826 ], [ -155.716415625898236, 20.167311854983367 ], [ -155.715946841122133, 20.166832584283718 ], [ -155.715268940659115, 20.168088020507021 ], [ -155.71467558050324, 20.168088302226217 ], [ -155.714400341154402, 20.167806984341539 ], [ -155.714113682181079, 20.167536161207305 ], [ -155.713584494797658, 20.166452377710538 ], [ -155.713266534683385, 20.166152148086784 ], [ -155.712632379928664, 20.164853420344254 ], [ -155.712135532064423, 20.166140387119448 ], [ -155.712135908081791, 20.166416171039977 ], [ -155.711264602071424, 20.166665339073766 ], [ -155.710140348317935, 20.167185810022573 ], [ -155.70892400313258, 20.166424027176113 ], [ -155.708145795313527, 20.165253207713548 ], [ -155.707605998259339, 20.164743636305637 ], [ -155.707032769925803, 20.163639580781734 ], [ -155.70758444403674, 20.162569943468931 ], [ -155.708500014649132, 20.1617717864669 ], [ -155.708246565600234, 20.160373486654809 ], [ -155.707647006978675, 20.161484007405022 ], [ -155.705900270696219, 20.163007192462658 ], [ -155.705887014495971, 20.163318282372806 ], [ -155.705887433070785, 20.164404470673119 ], [ -155.705285618340866, 20.16438156050582 ], [ -155.704422290241695, 20.16519720134178 ], [ -155.703948619949017, 20.164712788321964 ], [ -155.70341223980904, 20.165706019237543 ], [ -155.702383677437808, 20.165137824485281 ], [ -155.701843409102395, 20.164585130702005 ], [ -155.700871794438484, 20.165502763702861 ], [ -155.699246894094046, 20.164452720313943 ], [ -155.699320726486519, 20.162727939544162 ], [ -155.697728509282825, 20.163704102993506 ], [ -155.69717983298753, 20.15760945451785 ], [ -155.698603305335581, 20.15512274920696 ], [ -155.698663574953599, 20.153709182218719 ], [ -155.698049776534702, 20.154204525042815 ], [ -155.698050035794125, 20.154764142537552 ], [ -155.697321860181631, 20.155452068753409 ], [ -155.696295328198431, 20.156346968223101 ], [ -155.69571319170376, 20.15742511340682 ], [ -155.693052369244469, 20.160096475948002 ], [ -155.691654784273794, 20.161694682291486 ], [ -155.691304085672527, 20.161422622894648 ], [ -155.690561871667143, 20.160663435550102 ], [ -155.689959578960583, 20.161778455977899 ], [ -155.687339825568046, 20.160920843481666 ], [ -155.68703931970191, 20.159983163806299 ], [ -155.686747283275309, 20.159983214198704 ], [ -155.686020970691033, 20.159612453008531 ], [ -155.685022451192964, 20.160224496165245 ], [ -155.684743126909552, 20.159040526632168 ], [ -155.683325136820827, 20.159469088806581 ], [ -155.683324780030773, 20.158572496138312 ], [ -155.684809610875789, 20.156968339808081 ], [ -155.684809277639488, 20.156692694460851 ], [ -155.685162484627512, 20.155215527506716 ], [ -155.684809684627993, 20.153719369283841 ], [ -155.684574457987907, 20.15425114296681 ], [ -155.684211896749929, 20.156117728249377 ], [ -155.681490949631581, 20.157574555300833 ], [ -155.68078527178946, 20.158240881401223 ], [ -155.679949669560727, 20.157849262484731 ], [ -155.67994872209934, 20.155791015134966 ], [ -155.679972625229766, 20.155230539589997 ], [ -155.678538528445586, 20.155231093508835 ], [ -155.677724885571962, 20.154398596643023 ], [ -155.677111936308506, 20.154375252226167 ], [ -155.675981701383705, 20.15544269658178 ], [ -155.675438929321615, 20.154974761351856 ], [ -155.67472127890295, 20.15389420904053 ], [ -155.673700463954418, 20.15485807808216 ], [ -155.673683803065927, 20.154046187984868 ], [ -155.674302048555234, 20.15194426573213 ], [ -155.674010851206504, 20.152156493446689 ], [ -155.673724014761234, 20.152427103193997 ], [ -155.673139622744458, 20.152681508930488 ], [ -155.672557936797716, 20.15323063695584 ], [ -155.672250208229599, 20.151925424181965 ], [ -155.67140386226103, 20.152663081644139 ], [ -155.670768556693588, 20.153838739732262 ], [ -155.669436018077874, 20.15315820049863 ], [ -155.669396506182125, 20.153423569833119 ], [ -155.669396782024165, 20.153964402957644 ], [ -155.668817772183928, 20.153687981899839 ], [ -155.668554140219243, 20.152865468110498 ], [ -155.668273343510918, 20.152323949297468 ], [ -155.66752240703147, 20.150414515891043 ], [ -155.666857797708815, 20.151479612670936 ], [ -155.6661338604261, 20.152819613060945 ], [ -155.664863329101848, 20.151857840627724 ], [ -155.664863074108467, 20.15064504221273 ], [ -155.665386006073021, 20.149291057775923 ], [ -155.664026250517168, 20.149801477785914 ], [ -155.664026540629976, 20.150077514635786 ], [ -155.663441867473153, 20.150331881859117 ], [ -155.662462401830709, 20.15078498729693 ], [ -155.663171883791904, 20.149546259105236 ], [ -155.662901494823899, 20.148964082510624 ], [ -155.662324079231496, 20.149509156829197 ], [ -155.661579259440543, 20.150158397322954 ], [ -155.660873547913724, 20.150824636623415 ], [ -155.660164976117613, 20.150191438810516 ], [ -155.659138409143992, 20.14885921610334 ], [ -155.659235511509962, 20.14659967336743 ], [ -155.659234971204995, 20.145139002244381 ], [ -155.659556274861529, 20.144577838534147 ], [ -155.659711215482787, 20.143901279417879 ], [ -155.66006243685635, 20.143815274996033 ], [ -155.659816464539716, 20.143573177521866 ], [ -155.659711215482787, 20.143901279417879 ], [ -155.65864966545908, 20.144463855788036 ], [ -155.657442020686545, 20.146154341465671 ], [ -155.65713263597371, 20.145774342650657 ], [ -155.65782289212143, 20.144807865764097 ], [ -155.659593580870506, 20.142956603047907 ], [ -155.659886446523132, 20.142139622677959 ], [ -155.660492423242232, 20.140606249943303 ], [ -155.66018416869457, 20.139528401704606 ], [ -155.659633897714855, 20.141062169999465 ], [ -155.659324844909719, 20.14158747728089 ], [ -155.658795868312325, 20.142593512233471 ], [ -155.658073351153945, 20.143300934540164 ], [ -155.656699137267537, 20.144255344958314 ], [ -155.655816938229037, 20.144769752928493 ], [ -155.655408730164822, 20.145545928840669 ], [ -155.653833881599809, 20.145574946576371 ], [ -155.653216743619083, 20.145251486556631 ], [ -155.652653520771423, 20.145261792187593 ], [ -155.652383591863526, 20.144975207820561 ], [ -155.650700929930338, 20.143759753768013 ], [ -155.651294861415039, 20.142257394237351 ], [ -155.651447087822476, 20.141578283004645 ], [ -155.651814018767027, 20.14143812847874 ], [ -155.651576499105005, 20.140958094126429 ], [ -155.651447087822476, 20.141578283004645 ], [ -155.649646731155769, 20.14275719326432 ], [ -155.648184524160342, 20.141904833122389 ], [ -155.647902072597162, 20.139478523120566 ], [ -155.648509032157165, 20.137457811439379 ], [ -155.649095385343117, 20.134381634700997 ], [ -155.650939501007144, 20.1315135346163 ], [ -155.650665236789933, 20.131405070662559 ], [ -155.650093661850036, 20.131415611861794 ], [ -155.650084750336362, 20.130993467349974 ], [ -155.65011924052888, 20.130452641937225 ], [ -155.650110645842034, 20.130041872423192 ], [ -155.650529796276118, 20.12932884050738 ], [ -155.651034020260681, 20.127080625834449 ], [ -155.651354599980152, 20.126014069343341 ], [ -155.651653228697796, 20.124926471404319 ], [ -155.651962263349787, 20.124401175782708 ], [ -155.652268009818357, 20.123819897096027 ], [ -155.653047562103325, 20.123164470077647 ], [ -155.653790806979856, 20.121900237500565 ], [ -155.654358514330369, 20.119571775241752 ], [ -155.654347348104011, 20.119031269007859 ], [ -155.655217779193094, 20.118299689362477 ], [ -155.655863658355514, 20.115649873058796 ], [ -155.654965380274689, 20.113139822952348 ], [ -155.651717878445851, 20.112721731153265 ], [ -155.650483685308103, 20.113002327577384 ], [ -155.649397848721321, 20.112940964404075 ], [ -155.646721599840447, 20.113549186028411 ], [ -155.646778168528101, 20.112655550006707 ], [ -155.64580267988481, 20.112197822146388 ], [ -155.645363165385589, 20.111269757453091 ], [ -155.644974805984589, 20.110541755444075 ], [ -155.645185803225189, 20.107211754984647 ], [ -155.64492453643507, 20.104725039776039 ], [ -155.644067127964377, 20.103116928099642 ], [ -155.643238723380904, 20.100229036150949 ], [ -155.643915689475079, 20.099077399495485 ], [ -155.64390430007785, 20.098522350426084 ], [ -155.643939350855476, 20.09796818540752 ], [ -155.643275463120546, 20.096723070717591 ], [ -155.642832590428611, 20.094983779461117 ], [ -155.643257505338795, 20.092618663168299 ], [ -155.642948673056026, 20.090106058417724 ], [ -155.642656574691443, 20.089840069125241 ], [ -155.642315327980072, 20.086590773054162 ], [ -155.640538438550948, 20.086490310479366 ], [ -155.639698641434933, 20.087196240954551 ], [ -155.639276467537684, 20.087609773275844 ], [ -155.638467720906647, 20.088289584267425 ], [ -155.63786889352815, 20.089308511553273 ], [ -155.637199116443611, 20.092822485606206 ], [ -155.636851826596995, 20.093790548164296 ], [ -155.635945398158128, 20.095332647625426 ], [ -155.635957303609274, 20.095914671777184 ], [ -155.635200626510283, 20.097559430272586 ], [ -155.634699453864357, 20.099793104701074 ], [ -155.63381323341639, 20.102035814960473 ], [ -155.633662834685424, 20.104407583608875 ], [ -155.634233820965392, 20.105478967037232 ], [ -155.634301524267528, 20.108762693144339 ], [ -155.634146985514491, 20.111196382080841 ], [ -155.634174811779246, 20.112550602728874 ], [ -155.634114802057411, 20.113497038565328 ], [ -155.634128853732932, 20.114174151441542 ], [ -155.634103094455526, 20.114579765938515 ], [ -155.634142826942821, 20.116514951474706 ], [ -155.633622789441404, 20.119767481563962 ], [ -155.633981089099592, 20.120799245485422 ], [ -155.634221409567431, 20.12243857520625 ], [ -155.634496152599382, 20.123516464971491 ], [ -155.634701693764328, 20.126779556086646 ], [ -155.635075304465204, 20.127855237449193 ], [ -155.634583561068297, 20.127864214600905 ], [ -155.633263267282757, 20.127022796774789 ], [ -155.632212282465218, 20.125906795110083 ], [ -155.631291258415047, 20.125923548854885 ], [ -155.630762616444258, 20.12480801436039 ], [ -155.629892429699737, 20.124399535463329 ], [ -155.631366787108732, 20.121891832368703 ], [ -155.63057312563069, 20.121792177285887 ], [ -155.628398755514439, 20.122587627309485 ], [ -155.627991888594408, 20.122033738251019 ], [ -155.628801041540555, 20.121241645969491 ], [ -155.62911203358675, 20.120980298899919 ], [ -155.628525919787791, 20.120705218062163 ], [ -155.627978292119593, 20.120123782250612 ], [ -155.627010679354129, 20.121478103799408 ], [ -155.627111005357762, 20.119855608339169 ], [ -155.627501739385025, 20.119191405264992 ], [ -155.627139825854613, 20.118512790624624 ], [ -155.626630480855198, 20.116878620293907 ], [ -155.625999525468472, 20.118210830405772 ], [ -155.626008066785431, 20.118621328173877 ], [ -155.625973503312963, 20.119162137968601 ], [ -155.625992706850582, 20.120092896137983 ], [ -155.625121841875483, 20.120108863911128 ], [ -155.624824248789992, 20.119550717969602 ], [ -155.624842008325146, 20.119271201141338 ], [ -155.623168727585124, 20.117121101834023 ], [ -155.624812456124431, 20.115290370460638 ], [ -155.625080984367912, 20.114542530982281 ], [ -155.625432145356513, 20.114456588874727 ], [ -155.625186273076281, 20.114214456435647 ], [ -155.625080984367912, 20.114542530982281 ], [ -155.624427547963791, 20.114744961343508 ], [ -155.623915258024795, 20.114200944357655 ], [ -155.623025868287641, 20.115445567750143 ], [ -155.622511535691132, 20.115100990037565 ], [ -155.623114067576608, 20.114076131711712 ], [ -155.62095379748186, 20.114115614441427 ], [ -155.620936027838496, 20.113249529869627 ], [ -155.62182308869464, 20.112504040709229 ], [ -155.621278124942307, 20.111618725346677 ], [ -155.620098632019875, 20.1119840948285 ], [ -155.620156631452119, 20.111069891048349 ], [ -155.619848843194575, 20.11105248582199 ], [ -155.618581606432656, 20.111840770893686 ], [ -155.616710356475181, 20.109636992839128 ], [ -155.617506379655566, 20.108283136813743 ], [ -155.616209712032713, 20.108306757906096 ], [ -155.615795417806993, 20.107529298870599 ], [ -155.616491622126915, 20.107198168863768 ], [ -155.618224128045114, 20.106598873146005 ], [ -155.617952697090402, 20.10641401189871 ], [ -155.616850174298463, 20.105896327671097 ], [ -155.616091316702182, 20.104808075694759 ], [ -155.616600787676873, 20.103112680826726 ], [ -155.61659048619515, 20.102602741275305 ], [ -155.616616283387032, 20.102197135091597 ], [ -155.616596930729372, 20.101249193702355 ], [ -155.61665702858474, 20.100302777222456 ], [ -155.616644767123859, 20.099701717949287 ], [ -155.61808623828739, 20.096961618873703 ], [ -155.619640778762687, 20.09454437361978 ], [ -155.619939523856601, 20.093456849165822 ], [ -155.620265352328232, 20.092632646236392 ], [ -155.620250895526567, 20.091924465252976 ], [ -155.620570556612932, 20.090761591507597 ], [ -155.621042556946065, 20.089567793455675 ], [ -155.621822832071018, 20.084884261765428 ], [ -155.622463776346706, 20.083262206040015 ], [ -155.622443547027444, 20.082274452312827 ], [ -155.623351185744667, 20.081890879384602 ], [ -155.62391890086613, 20.081620697552761 ], [ -155.625367870505386, 20.081387995850026 ], [ -155.628020516151793, 20.080916280336382 ], [ -155.629241380690019, 20.080894003559006 ], [ -155.630214610039019, 20.080949082101277 ], [ -155.630541180121355, 20.080674667277396 ], [ -155.631011084068916, 20.080214477131378 ], [ -155.633345473225262, 20.079103774616506 ], [ -155.635710983658328, 20.079443034745211 ], [ -155.63627600739315, 20.080503053571633 ], [ -155.636778598765574, 20.08156465735463 ], [ -155.638572166346222, 20.082781739666189 ], [ -155.640222685545069, 20.083556394872751 ], [ -155.640778399616977, 20.083848029468303 ], [ -155.641377158000722, 20.084129113169915 ], [ -155.642600446994038, 20.086711344446808 ], [ -155.643919283614991, 20.087176397075503 ], [ -155.644877608180991, 20.087158671872718 ], [ -155.646999397899833, 20.088029619853327 ], [ -155.649114253571327, 20.087255473714116 ], [ -155.650945164906233, 20.087646126626499 ], [ -155.651290632401128, 20.088640206881603 ], [ -155.651524574551189, 20.091206517991399 ], [ -155.652517150425354, 20.092724623263734 ], [ -155.65269906883816, 20.090816356677394 ], [ -155.652682690665188, 20.090020476217028 ], [ -155.653559372534886, 20.089776418650835 ], [ -155.65353130351059, 20.088424421410281 ], [ -155.6549193953513, 20.088398800245887 ], [ -155.656429787854961, 20.089018765736945 ], [ -155.657492476247455, 20.089358962907038 ], [ -155.658874218332755, 20.090239547286302 ], [ -155.659219748870925, 20.092591303528792 ], [ -155.659506139532169, 20.093127904745025 ], [ -155.659894276068144, 20.093947488235322 ], [ -155.661777007782746, 20.093325715264609 ], [ -155.661804733043738, 20.092889453807246 ], [ -155.660108614174334, 20.092920924246378 ], [ -155.660075226167294, 20.091315923760916 ], [ -155.66129020386353, 20.088673529823904 ], [ -155.66007205666088, 20.088101971212936 ], [ -155.65952507686373, 20.086947561390705 ], [ -155.658223173262542, 20.086064267303765 ], [ -155.655134127503999, 20.084614721157319 ], [ -155.655101734748541, 20.083056938996727 ], [ -155.655725309557909, 20.082236835134484 ], [ -155.656012283835111, 20.081690477484216 ], [ -155.656478279765309, 20.080897391844996 ], [ -155.655737328932162, 20.081143779422217 ], [ -155.655445245705948, 20.081430004932212 ], [ -155.653487259674932, 20.081319504117648 ], [ -155.652843261994974, 20.082415506326825 ], [ -155.652866147821612, 20.083524292174037 ], [ -155.651147186890285, 20.0835560480302 ], [ -155.650827204333723, 20.082956138742418 ], [ -155.650516805009175, 20.082300491267297 ], [ -155.648281654650788, 20.081814117945179 ], [ -155.646908465552116, 20.08183944813608 ], [ -155.646559274294361, 20.081521352740612 ], [ -155.646119811932692, 20.080593298864063 ], [ -155.644647720437092, 20.07990233660357 ], [ -155.64247481160902, 20.077483692542053 ], [ -155.643364078216223, 20.075792487985247 ], [ -155.647414508704856, 20.07364512765438 ], [ -155.648938322466989, 20.072152601823873 ], [ -155.649632049000616, 20.071822321902701 ], [ -155.650424134482165, 20.071867101403154 ], [ -155.651374585215819, 20.071465143347812 ], [ -155.652510424723204, 20.070924582449962 ], [ -155.654253796236162, 20.070566992514649 ], [ -155.654822277746717, 20.070296316818236 ], [ -155.655399430471277, 20.0703289352364 ], [ -155.656402728625864, 20.070310400105488 ], [ -155.65739521297192, 20.070366346866088 ], [ -155.659037946184583, 20.069224843098201 ], [ -155.661597266092883, 20.069369244649707 ], [ -155.663090480062522, 20.069062883392604 ], [ -155.662336782719365, 20.068262706773318 ], [ -155.661461040318954, 20.067464846595982 ], [ -155.660782070650129, 20.0667439438907 ], [ -155.658776830816947, 20.06736567469374 ], [ -155.657501174861409, 20.067389248055498 ], [ -155.655296114203196, 20.066798458642165 ], [ -155.651458521465372, 20.067265073645057 ], [ -155.647728709336235, 20.067531518085634 ], [ -155.646566322359121, 20.068255167753509 ], [ -155.645105956937471, 20.069029328958344 ], [ -155.644656984763657, 20.06946934153655 ], [ -155.639496125725771, 20.070509111156145 ], [ -155.638001554707927, 20.070536567277355 ], [ -155.635680533428911, 20.069967254079508 ], [ -155.63493477192165, 20.06928742688546 ], [ -155.635697634779234, 20.067160910146576 ], [ -155.636986746134937, 20.065181369121802 ], [ -155.638077290658913, 20.063746518919377 ], [ -155.638062837288516, 20.063046656734272 ], [ -155.638679848586435, 20.061326357907728 ], [ -155.638982994176274, 20.061071700325609 ], [ -155.639269971889917, 20.0605253716564 ], [ -155.640168996570651, 20.059199091728939 ], [ -155.640496329270007, 20.056758346096007 ], [ -155.641113128684026, 20.054703567905111 ], [ -155.640813671947996, 20.054588809518055 ], [ -155.63796276645698, 20.057649258675564 ], [ -155.636417460717524, 20.05992957640315 ], [ -155.635944711766257, 20.060828630655589 ], [ -155.63510278098056, 20.06200804316591 ], [ -155.632949314353851, 20.06381853326722 ], [ -155.631841573614963, 20.06592510421109 ], [ -155.630819614192546, 20.067132780440069 ], [ -155.630532593605921, 20.067679089078222 ], [ -155.630179492477282, 20.068279657836229 ], [ -155.630216273412003, 20.070066462957872 ], [ -155.629098473272819, 20.071160984860221 ], [ -155.628154013488455, 20.070365895466608 ], [ -155.627325818684994, 20.069486303317646 ], [ -155.624491586723167, 20.068790841815844 ], [ -155.624806156909102, 20.067769300610081 ], [ -155.625960764041508, 20.065805000733327 ], [ -155.626002191415751, 20.065150762350758 ], [ -155.625996796791242, 20.064879922237587 ], [ -155.626039528962735, 20.064203896379926 ], [ -155.62601101204217, 20.062817145996274 ], [ -155.626660265894401, 20.060655062026694 ], [ -155.625606246746258, 20.060511054075533 ], [ -155.624584667824593, 20.060942975880778 ], [ -155.622482549531099, 20.063539282891213 ], [ -155.622015538375877, 20.06399673312335 ], [ -155.621659363165605, 20.064295949858959 ], [ -155.619076643155466, 20.066908254436786 ], [ -155.618645775981349, 20.067727674361652 ], [ -155.618028343435498, 20.068778164035496 ], [ -155.617597464519918, 20.069597579730527 ], [ -155.616333509429069, 20.071005550828616 ], [ -155.615528607873671, 20.072536001480149 ], [ -155.614927063587373, 20.07332688513031 ], [ -155.614937879968778, 20.07385230160596 ], [ -155.613763547248141, 20.074668016206864 ], [ -155.613173630689118, 20.074917250048561 ], [ -155.613179355593331, 20.075197611978457 ], [ -155.611861856323742, 20.077438525239511 ], [ -155.61117497525737, 20.079176377331855 ], [ -155.610717416622322, 20.080699056163514 ], [ -155.610746283490101, 20.082114219234608 ], [ -155.609722218107947, 20.085330516133698 ], [ -155.608930606586569, 20.085665083611246 ], [ -155.60893859181229, 20.086060893216771 ], [ -155.606424815525855, 20.088173248668515 ], [ -155.605302149466013, 20.089272114020762 ], [ -155.603802164964037, 20.090205204208132 ], [ -155.602551076830025, 20.090134309281876 ], [ -155.601954467501741, 20.090417869095052 ], [ -155.601671317371313, 20.090116961418584 ], [ -155.600443129074165, 20.090139160167187 ], [ -155.600613404374911, 20.087463949858158 ], [ -155.599104057880282, 20.088402766901698 ], [ -155.598566154733646, 20.087912269373543 ], [ -155.598273118039117, 20.086282233844926 ], [ -155.597730441260154, 20.086802916462347 ], [ -155.597135179663212, 20.088461421189287 ], [ -155.596324340234077, 20.087599874558716 ], [ -155.595148471668779, 20.087533157535038 ], [ -155.59511249332715, 20.088096792041807 ], [ -155.595554610440985, 20.088926770554156 ], [ -155.592946804557357, 20.088599070113798 ], [ -155.59250525559969, 20.087665988021175 ], [ -155.591170363477289, 20.088300622717416 ], [ -155.589806301147945, 20.087710718178975 ], [ -155.589201801364055, 20.086433689310145 ], [ -155.587425034161186, 20.086332695773542 ], [ -155.587143127147499, 20.08660867678368 ], [ -155.586010560743176, 20.087268865127538 ], [ -155.58595108346384, 20.088204818429784 ], [ -155.585961851838022, 20.088740534110418 ], [ -155.584798358665182, 20.088761497383373 ], [ -155.584500765580657, 20.086729110555456 ], [ -155.583122484244797, 20.085687583120233 ], [ -155.581519215047479, 20.085716531217127 ], [ -155.580853829719615, 20.085403957057729 ], [ -155.579670459954258, 20.084782585850878 ], [ -155.576900014799065, 20.085274391308033 ], [ -155.576595606539939, 20.083946314751422 ], [ -155.574988441863212, 20.083975394046735 ], [ -155.574301198427406, 20.083652458883218 ], [ -155.573070217503613, 20.082816372066247 ], [ -155.572880768164168, 20.083073634597945 ], [ -155.572887092721231, 20.083387312226712 ], [ -155.570369254496967, 20.084307723163349 ], [ -155.569397041056902, 20.083797203596106 ], [ -155.567440801427637, 20.083832378863544 ], [ -155.566857716004591, 20.083212431055909 ], [ -155.565563227025081, 20.083827688671427 ], [ -155.564860506855382, 20.083458548076376 ], [ -155.56285002247057, 20.083158971235427 ], [ -155.562294495111502, 20.082867111929438 ], [ -155.561400263893404, 20.082580413751096 ], [ -155.560630419546726, 20.081762094210109 ], [ -155.560009654186672, 20.082010401647768 ], [ -155.559480088109069, 20.082528696111805 ], [ -155.558129384737413, 20.082552974593703 ], [ -155.557139299620133, 20.082235436329761 ], [ -155.556583788804431, 20.081943561006728 ], [ -155.554127361279455, 20.081155737215269 ], [ -155.553305695004042, 20.08040604196497 ], [ -155.552848712613041, 20.078937361688073 ], [ -155.551808158112266, 20.079955230273377 ], [ -155.551464230056354, 20.079688097652358 ], [ -155.550947272341091, 20.078595109732319 ], [ -155.550363053598545, 20.079052953746466 ], [ -155.549765693610198, 20.080187074493601 ], [ -155.549155350016491, 20.080444799128518 ], [ -155.548153075263457, 20.081425452663584 ], [ -155.547298261652941, 20.081831591013891 ], [ -155.546278646614951, 20.081471381298272 ], [ -155.545413919789155, 20.081194040523712 ], [ -155.543997803184169, 20.080693734376883 ], [ -155.542411070901039, 20.081184515368832 ], [ -155.541391478580721, 20.080824147459335 ], [ -155.540418716617637, 20.080841556575177 ], [ -155.539143861406586, 20.079975315842077 ], [ -155.537695637592122, 20.080504328559048 ], [ -155.537175582448754, 20.079951232034549 ], [ -155.53684608845299, 20.079932470780296 ], [ -155.535579088821692, 20.080720141774645 ], [ -155.534548054291065, 20.080168767420911 ], [ -155.533476799010174, 20.079029692381486 ], [ -155.532332128107498, 20.079573480440033 ], [ -155.531513353021637, 20.079219121473955 ], [ -155.531152959443574, 20.078456462607008 ], [ -155.529689512940934, 20.078482539243772 ], [ -155.529829276503932, 20.076304756641598 ], [ -155.529201685983367, 20.075732210378131 ], [ -155.528423584949991, 20.074904755943756 ], [ -155.527989204807369, 20.075214775743053 ], [ -155.526975709842162, 20.076205914501681 ], [ -155.526059814385093, 20.076222119677762 ], [ -155.525463457773043, 20.07590873071031 ], [ -155.524624823063135, 20.075923541951468 ], [ -155.524614421358507, 20.075380453524314 ], [ -155.525192919327168, 20.074397683591439 ], [ -155.525285305930225, 20.072949300932237 ], [ -155.524669955733316, 20.072914050723924 ], [ -155.523844067115476, 20.073721427458036 ], [ -155.522375883755728, 20.073432094742952 ], [ -155.521305464775452, 20.072869567782785 ], [ -155.520950115157348, 20.073122965880341 ], [ -155.519865092433008, 20.074184425635497 ], [ -155.518927194889812, 20.073905522171849 ], [ -155.517519899722146, 20.07316607409976 ], [ -155.514304405761095, 20.072685943090654 ], [ -155.513391357363673, 20.071715124724793 ], [ -155.511428910675818, 20.071232204208307 ], [ -155.510500034206871, 20.070244538258248 ], [ -155.509273848102964, 20.07017428927151 ], [ -155.508162626051558, 20.070193944024151 ], [ -155.507546422276675, 20.069870062956593 ], [ -155.506983257494483, 20.069879934642298 ], [ -155.50630228942191, 20.068439143123427 ], [ -155.504441200551724, 20.06717418235214 ], [ -155.502308361792416, 20.066708284317311 ], [ -155.498733524757085, 20.066771176598994 ], [ -155.49791409448909, 20.065899569343713 ], [ -155.497055588048738, 20.065351426515864 ], [ -155.496219368436414, 20.064782705688117 ], [ -155.494929627432356, 20.064805346920085 ], [ -155.494432110721874, 20.063751627703674 ], [ -155.493624164660389, 20.063371684976804 ], [ -155.492923944088687, 20.06262681080549 ], [ -155.491462600965463, 20.063320938209952 ], [ -155.490803183595943, 20.063332548918957 ], [ -155.48922724657325, 20.063242129070971 ], [ -155.487776964448443, 20.063690189585305 ], [ -155.486806566319416, 20.062440671352725 ], [ -155.486275413995656, 20.061066257503882 ], [ -155.485983118764864, 20.060799646900112 ], [ -155.486001673237809, 20.060519528348479 ], [ -155.485117765274595, 20.060235720873216 ], [ -155.484356371905989, 20.058623421227601 ], [ -155.483641273822172, 20.058247534761609 ], [ -155.481815226908168, 20.05881178699881 ], [ -155.48030480814171, 20.058521288507173 ], [ -155.479469245014485, 20.057952909814425 ], [ -155.476798187765809, 20.057295173222062 ], [ -155.475009727833651, 20.056453446302282 ], [ -155.474406574492377, 20.055176577290545 ], [ -155.472223827469179, 20.054028757642875 ], [ -155.471518921503701, 20.054275067926557 ], [ -155.47061747116598, 20.054703158900601 ], [ -155.469252884565776, 20.053775211952932 ], [ -155.468100747443259, 20.053404938884707 ], [ -155.467259200633379, 20.053107093929793 ], [ -155.46459285571305, 20.052570623090755 ], [ -155.464064264004065, 20.050867361626121 ], [ -155.462574074664332, 20.049281516672099 ], [ -155.458753984775512, 20.04862774699054 ], [ -155.45878931185095, 20.04807595107053 ], [ -155.458057326401985, 20.048033913865439 ], [ -155.456542762069887, 20.04806024140391 ], [ -155.455403154810796, 20.045915924695741 ], [ -155.455032733628627, 20.044722858142752 ], [ -155.454264274338328, 20.044736250856474 ], [ -155.453690437648362, 20.044703187560678 ], [ -155.453218432538506, 20.046013635824778 ], [ -155.452229114389553, 20.046319322375222 ], [ -155.450780455916373, 20.046550610914004 ], [ -155.449632150432336, 20.046810526243213 ], [ -155.448666177803716, 20.046153354863051 ], [ -155.447724584099404, 20.046600346015257 ], [ -155.446491472177826, 20.046203995644078 ], [ -155.445936341037509, 20.045911820076281 ], [ -155.445072058519088, 20.045634041524043 ], [ -155.444803252360089, 20.045347624627073 ], [ -155.443341277348281, 20.045053182546031 ], [ -155.442368217741262, 20.044017417999488 ], [ -155.441690356143141, 20.043660768816938 ], [ -155.440826096333836, 20.043382972398593 ], [ -155.439984673542881, 20.043085012848067 ], [ -155.438307786404124, 20.042671737836464 ], [ -155.437353147313246, 20.040648838039388 ], [ -155.436312289599158, 20.040314327065161 ], [ -155.43605573043223, 20.039486755694284 ], [ -155.435490058427092, 20.038969773780913 ], [ -155.435233481959756, 20.037845996275699 ], [ -155.433546263149537, 20.037051414704621 ], [ -155.433526201161243, 20.036008146253039 ], [ -155.435258422696023, 20.035528008154042 ], [ -155.435335056449503, 20.034339312911289 ], [ -155.435009331225615, 20.034593128653583 ], [ -155.434444710355052, 20.035144938063432 ], [ -155.433853603870034, 20.035110805802901 ], [ -155.432454026850877, 20.035427403820314 ], [ -155.431069749502228, 20.033953722850988 ], [ -155.430153728094211, 20.034236581772468 ], [ -155.4292768622621, 20.033925968211616 ], [ -155.428466499221827, 20.033939994239713 ], [ -155.427595189505155, 20.033631335663635 ], [ -155.426731018350011, 20.033353482052011 ], [ -155.426175975702336, 20.033061256381437 ], [ -155.424124277660326, 20.0327538232142 ], [ -155.42254596574648, 20.031923155308469 ], [ -155.419461297572639, 20.031556033414088 ], [ -155.418752806461669, 20.031568246743529 ], [ -155.418196679315173, 20.031275580134327 ], [ -155.416471051844013, 20.030850030307427 ], [ -155.415638537588535, 20.030411649105552 ], [ -155.414520502719057, 20.029884864952997 ], [ -155.413961194732281, 20.029289577652211 ], [ -155.411383759773571, 20.029744947614702 ], [ -155.411043189551663, 20.027402273083897 ], [ -155.409190059300556, 20.026805947616577 ], [ -155.407349516246455, 20.025312805177265 ], [ -155.406616578775271, 20.024532498974871 ], [ -155.405685966783381, 20.024548475964536 ], [ -155.404627560611658, 20.023420806168954 ], [ -155.403769662503009, 20.022872291229287 ], [ -155.403183219673707, 20.021629179321558 ], [ -155.402346372742187, 20.02118854339512 ], [ -155.401264136760403, 20.021207097979794 ], [ -155.400950159213608, 20.02092010677902 ], [ -155.399905495753728, 20.019511037689401 ], [ -155.398463465928643, 20.019535732935097 ], [ -155.396802731801813, 20.018947178566975 ], [ -155.395223667689692, 20.018628714724663 ], [ -155.394382164267455, 20.017732224792628 ], [ -155.390840594492886, 20.017159056694179 ], [ -155.389017534892957, 20.017190175285332 ], [ -155.38845893302539, 20.016594839584734 ], [ -155.386468518649622, 20.015481753160394 ], [ -155.385855880644982, 20.01482860619781 ], [ -155.384500969303332, 20.014348496738766 ], [ -155.383460441427872, 20.014013716936311 ], [ -155.38284593364267, 20.01270998328949 ], [ -155.381483993812111, 20.012342715615457 ], [ -155.380290290599362, 20.012908958667918 ], [ -155.379946837322933, 20.012641555884052 ], [ -155.379430324605465, 20.012091204041742 ], [ -155.379101878561869, 20.012072189355141 ], [ -155.378317011569095, 20.012444303121018 ], [ -155.377676563906078, 20.011762015680905 ], [ -155.377104715925981, 20.011771716099133 ], [ -155.375936806633234, 20.011456755977605 ], [ -155.374819414733309, 20.011475625614281 ], [ -155.373827927719873, 20.010419363717418 ], [ -155.371704323221053, 20.010024780679821 ], [ -155.370614918383069, 20.010700944516248 ], [ -155.369691975525939, 20.010265940017096 ], [ -155.368577112031346, 20.009420706306013 ], [ -155.367895983650982, 20.009099564279534 ], [ -155.367154804353078, 20.008033079936794 ], [ -155.367203160749398, 20.007291816244503 ], [ -155.3654727634935, 20.007191250576032 ], [ -155.364916603353976, 20.007200707099287 ], [ -155.364620697293162, 20.006642958250595 ], [ -155.364356199003709, 20.006081493003009 ], [ -155.36333950039193, 20.006563497085395 ], [ -155.362275201019571, 20.006002770243175 ], [ -155.360913353300049, 20.006025782069454 ], [ -155.360071225546562, 20.005727074972839 ], [ -155.358921154433943, 20.005443042118586 ], [ -155.357793924358759, 20.005138854397966 ], [ -155.356071426936438, 20.004843020056366 ], [ -155.355129845172655, 20.004346768396381 ], [ -155.354390043435671, 20.005068753930441 ], [ -155.352308794399448, 20.004760072939263 ], [ -155.351229634196898, 20.00419157846077 ], [ -155.349507170286302, 20.003895683576495 ], [ -155.34896435207628, 20.003061749633787 ], [ -155.348488223121961, 20.00306976748919 ], [ -155.345557321198612, 20.002477823546993 ], [ -155.34469398166479, 20.001889564799495 ], [ -155.342393830979745, 20.002295232990051 ], [ -155.340702336411226, 20.001267437157029 ], [ -155.338490237917881, 20.000720775722325 ], [ -155.336741083813365, 19.999600825089601 ], [ -155.336018516025632, 19.998490749928504 ], [ -155.334749568111846, 19.998177149308994 ], [ -155.334386093940736, 19.997789384177647 ], [ -155.332840183060426, 19.997240861593522 ], [ -155.332440782987931, 19.99763092922235 ], [ -155.330773810977917, 19.996563912092405 ], [ -155.330810244604862, 19.996005877224981 ], [ -155.33054129413361, 19.994822719123334 ], [ -155.329990843447916, 19.995359920460078 ], [ -155.328791931021613, 19.995379861958188 ], [ -155.327953688676274, 19.994486095718703 ], [ -155.325363426876947, 19.994529350892503 ], [ -155.323493377659332, 19.993926579018492 ], [ -155.321969786677386, 19.992951018878053 ], [ -155.321436720528965, 19.991946207798449 ], [ -155.321196760690043, 19.990289050184447 ], [ -155.320048088000078, 19.992719048172422 ], [ -155.31943343498429, 19.991904569543895 ], [ -155.319039631437789, 19.991068116929238 ], [ -155.317795448656767, 19.991088764612414 ], [ -155.3171402519705, 19.990743539700254 ], [ -155.31613159294875, 19.990760352562532 ], [ -155.314501885434225, 19.990430786324151 ], [ -155.312892663159829, 19.989582499473602 ], [ -155.312116740282988, 19.989595282152809 ], [ -155.310759112598475, 19.9891578240595 ], [ -155.3103753654363, 19.987916360240469 ], [ -155.308961151387507, 19.987460398515992 ], [ -155.30870833442782, 19.985712839914836 ], [ -155.307784050581546, 19.985997673783245 ], [ -155.306693988279932, 19.985933970917301 ], [ -155.305543279955231, 19.98595305074431 ], [ -155.304994946106177, 19.985368161410104 ], [ -155.304417511066163, 19.985095753597683 ], [ -155.303583069429976, 19.984526696312003 ], [ -155.302719476360949, 19.984248310240456 ], [ -155.300531574101768, 19.982756776814995 ], [ -155.298590764471925, 19.982130619457308 ], [ -155.297409335148728, 19.980428542524102 ], [ -155.296949072928271, 19.979451241185675 ], [ -155.295829513654894, 19.97998158254536 ], [ -155.293632359247596, 19.979272967116724 ], [ -155.292854607779532, 19.97807703033088 ], [ -155.291189392020186, 19.977290974628602 ], [ -155.290861671571975, 19.976672741460227 ], [ -155.29093070801261, 19.975611358045292 ], [ -155.289746506311786, 19.975846649567888 ], [ -155.28832152564749, 19.976168077779125 ], [ -155.286726186138651, 19.975146355921108 ], [ -155.286061847963452, 19.974124318641604 ], [ -155.284709881541346, 19.974146455388489 ], [ -155.284067825480321, 19.973843560891087 ], [ -155.283513321663605, 19.973550694942517 ], [ -155.282473366202169, 19.973215394851138 ], [ -155.282074483279843, 19.972367287416407 ], [ -155.281010408015163, 19.971392883284068 ], [ -155.28042812662423, 19.970497840468198 ], [ -155.279230012506787, 19.970517618408977 ], [ -155.277283183626849, 19.970182540614001 ], [ -155.277014837542652, 19.969895669636401 ], [ -155.275643833234454, 19.969017345108913 ], [ -155.274776701093913, 19.967683352129093 ], [ -155.274214593016552, 19.967168805611372 ], [ -155.273856592184671, 19.966011240253273 ], [ -155.272359836401392, 19.9660360620808 ], [ -155.270930701858589, 19.965682208936794 ], [ -155.26967874279984, 19.964880096194058 ], [ -155.26941041986521, 19.964593217178706 ], [ -155.266962422860075, 19.963892249669392 ], [ -155.265040953403656, 19.962984817476205 ], [ -155.264497352401889, 19.961829675810641 ], [ -155.262393803922009, 19.960394778230523 ], [ -155.260572887689875, 19.959944044857835 ], [ -155.260001542011992, 19.958094753268888 ], [ -155.259556005009046, 19.957619105488881 ], [ -155.25815492562154, 19.956721271662513 ], [ -155.258143734073968, 19.956105980702748 ], [ -155.258171022300274, 19.955684185563932 ], [ -155.256804142369788, 19.955706607648271 ], [ -155.255882775357321, 19.955116238382608 ], [ -155.25559431271455, 19.954808037987696 ], [ -155.254448920086617, 19.954826662437945 ], [ -155.25391070870532, 19.954252043784464 ], [ -155.253183466891016, 19.953585942455806 ], [ -155.252417330470735, 19.952768095279403 ], [ -155.251035787790045, 19.952277139006966 ], [ -155.249807086912881, 19.952297146070368 ], [ -155.247489227156649, 19.950173539243416 ], [ -155.247019371704141, 19.949287144417344 ], [ -155.249486066992063, 19.947221146914352 ], [ -155.248723801827111, 19.946926970843972 ], [ -155.248232215706167, 19.94785698785617 ], [ -155.245954964133659, 19.947894169570564 ], [ -155.243508463543122, 19.945282531681372 ], [ -155.242114234948104, 19.944269504045714 ], [ -155.241389644008251, 19.943495585221665 ], [ -155.240424910996126, 19.942877274284132 ], [ -155.241249344978684, 19.94179654393983 ], [ -155.239922872259541, 19.941818121889952 ], [ -155.238490126694302, 19.940663644599034 ], [ -155.237626924608378, 19.940385260370359 ], [ -155.236513348272752, 19.9395391144804 ], [ -155.235914114134999, 19.93925601478032 ], [ -155.236001805327078, 19.937915986449141 ], [ -155.235417358166387, 19.937881648609395 ], [ -155.234302501386196, 19.938409597967155 ], [ -155.233679841994785, 19.937865652294512 ], [ -155.233411631182719, 19.937578735856061 ], [ -155.232275249298084, 19.936753229363021 ], [ -155.231533842219733, 19.935961215610519 ], [ -155.230297982828318, 19.935888709216297 ], [ -155.229834414718624, 19.935896039535002 ], [ -155.229185812025719, 19.934210257297835 ], [ -155.228364684251261, 19.933457507237105 ], [ -155.228085877037245, 19.932864558129069 ], [ -155.227521320239561, 19.932347204896086 ], [ -155.227266319407107, 19.931223242862156 ], [ -155.226772885151945, 19.930771097928822 ], [ -155.227379759848361, 19.929742900295658 ], [ -155.226752107915473, 19.92877647178846 ], [ -155.226461074825295, 19.928510207779979 ], [ -155.226192891855845, 19.928223284849814 ], [ -155.225699469004553, 19.927771138816482 ], [ -155.226468820189666, 19.926467820395132 ], [ -155.225651842380614, 19.926036283870932 ], [ -155.224528490292244, 19.926054682691753 ], [ -155.224523267249879, 19.925757228517934 ], [ -155.224574062915622, 19.924984423931978 ], [ -155.224031695892165, 19.924405160825245 ], [ -155.223362349347269, 19.924088821452862 ], [ -155.223484981405392, 19.92222279570526 ], [ -155.223177444473095, 19.922204623990606 ], [ -155.222521119089095, 19.922845078104206 ], [ -155.219857978452609, 19.920678452537402 ], [ -155.219400466717275, 19.919705587606721 ], [ -155.218950052035353, 19.919679080819598 ], [ -155.218321588695432, 19.919689219140611 ], [ -155.217055987323278, 19.918337305679835 ], [ -155.216420126407883, 19.918001307489444 ], [ -155.21491039565953, 19.917513737144219 ], [ -155.214463143396216, 19.916065074226164 ], [ -155.213886142503327, 19.915792699082484 ], [ -155.213637346207463, 19.91469423889852 ], [ -155.211280247687313, 19.913696444039658 ], [ -155.209952981908401, 19.912731702486898 ], [ -155.209411758510413, 19.911897645092271 ], [ -155.208807402817655, 19.911343984633987 ], [ -155.208913396518426, 19.909735857819555 ], [ -155.208034876918617, 19.909172379826504 ], [ -155.207281168655783, 19.908367349014895 ], [ -155.206557228185147, 19.908024685617743 ], [ -155.205803532966257, 19.907219650553404 ], [ -155.205111161859463, 19.906585075789192 ], [ -155.206135045383206, 19.904850665361476 ], [ -155.205782911386194, 19.904408105950797 ], [ -155.204593072279891, 19.904971288662757 ], [ -155.203872652780262, 19.904201318595998 ], [ -155.203210379297758, 19.903594340931352 ], [ -155.203800340438676, 19.902478913239182 ], [ -155.205059776804688, 19.901949200417583 ], [ -155.204795200069299, 19.901514589235457 ], [ -155.204218269928162, 19.90124219360111 ], [ -155.204097137885469, 19.900557710428089 ], [ -155.204447890892851, 19.900472433535651 ], [ -155.204202756637244, 19.900230119540666 ], [ -155.204097137885469, 19.900557710428089 ], [ -155.202546758258109, 19.900751353160519 ], [ -155.202258809283961, 19.900102421101813 ], [ -155.201865961823586, 19.899399972583627 ], [ -155.20210354017695, 19.897221138451073 ], [ -155.200884771305141, 19.896845419447317 ], [ -155.20056600458571, 19.895756032773804 ], [ -155.199468317086257, 19.896253761513506 ], [ -155.198239121934819, 19.897039398410076 ], [ -155.198025044868899, 19.896784263009128 ], [ -155.197765196696537, 19.895895944644092 ], [ -155.197162778490394, 19.895382208790412 ], [ -155.196688055463767, 19.893758505610641 ], [ -155.195629274709887, 19.893284159912234 ], [ -155.194300977974564, 19.891602802209334 ], [ -155.194814477203465, 19.890366570646993 ], [ -155.194454832617112, 19.889002492073054 ], [ -155.194545046965459, 19.888174525933607 ], [ -155.194479614679523, 19.887102187779533 ], [ -155.194865663583215, 19.885329606562149 ], [ -155.195490396267786, 19.88453448539277 ], [ -155.194605110479614, 19.884261549971832 ], [ -155.194347334488839, 19.883965304597577 ], [ -155.192772710653145, 19.883591180346546 ], [ -155.192970270449024, 19.881779681418713 ], [ -155.192851135960353, 19.88028966046258 ], [ -155.193201844153094, 19.880204399322228 ], [ -155.192956755563472, 19.879962077285214 ], [ -155.192851135960353, 19.88028966046258 ], [ -155.191182708061774, 19.8811985356115 ], [ -155.190929033898982, 19.880871451825449 ], [ -155.190160221955466, 19.879282147758143 ], [ -155.188436060532979, 19.878925140243513 ], [ -155.188470499649696, 19.878163645118896 ], [ -155.188181145381435, 19.877600305392846 ], [ -155.188249813403502, 19.876086032597414 ], [ -155.186988104078836, 19.87566862307834 ], [ -155.186254529897042, 19.874593330388965 ], [ -155.186863941731787, 19.874064057841839 ], [ -155.186866764926719, 19.872756377144295 ], [ -155.187208319032294, 19.871606076978225 ], [ -155.187210098884691, 19.870831724770493 ], [ -155.187245846054282, 19.87003880676933 ], [ -155.186908993689116, 19.869383002765943 ], [ -155.187345994463158, 19.867909396691722 ], [ -155.186436441840556, 19.867044418783216 ], [ -155.186461622119936, 19.866482798848551 ], [ -155.186176474670276, 19.866211333409257 ], [ -155.18590922708637, 19.865659039488001 ], [ -155.184215797735249, 19.865098634841846 ], [ -155.183926443480004, 19.864536614732579 ], [ -155.184233676105293, 19.864002452231389 ], [ -155.1839604556707, 19.863186789499569 ], [ -155.183442594784907, 19.861552112278869 ], [ -155.183142311472665, 19.861539858205305 ], [ -155.180283183764288, 19.861785366187107 ], [ -155.17977269399708, 19.859588685880237 ], [ -155.179192497532057, 19.858738415949986 ], [ -155.179288677405964, 19.856637746384393 ], [ -155.178714838349322, 19.855522789217858 ], [ -155.179060755639483, 19.852792113868787 ], [ -155.179395348333543, 19.851931612092759 ], [ -155.179399687517218, 19.850095644214143 ], [ -155.179460945315867, 19.848751694172488 ], [ -155.178875972835556, 19.848195222610986 ], [ -155.179761417543574, 19.847426090446859 ], [ -155.179339795990387, 19.846510511453232 ], [ -155.178086899590767, 19.847087806827385 ], [ -155.177095532773222, 19.846170039310493 ], [ -155.175824651795978, 19.844608787246191 ], [ -155.175873218386158, 19.843538643247449 ], [ -155.175288850230885, 19.843237750122739 ], [ -155.174426831208677, 19.843496482331609 ], [ -155.174138303980612, 19.843484734748351 ], [ -155.173557925810655, 19.843483367501126 ], [ -155.172995891091887, 19.842903852659351 ], [ -155.171683906296977, 19.842266461079682 ], [ -155.171248061367976, 19.841364044445328 ], [ -155.170483276757295, 19.840970192869044 ], [ -155.169911843199742, 19.840969007283675 ], [ -155.16991311595973, 19.840427497419768 ], [ -155.17022326717813, 19.83988734252457 ], [ -155.170225039428431, 19.839348221848518 ], [ -155.171125556324853, 19.83827604619767 ], [ -155.171127618431399, 19.837468673072483 ], [ -155.171153450170863, 19.836904432432188 ], [ -155.170308594491246, 19.836100528705497 ], [ -155.169891905599656, 19.83430785452823 ], [ -155.169371874315686, 19.833772052838071 ], [ -155.168670671827016, 19.833104701057113 ], [ -155.168671772404878, 19.832547065947008 ], [ -155.169262215183124, 19.832034344867857 ], [ -155.168940181473005, 19.831348452111932 ], [ -155.166465824427775, 19.828993778383357 ], [ -155.16707264374935, 19.827938293861614 ], [ -155.166792597563642, 19.827900291535574 ], [ -155.165649829054161, 19.827897910339008 ], [ -155.165650706613945, 19.827605621583398 ], [ -155.165955001342667, 19.827075917939574 ], [ -155.166248375799768, 19.826535671157483 ], [ -155.166764256315219, 19.825638127634654 ], [ -155.165778050927514, 19.824699291715469 ], [ -155.165390915900844, 19.82207393830101 ], [ -155.16491365331558, 19.821619924508358 ], [ -155.16498612374653, 19.820021191986214 ], [ -155.164327370350719, 19.819054510682037 ], [ -155.165610529769907, 19.817347822059123 ], [ -155.165660473307213, 19.816244680756657 ], [ -155.165340749836588, 19.816231726612667 ], [ -155.16426872492778, 19.8172407314343 ], [ -155.163887777375493, 19.816102686146451 ], [ -155.164290304667048, 19.814435202333517 ], [ -155.163993372633428, 19.813496655796545 ], [ -155.163340267006646, 19.812226160516776 ], [ -155.164319669664849, 19.811374797747451 ], [ -155.161888001542991, 19.811000048328665 ], [ -155.161235714691031, 19.80965001477189 ], [ -155.159795260150787, 19.809351544105922 ], [ -155.160279021123273, 19.808510675507016 ], [ -155.159132102178631, 19.806828346992578 ], [ -155.160732622797838, 19.806135470489551 ], [ -155.160745636219417, 19.805849522547138 ], [ -155.160207515345718, 19.802677540430679 ], [ -155.160642843901911, 19.80187553299757 ], [ -155.161427270075251, 19.801536145334243 ], [ -155.160573286723491, 19.80112106879584 ], [ -155.161143379876961, 19.800985860377818 ], [ -155.162284884525008, 19.801032616672281 ], [ -155.162298045279499, 19.80074032821803 ], [ -155.161399903311121, 19.800303691389313 ], [ -155.161758817294299, 19.799380839676815 ], [ -155.162091098664831, 19.797217618838086 ], [ -155.162454799999921, 19.796280859416211 ], [ -155.161874817472437, 19.794548901628936 ], [ -155.162156591850191, 19.79451240989772 ], [ -155.163298610174223, 19.794559164068311 ], [ -155.163025431284154, 19.794260719501597 ], [ -155.161900728253869, 19.793888199591841 ], [ -155.161903021292687, 19.792885259703986 ], [ -155.163202977441301, 19.792516769446472 ], [ -155.16281105181821, 19.791279119793135 ], [ -155.162251656145457, 19.790458094673166 ], [ -155.16255760510532, 19.789925779675805 ], [ -155.162867561489662, 19.78883060678195 ], [ -155.163763524855142, 19.788051962597518 ], [ -155.163768225077462, 19.786272579993021 ], [ -155.165234316910841, 19.785377199420108 ], [ -155.166385777299581, 19.785050680505798 ], [ -155.165803523622202, 19.78404152771364 ], [ -155.165546011493888, 19.784301348343199 ], [ -155.165159836940319, 19.785013253771179 ], [ -155.164680478335526, 19.784557359374926 ], [ -155.165088723514884, 19.783507105254859 ], [ -155.163303702329983, 19.782916123361968 ], [ -155.162921212963113, 19.781774353225277 ], [ -155.163487334205371, 19.780730402626087 ], [ -155.165057690493683, 19.780794526051249 ], [ -155.16510137699899, 19.779833701032178 ], [ -155.164849908514441, 19.777791128782642 ], [ -155.163553683428859, 19.775889453150896 ], [ -155.164761014184762, 19.774230247068949 ], [ -155.165798766428793, 19.773751953033734 ], [ -155.166953663342099, 19.773511387144584 ], [ -155.167344754541801, 19.772452295395627 ], [ -155.168690359602351, 19.772455258437439 ], [ -155.169598799117381, 19.773833476931863 ], [ -155.169976404146098, 19.77291733545502 ], [ -155.16941457323631, 19.772338377454201 ], [ -155.168434069050846, 19.771405271017414 ], [ -155.168435452482612, 19.770834160907743 ], [ -155.169308289027924, 19.770456172274486 ], [ -155.16903812593668, 19.770032529999664 ], [ -155.167046831836217, 19.769619809032282 ], [ -155.167337557344382, 19.769184146313261 ], [ -155.167951117959291, 19.768650746697379 ], [ -155.167954278853017, 19.767282035126033 ], [ -155.168985224711236, 19.766385718899272 ], [ -155.169558714197905, 19.765846166298296 ], [ -155.170291428132543, 19.765209063121052 ], [ -155.170024730097765, 19.764640663885906 ], [ -155.16923303587842, 19.764639023519852 ], [ -155.168022628777322, 19.764332127690533 ], [ -155.168550439947978, 19.763414450166593 ], [ -155.168076412678914, 19.762434062521262 ], [ -155.167530097688939, 19.76137151461047 ], [ -155.167823937147517, 19.760804825343577 ], [ -155.168407238356536, 19.76029772822487 ], [ -155.16842035815398, 19.760005964185773 ], [ -155.16810289693052, 19.75871257376598 ], [ -155.16845359925199, 19.758382587652317 ], [ -155.169322665330128, 19.758135862411475 ], [ -155.169609392699158, 19.757866083133639 ], [ -155.171897833221522, 19.757216837882812 ], [ -155.171940288581027, 19.756281084583041 ], [ -155.171076616605063, 19.75627923857418 ], [ -155.170803081803399, 19.755997191322408 ], [ -155.170018834902237, 19.755615664208324 ], [ -155.169532062560734, 19.754164300051006 ], [ -155.170311104479566, 19.753805426547004 ], [ -155.171706074782463, 19.753862260489083 ], [ -155.171445592344384, 19.753033931598925 ], [ -155.170639827438379, 19.75264216935232 ], [ -155.171309160063629, 19.751476689950533 ], [ -155.170186040731778, 19.750744855178418 ], [ -155.171170122237669, 19.749818167577796 ], [ -155.171809708497392, 19.749523428750802 ], [ -155.172676213233018, 19.74914791245741 ], [ -155.172406065812083, 19.748724279009732 ], [ -155.171577560263472, 19.747508757002493 ], [ -155.17360138968499, 19.746314109817856 ], [ -155.174467873039333, 19.745938581125944 ], [ -155.174145345634827, 19.745089634855898 ], [ -155.173360011215152, 19.744685111832034 ], [ -155.172053922125542, 19.744252526395218 ], [ -155.172623414183875, 19.742238887666911 ], [ -155.173125965761386, 19.742514993178453 ], [ -155.173588556613652, 19.742991900437573 ], [ -155.174093689802163, 19.742060226178019 ], [ -155.175139560481512, 19.741746143942475 ], [ -155.176576215175658, 19.741338389645296 ], [ -155.176605424449974, 19.740698623180592 ], [ -155.175746759977756, 19.740138989261634 ], [ -155.176357903812857, 19.739325861951883 ], [ -155.176359694420086, 19.738524817143489 ], [ -155.176968741144066, 19.736956016936912 ], [ -155.176715437566685, 19.735825757143925 ], [ -155.176134528211293, 19.734973144026533 ], [ -155.178139472784125, 19.735054832185991 ], [ -155.178188872157421, 19.733965397351543 ], [ -155.17818979929163, 19.733692133901474 ], [ -155.179063688100314, 19.732931912244492 ], [ -155.179381267557517, 19.731809085823855 ], [ -155.181319375347954, 19.730123795390359 ], [ -155.180292602503528, 19.729146711639629 ], [ -155.180317384846234, 19.728598029852076 ], [ -155.180318243745347, 19.728327407290724 ], [ -155.180341951870645, 19.727800374932471 ], [ -155.179797099201124, 19.727238743045262 ], [ -155.177514891946913, 19.726263128267693 ], [ -155.177805302656822, 19.725835353895054 ], [ -155.178384442935339, 19.725331546882934 ], [ -155.178964793608685, 19.724260845170335 ], [ -155.180658673303157, 19.723099724312867 ], [ -155.182052346940139, 19.724843426868667 ], [ -155.182134918126081, 19.724305490971886 ], [ -155.181761873357942, 19.722786806029688 ], [ -155.182693784729679, 19.720263600383543 ], [ -155.183085058008089, 19.720264541922472 ], [ -155.183373367586, 19.720276238369095 ], [ -155.183692149176295, 19.718653632126184 ], [ -155.184317630755629, 19.718382312623124 ], [ -155.185421313556702, 19.717342553460512 ], [ -155.185933385492518, 19.717803563073591 ], [ -155.186554225267486, 19.718714611328977 ], [ -155.186821322964931, 19.719266871034105 ], [ -155.187248721731606, 19.719674007933552 ], [ -155.187921627302501, 19.720367586369949 ], [ -155.188086737317946, 19.71884424214219 ], [ -155.187427889510019, 19.718217039316681 ], [ -155.186884127751256, 19.717092230929847 ], [ -155.18632178567475, 19.715997949236378 ], [ -155.186358163253828, 19.71519472518488 ], [ -155.186361284431001, 19.71362934618989 ], [ -155.186695410204635, 19.712768765576474 ], [ -155.187007702973176, 19.711416914570215 ], [ -155.187347761154371, 19.710541128348996 ], [ -155.187351573213448, 19.708734192209185 ], [ -155.188206814826174, 19.707928306261234 ], [ -155.189394505311384, 19.707413345421866 ], [ -155.189681098118768, 19.707143512006382 ], [ -155.190556271209829, 19.706626123293077 ], [ -155.19084927349823, 19.706085779950008 ], [ -155.191764103486548, 19.705825863192725 ], [ -155.192867908342663, 19.705316756782096 ], [ -155.193862525255355, 19.705034207871559 ], [ -155.194633918134286, 19.703972243860491 ], [ -155.195782223422867, 19.702973517058936 ], [ -155.196665272455391, 19.701343283183199 ], [ -155.197552107658453, 19.701345189313265 ], [ -155.196654240846499, 19.702540601752993 ], [ -155.196932811644956, 19.702703245871806 ], [ -155.197842921436802, 19.70242944969355 ], [ -155.199233034152428, 19.702485901446234 ], [ -155.199806183318941, 19.701945665449898 ], [ -155.201631638287097, 19.701648177799235 ], [ -155.203290263409883, 19.69985963451612 ], [ -155.203880991892049, 19.699046728560813 ], [ -155.206355656618541, 19.698530613988861 ], [ -155.207342998016628, 19.696708779874207 ], [ -155.208461945587743, 19.696192215882906 ], [ -155.210456043794949, 19.696195801375552 ], [ -155.211708806529799, 19.696631959152661 ], [ -155.213061909008587, 19.696007454589758 ], [ -155.213522904053377, 19.69600820800072 ], [ -155.215062425052821, 19.696070592766681 ], [ -155.216374493483727, 19.695268108306653 ], [ -155.217086631962758, 19.695269396104095 ], [ -155.217700812707051, 19.695567545361904 ], [ -155.218506191087442, 19.696398077342916 ], [ -155.220204512799569, 19.696401128012074 ], [ -155.221925614914682, 19.697287431981099 ], [ -155.223351592128012, 19.697289998755998 ], [ -155.223608623668127, 19.698394409857929 ], [ -155.223893598452861, 19.698665780522504 ], [ -155.224178065371149, 19.69895881347491 ], [ -155.225424353034754, 19.698960751427503 ], [ -155.227000445431344, 19.699987744108061 ], [ -155.226705299212142, 19.700624858350974 ], [ -155.226115562705701, 19.701138150149418 ], [ -155.226114847490351, 19.70166781048724 ], [ -155.22551323966016, 19.702234768427669 ], [ -155.223811371453706, 19.702165871937602 ], [ -155.224084555322861, 19.702464218537447 ], [ -155.224940806092519, 19.702747626453352 ], [ -155.224905403644016, 19.703541921339635 ], [ -155.225474344417364, 19.704128515299043 ], [ -155.226477317765216, 19.70413034747126 ], [ -155.227447041708132, 19.704169534451427 ], [ -155.2299614494693, 19.70341314286096 ], [ -155.232300611054285, 19.703417149148496 ], [ -155.232916098294282, 19.703733783533771 ], [ -155.233777272541175, 19.703474889787664 ], [ -155.235118545846916, 19.703093395801719 ], [ -155.235535462197163, 19.701617254728426 ], [ -155.235839224322888, 19.701087612533851 ], [ -155.236189167372032, 19.699848998855906 ], [ -155.237019764892864, 19.699488476355196 ], [ -155.239039059139088, 19.69844295750881 ], [ -155.24065213123626, 19.698179450406727 ], [ -155.241926132273647, 19.697426182866138 ], [ -155.242475624272856, 19.696411376792888 ], [ -155.243656434848077, 19.695297995322083 ], [ -155.244542170413041, 19.695299375359333 ], [ -155.244255419429294, 19.695580411450567 ], [ -155.243672016190402, 19.696088354376769 ], [ -155.244261746764437, 19.696408638084595 ], [ -155.245956766636738, 19.696411374087624 ], [ -155.245870857064176, 19.698321620753479 ], [ -155.246188989643827, 19.698322205357478 ], [ -155.246477283346707, 19.69833379425841 ], [ -155.247641253558101, 19.697535094424307 ], [ -155.248489960149101, 19.697569249251014 ], [ -155.248806695772885, 19.697270860028123 ], [ -155.248756785329306, 19.698381257774543 ], [ -155.249041809982344, 19.698652595328198 ], [ -155.249381927444034, 19.699002794069465 ], [ -155.251367124627706, 19.696735802316372 ], [ -155.252790539355345, 19.697113142772572 ], [ -155.253666841158207, 19.69684943735777 ], [ -155.255054221806347, 19.696905127821445 ], [ -155.255376100008903, 19.696625070236479 ], [ -155.256607356501803, 19.694756170833774 ], [ -155.257055830715615, 19.695271438092085 ], [ -155.255944685394496, 19.69675219057677 ], [ -155.25639237886665, 19.69701343567181 ], [ -155.257665648643496, 19.695905051158324 ], [ -155.258015577382622, 19.693939761574804 ], [ -155.258017002157374, 19.693158999708274 ], [ -155.258041307744122, 19.692618186396363 ], [ -155.258042543677306, 19.692085349622651 ], [ -155.258899811206192, 19.69208659015122 ], [ -155.259662582673087, 19.692479158828114 ], [ -155.260334244182474, 19.691845594567539 ], [ -155.261905603491897, 19.691908764185914 ], [ -155.263383036631524, 19.690105198676914 ], [ -155.26468065359424, 19.689506069138371 ], [ -155.266735643900489, 19.689003053688335 ], [ -155.268957929671274, 19.687976441298833 ], [ -155.269869295991668, 19.688797085135647 ], [ -155.269068695712321, 19.689144394770221 ], [ -155.268678582725187, 19.689865268837281 ], [ -155.266363751331198, 19.691102458543327 ], [ -155.267699528857634, 19.691456442842377 ], [ -155.268354730357686, 19.691482769837577 ], [ -155.270162285768578, 19.691229106072651 ], [ -155.271357819386225, 19.691277235763309 ], [ -155.271786453681244, 19.691277956380222 ], [ -155.272622328464223, 19.691311461093285 ], [ -155.272937909714614, 19.691036521206101 ], [ -155.273765859619914, 19.690255748634563 ], [ -155.274391126806421, 19.689984070017744 ], [ -155.274963192893637, 19.689720006125988 ], [ -155.277249776973775, 19.689242029603516 ], [ -155.278155630439983, 19.688687258748942 ], [ -155.279703570157437, 19.688749517545848 ], [ -155.281500709420925, 19.688751908308625 ], [ -155.282128263631932, 19.689056734514001 ], [ -155.282687568771706, 19.689344284446566 ], [ -155.284680182184104, 19.689921634617011 ], [ -155.285067467760371, 19.690721836260067 ], [ -155.286372321504956, 19.690773980826641 ], [ -155.287221232571255, 19.690775175349227 ], [ -155.287511272859973, 19.691073788010684 ], [ -155.288222886973358, 19.691074777998818 ], [ -155.289459153740779, 19.691124423156445 ], [ -155.290109774608652, 19.690841844918978 ], [ -155.290919406006338, 19.690077782697667 ], [ -155.292097364422176, 19.689533321871494 ], [ -155.29268566339789, 19.689556853594762 ], [ -155.293566634764034, 19.688481555134818 ], [ -155.294149588579643, 19.688228222483012 ], [ -155.295432424304011, 19.687442724154732 ], [ -155.295304577428169, 19.687710752046684 ], [ -155.294411385260702, 19.689268731135662 ], [ -155.295559055643452, 19.689069356748373 ], [ -155.296818680220468, 19.688298171146929 ], [ -155.298984208891426, 19.688300856340049 ], [ -155.29928462134157, 19.68861050382775 ], [ -155.30009278868971, 19.688611587449113 ], [ -155.301278089153215, 19.688911471606279 ], [ -155.30169138320457, 19.689336840746876 ], [ -155.302999251130842, 19.688942740453584 ], [ -155.303545037927648, 19.689504851904662 ], [ -155.303928476741476, 19.689869599017953 ], [ -155.303228986911478, 19.691089321711999 ], [ -155.303191852435788, 19.691927795137854 ], [ -155.304065682151162, 19.691962729404565 ], [ -155.304930600624147, 19.691146604918238 ], [ -155.305673875431722, 19.690498724227393 ], [ -155.306201603602318, 19.690000766442971 ], [ -155.30812081987736, 19.689599133008407 ], [ -155.308416336284438, 19.689053035605976 ], [ -155.309270084382547, 19.689087000188962 ], [ -155.309705371690455, 19.688676470058809 ], [ -155.310151323552645, 19.688287568654609 ], [ -155.31071212211657, 19.687758291190022 ], [ -155.311280301661611, 19.687758879047834 ], [ -155.31280043487746, 19.68808672308241 ], [ -155.315649709936736, 19.688090048267668 ], [ -155.3173062905976, 19.688431761180222 ], [ -155.317985187143677, 19.689130849231425 ], [ -155.320082687737084, 19.688498544981627 ], [ -155.321003056156798, 19.688499721824233 ], [ -155.321576873514232, 19.688522596764429 ], [ -155.3221488894944, 19.688258104342225 ], [ -155.322731814031329, 19.688004671140739 ], [ -155.323883218449055, 19.687299252986183 ], [ -155.325041663734282, 19.686969322282415 ], [ -155.326614387502389, 19.686242384102268 ], [ -155.329770641395839, 19.686245951966757 ], [ -155.330458218421256, 19.686273240391422 ], [ -155.331070963371218, 19.685739400415649 ], [ -155.331892141336823, 19.684607139741022 ], [ -155.332228622895769, 19.684953426926018 ], [ -155.333112796648891, 19.684411648444492 ], [ -155.334238116743848, 19.684456330139064 ], [ -155.334530165163557, 19.684180783284763 ], [ -155.335653237898185, 19.683515406363924 ], [ -155.336055431750339, 19.682422403976425 ], [ -155.336870002131604, 19.682068445125374 ], [ -155.337434691505251, 19.681535446775079 ], [ -155.339678513547966, 19.681236294761394 ], [ -155.340080366841136, 19.678880538463456 ], [ -155.340674840819418, 19.678362144203639 ], [ -155.341537697861042, 19.676766499350858 ], [ -155.342516318308213, 19.676166849239618 ], [ -155.344359007200779, 19.675365930662977 ], [ -155.344748763003253, 19.674644830269187 ], [ -155.34590285899759, 19.674402945111584 ], [ -155.346474794312002, 19.674138360138134 ], [ -155.348725882627207, 19.674227802342518 ], [ -155.349066943126388, 19.673905642005444 ], [ -155.350417500785568, 19.673318532507512 ], [ -155.351096749240696, 19.672061671914324 ], [ -155.351810491355366, 19.672089930841544 ], [ -155.352667733475641, 19.672090704995167 ], [ -155.354224026448406, 19.67215246823449 ], [ -155.354533126813919, 19.671860837928122 ], [ -155.355101336475343, 19.671883219106576 ], [ -155.35592118598629, 19.67188401091153 ], [ -155.356526234982454, 19.672177555475699 ], [ -155.357096693210792, 19.672470660338817 ], [ -155.358486931130386, 19.672471918125503 ], [ -155.359603032169247, 19.673045451886164 ], [ -155.360232026768699, 19.673070372384522 ], [ -155.361051538795891, 19.672296351358941 ], [ -155.361679286830451, 19.672005882193975 ], [ -155.362527422847961, 19.672039466923984 ], [ -155.363241795647241, 19.672040201653118 ], [ -155.363947180458268, 19.672068242913564 ], [ -155.364530363829545, 19.671798535817775 ], [ -155.365684431444379, 19.671556515069124 ], [ -155.36597681627623, 19.671015513086697 ], [ -155.366407851093925, 19.671032700852223 ], [ -155.367339325286167, 19.671033585173952 ], [ -155.368825501065601, 19.671408633069692 ], [ -155.368447399535114, 19.672360280620321 ], [ -155.36708631943398, 19.672748274130772 ], [ -155.367355977079484, 19.673214482502694 ], [ -155.369212362323566, 19.673384757765355 ], [ -155.369760017555052, 19.673948051579739 ], [ -155.371063182113915, 19.67355463734236 ], [ -155.371636982080986, 19.673577344406649 ], [ -155.371932261902344, 19.673031102145014 ], [ -155.372241401219355, 19.672761378244488 ], [ -155.372817988556278, 19.672784137498859 ], [ -155.373493840314723, 19.67347954132563 ], [ -155.374822279264464, 19.673078678342186 ], [ -155.3753720070832, 19.672559245634044 ], [ -155.375963268302485, 19.672302086124208 ], [ -155.376569327114794, 19.67014722979761 ], [ -155.37730656199966, 19.669826396870306 ], [ -155.378000093007643, 19.670182987231012 ], [ -155.37861879107021, 19.669896499889926 ], [ -155.380291101173356, 19.669962490177461 ], [ -155.380877108935465, 19.669963207158965 ], [ -155.381455383352744, 19.668892373457467 ], [ -155.382752841470648, 19.668327981539406 ], [ -155.383558607317468, 19.6672162557966 ], [ -155.384379080337197, 19.665697463345296 ], [ -155.384991024343606, 19.66516364983638 ], [ -155.384992850833811, 19.663366394641727 ], [ -155.385464610875118, 19.6610456790775 ], [ -155.385969998955517, 19.659737820966189 ], [ -155.386826680296025, 19.658990308551434 ], [ -155.387639729571873, 19.658222086973424 ], [ -155.388021330394054, 19.656559617980125 ], [ -155.389393101676717, 19.655363013928412 ], [ -155.390576817398113, 19.65391571557911 ], [ -155.391214680795912, 19.653940959829828 ], [ -155.392205470200793, 19.653482397912526 ], [ -155.392678791146778, 19.652606074851924 ], [ -155.392975906065715, 19.65234663685121 ], [ -155.393268154638918, 19.651805833564559 ], [ -155.393713822936348, 19.651416674251305 ], [ -155.394429305265021, 19.650740824974132 ], [ -155.39502351567188, 19.650222204684042 ], [ -155.395899042525571, 19.649151714595934 ], [ -155.39745250847028, 19.648034809592584 ], [ -155.398529400934763, 19.647016981371525 ], [ -155.400782487724229, 19.647105758675536 ], [ -155.40167135029742, 19.646560499971987 ], [ -155.402563188562141, 19.646031685339469 ], [ -155.403116838403321, 19.646053610432205 ], [ -155.404160152811158, 19.645413355615638 ], [ -155.403509315529476, 19.644794962820654 ], [ -155.404295413792767, 19.64445276718951 ], [ -155.404696729752203, 19.644073524495099 ], [ -155.406549624124892, 19.647895584294702 ], [ -155.410625491436036, 19.661033447621982 ], [ -155.412011563670234, 19.66971368054277 ], [ -155.412013789092015, 19.682510232273593 ], [ -155.411425428778216, 19.682487094276716 ], [ -155.410726442363142, 19.68176808088834 ], [ -155.408324509624947, 19.681348056894201 ], [ -155.407773953004607, 19.680781893719384 ], [ -155.407324632759043, 19.681206695147981 ], [ -155.406368681040078, 19.680223192543821 ], [ -155.404887814217545, 19.679925731196896 ], [ -155.40315754858247, 19.680448295060316 ], [ -155.401918399330128, 19.680399387118005 ], [ -155.401212330720284, 19.680398968753991 ], [ -155.400576076889706, 19.680072154856692 ], [ -155.399537244143119, 19.679003424617822 ], [ -155.397907672484507, 19.67866802975237 ], [ -155.395812949060058, 19.678666400539932 ], [ -155.393278929915311, 19.678566565116679 ], [ -155.392947629230434, 19.678879500514221 ], [ -155.392379368520665, 19.678857234737052 ], [ -155.391816201579871, 19.678856746148927 ], [ -155.39124563984339, 19.678563738483962 ], [ -155.389817784850607, 19.678269603480203 ], [ -155.38923207812249, 19.677383090148474 ], [ -155.388408498239073, 19.676600962516627 ], [ -155.387267109959595, 19.676600186197479 ], [ -155.38645042243715, 19.675760298230134 ], [ -155.385966241407203, 19.675300098845977 ], [ -155.385022103863832, 19.675737075065182 ], [ -155.383877259614735, 19.675691798126621 ], [ -155.38218166453936, 19.675690392540339 ], [ -155.38116366347117, 19.675167076109258 ], [ -155.378606145587526, 19.674776316396475 ], [ -155.37728116159883, 19.674775208538147 ], [ -155.376169507162047, 19.67528937744563 ], [ -155.375894035205505, 19.675005722882226 ], [ -155.375605486570834, 19.675005445182915 ], [ -155.375319971338826, 19.674994390192104 ], [ -155.37488575697256, 19.674993811793101 ], [ -155.375306638082549, 19.675809622437193 ], [ -155.374524961692629, 19.676491431368891 ], [ -155.373241369239594, 19.676857508299214 ], [ -155.372133893996363, 19.676813703837635 ], [ -155.371803559732058, 19.678988912767707 ], [ -155.371374447730034, 19.680444958306229 ], [ -155.370775493329802, 19.680967342016416 ], [ -155.368880657270267, 19.681631350497948 ], [ -155.368297440070251, 19.681901067026221 ], [ -155.367178482778712, 19.681326195622088 ], [ -155.366595892172995, 19.681048995364897 ], [ -155.366594961872124, 19.68195540535325 ], [ -155.365148960835256, 19.682367821408619 ], [ -155.365148308725367, 19.682643780913377 ], [ -155.364702483835998, 19.683032843387778 ], [ -155.364118476968883, 19.683584052168875 ], [ -155.364830482033994, 19.684260132407601 ], [ -155.36395747368374, 19.684509154992348 ], [ -155.363363520089706, 19.68478392188176 ], [ -155.362525910576267, 19.684750809657444 ], [ -155.362207767359706, 19.6847504362695 ], [ -155.36108810019968, 19.685268561508138 ], [ -155.359988952539936, 19.685224843053867 ], [ -155.359082450885523, 19.685498272459753 ], [ -155.358213924661015, 19.685746034033173 ], [ -155.35684562888747, 19.687038353878801 ], [ -155.356156208012465, 19.687337852375762 ], [ -155.355599524834219, 19.687863676849574 ], [ -155.355302284699405, 19.688123032026351 ], [ -155.355015962394475, 19.688393182081676 ], [ -155.353818020570543, 19.688644267205056 ], [ -155.35315049237974, 19.688617739035863 ], [ -155.352563868835659, 19.688617173353343 ], [ -155.35213455063257, 19.689433176001117 ], [ -155.352700082017151, 19.689970186390365 ], [ -155.352670297837335, 19.690643644189489 ], [ -155.352669403474749, 19.691052293613076 ], [ -155.351671068512474, 19.691336763239526 ], [ -155.352075801614831, 19.692121889886785 ], [ -155.351490634605312, 19.692376435086167 ], [ -155.351188892423579, 19.692661330437531 ], [ -155.350043927337026, 19.69315903318045 ], [ -155.349614416745055, 19.693564240967095 ], [ -155.349141193598143, 19.693977015974028 ], [ -155.349184695428448, 19.694494946732824 ], [ -155.35171384585658, 19.692945075854166 ], [ -155.353041455319698, 19.692368074675191 ], [ -155.353520910767372, 19.691064327631647 ], [ -155.35383649452649, 19.690513255132561 ], [ -155.354979176196707, 19.690016534621286 ], [ -155.356426504557362, 19.688957931132208 ], [ -155.357301177218858, 19.688439622036825 ], [ -155.357739850602144, 19.687628286683427 ], [ -155.358176504429821, 19.687645614518612 ], [ -155.358462826735661, 19.687375194110725 ], [ -155.359337485053743, 19.686856872570825 ], [ -155.359663154824204, 19.686549447933075 ], [ -155.36191445269958, 19.686638753003123 ], [ -155.363356164887222, 19.685850125245729 ], [ -155.363926422675462, 19.685883100508583 ], [ -155.362704513290709, 19.686948463082437 ], [ -155.364584383695274, 19.686950369834562 ], [ -155.365080986754776, 19.685599077783134 ], [ -155.365909426574632, 19.684877032649243 ], [ -155.36743297695196, 19.685901033412001 ], [ -155.36909304358835, 19.684883627300334 ], [ -155.369381357688582, 19.684895015629408 ], [ -155.369810017345031, 19.684895498685904 ], [ -155.370532195312478, 19.684924126129356 ], [ -155.371134467690268, 19.683809948636384 ], [ -155.371135297556236, 19.683030682164556 ], [ -155.371438613050429, 19.682500466875343 ], [ -155.372332787998317, 19.680618455128563 ], [ -155.373492347214381, 19.679070380306861 ], [ -155.373933832222349, 19.678253231017631 ], [ -155.375255622223904, 19.677975948862066 ], [ -155.376594580193625, 19.67767970590247 ], [ -155.37725172952031, 19.678017328809489 ], [ -155.378116021041137, 19.677756690488316 ], [ -155.378688756636421, 19.678050837740717 ], [ -155.379394799248757, 19.678051343320526 ], [ -155.379823076434576, 19.678068181465434 ], [ -155.380225489460116, 19.678068635985163 ], [ -155.382382465222832, 19.676888226919349 ], [ -155.386138551170205, 19.677420192717872 ], [ -155.386086131720077, 19.678611339550688 ], [ -155.385229373446521, 19.678983987924315 ], [ -155.38486954643821, 19.679323823187172 ], [ -155.383790671516948, 19.678949703555588 ], [ -155.382946767720142, 19.678948814163341 ], [ -155.382372940704016, 19.678926140076168 ], [ -155.381148408417573, 19.679767964675634 ], [ -155.381227333306072, 19.680527435166219 ], [ -155.383033328346585, 19.679691785199193 ], [ -155.384062362256969, 19.680048515659266 ], [ -155.385490213879336, 19.680342697364281 ], [ -155.385764080704462, 19.680624457836505 ], [ -155.386346231132592, 19.680624820143411 ], [ -155.387465825705021, 19.68119985727505 ], [ -155.388322398445297, 19.681482511540711 ], [ -155.38916150825321, 19.682046075913693 ], [ -155.390303741523525, 19.682334472417466 ], [ -155.391197115100567, 19.682644289783752 ], [ -155.392437343404254, 19.682645184533289 ], [ -155.393145589427689, 19.682673174975495 ], [ -155.394017714861235, 19.682138223630247 ], [ -155.394858126953977, 19.682171507621618 ], [ -155.395452034597696, 19.681896626086576 ], [ -155.396557367256406, 19.681415780313973 ], [ -155.399165410792534, 19.681976500969061 ], [ -155.4017359487693, 19.682293495889777 ], [ -155.402597230981712, 19.682592041311089 ], [ -155.403441170290591, 19.682592841073525 ], [ -155.404583307154184, 19.682637681301046 ], [ -155.405726425659765, 19.682638651726819 ], [ -155.406440262433676, 19.682666701719569 ], [ -155.406868931844087, 19.682667095078521 ], [ -155.407448368626774, 19.682689805016604 ], [ -155.407424346253521, 19.68324076056382 ], [ -155.409330009540298, 19.68416423622811 ], [ -155.411357298190495, 19.683714968570801 ], [ -155.411916538127855, 19.6848689524269 ], [ -155.410019414465665, 19.693866528494489 ], [ -155.406855656140095, 19.699877664100736 ], [ -155.400548585771702, 19.708558963291075 ], [ -155.391447201222121, 19.719646051927644 ], [ -155.389982254512347, 19.720514246689639 ], [ -155.389434666042121, 19.721031106372735 ], [ -155.38857477484089, 19.721780634390587 ], [ -155.388261355639656, 19.722360897014525 ], [ -155.387957998102422, 19.722890871617874 ], [ -155.387665561638585, 19.723431639593553 ], [ -155.387355817268912, 19.723972321908917 ], [ -155.386222341023057, 19.723927506501756 ], [ -155.384925971794019, 19.723926448492765 ], [ -155.384458656074145, 19.725587938936179 ], [ -155.382288284797085, 19.727479891142991 ], [ -155.381769043830445, 19.728891835535837 ], [ -155.380954280189343, 19.72924597550514 ], [ -155.380667908180385, 19.729516160884206 ], [ -155.380084879171136, 19.729769772682321 ], [ -155.379468195110206, 19.730054951548485 ], [ -155.378387708041828, 19.731074872131551 ], [ -155.377762379560664, 19.731346916200152 ], [ -155.376303370940917, 19.732414143558284 ], [ -155.376302304907938, 19.733079474159041 ], [ -155.376271024631677, 19.733797061606904 ], [ -155.375671162032262, 19.734844401787218 ], [ -155.375669071394867, 19.736691853667239 ], [ -155.374342625682687, 19.73846224940128 ], [ -155.373292897945305, 19.73937701247954 ], [ -155.372416312626342, 19.740585261822833 ], [ -155.370403004656993, 19.74193618895255 ], [ -155.369225069855588, 19.742272055746664 ], [ -155.368694453031935, 19.742772786717165 ], [ -155.36694510221551, 19.744029367878362 ], [ -155.366571553341458, 19.744719376633473 ], [ -155.364686661061796, 19.746362021691223 ], [ -155.363684701916412, 19.747307818522827 ], [ -155.362543705045312, 19.748302326651761 ], [ -155.362219076635995, 19.748902119784624 ], [ -155.361915568912906, 19.749432291569693 ], [ -155.361914956516074, 19.749705342097965 ], [ -155.361897914408189, 19.75008723071668 ], [ -155.360431482831984, 19.751837983506736 ], [ -155.360138891208862, 19.752378681980918 ], [ -155.359092742806979, 19.752833195186355 ], [ -155.358673180339991, 19.753972940461377 ], [ -155.358033722364723, 19.75537756616993 ], [ -155.356749063295069, 19.756497301511111 ], [ -155.356300913197515, 19.757714170188411 ], [ -155.355780490794928, 19.758621873772466 ], [ -155.354835804859192, 19.759032427861815 ], [ -155.354263556681161, 19.75929672741589 ], [ -155.353394606744132, 19.759544399259731 ], [ -155.352837623065511, 19.76007017048331 ], [ -155.352190718227376, 19.760351178454865 ], [ -155.351362662089059, 19.7611323129988 ], [ -155.349973520946889, 19.761735718207522 ], [ -155.349610998895201, 19.762720635353503 ], [ -155.348399158906119, 19.763065953251637 ], [ -155.346924154153896, 19.764078619081232 ], [ -155.346191924429462, 19.764769692843622 ], [ -155.345806345257614, 19.766445628944506 ], [ -155.345220054789081, 19.76695649589816 ], [ -155.344622221176195, 19.768339960113789 ], [ -155.346252187156608, 19.769887938974289 ], [ -155.345145962448498, 19.770203136658029 ], [ -155.344529068784652, 19.770488159234112 ], [ -155.343974303391207, 19.771011559362627 ], [ -155.342828720453099, 19.771509119733828 ], [ -155.341964434435511, 19.772038071580042 ], [ -155.341049311231302, 19.77229873501987 ], [ -155.33965915292552, 19.772940876648075 ], [ -155.338589694812242, 19.773405337697429 ], [ -155.338178586572496, 19.774165859471331 ], [ -155.337318169239381, 19.774915053779043 ], [ -155.336979125080404, 19.775234818673596 ], [ -155.33613708827707, 19.776790863778814 ], [ -155.335359226524673, 19.777128585642661 ], [ -155.334958599067278, 19.777869222024268 ], [ -155.334367675369208, 19.778383912100665 ], [ -155.334365909300629, 19.779729066316214 ], [ -155.333168238919114, 19.78132616347489 ], [ -155.332806166171792, 19.782308654807412 ], [ -155.333136625600758, 19.782949574093166 ], [ -155.333388686591519, 19.784184689270717 ], [ -155.332212521438237, 19.784695280432338 ], [ -155.332210574210563, 19.786436926341754 ], [ -155.330980700554676, 19.788265684408962 ], [ -155.328735900452216, 19.788734987565238 ], [ -155.3281032414815, 19.790456784101096 ], [ -155.329799890909101, 19.792068410349557 ], [ -155.329743069766494, 19.793351894043131 ], [ -155.328625943812341, 19.792600952954295 ], [ -155.328317087385187, 19.792600680264105 ], [ -155.328314889797269, 19.793815501862174 ], [ -155.328295942770808, 19.794251523134246 ], [ -155.327700746232694, 19.795288938226768 ], [ -155.327098216694907, 19.796402062276631 ], [ -155.327097001569882, 19.797038546297145 ], [ -155.327000993138967, 19.799199854984955 ], [ -155.327351975663618, 19.800624949725446 ], [ -155.326659376777883, 19.801548540118734 ], [ -155.326655046790648, 19.804337669388573 ], [ -155.326586693001417, 19.805877838941701 ], [ -155.32591520568721, 19.80704794876057 ], [ -155.326858183431, 19.808428405038676 ], [ -155.3267737946191, 19.810325619179647 ], [ -155.325886388655391, 19.811507932397166 ], [ -155.325885280837099, 19.812309095168608 ], [ -155.32557468221043, 19.813111547846862 ], [ -155.325854568669683, 19.814567430260141 ], [ -155.325780591883074, 19.816229337234883 ], [ -155.325779550173934, 19.816906001452477 ], [ -155.325743509638016, 19.817719924945145 ], [ -155.326617076858952, 19.818549945373022 ], [ -155.326535816453884, 19.820382724820824 ], [ -155.326841859480879, 19.821624774839858 ], [ -155.328714605505752, 19.822999274859363 ], [ -155.328094970673419, 19.823538701112376 ], [ -155.328481615512487, 19.824288640732775 ], [ -155.329601482985282, 19.824831639670762 ], [ -155.330160724373769, 19.825145547779083 ], [ -155.329388473147475, 19.826491217661903 ], [ -155.330692610891788, 19.828399576973073 ], [ -155.330606381143866, 19.83032794847654 ], [ -155.32987945736582, 19.832203476696556 ], [ -155.330272546431274, 19.832965707990081 ], [ -155.330674177308367, 19.833793933232744 ], [ -155.331092928451568, 19.834606650708636 ], [ -155.331362811754644, 19.83545515960995 ], [ -155.332711338531766, 19.837428927183296 ], [ -155.332065333377614, 19.838554105216883 ], [ -155.332427416073671, 19.839256486421416 ], [ -155.332335093270217, 19.841328001663353 ], [ -155.332634220667842, 19.842217291205159 ], [ -155.332876503471937, 19.843878051426792 ], [ -155.332232783977901, 19.844999572564003 ], [ -155.332795711269512, 19.847634388285798 ], [ -155.332783849876648, 19.847907198395177 ], [ -155.332782813868704, 19.84858386543938 ], [ -155.332746833796421, 19.849395150542019 ], [ -155.332745158054564, 19.850342479629305 ], [ -155.332696869947853, 19.851421543039169 ], [ -155.33313101891838, 19.85183385326685 ], [ -155.33356674105471, 19.857983245053234 ], [ -155.3344326240111, 19.863966510375505 ], [ -155.33864092908027, 19.884470422139678 ], [ -155.342166425934408, 19.900062216219347 ], [ -155.347162749183781, 19.915616078822723 ], [ -155.349342621266459, 19.921311303632024 ], [ -155.352568506238839, 19.926885540287152 ], [ -155.358925680320681, 19.935921524983147 ], [ -155.362157484921283, 19.939726584743109 ], [ -155.369398521466763, 19.94827134101488 ], [ -155.393497228476349, 19.972328679729277 ], [ -155.410846199161369, 19.985253555524572 ], [ -155.419229274070517, 19.98977641700225 ], [ -155.433370972340356, 19.996618558056944 ], [ -155.451747459418385, 20.002991123988693 ], [ -155.466372388751267, 20.007537681848145 ], [ -155.477197722770171, 20.010212764369932 ], [ -155.495408237038561, 20.01466204748748 ], [ -155.510020985803749, 20.017304497156047 ], [ -155.513300465128339, 20.017749075234168 ], [ -155.526110707437311, 20.019488635504441 ], [ -155.54187439865089, 20.020841060503095 ], [ -155.566967469055271, 20.022326408617751 ], [ -155.580779994371568, 20.023127409173913 ], [ -155.592965702025936, 20.023833479029754 ], [ -155.63970893337779, 20.02811732778537 ], [ -155.646813605477007, 20.029270537338601 ], [ -155.656240322537457, 20.030797508155015 ], [ -155.668504150355773, 20.033554599913611 ], [ -155.676890052321056, 20.035938453765798 ], [ -155.685053059302362, 20.038572379419236 ], [ -155.696235948989596, 20.042737302727289 ], [ -155.699294066204715, 20.044100227277617 ], [ -155.715314690893962, 20.051909875282831 ], [ -155.723610924435178, 20.056764270681001 ], [ -155.733496527275207, 20.06355205263073 ], [ -155.738900199798991, 20.068011350826353 ], [ -155.742053333428174, 20.070684376790048 ], [ -155.750654505722963, 20.078322359116246 ], [ -155.765014563068604, 20.091036151030416 ], [ -155.77108206321941, 20.096422271777381 ], [ -155.794266744483963, 20.122959801551072 ], [ -155.803958225853819, 20.134804409051391 ], [ -155.805082752009184, 20.136173396385587 ], [ -155.812105901610948, 20.144741655340958 ], [ -155.823063065884554, 20.160404721693876 ], [ -155.829447315846778, 20.170737805859744 ], [ -155.829915539327686, 20.173258210152131 ], [ -155.830413771177689, 20.173727833619512 ], [ -155.830683784036836, 20.174279545500724 ], [ -155.831527603227102, 20.175372579636058 ], [ -155.832088605529265, 20.17651961375773 ], [ -155.83203590534211, 20.177782512153243 ], [ -155.830009179043174, 20.178056672018862 ], [ -155.8288469478114, 20.178595767366403 ], [ -155.828849303909948, 20.180471679158781 ], [ -155.828804696268094, 20.18154075939054 ], [ -155.829395361934559, 20.182398124799359 ], [ -155.82935007782342, 20.183473010638973 ], [ -155.828207145648776, 20.183430301789386 ], [ -155.827329672111432, 20.183431382649925 ], [ -155.826664729653118, 20.184664706803659 ], [ -155.825939157238111, 20.185019686136243 ], [ -155.824188563114461, 20.183632453089398 ], [ -155.823368656645556, 20.184012688295581 ], [ -155.822773822656615, 20.182796267838818 ], [ -155.822342077004663, 20.182252197961912 ], [ -155.821908178324492, 20.183056676208516 ], [ -155.821461680665408, 20.183446697059164 ], [ -155.820882591349601, 20.183994296770653 ], [ -155.82046169314529, 20.183564519931675 ], [ -155.81936500584311, 20.184237737125645 ], [ -155.818832680139536, 20.1869912430443 ], [ -155.81807636043132, 20.187314427059711 ], [ -155.817542064464305, 20.186221651310468 ], [ -155.817236408284344, 20.185633975783688 ], [ -155.816400326041645, 20.184852382760152 ], [ -155.815826927739579, 20.185394513152623 ], [ -155.814382311902278, 20.185340559493191 ], [ -155.813716031139563, 20.18397764982646 ], [ -155.812816720243518, 20.183978658124861 ], [ -155.812352352075806, 20.186016105684544 ], [ -155.811325188948928, 20.186463649585814 ], [ -155.809810934680996, 20.185263558534604 ], [ -155.809187211030121, 20.18526426285089 ], [ -155.807573732691793, 20.186789908704768 ], [ -155.805784136985068, 20.185455742428299 ], [ -155.804376492241715, 20.185457246940182 ], [ -155.803372398008548, 20.184787700358122 ], [ -155.801917148942152, 20.185680753928011 ], [ -155.800773955242732, 20.185637860060062 ], [ -155.799770175910794, 20.185639013098577 ], [ -155.79891327198888, 20.185606874950267 ], [ -155.798620837106569, 20.185883158133574 ], [ -155.798220665525037, 20.18614134730834 ], [ -155.797490828362982, 20.185044963090046 ], [ -155.797203697680402, 20.184774247064897 ], [ -155.79724998048934, 20.183675086625865 ], [ -155.796528985688212, 20.184009395118473 ], [ -155.796096194727284, 20.183124144914576 ], [ -155.795786891389298, 20.182582252902822 ], [ -155.794662713125149, 20.183103287602062 ], [ -155.794078333236229, 20.183358106698382 ], [ -155.793462928411003, 20.184498968831992 ], [ -155.792593560934222, 20.185226393033993 ], [ -155.79094390902867, 20.182482892906187 ], [ -155.789805729469862, 20.182484048375898 ], [ -155.788738651556457, 20.181394034643795 ], [ -155.788079735043908, 20.181077244354494 ], [ -155.786877155676763, 20.1810783946603 ], [ -155.78518124435783, 20.181592083285906 ], [ -155.783937640272967, 20.181545263069008 ], [ -155.783493743551361, 20.181545731365297 ], [ -155.782908934504519, 20.180948406243285 ], [ -155.783029946825621, 20.178083104393878 ], [ -155.782855700254629, 20.177472142054263 ], [ -155.781391068581769, 20.178371061733639 ], [ -155.780864975160227, 20.177833773220982 ], [ -155.780141908063229, 20.177151673984902 ], [ -155.780176339917858, 20.176334715578257 ], [ -155.779500142241886, 20.176056847266246 ], [ -155.778489036196987, 20.177453230365536 ], [ -155.778152761598022, 20.177109797383267 ], [ -155.77783098252624, 20.177110111758349 ], [ -155.776696625608082, 20.177635733953945 ], [ -155.776697543543065, 20.178312534108752 ], [ -155.774965533389775, 20.177859535802906 ], [ -155.775016777556232, 20.17664890466002 ], [ -155.775015871489273, 20.175958223444137 ], [ -155.77412671709061, 20.175959092378594 ], [ -155.772985008448813, 20.17648812478744 ], [ -155.772156436826577, 20.175641574355858 ], [ -155.771749575698863, 20.177093959658468 ], [ -155.770991894241149, 20.176707737746053 ], [ -155.770401657414254, 20.176431415381625 ], [ -155.768458358794192, 20.178268304844185 ], [ -155.767982075330536, 20.176785016498453 ], [ -155.767486019994806, 20.175323839658336 ], [ -155.765568729937542, 20.176212177193143 ], [ -155.765255848762052, 20.173746935440253 ], [ -155.764154230007819, 20.174422737281166 ], [ -155.763190964052711, 20.173931560496783 ], [ -155.762139049058362, 20.174925564536391 ], [ -155.760939005459534, 20.175972490373184 ], [ -155.760408066275915, 20.175429904050571 ], [ -155.760121304104217, 20.175159143383375 ], [ -155.759817987912328, 20.174849340105212 ], [ -155.759874221689699, 20.173524722967585 ], [ -155.759570387939164, 20.173253647175443 ], [ -155.758909470097848, 20.173878176477242 ], [ -155.75758543159057, 20.173202894729513 ], [ -155.757279671551856, 20.173769450933666 ], [ -155.755484925932166, 20.173701823137719 ], [ -155.753859702139493, 20.173142850820131 ], [ -155.75300530736331, 20.17314346300148 ], [ -155.751830527285449, 20.171942993518602 ], [ -155.751153643833476, 20.172147965340436 ] ], [ [ -155.595017658565865, 20.086620355636221 ], [ -155.595108706419467, 20.086952197641363 ], [ -155.595364754855609, 20.086719723058977 ], [ -155.595017658565865, 20.086620355636221 ] ], [ [ -155.621987639432092, 20.1117758933541 ], [ -155.622135815079844, 20.112122440999642 ], [ -155.622644164706173, 20.111898201024083 ], [ -155.621987639432092, 20.1117758933541 ] ], [ [ -155.665344749924145, 20.148610772571651 ], [ -155.665493049102309, 20.14895730103186 ], [ -155.666001484552652, 20.148732944558464 ], [ -155.665344749924145, 20.148610772571651 ] ], [ [ -155.226963352498103, 19.925673787075326 ], [ -155.226719862456548, 19.926111851619943 ], [ -155.227850015610045, 19.926324850914845 ], [ -155.227599006841018, 19.925809142192485 ], [ -155.226963352498103, 19.925673787075326 ] ], [ [ -155.202751221319062, 19.897010587795219 ], [ -155.202841093590536, 19.897342354879875 ], [ -155.203097538264501, 19.897110756644228 ], [ -155.202751221319062, 19.897010587795219 ] ], [ [ -155.163233610324738, 19.79142616368723 ], [ -155.163339933646029, 19.791859246046872 ], [ -155.164365192215485, 19.792372865112242 ], [ -155.16477012235805, 19.791834744015908 ], [ -155.163233610324738, 19.79142616368723 ] ], [ [ -155.165539244913646, 19.790663798645625 ], [ -155.165638927743316, 19.791280950200456 ], [ -155.165906803156702, 19.790822340911269 ], [ -155.165539244913646, 19.790663798645625 ] ], [ [ -155.165012613750008, 19.776850038291144 ], [ -155.165112295769205, 19.77746718910522 ], [ -155.165380142000146, 19.777008576458353 ], [ -155.165012613750008, 19.776850038291144 ] ], [ [ -155.176035753649444, 19.746233500838215 ], [ -155.176125540523742, 19.746565262586781 ], [ -155.176381733976484, 19.746333666246777 ], [ -155.176035753649444, 19.746233500838215 ] ], [ [ -155.175198026441223, 19.745403668755234 ], [ -155.175540417949605, 19.746028651214218 ], [ -155.175867141737285, 19.745555146838932 ], [ -155.175198026441223, 19.745403668755234 ] ], [ [ -155.177670559486444, 19.737607967805641 ], [ -155.177383981587354, 19.7381782764168 ], [ -155.178341272294517, 19.738019270463081 ], [ -155.177670559486444, 19.737607967805641 ] ], [ [ -155.186793759417242, 19.714527394293182 ], [ -155.186940701283589, 19.714874112459736 ], [ -155.187447801145453, 19.714651003860943 ], [ -155.186793759417242, 19.714527394293182 ] ] ] } },
{ "type": "Feature", "properties": { "ID": 54, "GRIDCODE": 2 }, "geometry": { "type": "Polygon", "coordinates": [ [ [ -155.346198810489881, 19.642330526022842 ], [ -155.347214032356817, 19.642469065331678 ], [ -155.347748593988513, 19.642789737948871 ], [ -155.348461981953932, 19.642704583692282 ], [ -155.349165878460184, 19.642964724317629 ], [ -155.347343004460299, 19.644239582118814 ], [ -155.345686170087134, 19.64397300439003 ], [ -155.345831754927929, 19.643162862285692 ], [ -155.346198810489881, 19.642330526022842 ] ] ] } },
{ "type": "Feature", "properties": { "ID": 55, "GRIDCODE": 2 }, "geometry": { "type": "Polygon", "coordinates": [ [ [ -155.287659711140805, 19.641130440847913 ], [ -155.287554522182603, 19.641458144247771 ], [ -155.287309567089096, 19.64121598321664 ], [ -155.287659711140805, 19.641130440847913 ] ] ] } },
{ "type": "Feature", "properties": { "ID": 56, "GRIDCODE": 2 }, "geometry": { "type": "Polygon", "coordinates": [ [ [ -155.349686860000702, 19.63969460105427 ], [ -155.350130944205659, 19.639821517702636 ], [ -155.35037278577812, 19.640132006159106 ], [ -155.350934463928013, 19.640561334617658 ], [ -155.350638725938182, 19.641301028600942 ], [ -155.349796418178869, 19.641165493803161 ], [ -155.348972814021522, 19.641263746391452 ], [ -155.348892762353671, 19.640658898712239 ], [ -155.349686860000702, 19.63969460105427 ] ] ] } },
{ "type": "Feature", "properties": { "ID": 57, "GRIDCODE": 2 }, "geometry": { "type": "Polygon", "coordinates": [ [ [ -155.323998888311564, 19.638629535416065 ], [ -155.32410400400812, 19.638301798252378 ], [ -155.324349019885005, 19.638543917294218 ], [ -155.323998888311564, 19.638629535416065 ] ] ] } },
{ "type": "Feature", "properties": { "ID": 58, "GRIDCODE": 2 }, "geometry": { "type": "Polygon", "coordinates": [ [ [ -155.287659711140805, 19.641130440847913 ], [ -155.287876847238294, 19.640884347776325 ], [ -155.290130145255603, 19.640147695935394 ], [ -155.291852859953252, 19.637588111301827 ], [ -155.293616059552335, 19.637246503468699 ], [ -155.294166372581685, 19.638696580825751 ], [ -155.293665510357783, 19.639465218511525 ], [ -155.293264912116456, 19.64031389881556 ], [ -155.292688963737675, 19.640731808886954 ], [ -155.292216810633931, 19.641731524860536 ], [ -155.290948115710762, 19.641555463956085 ], [ -155.290214239785371, 19.642386151658062 ], [ -155.289101658349807, 19.641803068722933 ], [ -155.288671972356383, 19.641271622555642 ], [ -155.287659711140805, 19.641130440847913 ] ] ] } },
{ "type": "Feature", "properties": { "ID": 59, "GRIDCODE": 2 }, "geometry": { "type": "Polygon", "coordinates": [ [ [ -155.341727939223233, 19.637908644547526 ], [ -155.34385975983335, 19.638313647128868 ], [ -155.344120054782849, 19.63891713932458 ], [ -155.34474829603559, 19.639190557703671 ], [ -155.343562372743662, 19.639494206942388 ], [ -155.343816095668558, 19.639722999591719 ], [ -155.346379966222088, 19.64004847853122 ], [ -155.345721196036237, 19.641343818718429 ], [ -155.344344854765467, 19.641603683005588 ], [ -155.343346303479052, 19.641936252712711 ], [ -155.340406270572117, 19.641490193316731 ], [ -155.339645523470864, 19.641547917030767 ], [ -155.338661596774301, 19.641432707106059 ], [ -155.339099312668679, 19.642552632811395 ], [ -155.341742341187995, 19.642981037364375 ], [ -155.341127690450634, 19.64351014634012 ], [ -155.339462565591816, 19.643314979685382 ], [ -155.337459220920664, 19.64346711331952 ], [ -155.336176989187408, 19.643316993798809 ], [ -155.335114949987116, 19.643397628719708 ], [ -155.334056300200189, 19.642936439077282 ], [ -155.335037192011754, 19.642252262765226 ], [ -155.336670306489822, 19.64162023741164 ], [ -155.337497464045072, 19.641193545559528 ], [ -155.33879927023753, 19.640947812088282 ], [ -155.340047131846688, 19.639120236312593 ], [ -155.341212425566823, 19.638471495463623 ], [ -155.341727939223233, 19.637908644547526 ] ] ] } },
{ "type": "Feature", "properties": { "ID": 60, "GRIDCODE": 2 }, "geometry": { "type": "Polygon", "coordinates": [ [ [ -155.323998888311564, 19.638629535416065 ], [ -155.324150295849648, 19.63881687304232 ], [ -155.325366041231661, 19.638698735989838 ], [ -155.324967641709208, 19.639310978032682 ], [ -155.324930802240033, 19.63958090173946 ], [ -155.326368060298137, 19.638630409252656 ], [ -155.32670620151498, 19.639438781860203 ], [ -155.328513116867754, 19.639088728326879 ], [ -155.328994257020867, 19.639155390959228 ], [ -155.330498534927102, 19.638642646805145 ], [ -155.330995088539794, 19.638080766671546 ], [ -155.331469391890465, 19.637736506566355 ], [ -155.332451694228524, 19.637872601562119 ], [ -155.333299697524012, 19.637583807670048 ], [ -155.3339226729492, 19.637670268326918 ], [ -155.33378587102311, 19.638558287097727 ], [ -155.331706923185607, 19.639338730973456 ], [ -155.331230867180182, 19.640348549957455 ], [ -155.330388170076731, 19.640231686401542 ], [ -155.328400219083505, 19.640493999969618 ], [ -155.325793490126472, 19.640681254726271 ], [ -155.325529251087261, 19.641111207784029 ], [ -155.326945218161853, 19.640973631408972 ], [ -155.32797091432721, 19.641115927076289 ], [ -155.329903957794926, 19.640741213108839 ], [ -155.330427377499063, 19.640813758656396 ], [ -155.33029193099091, 19.641690168460936 ], [ -155.328340121889738, 19.642422938454168 ], [ -155.327771091049897, 19.642343902871428 ], [ -155.326053121121106, 19.642510993406809 ], [ -155.3243315666098, 19.642272242381981 ], [ -155.324060075937894, 19.642579393444517 ], [ -155.322919023891757, 19.642136810513566 ], [ -155.321783045489184, 19.642524064567478 ], [ -155.320889648920058, 19.642746313116888 ], [ -155.320599246047777, 19.643075010125781 ], [ -155.319091851323321, 19.642865970823383 ], [ -155.318337807675022, 19.643265519926551 ], [ -155.317158845313116, 19.643481895874515 ], [ -155.316612091080486, 19.643771495060726 ], [ -155.314290885020966, 19.64396442668783 ], [ -155.31363793040498, 19.644310518179111 ], [ -155.311541500558889, 19.644019543120635 ], [ -155.31118462426781, 19.643740748282159 ], [ -155.312906004636886, 19.643424792492599 ], [ -155.314327987142519, 19.64234114009794 ], [ -155.315352877197654, 19.641956415422705 ], [ -155.318602915754411, 19.64157632233589 ], [ -155.320200408427525, 19.641797782719404 ], [ -155.321212239077454, 19.641128861541336 ], [ -155.321820069355084, 19.640900763986487 ], [ -155.322093589461559, 19.640064199958804 ], [ -155.322494880131131, 19.639448060340076 ], [ -155.323576581250677, 19.639041977516854 ], [ -155.323837755567581, 19.638746510327387 ], [ -155.323998888311564, 19.638629535416065 ] ] ] } },
{ "type": "Feature", "properties": { "ID": 61, "GRIDCODE": 2 }, "geometry": { "type": "Polygon", "coordinates": [ [ [ -155.283203205524103, 19.636166287320439 ], [ -155.283916778599547, 19.636313735921501 ], [ -155.284171688368986, 19.637406964061338 ], [ -155.285218887214882, 19.638089162433143 ], [ -155.283538396893391, 19.640095254138263 ], [ -155.283227134701917, 19.641447438116067 ], [ -155.282177772808041, 19.642068823859471 ], [ -155.281273584047398, 19.643314630890693 ], [ -155.280086191567307, 19.643267050678489 ], [ -155.278607113684501, 19.643576335054856 ], [ -155.278875963234498, 19.644064028516727 ], [ -155.279348245784718, 19.644513379651311 ], [ -155.278577260050355, 19.644869838929669 ], [ -155.277994460516993, 19.645123143390144 ], [ -155.277422569731016, 19.64538724464299 ], [ -155.276839767038183, 19.645640544735063 ], [ -155.276553423870325, 19.64591056127588 ], [ -155.275928344008037, 19.64618227700068 ], [ -155.274843968977308, 19.647205710983165 ], [ -155.27339269332731, 19.647203623223287 ], [ -155.272826511963586, 19.646665083240425 ], [ -155.272544268491572, 19.6460816849313 ], [ -155.271547187088572, 19.646080285965205 ], [ -155.270833631284063, 19.646051728072415 ], [ -155.268336197035381, 19.646047965960488 ], [ -155.267698214930903, 19.645719641139564 ], [ -155.266179232611137, 19.646762794744479 ], [ -155.265117992094844, 19.646761082780547 ], [ -155.26424830183052, 19.645933651401407 ], [ -155.26456037790939, 19.645661549509295 ], [ -155.264561129899334, 19.645388259230433 ], [ -155.264578897081435, 19.644982634612859 ], [ -155.264580860682969, 19.64405491543874 ], [ -155.264884339323231, 19.643768360331421 ], [ -155.266514873765601, 19.643304278418874 ], [ -155.267309599043926, 19.64295920431945 ], [ -155.269202131322658, 19.640648183217618 ], [ -155.270939876013074, 19.639454905510316 ], [ -155.272116636128175, 19.639864176924849 ], [ -155.272690758745938, 19.639864987033306 ], [ -155.273085885257785, 19.640682006572153 ], [ -155.274073684278505, 19.64072152627746 ], [ -155.274679574031296, 19.640458403398281 ], [ -155.277151787854024, 19.638650935339612 ], [ -155.279432095667744, 19.638654026724961 ], [ -155.280002917947627, 19.63867694748912 ], [ -155.280434210336324, 19.638677418117609 ], [ -155.281530426524313, 19.639241706332598 ], [ -155.283410040890971, 19.637747520099794 ], [ -155.283203205524103, 19.636166287320439 ] ] ] } },
{ "type": "Feature", "properties": { "ID": 62, "GRIDCODE": 2 }, "geometry": { "type": "Polygon", "coordinates": [ [ [ -155.386913999072505, 19.635845291779429 ], [ -155.387576470882664, 19.636039158917445 ], [ -155.38771848508182, 19.637347362109363 ], [ -155.386112926830549, 19.637579163354374 ], [ -155.386986882298316, 19.638271616245479 ], [ -155.385561458539797, 19.638134039167344 ], [ -155.385313858847326, 19.637828231720896 ], [ -155.384624127618935, 19.637281961404799 ], [ -155.386604260411673, 19.636196197554721 ], [ -155.386913999072505, 19.635845291779429 ] ] ] } },
{ "type": "Feature", "properties": { "ID": 63, "GRIDCODE": 2 }, "geometry": { "type": "Polygon", "coordinates": [ [ [ -155.306462014776429, 19.63096173457653 ], [ -155.306898045953091, 19.631095986334145 ], [ -155.307155737396471, 19.631392043167448 ], [ -155.30932742176546, 19.631751466359617 ], [ -155.310301023542308, 19.631435228210304 ], [ -155.311020300385962, 19.631504973159018 ], [ -155.311878402270878, 19.631457293725795 ], [ -155.31287604298339, 19.631553889529027 ], [ -155.313734146179797, 19.631506201168772 ], [ -155.314161710204871, 19.631547482467628 ], [ -155.31491422341324, 19.631505817268124 ], [ -155.314807365649386, 19.632495660595055 ], [ -155.315849576682695, 19.632962161222867 ], [ -155.317622332123221, 19.632541198351689 ], [ -155.31797403036623, 19.633022086284591 ], [ -155.317096896348488, 19.633707500323929 ], [ -155.317124555063657, 19.634157959343057 ], [ -155.317007708587568, 19.635243553094487 ], [ -155.313963567974412, 19.636044179156922 ], [ -155.313042896984427, 19.635532579745973 ], [ -155.312355731757123, 19.635570553052556 ], [ -155.311928158469044, 19.635529265810778 ], [ -155.31164211917789, 19.635545070257475 ], [ -155.310929504221889, 19.6354759906658 ], [ -155.310214400709896, 19.635515761131149 ], [ -155.30851414897063, 19.635351056696763 ], [ -155.308194662050738, 19.63682843878108 ], [ -155.305441067146148, 19.636561703626079 ], [ -155.304743561576231, 19.636174129462631 ], [ -155.30254239004401, 19.636296171385045 ], [ -155.30118761183266, 19.636736150359102 ], [ -155.300206699039677, 19.63637180205842 ], [ -155.299334627620766, 19.636103262356883 ], [ -155.29864100426451, 19.63571759694889 ], [ -155.298231663059653, 19.635246857031316 ], [ -155.297600923773246, 19.635281970675017 ], [ -155.298542649478293, 19.634192253532508 ], [ -155.299111610575494, 19.633371868847963 ], [ -155.29999515517494, 19.633139478725873 ], [ -155.300551698780225, 19.632860175290766 ], [ -155.301234168737068, 19.632588219373002 ], [ -155.302280233296074, 19.632689571590394 ], [ -155.303565712263946, 19.632618213468778 ], [ -155.305270169221217, 19.631525370309333 ], [ -155.306326517418256, 19.63110433109323 ], [ -155.306462014776429, 19.63096173457653 ] ] ] } },
{ "type": "Feature", "properties": { "ID": 64, "GRIDCODE": 2 }, "geometry": { "type": "Polygon", "coordinates": [ [ [ -155.319906914708525, 19.630154814090272 ], [ -155.320366764290014, 19.630321770455023 ], [ -155.321376927986563, 19.630285351282421 ], [ -155.320860255049865, 19.631142315449306 ], [ -155.320892499084323, 19.63195500464656 ], [ -155.319733403010105, 19.632894236268662 ], [ -155.320569942424072, 19.633278786233909 ], [ -155.320249331242564, 19.633538404676649 ], [ -155.320266357068192, 19.633966178500529 ], [ -155.318979929437717, 19.634493873795769 ], [ -155.318349246794583, 19.635724371173602 ], [ -155.317362213774601, 19.635601586086697 ], [ -155.317944341096592, 19.635129787609692 ], [ -155.318692834581981, 19.634066912401739 ], [ -155.319213152589043, 19.633051168730084 ], [ -155.318818601534161, 19.631097869130848 ], [ -155.319470815287275, 19.630830240751163 ], [ -155.319906914708525, 19.630154814090272 ] ] ] } },
{ "type": "Feature", "properties": { "ID": 65, "GRIDCODE": 2 }, "geometry": { "type": "Polygon", "coordinates": [ [ [ -155.297349804599037, 19.629691568395224 ], [ -155.297746820264251, 19.630017996005286 ], [ -155.297814329909528, 19.630820561917368 ], [ -155.297255783151741, 19.631430488926714 ], [ -155.296576315108894, 19.63169323982779 ], [ -155.295112117716457, 19.632526089341216 ], [ -155.294133333894479, 19.632411016660921 ], [ -155.293118858093919, 19.632975313355374 ], [ -155.292568877130861, 19.633575618671514 ], [ -155.289282343407507, 19.634773906414289 ], [ -155.288329439414525, 19.635813377053502 ], [ -155.286773943759584, 19.635931113498522 ], [ -155.285776284657544, 19.635496563619633 ], [ -155.286248690645095, 19.63475300284858 ], [ -155.2865550336262, 19.634121518601727 ], [ -155.287130198804618, 19.633688544357959 ], [ -155.287513863851757, 19.632897152687185 ], [ -155.289114330301345, 19.632278380871231 ], [ -155.289173887322278, 19.631823649855583 ], [ -155.289130507537124, 19.631308113329567 ], [ -155.290314362149559, 19.631020912407845 ], [ -155.29084687201609, 19.631083445934564 ], [ -155.291202291388345, 19.63052459498768 ], [ -155.291586503520904, 19.629732408809925 ], [ -155.292038325542336, 19.630271174480495 ], [ -155.292630505546498, 19.630529212915334 ], [ -155.292979694231065, 19.630945591650331 ], [ -155.294891974180302, 19.631494907443173 ], [ -155.295834334902423, 19.631130529112081 ], [ -155.296315621877142, 19.630605185684548 ], [ -155.296950932813985, 19.630126892008192 ], [ -155.297349804599037, 19.629691568395224 ] ] ] } },
{ "type": "Feature", "properties": { "ID": 66, "GRIDCODE": 2 }, "geometry": { "type": "Polygon", "coordinates": [ [ [ -155.398731098633249, 19.631209982931342 ], [ -155.39907706037269, 19.631309700905355 ], [ -155.39882134454669, 19.63154170007779 ], [ -155.398731098633249, 19.631209982931342 ] ] ] } },
{ "type": "Feature", "properties": { "ID": 67, "GRIDCODE": 2 }, "geometry": { "type": "Polygon", "coordinates": [ [ [ -155.389878660215828, 19.63103240614603 ], [ -155.39113447240166, 19.631541117214866 ], [ -155.390114579859386, 19.632758315728079 ], [ -155.38940962531467, 19.63284249322523 ], [ -155.388585084259745, 19.632710143225864 ], [ -155.388502803848979, 19.633170305678544 ], [ -155.388663344001372, 19.634374199576555 ], [ -155.388207511309901, 19.634122632628856 ], [ -155.387565335281238, 19.632474207261509 ], [ -155.38855442807386, 19.63193578097647 ], [ -155.389359481540197, 19.631642138696098 ], [ -155.389878660215828, 19.63103240614603 ] ] ] } },
{ "type": "Feature", "properties": { "ID": 68, "GRIDCODE": 2 }, "geometry": { "type": "Polygon", "coordinates": [ [ [ -155.378553441916296, 19.626473551181935 ], [ -155.379007139008337, 19.626619620803677 ], [ -155.37894132576227, 19.62763814133088 ], [ -155.380461183472903, 19.628013720129786 ], [ -155.380952391988416, 19.628005105314539 ], [ -155.381334825530246, 19.628816416665607 ], [ -155.382216210785288, 19.627581418630754 ], [ -155.382675578905463, 19.628072301957442 ], [ -155.382634251674915, 19.628721234351698 ], [ -155.382647772355853, 19.629412508454422 ], [ -155.382041543409258, 19.629922128071229 ], [ -155.381727305921828, 19.630797398291669 ], [ -155.381737640964673, 19.631307001776893 ], [ -155.381127346310052, 19.632345756107895 ], [ -155.381295422263406, 19.632614015037444 ], [ -155.38258839657999, 19.631015897313752 ], [ -155.383042213812274, 19.630634589749139 ], [ -155.383463263884096, 19.630221428554076 ], [ -155.383765802157512, 19.629967397880566 ], [ -155.384068183115062, 19.62967053919326 ], [ -155.384058610711776, 19.629151433632597 ], [ -155.384571836208295, 19.628359463194961 ], [ -155.384911603993061, 19.62945725671851 ], [ -155.385206554059465, 19.629168176647941 ], [ -155.385480664055933, 19.629460769550736 ], [ -155.385771483078969, 19.629455778704113 ], [ -155.386221191277258, 19.629481738128643 ], [ -155.38660471775907, 19.63029544338043 ], [ -155.387125519354441, 19.630286350001555 ], [ -155.38746018575236, 19.630341716115982 ], [ -155.386877845501459, 19.630831479072217 ], [ -155.386441323027952, 19.63166174282162 ], [ -155.385280535702691, 19.631594785353965 ], [ -155.381881546767204, 19.633822775136299 ], [ -155.381366310557922, 19.634802378648267 ], [ -155.380653003114645, 19.634761051503638 ], [ -155.379795586312952, 19.634776032200545 ], [ -155.379077818552901, 19.634734608992268 ], [ -155.378509291989417, 19.635004945967271 ], [ -155.37821950889375, 19.634988268121493 ], [ -155.377477646216647, 19.635001072315674 ], [ -155.376968770760953, 19.635969420212724 ], [ -155.375634763610066, 19.636533331807485 ], [ -155.375315823604495, 19.636845698835877 ], [ -155.374745729240743, 19.636812786927486 ], [ -155.373609206581477, 19.637353437810301 ], [ -155.373020723899373, 19.63731935607996 ], [ -155.371346740550564, 19.637616255297637 ], [ -155.371020875477484, 19.63726867118805 ], [ -155.370437537543609, 19.637278830359982 ], [ -155.370447808642979, 19.637814333773147 ], [ -155.370404143492209, 19.638490171571966 ], [ -155.370422446774853, 19.639437420245546 ], [ -155.369888830059011, 19.639692569960278 ], [ -155.369579048893002, 19.638332872604746 ], [ -155.369132566923327, 19.638063737546471 ], [ -155.368709363395794, 19.638867512647419 ], [ -155.368133695464735, 19.638834201857993 ], [ -155.367397399083501, 19.638847074129885 ], [ -155.366978237911127, 19.639644316752328 ], [ -155.365335156958281, 19.639980109181241 ], [ -155.365938189022813, 19.640532623126102 ], [ -155.364907175173585, 19.640945288359571 ], [ -155.36396776473066, 19.639942926837424 ], [ -155.365001817828016, 19.639073279899822 ], [ -155.365704230353998, 19.638384865732185 ], [ -155.366158103881418, 19.638003610799924 ], [ -155.366711009611521, 19.637461785942719 ], [ -155.367025309580242, 19.637480035942467 ], [ -155.368599649115879, 19.637123009004362 ], [ -155.369346541663361, 19.636391066238371 ], [ -155.369336568377975, 19.635892048646401 ], [ -155.370496389201435, 19.635655098241227 ], [ -155.371508823775457, 19.635024463706483 ], [ -155.371955878488194, 19.633779176597201 ], [ -155.372270629451521, 19.632982981173008 ], [ -155.372263673589487, 19.632622275314034 ], [ -155.374347490252887, 19.630299230946171 ], [ -155.374951279780504, 19.627613769247322 ], [ -155.375123875837517, 19.627357134088623 ], [ -155.375612248770921, 19.628393961123294 ], [ -155.376671700894036, 19.62735608673453 ], [ -155.377537661714996, 19.627406052389006 ], [ -155.377959277366529, 19.626992651909084 ], [ -155.378413090469962, 19.626611355861268 ], [ -155.378553441916296, 19.626473551181935 ] ] ] } },
{ "type": "Feature", "properties": { "ID": 69, "GRIDCODE": 2 }, "geometry": { "type": "Polygon", "coordinates": [ [ [ -155.385133222024336, 19.626064587662544 ], [ -155.385510605635091, 19.626255103457503 ], [ -155.385261571433801, 19.627209941403727 ], [ -155.384625710203125, 19.627498775209101 ], [ -155.384421153273991, 19.627862632415344 ], [ -155.383766924874891, 19.628149242754347 ], [ -155.383459637567825, 19.627519731351217 ], [ -155.383677875925599, 19.62711808473702 ], [ -155.383459157313297, 19.626669582297342 ], [ -155.384895535302945, 19.626487786526571 ], [ -155.385133222024336, 19.626064587662544 ] ] ] } },
{ "type": "Feature", "properties": { "ID": 70, "GRIDCODE": 2 }, "geometry": { "type": "Polygon", "coordinates": [ [ [ -155.347155871758559, 19.625296987595753 ], [ -155.348333701416152, 19.625642086127439 ], [ -155.347823769543027, 19.627662642234519 ], [ -155.346575074615686, 19.627489768651564 ], [ -155.345214154729319, 19.628355304221014 ], [ -155.344070537153726, 19.629184274651166 ], [ -155.343093664215075, 19.62861299597327 ], [ -155.341379465581042, 19.629407605663115 ], [ -155.340745532035328, 19.630125329364535 ], [ -155.339621213247398, 19.630741603718427 ], [ -155.338858407752326, 19.631605515789474 ], [ -155.336076785312315, 19.631220000459653 ], [ -155.335060221742197, 19.631758609687612 ], [ -155.333315346520493, 19.632353461611462 ], [ -155.331974784219199, 19.632687189409758 ], [ -155.33111802672903, 19.63314127523638 ], [ -155.330296446440514, 19.63249009874388 ], [ -155.331428298684443, 19.631593320012389 ], [ -155.332470329162959, 19.631333861830683 ], [ -155.33319536378707, 19.630512826437688 ], [ -155.334036348570436, 19.630629370717539 ], [ -155.335579992904655, 19.630049702966883 ], [ -155.336046149633034, 19.629522074951716 ], [ -155.338110830294767, 19.629142531429352 ], [ -155.338956664785115, 19.628528788757162 ], [ -155.339390400471729, 19.627609535473255 ], [ -155.340800931472359, 19.627805049197008 ], [ -155.342742726019338, 19.626740955260022 ], [ -155.343507206869191, 19.625874939562717 ], [ -155.34385649645489, 19.625923544276457 ], [ -155.344285945476543, 19.625881788744568 ], [ -155.344723123330141, 19.625942223758535 ], [ -155.345626110937729, 19.625463889310577 ], [ -155.345513012727082, 19.626195921883699 ], [ -155.346747594772353, 19.625759214396368 ], [ -155.347155871758559, 19.625296987595753 ] ] ] } },
{ "type": "Feature", "properties": { "ID": 71, "GRIDCODE": 2 }, "geometry": { "type": "Polygon", "coordinates": [ [ [ -155.369907897072068, 19.629818135342962 ], [ -155.369817713630937, 19.629486413190765 ], [ -155.369561966371435, 19.629718364461187 ], [ -155.369907897072068, 19.629818135342962 ], [ -155.370028833387295, 19.62997336823614 ], [ -155.370350831132697, 19.630219365870719 ], [ -155.370299818813436, 19.630502769698964 ], [ -155.370439228920844, 19.631548421026928 ], [ -155.369867438019924, 19.631616705643879 ], [ -155.369106313514862, 19.631494537294802 ], [ -155.368242173312296, 19.631809358629578 ], [ -155.368795108975661, 19.63223184852616 ], [ -155.36825541066878, 19.632609528851905 ], [ -155.367819820049476, 19.633121482709971 ], [ -155.367404118202103, 19.633171236737489 ], [ -155.366594070788835, 19.633040930876128 ], [ -155.366094288595747, 19.633627976945686 ], [ -155.365535360226829, 19.633694656080561 ], [ -155.364927683902323, 19.633596983782919 ], [ -155.363712207592272, 19.63444710422991 ], [ -155.363181327259099, 19.636115991530492 ], [ -155.362350236394292, 19.637091773998417 ], [ -155.361858232435736, 19.636837826242179 ], [ -155.362249197859228, 19.63625229373206 ], [ -155.362161386054282, 19.63559336237978 ], [ -155.363108735998793, 19.634435157412934 ], [ -155.363398036291329, 19.633259930937243 ], [ -155.364107480456966, 19.631713607277145 ], [ -155.36518688295223, 19.630958271633805 ], [ -155.365707376774736, 19.629822870554996 ], [ -155.366789681018673, 19.6302513088899 ], [ -155.367524041931034, 19.629851660524238 ], [ -155.368121146672763, 19.629947522616146 ], [ -155.368997452858451, 19.628917897061715 ], [ -155.370770682220268, 19.627677188866695 ], [ -155.372220308425767, 19.625789158997193 ], [ -155.372738994355132, 19.625426370114241 ], [ -155.373122394134867, 19.624975731438248 ], [ -155.373613866516365, 19.624631951894305 ], [ -155.374219722643659, 19.623716584862333 ], [ -155.375932935718396, 19.62278388517446 ], [ -155.376262615388242, 19.623060426068374 ], [ -155.376075679853841, 19.624105316035816 ], [ -155.376773080429047, 19.623883574943871 ], [ -155.377047579275398, 19.623561053546709 ], [ -155.377388715592048, 19.623998545747895 ], [ -155.378380123453752, 19.622833191512267 ], [ -155.378576501882947, 19.623207230837018 ], [ -155.377823489157151, 19.624092424275609 ], [ -155.376999279694928, 19.624669009326478 ], [ -155.377064744434648, 19.625158045753803 ], [ -155.376159475089764, 19.625766035437589 ], [ -155.37554627968899, 19.625989470446097 ], [ -155.374421883800409, 19.626813759933668 ], [ -155.373517054900788, 19.627301994289891 ], [ -155.372752673073052, 19.629162625308354 ], [ -155.372063401233589, 19.62924493701798 ], [ -155.371412367951251, 19.629140333577134 ], [ -155.370327341329158, 19.629403126613749 ], [ -155.370071728724184, 19.629703546481526 ], [ -155.369907897072068, 19.629818135342962 ] ] ] } },
{ "type": "Feature", "properties": { "ID": 72, "GRIDCODE": 2 }, "geometry": { "type": "Polygon", "coordinates": [ [ [ -155.388371138056954, 19.621798584021533 ], [ -155.389351502609742, 19.621996442460869 ], [ -155.388627602249073, 19.622605502603331 ], [ -155.387675489307583, 19.623538823145552 ], [ -155.386945520974109, 19.623221742755796 ], [ -155.387351139584524, 19.62244953811026 ], [ -155.387976945366859, 19.622185073452759 ], [ -155.388371138056954, 19.621798584021533 ] ] ] } },
{ "type": "Feature", "properties": { "ID": 73, "GRIDCODE": 2 }, "geometry": { "type": "Polygon", "coordinates": [ [ [ -155.161986121263539, 19.616297336255244 ], [ -155.162669595068166, 19.616479220890049 ], [ -155.162322151091928, 19.617226898010831 ], [ -155.161788932809515, 19.616989545282191 ], [ -155.161986121263539, 19.616297336255244 ] ] ] } },
{ "type": "Feature", "properties": { "ID": 74, "GRIDCODE": 2 }, "geometry": { "type": "Polygon", "coordinates": [ [ [ -155.393547211209835, 19.620278308134591 ], [ -155.394226883657296, 19.620923996781766 ], [ -155.394792514813048, 19.622604175898033 ], [ -155.393915387436437, 19.622854637833349 ], [ -155.393629254684839, 19.623124879855695 ], [ -155.392779589084086, 19.623494579064552 ], [ -155.395860446459352, 19.624128941140434 ], [ -155.395859704578726, 19.625611663607586 ], [ -155.394220713998806, 19.625547078587818 ], [ -155.392435705999532, 19.626323879238928 ], [ -155.39152818884611, 19.627408529351818 ], [ -155.391028176451726, 19.628334814921047 ], [ -155.38921348575704, 19.628715516182972 ], [ -155.387504366109596, 19.629763946912288 ], [ -155.387487471259419, 19.629222487647411 ], [ -155.387785106867881, 19.628962799189441 ], [ -155.388077315098855, 19.628421999287383 ], [ -155.388949731575451, 19.627660492108404 ], [ -155.389261909453438, 19.626550948905479 ], [ -155.3895722634999, 19.625747218769629 ], [ -155.389177079067025, 19.624980338910291 ], [ -155.389880833134413, 19.624673816504579 ], [ -155.390453120475826, 19.624133082505978 ], [ -155.391047228069823, 19.623614460674752 ], [ -155.391508266033526, 19.622359069459513 ], [ -155.392520322123175, 19.621738330044977 ], [ -155.393373240649851, 19.621772092907424 ], [ -155.393547211209835, 19.620278308134591 ] ] ] } },
{ "type": "Feature", "properties": { "ID": 75, "GRIDCODE": 2 }, "geometry": { "type": "Polygon", "coordinates": [ [ [ -155.393547211209835, 19.620278308134591 ], [ -155.393201277263415, 19.620178583681888 ], [ -155.393456978855369, 19.6199465907156 ], [ -155.393547211209835, 19.620278308134591 ] ] ] } },
{ "type": "Feature", "properties": { "ID": 76, "GRIDCODE": 2 }, "geometry": { "type": "Polygon", "coordinates": [ [ [ -155.315838376189646, 19.608146760637712 ], [ -155.315492541732738, 19.608046898164421 ], [ -155.315748313085663, 19.607815030488236 ], [ -155.315838376189646, 19.608146760637712 ] ] ] } },
{ "type": "Feature", "properties": { "ID": 77, "GRIDCODE": 2 }, "geometry": { "type": "Polygon", "coordinates": [ [ [ -155.315838376189646, 19.608146760637712 ], [ -155.316716897798784, 19.608494898734687 ], [ -155.317151344370188, 19.607130323650907 ], [ -155.317909857870831, 19.606600002252236 ], [ -155.31846242860334, 19.6059510073813 ], [ -155.319956333796341, 19.605145219131884 ], [ -155.320984385154219, 19.605761783625123 ], [ -155.320758853999621, 19.607018039694928 ], [ -155.318318159982482, 19.609980972263859 ], [ -155.31662534010303, 19.611164890144231 ], [ -155.315061207502282, 19.610912933109685 ], [ -155.314240005236712, 19.611010829432789 ], [ -155.313939586990671, 19.610802989317715 ], [ -155.316095977331486, 19.61028122720538 ], [ -155.315938343287456, 19.60909617235464 ], [ -155.315987539214802, 19.608822539155888 ], [ -155.315838376189646, 19.608146760637712 ] ] ] } },
{ "type": "Feature", "properties": { "ID": 78, "GRIDCODE": 2 }, "geometry": { "type": "Polygon", "coordinates": [ [ [ -155.323657628330238, 19.603434513027238 ], [ -155.328069132938708, 19.603657808938571 ], [ -155.32619634202959, 19.604248964004459 ], [ -155.324784704448007, 19.604112554372147 ], [ -155.324355726390593, 19.604136305488101 ], [ -155.32379185472999, 19.604081700401498 ], [ -155.322085453726487, 19.606234452629593 ], [ -155.321917362840537, 19.605604811534768 ], [ -155.32234942207586, 19.604906551504676 ], [ -155.322656317276028, 19.604290583066629 ], [ -155.323386714202769, 19.603719744973258 ], [ -155.323657628330238, 19.603434513027238 ] ] ] } },
{ "type": "Feature", "properties": { "ID": 79, "GRIDCODE": 2 }, "geometry": { "type": "Polygon", "coordinates": [ [ [ -155.351851007639141, 19.632430097413707 ], [ -155.350931901798788, 19.632558940748982 ], [ -155.350286593803162, 19.632941818060768 ], [ -155.351543197096561, 19.63279180984571 ], [ -155.351851007639141, 19.632430097413707 ], [ -155.353174856722461, 19.632588076065055 ], [ -155.353698521101592, 19.633168088868509 ], [ -155.354406055621638, 19.633142526540087 ], [ -155.35487561811874, 19.63317848453914 ], [ -155.354803634126796, 19.63401841937905 ], [ -155.353686266048811, 19.633932575638056 ], [ -155.351701049428186, 19.635409860056587 ], [ -155.348821849624841, 19.635188289269308 ], [ -155.347971330609909, 19.633790102511984 ], [ -155.348707408169219, 19.633193642812152 ], [ -155.349122032630106, 19.632772250733588 ], [ -155.349696861531896, 19.632816440089442 ], [ -155.3503742738705, 19.631852935060675 ], [ -155.351172295870697, 19.631205909892639 ], [ -155.353538266074281, 19.628802699950494 ], [ -155.354148940979826, 19.627061982764246 ], [ -155.354102857765412, 19.62591566234758 ], [ -155.354556132192869, 19.624794270599285 ], [ -155.355049420223168, 19.623976093329887 ], [ -155.355367646553276, 19.622039641658755 ], [ -155.356883399556551, 19.620810773851829 ], [ -155.358002605583977, 19.619673515979095 ], [ -155.358572940408266, 19.619717315285808 ], [ -155.359037169851035, 19.619245877932904 ], [ -155.359469738024814, 19.617283176236292 ], [ -155.359782731871832, 19.616763471795231 ], [ -155.36007128285371, 19.615941922313961 ], [ -155.360541322763169, 19.615162373847227 ], [ -155.360964434648963, 19.614335878572874 ], [ -155.361609211875106, 19.61407109847994 ], [ -155.362328080985037, 19.613340457047993 ], [ -155.362726310834177, 19.612206022230218 ], [ -155.363311082497944, 19.611731454859118 ], [ -155.363613321020637, 19.610870520933677 ], [ -155.364217891930736, 19.610086011342176 ], [ -155.364783614903615, 19.608473849342754 ], [ -155.365824718285666, 19.607875525633244 ], [ -155.367419404469075, 19.607443805935937 ], [ -155.368254488966414, 19.606256049372128 ], [ -155.368608544145701, 19.605247321811802 ], [ -155.369193273015242, 19.604772728201858 ], [ -155.369708811252423, 19.604248890084097 ], [ -155.370353536403542, 19.603984069623394 ], [ -155.370629850107548, 19.603703622079436 ], [ -155.371507767750728, 19.602991470646426 ], [ -155.373149546092804, 19.602546894434113 ], [ -155.374668692911598, 19.601003063063061 ], [ -155.375088813425492, 19.601921666294384 ], [ -155.376379881794804, 19.602736737781047 ], [ -155.376644277842786, 19.602987374075123 ], [ -155.374704358659613, 19.60513338308601 ], [ -155.372327288313386, 19.606893594928938 ], [ -155.373095377710314, 19.607272288825637 ], [ -155.375663743502685, 19.605838156610968 ], [ -155.37661337889628, 19.604365579025483 ], [ -155.377332179233264, 19.60358331251663 ], [ -155.378034521130246, 19.604680210951486 ], [ -155.378478185846603, 19.605072177825299 ], [ -155.379004053917299, 19.605654805608904 ], [ -155.379637009989068, 19.606213945411021 ], [ -155.379966424556159, 19.60769668317705 ], [ -155.380598713059783, 19.607987231590368 ], [ -155.381133318775284, 19.608579018942205 ], [ -155.382240548436243, 19.608538635888046 ], [ -155.382993538710878, 19.608596599333826 ], [ -155.383356292854984, 19.609389002515979 ], [ -155.383651714783099, 19.60965030024224 ], [ -155.384189173345334, 19.610489302771899 ], [ -155.385032307478582, 19.610458663879037 ], [ -155.385552781994193, 19.61103482520118 ], [ -155.38618509607403, 19.611325357526674 ], [ -155.386589712356709, 19.612666590960945 ], [ -155.387023821580556, 19.615732493360305 ], [ -155.388409180066986, 19.615682068772333 ], [ -155.388330559327642, 19.616603065060989 ], [ -155.38740999809113, 19.617349864518928 ], [ -155.386082709015966, 19.617248124570839 ], [ -155.385083807789641, 19.617879930854247 ], [ -155.383948563935235, 19.618346151304344 ], [ -155.382672515630929, 19.618248323288668 ], [ -155.382023775174645, 19.618565707000656 ], [ -155.381008860704327, 19.618840561666623 ], [ -155.379914946868354, 19.618756688210201 ], [ -155.379138080460535, 19.619861082676952 ], [ -155.377392284954539, 19.620208960077861 ], [ -155.37655002888016, 19.620621023722506 ], [ -155.375660839428974, 19.620986140797566 ], [ -155.374538192408238, 19.621535552778273 ], [ -155.373648994747242, 19.621900658326251 ], [ -155.371940326855537, 19.622854574900735 ], [ -155.371053380591576, 19.622374338741075 ], [ -155.369931546793453, 19.622415137110142 ], [ -155.368933431127488, 19.622338414736205 ], [ -155.367125327245361, 19.622403929967511 ], [ -155.36773913942767, 19.62294633859787 ], [ -155.367510196427759, 19.623400877871084 ], [ -155.365921304883045, 19.622824224943887 ], [ -155.364905257297266, 19.623321005517255 ], [ -155.364361902975276, 19.624382457403566 ], [ -155.362820927985297, 19.624799615265427 ], [ -155.362157401376834, 19.625473480235499 ], [ -155.361850490759025, 19.625722624215591 ], [ -155.361568020838575, 19.626273611876595 ], [ -155.360665617776903, 19.62759344406393 ], [ -155.360378879407278, 19.628333346548981 ], [ -155.361621313097686, 19.627548025115239 ], [ -155.36270992400884, 19.627101111216309 ], [ -155.362688098252249, 19.626559297006786 ], [ -155.362717719962944, 19.626210436038306 ], [ -155.364170546482512, 19.626610959994725 ], [ -155.364848463588004, 19.626586339141308 ], [ -155.366672294521891, 19.624733419543624 ], [ -155.36754231676565, 19.624800166943182 ], [ -155.368667247304302, 19.624250322921725 ], [ -155.369600368677681, 19.624091527534699 ], [ -155.367281909345678, 19.625561765172176 ], [ -155.366257514245689, 19.626602136247421 ], [ -155.365071310469062, 19.626923388027659 ], [ -155.364632418941881, 19.62778049964146 ], [ -155.364677497794787, 19.62890037315265 ], [ -155.364617671954619, 19.629599406561518 ], [ -155.363537079573717, 19.629516486417071 ], [ -155.362915344343662, 19.629820589539317 ], [ -155.362076497527511, 19.629756033123098 ], [ -155.360182585646783, 19.630357135699327 ], [ -155.359188061221261, 19.629995994286638 ], [ -155.35832776562799, 19.630610078059075 ], [ -155.359124473148228, 19.632072428251597 ], [ -155.356762190058646, 19.632657392136707 ], [ -155.355526317236922, 19.631988403112306 ], [ -155.352166250680028, 19.632109772074358 ], [ -155.351851007639141, 19.632430097413707 ] ] ] } },
{ "type": "Feature", "properties": { "ID": 80, "GRIDCODE": 2 }, "geometry": { "type": "Polygon", "coordinates": [ [ [ -155.329180293004697, 19.599216392065784 ], [ -155.330721301123958, 19.599378131860878 ], [ -155.330469124961695, 19.600214898168726 ], [ -155.328413283195005, 19.600393953974855 ], [ -155.328040121714679, 19.600883289966877 ], [ -155.327436693822108, 19.600998650775519 ], [ -155.326764892177977, 19.600538744143346 ], [ -155.32789974040648, 19.60016249302754 ], [ -155.328362608819674, 19.599554979235318 ], [ -155.329034034187146, 19.599712208893202 ], [ -155.329180293004697, 19.599216392065784 ] ] ] } },
{ "type": "Feature", "properties": { "ID": 81, "GRIDCODE": 2 }, "geometry": { "type": "Polygon", "coordinates": [ [ [ -155.372040688391508, 19.598461301827957 ], [ -155.372767348961901, 19.59859622366319 ], [ -155.374144733707112, 19.599466178981206 ], [ -155.374888016383579, 19.599780654074493 ], [ -155.374443255365861, 19.600284261032819 ], [ -155.373898829443448, 19.60067959178771 ], [ -155.373270895374787, 19.601614087529807 ], [ -155.372092257290376, 19.601830885902682 ], [ -155.371254148094266, 19.602385501839528 ], [ -155.370354932150718, 19.602878610084588 ], [ -155.36925461774058, 19.60360662286557 ], [ -155.369149239458721, 19.602635411690812 ], [ -155.369702752282905, 19.602233672674988 ], [ -155.370093733312444, 19.601790587875428 ], [ -155.370539489169062, 19.601467032801526 ], [ -155.370998839104999, 19.599643331321513 ], [ -155.372040688391508, 19.598461301827957 ] ] ] } },
{ "type": "Feature", "properties": { "ID": 82, "GRIDCODE": 1 }, "geometry": { "type": "Polygon", "coordinates": [ [ [ -155.833410781987311, 19.569529641233313 ], [ -155.833157201181223, 19.569314689629312 ], [ -155.832316089528376, 19.56707329686424 ], [ -155.83301224690905, 19.566654483091156 ], [ -155.833764537803091, 19.566446620434235 ], [ -155.834294865814314, 19.567204044920377 ], [ -155.833569807006967, 19.56765990721679 ], [ -155.833410781987311, 19.569529641233313 ] ] ] } },
{ "type": "Feature", "properties": { "ID": 83, "GRIDCODE": 2 }, "geometry": { "type": "Polygon", "coordinates": [ [ [ -155.82905866498848, 19.558350764723205 ], [ -155.830275424398593, 19.558555147129379 ], [ -155.831055500365494, 19.558493752693256 ], [ -155.832003263749129, 19.558602164256278 ], [ -155.83260459603224, 19.558950949205595 ], [ -155.83116900244184, 19.559323190941473 ], [ -155.830616687711398, 19.559691904651437 ], [ -155.831747974387838, 19.559602830606881 ], [ -155.832033003112912, 19.559635339586581 ], [ -155.834349228888499, 19.559452554483435 ], [ -155.835159854877162, 19.559755554267738 ], [ -155.833923274217341, 19.560693253850705 ], [ -155.831437348216326, 19.560408686726223 ], [ -155.830877057698132, 19.56070004319097 ], [ -155.829872994181557, 19.560531399354176 ], [ -155.829635228256592, 19.559580248354795 ], [ -155.82905866498848, 19.558350764723205 ] ] ] } },
{ "type": "Feature", "properties": { "ID": 84, "GRIDCODE": 1 }, "geometry": { "type": "Polygon", "coordinates": [ [ [ -155.917263350295059, 19.546881144678466 ], [ -155.918249232516871, 19.547188361408249 ], [ -155.917462147116254, 19.547532469544656 ], [ -155.917263350295059, 19.546881144678466 ] ] ] } },
{ "type": "Feature", "properties": { "ID": 85, "GRIDCODE": 2 }, "geometry": { "type": "Polygon", "coordinates": [ [ [ -155.833410781987311, 19.569529641233313 ], [ -155.833569807006967, 19.56765990721679 ], [ -155.834294865814314, 19.567204044920377 ], [ -155.833764537803091, 19.566446620434235 ], [ -155.83301224690905, 19.566654483091156 ], [ -155.832316089528376, 19.56707329686424 ], [ -155.831088931355339, 19.563674524854775 ], [ -155.830417655267325, 19.561894922857473 ], [ -155.834508759875177, 19.561725343952443 ], [ -155.835463246127972, 19.56277633766971 ], [ -155.837309313950243, 19.561471162430379 ], [ -155.838636921795086, 19.559398977511989 ], [ -155.839349592186124, 19.558817524071653 ], [ -155.840449739289483, 19.557692544131591 ], [ -155.84159611086389, 19.556757179137545 ], [ -155.843246901206641, 19.556305578391981 ], [ -155.843521860203765, 19.556024259383051 ], [ -155.844580596018858, 19.555734438375183 ], [ -155.845043267885387, 19.554823844166819 ], [ -155.847286917685636, 19.554209886400614 ], [ -155.848434405145809, 19.55364445078046 ], [ -155.850163471232264, 19.552349237768286 ], [ -155.85148018520951, 19.551989036743617 ], [ -155.852030060512249, 19.55142636678433 ], [ -155.853126441128126, 19.5505315603639 ], [ -155.853659300164168, 19.551118408293235 ], [ -155.855045381125677, 19.551064297731447 ], [ -155.855512153322621, 19.551578323623517 ], [ -155.85699025200617, 19.55085013524922 ], [ -155.861294576127676, 19.550447733649897 ], [ -155.862494948028342, 19.549856144919147 ], [ -155.863087177509925, 19.549610983239887 ], [ -155.864304755139415, 19.548835886930572 ], [ -155.864929158144861, 19.549523465539291 ], [ -155.866628502093675, 19.548978596359504 ], [ -155.867951926833939, 19.548326164794478 ], [ -155.86854414485623, 19.54808098322394 ], [ -155.869395386717684, 19.547538818827352 ], [ -155.871283633931824, 19.547293364279977 ], [ -155.871699243230722, 19.547324105864103 ], [ -155.872261385407285, 19.547046919722561 ], [ -155.873483514913232, 19.546799679012317 ], [ -155.875143020708094, 19.545742845203332 ], [ -155.876507400762904, 19.545466839797434 ], [ -155.877607784582807, 19.545862727157168 ], [ -155.878289326691146, 19.545526497378617 ], [ -155.87945263131445, 19.545291154226415 ], [ -155.880013067911619, 19.545014705210626 ], [ -155.881747475365103, 19.544789218602642 ], [ -155.88259570690613, 19.544516939733136 ], [ -155.883268703562038, 19.544566644662158 ], [ -155.886507935752775, 19.54426051668672 ], [ -155.887465155979697, 19.543788578913887 ], [ -155.888277432382722, 19.543848600473197 ], [ -155.888905717373632, 19.543538911844507 ], [ -155.890159801860079, 19.544402022295753 ], [ -155.892569272151832, 19.544307593576107 ], [ -155.893772488043794, 19.544740328966355 ], [ -155.89632657741015, 19.544640141076734 ], [ -155.896293830856649, 19.545039436553235 ], [ -155.897342609726962, 19.545584268127602 ], [ -155.89858459519462, 19.544793203634438 ], [ -155.899747884883226, 19.544557724657988 ], [ -155.900596097807153, 19.54428535672568 ], [ -155.90166466919942, 19.544364265033039 ], [ -155.902312371406225, 19.544044810651911 ], [ -155.903630640601563, 19.54368370287915 ], [ -155.904883229980953, 19.544045281231728 ], [ -155.903714324524231, 19.545422893453498 ], [ -155.903434308427052, 19.54597503795587 ], [ -155.902874637174534, 19.546431937892084 ], [ -155.900261731061363, 19.546717648216806 ], [ -155.899126263745046, 19.546985341665572 ], [ -155.895165441053877, 19.546584552328575 ], [ -155.894583858606637, 19.547179357077894 ], [ -155.894262672429505, 19.547155582153568 ], [ -155.893970378152574, 19.547167212180398 ], [ -155.893417593261489, 19.546869968526803 ], [ -155.892839430158574, 19.546892807181759 ], [ -155.891939386868557, 19.546826267975842 ], [ -155.891984193232815, 19.547850748328848 ], [ -155.896208335029598, 19.547684913457086 ], [ -155.89680475550341, 19.548238894027087 ], [ -155.895370908893284, 19.548529198153052 ], [ -155.894810478143739, 19.548805696781905 ], [ -155.891923391808433, 19.549553061084069 ], [ -155.891077387753057, 19.54982462760923 ], [ -155.890199620315116, 19.55006496553036 ], [ -155.889609043958956, 19.550356265047473 ], [ -155.889060263225105, 19.550315598319962 ], [ -155.887297829096696, 19.55038490210714 ], [ -155.886217887967035, 19.549996296294374 ], [ -155.884855768056013, 19.549717321945955 ], [ -155.882682920799795, 19.550530279857099 ], [ -155.882198882334706, 19.551025436597584 ], [ -155.881892231863134, 19.551275599741633 ], [ -155.881612133350103, 19.551827698432838 ], [ -155.881182957417849, 19.552544883030372 ], [ -155.876303315591571, 19.553425979653223 ], [ -155.874629506301346, 19.552731628280402 ], [ -155.873587337603055, 19.552772544104325 ], [ -155.872588949788906, 19.552698647258726 ], [ -155.871582519033552, 19.552738055307806 ], [ -155.869256771759439, 19.551900919130276 ], [ -155.867085847664725, 19.55154166238292 ], [ -155.866251120792469, 19.551574238067786 ], [ -155.864008543451291, 19.551156050743757 ], [ -155.862759719027736, 19.551771664816393 ], [ -155.86158085934477, 19.552259963533007 ], [ -155.858083091426437, 19.552641507168037 ], [ -155.856123932674649, 19.554109181242218 ], [ -155.855559283223329, 19.554067341768889 ], [ -155.854997094237859, 19.55434446827563 ], [ -155.854404838176976, 19.554589599149413 ], [ -155.853842645818332, 19.554866721513243 ], [ -155.85273117282361, 19.554784394785234 ], [ -155.852158808962088, 19.555369680191365 ], [ -155.850357983457712, 19.55573385978051 ], [ -155.849822899199324, 19.556008003724145 ], [ -155.850438633436198, 19.558359644787192 ], [ -155.849902679114308, 19.559697115415631 ], [ -155.848744936771709, 19.559611307650624 ], [ -155.847549471710522, 19.559657849988891 ], [ -155.845944578046385, 19.560172170624675 ], [ -155.844857312039579, 19.560091801277864 ], [ -155.844304824842055, 19.560656776610273 ], [ -155.843430165493231, 19.561018834289754 ], [ -155.841807646625568, 19.561462992502825 ], [ -155.841392798301513, 19.562279475075059 ], [ -155.840666514041942, 19.562871803705601 ], [ -155.840222453396962, 19.563326009329561 ], [ -155.840255103694403, 19.564083688412886 ], [ -155.83916900680353, 19.565501119262688 ], [ -155.838502267175045, 19.565142478295407 ], [ -155.837799262305737, 19.56516981753343 ], [ -155.838181855880492, 19.567036632005244 ], [ -155.838131383169809, 19.567650052215328 ], [ -155.837408454965498, 19.568240041888924 ], [ -155.835791497896508, 19.56890927435186 ], [ -155.835062167128712, 19.569654898035516 ], [ -155.834574616838012, 19.569948597528757 ], [ -155.833410781987311, 19.569529641233313 ] ] ] } },
{ "type": "Feature", "properties": { "ID": 86, "GRIDCODE": 2 }, "geometry": { "type": "Polygon", "coordinates": [ [ [ -155.914006500923847, 19.537888839183385 ], [ -155.914268944378534, 19.538067340123717 ], [ -155.914696006298811, 19.539212083712957 ], [ -155.914925194864537, 19.540772879555401 ], [ -155.915238384387976, 19.542082551279979 ], [ -155.915336460686035, 19.543056913177221 ], [ -155.915175497847372, 19.543174491716304 ], [ -155.914808797028968, 19.543959753914578 ], [ -155.91356030898271, 19.5442753302803 ], [ -155.912332958490481, 19.544931089968419 ], [ -155.911421987435148, 19.545276754403002 ], [ -155.909973265887459, 19.546335181378577 ], [ -155.908366571788264, 19.546035799673877 ], [ -155.907172424278968, 19.545095021687402 ], [ -155.90743960235568, 19.544396139383494 ], [ -155.907766700381501, 19.543890280225042 ], [ -155.908031363763001, 19.543323053973225 ], [ -155.908391808390746, 19.542765137029694 ], [ -155.908256444130501, 19.541553975597836 ], [ -155.908970837597934, 19.540661230922364 ], [ -155.909748452414078, 19.539495055745338 ], [ -155.911005796259303, 19.538800418489256 ], [ -155.912080556742836, 19.538083871506437 ], [ -155.914006500923847, 19.537888839183385 ] ] ] } },
{ "type": "Feature", "properties": { "ID": 87, "GRIDCODE": 1 }, "geometry": { "type": "Polygon", "coordinates": [ [ [ -155.911066384462401, 19.527277086784832 ], [ -155.911220159904616, 19.527668472898526 ], [ -155.911432169504138, 19.529602656883529 ], [ -155.912290201222334, 19.531478070791803 ], [ -155.912507371641937, 19.533141536094487 ], [ -155.913025390968272, 19.534459999992393 ], [ -155.913624854739226, 19.535441875232934 ], [ -155.913857861117918, 19.537226734212187 ], [ -155.914006500923847, 19.537888839183385 ], [ -155.912080556742836, 19.538083871506437 ], [ -155.911005796259303, 19.538800418489256 ], [ -155.909748452414078, 19.539495055745338 ], [ -155.908970837597934, 19.540661230922364 ], [ -155.908256444130501, 19.541553975597836 ], [ -155.908391808390746, 19.542765137029694 ], [ -155.908031363763001, 19.543323053973225 ], [ -155.907766700381501, 19.543890280225042 ], [ -155.90743960235568, 19.544396139383494 ], [ -155.907172424278968, 19.545095021687402 ], [ -155.908366571788264, 19.546035799673877 ], [ -155.909973265887459, 19.546335181378577 ], [ -155.911421987435148, 19.545276754403002 ], [ -155.912332958490481, 19.544931089968419 ], [ -155.91356030898271, 19.5442753302803 ], [ -155.914808797028968, 19.543959753914578 ], [ -155.915175497847372, 19.543174491716304 ], [ -155.915336460686035, 19.543056913177221 ], [ -155.915437792247076, 19.545092346232902 ], [ -155.916009449991492, 19.545367634105986 ], [ -155.916843547997729, 19.545793121936534 ], [ -155.917097571103454, 19.548455292170893 ], [ -155.917047271981943, 19.549692373437679 ], [ -155.917485127069, 19.550535550018878 ], [ -155.917874094741364, 19.552174975825842 ], [ -155.91954583976937, 19.553753797426701 ], [ -155.919823755267203, 19.554925609589379 ], [ -155.920959422826058, 19.555472067972381 ], [ -155.92151946891056, 19.555773591510128 ], [ -155.920368148486176, 19.556785074473733 ], [ -155.919928653986801, 19.55799409176775 ], [ -155.920311102788474, 19.559523124789209 ], [ -155.920560150511932, 19.561157515651498 ], [ -155.921122888124387, 19.562786683891751 ], [ -155.92169882055768, 19.562238502228379 ], [ -155.922859183414573, 19.562280783993486 ], [ -155.922787900869196, 19.564036385695079 ], [ -155.922791792250933, 19.565550229738868 ], [ -155.924064949896035, 19.566162759654659 ], [ -155.924435135200468, 19.567723051567185 ], [ -155.924895602323858, 19.568158011427712 ], [ -155.924318894076094, 19.570142215681702 ], [ -155.925543519876356, 19.570447400502211 ], [ -155.925499814560737, 19.571529891094219 ], [ -155.925503126398752, 19.572883992366034 ], [ -155.925448470724433, 19.574234460141778 ], [ -155.925757929701774, 19.574526679440055 ], [ -155.926878779086366, 19.574524106651708 ], [ -155.927434866698945, 19.575258741977382 ], [ -155.925677988427225, 19.577488081843004 ], [ -155.925679372371889, 19.578032367817013 ], [ -155.925657325858509, 19.578576254071002 ], [ -155.926499601951974, 19.579668567251133 ], [ -155.926764132459454, 19.580490795002948 ], [ -155.92733593091441, 19.580766065564507 ], [ -155.927605605097455, 19.581317571251716 ], [ -155.927908714146184, 19.58190111775032 ], [ -155.928447628291082, 19.582409873983586 ], [ -155.928722234533438, 19.582701760815208 ], [ -155.927865651183794, 19.582670497262907 ], [ -155.927579851084943, 19.582968433289789 ], [ -155.928421941523396, 19.583763482636574 ], [ -155.928691623120898, 19.584314987715931 ], [ -155.928972664701263, 19.584856107724633 ], [ -155.929237212860187, 19.585678334283667 ], [ -155.929672766629892, 19.586958879358541 ], [ -155.92880227712962, 19.589952563393087 ], [ -155.929437981790471, 19.590552887262316 ], [ -155.929134277213848, 19.591087741639143 ], [ -155.929134974613646, 19.591374430530255 ], [ -155.930267602622877, 19.591919223862462 ], [ -155.930212576885907, 19.593274977943508 ], [ -155.930217342138178, 19.595170725108829 ], [ -155.930178995064182, 19.596117904291468 ], [ -155.930180243599068, 19.596566718052848 ], [ -155.930840205497645, 19.598507749121769 ], [ -155.930287580444968, 19.600409068569789 ], [ -155.93066557936001, 19.601136172423214 ], [ -155.930254457034664, 19.60185987232795 ], [ -155.931227414356613, 19.602778540058921 ], [ -155.931162190813126, 19.604391706222067 ], [ -155.932016187638226, 19.605197798534267 ], [ -155.931993620056915, 19.605754636259192 ], [ -155.932280357904034, 19.606306431455607 ], [ -155.932532506625137, 19.607960445567578 ], [ -155.93419793351157, 19.610672059623887 ], [ -155.934510658876292, 19.613944559697941 ], [ -155.934967694078381, 19.615288939993082 ], [ -155.935314775004144, 19.616750984265664 ], [ -155.935804463129102, 19.617213142855547 ], [ -155.936376992929127, 19.618384414076942 ], [ -155.936276351061622, 19.620865478575325 ], [ -155.936278869373893, 19.621821554943047 ], [ -155.937135740682407, 19.621819485403506 ], [ -155.93768571745926, 19.622944883384228 ], [ -155.937664701554752, 19.623464460162513 ], [ -155.938519101211028, 19.624270542808038 ], [ -155.938425225026663, 19.626586965370834 ], [ -155.93873137838159, 19.627810294562153 ], [ -155.938994245011429, 19.628917316400916 ], [ -155.939837153566543, 19.629712886902414 ], [ -155.940072179204122, 19.632171371566788 ], [ -155.940489114336145, 19.633397114165348 ], [ -155.940023891631682, 19.633805727035682 ], [ -155.940027507269122, 19.635205064271112 ], [ -155.940847803222425, 19.636783061112943 ], [ -155.941117290887064, 19.637350425102504 ], [ -155.940535960726493, 19.637860996425321 ], [ -155.940218086036452, 19.639006530543636 ], [ -155.940221389460589, 19.640348473561492 ], [ -155.94088039865062, 19.641615627240757 ], [ -155.941893248962259, 19.641946252515755 ], [ -155.942157915877203, 19.64276847704264 ], [ -155.94243907826467, 19.643309592754864 ], [ -155.942708880003067, 19.643861093509361 ], [ -155.943242411874991, 19.644887032142691 ], [ -155.943468644664932, 19.649019423993963 ], [ -155.943750093591461, 19.649560808506568 ], [ -155.943738733537458, 19.649836186517504 ], [ -155.9440242048004, 19.650975591910349 ], [ -155.945410811544917, 19.652283673680941 ], [ -155.945742252640031, 19.654062275888887 ], [ -155.945351228245556, 19.654750903067427 ], [ -155.946396691368648, 19.655737409985452 ], [ -155.946743911631273, 19.657199452119638 ], [ -155.947581270652961, 19.658562452238229 ], [ -155.948103813745576, 19.661027412880106 ], [ -155.949384105810424, 19.662235553584765 ], [ -155.950648587934921, 19.663527783044479 ], [ -155.95060644919883, 19.664574347991454 ], [ -155.950608890610596, 19.66552223115065 ], [ -155.950549098786723, 19.666999837952961 ], [ -155.951704250649584, 19.668406572403331 ], [ -155.952238595121884, 19.669499157349261 ], [ -155.953624313936842, 19.670806391422076 ], [ -155.954183405123473, 19.671949641169014 ], [ -155.955480624870802, 19.673834542618412 ], [ -155.955953452556997, 19.675303469930629 ], [ -155.957241080953679, 19.676870842035921 ], [ -155.957197646554874, 19.677943043213062 ], [ -155.957501032663686, 19.678229314106794 ], [ -155.957809457610551, 19.67854449680209 ], [ -155.957745402844466, 19.680131792641703 ], [ -155.957746381824563, 19.680538028709933 ], [ -155.95768725304498, 19.681997406208364 ], [ -155.95827151071768, 19.682846197330527 ], [ -155.958541416434855, 19.683397688264005 ], [ -155.95961209770033, 19.684407582772156 ], [ -155.960517574465229, 19.685768264834962 ], [ -155.960406145728598, 19.688519205240535 ], [ -155.961742417825548, 19.69046028243833 ], [ -155.962103761332145, 19.691582715548016 ], [ -155.962395288711718, 19.691581834857995 ], [ -155.963067412803497, 19.692956012954273 ], [ -155.963896757934947, 19.692953922136777 ], [ -155.964471782297949, 19.694739550168364 ], [ -155.965758932201112, 19.695159620156403 ], [ -155.966017655939311, 19.696853941965482 ], [ -155.965992667402475, 19.697468140513894 ], [ -155.965996388334048, 19.698869614085918 ], [ -155.966839488032662, 19.700094344415565 ], [ -155.967356005309398, 19.701149842976108 ], [ -155.967637331307003, 19.701690941015016 ], [ -155.967905267759676, 19.703445717074803 ], [ -155.967855634009481, 19.704670947627026 ], [ -155.968429147749021, 19.705503669957867 ], [ -155.96839662449068, 19.706310274074781 ], [ -155.968397859805691, 19.706851923946388 ], [ -155.968355922532254, 19.70789109986185 ], [ -155.968653326936703, 19.708764905094561 ], [ -155.968631884533693, 19.709294799299045 ], [ -155.968649471355974, 19.709561679761194 ], [ -155.969239508447629, 19.70900067363868 ], [ -155.969183510738617, 19.710385800112622 ], [ -155.969184078890692, 19.710681484207484 ], [ -155.970296901925366, 19.712297684552244 ], [ -155.970541368656143, 19.714202810216253 ], [ -155.971103497880279, 19.715019468310775 ], [ -155.971434773379229, 19.71679409210051 ], [ -155.97123944681951, 19.721629488493196 ], [ -155.969821642943316, 19.722038972129543 ], [ -155.969250237081269, 19.722305408725941 ], [ -155.96695251340725, 19.722532041443728 ], [ -155.964873268116492, 19.722783767751061 ], [ -155.962663700224226, 19.723458255799677 ], [ -155.959118063149759, 19.723762528575698 ], [ -155.957586706348962, 19.723706903288651 ], [ -155.946961400686575, 19.724096287871085 ], [ -155.94448184564061, 19.725922959990459 ], [ -155.942288883189178, 19.726174853782876 ], [ -155.941168510968083, 19.727239750003911 ], [ -155.938630115036545, 19.727972039580582 ], [ -155.936852688393884, 19.72861972277429 ], [ -155.935213694933395, 19.731129706183626 ], [ -155.934408468679209, 19.731482728018136 ], [ -155.932753998080557, 19.731422393931865 ], [ -155.932018884008784, 19.731423815863991 ], [ -155.931272260048189, 19.732816359668263 ], [ -155.931277225031636, 19.734806503304736 ], [ -155.932112455937585, 19.735208251818552 ], [ -155.932436076296256, 19.735870186585313 ], [ -155.933796853012097, 19.736861951768748 ], [ -155.934604188717373, 19.737686877895911 ], [ -155.936301247700442, 19.738109448788247 ], [ -155.935448955859044, 19.73960889452513 ], [ -155.935450701176791, 19.740278008913073 ], [ -155.935401188294634, 19.741495793981521 ], [ -155.93540416614573, 19.74271447768594 ], [ -155.935376719155727, 19.743391025793823 ], [ -155.935378516860851, 19.744203478263962 ], [ -155.935345852140046, 19.745006877761412 ], [ -155.925574825880062, 19.745233051694999 ], [ -155.92509516151074, 19.74321201869099 ], [ -155.924368146369233, 19.740660992271646 ], [ -155.925157315579014, 19.739968712607308 ], [ -155.925480339213038, 19.738284372589984 ], [ -155.92547015123435, 19.734092266876711 ], [ -155.924708918416371, 19.732628373876373 ], [ -155.924742085917245, 19.731815469590142 ], [ -155.92591343524694, 19.731858327941953 ], [ -155.92672672963505, 19.732689467265924 ], [ -155.927528041505241, 19.732687881555886 ], [ -155.928033328909123, 19.73539958715855 ], [ -155.92927237484227, 19.735701171488905 ], [ -155.929267024119241, 19.73348438266396 ], [ -155.928694584530831, 19.732383934056855 ], [ -155.927885568722388, 19.731620577595315 ], [ -155.927615718766191, 19.731069046199234 ], [ -155.927237522173726, 19.73034164134986 ], [ -155.927636339946304, 19.729991465256443 ], [ -155.927926003070723, 19.729507450335131 ], [ -155.926528637481852, 19.727806009218927 ], [ -155.925958820132195, 19.726949696302004 ], [ -155.925267802175597, 19.726297579129522 ], [ -155.924278141394751, 19.725286221474185 ], [ -155.924309701933964, 19.724513222504324 ], [ -155.924028229477301, 19.723971802492983 ], [ -155.923763891452836, 19.723133689760182 ], [ -155.924345615721791, 19.722623225515708 ], [ -155.924632335517117, 19.722292550698366 ], [ -155.922120244443846, 19.721304228788558 ], [ -155.921531307146637, 19.720252937116975 ], [ -155.922411885585007, 19.719069543367681 ], [ -155.922993133266061, 19.717985463827787 ], [ -155.92383642904602, 19.717245710123919 ], [ -155.927032467101554, 19.71671160762536 ], [ -155.927592511313918, 19.716179335548414 ], [ -155.928477343877063, 19.715923964807985 ], [ -155.929048773830658, 19.715657664289175 ], [ -155.929917035236997, 19.71540702650157 ], [ -155.931351236414145, 19.714884692247029 ], [ -155.932505359333277, 19.714638936450733 ], [ -155.933367813497114, 19.714106795274148 ], [ -155.933950195647299, 19.713851243179441 ], [ -155.934812641433382, 19.713319093790656 ], [ -155.935680884805322, 19.713068425075228 ], [ -155.936252295355132, 19.712802098514807 ], [ -155.93761669749378, 19.712203672755422 ], [ -155.93795409647953, 19.711482434149545 ], [ -155.936172420689189, 19.712026126581151 ], [ -155.934833773850613, 19.71265036963969 ], [ -155.933032859548007, 19.713440175911654 ], [ -155.929656720420667, 19.713772436283531 ], [ -155.927772016864651, 19.714458932300182 ], [ -155.926486619184118, 19.71534821408595 ], [ -155.925618355237077, 19.715598834549088 ], [ -155.925327609188514, 19.716140746277009 ], [ -155.925167032836839, 19.716403507183919 ], [ -155.924563437846103, 19.715169232372762 ], [ -155.926264318623566, 19.712618621102411 ], [ -155.928800806352086, 19.711886981068602 ], [ -155.930533934467434, 19.711078602403454 ], [ -155.932244283760525, 19.711140947041891 ], [ -155.9334907484685, 19.710371543643674 ], [ -155.934880080887808, 19.710075842752453 ], [ -155.935826784891503, 19.709634249966292 ], [ -155.93897873443197, 19.709324213859272 ], [ -155.940843401049989, 19.709392019026641 ], [ -155.942001116551921, 19.708852174787626 ], [ -155.94291509825041, 19.708588230559073 ], [ -155.943777489852692, 19.708056029946523 ], [ -155.944988538999013, 19.707706428778117 ], [ -155.946609955275619, 19.706584172866819 ], [ -155.948689456118075, 19.705984079482093 ], [ -155.950239313073638, 19.70526096557229 ], [ -155.950710023481264, 19.704382754892414 ], [ -155.951611319563398, 19.703298442347652 ], [ -155.953585882938, 19.703370355851202 ], [ -155.953890126852059, 19.702802431096934 ], [ -155.95722035025716, 19.701623404697141 ], [ -155.959861325878023, 19.699501175912225 ], [ -155.960379788103609, 19.69832357210101 ], [ -155.958238642418564, 19.699104196148667 ], [ -155.958240810511569, 19.699875414302134 ], [ -155.955933253170741, 19.700653712554917 ], [ -155.957081001089421, 19.699646277586474 ], [ -155.957679871875058, 19.69872129075052 ], [ -155.956535091190631, 19.699070791874401 ], [ -155.955666944326396, 19.699321576524937 ], [ -155.954641888162172, 19.699954487857099 ], [ -155.952540448720441, 19.701953041637363 ], [ -155.951894498721259, 19.702236408898411 ], [ -155.951323146928388, 19.70250279414822 ], [ -155.949603094694311, 19.702999288983904 ], [ -155.948542664972308, 19.704007624853993 ], [ -155.94670806874899, 19.704314634575905 ], [ -155.945478974412623, 19.70468959632948 ], [ -155.942960677484251, 19.704032584860986 ], [ -155.942410316066145, 19.705059097396465 ], [ -155.942061301576928, 19.705673572244095 ], [ -155.940760069570331, 19.706815530418091 ], [ -155.938642349648291, 19.707426774671681 ], [ -155.937489618979811, 19.707778385766673 ], [ -155.937504785893509, 19.707407341182446 ], [ -155.936909574342252, 19.707121336972456 ], [ -155.936184339616375, 19.707122957885147 ], [ -155.933652128852998, 19.70804546511998 ], [ -155.932619031559511, 19.708683120161993 ], [ -155.931750810368953, 19.708933776657048 ], [ -155.931179409223517, 19.709200089782186 ], [ -155.930294434415032, 19.709450451713117 ], [ -155.929464239526737, 19.708601859288091 ], [ -155.929485500663276, 19.708073568408633 ], [ -155.931210418969215, 19.707575777746438 ], [ -155.933126310636737, 19.706991320384073 ], [ -155.934946705755578, 19.706142333695375 ], [ -155.93584134744799, 19.70574983085459 ], [ -155.936396770790765, 19.705221939661609 ], [ -155.938643441922892, 19.703703173797344 ], [ -155.937617209374707, 19.703352423879508 ], [ -155.934396127934093, 19.705463832169489 ], [ -155.933527926397602, 19.705714500064477 ], [ -155.932670687069191, 19.705975929425684 ], [ -155.931516628527703, 19.706221694860915 ], [ -155.930933965313613, 19.706493369201425 ], [ -155.930370841139364, 19.706472883267729 ], [ -155.929715990059805, 19.706474096835944 ], [ -155.927764643977184, 19.708329165887267 ], [ -155.926600212902457, 19.709116331333011 ], [ -155.925530939987283, 19.710431922615214 ], [ -155.924995977193419, 19.711901862610201 ], [ -155.922785604046737, 19.714196178121689 ], [ -155.921979641892079, 19.715699267159369 ], [ -155.919823483940007, 19.717156134546872 ], [ -155.917882865851311, 19.717085206926829 ], [ -155.916332467081929, 19.717649854183136 ], [ -155.913812736109804, 19.718374712114414 ], [ -155.91206852544056, 19.71748543771173 ], [ -155.911576431910504, 19.71484323617311 ], [ -155.912494819915423, 19.714295243037608 ], [ -155.913842818261372, 19.713362719544254 ], [ -155.914877015629941, 19.712090772539177 ], [ -155.915750989782367, 19.711323817620563 ], [ -155.917427181256414, 19.710588905809917 ], [ -155.918529005324331, 19.709909157980011 ], [ -155.91945414773312, 19.708976981602962 ], [ -155.917807924690777, 19.70898041259337 ], [ -155.916294143419833, 19.710027804295958 ], [ -155.91571175653317, 19.710283297099455 ], [ -155.914558225733288, 19.711081141149936 ], [ -155.913684777286392, 19.711602418529004 ], [ -155.912192741970813, 19.712634540780059 ], [ -155.911678956676582, 19.712109467886929 ], [ -155.910749441902936, 19.711232112287707 ], [ -155.907697544891079, 19.701418152964962 ], [ -155.904548515145962, 19.69601440881635 ], [ -155.897082258562989, 19.683152439948966 ], [ -155.890001346317177, 19.672554333918249 ], [ -155.880911003778948, 19.659335616973909 ], [ -155.857385176419854, 19.620669507208554 ], [ -155.846406698445662, 19.599135824940031 ], [ -155.84612593561468, 19.598594611128547 ], [ -155.838197905239156, 19.583117530373773 ], [ -155.833623303182947, 19.570674713827323 ], [ -155.833410781987311, 19.569529641233313 ], [ -155.834574616838012, 19.569948597528757 ], [ -155.835062167128712, 19.569654898035516 ], [ -155.835791497896508, 19.56890927435186 ], [ -155.837408454965498, 19.568240041888924 ], [ -155.838131383169809, 19.567650052215328 ], [ -155.838181855880492, 19.567036632005244 ], [ -155.837799262305737, 19.56516981753343 ], [ -155.838502267175045, 19.565142478295407 ], [ -155.83916900680353, 19.565501119262688 ], [ -155.840255103694403, 19.564083688412886 ], [ -155.840222453396962, 19.563326009329561 ], [ -155.840666514041942, 19.562871803705601 ], [ -155.841392798301513, 19.562279475075059 ], [ -155.841807646625568, 19.561462992502825 ], [ -155.843430165493231, 19.561018834289754 ], [ -155.844304824842055, 19.560656776610273 ], [ -155.844857312039579, 19.560091801277864 ], [ -155.845944578046385, 19.560172170624675 ], [ -155.847549471710522, 19.559657849988891 ], [ -155.848744936771709, 19.559611307650624 ], [ -155.849902679114308, 19.559697115415631 ], [ -155.850438633436198, 19.558359644787192 ], [ -155.849822899199324, 19.556008003724145 ], [ -155.850357983457712, 19.55573385978051 ], [ -155.852158808962088, 19.555369680191365 ], [ -155.85273117282361, 19.554784394785234 ], [ -155.853842645818332, 19.554866721513243 ], [ -155.854404838176976, 19.554589599149413 ], [ -155.854997094237859, 19.55434446827563 ], [ -155.855559283223329, 19.554067341768889 ], [ -155.856123932674649, 19.554109181242218 ], [ -155.858083091426437, 19.552641507168037 ], [ -155.86158085934477, 19.552259963533007 ], [ -155.862759719027736, 19.551771664816393 ], [ -155.864008543451291, 19.551156050743757 ], [ -155.866251120792469, 19.551574238067786 ], [ -155.867085847664725, 19.55154166238292 ], [ -155.869256771759439, 19.551900919130276 ], [ -155.871582519033552, 19.552738055307806 ], [ -155.872588949788906, 19.552698647258726 ], [ -155.873587337603055, 19.552772544104325 ], [ -155.874629506301346, 19.552731628280402 ], [ -155.876303315591571, 19.553425979653223 ], [ -155.881182957417849, 19.552544883030372 ], [ -155.881612133350103, 19.551827698432838 ], [ -155.881892231863134, 19.551275599741633 ], [ -155.882198882334706, 19.551025436597584 ], [ -155.882682920799795, 19.550530279857099 ], [ -155.884855768056013, 19.549717321945955 ], [ -155.886217887967035, 19.549996296294374 ], [ -155.887297829096696, 19.55038490210714 ], [ -155.889060263225105, 19.550315598319962 ], [ -155.889609043958956, 19.550356265047473 ], [ -155.890199620315116, 19.55006496553036 ], [ -155.891077387753057, 19.54982462760923 ], [ -155.891923391808433, 19.549553061084069 ], [ -155.894810478143739, 19.548805696781905 ], [ -155.895370908893284, 19.548529198153052 ], [ -155.89680475550341, 19.548238894027087 ], [ -155.896208335029598, 19.547684913457086 ], [ -155.891984193232815, 19.547850748328848 ], [ -155.891939386868557, 19.546826267975842 ], [ -155.892839430158574, 19.546892807181759 ], [ -155.893417593261489, 19.546869968526803 ], [ -155.893970378152574, 19.547167212180398 ], [ -155.894262672429505, 19.547155582153568 ], [ -155.894583858606637, 19.547179357077894 ], [ -155.895165441053877, 19.546584552328575 ], [ -155.899126263745046, 19.546985341665572 ], [ -155.900261731061363, 19.546717648216806 ], [ -155.902874637174534, 19.546431937892084 ], [ -155.903434308427052, 19.54597503795587 ], [ -155.903714324524231, 19.545422893453498 ], [ -155.904883229980953, 19.544045281231728 ], [ -155.903630640601563, 19.54368370287915 ], [ -155.902312371406225, 19.544044810651911 ], [ -155.90166466919942, 19.544364265033039 ], [ -155.900596097807153, 19.54428535672568 ], [ -155.899747884883226, 19.544557724657988 ], [ -155.89858459519462, 19.544793203634438 ], [ -155.897342609726962, 19.545584268127602 ], [ -155.896293830856649, 19.545039436553235 ], [ -155.89632657741015, 19.544640141076734 ], [ -155.893772488043794, 19.544740328966355 ], [ -155.892569272151832, 19.544307593576107 ], [ -155.890159801860079, 19.544402022295753 ], [ -155.888905717373632, 19.543538911844507 ], [ -155.888277432382722, 19.543848600473197 ], [ -155.887465155979697, 19.543788578913887 ], [ -155.886507935752775, 19.54426051668672 ], [ -155.883268703562038, 19.544566644662158 ], [ -155.88259570690613, 19.544516939733136 ], [ -155.881747475365103, 19.544789218602642 ], [ -155.880013067911619, 19.545014705210626 ], [ -155.87945263131445, 19.545291154226415 ], [ -155.878289326691146, 19.545526497378617 ], [ -155.877607784582807, 19.545862727157168 ], [ -155.876507400762904, 19.545466839797434 ], [ -155.875143020708094, 19.545742845203332 ], [ -155.873483514913232, 19.546799679012317 ], [ -155.872261385407285, 19.547046919722561 ], [ -155.871699243230722, 19.547324105864103 ], [ -155.871283633931824, 19.547293364279977 ], [ -155.869395386717684, 19.547538818827352 ], [ -155.86854414485623, 19.54808098322394 ], [ -155.867951926833939, 19.548326164794478 ], [ -155.866628502093675, 19.548978596359504 ], [ -155.864929158144861, 19.549523465539291 ], [ -155.864304755139415, 19.548835886930572 ], [ -155.863087177509925, 19.549610983239887 ], [ -155.862494948028342, 19.549856144919147 ], [ -155.861294576127676, 19.550447733649897 ], [ -155.85699025200617, 19.55085013524922 ], [ -155.855512153322621, 19.551578323623517 ], [ -155.855045381125677, 19.551064297731447 ], [ -155.853659300164168, 19.551118408293235 ], [ -155.853126441128126, 19.5505315603639 ], [ -155.852030060512249, 19.55142636678433 ], [ -155.85148018520951, 19.551989036743617 ], [ -155.850163471232264, 19.552349237768286 ], [ -155.848434405145809, 19.55364445078046 ], [ -155.847286917685636, 19.554209886400614 ], [ -155.845043267885387, 19.554823844166819 ], [ -155.844580596018858, 19.555734438375183 ], [ -155.843521860203765, 19.556024259383051 ], [ -155.843246901206641, 19.556305578391981 ], [ -155.84159611086389, 19.556757179137545 ], [ -155.840449739289483, 19.557692544131591 ], [ -155.839349592186124, 19.558817524071653 ], [ -155.838636921795086, 19.559398977511989 ], [ -155.837309313950243, 19.561471162430379 ], [ -155.835463246127972, 19.56277633766971 ], [ -155.834508759875177, 19.561725343952443 ], [ -155.830417655267325, 19.561894922857473 ], [ -155.830330532909045, 19.561442780039261 ], [ -155.829872994181557, 19.560531399354176 ], [ -155.830877057698132, 19.56070004319097 ], [ -155.831437348216326, 19.560408686726223 ], [ -155.833923274217341, 19.560693253850705 ], [ -155.835159854877162, 19.559755554267738 ], [ -155.834349228888499, 19.559452554483435 ], [ -155.832033003112912, 19.559635339586581 ], [ -155.831747974387838, 19.559602830606881 ], [ -155.830616687711398, 19.559691904651437 ], [ -155.83116900244184, 19.559323190941473 ], [ -155.83260459603224, 19.558950949205595 ], [ -155.832003263749129, 19.558602164256278 ], [ -155.831055500365494, 19.558493752693256 ], [ -155.830275424398593, 19.558555147129379 ], [ -155.82905866498848, 19.558350764723205 ], [ -155.828702587914023, 19.557045030615566 ], [ -155.827401768921305, 19.553767391519784 ], [ -155.827165697056131, 19.552901684606447 ], [ -155.82730866517602, 19.553036949333006 ], [ -155.828993743426338, 19.55309910270552 ], [ -155.829307257495827, 19.552801296606162 ], [ -155.829883997935553, 19.552294973924333 ], [ -155.830185088331007, 19.551733561794506 ], [ -155.831623612334369, 19.55149332871212 ], [ -155.832216772716095, 19.551216822761717 ], [ -155.833053871292492, 19.55124764962142 ], [ -155.833359614550886, 19.551247198390534 ], [ -155.833918413434702, 19.550715952250421 ], [ -155.834539314660361, 19.550461344579976 ], [ -155.836712280726431, 19.551209225058706 ], [ -155.837632557388133, 19.550780032385177 ], [ -155.838841234663761, 19.551096598846069 ], [ -155.840718265956781, 19.553018147485325 ], [ -155.841620453310753, 19.553016490958385 ], [ -155.842458626063518, 19.552219578192108 ], [ -155.8429030785816, 19.551829100545397 ], [ -155.843331106052091, 19.551422467377357 ], [ -155.844473985643418, 19.550921236077514 ], [ -155.84504440657895, 19.550378782790482 ], [ -155.845647354067182, 19.550114300410865 ], [ -155.846218251462204, 19.549848197770547 ], [ -155.847656754326238, 19.549607830942815 ], [ -155.848680306261713, 19.548039819998237 ], [ -155.849743210622279, 19.547733373518255 ], [ -155.850548806566536, 19.547763038202316 ], [ -155.851119973407037, 19.547496658205613 ], [ -155.8522729035179, 19.547251267484153 ], [ -155.852729624025812, 19.545996758265954 ], [ -155.854692606495917, 19.545579039590379 ], [ -155.855166630437367, 19.545128482246799 ], [ -155.856902296337694, 19.545831477706212 ], [ -155.857938760921797, 19.545347866480064 ], [ -155.858347989317934, 19.544584121258339 ], [ -155.859496982546943, 19.543575410364905 ], [ -155.861154146677023, 19.543636237011313 ], [ -155.861769195930549, 19.543349426366646 ], [ -155.862629632712128, 19.543167899036764 ], [ -155.860071167794644, 19.545414069988812 ], [ -155.858021083734258, 19.54585016657866 ], [ -155.8584520654546, 19.546541271132643 ], [ -155.861057445282256, 19.545591748464656 ], [ -155.862594655795306, 19.545264645184147 ], [ -155.864037864390156, 19.544201251299022 ], [ -155.86461966799942, 19.543945851398561 ], [ -155.865945993274238, 19.543126876725154 ], [ -155.867630760785659, 19.543188651606812 ], [ -155.868344894254165, 19.543187292694071 ], [ -155.869201220243582, 19.543218545013744 ], [ -155.869915354787054, 19.543217179892984 ], [ -155.870486236344902, 19.543238186528637 ], [ -155.871226036664439, 19.543236732333153 ], [ -155.871779018653257, 19.54271053788133 ], [ -155.872635061352753, 19.542742033157197 ], [ -155.873799821523079, 19.542198663302855 ], [ -155.873798205048672, 19.541529835161359 ], [ -155.873837743446074, 19.540563681854412 ], [ -155.875041237998715, 19.540035781653547 ], [ -155.876236375260646, 19.538898428223252 ], [ -155.875741211422991, 19.537944440100841 ], [ -155.876737825192038, 19.537656770688013 ], [ -155.877038730159171, 19.537095253192287 ], [ -155.877911776969682, 19.536328629454459 ], [ -155.878795446239423, 19.535487872632874 ], [ -155.881487807090565, 19.535586494352234 ], [ -155.882519642238378, 19.535584215447098 ], [ -155.883637320207413, 19.535062701481095 ], [ -155.885714158383053, 19.534778810568223 ], [ -155.88636536794823, 19.534159316621089 ], [ -155.886827830296767, 19.533752889797348 ], [ -155.887663494335953, 19.533783427900783 ], [ -155.888377598318584, 19.533781983872895 ], [ -155.889093122561974, 19.533808329312805 ], [ -155.891686247697436, 19.53353934315324 ], [ -155.894415577096623, 19.533965537572207 ], [ -155.895380668970404, 19.533369387891543 ], [ -155.898246697016447, 19.533153128279185 ], [ -155.899679253413041, 19.532630832427408 ], [ -155.901699304389069, 19.531915236936793 ], [ -155.901698604448029, 19.531571958330598 ], [ -155.902513367564978, 19.530856031055443 ], [ -155.905156407734836, 19.530292826844807 ], [ -155.905727161374131, 19.530026512100562 ], [ -155.906594399608878, 19.529775852427285 ], [ -155.907165149627161, 19.529509532546527 ], [ -155.909482635696179, 19.528932221911614 ], [ -155.909479616835995, 19.527654830021369 ], [ -155.911066384462401, 19.527277086784832 ] ] ] } },
{ "type": "Feature", "properties": { "ID": 88, "GRIDCODE": 2 }, "geometry": { "type": "Polygon", "coordinates": [ [ [ -155.069030614358411, 19.421610423243759 ], [ -155.070862848464145, 19.421868162334317 ], [ -155.07031245670558, 19.422329817317024 ], [ -155.068850041249618, 19.422538607984617 ], [ -155.066848786361561, 19.423307060892636 ], [ -155.066816300582843, 19.422389586515372 ], [ -155.068770031604885, 19.421905255074659 ], [ -155.069030614358411, 19.421610423243759 ] ] ] } },
{ "type": "Feature", "properties": { "ID": 89, "GRIDCODE": 2 }, "geometry": { "type": "Polygon", "coordinates": [ [ [ -155.078464553434884, 19.42073221275885 ], [ -155.079022977207217, 19.420909197725056 ], [ -155.079447606698125, 19.421692977970533 ], [ -155.079711591982232, 19.423227270110889 ], [ -155.080543604655304, 19.423611547095739 ], [ -155.080507518535427, 19.424023833991541 ], [ -155.080531935758046, 19.424654137001141 ], [ -155.077813635592662, 19.42598043121065 ], [ -155.076789668055739, 19.425423378122513 ], [ -155.076490244155821, 19.42543381224473 ], [ -155.076092510930664, 19.424991525556464 ], [ -155.074481387528351, 19.425915445116544 ], [ -155.074113638027853, 19.426959567393236 ], [ -155.072163751384437, 19.428045525679238 ], [ -155.07100161747951, 19.428275631876673 ], [ -155.069423519805866, 19.428774464674785 ], [ -155.068722065636109, 19.428798894716635 ], [ -155.06778935535084, 19.427761998162044 ], [ -155.066493361700282, 19.426611770858567 ], [ -155.066792225779125, 19.425723156293881 ], [ -155.067952445924504, 19.425248050778812 ], [ -155.06883582453969, 19.424817146554073 ], [ -155.070805166841268, 19.424194654566076 ], [ -155.071579207177223, 19.424255297310221 ], [ -155.072943509903297, 19.423887645363209 ], [ -155.074568177698836, 19.422955838369642 ], [ -155.075520238107572, 19.422355132055138 ], [ -155.077492310396877, 19.421547623171044 ], [ -155.078326370965527, 19.420872198687288 ], [ -155.078464553434884, 19.42073221275885 ] ] ] } },
{ "type": "Feature", "properties": { "ID": 90, "GRIDCODE": 2 }, "geometry": { "type": "Polygon", "coordinates": [ [ [ -155.068869286293932, 19.416465181984819 ], [ -155.069597520870843, 19.416598831896209 ], [ -155.0698703790396, 19.416950681776004 ], [ -155.07143355260996, 19.416765992348431 ], [ -155.07181261038798, 19.417844257214455 ], [ -155.07097024206854, 19.417707349702408 ], [ -155.069203381697122, 19.418322616568933 ], [ -155.069264603825587, 19.418787747192084 ], [ -155.068931998316941, 19.419019971302351 ], [ -155.068676310834661, 19.41931993099778 ], [ -155.06826154179177, 19.419609570010504 ], [ -155.067476881079955, 19.419482088916286 ], [ -155.066302236094884, 19.418615689875121 ], [ -155.066507988750942, 19.417475049573959 ], [ -155.067467269585165, 19.416805301789847 ], [ -155.068443920068518, 19.41696389905934 ], [ -155.068869286293932, 19.416465181984819 ] ] ] } },
{ "type": "Feature", "properties": { "ID": 91, "GRIDCODE": 2 }, "geometry": { "type": "Polygon", "coordinates": [ [ [ -155.098589124412882, 19.414130040169493 ], [ -155.09925839307482, 19.414541386966725 ], [ -155.099027329429504, 19.415118897537941 ], [ -155.098099216436992, 19.415305074951451 ], [ -155.097274458187997, 19.415828581448949 ], [ -155.096919062744064, 19.415594179626208 ], [ -155.097331763474955, 19.41506260216098 ], [ -155.097214054409022, 19.41467315980853 ], [ -155.098476545905783, 19.414295174104087 ], [ -155.098589124412882, 19.414130040169493 ] ] ] } },
{ "type": "Feature", "properties": { "ID": 92, "GRIDCODE": 2 }, "geometry": { "type": "Polygon", "coordinates": [ [ [ -155.074661911079403, 19.412801969201944 ], [ -155.075398111887864, 19.412928366539081 ], [ -155.075999285832864, 19.413318760269455 ], [ -155.077667804013885, 19.412967944207441 ], [ -155.078186006260694, 19.413426835265479 ], [ -155.077606882216884, 19.413788002092534 ], [ -155.077366453238341, 19.414103107415993 ], [ -155.076681004460539, 19.414530419066406 ], [ -155.076079929193384, 19.415317912932167 ], [ -155.075565841560348, 19.415638194069988 ], [ -155.075205187448944, 19.416110845981621 ], [ -155.07469109577147, 19.416431123875558 ], [ -155.074295936884226, 19.416948482115338 ], [ -155.073814421163775, 19.415635967352777 ], [ -155.072302254977274, 19.415321773187525 ], [ -155.072531051248234, 19.414448536930209 ], [ -155.07453519313728, 19.413229998532653 ], [ -155.074661911079403, 19.412801969201944 ] ] ] } },
{ "type": "Feature", "properties": { "ID": 93, "GRIDCODE": 2 }, "geometry": { "type": "Polygon", "coordinates": [ [ [ -155.063130438652138, 19.406057265556495 ], [ -155.06402912943355, 19.406211806357319 ], [ -155.064232589555786, 19.407177121859078 ], [ -155.063501981065087, 19.40760631012888 ], [ -155.063130438652138, 19.406057265556495 ] ] ] } },
{ "type": "Feature", "properties": { "ID": 94, "GRIDCODE": 2 }, "geometry": { "type": "Polygon", "coordinates": [ [ [ -155.064575279036973, 19.405276756673437 ], [ -155.065150628046467, 19.40541872864658 ], [ -155.064663458408319, 19.406680381774173 ], [ -155.064575279036973, 19.405276756673437 ] ] ] } },
{ "type": "Feature", "properties": { "ID": 95, "GRIDCODE": 2 }, "geometry": { "type": "Polygon", "coordinates": [ [ [ -155.091481160094816, 19.401257692107606 ], [ -155.092664471407204, 19.401414519594898 ], [ -155.092000072415715, 19.402945203842851 ], [ -155.091011588473521, 19.403306065428875 ], [ -155.089423725868073, 19.402968197032791 ], [ -155.090867143026259, 19.402032554352616 ], [ -155.091481160094816, 19.401257692107606 ] ] ] } },
{ "type": "Feature", "properties": { "ID": 96, "GRIDCODE": 2 }, "geometry": { "type": "Polygon", "coordinates": [ [ [ -155.066409350133569, 19.400174788246844 ], [ -155.067409541744496, 19.400855565706564 ], [ -155.067650499606827, 19.401166289124703 ], [ -155.068490585762106, 19.401811087143024 ], [ -155.068201554360542, 19.402595273800053 ], [ -155.066916378153508, 19.40329338926901 ], [ -155.065312312042437, 19.403516284692945 ], [ -155.064771593754131, 19.403810061365437 ], [ -155.063852796822175, 19.404143733545663 ], [ -155.062624039763733, 19.404811060261753 ], [ -155.062377172879366, 19.404121762106438 ], [ -155.063351823303861, 19.402001757801088 ], [ -155.065121786681175, 19.401111481194903 ], [ -155.065377444641797, 19.400811522212486 ], [ -155.066086054187565, 19.400554151261851 ], [ -155.066409350133569, 19.400174788246844 ] ] ] } },
{ "type": "Feature", "properties": { "ID": 97, "GRIDCODE": 2 }, "geometry": { "type": "Polygon", "coordinates": [ [ [ -155.285686801748682, 19.40290012957281 ], [ -155.286032193046822, 19.402999976492183 ], [ -155.285776763037802, 19.403231852008602 ], [ -155.285686801748682, 19.40290012957281 ] ] ] } },
{ "type": "Feature", "properties": { "ID": 98, "GRIDCODE": 2 }, "geometry": { "type": "Polygon", "coordinates": [ [ [ -155.285686801748682, 19.40290012957281 ], [ -155.285251376861112, 19.402765927083131 ], [ -155.283283970229149, 19.402575248730873 ], [ -155.281832556229915, 19.403507937811415 ], [ -155.281235440621373, 19.403746286516334 ], [ -155.279230987155927, 19.405304910057364 ], [ -155.278869138272711, 19.408373986587467 ], [ -155.279579084270182, 19.408980370860672 ], [ -155.279965117299326, 19.409424424287458 ], [ -155.280585441208501, 19.409954163889708 ], [ -155.284015857017749, 19.410398737222661 ], [ -155.285575783401271, 19.409891184121065 ], [ -155.287136086834124, 19.407920302077947 ], [ -155.287413503358493, 19.408045190024133 ], [ -155.28596450975283, 19.410389205415179 ], [ -155.285053472693505, 19.411102214523179 ], [ -155.281829321398249, 19.411337240953998 ], [ -155.278627958507172, 19.409349162785816 ], [ -155.278063247073902, 19.406183111182159 ], [ -155.27931850559176, 19.404152918796829 ], [ -155.283001179168167, 19.401756386477011 ], [ -155.285420542532137, 19.401990678740191 ], [ -155.285686801748682, 19.40290012957281 ] ] ] } },
{ "type": "Feature", "properties": { "ID": 99, "GRIDCODE": 2 }, "geometry": { "type": "Polygon", "coordinates": [ [ [ -155.273196827340854, 19.400208085395771 ], [ -155.27309185598088, 19.40053580808166 ], [ -155.272847224467625, 19.400293685651537 ], [ -155.273196827340854, 19.400208085395771 ] ] ] } },
{ "type": "Feature", "properties": { "ID": 100, "GRIDCODE": 2 }, "geometry": { "type": "Polygon", "coordinates": [ [ [ -155.272359983086318, 19.399378896146608 ], [ -155.272748441677152, 19.399617099676917 ], [ -155.272421539261984, 19.400295253435644 ], [ -155.271396616583274, 19.400017808831439 ], [ -155.272247573397976, 19.399544169897563 ], [ -155.272359983086318, 19.399378896146608 ] ] ] } },
{ "type": "Feature", "properties": { "ID": 101, "GRIDCODE": 2 }, "geometry": { "type": "Polygon", "coordinates": [ [ [ -155.273196827340854, 19.400208085395771 ], [ -155.273346409509827, 19.399780834822337 ], [ -155.273926479015557, 19.3998255186732 ], [ -155.274744010644952, 19.398227003879402 ], [ -155.277183955443235, 19.397969908639745 ], [ -155.278187807651364, 19.398047321545071 ], [ -155.27886614385335, 19.39771548769048 ], [ -155.27967033396061, 19.397777697914645 ], [ -155.28057474051792, 19.397744949865743 ], [ -155.282505132335075, 19.398212963430048 ], [ -155.282014442144316, 19.398966027705637 ], [ -155.280745084076983, 19.399587362761714 ], [ -155.278448693335122, 19.400316361647892 ], [ -155.275598945524564, 19.400096411844057 ], [ -155.273196827340854, 19.400208085395771 ] ] ] } },
{ "type": "Feature", "properties": { "ID": 102, "GRIDCODE": 2 }, "geometry": { "type": "Polygon", "coordinates": [ [ [ -155.119991536413352, 19.389691030879284 ], [ -155.119886284685066, 19.390018613978111 ], [ -155.119641932445745, 19.389776325687922 ], [ -155.119991536413352, 19.389691030879284 ] ] ] } },
{ "type": "Feature", "properties": { "ID": 103, "GRIDCODE": 2 }, "geometry": { "type": "Polygon", "coordinates": [ [ [ -155.125135259980823, 19.38925960020768 ], [ -155.126288599077725, 19.389905024542557 ], [ -155.126727416528837, 19.390991632017865 ], [ -155.127774955461376, 19.391424681737281 ], [ -155.127395356631268, 19.39211774829392 ], [ -155.12521092436512, 19.391308403727191 ], [ -155.124783917449435, 19.390758025576694 ], [ -155.124609406032391, 19.391375910384049 ], [ -155.124743904332036, 19.392399203451475 ], [ -155.124341050877405, 19.392333782405196 ], [ -155.123495172039867, 19.392628643122183 ], [ -155.123188310863526, 19.39257901200607 ], [ -155.122847967378476, 19.392978221349725 ], [ -155.122042132757315, 19.393416381231333 ], [ -155.121324893520665, 19.392984540782372 ], [ -155.120060221079399, 19.393134328168689 ], [ -155.119521762002307, 19.392234547136567 ], [ -155.118982905664978, 19.391821047284868 ], [ -155.118898866977077, 19.391184430555651 ], [ -155.119494884865702, 19.391113918468822 ], [ -155.120370797434106, 19.39175979272872 ], [ -155.121528348034246, 19.390912369228726 ], [ -155.122251078426274, 19.391347232075852 ], [ -155.122986484193575, 19.390449023911373 ], [ -155.123446385968919, 19.389447143113205 ], [ -155.124175542795655, 19.390386399775593 ], [ -155.125135259980823, 19.38925960020768 ] ] ] } },
{ "type": "Feature", "properties": { "ID": 104, "GRIDCODE": 2 }, "geometry": { "type": "Polygon", "coordinates": [ [ [ -155.119991536413352, 19.389691030879284 ], [ -155.12009472356732, 19.388816590447995 ], [ -155.120431820386898, 19.389164460630319 ], [ -155.12078733844541, 19.388829801776563 ], [ -155.120831661965639, 19.389638150797413 ], [ -155.119991536413352, 19.389691030879284 ] ] ] } },
{ "type": "Feature", "properties": { "ID": 105, "GRIDCODE": 2 }, "geometry": { "type": "Polygon", "coordinates": [ [ [ -155.129721685879304, 19.388274874150817 ], [ -155.129868985725921, 19.388405665936713 ], [ -155.130131683539332, 19.388697227175442 ], [ -155.130996388105331, 19.38897095768176 ], [ -155.131273739788014, 19.389278951676914 ], [ -155.132382026156534, 19.389239922825265 ], [ -155.132957741476247, 19.389792131778069 ], [ -155.131240251842513, 19.390058690458936 ], [ -155.130681745430877, 19.390215408082408 ], [ -155.131771096138294, 19.39071804218635 ], [ -155.13069148944561, 19.391592572631001 ], [ -155.129804963329264, 19.391110640894606 ], [ -155.128655196980361, 19.390830825855058 ], [ -155.128335385050548, 19.390128394192605 ], [ -155.127017752398217, 19.389293152810787 ], [ -155.129334725967453, 19.388667820267855 ], [ -155.129721685879304, 19.388274874150817 ] ] ] } },
{ "type": "Feature", "properties": { "ID": 106, "GRIDCODE": 2 }, "geometry": { "type": "Polygon", "coordinates": [ [ [ -155.136569309009303, 19.38815004791633 ], [ -155.136428682471291, 19.388679605706315 ], [ -155.135301574983828, 19.389020081416078 ], [ -155.135955992324995, 19.388269409507384 ], [ -155.136569309009303, 19.38815004791633 ] ] ] } },
{ "type": "Feature", "properties": { "ID": 107, "GRIDCODE": 2 }, "geometry": { "type": "Polygon", "coordinates": [ [ [ -155.069306490443893, 19.386436006427896 ], [ -155.07031165170909, 19.386583026637961 ], [ -155.070568542903857, 19.386879289333251 ], [ -155.071153736584307, 19.387142484818874 ], [ -155.07232416680074, 19.38796882606648 ], [ -155.07455044909338, 19.388340176043059 ], [ -155.076482755447074, 19.389983988853508 ], [ -155.078215690092435, 19.390397229463176 ], [ -155.079883727189838, 19.390869309161605 ], [ -155.081870713486836, 19.39125787447157 ], [ -155.081232801476347, 19.391775044045129 ], [ -155.077962299792091, 19.391347386227881 ], [ -155.076748319982926, 19.390801588610035 ], [ -155.076206375300501, 19.390499172340522 ], [ -155.074183219172653, 19.390203320208347 ], [ -155.07223323307295, 19.388809637907659 ], [ -155.071934605856342, 19.388465168338474 ], [ -155.070618731800863, 19.387873526019284 ], [ -155.069428433875629, 19.386854616375363 ], [ -155.069306490443893, 19.386436006427896 ] ] ] } },
{ "type": "Feature", "properties": { "ID": 108, "GRIDCODE": 2 }, "geometry": { "type": "Polygon", "coordinates": [ [ [ -155.173221417829268, 19.381889334936009 ], [ -155.173616677114495, 19.38216090563856 ], [ -155.173161731984948, 19.383893069617258 ], [ -155.172495961967115, 19.383541264490706 ], [ -155.172758758554068, 19.382260710691309 ], [ -155.173101313164182, 19.382046971528549 ], [ -155.173221417829268, 19.381889334936009 ] ] ] } },
{ "type": "Feature", "properties": { "ID": 109, "GRIDCODE": 2 }, "geometry": { "type": "Polygon", "coordinates": [ [ [ -155.11991825404553, 19.38075862447435 ], [ -155.120060409478754, 19.380894333714576 ], [ -155.120333336312058, 19.381176080379323 ], [ -155.121179101941351, 19.381588196762262 ], [ -155.120706406972602, 19.3822612892411 ], [ -155.119207069106039, 19.381388825059357 ], [ -155.119775250270095, 19.380893528603419 ], [ -155.11991825404553, 19.38075862447435 ] ] ] } },
{ "type": "Feature", "properties": { "ID": 110, "GRIDCODE": 2 }, "geometry": { "type": "Polygon", "coordinates": [ [ [ -155.176705285106834, 19.37925623562575 ], [ -155.177021574234658, 19.379498649430413 ], [ -155.177383330852706, 19.379964562374948 ], [ -155.177723154984136, 19.380224914491304 ], [ -155.177207853139294, 19.380585152809591 ], [ -155.176533742359567, 19.381376824465917 ], [ -155.175193135594469, 19.380822906265355 ], [ -155.175697121561143, 19.380470365335807 ], [ -155.176705285106834, 19.37925623562575 ] ] ] } },
{ "type": "Feature", "properties": { "ID": 111, "GRIDCODE": 2 }, "geometry": { "type": "Polygon", "coordinates": [ [ [ -155.131675076399546, 19.378032383348597 ], [ -155.132691118636075, 19.378169509641616 ], [ -155.133509273337921, 19.378501959597951 ], [ -155.134179337574125, 19.378407330504242 ], [ -155.133961036937592, 19.379466461127702 ], [ -155.131852205574546, 19.379775457901509 ], [ -155.131404683358767, 19.378632117820725 ], [ -155.131675076399546, 19.378032383348597 ] ] ] } },
{ "type": "Feature", "properties": { "ID": 112, "GRIDCODE": 2 }, "geometry": { "type": "Polygon", "coordinates": [ [ [ -155.123402758319429, 19.378126693231366 ], [ -155.125673802601824, 19.378022906986825 ], [ -155.126120789868367, 19.378057810370859 ], [ -155.12639757522885, 19.377776956991461 ], [ -155.127459676158793, 19.37754429417221 ], [ -155.128868505638252, 19.378523650649797 ], [ -155.128075755727963, 19.37916589804265 ], [ -155.127799545413637, 19.379445973438298 ], [ -155.127010994528746, 19.379769305763837 ], [ -155.125505452092995, 19.379651836601685 ], [ -155.125063946454674, 19.379667527360681 ], [ -155.123548826552337, 19.378614517076713 ], [ -155.123402758319429, 19.378126693231366 ] ] ] } },
{ "type": "Feature", "properties": { "ID": 113, "GRIDCODE": 2 }, "geometry": { "type": "Polygon", "coordinates": [ [ [ -155.153927043191516, 19.377692890266669 ], [ -155.154559221922568, 19.37814368350335 ], [ -155.152801037338065, 19.37915149096693 ], [ -155.150934496315017, 19.379460825821685 ], [ -155.150863333306262, 19.379076352795423 ], [ -155.151744120598664, 19.378571704907223 ], [ -155.152366283984804, 19.378358644408689 ], [ -155.15289700413976, 19.378054841519042 ], [ -155.153804204674685, 19.377847810885907 ], [ -155.153927043191516, 19.377692890266669 ] ] ] } },
{ "type": "Feature", "properties": { "ID": 114, "GRIDCODE": 2 }, "geometry": { "type": "Polygon", "coordinates": [ [ [ -155.138890288541262, 19.374396956600133 ], [ -155.139061485328256, 19.374506311635475 ], [ -155.139270005904621, 19.37511121700188 ], [ -155.139721266518279, 19.375767795300117 ], [ -155.139239493382888, 19.376404549577401 ], [ -155.138924465626047, 19.377197607150915 ], [ -155.138174481739156, 19.375840643774403 ], [ -155.137612593120139, 19.375482212222412 ], [ -155.137846251708027, 19.375021758689599 ], [ -155.138775060032373, 19.374559427167 ], [ -155.138890288541262, 19.374396956600133 ] ] ] } },
{ "type": "Feature", "properties": { "ID": 115, "GRIDCODE": 2 }, "geometry": { "type": "Polygon", "coordinates": [ [ [ -155.150297897937065, 19.374368357783084 ], [ -155.151278052410817, 19.374563556181219 ], [ -155.150131859480751, 19.375033773611669 ], [ -155.14883777244313, 19.375942222236873 ], [ -155.147523605220613, 19.375526377461163 ], [ -155.149351816537859, 19.375163400549191 ], [ -155.15015981357891, 19.37450841652381 ], [ -155.150297897937065, 19.374368357783084 ] ] ] } },
{ "type": "Feature", "properties": { "ID": 116, "GRIDCODE": 2 }, "geometry": { "type": "Polygon", "coordinates": [ [ [ -155.147181647268923, 19.37349039508074 ], [ -155.148099365147061, 19.373734766050646 ], [ -155.148362494477368, 19.374979097598253 ], [ -155.147483542568409, 19.374720219641784 ], [ -155.147181647268923, 19.37349039508074 ] ] ] } },
{ "type": "Feature", "properties": { "ID": 117, "GRIDCODE": 2 }, "geometry": { "type": "Polygon", "coordinates": [ [ [ -155.155453923325666, 19.373394956970458 ], [ -155.154992041458598, 19.373898978645915 ], [ -155.153736414281212, 19.374546891921675 ], [ -155.152157906413464, 19.374665971929698 ], [ -155.1539409826172, 19.373781853078697 ], [ -155.155453923325666, 19.373394956970458 ] ] ] } },
{ "type": "Feature", "properties": { "ID": 118, "GRIDCODE": 2 }, "geometry": { "type": "Polygon", "coordinates": [ [ [ -155.159165707508777, 19.373202805833159 ], [ -155.159644196849086, 19.373343481920173 ], [ -155.159557619910572, 19.373899850599084 ], [ -155.16020610150224, 19.374415722006262 ], [ -155.159626988879154, 19.374836404633378 ], [ -155.160320312551931, 19.375387847054757 ], [ -155.159235169944225, 19.375962756057621 ], [ -155.158243145118121, 19.3760586037282 ], [ -155.157816772229893, 19.375999107282016 ], [ -155.157530940144113, 19.37602689303661 ], [ -155.157104567914672, 19.375967394973372 ], [ -155.156532916437129, 19.376022435413319 ], [ -155.156098769648992, 19.375961977683495 ], [ -155.155259914456167, 19.376247642925613 ], [ -155.154334919202626, 19.376477564024825 ], [ -155.152923710004728, 19.377250623292877 ], [ -155.151846439947519, 19.377963082930616 ], [ -155.150726563545902, 19.37807124366195 ], [ -155.15009560395589, 19.377569191022161 ], [ -155.150478232960552, 19.377025712323682 ], [ -155.151660360181722, 19.376378119966212 ], [ -155.152156471644986, 19.375816689113588 ], [ -155.154131757211047, 19.376092411762897 ], [ -155.156890888038248, 19.375057391360667 ], [ -155.157458515622778, 19.37441446555421 ], [ -155.157854877230648, 19.374376065971106 ], [ -155.158152999446571, 19.374417785207726 ], [ -155.158422015901863, 19.373848624152998 ], [ -155.158905357082546, 19.373497810106738 ], [ -155.159165707508777, 19.373202805833159 ] ] ] } },
{ "type": "Feature", "properties": { "ID": 119, "GRIDCODE": 2 }, "geometry": { "type": "Polygon", "coordinates": [ [ [ -155.155745309850033, 19.373130480765695 ], [ -155.155738956241549, 19.373400987040171 ], [ -155.155453923325666, 19.373394956970458 ], [ -155.155460277402398, 19.373124450786715 ], [ -155.155745309850033, 19.373130480765695 ] ] ] } },
{ "type": "Feature", "properties": { "ID": 120, "GRIDCODE": 2 }, "geometry": { "type": "Polygon", "coordinates": [ [ [ -155.155745309850033, 19.373130480765695 ], [ -155.155850476195866, 19.372802862118327 ], [ -155.1560948709174, 19.373045106795651 ], [ -155.155745309850033, 19.373130480765695 ] ] ] } },
{ "type": "Feature", "properties": { "ID": 121, "GRIDCODE": 2 }, "geometry": { "type": "Polygon", "coordinates": [ [ [ -155.081109321036195, 19.369912532707176 ], [ -155.082964604790959, 19.37034868519477 ], [ -155.082904666922843, 19.370898416486032 ], [ -155.082969748726839, 19.37197226635508 ], [ -155.082338932887836, 19.371708130836012 ], [ -155.082088510065802, 19.371141402276724 ], [ -155.081373860153263, 19.370819958016241 ], [ -155.081109321036195, 19.369912532707176 ] ] ] } },
{ "type": "Feature", "properties": { "ID": 122, "GRIDCODE": 2 }, "geometry": { "type": "Polygon", "coordinates": [ [ [ -155.153528620942296, 19.370377172448464 ], [ -155.154483349080124, 19.370658237541811 ], [ -155.154554635519816, 19.371322339206564 ], [ -155.153316839868978, 19.372658066110695 ], [ -155.153048972885387, 19.37322512717915 ], [ -155.150191307328953, 19.373501058138835 ], [ -155.150891562659581, 19.373045444613101 ], [ -155.152137376112108, 19.372577857863984 ], [ -155.152816225562134, 19.370947246955204 ], [ -155.153398162815762, 19.370524796345219 ], [ -155.153528620942296, 19.370377172448464 ] ] ] } },
{ "type": "Feature", "properties": { "ID": 123, "GRIDCODE": 2 }, "geometry": { "type": "Polygon", "coordinates": [ [ [ -155.22226064839731, 19.370194906607114 ], [ -155.22266120675414, 19.37036076269257 ], [ -155.224928822176423, 19.370962671571657 ], [ -155.224589310981059, 19.371313500707281 ], [ -155.221998532037986, 19.370764076042637 ], [ -155.22226064839731, 19.370194906607114 ] ] ] } },
{ "type": "Feature", "properties": { "ID": 124, "GRIDCODE": 2 }, "geometry": { "type": "Polygon", "coordinates": [ [ [ -155.076329139576046, 19.367103183996559 ], [ -155.077573850118142, 19.367614736420101 ], [ -155.078405936654292, 19.369030989979152 ], [ -155.076216704227619, 19.368703867675418 ], [ -155.076146184095478, 19.368044557061658 ], [ -155.076329139576046, 19.367103183996559 ] ] ] } },
{ "type": "Feature", "properties": { "ID": 125, "GRIDCODE": 2 }, "geometry": { "type": "Polygon", "coordinates": [ [ [ -155.212359080187611, 19.366740977224048 ], [ -155.212613952730976, 19.366943463948573 ], [ -155.212122528527289, 19.37010416618191 ], [ -155.21130716438492, 19.369739602598813 ], [ -155.211692156346146, 19.367688907985965 ], [ -155.212359080187611, 19.366740977224048 ] ] ] } },
{ "type": "Feature", "properties": { "ID": 126, "GRIDCODE": 2 }, "geometry": { "type": "Polygon", "coordinates": [ [ [ -155.091796508788661, 19.364188929093928 ], [ -155.092141634164875, 19.364289111729047 ], [ -155.091886051320017, 19.364520678141286 ], [ -155.091796508788661, 19.364188929093928 ] ] ] } },
{ "type": "Feature", "properties": { "ID": 127, "GRIDCODE": 2 }, "geometry": { "type": "Polygon", "coordinates": [ [ [ -155.080137692199401, 19.3628554118682 ], [ -155.080287765534621, 19.362983916073567 ], [ -155.080544566424493, 19.364516722605455 ], [ -155.08223739235018, 19.364920299316125 ], [ -155.083538978065917, 19.365406080242415 ], [ -155.083899765990623, 19.366644076932015 ], [ -155.084760776674813, 19.366597084010305 ], [ -155.085576371164279, 19.367052034490825 ], [ -155.086454115562617, 19.367446742796357 ], [ -155.08714605415247, 19.367832954701029 ], [ -155.088628398054169, 19.369542782130708 ], [ -155.089921081965144, 19.370124003753002 ], [ -155.090365439684973, 19.371129905103409 ], [ -155.091121898609885, 19.371777282501327 ], [ -155.091451387216949, 19.372229684368779 ], [ -155.090819162878716, 19.372723241407964 ], [ -155.09000900645708, 19.374346734331525 ], [ -155.089330955512423, 19.373564405311249 ], [ -155.088298206063001, 19.372919001299483 ], [ -155.088041294867566, 19.372622761614256 ], [ -155.086673438222903, 19.372296786550709 ], [ -155.086241597830991, 19.37081491524226 ], [ -155.085751218233668, 19.369452295071614 ], [ -155.084352983019926, 19.368255642775889 ], [ -155.080749047601785, 19.367862942452994 ], [ -155.079189296448931, 19.367947962964958 ], [ -155.077040698748959, 19.36618114811796 ], [ -155.078338153038715, 19.364304489618686 ], [ -155.079953316171583, 19.363392151210117 ], [ -155.080137692199401, 19.3628554118682 ] ] ] } },
{ "type": "Feature", "properties": { "ID": 128, "GRIDCODE": 2 }, "geometry": { "type": "Polygon", "coordinates": [ [ [ -155.213530520930988, 19.365412106613828 ], [ -155.213933068972352, 19.365755902281975 ], [ -155.213962139189022, 19.366233061730725 ], [ -155.213918239826313, 19.366638130188445 ], [ -155.213984195941805, 19.367712080748159 ], [ -155.21334116252001, 19.366904694464413 ], [ -155.213530520930988, 19.365412106613828 ] ] ] } },
{ "type": "Feature", "properties": { "ID": 129, "GRIDCODE": 2 }, "geometry": { "type": "Polygon", "coordinates": [ [ [ -155.145251683427972, 19.358564365072496 ], [ -155.146498569235348, 19.358922484575434 ], [ -155.146784517338631, 19.359290893578446 ], [ -155.147529681790843, 19.359598994202361 ], [ -155.147933963155566, 19.360643070613872 ], [ -155.147883995411235, 19.360920579780579 ], [ -155.14802484088429, 19.361988676069863 ], [ -155.147012251837424, 19.361731467867138 ], [ -155.14661170057451, 19.36121553143586 ], [ -155.145600039626061, 19.36061158063556 ], [ -155.145014622063002, 19.359100615909238 ], [ -155.145251683427972, 19.358564365072496 ] ] ] } },
{ "type": "Feature", "properties": { "ID": 130, "GRIDCODE": 2 }, "geometry": { "type": "Polygon", "coordinates": [ [ [ -155.091796508788661, 19.364188929093928 ], [ -155.091024881582854, 19.364038082861313 ], [ -155.088538838333363, 19.36308103002316 ], [ -155.087387557492235, 19.361245666388029 ], [ -155.084733717283228, 19.359716228454605 ], [ -155.084351393795856, 19.359029587697567 ], [ -155.084425623070359, 19.358347228917168 ], [ -155.084366969114342, 19.357376321528918 ], [ -155.085010500076635, 19.356337549131204 ], [ -155.084946986155416, 19.355290159718461 ], [ -155.085326064006068, 19.354993869209199 ], [ -155.085684232378441, 19.354617050597117 ], [ -155.086815125824558, 19.356580946073674 ], [ -155.087561144707422, 19.356916250151514 ], [ -155.088530337684603, 19.358260357058334 ], [ -155.08923228737342, 19.358575943902636 ], [ -155.089812747067697, 19.359501784807424 ], [ -155.090753075213968, 19.360306657641893 ], [ -155.091189923228029, 19.361090131684275 ], [ -155.091127866626323, 19.361660174908771 ], [ -155.091810871284849, 19.362887120361407 ], [ -155.091374465027457, 19.363228175807254 ], [ -155.091796508788661, 19.364188929093928 ] ] ] } },
{ "type": "Feature", "properties": { "ID": 131, "GRIDCODE": 2 }, "geometry": { "type": "Polygon", "coordinates": [ [ [ -155.096464629357598, 19.347781039221029 ], [ -155.096357942884026, 19.34837920173614 ], [ -155.095846464392963, 19.347853136950999 ], [ -155.096464629357598, 19.347781039221029 ] ] ] } },
{ "type": "Feature", "properties": { "ID": 132, "GRIDCODE": 2 }, "geometry": { "type": "Polygon", "coordinates": [ [ [ -155.198919451789067, 19.343725706887838 ], [ -155.199109119040202, 19.343856008329261 ], [ -155.199680299457782, 19.344729584785686 ], [ -155.20001157344052, 19.346294867638186 ], [ -155.199551897936345, 19.346064304342637 ], [ -155.199329260116798, 19.345458351796733 ], [ -155.198911399079179, 19.345538165971874 ], [ -155.199069075542212, 19.344934607720713 ], [ -155.19865116662362, 19.344296030300086 ], [ -155.198919451789067, 19.343725706887838 ] ] ] } },
{ "type": "Feature", "properties": { "ID": 133, "GRIDCODE": 2 }, "geometry": { "type": "Polygon", "coordinates": [ [ [ -155.162187389147874, 19.329422537993153 ], [ -155.163405398548036, 19.329746867406996 ], [ -155.163653111503606, 19.330917122236265 ], [ -155.162315532114292, 19.330324122793215 ], [ -155.162187389147874, 19.329422537993153 ] ] ] } },
{ "type": "Feature", "properties": { "ID": 134, "GRIDCODE": 2 }, "geometry": { "type": "Polygon", "coordinates": [ [ [ -155.911066384462401, 19.527277086784832 ], [ -155.909479616835995, 19.527654830021369 ], [ -155.909482635696179, 19.528932221911614 ], [ -155.907165149627161, 19.529509532546527 ], [ -155.906594399608878, 19.529775852427285 ], [ -155.905727161374131, 19.530026512100562 ], [ -155.905156407734836, 19.530292826844807 ], [ -155.902513367564978, 19.530856031055443 ], [ -155.901698604448029, 19.531571958330598 ], [ -155.901699304389069, 19.531915236936793 ], [ -155.899679253413041, 19.532630832427408 ], [ -155.898246697016447, 19.533153128279185 ], [ -155.895380668970404, 19.533369387891543 ], [ -155.894415577096623, 19.533965537572207 ], [ -155.891686247697436, 19.53353934315324 ], [ -155.889093122561974, 19.533808329312805 ], [ -155.888377598318584, 19.533781983872895 ], [ -155.887663494335953, 19.533783427900783 ], [ -155.886827830296767, 19.533752889797348 ], [ -155.88636536794823, 19.534159316621089 ], [ -155.885714158383053, 19.534778810568223 ], [ -155.883637320207413, 19.535062701481095 ], [ -155.882519642238378, 19.535584215447098 ], [ -155.881487807090565, 19.535586494352234 ], [ -155.878795446239423, 19.535487872632874 ], [ -155.877911776969682, 19.536328629454459 ], [ -155.877038730159171, 19.537095253192287 ], [ -155.876737825192038, 19.537656770688013 ], [ -155.875741211422991, 19.537944440100841 ], [ -155.876236375260646, 19.538898428223252 ], [ -155.875041237998715, 19.540035781653547 ], [ -155.873837743446074, 19.540563681854412 ], [ -155.873798205048672, 19.541529835161359 ], [ -155.873799821523079, 19.542198663302855 ], [ -155.872635061352753, 19.542742033157197 ], [ -155.871779018653257, 19.54271053788133 ], [ -155.871226036664439, 19.543236732333153 ], [ -155.870486236344902, 19.543238186528637 ], [ -155.869915354787054, 19.543217179892984 ], [ -155.869201220243582, 19.543218545013744 ], [ -155.868344894254165, 19.543187292694071 ], [ -155.867630760785659, 19.543188651606812 ], [ -155.865945993274238, 19.543126876725154 ], [ -155.86461966799942, 19.543945851398561 ], [ -155.864037864390156, 19.544201251299022 ], [ -155.862594655795306, 19.545264645184147 ], [ -155.861057445282256, 19.545591748464656 ], [ -155.8584520654546, 19.546541271132643 ], [ -155.858021083734258, 19.54585016657866 ], [ -155.860071167794644, 19.545414069988812 ], [ -155.862629632712128, 19.543167899036764 ], [ -155.861769195930549, 19.543349426366646 ], [ -155.861154146677023, 19.543636237011313 ], [ -155.859496982546943, 19.543575410364905 ], [ -155.858347989317934, 19.544584121258339 ], [ -155.857938760921797, 19.545347866480064 ], [ -155.856902296337694, 19.545831477706212 ], [ -155.855166630437367, 19.545128482246799 ], [ -155.854692606495917, 19.545579039590379 ], [ -155.852729624025812, 19.545996758265954 ], [ -155.8522729035179, 19.547251267484153 ], [ -155.851119973407037, 19.547496658205613 ], [ -155.850548806566536, 19.547763038202316 ], [ -155.849743210622279, 19.547733373518255 ], [ -155.848680306261713, 19.548039819998237 ], [ -155.847656754326238, 19.549607830942815 ], [ -155.846218251462204, 19.549848197770547 ], [ -155.845647354067182, 19.550114300410865 ], [ -155.84504440657895, 19.550378782790482 ], [ -155.844473985643418, 19.550921236077514 ], [ -155.843331106052091, 19.551422467377357 ], [ -155.8429030785816, 19.551829100545397 ], [ -155.842458626063518, 19.552219578192108 ], [ -155.841620453310753, 19.553016490958385 ], [ -155.840718265956781, 19.553018147485325 ], [ -155.838841234663761, 19.551096598846069 ], [ -155.837632557388133, 19.550780032385177 ], [ -155.836712280726431, 19.551209225058706 ], [ -155.834539314660361, 19.550461344579976 ], [ -155.833918413434702, 19.550715952250421 ], [ -155.833359614550886, 19.551247198390534 ], [ -155.833053871292492, 19.55124764962142 ], [ -155.832216772716095, 19.551216822761717 ], [ -155.831623612334369, 19.55149332871212 ], [ -155.830185088331007, 19.551733561794506 ], [ -155.829883997935553, 19.552294973924333 ], [ -155.829307257495827, 19.552801296606162 ], [ -155.828993743426338, 19.55309910270552 ], [ -155.82730866517602, 19.553036949333006 ], [ -155.827165697056131, 19.552901684606447 ], [ -155.826966029551215, 19.552713062865561 ], [ -155.821149304181176, 19.539076528063852 ], [ -155.816599621796883, 19.528357086593203 ], [ -155.805869859507737, 19.501352678345636 ], [ -155.801693389112131, 19.490304100614793 ], [ -155.79437577942852, 19.470990664251126 ], [ -155.791507073219947, 19.459484676222797 ], [ -155.790553572212531, 19.45523995674252 ], [ -155.789000770720634, 19.438703878989834 ], [ -155.788982019169708, 19.425361608118777 ], [ -155.788970975973882, 19.419303669865741 ], [ -155.790315371804439, 19.394873511540172 ], [ -155.792098591014906, 19.382908731246385 ], [ -155.792420809899568, 19.380742842634223 ], [ -155.794397418270194, 19.367514467193811 ], [ -155.79471954460027, 19.365348562721302 ], [ -155.796695587145138, 19.352120090220367 ], [ -155.798661701043841, 19.338890046118959 ], [ -155.799235375006305, 19.338343746535582 ], [ -155.804960546964139, 19.337913560929138 ], [ -155.806122581053216, 19.33765257988204 ], [ -155.808305100870172, 19.337733159732551 ], [ -155.809860315425681, 19.337165943730181 ], [ -155.810964659586517, 19.337206707708091 ], [ -155.81191749742996, 19.33691557945717 ], [ -155.814389262963061, 19.337006702379313 ], [ -155.815812594845141, 19.337004094698365 ], [ -155.818341025612483, 19.3382967376177 ], [ -155.820339030648228, 19.339260637201569 ], [ -155.822210164891828, 19.340217278828078 ], [ -155.822709986311907, 19.339741007284928 ], [ -155.825425362503211, 19.340419606585691 ], [ -155.826010743315436, 19.340718852979418 ], [ -155.827437090408466, 19.341009218156895 ], [ -155.827996549387791, 19.34129504921329 ], [ -155.829422907312875, 19.341585400001748 ], [ -155.831629394934026, 19.342233365493183 ], [ -155.832006022910917, 19.34187445233778 ], [ -155.838996304868601, 19.342335244976521 ], [ -155.839963999667305, 19.342039464775084 ], [ -155.841115433460033, 19.341793939173474 ], [ -155.841685553029237, 19.341527744408282 ], [ -155.842551794838954, 19.341277261370831 ], [ -155.843407097936876, 19.341016006191087 ], [ -155.845128896768529, 19.340780341324173 ], [ -155.846311912613686, 19.340514436244852 ], [ -155.847697788466434, 19.340565145658942 ], [ -155.851248640944959, 19.340557831770358 ], [ -155.852815705272349, 19.341097434664363 ], [ -155.852834753938225, 19.340627303205473 ], [ -155.851776901216681, 19.339626574934318 ], [ -155.854115081372129, 19.33877313832236 ], [ -155.854864252642216, 19.338771535306009 ], [ -155.856004578423352, 19.338813178037334 ], [ -155.857131259323069, 19.338810943364969 ], [ -155.857477408324883, 19.339138492943576 ], [ -155.857106264750371, 19.340711930622227 ], [ -155.857109535170082, 19.342068103039786 ], [ -155.856990550871586, 19.34499169388743 ], [ -155.85813390030458, 19.346957543038144 ], [ -155.85809557257349, 19.347896483908798 ], [ -155.859064029168309, 19.349307132823444 ], [ -155.858362076896952, 19.349924416201905 ], [ -155.858630935025303, 19.350491813686268 ], [ -155.858917088636872, 19.351043642292492 ], [ -155.85888398229983, 19.351855471542923 ], [ -155.85960480729068, 19.352536979243627 ], [ -155.858894910505654, 19.353161001762533 ], [ -155.858827355314645, 19.354825362388659 ], [ -155.858829152859812, 19.355589398868698 ], [ -155.858206026289622, 19.358066879531897 ], [ -155.857610871936856, 19.358590266905004 ], [ -155.858438992486612, 19.359373334008687 ], [ -155.856753913644042, 19.361402991689697 ], [ -155.856670224860352, 19.363456078424491 ], [ -155.856956660714104, 19.364008180886461 ], [ -155.856934681557703, 19.36454384668669 ], [ -155.857468211510025, 19.366115981662681 ], [ -155.857470881478633, 19.367240480893408 ], [ -155.857081831305123, 19.367926359230534 ], [ -155.857401624391855, 19.371547218313093 ], [ -155.857068797887223, 19.37213410379562 ], [ -155.857071288274739, 19.373209410911411 ], [ -155.856922673155708, 19.376857872636077 ], [ -155.857542056472539, 19.378386273953701 ], [ -155.857500764385804, 19.379405024518675 ], [ -155.858064336208002, 19.380560640277306 ], [ -155.858626238893891, 19.381092117978177 ], [ -155.858593431132704, 19.381901305014189 ], [ -155.858595166089316, 19.382711089039294 ], [ -155.858037327729789, 19.383201525510369 ], [ -155.858827816670697, 19.385152306141926 ], [ -155.859086627679801, 19.386245266986457 ], [ -155.859378124044952, 19.386521104938655 ], [ -155.859356036786323, 19.387062057897058 ], [ -155.859657782003836, 19.387951074261057 ], [ -155.859509980799686, 19.391585801962162 ], [ -155.860185596932411, 19.392888274012538 ], [ -155.85980023315102, 19.39356733869429 ], [ -155.860374225658745, 19.394110132633752 ], [ -155.860330037263338, 19.39519256734355 ], [ -155.860879677582574, 19.395712196641217 ], [ -155.861406435636212, 19.39672727851331 ], [ -155.860850127611144, 19.398732530304688 ], [ -155.860249166817681, 19.400304626345822 ], [ -155.860517681508441, 19.400893180091938 ], [ -155.861016420800894, 19.401364858559987 ], [ -155.861393452462181, 19.403719451947779 ], [ -155.860475843498051, 19.406119362426011 ], [ -155.860968717052828, 19.407129366897138 ], [ -155.862100306317814, 19.407956039216547 ], [ -155.862078310539005, 19.408491969344549 ], [ -155.862370195845529, 19.409054481119487 ], [ -155.862342865965303, 19.409723074455371 ], [ -155.862344172891738, 19.41026469646037 ], [ -155.862316841933421, 19.410933289673626 ], [ -155.862603356582326, 19.411485395100708 ], [ -155.862571720540103, 19.412262075191432 ], [ -155.862865489240477, 19.413438150272036 ], [ -155.863344213740703, 19.417190019956436 ], [ -155.863630176809863, 19.418032749498852 ], [ -155.863587505104931, 19.419079245486554 ], [ -155.863873760836753, 19.419631081900405 ], [ -155.864402364842135, 19.421541105833736 ], [ -155.865690765565745, 19.422161825590869 ], [ -155.864645799141982, 19.423568642997608 ], [ -155.864649345913136, 19.425198528155246 ], [ -155.864569528613686, 19.427163091835759 ], [ -155.864843087630391, 19.428318719611976 ], [ -155.865392561058059, 19.428838346385394 ], [ -155.865699929990285, 19.429743327665918 ], [ -155.865636145225864, 19.431308580926189 ], [ -155.865637826861587, 19.432121009759129 ], [ -155.865615679845121, 19.432664606867483 ], [ -155.865886187181729, 19.433747457267632 ], [ -155.866124278728279, 19.435923260830101 ], [ -155.866432842596282, 19.436214996387864 ], [ -155.866339677251318, 19.438496938564359 ], [ -155.866343780236377, 19.440257208873263 ], [ -155.866277846381138, 19.441875579240826 ], [ -155.866866465141214, 19.442159198339354 ], [ -155.867278208899307, 19.442580448157621 ], [ -155.86799338652051, 19.443256584334325 ], [ -155.867971133457644, 19.44380573372495 ], [ -155.867972879717342, 19.44457135608042 ], [ -155.867632401462714, 19.446013088994214 ], [ -155.867635406955657, 19.447264533201189 ], [ -155.866938883591132, 19.450753321573671 ], [ -155.86726040459186, 19.451373204705423 ], [ -155.867529712892917, 19.451924749378151 ], [ -155.867810373924357, 19.452465911976144 ], [ -155.868088428106347, 19.453331513231998 ], [ -155.868630140092222, 19.454375681647161 ], [ -155.868899456746988, 19.454927225461081 ], [ -155.869180126297465, 19.455468387133987 ], [ -155.869449446179402, 19.456019930582681 ], [ -155.870336489362757, 19.457171877729301 ], [ -155.871109848186563, 19.458756620025888 ], [ -155.871670734810522, 19.459573420032097 ], [ -155.872540128404268, 19.461022037094573 ], [ -155.874404732856078, 19.462784018040942 ], [ -155.875247496214911, 19.464053131566097 ], [ -155.87731107684516, 19.465663552704818 ], [ -155.87781942181374, 19.466184037800126 ], [ -155.878205286542538, 19.466548762100601 ], [ -155.879490916007171, 19.468644777817488 ], [ -155.879912408710368, 19.469508082533235 ], [ -155.881737996519973, 19.470579106888422 ], [ -155.882012561657888, 19.4708599270589 ], [ -155.883034636040179, 19.471520946745397 ], [ -155.883694027791364, 19.472513693451887 ], [ -155.884793376160616, 19.473552620668613 ], [ -155.885090594617566, 19.474428059838417 ], [ -155.885352992584473, 19.475535092115759 ], [ -155.886202041417391, 19.476337250048374 ], [ -155.886888214596752, 19.477039548182727 ], [ -155.887592383565305, 19.477705129936744 ], [ -155.887982945506423, 19.478920676269539 ], [ -155.888554269241808, 19.479505427738207 ], [ -155.889794751133309, 19.480677665880911 ], [ -155.890228124185711, 19.481565490262543 ], [ -155.890946459940665, 19.48156408110545 ], [ -155.891932564195741, 19.483048228438971 ], [ -155.893450794091365, 19.484602334204723 ], [ -155.894187350757505, 19.485298072299017 ], [ -155.896226035990196, 19.487623525260389 ], [ -155.896522178075969, 19.490328456761929 ], [ -155.89818558580788, 19.491177335745267 ], [ -155.898757029854579, 19.491452649716027 ], [ -155.89957163111049, 19.493367541215303 ], [ -155.900833805935434, 19.495006072437405 ], [ -155.901497565339469, 19.496365127008946 ], [ -155.902091204508508, 19.496925900099253 ], [ -155.902036906210839, 19.498268420967165 ], [ -155.902889780512766, 19.499509590500931 ], [ -155.903714509089582, 19.500750275481831 ], [ -155.904146532260569, 19.501158592939639 ], [ -155.903483509793091, 19.502892669452567 ], [ -155.904809529286638, 19.502941027264754 ], [ -155.905939582171357, 19.502413202627334 ], [ -155.905963022562929, 19.502954687927559 ], [ -155.905091444199172, 19.504891480454049 ], [ -155.905026986065423, 19.506475281410587 ], [ -155.906155732369115, 19.50754133329788 ], [ -155.906425093109135, 19.508379255132215 ], [ -155.907243582762391, 19.509570106528599 ], [ -155.907247189655635, 19.510963341485741 ], [ -155.907209823872449, 19.511886194952282 ], [ -155.907749386611698, 19.51299134827218 ], [ -155.908246386380881, 19.513460804755184 ], [ -155.907739347448626, 19.514354201475207 ], [ -155.907443857070376, 19.515166853938943 ], [ -155.906996532497033, 19.515560118581991 ], [ -155.907423606979393, 19.516816734846287 ], [ -155.907369881536738, 19.518144459796595 ], [ -155.90837733437067, 19.519096036754032 ], [ -155.909063768860307, 19.519798285737942 ], [ -155.909602438061881, 19.520307065204566 ], [ -155.909905396667114, 19.520890621026584 ], [ -155.910169788314619, 19.521712853213067 ], [ -155.911295519633597, 19.522254941180169 ], [ -155.911297138783226, 19.522815095456973 ], [ -155.91099012362119, 19.523617506956221 ], [ -155.91099101784485, 19.523893089633397 ], [ -155.910652877720253, 19.524777214848744 ], [ -155.910934183606031, 19.526865970645982 ], [ -155.911066384462401, 19.527277086784832 ] ] ] } },
{ "type": "Feature", "properties": { "ID": 135, "GRIDCODE": 2 }, "geometry": { "type": "Polygon", "coordinates": [ [ [ -155.185426604102759, 19.323144693694953 ], [ -155.185793213315833, 19.323303026238232 ], [ -155.185526410843948, 19.3237618231726 ], [ -155.185426604102759, 19.323144693694953 ] ] ] } },
{ "type": "Feature", "properties": { "ID": 136, "GRIDCODE": 2 }, "geometry": { "type": "Polygon", "coordinates": [ [ [ -155.14454795347109, 19.364232845033158 ], [ -155.143897443431229, 19.364327408566858 ], [ -155.144381024804574, 19.364581081227662 ], [ -155.14454795347109, 19.364232845033158 ], [ -155.14537619689554, 19.364419293337772 ], [ -155.146119223838639, 19.364393023884563 ], [ -155.147503986055312, 19.365521052272886 ], [ -155.148938654966486, 19.365806761657321 ], [ -155.149516627290012, 19.366712854889379 ], [ -155.15004692281164, 19.367183434316026 ], [ -155.150551137386344, 19.368289621632037 ], [ -155.14882125899166, 19.370134499251751 ], [ -155.148666258725171, 19.370401853685053 ], [ -155.151056375250221, 19.369234080727786 ], [ -155.152257933509844, 19.369510603987642 ], [ -155.151567284613776, 19.371216816247472 ], [ -155.149897963402765, 19.372569806792264 ], [ -155.147276993210625, 19.370551864848025 ], [ -155.146041352483167, 19.371155481812558 ], [ -155.144648344662755, 19.370187160408662 ], [ -155.143006992943469, 19.369429753575243 ], [ -155.141180210033184, 19.369852963274244 ], [ -155.139513983734986, 19.371544737187431 ], [ -155.138958042505664, 19.373602608728191 ], [ -155.137491323538711, 19.374791415225932 ], [ -155.136885890576508, 19.374744186497143 ], [ -155.136315072028225, 19.374764293592964 ], [ -155.135625134699836, 19.37471050657064 ], [ -155.135032916451223, 19.374999997104876 ], [ -155.134734926319453, 19.374976743693207 ], [ -155.134120726473782, 19.375277127805859 ], [ -155.133336484082207, 19.374405720086791 ], [ -155.133007597959306, 19.374417221695392 ], [ -155.132494725607557, 19.373847329084008 ], [ -155.132155051044037, 19.373584793395693 ], [ -155.131021125382176, 19.374736486831477 ], [ -155.131037999034078, 19.3751771557375 ], [ -155.131014903051124, 19.375447298430228 ], [ -155.131037774022673, 19.376034776799539 ], [ -155.132152930091877, 19.376549573230808 ], [ -155.131373248190386, 19.377841481079429 ], [ -155.130354802168625, 19.377288037870677 ], [ -155.129665971851011, 19.375774306136549 ], [ -155.128987624242683, 19.374806822082114 ], [ -155.127141164923898, 19.375140389905532 ], [ -155.125918087969637, 19.375044808330657 ], [ -155.124091036830123, 19.376063796499615 ], [ -155.124707470002193, 19.376610546598663 ], [ -155.124984490500708, 19.377237007873717 ], [ -155.124422982993735, 19.37719305197578 ], [ -155.123722276212021, 19.377217747096385 ], [ -155.123402758319429, 19.378126693231366 ], [ -155.121580043402957, 19.377597799347942 ], [ -155.121541579007328, 19.377951654229513 ], [ -155.121587747759691, 19.378706128117926 ], [ -155.119958683072866, 19.378795558680665 ], [ -155.116967496013501, 19.378404990073996 ], [ -155.117029569494349, 19.377831226091761 ], [ -155.115387759949101, 19.375525369482748 ], [ -155.114828531212765, 19.374259896827496 ], [ -155.114240918248413, 19.373204982338983 ], [ -155.11302686427149, 19.369705491468931 ], [ -155.112072353762585, 19.369349694499274 ], [ -155.110318239716577, 19.369057389511621 ], [ -155.109822323493802, 19.367356399679746 ], [ -155.109140565946831, 19.366773327207014 ], [ -155.108047605741717, 19.365237683616751 ], [ -155.10744976061693, 19.363186974088261 ], [ -155.106974504930577, 19.363687397401716 ], [ -155.106539390034243, 19.362194907721104 ], [ -155.105979924821185, 19.360849869005964 ], [ -155.105747592381022, 19.359144215493377 ], [ -155.104938765666589, 19.359995596422738 ], [ -155.104664473904052, 19.359047807452047 ], [ -155.106920050697056, 19.357286022124679 ], [ -155.106196331794024, 19.356970826345464 ], [ -155.103645754167701, 19.357110442194895 ], [ -155.102988895086753, 19.355623770874828 ], [ -155.10269515163634, 19.35509630615628 ], [ -155.101732983243153, 19.352515822853437 ], [ -155.100233314708646, 19.350713497274288 ], [ -155.099092091791704, 19.348732795276057 ], [ -155.097184644128731, 19.347921758447129 ], [ -155.096464629357598, 19.347781039221029 ], [ -155.096607614583718, 19.34764615141059 ], [ -155.098252897950374, 19.346931409701206 ], [ -155.099204520263584, 19.346348720850543 ], [ -155.100926197654786, 19.346120286831884 ], [ -155.10207992335134, 19.345327841190375 ], [ -155.104384379988005, 19.344570600410727 ], [ -155.105512256902557, 19.343505625115281 ], [ -155.107279001570674, 19.342738152625234 ], [ -155.10756494680578, 19.342468355051395 ], [ -155.107861771609407, 19.342209361045626 ], [ -155.108651831562639, 19.341463263689768 ], [ -155.110427601170244, 19.340642561745184 ], [ -155.112347652806449, 19.340241439009436 ], [ -155.112912275284998, 19.33974897550123 ], [ -155.113341172143464, 19.3393442617094 ], [ -155.115107631237152, 19.339055848377036 ], [ -155.115645514535288, 19.33858685384342 ], [ -155.11593143992917, 19.338317039336729 ], [ -155.118489804651489, 19.336801481221215 ], [ -155.118989882039443, 19.336329289210997 ], [ -155.121479893755662, 19.3343816940774 ], [ -155.123170532900019, 19.333599996201219 ], [ -155.123752271665808, 19.333347037508442 ], [ -155.124091731805692, 19.332719440125054 ], [ -155.125494882768123, 19.331755048474314 ], [ -155.126076612263489, 19.331502080536552 ], [ -155.12798291812544, 19.330191842916541 ], [ -155.128385477561352, 19.330192739699289 ], [ -155.128769872579568, 19.330208313966633 ], [ -155.131960965221936, 19.32846256609059 ], [ -155.134733503057618, 19.327085277547855 ], [ -155.135019379003495, 19.326815423791576 ], [ -155.136676256735029, 19.326468945520212 ], [ -155.138729622154017, 19.325576369900784 ], [ -155.139857161766855, 19.324511118128761 ], [ -155.140502414824056, 19.324230634813446 ], [ -155.140935765712925, 19.323821440048359 ], [ -155.14481560032192, 19.322422238558079 ], [ -155.146532567485735, 19.321933154925208 ], [ -155.14703595105172, 19.321457235594465 ], [ -155.150808992178867, 19.320880501395511 ], [ -155.151666770478755, 19.322031141716327 ], [ -155.153017743700644, 19.322689240020068 ], [ -155.154180549285712, 19.324249369686889 ], [ -155.154749152269403, 19.324791822971815 ], [ -155.155294989863904, 19.325355466824185 ], [ -155.155699113331451, 19.325741152372213 ], [ -155.1563896808739, 19.327804571353337 ], [ -155.156365097386129, 19.328354850299579 ], [ -155.156636720207899, 19.329167751589367 ], [ -155.156624706679764, 19.329442896982737 ], [ -155.157151907114127, 19.330470253239838 ], [ -155.157149553032752, 19.331616730686537 ], [ -155.157089910981313, 19.332950443542178 ], [ -155.157407997899327, 19.333253965483046 ], [ -155.157371857340138, 19.334059841826377 ], [ -155.157656175452075, 19.334331199313539 ], [ -155.158065585866353, 19.334753732667775 ], [ -155.158498065510145, 19.335166180317792 ], [ -155.15847371216492, 19.335706686010028 ], [ -155.159006800484974, 19.336745266085959 ], [ -155.159004924002886, 19.337610012519072 ], [ -155.158969645973201, 19.33840295756837 ], [ -155.159531493790212, 19.33949791180742 ], [ -155.159459706664904, 19.341088798179769 ], [ -155.159764876969973, 19.341683039491183 ], [ -155.160160538274795, 19.342503315801089 ], [ -155.161461964296961, 19.342265417405454 ], [ -155.162624576913942, 19.341914897426157 ], [ -155.162571248389099, 19.343098892643219 ], [ -155.163991969284609, 19.343569965990898 ], [ -155.163697505196524, 19.344207063922489 ], [ -155.162533226642495, 19.34522279571944 ], [ -155.163278964492861, 19.346029043709379 ], [ -155.164204941259925, 19.34665355128876 ], [ -155.165041887443238, 19.347061038077737 ], [ -155.165039947176467, 19.348024635747045 ], [ -155.163603392035611, 19.347966595565605 ], [ -155.163602454784524, 19.348530063082389 ], [ -155.163311981960845, 19.348258580179575 ], [ -155.163039012803097, 19.347976894137691 ], [ -155.162469674117602, 19.347699528374552 ], [ -155.161810378612216, 19.346697668602491 ], [ -155.161347949345952, 19.347134578050095 ], [ -155.161039245573875, 19.347403992595829 ], [ -155.161037293967411, 19.348343270889739 ], [ -155.160995338450476, 19.349278533308002 ], [ -155.161581358809258, 19.349580835975321 ], [ -155.162694566198439, 19.349582649577673 ], [ -155.163796731357451, 19.350151410987252 ], [ -155.164552847571855, 19.350182156041434 ], [ -155.165256752165789, 19.350183252878868 ], [ -155.165556618437563, 19.350767598873929 ], [ -155.165497063356355, 19.352098945354435 ], [ -155.166066340315524, 19.352641660859348 ], [ -155.166870047627356, 19.353471588880812 ], [ -155.168242813675135, 19.354140123186099 ], [ -155.168836276515293, 19.355911812981383 ], [ -155.169076392129853, 19.35786133400029 ], [ -155.170398552754961, 19.358504741060809 ], [ -155.170998819230732, 19.359748498149795 ], [ -155.172228926792457, 19.361019259062612 ], [ -155.173836647082368, 19.361551836700762 ], [ -155.17303883428653, 19.362802373320857 ], [ -155.172103131068098, 19.36251731572677 ], [ -155.170900698006648, 19.361706226908449 ], [ -155.169274829955299, 19.361640526192918 ], [ -155.168989689355129, 19.361639804238163 ], [ -155.168138362165251, 19.361605477282275 ], [ -155.168125588260722, 19.361889595651565 ], [ -155.168124384665759, 19.362417114533404 ], [ -155.167827086799576, 19.362697878798308 ], [ -155.167530294848461, 19.362956980434159 ], [ -155.167528890835428, 19.363492952381719 ], [ -155.167219951351967, 19.36403301283482 ], [ -155.166781582407708, 19.364843894221039 ], [ -155.166074360014306, 19.364815236659613 ], [ -155.165469521870705, 19.365623131222559 ], [ -155.165756078033638, 19.365896647328846 ], [ -155.16629500020548, 19.366453000927059 ], [ -155.168905550723423, 19.366855066438045 ], [ -155.168427967789796, 19.369198597940677 ], [ -155.169361682870488, 19.369236515976848 ], [ -155.170128127008894, 19.368567863707561 ], [ -155.169416593861882, 19.367889474190115 ], [ -155.169809047538592, 19.36680327382831 ], [ -155.171373506875852, 19.366805837485074 ], [ -155.172280655425084, 19.367122017172221 ], [ -155.174720326007275, 19.36783095902495 ], [ -155.175536139873941, 19.369029557855935 ], [ -155.171330986754299, 19.371386606522986 ], [ -155.171661301653472, 19.3721238298175 ], [ -155.173544153611118, 19.370969896632584 ], [ -155.176202083100065, 19.369944312315159 ], [ -155.176200684303979, 19.370695695037799 ], [ -155.17561177148491, 19.371251818111752 ], [ -155.175029551457868, 19.371759712199221 ], [ -155.175302206308601, 19.372057240291323 ], [ -155.175860134521656, 19.37258912862001 ], [ -155.175568708865882, 19.372880336038971 ], [ -155.174459674342074, 19.372835584575089 ], [ -155.173560488709512, 19.373368515837605 ], [ -155.173171009929945, 19.374089258618021 ], [ -155.171813183286815, 19.374679388272742 ], [ -155.170182450344953, 19.376220259758977 ], [ -155.16949434870142, 19.376538509555267 ], [ -155.169217063853495, 19.375011348415168 ], [ -155.167809059891056, 19.375412469154675 ], [ -155.166953046357548, 19.375670343140381 ], [ -155.165794948325242, 19.37591258790999 ], [ -155.165792287753163, 19.377238524516194 ], [ -155.165465307067421, 19.377809912009898 ], [ -155.166047352500669, 19.377810830402229 ], [ -155.166582490808906, 19.378363673030535 ], [ -155.166617296205004, 19.37804301848082 ], [ -155.166618142788849, 19.377555138338682 ], [ -155.16663010286041, 19.377282368656253 ], [ -155.166211412132697, 19.376466626507899 ], [ -155.16806133428662, 19.376817789160985 ], [ -155.167722335441937, 19.378996667766096 ], [ -155.165984730805519, 19.380245561469003 ], [ -155.165450813105053, 19.381232817121955 ], [ -155.163962562202755, 19.3815616364083 ], [ -155.163390495814582, 19.381538454613054 ], [ -155.162677549704085, 19.381537139248106 ], [ -155.161976383412338, 19.381508582863869 ], [ -155.160318611909702, 19.382106280696856 ], [ -155.159715502644872, 19.381483530758469 ], [ -155.158829584068883, 19.381447620564433 ], [ -155.158544412058347, 19.381446876272662 ], [ -155.158256710807933, 19.381435241822334 ], [ -155.157529146219304, 19.381771898275431 ], [ -155.155153740009837, 19.380220956520446 ], [ -155.15585932743835, 19.378709570588114 ], [ -155.158042094370558, 19.37845365028458 ], [ -155.159157260982198, 19.378498901570726 ], [ -155.159770244171767, 19.377964761669208 ], [ -155.15977097727361, 19.377435123068977 ], [ -155.160914774521274, 19.376354790738525 ], [ -155.161512036259836, 19.376632765420307 ], [ -155.16207393568672, 19.376922413519825 ], [ -155.162613929857827, 19.376412356870855 ], [ -155.163229405062197, 19.376127489170166 ], [ -155.16378754071232, 19.376150110220216 ], [ -155.16496287042952, 19.375125122582169 ], [ -155.16497690523488, 19.374811430681884 ], [ -155.163310276651202, 19.373723279819718 ], [ -155.162740351649518, 19.37313480922047 ], [ -155.161609663371763, 19.37365776462698 ], [ -155.161024525884784, 19.373148257889 ], [ -155.161025224939323, 19.372833492749688 ], [ -155.161622643179669, 19.372035507370391 ], [ -155.160492073710543, 19.371485141838622 ], [ -155.160778260555105, 19.371204423664931 ], [ -155.163359640644842, 19.370571758685678 ], [ -155.16308944011729, 19.370170662620517 ], [ -155.160531152553631, 19.369819035247257 ], [ -155.161058388632455, 19.367999373931596 ], [ -155.161721248753537, 19.367711278873394 ], [ -155.16315995027179, 19.366924439905443 ], [ -155.164024251306557, 19.366548610737535 ], [ -155.163655751955588, 19.365969153976192 ], [ -155.161503491921195, 19.366617768400271 ], [ -155.16036677674316, 19.366615962077194 ], [ -155.159218625303765, 19.366057030026024 ], [ -155.157957712504356, 19.36510586875735 ], [ -155.157211645507942, 19.365451130169919 ], [ -155.156345293676708, 19.365415898817268 ], [ -155.156343007474135, 19.366509779091398 ], [ -155.155750919495745, 19.366226881780012 ], [ -155.155217686256918, 19.365121676544891 ], [ -155.15294207274016, 19.365117670266269 ], [ -155.152388683259289, 19.363970538855511 ], [ -155.151835229558998, 19.363442652772402 ], [ -155.151145901783309, 19.362013544898211 ], [ -155.149366979324725, 19.361423762075678 ], [ -155.148820337309957, 19.359067349203613 ], [ -155.148267372865604, 19.358496122094355 ], [ -155.147962465661777, 19.358483848653144 ], [ -155.147674547580692, 19.358483299351068 ], [ -155.146044684431416, 19.357383387415343 ], [ -155.144868029819918, 19.356810297839306 ], [ -155.144381084261369, 19.355801203147685 ], [ -155.143758459228877, 19.35485451195234 ], [ -155.142059955524758, 19.354851261558714 ], [ -155.139906771996948, 19.354763814213946 ], [ -155.141216026370699, 19.355096594184353 ], [ -155.141753196100922, 19.355651116191879 ], [ -155.143379681934618, 19.356064350485724 ], [ -155.143722711098178, 19.356775442105295 ], [ -155.144190789717214, 19.357686877727794 ], [ -155.143684748733563, 19.358127826740514 ], [ -155.143683764039935, 19.358666438744578 ], [ -155.143671773211452, 19.358939201005743 ], [ -155.143943357311656, 19.35975185290906 ], [ -155.144218934960776, 19.361270256930691 ], [ -155.145593292673027, 19.361939521296016 ], [ -155.145938484249967, 19.363742725859119 ], [ -155.14469092328585, 19.364097915126873 ], [ -155.14454795347109, 19.364232845033158 ] ] ] } },
{ "type": "Feature", "properties": { "ID": 137, "GRIDCODE": 2 }, "geometry": { "type": "Polygon", "coordinates": [ [ [ -155.160990401158443, 19.31965416257113 ], [ -155.161316809315878, 19.319887018132324 ], [ -155.161786547817172, 19.320538637315234 ], [ -155.1631573989213, 19.321467726519096 ], [ -155.163661183062658, 19.322259346040504 ], [ -155.163873054184052, 19.323390785397706 ], [ -155.16424148712855, 19.323970227507026 ], [ -155.164125725736454, 19.324468109812404 ], [ -155.164457643603726, 19.324989958183917 ], [ -155.164856374792095, 19.327156105329621 ], [ -155.164260526175667, 19.326538570980777 ], [ -155.16382359638024, 19.325387589455996 ], [ -155.163203911535874, 19.324527716369598 ], [ -155.162289271598439, 19.323875709650014 ], [ -155.161606119026658, 19.322801734337922 ], [ -155.161400590051471, 19.321399785492797 ], [ -155.160990401158443, 19.31965416257113 ] ] ] } },
{ "type": "Feature", "properties": { "ID": 138, "GRIDCODE": 2 }, "geometry": { "type": "Polygon", "coordinates": [ [ [ -155.198343693011026, 19.319355005565004 ], [ -155.19932082927059, 19.319791418667318 ], [ -155.200785346417916, 19.320076765024403 ], [ -155.200725805204769, 19.320628458111781 ], [ -155.201274524787351, 19.322518613947011 ], [ -155.201471405059493, 19.325560428085947 ], [ -155.202306846513636, 19.326274572683136 ], [ -155.202024667643826, 19.326894043839097 ], [ -155.201284149570711, 19.326481340313396 ], [ -155.201112530896722, 19.328073659383261 ], [ -155.201151669187084, 19.328716218779054 ], [ -155.20027350354394, 19.328764765089641 ], [ -155.199996884157258, 19.328446314730321 ], [ -155.199411595679692, 19.328183534177519 ], [ -155.199055467180301, 19.327379209559396 ], [ -155.198312639707552, 19.327306875920272 ], [ -155.198562956145309, 19.327895166708963 ], [ -155.199391347673156, 19.329057709421445 ], [ -155.197790246898819, 19.328847987805997 ], [ -155.197680337034086, 19.32705473877197 ], [ -155.197870948368063, 19.325292873852444 ], [ -155.197427199742691, 19.324497555254329 ], [ -155.198093759311291, 19.323534851828835 ], [ -155.198954495993775, 19.3224342635067 ], [ -155.199084828510024, 19.321230413591479 ], [ -155.198618939330004, 19.320693923356643 ], [ -155.19800686322111, 19.320170503855408 ], [ -155.198343693011026, 19.319355005565004 ] ] ] } },
{ "type": "Feature", "properties": { "ID": 139, "GRIDCODE": 2 }, "geometry": { "type": "Polygon", "coordinates": [ [ [ -155.160179866524942, 19.317742578728119 ], [ -155.161157960388522, 19.317941331651856 ], [ -155.160585447655251, 19.318422977216052 ], [ -155.160640076765134, 19.321396177462567 ], [ -155.160151009346322, 19.321404368171073 ], [ -155.159717018698046, 19.319486712310933 ], [ -155.159149910617487, 19.318665999186315 ], [ -155.160033348800653, 19.318150740148393 ], [ -155.160179866524942, 19.317742578728119 ] ] ] } },
{ "type": "Feature", "properties": { "ID": 140, "GRIDCODE": 2 }, "geometry": { "type": "Polygon", "coordinates": [ [ [ -155.162187080559107, 19.317243591926978 ], [ -155.163164534917456, 19.317493594702228 ], [ -155.164094633077696, 19.317316014493951 ], [ -155.163879974835965, 19.318138754501373 ], [ -155.162316729630248, 19.317771223154072 ], [ -155.162187080559107, 19.317243591926978 ] ] ] } },
{ "type": "Feature", "properties": { "ID": 141, "GRIDCODE": 2 }, "geometry": { "type": "Polygon", "coordinates": [ [ [ -155.306102666920168, 19.64665336997669 ], [ -155.305752513619524, 19.646738947979284 ], [ -155.305997507936866, 19.646981089545431 ], [ -155.306102666920168, 19.64665336997669 ], [ -155.308298718307412, 19.646274006279253 ], [ -155.309898720391232, 19.646337810122649 ], [ -155.312658759843117, 19.646013590847772 ], [ -155.311671500477161, 19.646874069178953 ], [ -155.311951313531722, 19.646911798699822 ], [ -155.312533856737645, 19.646912392851235 ], [ -155.311932308104161, 19.647962120498406 ], [ -155.313312668190974, 19.648042003815629 ], [ -155.314228485340152, 19.647499625939638 ], [ -155.314629476242573, 19.64641061734881 ], [ -155.315540987150399, 19.646446762802178 ], [ -155.315979700656243, 19.645635542159134 ], [ -155.316562464658887, 19.645382104785902 ], [ -155.317681918869397, 19.64486449881614 ], [ -155.317999968938608, 19.644864938652422 ], [ -155.319375309677127, 19.644919557389898 ], [ -155.320865156603475, 19.644382292201673 ], [ -155.321733473206763, 19.644134684302411 ], [ -155.322983563935196, 19.64336860022485 ], [ -155.324590553227779, 19.643370558261676 ], [ -155.325173862480852, 19.643924903097819 ], [ -155.32456555332115, 19.644736648646248 ], [ -155.324564053094349, 19.645806109382264 ], [ -155.324254908315169, 19.646075747142476 ], [ -155.324253362248953, 19.647147056883192 ], [ -155.32365838613751, 19.647422209798606 ], [ -155.321647777049037, 19.647646435101684 ], [ -155.320136230169084, 19.648472966051802 ], [ -155.319046776687372, 19.648946527682241 ], [ -155.318760485329648, 19.649216622112366 ], [ -155.317892137896621, 19.649464210340032 ], [ -155.317034696088314, 19.649722855185324 ], [ -155.315604688860958, 19.649665769646656 ], [ -155.313890514306252, 19.649663636664627 ], [ -155.312509013485254, 19.649608579437988 ], [ -155.311586389957938, 19.649886740506549 ], [ -155.31044517328283, 19.649841359748844 ], [ -155.307871702992287, 19.650617143982387 ], [ -155.307003340331761, 19.650864675484048 ], [ -155.306449532728692, 19.651387230197336 ], [ -155.305276776620701, 19.651646465788655 ], [ -155.303841364740151, 19.651946808955607 ], [ -155.304116510955026, 19.65216393450935 ], [ -155.305816110046692, 19.653167670507251 ], [ -155.305798932049782, 19.653551915149862 ], [ -155.306352154974377, 19.654077943703481 ], [ -155.30533702726774, 19.655955465900064 ], [ -155.301910582622696, 19.65625286875995 ], [ -155.298790340198053, 19.655682387624886 ], [ -155.298312022528364, 19.656099150322696 ], [ -155.297338102961845, 19.657441671536869 ], [ -155.296713122778613, 19.657416622020701 ], [ -155.296141712299658, 19.657415936222389 ], [ -155.295195598398891, 19.657378176546594 ], [ -155.2942766373273, 19.657639924858174 ], [ -155.293195482189418, 19.658960379226745 ], [ -155.291669083935801, 19.659210097356294 ], [ -155.290635125457158, 19.659521521043573 ], [ -155.289676062913287, 19.659028031514932 ], [ -155.288812519726349, 19.659427021545657 ], [ -155.287269364419359, 19.659749836124384 ], [ -155.287913534213914, 19.66100072393629 ], [ -155.287386466145449, 19.661545432996871 ], [ -155.283174495220209, 19.661539679282832 ], [ -155.282486233226962, 19.661185507136061 ], [ -155.28077330228254, 19.660884644315136 ], [ -155.27764922847112, 19.660312919212036 ], [ -155.277917519835313, 19.660825451844719 ], [ -155.278765154036478, 19.661237129992251 ], [ -155.27847550339385, 19.661649018235572 ], [ -155.274745126944595, 19.661837281148564 ], [ -155.274743698862636, 19.662671184802598 ], [ -155.273307517804483, 19.662613618086397 ], [ -155.271909118105981, 19.662611539031321 ], [ -155.271317387419174, 19.662307173609861 ], [ -155.270746794440925, 19.66202994204702 ], [ -155.270182638858387, 19.661739891012903 ], [ -155.26978781657283, 19.662812755329998 ], [ -155.26873985268395, 19.662811325729074 ], [ -155.268455343500023, 19.662518359879293 ], [ -155.267599179526314, 19.66223518180276 ], [ -155.267037243470554, 19.661945960641791 ], [ -155.26646244448051, 19.662211805165391 ], [ -155.265617250681288, 19.662177835018671 ], [ -155.264350946248186, 19.662953163678363 ], [ -155.26134323218912, 19.663213271647727 ], [ -155.260721198355952, 19.662893176298503 ], [ -155.259443898204836, 19.662891407496453 ], [ -155.257615255784458, 19.662817870363718 ], [ -155.257293459273939, 19.663097944517986 ], [ -155.256754302037137, 19.663606348071852 ], [ -155.25570170269404, 19.664092673070996 ], [ -155.254179191934497, 19.663308923736626 ], [ -155.252403683087806, 19.664813350414565 ], [ -155.252387526117047, 19.665171954006567 ], [ -155.253245202775474, 19.665173209774828 ], [ -155.252660489741857, 19.665983817350888 ], [ -155.251493739538915, 19.666674160316173 ], [ -155.251492820289485, 19.667312992017642 ], [ -155.250614161766265, 19.667277719749354 ], [ -155.248897564755794, 19.668070473473616 ], [ -155.247779088407981, 19.668555895512821 ], [ -155.24744244229359, 19.668849381545389 ], [ -155.247833885338622, 19.66922179292359 ], [ -155.246855211837044, 19.669646431113215 ], [ -155.243752350742312, 19.67120544682086 ], [ -155.241944713836574, 19.670898787635949 ], [ -155.240844617706358, 19.670332579235776 ], [ -155.240274069051054, 19.670055254691423 ], [ -155.239714924915063, 19.669767595086441 ], [ -155.238287515942375, 19.669405963611023 ], [ -155.236528245989177, 19.668082137669526 ], [ -155.235457267397891, 19.668325042035633 ], [ -155.235050406181415, 19.668709008925731 ], [ -155.23371397924663, 19.669110998092663 ], [ -155.232055365263136, 19.669044195236623 ], [ -155.230329095356268, 19.669841308762258 ], [ -155.229149132090441, 19.669280493546101 ], [ -155.228624396752366, 19.668740051994607 ], [ -155.227451392848906, 19.668692663703819 ], [ -155.225322566726959, 19.668688862222126 ], [ -155.224027800258796, 19.668360836954058 ], [ -155.223465948251146, 19.668071488556436 ], [ -155.222891085194192, 19.668336913439536 ], [ -155.222016665615939, 19.668716554184531 ], [ -155.221158603359441, 19.669112393025081 ], [ -155.220004504818093, 19.669353449715793 ], [ -155.220002866559724, 19.67016008370755 ], [ -155.219691250481134, 19.67043130637089 ], [ -155.220193463159404, 19.671406876029135 ], [ -155.21841183961746, 19.672229390822697 ], [ -155.217674654825288, 19.671469560894472 ], [ -155.215978559867864, 19.67090835429299 ], [ -155.21547295241146, 19.67038704891128 ], [ -155.213366791104136, 19.668968746390316 ], [ -155.210717546635436, 19.668861544074964 ], [ -155.208845578658583, 19.669183836611186 ], [ -155.206176424222633, 19.667174736605585 ], [ -155.204424231206843, 19.667103852685621 ], [ -155.20348512347789, 19.667386086518071 ], [ -155.202331032317176, 19.667627026958122 ], [ -155.201799132678076, 19.668128254436901 ], [ -155.198885104067045, 19.668366004868563 ], [ -155.198455092203574, 19.66916011215233 ], [ -155.19744566742358, 19.669158281366212 ], [ -155.196312923050726, 19.668305948144116 ], [ -155.194758900492019, 19.668303129881746 ], [ -155.192113332510019, 19.667925351991887 ], [ -155.190877478887018, 19.668461290442398 ], [ -155.19002934459624, 19.669260767021715 ], [ -155.189442184807433, 19.668982940289453 ], [ -155.189095350963299, 19.668264869370777 ], [ -155.188138852452852, 19.667772247350634 ], [ -155.187479061746416, 19.668394137013625 ], [ -155.18689595790994, 19.668393111574662 ], [ -155.186325922058586, 19.668099517390949 ], [ -155.182049769059603, 19.667703053348777 ], [ -155.182348163275179, 19.666932362321038 ], [ -155.182840846484567, 19.665662841515395 ], [ -155.181256422525792, 19.665014373093129 ], [ -155.18040829840362, 19.665012710328106 ], [ -155.180105341737203, 19.664422954696949 ], [ -155.180177117252839, 19.662831818041361 ], [ -155.179094259392286, 19.662305543786864 ], [ -155.178472208226196, 19.66171295798798 ], [ -155.177926073783425, 19.66088411881989 ], [ -155.177089416114029, 19.659789022152179 ], [ -155.176839199228027, 19.658411986114565 ], [ -155.176045829205009, 19.657656639102843 ], [ -155.17745747718044, 19.655776356201375 ], [ -155.177544260155628, 19.653858605543274 ], [ -155.176957206055533, 19.65355617129584 ], [ -155.176101328727043, 19.653272590159219 ], [ -155.175821367865865, 19.652067772263109 ], [ -155.174424119446229, 19.651156576198147 ], [ -155.174483221644039, 19.649841897509379 ], [ -155.17295094176896, 19.64909670313947 ], [ -155.172278793895828, 19.645588369537233 ], [ -155.172302264779205, 19.645069790083156 ], [ -155.17230961957975, 19.641845785171508 ], [ -155.173546975012499, 19.640768704306733 ], [ -155.173852703796342, 19.639687367066628 ], [ -155.174156495112271, 19.639157841025369 ], [ -155.174468631043027, 19.637805997048421 ], [ -155.175024192301123, 19.635928623509919 ], [ -155.173486492558851, 19.636192953631991 ], [ -155.172778763533671, 19.637499367340734 ], [ -155.171920391899306, 19.637089656527529 ], [ -155.172229548481909, 19.635863824799532 ], [ -155.172905322251751, 19.634963485995076 ], [ -155.172559133339519, 19.634247002409335 ], [ -155.171579369006594, 19.633922453532655 ], [ -155.170730727714329, 19.632633631337509 ], [ -155.168625668225161, 19.631794816658768 ], [ -155.168627705753465, 19.63091025964653 ], [ -155.169513498973316, 19.630139687016115 ], [ -155.169868891922761, 19.627576709918049 ], [ -155.171880376041059, 19.626502640113184 ], [ -155.171547178552004, 19.625662478748463 ], [ -155.170766810123013, 19.625282977115766 ], [ -155.170207977565042, 19.624994881844675 ], [ -155.169376807782726, 19.624993294393906 ], [ -155.168496196875623, 19.624418975758971 ], [ -155.168553466095972, 19.623157915680846 ], [ -155.167398872025217, 19.622775447953551 ], [ -155.166554582175564, 19.62248125780204 ], [ -155.165698325635134, 19.622479648816828 ], [ -155.165699723493418, 19.621786694611945 ], [ -155.166863095529465, 19.621282116352301 ], [ -155.166586694087982, 19.621129010348032 ], [ -155.164326261195583, 19.620380153301593 ], [ -155.165493370726665, 19.618825350648709 ], [ -155.165255716076814, 19.617041042300404 ], [ -155.164970976733002, 19.616769616989441 ], [ -155.163029862333872, 19.614557815869283 ], [ -155.162478942468738, 19.614032799636668 ], [ -155.162143788052731, 19.612667434643285 ], [ -155.16253049910901, 19.611299500001827 ], [ -155.163023696513591, 19.610027395532359 ], [ -155.160842908502559, 19.609642830782178 ], [ -155.16030390202971, 19.609086878667483 ], [ -155.159745366082774, 19.608554823660903 ], [ -155.160032169398335, 19.608269164592201 ], [ -155.160895079815532, 19.607517955075586 ], [ -155.161324436452503, 19.606068472284559 ], [ -155.160933789141069, 19.60391696779757 ], [ -155.160438900331485, 19.60340636153758 ], [ -155.159589745586544, 19.60285224930778 ], [ -155.158799781091801, 19.602037481484171 ], [ -155.157664460769354, 19.601485181872338 ], [ -155.157067780802294, 19.600916629216762 ], [ -155.156824714653624, 19.599269642733759 ], [ -155.156391663135196, 19.598857081318588 ], [ -155.157129791413809, 19.598214751793602 ], [ -155.156856873033263, 19.597917143136605 ], [ -155.156572178083138, 19.59764571212666 ], [ -155.15631719769371, 19.596546881974326 ], [ -155.155457192180819, 19.596544899840211 ], [ -155.155137955973316, 19.595169831203464 ], [ -155.154075505772198, 19.595167483312029 ], [ -155.15378871971609, 19.594609246068952 ], [ -155.153497806772265, 19.593357150072116 ], [ -155.152685663708525, 19.592961854290525 ], [ -155.152184816356538, 19.590805616876633 ], [ -155.151893790219816, 19.59023856625867 ], [ -155.151498546036237, 19.588988733012314 ], [ -155.150308029116161, 19.587854836651548 ], [ -155.149587010382163, 19.586795991375844 ], [ -155.150581762846201, 19.585609706808949 ], [ -155.150582688915136, 19.585336447743355 ], [ -155.150715306725829, 19.582411709623319 ], [ -155.149815499208358, 19.581554666500715 ], [ -155.149889464359433, 19.579922918173253 ], [ -155.149011142854107, 19.579616590095362 ], [ -155.148150670534733, 19.579614840478822 ], [ -155.147854395556351, 19.577207936605582 ], [ -155.147097126253556, 19.576057662593627 ], [ -155.145151727400133, 19.573819513813344 ], [ -155.145456551976281, 19.572774947305813 ], [ -155.145965054992899, 19.571888554578116 ], [ -155.145501004198735, 19.569994754694694 ], [ -155.145617123402587, 19.567436249493465 ], [ -155.145208436049074, 19.566590230880617 ], [ -155.143621222837112, 19.567322982278512 ], [ -155.143058654872505, 19.565797345683666 ], [ -155.143405490029494, 19.56298821368912 ], [ -155.143796633112942, 19.56166640287411 ], [ -155.1434754724892, 19.560283365499529 ], [ -155.143156252570719, 19.55966205794051 ], [ -155.143527486434408, 19.558122044306522 ], [ -155.143268139711353, 19.556765966175245 ], [ -155.143020687600369, 19.555402213911833 ], [ -155.142747438419661, 19.553974479985012 ], [ -155.14279328880707, 19.55296190283034 ], [ -155.14224910918594, 19.551602110707709 ], [ -155.14194158777039, 19.550630603816476 ], [ -155.141145653479612, 19.550220044236156 ], [ -155.139946281943168, 19.549822518685037 ], [ -155.140618745678609, 19.54808888997454 ], [ -155.140657282003787, 19.547243190213401 ], [ -155.140361240960317, 19.546960935412677 ], [ -155.140088049691343, 19.546679169275134 ], [ -155.139090073360592, 19.546348324628056 ], [ -155.13869976857319, 19.544756868294325 ], [ -155.139296003901137, 19.543718281833229 ], [ -155.139315305699483, 19.543282350757256 ], [ -155.139318532560708, 19.541929250629984 ], [ -155.139386213550154, 19.54044485561721 ], [ -155.138817592047872, 19.539903048124781 ], [ -155.138616663658837, 19.536282457381358 ], [ -155.137524705649241, 19.534445789490178 ], [ -155.136931680550106, 19.534157176363848 ], [ -155.137028859381843, 19.532019561127104 ], [ -155.136169036978174, 19.531439802675347 ], [ -155.135599177126693, 19.5311622546213 ], [ -155.135326016992707, 19.530880486828778 ], [ -155.13320672373078, 19.529625176960312 ], [ -155.13266041828166, 19.52906163608689 ], [ -155.132233597272403, 19.52865447081869 ], [ -155.131823872772486, 19.52823181386373 ], [ -155.131202450427907, 19.527639174141768 ], [ -155.130009290239116, 19.526171109137614 ], [ -155.129463760367173, 19.525342232549423 ], [ -155.128899822689277, 19.524514017539634 ], [ -155.13065612160284, 19.522985227344588 ], [ -155.130268383130158, 19.522108727878418 ], [ -155.129552616746281, 19.522107128647569 ], [ -155.128982997660529, 19.521564225339105 ], [ -155.129555900899248, 19.519982052621682 ], [ -155.131077638499193, 19.517532724093776 ], [ -155.130763489924902, 19.515112240300276 ], [ -155.131471620089741, 19.512718675951032 ], [ -155.131128707988182, 19.50883737776628 ], [ -155.130726501497463, 19.508054131809754 ], [ -155.130435803222525, 19.506802046079912 ], [ -155.129621927550602, 19.506405622373851 ], [ -155.130223274549564, 19.505357382103664 ], [ -155.130563773783337, 19.502903347853742 ], [ -155.13115904154256, 19.502109482007015 ], [ -155.131451724597213, 19.501569197059137 ], [ -155.13260721496539, 19.500562934400726 ], [ -155.132923025652019, 19.49970625709636 ], [ -155.133517915508207, 19.49866948906795 ], [ -155.133531264225866, 19.498366105257212 ], [ -155.132693718535705, 19.497958358231241 ], [ -155.132695644067923, 19.497268338348047 ], [ -155.132707650976812, 19.496997962322904 ], [ -155.132709191500936, 19.496464658111254 ], [ -155.133256385901007, 19.495510913003013 ], [ -155.130819857111391, 19.494253879176259 ], [ -155.129907698409426, 19.494499699506452 ], [ -155.129358030290035, 19.49501835906602 ], [ -155.128056689574038, 19.495409651137372 ], [ -155.126795536949828, 19.494207605371095 ], [ -155.126249008831593, 19.49307372571117 ], [ -155.125806878124394, 19.493055793838781 ], [ -155.125101828192612, 19.493054425717794 ], [ -155.12354637084016, 19.492252000851821 ], [ -155.12173873913494, 19.491530577335585 ], [ -155.121459493250057, 19.489988548835594 ], [ -155.121189294757755, 19.488885167259102 ], [ -155.121271409584836, 19.487078146372763 ], [ -155.120972921828496, 19.486459918426402 ], [ -155.120694910352455, 19.48591798000043 ], [ -155.12042829376756, 19.485365714379597 ], [ -155.120143833152838, 19.485094267251512 ], [ -155.119623903508511, 19.484016449296213 ], [ -155.117933120661235, 19.482069899381067 ], [ -155.117205982999337, 19.480964637499685 ], [ -155.115092430930275, 19.479407273141764 ], [ -155.114049261312289, 19.477651151192848 ], [ -155.112897860889149, 19.477090442610557 ], [ -155.112953179917099, 19.475871160987658 ], [ -155.112954961187683, 19.475329942594886 ], [ -155.113065841887902, 19.472880812309743 ], [ -155.112753244213167, 19.471945397401335 ], [ -155.112543971313414, 19.468947075638155 ], [ -155.111981661805885, 19.468410653099596 ], [ -155.110371110583571, 19.465961272008279 ], [ -155.109238200520196, 19.465376901455734 ], [ -155.107337743403747, 19.464893889764046 ], [ -155.106654506067713, 19.464242269326334 ], [ -155.105878269536333, 19.462632731325076 ], [ -155.105292558110875, 19.461771778888213 ], [ -155.104747322635177, 19.460942881869325 ], [ -155.101605216832922, 19.460582946552929 ], [ -155.10103806214633, 19.460042166481156 ], [ -155.100015048979515, 19.457920141200304 ], [ -155.098638183291939, 19.456497444885805 ], [ -155.096870064468305, 19.456172063367386 ], [ -155.094221015741084, 19.456542016856101 ], [ -155.09363230713555, 19.455321551921593 ], [ -155.091232445776228, 19.455223247721179 ], [ -155.090313628030088, 19.455499668693744 ], [ -155.089199600349389, 19.454924586701708 ], [ -155.087545049363797, 19.45411846869607 ], [ -155.085837061217376, 19.452150997327767 ], [ -155.085325921022672, 19.451091289339811 ], [ -155.084484811301763, 19.450221599285108 ], [ -155.08275897495642, 19.449648850248369 ], [ -155.081666484703703, 19.449084768501319 ], [ -155.080508088456043, 19.449037239729137 ], [ -155.079936245181614, 19.449576411262697 ], [ -155.078777881472746, 19.449573798767645 ], [ -155.078494075480194, 19.449280648586431 ], [ -155.078209749272759, 19.449009157585316 ], [ -155.077936816480388, 19.448727341908207 ], [ -155.077271751375548, 19.448092680362215 ], [ -155.077807963790463, 19.447158708837403 ], [ -155.077420747703655, 19.445999660740295 ], [ -155.077491530010747, 19.444447507773262 ], [ -155.077198578303808, 19.443840197872444 ], [ -155.076914262413339, 19.443568706739448 ], [ -155.075708154119951, 19.442056290727422 ], [ -155.074377672447781, 19.441614402071057 ], [ -155.073705719112439, 19.44092038647851 ], [ -155.073098430862416, 19.440340880986838 ], [ -155.074548597450217, 19.43766214954762 ], [ -155.07737108842602, 19.436438091580236 ], [ -155.076096701676761, 19.434893550911806 ], [ -155.075699843889566, 19.434877293611695 ], [ -155.075395657954743, 19.434876520496321 ], [ -155.073771699204059, 19.434037679985774 ], [ -155.072871858803609, 19.433738843396593 ], [ -155.072462506945016, 19.43331611625808 ], [ -155.071893924803533, 19.432773127483895 ], [ -155.071484577859025, 19.43235039896301 ], [ -155.071200289619753, 19.432078903738557 ], [ -155.070927393760059, 19.431797084137056 ], [ -155.06992241789473, 19.431307263594672 ], [ -155.069533702082424, 19.430144215136618 ], [ -155.070409177133257, 19.429626188652723 ], [ -155.07127206880682, 19.429098370386019 ], [ -155.072139326097897, 19.428851831525712 ], [ -155.073011974490328, 19.428589548290468 ], [ -155.073587478097437, 19.428613114324243 ], [ -155.075090028544508, 19.427919420742121 ], [ -155.07731405898636, 19.427062938375556 ], [ -155.077874814305773, 19.427352298384939 ], [ -155.078447519398196, 19.427631344340508 ], [ -155.077557328881369, 19.428693244465521 ], [ -155.077118326422436, 19.429503533084752 ], [ -155.076371082756822, 19.430806103178064 ], [ -155.076650939298389, 19.431123215267725 ], [ -155.07722670159626, 19.430580430301184 ], [ -155.079809563754822, 19.428587626609524 ], [ -155.080314345912001, 19.42721848151573 ], [ -155.084113471451872, 19.426426349703728 ], [ -155.084755276562561, 19.426147918573978 ], [ -155.085618114320795, 19.425620020372502 ], [ -155.086577441125684, 19.425203611737587 ], [ -155.088514503050988, 19.42378817172392 ], [ -155.089546999212928, 19.423340023552871 ], [ -155.092477977086816, 19.420176337631265 ], [ -155.093169686326945, 19.418300042738412 ], [ -155.0939915410803, 19.416781211499575 ], [ -155.094973311100574, 19.416355187366324 ], [ -155.096093186894961, 19.415838045220909 ], [ -155.095537017155976, 19.416637948205171 ], [ -155.094372933919317, 19.417652040733334 ], [ -155.094346275207243, 19.418230772352825 ], [ -155.097121763501804, 19.417322191960675 ], [ -155.097520727625778, 19.416945981537143 ], [ -155.099243168473635, 19.416717694740591 ], [ -155.100099965286006, 19.416322252399276 ], [ -155.100973084460406, 19.415943013230155 ], [ -155.10154428433043, 19.415679114951455 ], [ -155.102399152282288, 19.415714136870864 ], [ -155.102697550745035, 19.415162645517967 ], [ -155.103264677594836, 19.4151859301782 ], [ -155.104135891919384, 19.414652554963638 ], [ -155.105003048658887, 19.414405836194632 ], [ -155.105295596878676, 19.413865577411574 ], [ -155.106168874476708, 19.41310494962557 ], [ -155.106193542176555, 19.412561052435116 ], [ -155.105936605301054, 19.41090719312324 ], [ -155.105954681496712, 19.410499525427529 ], [ -155.105956059797364, 19.410091235021422 ], [ -155.106265933202678, 19.409291024126802 ], [ -155.106737645693386, 19.408011172027937 ], [ -155.107439482798412, 19.407687152510185 ], [ -155.109016043092822, 19.407358104156792 ], [ -155.110049262797475, 19.406124635929416 ], [ -155.110341775699823, 19.405584363142385 ], [ -155.110638731049818, 19.405325385105069 ], [ -155.111451756748465, 19.402809890050737 ], [ -155.112145691315533, 19.401599261269986 ], [ -155.112685274807347, 19.399687605783004 ], [ -155.113054580354259, 19.399688379076977 ], [ -155.113897635680047, 19.399982875196457 ], [ -155.114188406686793, 19.399983286219193 ], [ -155.115282395833304, 19.400548228619556 ], [ -155.115328071893913, 19.400243690187345 ], [ -155.115329461379844, 19.399739988432131 ], [ -155.115365019943937, 19.3989470948062 ], [ -155.114813473691697, 19.397872062871762 ], [ -155.116565207728939, 19.395980248254535 ], [ -155.116998078825958, 19.395180787318431 ], [ -155.117719407427956, 19.39518220710093 ], [ -155.118513757073174, 19.396002628335406 ], [ -155.119397582383669, 19.396433284746241 ], [ -155.119396365518014, 19.397118029708473 ], [ -155.118545984731298, 19.397859148336433 ], [ -155.120400905712074, 19.398330385603618 ], [ -155.119339487935179, 19.399255434398135 ], [ -155.120059887572609, 19.400071100289473 ], [ -155.120473556722544, 19.399306105879926 ], [ -155.120770485807498, 19.399047106326741 ], [ -155.121065864781883, 19.398501319798765 ], [ -155.121778201528969, 19.398530283749778 ], [ -155.12234859544381, 19.398531369557148 ], [ -155.122778777023058, 19.39854901605532 ], [ -155.124288461877853, 19.397723637526251 ], [ -155.12594659969244, 19.397003428120282 ], [ -155.125971239236435, 19.396457402426709 ], [ -155.124843651241918, 19.395875420126689 ], [ -155.122400579589481, 19.39587056099278 ], [ -155.1229190893892, 19.394911694199624 ], [ -155.1240586286292, 19.394213723496428 ], [ -155.125732022340088, 19.394281948826077 ], [ -155.126024465598448, 19.393741373358989 ], [ -155.126321375780179, 19.393482361311968 ], [ -155.127010812037156, 19.392831322672929 ], [ -155.129478506950079, 19.392406371938709 ], [ -155.129191174575851, 19.392731667134896 ], [ -155.128825445023097, 19.393050797212336 ], [ -155.130742535630816, 19.393719354053086 ], [ -155.132346012355299, 19.391986995171958 ], [ -155.132698978998292, 19.391029584683892 ], [ -155.134601976944481, 19.390150104635023 ], [ -155.13632334175108, 19.389790300447778 ], [ -155.138114737691438, 19.389012270770113 ], [ -155.137839952862976, 19.388571400652431 ], [ -155.136569309009303, 19.38815004791633 ], [ -155.136724141758549, 19.387750031192038 ], [ -155.137141849567911, 19.385936617836776 ], [ -155.137607298364827, 19.386417486916553 ], [ -155.1381822892522, 19.386151678046286 ], [ -155.139019791941962, 19.386185870610809 ], [ -155.139920836032417, 19.384613448233466 ], [ -155.140240459327146, 19.383744371798819 ], [ -155.141448953453533, 19.382690936273821 ], [ -155.139980748814963, 19.382688285921059 ], [ -155.138850427514711, 19.382105017970435 ], [ -155.137985706649033, 19.382634779094825 ], [ -155.135410956139879, 19.382976720926926 ], [ -155.1356870182168, 19.383127162201127 ], [ -155.136532845518758, 19.383539215269572 ], [ -155.135560596655097, 19.384588124213309 ], [ -155.134211013953319, 19.385764312346833 ], [ -155.134173492653218, 19.386597619501732 ], [ -155.134451828252708, 19.387429721194188 ], [ -155.134153239851656, 19.387690036065905 ], [ -155.133848485986675, 19.388517389602697 ], [ -155.132711581499251, 19.388471245469862 ], [ -155.132423615224667, 19.38847066285128 ], [ -155.131016858040454, 19.387893878289916 ], [ -155.129028808726929, 19.387543085110384 ], [ -155.129681410710361, 19.386399135693949 ], [ -155.131356751001448, 19.385275384401321 ], [ -155.131389340261535, 19.384556941612352 ], [ -155.129409550844372, 19.385153288942789 ], [ -155.129313351931046, 19.384487340036774 ], [ -155.129926702771598, 19.383353651157222 ], [ -155.130949367957044, 19.382387781043054 ], [ -155.132874132604542, 19.381714123346509 ], [ -155.134075590177389, 19.38088867630362 ], [ -155.136302377506297, 19.381246067149071 ], [ -155.136589775506735, 19.381246629569532 ], [ -155.137151249520542, 19.381269406059346 ], [ -155.137733539549657, 19.381000315317703 ], [ -155.138421245467242, 19.380701483810107 ], [ -155.140058537649139, 19.379155276336924 ], [ -155.140931853887651, 19.378637841472269 ], [ -155.141794286224069, 19.378109334341634 ], [ -155.14275472932863, 19.378148492886353 ], [ -155.14551157791405, 19.377923149715645 ], [ -155.146298259994836, 19.377559517137819 ], [ -155.147779987614399, 19.378050814031649 ], [ -155.147779029291968, 19.378777606400238 ], [ -155.147482161790208, 19.378777125938836 ], [ -155.145841152469899, 19.377930141516032 ], [ -155.146063343121284, 19.378476131251578 ], [ -155.14717901435904, 19.379540061119688 ], [ -155.145682060032044, 19.379836562207302 ], [ -155.144609189650737, 19.37979318165663 ], [ -155.144321235034397, 19.379792620575653 ], [ -155.143347200426916, 19.379289872194345 ], [ -155.143732369092504, 19.380861086165527 ], [ -155.142433002828454, 19.382320681787643 ], [ -155.144483418350916, 19.381702948790075 ], [ -155.145422488138991, 19.381704641480443 ], [ -155.145936353169873, 19.382235413015167 ], [ -155.147073859446238, 19.382822493062452 ], [ -155.147968648552165, 19.382576117920085 ], [ -155.149404544567375, 19.382058676903057 ], [ -155.150144180113017, 19.382440404088182 ], [ -155.150546800531004, 19.382089494078773 ], [ -155.151103937804635, 19.381563192612088 ], [ -155.151965794796723, 19.382384912913011 ], [ -155.152239864092309, 19.382668229960839 ], [ -155.153770232563801, 19.382207198580215 ], [ -155.155054170272535, 19.383533136527959 ], [ -155.155940711426325, 19.383827298585487 ], [ -155.156476382428821, 19.38438018007891 ], [ -155.157615929588388, 19.384669645386541 ], [ -155.15759234598832, 19.385199327876311 ], [ -155.157970311927755, 19.385589498296909 ], [ -155.158737870205783, 19.385234658937446 ], [ -155.16047340452883, 19.385003885760188 ], [ -155.161054443861474, 19.384455325931274 ], [ -155.162183011258435, 19.384501112312154 ], [ -155.162749246141203, 19.383965976627579 ], [ -155.163050865941443, 19.38397816294917 ], [ -155.163983361447549, 19.383406356816725 ], [ -155.165345522605378, 19.383752278265906 ], [ -155.164755753392853, 19.384008619127403 ], [ -155.164208905403939, 19.384524877633211 ], [ -155.16330510214226, 19.385060552559661 ], [ -155.163019144145778, 19.385330440085742 ], [ -155.162722298091239, 19.385589525013252 ], [ -155.161880351870337, 19.386384718014263 ], [ -155.160695155114041, 19.386899893683317 ], [ -155.16012890890471, 19.387434755754555 ], [ -155.15930973735604, 19.387401575818171 ], [ -155.157830394401941, 19.387656783419057 ], [ -155.157266662670111, 19.387633755477456 ], [ -155.156681546115948, 19.387904436400106 ], [ -155.156099273804955, 19.387603764360492 ], [ -155.155120054587854, 19.387602064996486 ], [ -155.154692661058874, 19.387584822777018 ], [ -155.153642704865518, 19.387582939120868 ], [ -155.152415662178697, 19.387271242282061 ], [ -155.152149026882057, 19.386719028089612 ], [ -155.151294536436126, 19.386435568581387 ], [ -155.150168562496589, 19.386043011201362 ], [ -155.150990383600799, 19.387241040731059 ], [ -155.151416955979386, 19.387648111116942 ], [ -155.15182645494977, 19.388070676800908 ], [ -155.15237779345523, 19.388596679784175 ], [ -155.152376740853839, 19.389162251940796 ], [ -155.152364746273264, 19.389435280345953 ], [ -155.153210660217525, 19.3898472681648 ], [ -155.152636279846007, 19.390252952392238 ], [ -155.151762920780783, 19.390770438871606 ], [ -155.151014335278603, 19.391477158247625 ], [ -155.149734707540972, 19.392356827526282 ], [ -155.149444212881463, 19.392344852706689 ], [ -155.149158214826684, 19.392614976235961 ], [ -155.148576271131617, 19.392867985582615 ], [ -155.148002391109799, 19.393133321439617 ], [ -155.147437728127358, 19.3928419807635 ], [ -155.146864009690006, 19.393384033095955 ], [ -155.146285790425793, 19.393360660649215 ], [ -155.145449147472561, 19.393359022562219 ], [ -155.144869631630598, 19.393059958846173 ], [ -155.144015129254512, 19.392776461621061 ], [ -155.143167598318655, 19.392480951344357 ], [ -155.142359135372033, 19.393244764959658 ], [ -155.141721047015551, 19.393539637216076 ], [ -155.14113909276233, 19.393792620097905 ], [ -155.140853086689248, 19.394062463520797 ], [ -155.139979482534528, 19.394824085999378 ], [ -155.140617246906004, 19.394873588725758 ], [ -155.141923467609274, 19.394875979695094 ], [ -155.142538064834298, 19.395175534116206 ], [ -155.14281377144485, 19.395460222295839 ], [ -155.143102630169608, 19.395187529035518 ], [ -155.143684587970597, 19.394934540205035 ], [ -155.144168295900386, 19.394477805962417 ], [ -155.144527840025347, 19.395223087541353 ], [ -155.145382355764866, 19.395506584641119 ], [ -155.146407226637933, 19.396881532175726 ], [ -155.146503385658207, 19.396347054722558 ], [ -155.146505231418473, 19.395536237042688 ], [ -155.147087328392331, 19.395537227161711 ], [ -155.147459847266163, 19.395921753381547 ], [ -155.148227479066065, 19.395566706956409 ], [ -155.148797355913757, 19.395589897419285 ], [ -155.149349986013675, 19.395068271280511 ], [ -155.150428445871739, 19.394429345375414 ], [ -155.151129118777817, 19.393463397989628 ], [ -155.152755731414089, 19.392893955448415 ], [ -155.153297944254575, 19.391890808930349 ], [ -155.153720987905558, 19.392709047420897 ], [ -155.153273697463732, 19.393489554180739 ], [ -155.155380681220038, 19.39357488434284 ], [ -155.155701997964968, 19.393294925600301 ], [ -155.156256314597442, 19.392771459375069 ], [ -155.156852327014036, 19.392772711094217 ], [ -155.157669852404666, 19.392805871310188 ], [ -155.158286679590987, 19.392537710686188 ], [ -155.159149153485885, 19.392009124515237 ], [ -155.159579338637656, 19.392026681324069 ], [ -155.160289544380589, 19.392027957843045 ], [ -155.16067514548547, 19.392425951891418 ], [ -155.163225321980434, 19.390977846177492 ], [ -155.164323880264647, 19.390500207799672 ], [ -155.164616192093519, 19.389959810909748 ], [ -155.165303909073174, 19.38966087561101 ], [ -155.167224786796709, 19.387846306377266 ], [ -155.169873168378899, 19.388550245878683 ], [ -155.170646917941184, 19.388192577397493 ], [ -155.171228822796053, 19.387939488335288 ], [ -155.171799838194374, 19.387675595532329 ], [ -155.172951866065034, 19.387434517145909 ], [ -155.173775550180693, 19.386656324450538 ], [ -155.175603820622399, 19.38610517419772 ], [ -155.177534907669212, 19.386183357561887 ], [ -155.177866306429081, 19.385326855031533 ], [ -155.177869279199371, 19.383793168873389 ], [ -155.178519656113991, 19.381084797365062 ], [ -155.178521009067708, 19.380526089403883 ], [ -155.178818330135471, 19.380245310426492 ], [ -155.17940019660395, 19.379992187961772 ], [ -155.180262547100938, 19.379463477733513 ], [ -155.180564165468894, 19.379475633710772 ], [ -155.181130324220675, 19.378940691280931 ], [ -155.181575536534154, 19.378552007622986 ], [ -155.182004414450461, 19.378147121057058 ], [ -155.182301220093137, 19.377887996850816 ], [ -155.183068412911666, 19.376829191025692 ], [ -155.18375183453179, 19.376830331295601 ], [ -155.18401856961006, 19.377382779107847 ], [ -155.184588051619897, 19.37766010041209 ], [ -155.18566462409737, 19.378215278769957 ], [ -155.186564491174863, 19.37851353876643 ], [ -155.187099718447513, 19.379066068826535 ], [ -155.188268381238942, 19.378825229218897 ], [ -155.189362453954686, 19.378319040101974 ], [ -155.190276483006642, 19.378320499978656 ], [ -155.190691506405301, 19.37874918413068 ], [ -155.191131765710224, 19.378333146061799 ], [ -155.19169883688113, 19.378355869836934 ], [ -155.191984013510137, 19.378356561058197 ], [ -155.192271721904405, 19.378368141447794 ], [ -155.19385785915253, 19.377277280101051 ], [ -155.196022300910982, 19.376275951402498 ], [ -155.198041962445416, 19.375511554976068 ], [ -155.199718755925289, 19.374735733974727 ], [ -155.200055735987206, 19.374736173347728 ], [ -155.201475151759411, 19.37511341571183 ], [ -155.202664480717402, 19.373692239796505 ], [ -155.202667287487401, 19.372106709428557 ], [ -155.202970258542649, 19.371820185325376 ], [ -155.203573445985654, 19.371557905100296 ], [ -155.204964119150929, 19.37024320050347 ], [ -155.206632307463963, 19.370580395711556 ], [ -155.206967058888665, 19.371638278508861 ], [ -155.207246862313156, 19.37218304604492 ], [ -155.206619757075259, 19.373020770963336 ], [ -155.206061052349213, 19.37405524561434 ], [ -155.205466597818031, 19.375093728469924 ], [ -155.207182449449903, 19.374890614562329 ], [ -155.208038437049481, 19.37463227489237 ], [ -155.208602717918239, 19.374655150102203 ], [ -155.209184914010081, 19.374385541352357 ], [ -155.209754762299184, 19.374408529000707 ], [ -155.21014428615635, 19.374040274769886 ], [ -155.213189744718221, 19.373402544783048 ], [ -155.214076840425321, 19.372858308318559 ], [ -155.215740196425799, 19.372925198523749 ], [ -155.216360101402302, 19.372638111624983 ], [ -155.21667673891605, 19.374000625413682 ], [ -155.217190622403081, 19.37374595368351 ], [ -155.217762354871155, 19.373205440876813 ], [ -155.218349458328589, 19.373229024406587 ], [ -155.218350455269444, 19.372438486022272 ], [ -155.218654196226623, 19.371876533778813 ], [ -155.218950941699688, 19.371617337645866 ], [ -155.219236795524665, 19.371347341792376 ], [ -155.220109485755245, 19.370967438390867 ], [ -155.220977099156613, 19.370566015226384 ], [ -155.222093427841912, 19.37114137387421 ], [ -155.223233081052427, 19.371430430956284 ], [ -155.224886377710845, 19.372006095490267 ], [ -155.227239471709765, 19.371365890086754 ], [ -155.228661847282922, 19.370747310101759 ], [ -155.228407663960638, 19.369643277767423 ], [ -155.227218581126664, 19.368767770458643 ], [ -155.226109691054887, 19.366129357846386 ], [ -155.224541332227318, 19.365713007749285 ], [ -155.224084567267141, 19.366511529266059 ], [ -155.22531577385277, 19.367684487908026 ], [ -155.225861469126755, 19.368513079349913 ], [ -155.226964868185917, 19.370133240514186 ], [ -155.22639470197376, 19.37014836371829 ], [ -155.225277808672388, 19.369572754346805 ], [ -155.22469283397615, 19.36984368538036 ], [ -155.224131922393497, 19.369554239653041 ], [ -155.223462983587638, 19.369553293299486 ], [ -155.2223737739277, 19.367899314809385 ], [ -155.221557343162942, 19.368159346319988 ], [ -155.22016907635458, 19.36947213679591 ], [ -155.218707521681694, 19.36910975993219 ], [ -155.218753239288645, 19.368094956870479 ], [ -155.21845663755056, 19.368082971744659 ], [ -155.217660526401176, 19.368451775460052 ], [ -155.217322581820412, 19.367794269958434 ], [ -155.217068228737986, 19.366701066736791 ], [ -155.216783748258962, 19.366429776749793 ], [ -155.216441415014003, 19.365721431362289 ], [ -155.214550146298478, 19.364602080415512 ], [ -155.215706224733765, 19.363695505906058 ], [ -155.216287992478925, 19.363442245004258 ], [ -155.217384712127085, 19.362934590975399 ], [ -155.220647133472852, 19.362370728119732 ], [ -155.221716848906198, 19.362743176371772 ], [ -155.22324129581591, 19.36312982338961 ], [ -155.22395561384883, 19.363867031111894 ], [ -155.224269037091887, 19.363608169110794 ], [ -155.224554867200027, 19.363338160846119 ], [ -155.225109645645887, 19.362853826680237 ], [ -155.224026707524445, 19.361435760067977 ], [ -155.224331409507158, 19.360902622201586 ], [ -155.224332467776549, 19.360494278619942 ], [ -155.224362702166417, 19.359810861036213 ], [ -155.223805661487546, 19.3587267069347 ], [ -155.223410671028859, 19.35790970300992 ], [ -155.222715668137255, 19.357881788251305 ], [ -155.219712258641351, 19.358303865065771 ], [ -155.218408563904632, 19.357669896527039 ], [ -155.218450883245737, 19.356729293897786 ], [ -155.217755169340165, 19.356370690864562 ], [ -155.217140753473302, 19.357508464508022 ], [ -155.21558716935516, 19.35744600917878 ], [ -155.215097484493668, 19.35790920110329 ], [ -155.213535514440281, 19.357149298765176 ], [ -155.213641581785481, 19.354776930010846 ], [ -155.213384105174697, 19.353362259229339 ], [ -155.213124669981738, 19.352008339542405 ], [ -155.213168893283978, 19.351010426091527 ], [ -155.212770228738862, 19.349294937238447 ], [ -155.212340665608366, 19.350001221107323 ], [ -155.212244893872594, 19.352144908075438 ], [ -155.212626216644935, 19.354586365112191 ], [ -155.212187629470037, 19.355778527076481 ], [ -155.211890908819328, 19.356037715539486 ], [ -155.211383003221812, 19.356517961520755 ], [ -155.210542186670835, 19.353861297276904 ], [ -155.209378700849754, 19.353814586224683 ], [ -155.209083699105236, 19.354360582945887 ], [ -155.208501959502286, 19.35461382451588 ], [ -155.20850112947582, 19.355155115282145 ], [ -155.207925540561746, 19.354877747295802 ], [ -155.207400438870508, 19.353790790788953 ], [ -155.206246848931073, 19.353389033407179 ], [ -155.206244643075394, 19.354566752998082 ], [ -155.205949208315872, 19.354024569628859 ], [ -155.205688674354406, 19.353201888357411 ], [ -155.205291655039503, 19.352428957366261 ], [ -155.206223124952857, 19.350324127465676 ], [ -155.207159869305912, 19.349506326020812 ], [ -155.207789570562056, 19.348406970924682 ], [ -155.207879953264779, 19.346377892633651 ], [ -155.207237080055194, 19.347830357832848 ], [ -155.206960218453929, 19.347544681116261 ], [ -155.206675785106597, 19.347273383307726 ], [ -155.206687728167935, 19.346997956707959 ], [ -155.206407415815562, 19.346452390596053 ], [ -155.206709236963349, 19.346188822755714 ], [ -155.206413361049158, 19.345906713952346 ], [ -155.207276746386583, 19.345153191562954 ], [ -155.207338053953464, 19.343778997808499 ], [ -155.206762973462133, 19.342061151299401 ], [ -155.206850061207263, 19.340102047689161 ], [ -155.206851098243959, 19.339696088486104 ], [ -155.2068861473808, 19.33890309471499 ], [ -155.206597334399873, 19.33834017325367 ], [ -155.206348337279366, 19.336970877700189 ], [ -155.205645578493119, 19.336969708889605 ], [ -155.205222465657158, 19.336146284315134 ], [ -155.204961947114157, 19.335323606191228 ], [ -155.204671534689595, 19.335046897823812 ], [ -155.204701593700946, 19.334373534062909 ], [ -155.204702916827785, 19.33371463680152 ], [ -155.205054000352163, 19.332524102676881 ], [ -155.205056452523991, 19.330997762798852 ], [ -155.205068275845605, 19.330727355656574 ], [ -155.205069022209017, 19.330454338827717 ], [ -155.205579112365257, 19.329563143577964 ], [ -155.204815231006421, 19.328835435517956 ], [ -155.20485199577206, 19.328016311788701 ], [ -155.204852894449971, 19.327231065072326 ], [ -155.205235420936788, 19.325353976483061 ], [ -155.204909064496178, 19.325042954495736 ], [ -155.204636049173416, 19.324761060655923 ], [ -155.204334252819649, 19.324760585524952 ], [ -155.20351793595816, 19.323917601201732 ], [ -155.202949211727372, 19.324455508802608 ], [ -155.202573944629592, 19.324116768450256 ], [ -155.202963690502258, 19.323107566621694 ], [ -155.202965297449026, 19.322340044544294 ], [ -155.203328871415835, 19.320824934719436 ], [ -155.203023811144902, 19.318871405090718 ], [ -155.206211611019029, 19.318027803550276 ], [ -155.207648072863662, 19.317792345557148 ], [ -155.20951907045793, 19.317378520844933 ], [ -155.216189525749371, 19.321906638832139 ], [ -155.231833634317638, 19.334700103825917 ], [ -155.243496859218538, 19.347621607297569 ], [ -155.256696718915407, 19.362038867115665 ], [ -155.265080093914861, 19.372513553325366 ], [ -155.267372934018425, 19.375514217713466 ], [ -155.270932667293749, 19.380540753646866 ], [ -155.279223326600345, 19.392229306286694 ], [ -155.278934896014079, 19.392614335257505 ], [ -155.27748983203918, 19.393026935136707 ], [ -155.276053020364003, 19.393908605933273 ], [ -155.275179920019241, 19.394426749985179 ], [ -155.274596655697025, 19.395232078577795 ], [ -155.271409293654301, 19.398436349563283 ], [ -155.273091768427463, 19.398438385811744 ], [ -155.272612114989329, 19.398901151403372 ], [ -155.270734496593576, 19.40005310754163 ], [ -155.269620867635297, 19.40053799286488 ], [ -155.269049904082379, 19.400802212836112 ], [ -155.267819433835456, 19.401060272889577 ], [ -155.265885096713617, 19.40164429409792 ], [ -155.265901368351138, 19.401273518684288 ], [ -155.265070381977438, 19.400482219011081 ], [ -155.265071787979281, 19.399372354391982 ], [ -155.265661286427274, 19.398857685520763 ], [ -155.265963789286104, 19.398297462702125 ], [ -155.266364196464849, 19.397597310789461 ], [ -155.265852021701278, 19.397068702592001 ], [ -155.265150497058897, 19.397731997172993 ], [ -155.263979070572077, 19.397991512576887 ], [ -155.263672937266875, 19.397979132829082 ], [ -155.262306333636474, 19.39861207243089 ], [ -155.261964840851732, 19.39790458614323 ], [ -155.261141517821954, 19.397120832303845 ], [ -155.260705555580273, 19.395745571292021 ], [ -155.259892193898821, 19.395744677171162 ], [ -155.259322235239239, 19.395721833581696 ], [ -155.258608042055215, 19.395720862272182 ], [ -155.258345657682298, 19.394892621365003 ], [ -155.257787895182418, 19.394361469836202 ], [ -155.257788709704755, 19.393936457365747 ], [ -155.257829067274173, 19.393025114950763 ], [ -155.257546078970847, 19.392440153900765 ], [ -155.257065519018397, 19.391505916466766 ], [ -155.257583853553882, 19.390546274676655 ], [ -155.258178082874508, 19.389507576038827 ], [ -155.257911662663361, 19.388929036900617 ], [ -155.257151892965396, 19.388559718018662 ], [ -155.256796056235771, 19.387823385505794 ], [ -155.256511467847787, 19.387552141130126 ], [ -155.255997164706883, 19.387021884090554 ], [ -155.255134403362234, 19.38657721859872 ], [ -155.254609703500478, 19.388860970397452 ], [ -155.254491050424605, 19.38859314509763 ], [ -155.253541630164449, 19.385997491885096 ], [ -155.253139454686504, 19.38558267074756 ], [ -155.252594817228726, 19.385064203794172 ], [ -155.252030103242674, 19.384206462589155 ], [ -155.251460446251656, 19.383929330255807 ], [ -155.251050655353765, 19.383506947813775 ], [ -155.250481514365163, 19.382964446217787 ], [ -155.250066287570718, 19.382536399322294 ], [ -155.249498663089241, 19.382535518371444 ], [ -155.248646583179493, 19.382501536834837 ], [ -155.248348719855159, 19.383053100045576 ], [ -155.247196356089233, 19.383554499823077 ], [ -155.247721025966484, 19.38411670874958 ], [ -155.248312639138618, 19.384140558713831 ], [ -155.249266431977304, 19.383699017370706 ], [ -155.250571552205656, 19.384942097658818 ], [ -155.250861406937844, 19.3858578706344 ], [ -155.252504026092993, 19.387422184620075 ], [ -155.253065111371882, 19.389095280503998 ], [ -155.253005084172742, 19.390450799757897 ], [ -155.254693815427459, 19.391123442659975 ], [ -155.254955379722844, 19.393470192891712 ], [ -155.254943511569991, 19.393745106282573 ], [ -155.255500815273336, 19.39456330825162 ], [ -155.255476650060416, 19.395107575712196 ], [ -155.25689819986178, 19.395578040489195 ], [ -155.256597743067431, 19.396485869174672 ], [ -155.256300993351601, 19.396745128849858 ], [ -155.25601513161584, 19.39701544960322 ], [ -155.255467990086629, 19.396993592459687 ], [ -155.254580576625671, 19.39737969779053 ], [ -155.254856744087192, 19.397532621905338 ], [ -155.256838429200343, 19.398188303729999 ], [ -155.256544710237421, 19.398655646745354 ], [ -155.255402544572689, 19.398610151758731 ], [ -155.254665095989083, 19.399307547649695 ], [ -155.253697960473772, 19.39830986901886 ], [ -155.253127488671083, 19.398309197014452 ], [ -155.252569169730862, 19.398021457827671 ], [ -155.251999467613047, 19.397744319315837 ], [ -155.250938205467691, 19.396649531102334 ], [ -155.250034750282424, 19.396350428915017 ], [ -155.249779149985926, 19.395252715759845 ], [ -155.249345799600121, 19.395662182207538 ], [ -155.24888418750524, 19.396064984019354 ], [ -155.248300590542954, 19.397146414624292 ], [ -155.247437607291772, 19.397899597764177 ], [ -155.247958283728281, 19.398467544847236 ], [ -155.24835487750056, 19.398155121971591 ], [ -155.24913790238341, 19.397414555294677 ], [ -155.249724302377103, 19.397692046913729 ], [ -155.250020166755149, 19.399317381511562 ], [ -155.250966952201992, 19.39935543991788 ], [ -155.25223937340769, 19.399357132446582 ], [ -155.253967594310126, 19.400741104051029 ], [ -155.255626311277581, 19.400807310654827 ], [ -155.256936700999063, 19.4000033104214 ], [ -155.258194651413731, 19.400053562811244 ], [ -155.25975948197086, 19.399329058303863 ], [ -155.260475209336249, 19.400067253639353 ], [ -155.261646331282151, 19.400114107503843 ], [ -155.262082668254692, 19.399305543208985 ], [ -155.262463136850528, 19.399989778851321 ], [ -155.262821159305162, 19.40111972881235 ], [ -155.264199237329876, 19.401789344129021 ], [ -155.264730467628652, 19.402337645980872 ], [ -155.265586206803249, 19.402338602013415 ], [ -155.265008795185395, 19.402884443203011 ], [ -155.263249336538252, 19.404420156042534 ], [ -155.263248505999684, 19.405114250593446 ], [ -155.260157855203943, 19.406947363192064 ], [ -155.259364494264958, 19.408333503031784 ], [ -155.258538664095425, 19.411136524440053 ], [ -155.257998957782576, 19.413900769147475 ], [ -155.256703958308748, 19.416750394822085 ], [ -155.257243013878877, 19.421454275614838 ], [ -155.259320512725225, 19.422464026728139 ], [ -155.260267541474406, 19.42308145455414 ], [ -155.261972169778318, 19.42436499364813 ], [ -155.263360889249554, 19.42503988399336 ], [ -155.264198289963304, 19.4256037576714 ], [ -155.265136573666268, 19.42621543417458 ], [ -155.266406600676135, 19.427525143346809 ], [ -155.267314700615088, 19.428117422714248 ], [ -155.268362107632498, 19.429197335272331 ], [ -155.270385269350101, 19.429520471951793 ], [ -155.27238096269835, 19.429826898490226 ], [ -155.273881377373527, 19.430348858493506 ], [ -155.27494737518407, 19.429884935809834 ], [ -155.275803976631835, 19.429488601102111 ], [ -155.278013054721612, 19.428527149624298 ], [ -155.278413345263147, 19.427785473987743 ], [ -155.279298972692317, 19.426726256809921 ], [ -155.279882357918495, 19.425920930072408 ], [ -155.281059293166123, 19.424597006863976 ], [ -155.28292512011447, 19.42221244069631 ], [ -155.284287513862154, 19.42140429185368 ], [ -155.284289282515516, 19.419906648591713 ], [ -155.284635906681871, 19.417627580102184 ], [ -155.285545490264354, 19.416539467974083 ], [ -155.286142886571866, 19.415433328005211 ], [ -155.287562370795598, 19.414193871108768 ], [ -155.287875318342003, 19.413613994389628 ], [ -155.288976999913331, 19.412652172791244 ], [ -155.289630343334409, 19.411509625163688 ], [ -155.290352761059296, 19.410171032161045 ], [ -155.293972978847307, 19.41597991083335 ], [ -155.30283209880497, 19.430289217192357 ], [ -155.30659244903336, 19.436319160503373 ], [ -155.309512629154199, 19.440601629221767 ], [ -155.315858719586288, 19.44993911369394 ], [ -155.316416504367766, 19.450757206206671 ], [ -155.322763325771774, 19.460094569464403 ], [ -155.323321174746013, 19.460912651289881 ], [ -155.329668727763135, 19.470249892916527 ], [ -155.330821800019578, 19.471940185470519 ], [ -155.339853749026076, 19.488732055448267 ], [ -155.346235822794171, 19.503064133571549 ], [ -155.350115843312267, 19.513949597208246 ], [ -155.347833964669064, 19.516890263252787 ], [ -155.347275770972203, 19.520041016301498 ], [ -155.347671008924124, 19.520416707449822 ], [ -155.34708365215721, 19.521442628206362 ], [ -155.346770027401305, 19.522296711558255 ], [ -155.346176258156248, 19.523334393026399 ], [ -155.346152148086873, 19.523885318621286 ], [ -155.346789791268009, 19.526869140046362 ], [ -155.345485904718458, 19.528611714639091 ], [ -155.345756106855703, 19.529043300092887 ], [ -155.346314588780075, 19.529574296474021 ], [ -155.346313677913656, 19.530654900069699 ], [ -155.345695637229113, 19.531480875818737 ], [ -155.345694819471191, 19.532284716760266 ], [ -155.345257651817548, 19.532284324627597 ], [ -155.344570156697273, 19.532257186305777 ], [ -155.343417398848146, 19.53275881571437 ], [ -155.342786980043314, 19.533860761764569 ], [ -155.342785911964654, 19.534922326113573 ], [ -155.342179340288482, 19.535732656757414 ], [ -155.341881113136168, 19.536543948059613 ], [ -155.341578075247412, 19.537073884378334 ], [ -155.341237118636172, 19.539779087373098 ], [ -155.340829578945375, 19.540491410507258 ], [ -155.341212822509988, 19.540856039180991 ], [ -155.341201084845125, 19.54112912734805 ], [ -155.341198990006404, 19.543125105956115 ], [ -155.340789014037171, 19.544834463080573 ], [ -155.341181177277178, 19.545594988934791 ], [ -155.34067783401548, 19.546474278479291 ], [ -155.340180171150024, 19.548163877958345 ], [ -155.340179235499278, 19.548822854349599 ], [ -155.340151582107922, 19.549454854761706 ], [ -155.340416510710327, 19.550589747838636 ], [ -155.340843994338314, 19.550996514745069 ], [ -155.341519281659089, 19.551691414350643 ], [ -155.342979900807848, 19.552060712732949 ], [ -155.343506707121719, 19.553083548185469 ], [ -155.343494921022881, 19.553358750434743 ], [ -155.34376160131913, 19.554441867554832 ], [ -155.344016902515108, 19.555535063221672 ], [ -155.345110526687137, 19.556574938976656 ], [ -155.345407356637196, 19.557187349776452 ], [ -155.345952818943232, 19.557705671975601 ], [ -155.346612347703939, 19.558705816337429 ], [ -155.347641899524035, 19.559398098266382 ], [ -155.348212337271661, 19.559675050472215 ], [ -155.34874699734462, 19.561044587052958 ], [ -155.349025913906047, 19.561586581831556 ], [ -155.348945929083158, 19.563403092976451 ], [ -155.349518303512895, 19.564584654555805 ], [ -155.350088364759188, 19.565126729405137 ], [ -155.350388282143882, 19.566766689880566 ], [ -155.350908089591599, 19.566767169713383 ], [ -155.351151246227715, 19.568401751614854 ], [ -155.351738693379872, 19.569262177479363 ], [ -155.352279650723801, 19.570379129084198 ], [ -155.353893279104852, 19.571913241306252 ], [ -155.354205382163656, 19.572518553034278 ], [ -155.354479001638822, 19.574015501660405 ], [ -155.356421968872809, 19.575540930404902 ], [ -155.356968911056555, 19.576369334805822 ], [ -155.357701134837185, 19.577441506626545 ], [ -155.355504564062301, 19.578234781830798 ], [ -155.354791237531089, 19.578206339496116 ], [ -155.353488085334618, 19.57900576719021 ], [ -155.351476028733259, 19.579579883110245 ], [ -155.351751467796674, 19.579782659576122 ], [ -155.352321980659951, 19.580059610935468 ], [ -155.353131988216006, 19.580476223333857 ], [ -155.355768364997232, 19.57952428871172 ], [ -155.355730384191475, 19.580393467656616 ], [ -155.356850553763593, 19.580437802287378 ], [ -155.358521910252222, 19.579933132748483 ], [ -155.358863608548546, 19.581009303388626 ], [ -155.359421966855507, 19.581827361432019 ], [ -155.359748099061591, 19.583223864095725 ], [ -155.361377629187643, 19.583761685507518 ], [ -155.36193271583079, 19.584602141712836 ], [ -155.363529058349457, 19.585376656074796 ], [ -155.362151899519631, 19.585769677002709 ], [ -155.359871026428976, 19.587255452070384 ], [ -155.358966436492068, 19.587792018283377 ], [ -155.358419292247277, 19.588308845131017 ], [ -155.357471036554983, 19.588579384584371 ], [ -155.35539254046509, 19.590957899292544 ], [ -155.354927166500602, 19.59093949100755 ], [ -155.354119509336613, 19.591702943771391 ], [ -155.353480814456134, 19.591998759072297 ], [ -155.352927382881603, 19.591976711319486 ], [ -155.352023885825247, 19.59251220012932 ], [ -155.352022647947535, 19.593852908770316 ], [ -155.351148139359452, 19.594116708387187 ], [ -155.349423675297828, 19.594347145067545 ], [ -155.348306927880202, 19.594863748330994 ], [ -155.347121474656973, 19.595112495652106 ], [ -155.345952485782647, 19.595916151626572 ], [ -155.343635380510051, 19.596401743739534 ], [ -155.342521532321712, 19.597454706919358 ], [ -155.34221584095576, 19.597454310657614 ], [ -155.341787796613971, 19.59743741738351 ], [ -155.340278851674384, 19.59743608566129 ], [ -155.339370020490662, 19.597120225782099 ], [ -155.33908162192958, 19.597119911594202 ], [ -155.338548243985286, 19.597098753722058 ], [ -155.335226526522888, 19.597432682454873 ], [ -155.332345675802742, 19.596578619512385 ], [ -155.331090865520565, 19.596957481204651 ], [ -155.330525729239923, 19.596934859317575 ], [ -155.329876839230479, 19.597235131493086 ], [ -155.327408396996532, 19.59713693958027 ], [ -155.326790901675508, 19.597405591394317 ], [ -155.326504728201485, 19.597675716261012 ], [ -155.32506571414325, 19.597911733360878 ], [ -155.324228837307686, 19.598701920243517 ], [ -155.323328211556003, 19.598958960689586 ], [ -155.321467710109744, 19.600237853099689 ], [ -155.319303323140986, 19.600235366672322 ], [ -155.31850019102086, 19.600203608677628 ], [ -155.317079052577441, 19.600608830515707 ], [ -155.317611125467323, 19.601642154840746 ], [ -155.315266169922154, 19.602047486426809 ], [ -155.312939596013678, 19.602306987123999 ], [ -155.312380449858352, 19.603341752131744 ], [ -155.311226870772003, 19.603583496840827 ], [ -155.310611194328033, 19.603868246854066 ], [ -155.308691696842317, 19.603791611200641 ], [ -155.307804830582739, 19.604177048132005 ], [ -155.307430649997741, 19.606636623950092 ], [ -155.30657869861966, 19.607006908878589 ], [ -155.305445972756445, 19.60753081436463 ], [ -155.303194259348317, 19.60744094778812 ], [ -155.30284874050551, 19.607742319554209 ], [ -155.302080864392622, 19.608801562391267 ], [ -155.301399175324406, 19.608800501362005 ], [ -155.300971122858243, 19.608783506619286 ], [ -155.300399882493849, 19.608782862367555 ], [ -155.29969482890337, 19.608754617269089 ], [ -155.299111821978983, 19.609024134200197 ], [ -155.297969651703568, 19.609520566795595 ], [ -155.29765410277335, 19.610071539607812 ], [ -155.297352916029951, 19.610628622349225 ], [ -155.295665231913802, 19.610561101091207 ], [ -155.295069243143445, 19.610836679446347 ], [ -155.294091830897344, 19.610497240072331 ], [ -155.293021535915528, 19.610802159824587 ], [ -155.291918639285967, 19.611312046227777 ], [ -155.291050488948741, 19.611559531723405 ], [ -155.289978597002801, 19.612054977234656 ], [ -155.287949673620403, 19.612052503909041 ], [ -155.286352601207369, 19.611707900450408 ], [ -155.28476327580745, 19.611706008073714 ], [ -155.282500952184677, 19.610840657636686 ], [ -155.281608310688767, 19.611109792652961 ], [ -155.280231655061556, 19.611054634262914 ], [ -155.279767677797224, 19.611459233845711 ], [ -155.278770857816795, 19.612399958172993 ], [ -155.2779103037943, 19.612365500913313 ], [ -155.277452578916581, 19.612764671689199 ], [ -155.276742584296642, 19.613434836214452 ], [ -155.276172404703345, 19.613412195431991 ], [ -155.275863265946185, 19.613681747481472 ], [ -155.275576981909438, 19.613952036417352 ], [ -155.275008480245532, 19.613929162108132 ], [ -155.273845300626903, 19.614727902556368 ], [ -155.273262614170307, 19.614981208890697 ], [ -155.271309204235905, 19.616322857628262 ], [ -155.269808224080805, 19.6162629209473 ], [ -155.268522917943358, 19.616261103855557 ], [ -155.266961758627019, 19.616198308963785 ], [ -155.266378680973389, 19.616467970247676 ], [ -155.265535398587275, 19.616434073583694 ], [ -155.264635230434322, 19.617508869344228 ], [ -155.264342670281394, 19.618049405027413 ], [ -155.263468048974318, 19.618429299099983 ], [ -155.263467396785018, 19.618843209517507 ], [ -155.262572346289545, 19.61962338144285 ], [ -155.26305870857027, 19.620086268235848 ], [ -155.26195623933711, 19.620595955778832 ], [ -155.260872974449796, 19.619866644833053 ], [ -155.260302542705745, 19.619589406538818 ], [ -155.259206539690553, 19.619025285808675 ], [ -155.258875171106865, 19.619554429421378 ], [ -155.258326124778392, 19.620569352621146 ], [ -155.257701007790956, 19.621159252592296 ], [ -155.257403781697832, 19.6214184412671 ], [ -155.256742149425236, 19.622042995376926 ], [ -155.254809169797483, 19.622447059321559 ], [ -155.253951833119885, 19.622705410003288 ], [ -155.253434593027691, 19.62268458840855 ], [ -155.251900147866053, 19.622935425591979 ], [ -155.250509525067457, 19.624247834475078 ], [ -155.249905367843667, 19.62451012190165 ], [ -155.249609828588234, 19.625056112811567 ], [ -155.249036288089599, 19.625033045701691 ], [ -155.248738532767049, 19.625314144034007 ], [ -155.247619878398694, 19.625269124152219 ], [ -155.247310674466064, 19.625538615155055 ], [ -155.24677163874037, 19.62604700581058 ], [ -155.246155225649943, 19.626332018209286 ], [ -155.245573324867195, 19.626308500508753 ], [ -155.245000619208753, 19.62684895645101 ], [ -155.244417857172948, 19.627102154185028 ], [ -155.243554196124165, 19.627630710477799 ], [ -155.241500145891109, 19.628678333309573 ], [ -155.240391778079953, 19.629723774034314 ], [ -155.23993207556822, 19.629723144454637 ], [ -155.239504001125027, 19.629705995046375 ], [ -155.237059343369879, 19.629701878847882 ], [ -155.236083664407147, 19.629362688647618 ], [ -155.235498252701632, 19.629632978742205 ], [ -155.234657165504103, 19.629598973393193 ], [ -155.234284357736186, 19.630560660200953 ], [ -155.234609556466467, 19.63123274741762 ], [ -155.235027441573379, 19.632045275783586 ], [ -155.234593404999572, 19.632044376252509 ], [ -155.233751184817038, 19.632010605429887 ], [ -155.232861992531241, 19.632554953315065 ], [ -155.232282861321551, 19.632531711737062 ], [ -155.2314379630144, 19.633329133163659 ], [ -155.229322078545295, 19.633674608650693 ], [ -155.226525946785586, 19.635123278885231 ], [ -155.226234990932539, 19.635111353949082 ], [ -155.22482635576111, 19.635535585825018 ], [ -155.223379713496428, 19.635056918273818 ], [ -155.221948691138209, 19.633911716496232 ], [ -155.219973750071887, 19.633908509679859 ], [ -155.218488110758074, 19.633143268982174 ], [ -155.215436124854051, 19.63272458533292 ], [ -155.214866134481213, 19.632431093417598 ], [ -155.213492065740212, 19.632428842581891 ], [ -155.211839112529304, 19.631853500341858 ], [ -155.212358952464626, 19.633403516379623 ], [ -155.211703402429322, 19.633974080555184 ], [ -155.211253749523422, 19.634804567435296 ], [ -155.210392035279341, 19.63476974544044 ], [ -155.209677939264282, 19.634768428337665 ], [ -155.208914878592992, 19.63473779461232 ], [ -155.208083008832546, 19.63699353744347 ], [ -155.207618566658027, 19.637431469230254 ], [ -155.207035314465685, 19.63793931105721 ], [ -155.207599494492769, 19.638812064140943 ], [ -155.208262534415468, 19.639443212771077 ], [ -155.20725400613702, 19.640786799029563 ], [ -155.209141672144398, 19.640636605434043 ], [ -155.210266388446115, 19.640117449695197 ], [ -155.210969248009008, 19.640479309273086 ], [ -155.21268171577492, 19.64078078284377 ], [ -155.213558322427303, 19.641085769946365 ], [ -155.21438570394622, 19.641087348370259 ], [ -155.214673883999978, 19.641098971250248 ], [ -155.215248656281545, 19.640833294075446 ], [ -155.21581040258522, 19.641122650749779 ], [ -155.216951847684044, 19.641412056251543 ], [ -155.217723783332161, 19.642207754856685 ], [ -155.218885337961041, 19.642806020828541 ], [ -155.219496069735669, 19.642553509275679 ], [ -155.21978248497993, 19.642283598583319 ], [ -155.220096311636667, 19.642010563743302 ], [ -155.220772830473436, 19.640760079698243 ], [ -155.221372090898882, 19.641377688240102 ], [ -155.221799421632682, 19.641784725508181 ], [ -155.222145423362178, 19.643686569906368 ], [ -155.223188910438182, 19.643443146331531 ], [ -155.223750896404681, 19.642913391291408 ], [ -155.224635558501092, 19.642661597465736 ], [ -155.2250651706795, 19.642256716784708 ], [ -155.225511139776103, 19.641868037019375 ], [ -155.225797545265465, 19.641598114826962 ], [ -155.226380382159306, 19.641344991429509 ], [ -155.226666791534456, 19.641074803260537 ], [ -155.227517403872099, 19.641109318948828 ], [ -155.228101624202765, 19.640558340328404 ], [ -155.228753262234335, 19.640893950991511 ], [ -155.230469710548391, 19.640598264114431 ], [ -155.232098479528844, 19.640664149281832 ], [ -155.232666718536791, 19.640127883806276 ], [ -155.233292370000328, 19.639856602832349 ], [ -155.233849189945573, 19.639331194279624 ], [ -155.234959052321756, 19.639015343457586 ], [ -155.236194652821126, 19.638284241099534 ], [ -155.236742320218212, 19.637767880543297 ], [ -155.237836911640045, 19.637292837528218 ], [ -155.238774308717979, 19.636476439942534 ], [ -155.239083278528426, 19.635380985205941 ], [ -155.239380558450449, 19.635121836300179 ], [ -155.239673236461442, 19.634581361007111 ], [ -155.239970513899578, 19.634322210705328 ], [ -155.241093188594448, 19.63326306846227 ], [ -155.242155345829673, 19.633747566976901 ], [ -155.241116017015429, 19.634198952317053 ], [ -155.24139252459085, 19.634352222937249 ], [ -155.242261186457966, 19.634353473379665 ], [ -155.242224178455274, 19.635175773293035 ], [ -155.243537430175451, 19.635228605066299 ], [ -155.244557177866341, 19.633868875937264 ], [ -155.244558677637031, 19.633061426271702 ], [ -155.245433157522768, 19.632812475766812 ], [ -155.245719516527686, 19.632542513367625 ], [ -155.246016781699751, 19.632283350772479 ], [ -155.246312349812285, 19.63173737031175 ], [ -155.247433277533645, 19.631782452228009 ], [ -155.247748758357233, 19.631507543235408 ], [ -155.248035111433126, 19.631237576087052 ], [ -155.248617886094365, 19.630984368213763 ], [ -155.249140396199067, 19.630491487751314 ], [ -155.25094600981808, 19.62913832851455 ], [ -155.251495137622271, 19.628123441095209 ], [ -155.252400950896401, 19.627268498020815 ], [ -155.252842960712087, 19.6272861705983 ], [ -155.253414238936813, 19.627286976954483 ], [ -155.254071399499395, 19.627313359697194 ], [ -155.255727409976856, 19.627042838924144 ], [ -155.25614883883884, 19.626264214875139 ], [ -155.257142894104021, 19.62598121346393 ], [ -155.257893258533443, 19.624947228585686 ], [ -155.259008575963662, 19.624462685610087 ], [ -155.260335680077389, 19.623650027541071 ], [ -155.260495629344433, 19.62392216638143 ], [ -155.259910295813796, 19.624432019324967 ], [ -155.260668636095374, 19.62522013253832 ], [ -155.262758622902197, 19.624783060161956 ], [ -155.263622220827585, 19.624254398398392 ], [ -155.265224439955716, 19.623992444648124 ], [ -155.265929077931588, 19.622689711352283 ], [ -155.266517640166882, 19.622690568127492 ], [ -155.26736207748732, 19.622724224510225 ], [ -155.267674842668413, 19.62217855250762 ], [ -155.268123062061875, 19.620961938594217 ], [ -155.26856887836712, 19.620573124233413 ], [ -155.269527616828185, 19.619401988318224 ], [ -155.271277555337747, 19.620302612924029 ], [ -155.272293717057607, 19.619833101292507 ], [ -155.272876423402977, 19.619579801328754 ], [ -155.273449015349826, 19.619039500663511 ], [ -155.276037833102151, 19.618498141400114 ], [ -155.278357121458356, 19.617257317188336 ], [ -155.27922063700322, 19.616728565021035 ], [ -155.280585102253667, 19.616443037498406 ], [ -155.280964791415443, 19.615411305538789 ], [ -155.2818391986481, 19.614893336190427 ], [ -155.28233371185101, 19.613550220839521 ], [ -155.28308966257282, 19.61386400127731 ], [ -155.28413005721896, 19.614399344116649 ], [ -155.285842521242841, 19.61470009660075 ], [ -155.286466106635828, 19.615020911022615 ], [ -155.288545825739249, 19.61502366172104 ], [ -155.289254242384317, 19.615052023773824 ], [ -155.290536971209747, 19.614170789585 ], [ -155.291802906313023, 19.614822288546989 ], [ -155.292120609689249, 19.614834917905871 ], [ -155.292549049384547, 19.614835555740527 ], [ -155.292979895323668, 19.614852894695414 ], [ -155.293551658101194, 19.614588457123709 ], [ -155.29413432308084, 19.614335079465469 ], [ -155.294746115989597, 19.614052166446093 ], [ -155.297305096009524, 19.613323247727887 ], [ -155.297877594123918, 19.612782851848095 ], [ -155.298745746882759, 19.612535332718789 ], [ -155.300027895704915, 19.611749694855671 ], [ -155.301312619391894, 19.61245913934134 ], [ -155.301029743252997, 19.612582314735196 ], [ -155.300252692602243, 19.612920004790528 ], [ -155.299862953866068, 19.613641004304487 ], [ -155.299267899308745, 19.61443549050249 ], [ -155.299266774532015, 19.61497152392274 ], [ -155.298808839006085, 19.615770943390565 ], [ -155.300040650189089, 19.615820078035252 ], [ -155.302582726486321, 19.613832004538388 ], [ -155.303247672314939, 19.614516802444548 ], [ -155.303820099630514, 19.61453966848519 ], [ -155.30500547319582, 19.614277491226915 ], [ -155.306562233873052, 19.614339598684118 ], [ -155.308136355031252, 19.614081681421972 ], [ -155.309583151434481, 19.613023389014415 ], [ -155.310451297795879, 19.612775810557633 ], [ -155.311011787594452, 19.6122464859946 ], [ -155.311319733904725, 19.612246721431024 ], [ -155.313481852987053, 19.61281944276918 ], [ -155.314448348666673, 19.612858015570641 ], [ -155.31502008088583, 19.612593502692235 ], [ -155.316679912744405, 19.612245802878014 ], [ -155.318094218869589, 19.611631108260532 ], [ -155.32175907897394, 19.608661495186656 ], [ -155.32310011051635, 19.608715076256978 ], [ -155.323130313998405, 19.608025254868693 ], [ -155.3231316549317, 19.607108309893501 ], [ -155.323997110899768, 19.606290435670733 ], [ -155.32460111897737, 19.606027867614657 ], [ -155.325294027863123, 19.605707373382469 ], [ -155.328604214108879, 19.605839178476796 ], [ -155.329558581804406, 19.605550963225951 ], [ -155.33170165671342, 19.605636166798828 ], [ -155.332898965584775, 19.605385134271131 ], [ -155.33399440710528, 19.604878255375112 ], [ -155.335187102271561, 19.604879553278714 ], [ -155.335511497613737, 19.606195945878447 ], [ -155.335152948212595, 19.606508490047457 ], [ -155.334591414278577, 19.607038676189458 ], [ -155.333425158152977, 19.607371238208362 ], [ -155.33378396210253, 19.60837536007412 ], [ -155.335818620599667, 19.607413124996377 ], [ -155.336678701297416, 19.60582109388292 ], [ -155.337488344126058, 19.60546909034133 ], [ -155.338044743453679, 19.604943282178141 ], [ -155.339198323354083, 19.604701360258929 ], [ -155.340340988112047, 19.604448634929273 ], [ -155.344349550719386, 19.604264718918511 ], [ -155.345470327992388, 19.603746118698844 ], [ -155.346336987878971, 19.60454774576597 ], [ -155.345938621937023, 19.605659923987545 ], [ -155.345172785041285, 19.6056295672585 ], [ -155.343601844595639, 19.605627786587668 ], [ -155.341783128429825, 19.605555663481908 ], [ -155.340881353422361, 19.605813031708628 ], [ -155.340309680902692, 19.606077373614731 ], [ -155.338594283559758, 19.606566655908875 ], [ -155.338278886219598, 19.607116930988255 ], [ -155.338566142231173, 19.60739002142013 ], [ -155.338841675233681, 19.607958930374693 ], [ -155.340003159980398, 19.607960092940715 ], [ -155.341076605319415, 19.609065181195998 ], [ -155.341675930665502, 19.608811973994676 ], [ -155.342394762424817, 19.608479513710208 ], [ -155.343290347917019, 19.608939955788408 ], [ -155.344230399991318, 19.608051851214086 ], [ -155.344261998437503, 19.608849737267526 ], [ -155.343371317906787, 19.609626765528425 ], [ -155.343937150302708, 19.609670250170463 ], [ -155.344367277582791, 19.609670531889599 ], [ -155.344798137736575, 19.609687745115686 ], [ -155.34607500556919, 19.60890480689568 ], [ -155.34682423528227, 19.608905483140195 ], [ -155.345928603993855, 19.609975841089565 ], [ -155.345548953558534, 19.610678935662857 ], [ -155.344756257617803, 19.611045592977746 ], [ -155.344193844908972, 19.611023326769192 ], [ -155.343622577717696, 19.611022554563775 ], [ -155.342265878980413, 19.610968805187238 ], [ -155.340762689060455, 19.611397389328449 ], [ -155.340746425227422, 19.611770567158452 ], [ -155.341876024706607, 19.612318780295031 ], [ -155.341875666653834, 19.612605579289255 ], [ -155.341007542268102, 19.612853317692821 ], [ -155.34100687024636, 19.613129272239789 ], [ -155.338426732294323, 19.613762459820471 ], [ -155.339269381601326, 19.614171358430326 ], [ -155.339543062872252, 19.61445316034769 ], [ -155.340114345868386, 19.614453683271165 ], [ -155.339036587312165, 19.615777753776097 ], [ -155.337827629026378, 19.615776403422053 ], [ -155.336853634706898, 19.615304025045802 ], [ -155.336145892095459, 19.613842368642061 ], [ -155.333607189132522, 19.614123966959383 ], [ -155.332387950800921, 19.614846386587821 ], [ -155.33315388783285, 19.615217798725975 ], [ -155.333510404326944, 19.615954368584696 ], [ -155.334349480955211, 19.615955082894711 ], [ -155.334654221292425, 19.616244661566224 ], [ -155.334342282732109, 19.61678838690392 ], [ -155.335466771709463, 19.617857015685182 ], [ -155.334610600711187, 19.617871552639709 ], [ -155.332904879034231, 19.61756002081167 ], [ -155.331717256015651, 19.617822604449799 ], [ -155.330618600037184, 19.617779044765349 ], [ -155.330606131911765, 19.618057663685949 ], [ -155.330605260993394, 19.618734343220599 ], [ -155.33057533723769, 19.619412808917875 ], [ -155.33091784139603, 19.620078255701557 ], [ -155.329402613283719, 19.620737246370794 ], [ -155.32897335903445, 19.621531796059227 ], [ -155.328101901303029, 19.621530919868817 ], [ -155.327531104939141, 19.621508160915003 ], [ -155.326959804147776, 19.621507593912327 ], [ -155.326389008678888, 19.621484831363883 ], [ -155.325958299948354, 19.621484490092605 ], [ -155.323970390125965, 19.621167368439451 ], [ -155.323539683291159, 19.62116702149898 ], [ -155.322968891456327, 19.621144248340247 ], [ -155.322397594578376, 19.621143667019528 ], [ -155.321966716039213, 19.621126395484399 ], [ -155.321680480584718, 19.621396768209692 ], [ -155.319083314696655, 19.62164363803652 ], [ -155.318227751460341, 19.622389512470352 ], [ -155.317919336470879, 19.623485196564161 ], [ -155.316213571397839, 19.624226861771788 ], [ -155.315890265080526, 19.624531883870347 ], [ -155.315051343551005, 19.624498567080966 ], [ -155.314593653671238, 19.624897841535788 ], [ -155.314148881068263, 19.625317732799264 ], [ -155.313004360467005, 19.625815260288704 ], [ -155.31172213387967, 19.626600982041989 ], [ -155.310707657642638, 19.626314778307691 ], [ -155.310434012244258, 19.626033201786523 ], [ -155.3086446570276, 19.625719187948107 ], [ -155.306051502458843, 19.625032327709953 ], [ -155.303938553159924, 19.625474737209377 ], [ -155.30300477476186, 19.625880577415764 ], [ -155.302432984676443, 19.626144776665527 ], [ -155.301850281801308, 19.626398176201935 ], [ -155.301391796154718, 19.626830700364227 ], [ -155.299774529167792, 19.6271883595909 ], [ -155.298693692858137, 19.627145227015799 ], [ -155.297855709508582, 19.627144095312474 ], [ -155.29619208463123, 19.626288034599042 ], [ -155.293932887521777, 19.626197860878989 ], [ -155.292722733576284, 19.626757333861729 ], [ -155.292132989731527, 19.626733804875752 ], [ -155.291561696923651, 19.626732857952856 ], [ -155.291004280063561, 19.626710785123766 ], [ -155.290114364939484, 19.626978950815836 ], [ -155.288714701984446, 19.626923098989781 ], [ -155.287548514034029, 19.627462295270682 ], [ -155.287257549339643, 19.627450470885815 ], [ -155.286952579405011, 19.628532396273762 ], [ -155.286655375811932, 19.628791638725804 ], [ -155.28610644702897, 19.629806669598644 ], [ -155.285481372187888, 19.630396676689337 ], [ -155.284898635999838, 19.630650014218372 ], [ -155.283560804718348, 19.631469514441406 ], [ -155.280418619310723, 19.63134371923681 ], [ -155.279039641861175, 19.633244731289377 ], [ -155.277771500407596, 19.633193888493711 ], [ -155.2759832712986, 19.633702931627727 ], [ -155.275433438560384, 19.634221766678795 ], [ -155.274739768599375, 19.634542284152612 ], [ -155.272280961681673, 19.634443719152813 ], [ -155.271378968658979, 19.634700693171169 ], [ -155.27051532711306, 19.635229386813361 ], [ -155.26938191570818, 19.635721813882341 ], [ -155.268449516040562, 19.63683453736655 ], [ -155.267751241849879, 19.638124718334545 ], [ -155.265866254466573, 19.638375512175447 ], [ -155.264710777687498, 19.639168769625243 ], [ -155.263836184496284, 19.639686623822115 ], [ -155.263835371863678, 19.639962555954046 ], [ -155.263252577019699, 19.64021581169678 ], [ -155.262966226307043, 19.640485804508948 ], [ -155.2623711465246, 19.641004177270382 ], [ -155.262369702850577, 19.642053492166763 ], [ -155.261470687390101, 19.642901749864603 ], [ -155.260547559030812, 19.642864562460272 ], [ -155.259036756396625, 19.64470923453862 ], [ -155.257437668755472, 19.644706849355352 ], [ -155.25601394169027, 19.644649690951471 ], [ -155.255989402213203, 19.645201866456357 ], [ -155.256359369235042, 19.645921383673095 ], [ -155.255408948922991, 19.646818487465922 ], [ -155.254960350729448, 19.646817856757643 ], [ -155.253961390473989, 19.64677772954056 ], [ -155.25310158048498, 19.646776446740969 ], [ -155.252539733903973, 19.646486928627009 ], [ -155.251403767776281, 19.647011943904467 ], [ -155.250547521509077, 19.64697741921934 ], [ -155.24980637806496, 19.647319829023633 ], [ -155.249092351106555, 19.646952321798619 ], [ -155.247977000162763, 19.646950699305474 ], [ -155.246861041858494, 19.64637602247128 ], [ -155.245980835163664, 19.646340447199645 ], [ -155.245683035344342, 19.646621268393638 ], [ -155.244808352960405, 19.647139012705019 ], [ -155.244024930905027, 19.648217949289286 ], [ -155.243238362247041, 19.648186431907195 ], [ -155.241908784994138, 19.64897296579533 ], [ -155.241516368111121, 19.649697695301029 ], [ -155.238537899982248, 19.648907681934055 ], [ -155.236202016591307, 19.649274770280389 ], [ -155.236160101610807, 19.65020955741992 ], [ -155.238158091469302, 19.650789034394744 ], [ -155.239002713638058, 19.651082932920897 ], [ -155.239574068192979, 19.651083797266022 ], [ -155.239855773002773, 19.651374097112694 ], [ -155.240723567871214, 19.650555185684244 ], [ -155.241873606412923, 19.650601459070774 ], [ -155.242442166236515, 19.650602519817092 ], [ -155.242139080115209, 19.650894059252671 ], [ -155.240728705241565, 19.650837315603223 ], [ -155.240703440205976, 19.651394223588234 ], [ -155.241547912382202, 19.652197440252088 ], [ -155.241208223525746, 19.652215968412364 ], [ -155.240189175865567, 19.652175075014682 ], [ -155.238660473398198, 19.653506121520504 ], [ -155.238659557259638, 19.654047415022035 ], [ -155.237480203823083, 19.653750199242129 ], [ -155.236386301785188, 19.653187019055679 ], [ -155.234940871954905, 19.65343609418969 ], [ -155.234302150717753, 19.652115149293195 ], [ -155.233272819156127, 19.651774536038307 ], [ -155.232736680112708, 19.651221978991298 ], [ -155.232137079548494, 19.651474767530011 ], [ -155.231370813123021, 19.652197437283771 ], [ -155.229736092948173, 19.651355387398631 ], [ -155.228989748531859, 19.651679354771606 ], [ -155.22830044838625, 19.651997644708892 ], [ -155.227125423850879, 19.651588917410294 ], [ -155.225245367321975, 19.652265685535482 ], [ -155.224368156715627, 19.650934681882248 ], [ -155.223554190892372, 19.651310593926137 ], [ -155.221860664256269, 19.651242196088496 ], [ -155.220450719753018, 19.651239749384814 ], [ -155.219089372258367, 19.650878326936677 ], [ -155.218138696991446, 19.651705943827178 ], [ -155.21853779311266, 19.652555905752578 ], [ -155.219541552597548, 19.652557747152077 ], [ -155.218710948057605, 19.653356705556639 ], [ -155.218382868696096, 19.653356139531791 ], [ -155.217244550662912, 19.653310224124624 ], [ -155.217220008682034, 19.653856559856624 ], [ -155.218038302106777, 19.654700024503835 ], [ -155.222747775805232, 19.655196949430927 ], [ -155.223189338110643, 19.655617239379946 ], [ -155.224274543892847, 19.657263981721805 ], [ -155.224585275410988, 19.657005149975554 ], [ -155.225307089173413, 19.65632440081766 ], [ -155.225728243557256, 19.65675879381098 ], [ -155.226299610433301, 19.656759703811613 ], [ -155.22684118610357, 19.657317944256441 ], [ -155.227245156438528, 19.656985209897194 ], [ -155.227798635551068, 19.656463197994199 ], [ -155.228877814438221, 19.656820222465822 ], [ -155.22849970448047, 19.657478606114012 ], [ -155.229015444632438, 19.658545096288535 ], [ -155.232252359246928, 19.658166376932115 ], [ -155.232639204242929, 19.659830406076392 ], [ -155.23420288842081, 19.659108342543625 ], [ -155.235101249865835, 19.659109741438517 ], [ -155.235380235939829, 19.659397084612174 ], [ -155.23652186288723, 19.659686392179491 ], [ -155.236795404918922, 19.659968068941396 ], [ -155.237753251714793, 19.660433249131582 ], [ -155.237061762291347, 19.661035131099577 ], [ -155.238405217435314, 19.661165314464302 ], [ -155.238777237706216, 19.660814437831245 ], [ -155.239540367475428, 19.661207072638543 ], [ -155.24020966096856, 19.660575640495995 ], [ -155.24050699343826, 19.660316497652694 ], [ -155.241627591633232, 19.659259714659612 ], [ -155.243108622545947, 19.659017680068267 ], [ -155.24426434094525, 19.658224604154626 ], [ -155.245881067935954, 19.657522833071258 ], [ -155.247736171232475, 19.655258375658281 ], [ -155.249163799385599, 19.654384247469341 ], [ -155.249512616297466, 19.655484213719511 ], [ -155.250872578460729, 19.654856056824833 ], [ -155.252051041971612, 19.654857664942782 ], [ -155.252335505489725, 19.655150649941415 ], [ -155.254541706118886, 19.655709196365706 ], [ -155.256472987720315, 19.656380928216745 ], [ -155.257175247590169, 19.656056450788949 ], [ -155.257455905379487, 19.656345649460409 ], [ -155.258296794912667, 19.65634705291701 ], [ -155.259858342185225, 19.656889987707217 ], [ -155.262580590737628, 19.65699927793445 ], [ -155.263720575089508, 19.657001067470041 ], [ -155.26426230207818, 19.657559216195477 ], [ -155.265718598387139, 19.657324137338794 ], [ -155.266874218129288, 19.656530895146187 ], [ -155.268565551127921, 19.656049574271144 ], [ -155.269689703069645, 19.655530020758984 ], [ -155.27132853674712, 19.655532344004982 ], [ -155.272558934226652, 19.655581680717553 ], [ -155.273770835945328, 19.65505546257193 ], [ -155.274903991100871, 19.654531830496175 ], [ -155.275211168382583, 19.654544282468571 ], [ -155.275783102920741, 19.654279930187482 ], [ -155.278229328846294, 19.653583677190277 ], [ -155.278954770989486, 19.653268309125693 ], [ -155.27952669052155, 19.653004207317498 ], [ -155.280395083560819, 19.652756817773625 ], [ -155.280966999588827, 19.652492710674334 ], [ -155.281852800667451, 19.65224038739284 ], [ -155.281856224788413, 19.650108428822307 ], [ -155.282297727859088, 19.649691744458909 ], [ -155.284521276197665, 19.649307969873366 ], [ -155.28617031677723, 19.649374061112859 ], [ -155.287309408466484, 19.64829881653883 ], [ -155.291103371919462, 19.647832165509417 ], [ -155.292777866139744, 19.647058164083347 ], [ -155.294552050118426, 19.647627127246864 ], [ -155.2933263691028, 19.647883607705829 ], [ -155.292209102498362, 19.64839977037072 ], [ -155.290305852860172, 19.648711228120771 ], [ -155.2897599809761, 19.649663152048138 ], [ -155.290789484648229, 19.650003193927855 ], [ -155.292012113382157, 19.65063216085872 ], [ -155.293280554885285, 19.650045903873252 ], [ -155.294158392505636, 19.650600073119413 ], [ -155.295403587217152, 19.651437773996825 ], [ -155.295579885323036, 19.650905092918549 ], [ -155.295581541873531, 19.649837513450862 ], [ -155.296468417346944, 19.64929437533582 ], [ -155.298361942830667, 19.649042124312761 ], [ -155.300091128666736, 19.646930096150758 ], [ -155.30052764132742, 19.646947545876284 ], [ -155.301484692499201, 19.646043958886072 ], [ -155.302840511582446, 19.645635201009267 ], [ -155.303905612650738, 19.646005240732929 ], [ -155.304528999042532, 19.645416455676173 ], [ -155.305469018033193, 19.645133135985859 ], [ -155.306567818822288, 19.64517714287507 ], [ -155.308029897796558, 19.644172350479671 ], [ -155.307996300940118, 19.644932928105256 ], [ -155.307995259774458, 19.645733824170378 ], [ -155.307394633336486, 19.646011446889212 ], [ -155.30656118691445, 19.645978187287017 ], [ -155.306252017155884, 19.646247789066457 ], [ -155.306102666920168, 19.64665336997669 ] ], [ [ -155.253312989396193, 19.409001352075446 ], [ -155.252927696592764, 19.409378775013622 ], [ -155.251343367351012, 19.410219099187326 ], [ -155.250538317476099, 19.412061953845576 ], [ -155.250399250657125, 19.412319170308933 ], [ -155.24762883938547, 19.410630251112316 ], [ -155.247142254673037, 19.410638425348399 ], [ -155.243937339731389, 19.410451578130768 ], [ -155.2429836390167, 19.410905490392889 ], [ -155.241813979949541, 19.412051929121557 ], [ -155.243994012839551, 19.416175766661858 ], [ -155.246809664104859, 19.41674656017085 ], [ -155.248428071958472, 19.416245586428051 ], [ -155.250460570403249, 19.415278438448937 ], [ -155.250706724474497, 19.416666710866981 ], [ -155.251442017805232, 19.417014421833269 ], [ -155.252560234708568, 19.416482190721794 ], [ -155.253023992971663, 19.415599954642833 ], [ -155.253873664080459, 19.415649486005737 ], [ -155.254493484075681, 19.415639024695164 ], [ -155.255065191067445, 19.415078309604318 ], [ -155.25504515723685, 19.414008190191883 ], [ -155.254411627567947, 19.413426293211188 ], [ -155.254809101881989, 19.412420829344217 ], [ -155.255289535365648, 19.409206032429786 ], [ -155.253312989396193, 19.409001352075446 ] ], [ [ -155.179782473705586, 19.660790961329223 ], [ -155.179872253666417, 19.661122716963074 ], [ -155.180128283264878, 19.660891089906155 ], [ -155.179782473705586, 19.660790961329223 ] ], [ [ -155.337158623578944, 19.549573585712476 ], [ -155.337146395895587, 19.550114700751966 ], [ -155.338002600982747, 19.550132086582092 ], [ -155.338014825823393, 19.549590971023303 ], [ -155.337158623578944, 19.549573585712476 ] ], [ [ -155.181171385238912, 19.383409870653736 ], [ -155.180992067862491, 19.383598777905753 ], [ -155.179026397694486, 19.384382064801184 ], [ -155.179786603105839, 19.385032118538632 ], [ -155.181963847242656, 19.384324897745632 ], [ -155.182725112341615, 19.383593446587682 ], [ -155.181171385238912, 19.383409870653736 ] ], [ [ -155.199895213122176, 19.375412352848166 ], [ -155.199767514223765, 19.37556245234433 ], [ -155.199155193762749, 19.375785408064875 ], [ -155.198351060706841, 19.376999995894202 ], [ -155.200076448900546, 19.376794774586489 ], [ -155.202059422301659, 19.376290965421422 ], [ -155.20199403827155, 19.375796134464572 ], [ -155.199895213122176, 19.375412352848166 ] ], [ [ -155.212468871569229, 19.374321597793873 ], [ -155.212565839751704, 19.375210118711152 ], [ -155.21349770486492, 19.374801883164142 ], [ -155.213702359243854, 19.374454877519227 ], [ -155.212468871569229, 19.374321597793873 ] ], [ [ -155.235974247403249, 19.369126122183481 ], [ -155.235836229545214, 19.369266259458374 ], [ -155.23250088438823, 19.370064377882752 ], [ -155.230428054150735, 19.369903779521273 ], [ -155.230109717778561, 19.370254795969494 ], [ -155.231808497185909, 19.370791430700731 ], [ -155.232454358354573, 19.371142087281036 ], [ -155.234102451507056, 19.370759416874861 ], [ -155.234629304041505, 19.371465220748618 ], [ -155.233317930097513, 19.373166675440707 ], [ -155.232667234262664, 19.372444820558414 ], [ -155.231716321314934, 19.372158147152312 ], [ -155.231194437513551, 19.372688644027182 ], [ -155.230602857977516, 19.372931703846366 ], [ -155.230041749264359, 19.373206054162761 ], [ -155.229135256566252, 19.373578433559896 ], [ -155.229175420847952, 19.374591329913116 ], [ -155.230314722104197, 19.375090999766961 ], [ -155.230862996363129, 19.37401973606713 ], [ -155.233449994194501, 19.373818044678288 ], [ -155.233863509147, 19.373397629458449 ], [ -155.234867045430263, 19.372583711908881 ], [ -155.237105926534497, 19.372234927915013 ], [ -155.236461195690168, 19.370404927061355 ], [ -155.2371288967868, 19.369296989614618 ], [ -155.235974247403249, 19.369126122183481 ] ] ] } },
{ "type": "Feature", "properties": { "ID": 142, "GRIDCODE": 2 }, "geometry": { "type": "Polygon", "coordinates": [ [ [ -155.184735200757444, 19.3160933430818 ], [ -155.185101794542504, 19.316251674307111 ], [ -155.184835005554959, 19.316710472131081 ], [ -155.184735200757444, 19.3160933430818 ] ] ] } },
{ "type": "Feature", "properties": { "ID": 143, "GRIDCODE": 2 }, "geometry": { "type": "Polygon", "coordinates": [ [ [ -155.185426604102759, 19.323144693694953 ], [ -155.184845335815453, 19.323262027628257 ], [ -155.185221133452075, 19.324390554868266 ], [ -155.18570040864094, 19.324684722343576 ], [ -155.185854499923579, 19.325194359290482 ], [ -155.185536266202803, 19.326021049017541 ], [ -155.18535744059372, 19.326120382164159 ], [ -155.185256272199581, 19.325226496219472 ], [ -155.184978420564846, 19.325920820540098 ], [ -155.18535744059372, 19.326120382164159 ], [ -155.185537917059747, 19.326620792810054 ], [ -155.185404554734305, 19.327854420094219 ], [ -155.186504733101117, 19.328794870235516 ], [ -155.18658220341942, 19.330061724254715 ], [ -155.186247008360112, 19.330324030664517 ], [ -155.185879012327518, 19.331398388605614 ], [ -155.185529205687345, 19.330995658805406 ], [ -155.185894397917281, 19.330856356003686 ], [ -155.18565943861023, 19.330375947984159 ], [ -155.185529205687345, 19.330995658805406 ], [ -155.184838395795396, 19.331535960533195 ], [ -155.185601127975701, 19.33357837255673 ], [ -155.18646716042096, 19.334962712841026 ], [ -155.186396867756145, 19.335614867870945 ], [ -155.186438472656874, 19.336292361816952 ], [ -155.18634846541417, 19.337121716928809 ], [ -155.186929708025957, 19.338732151056135 ], [ -155.186826836321472, 19.33968361041719 ], [ -155.186914429419744, 19.341113488963256 ], [ -155.186552787957567, 19.341697691036458 ], [ -155.186197374250412, 19.343043486391579 ], [ -155.184836098917572, 19.341952443733366 ], [ -155.184306627640041, 19.341109310214737 ], [ -155.184006318295985, 19.340852452095525 ], [ -155.183728569752077, 19.340224454106991 ], [ -155.183078809114733, 19.339669002731132 ], [ -155.182128118910498, 19.3375203528208 ], [ -155.181251587066072, 19.337568833125673 ], [ -155.180846468119228, 19.337102293536695 ], [ -155.180394384458793, 19.336715644868651 ], [ -155.180425568432071, 19.336428736395792 ], [ -155.179021553092724, 19.334522975257958 ], [ -155.178808610447959, 19.332333241682022 ], [ -155.178161079348769, 19.33177967648388 ], [ -155.178278133700672, 19.330699017301576 ], [ -155.177298312501847, 19.330258997182352 ], [ -155.176867855282126, 19.329064822303746 ], [ -155.176629723299072, 19.327957148439644 ], [ -155.176121954917761, 19.327046268822269 ], [ -155.176660770122339, 19.326624654253958 ], [ -155.177013268165069, 19.322822913470418 ], [ -155.177406814325451, 19.321274161467034 ], [ -155.177353162988567, 19.320397926148061 ], [ -155.177802771996056, 19.319310501057313 ], [ -155.177380167330512, 19.319333877809196 ], [ -155.177029460919357, 19.318541271613949 ], [ -155.176319358735554, 19.319289939676779 ], [ -155.17607582402897, 19.31609547858298 ], [ -155.179499015011373, 19.315664593455452 ], [ -155.182116489915614, 19.316264462366835 ], [ -155.184037128320256, 19.316158542515463 ], [ -155.183943515681193, 19.317024031582335 ], [ -155.184001650592222, 19.317972519510899 ], [ -155.18393144821917, 19.318621239801907 ], [ -155.184247901621745, 19.319188196289154 ], [ -155.184178433390258, 19.319829267221976 ], [ -155.184471901968777, 19.320834224802582 ], [ -155.18476589398179, 19.321361593485822 ], [ -155.185016656631632, 19.321928230897019 ], [ -155.185594169137261, 19.322739058261085 ], [ -155.185426604102759, 19.323144693694953 ] ] ] } },
{ "type": "Feature", "properties": { "ID": 144, "GRIDCODE": 2 }, "geometry": { "type": "Polygon", "coordinates": [ [ [ -155.827765117409484, 19.316510692565359 ], [ -155.828481026400652, 19.316653260038368 ], [ -155.829035570292433, 19.316944546170163 ], [ -155.831380782179394, 19.316897008352299 ], [ -155.832451222877097, 19.317274472346035 ], [ -155.835308782997544, 19.317584332279431 ], [ -155.836738718679868, 19.318171376565935 ], [ -155.837326980864617, 19.318159372329575 ], [ -155.837863946127385, 19.31762868338749 ], [ -155.838726493822321, 19.316897633458947 ], [ -155.845292890794838, 19.317258672296209 ], [ -155.847479851237694, 19.317214269466898 ], [ -155.849035322438368, 19.317852581385271 ], [ -155.849849586558292, 19.317835981072573 ], [ -155.851977731680108, 19.318404831700935 ], [ -155.853236600713018, 19.319259598889431 ], [ -155.853812054264978, 19.319247849276557 ], [ -155.857226416256452, 19.319435287230295 ], [ -155.857430179573157, 19.323664506057607 ], [ -155.857996303002494, 19.324476093007167 ], [ -155.858359114857649, 19.325241860537762 ], [ -155.857835010685022, 19.327008893083534 ], [ -155.858229785002749, 19.327749560609451 ], [ -155.858189262757861, 19.32841131821219 ], [ -155.858210674166628, 19.329359489418227 ], [ -155.858152994126726, 19.330306296398692 ], [ -155.858175822304759, 19.331311349439716 ], [ -155.858722881455378, 19.331810288684107 ], [ -155.858681891915097, 19.332481823039913 ], [ -155.858706560648841, 19.333565450769282 ], [ -155.858632277838296, 19.334782771911772 ], [ -155.858656665717547, 19.335866394614587 ], [ -155.858572890954434, 19.337244603823436 ], [ -155.857747171959801, 19.337199416165461 ], [ -155.856631256665509, 19.337221940311217 ], [ -155.855334907107107, 19.336541863700582 ], [ -155.854539448299789, 19.336924011302415 ], [ -155.852904448840235, 19.33683414475977 ], [ -155.852271243985342, 19.336847001196134 ], [ -155.851104897430986, 19.33740730867245 ], [ -155.850104166529235, 19.33839571119772 ], [ -155.848033431038402, 19.337842346737947 ], [ -155.8474041364573, 19.338144563080245 ], [ -155.844582202003124, 19.337989374586336 ], [ -155.842879428142226, 19.338381657904222 ], [ -155.840467714957413, 19.338248855595801 ], [ -155.840035171151413, 19.338257745600817 ], [ -155.839136134131053, 19.33794093323824 ], [ -155.83650800772466, 19.337994197141629 ], [ -155.833991899688328, 19.338984725256648 ], [ -155.832039942346768, 19.338877257753143 ], [ -155.828639541201142, 19.338946056544152 ], [ -155.825966254789705, 19.337848827407537 ], [ -155.825522218094733, 19.336911291285265 ], [ -155.823359219331167, 19.336382229363007 ], [ -155.822401024563703, 19.336044473805973 ], [ -155.821202435322363, 19.335763340158177 ], [ -155.820073146375051, 19.336305307030408 ], [ -155.818683384246015, 19.336228937275855 ], [ -155.816996470802962, 19.336262661414747 ], [ -155.816490411997023, 19.335724924802776 ], [ -155.814415389517535, 19.335373948731338 ], [ -155.813517545768946, 19.335057302708559 ], [ -155.812429824068545, 19.335079255831339 ], [ -155.810299032018889, 19.334961555904112 ], [ -155.80677172402946, 19.333913895795632 ], [ -155.803769829881503, 19.334455438932107 ], [ -155.801879165079015, 19.335154222604491 ], [ -155.799152502899915, 19.335637316231917 ], [ -155.800310661107204, 19.327815378348152 ], [ -155.800795835826165, 19.316981766992626 ], [ -155.802300037594534, 19.316206374979974 ], [ -155.803367103750674, 19.316766672481076 ], [ -155.805165133102435, 19.317467770387395 ], [ -155.806833381484466, 19.316420457469516 ], [ -155.80869238613451, 19.317826275510562 ], [ -155.810765679992983, 19.31823966680891 ], [ -155.812131506311317, 19.31916769970222 ], [ -155.814363759442102, 19.318654044858018 ], [ -155.816726526565077, 19.319166838158054 ], [ -155.81815833577005, 19.319452057836457 ], [ -155.818997178191495, 19.319748072781589 ], [ -155.822026254367643, 19.320061137981288 ], [ -155.823301366294942, 19.319260676485282 ], [ -155.823860668715497, 19.31929131655847 ], [ -155.824334394919816, 19.319281854419398 ], [ -155.825581865182954, 19.318498346538011 ], [ -155.826738885873056, 19.318258015717646 ], [ -155.826731845144877, 19.317944787185887 ], [ -155.825592954413565, 19.317967793863538 ], [ -155.825321594723533, 19.31778297845954 ], [ -155.827596021765515, 19.316987457636788 ], [ -155.827765117409484, 19.316510692565359 ] ] ] } },
{ "type": "Feature", "properties": { "ID": 145, "GRIDCODE": 2 }, "geometry": { "type": "Polygon", "coordinates": [ [ [ -155.863762075366935, 19.268660035609457 ], [ -155.864392902938221, 19.26875840161253 ], [ -155.863840854637999, 19.269246629452979 ], [ -155.863762075366935, 19.268660035609457 ] ] ] } },
{ "type": "Feature", "properties": { "ID": 146, "GRIDCODE": 2 }, "geometry": { "type": "Polygon", "coordinates": [ [ [ -155.837831699936629, 19.267671342396564 ], [ -155.838240532962004, 19.267828892547897 ], [ -155.840513780986043, 19.268245073045165 ], [ -155.839926053773183, 19.268702983963419 ], [ -155.839376945074548, 19.268628427436006 ], [ -155.837966422185474, 19.268907337928475 ], [ -155.835892616420637, 19.269213092293157 ], [ -155.834528706901693, 19.270123495834266 ], [ -155.83367861969009, 19.269452394711415 ], [ -155.83395754120798, 19.269052357170796 ], [ -155.835380125638864, 19.268290801501536 ], [ -155.837514810894788, 19.268033442437435 ], [ -155.837831699936629, 19.267671342396564 ] ] ] } },
{ "type": "Feature", "properties": { "ID": 147, "GRIDCODE": 2 }, "geometry": { "type": "Polygon", "coordinates": [ [ [ -155.826160022137913, 19.266656514421349 ], [ -155.827140987456943, 19.266848093240462 ], [ -155.825996530292343, 19.267322992551513 ], [ -155.825437054317462, 19.267599402519767 ], [ -155.82484587636273, 19.267844583422136 ], [ -155.824286397098746, 19.268120989317158 ], [ -155.82312510461793, 19.268356250332552 ], [ -155.822565621419841, 19.268632650272835 ], [ -155.821404324482359, 19.268867899449305 ], [ -155.818780383121322, 19.269556583163801 ], [ -155.815487784392161, 19.269685370694837 ], [ -155.81490321328792, 19.269040770269786 ], [ -155.814267479708974, 19.269285137081823 ], [ -155.813219339886103, 19.269802618291969 ], [ -155.81236128416009, 19.269836301667251 ], [ -155.811687185516803, 19.269242754433723 ], [ -155.813148348118858, 19.269010157626063 ], [ -155.814196482652591, 19.268492676095025 ], [ -155.815575099799673, 19.268438706582621 ], [ -155.81829433343637, 19.268640270054508 ], [ -155.818261916027069, 19.26789660960404 ], [ -155.821367225689499, 19.267428130478542 ], [ -155.823574538596773, 19.267591614774012 ], [ -155.825149802877888, 19.267159392229182 ], [ -155.826022812531136, 19.266797196828737 ], [ -155.826160022137913, 19.266656514421349 ] ] ] } },
{ "type": "Feature", "properties": { "ID": 148, "GRIDCODE": 2 }, "geometry": { "type": "Polygon", "coordinates": [ [ [ -155.86350793628813, 19.26703085416781 ], [ -155.864456725148415, 19.267161124392231 ], [ -155.864238188405096, 19.268079266755926 ], [ -155.863589968483524, 19.267753698668574 ], [ -155.86350793628813, 19.26703085416781 ] ] ] } },
{ "type": "Feature", "properties": { "ID": 149, "GRIDCODE": 2 }, "geometry": { "type": "Polygon", "coordinates": [ [ [ -155.858946915985968, 19.266952477889415 ], [ -155.860897292570826, 19.267218198850934 ], [ -155.862469811809859, 19.26852068732596 ], [ -155.862778957856591, 19.268489502758861 ], [ -155.86303260782293, 19.268696432589316 ], [ -155.861389953422758, 19.269320623837004 ], [ -155.860721940561092, 19.269230070796535 ], [ -155.859357116267745, 19.268704670778465 ], [ -155.858474770499754, 19.268448842294067 ], [ -155.858228227958847, 19.268088645278773 ], [ -155.859392898366309, 19.267645878831086 ], [ -155.858946915985968, 19.266952477889415 ] ] ] } },
{ "type": "Feature", "properties": { "ID": 150, "GRIDCODE": 2 }, "geometry": { "type": "Polygon", "coordinates": [ [ [ -155.851820366220949, 19.266829787791721 ], [ -155.852796787485687, 19.266999468529864 ], [ -155.855318460312674, 19.267300214100342 ], [ -155.857056245223049, 19.267936519116592 ], [ -155.856679471876134, 19.268257430167758 ], [ -155.854650772758447, 19.267937159258921 ], [ -155.8526346289093, 19.268184600856149 ], [ -155.851936430012358, 19.267255442927691 ], [ -155.851820366220949, 19.266829787791721 ] ] ] } },
{ "type": "Feature", "properties": { "ID": 151, "GRIDCODE": 2 }, "geometry": { "type": "Polygon", "coordinates": [ [ [ -155.848684701526878, 19.266775716388363 ], [ -155.849984669024337, 19.26693248182201 ], [ -155.852927247091998, 19.268901817170942 ], [ -155.854984987890873, 19.268897329739545 ], [ -155.856528996827876, 19.269225653083641 ], [ -155.858320793889192, 19.269221575574644 ], [ -155.860859078062873, 19.269574104286271 ], [ -155.863193341366667, 19.270185170629802 ], [ -155.863865410939894, 19.270574884598339 ], [ -155.862985950642638, 19.27176014504365 ], [ -155.863336648455942, 19.272793579842634 ], [ -155.862518514592779, 19.275977058091218 ], [ -155.86288491018226, 19.277443677814269 ], [ -155.862872940387916, 19.277735695610396 ], [ -155.862293425745463, 19.278245656425316 ], [ -155.861993168278389, 19.27932899433792 ], [ -155.8615916514579, 19.280712862773438 ], [ -155.861947089554803, 19.281760662913975 ], [ -155.861530610304214, 19.287681530863772 ], [ -155.861533774527828, 19.288931929209856 ], [ -155.861506057489294, 19.289611102169332 ], [ -155.861937761189665, 19.290019440783134 ], [ -155.861463727687834, 19.291260573869788 ], [ -155.861467316817141, 19.292722014255649 ], [ -155.861427992748503, 19.293688185373622 ], [ -155.860551252475119, 19.294459589467493 ], [ -155.861168014758618, 19.295358241538324 ], [ -155.861061135449376, 19.297995662311287 ], [ -155.861062367724287, 19.298529353404618 ], [ -155.860755396395888, 19.299070963098316 ], [ -155.860154439868126, 19.300961519174614 ], [ -155.859552009414642, 19.302024303420655 ], [ -155.859555924075266, 19.303656583743528 ], [ -155.859479694970702, 19.30553263284861 ], [ -155.85977116875506, 19.306094858030381 ], [ -155.860056372643044, 19.306679189174435 ], [ -155.859961733953213, 19.309008460865876 ], [ -155.859117735873639, 19.310145621376492 ], [ -155.858481747397207, 19.311897514372909 ], [ -155.858487017685235, 19.314171381021676 ], [ -155.858145704228093, 19.315064377290781 ], [ -155.858151165359516, 19.317327667970304 ], [ -155.856942619338867, 19.316709958347758 ], [ -155.85507313938615, 19.317281721150373 ], [ -155.853227759487737, 19.316798447631697 ], [ -155.852004844484441, 19.316801130226285 ], [ -155.851248540968498, 19.316773256391919 ], [ -155.85016471089628, 19.316219541678269 ], [ -155.849356850168164, 19.315830056580623 ], [ -155.847038026776744, 19.31535837372126 ], [ -155.846375168857293, 19.315019515155523 ], [ -155.844186964022697, 19.31557983089689 ], [ -155.842799098134094, 19.315875781461507 ], [ -155.842476207978763, 19.315544913608051 ], [ -155.839595152933526, 19.315196945474554 ], [ -155.836029281427983, 19.315204367438415 ], [ -155.835072684928804, 19.314874651671218 ], [ -155.834782421238714, 19.314875429272064 ], [ -155.833934853842806, 19.314583301939091 ], [ -155.833076882252897, 19.314845539654641 ], [ -155.832143273562167, 19.315115449667914 ], [ -155.82910451087298, 19.315003638754117 ], [ -155.826389350546293, 19.315285356734126 ], [ -155.824794960313795, 19.31522664830873 ], [ -155.823867638788329, 19.315228473972017 ], [ -155.82094992388943, 19.315742994332474 ], [ -155.818084039625006, 19.315637451405674 ], [ -155.815931072917436, 19.315641370825301 ], [ -155.815108162555987, 19.314797957107203 ], [ -155.813791736895325, 19.314468722557642 ], [ -155.811997021328438, 19.315017004137228 ], [ -155.808937774575583, 19.315231616454795 ], [ -155.806803679051143, 19.314366003505711 ], [ -155.80541593310025, 19.314368395457453 ], [ -155.804418352797995, 19.314331604425579 ], [ -155.80356263915877, 19.314333260110072 ], [ -155.800858549406229, 19.314233460123379 ], [ -155.800766156393536, 19.304285626577791 ], [ -155.804736997990034, 19.303946154648873 ], [ -155.806960614448997, 19.304712588664703 ], [ -155.80731873688481, 19.304371644323524 ], [ -155.808635191178325, 19.303991410979862 ], [ -155.810306869407697, 19.304567265800735 ], [ -155.811590517229604, 19.30498796870372 ], [ -155.81270956270285, 19.305825196040558 ], [ -155.813760900140863, 19.306506269812036 ], [ -155.816301330018632, 19.307141680986863 ], [ -155.816884419541367, 19.307739459982141 ], [ -155.818945927421254, 19.308095154152603 ], [ -155.820438303263501, 19.308412605885984 ], [ -155.821646638761592, 19.308410138575869 ], [ -155.822630285075149, 19.308446323614124 ], [ -155.823507573780574, 19.307903891203708 ], [ -155.826413723082965, 19.307418198947765 ], [ -155.828508588783023, 19.30813983455031 ], [ -155.829220520097209, 19.307461742492972 ], [ -155.830086583434365, 19.307211295228477 ], [ -155.83070071466841, 19.306924466373935 ], [ -155.833407278882277, 19.307023851932346 ], [ -155.835372503522109, 19.306581962041641 ], [ -155.839517136213288, 19.307667486521812 ], [ -155.841056123090709, 19.307664273620745 ], [ -155.842039785753627, 19.307700353736827 ], [ -155.843314482924001, 19.306911884308732 ], [ -155.845499220169359, 19.307483886379661 ], [ -155.846322613662181, 19.307482262785449 ], [ -155.847183466893739, 19.307778527122892 ], [ -155.848944769924799, 19.308136895437549 ], [ -155.850320009080633, 19.307827447463257 ], [ -155.851510172099097, 19.307582492564489 ], [ -155.853957178033085, 19.308425230611022 ], [ -155.854584321527312, 19.308563252974231 ], [ -155.853396593024883, 19.306833069286487 ], [ -155.851721094138981, 19.306502935896027 ], [ -155.849485650281167, 19.307005923772302 ], [ -155.84801283946581, 19.307320026271345 ], [ -155.845240287136789, 19.306505960410558 ], [ -155.843563590861805, 19.305383966541314 ], [ -155.842663360522522, 19.305804725664462 ], [ -155.841119202711695, 19.30606332417365 ], [ -155.838502816352104, 19.305967205219073 ], [ -155.837222136114576, 19.306255460371958 ], [ -155.836538717147164, 19.305555242121073 ], [ -155.835254973377459, 19.305134705439368 ], [ -155.834673823706737, 19.304837690829292 ], [ -155.83281538507859, 19.304841387115548 ], [ -155.830096853320214, 19.305321195920722 ], [ -155.828462194646221, 19.305261038217047 ], [ -155.826907339418597, 19.305828467196715 ], [ -155.824550404609738, 19.305741687842826 ], [ -155.823124265622653, 19.305744613559092 ], [ -155.822126718118227, 19.305707926485983 ], [ -155.821470195812708, 19.305709176941775 ], [ -155.817630807117837, 19.306262071587657 ], [ -155.817262382416772, 19.305884359020585 ], [ -155.816048195620368, 19.305298570098333 ], [ -155.813601529290651, 19.304497403618871 ], [ -155.812991152868676, 19.303871637699586 ], [ -155.809905672916614, 19.303339043060571 ], [ -155.808468934372655, 19.302756455790853 ], [ -155.807366503206168, 19.302758314652095 ], [ -155.806457638186629, 19.302445166266239 ], [ -155.805362450135789, 19.302447140055214 ], [ -155.804792441630923, 19.302426311834552 ], [ -155.803936794971406, 19.302427713819402 ], [ -155.80322428945928, 19.302401474467711 ], [ -155.802516818423356, 19.302402822691135 ], [ -155.801669451628186, 19.301835542623184 ], [ -155.801098832385577, 19.301560034067023 ], [ -155.800941143618587, 19.295292090061427 ], [ -155.801935009311478, 19.278118856957928 ], [ -155.801925269172671, 19.273401809103216 ], [ -155.803742189714882, 19.272876703235706 ], [ -155.805365075422827, 19.272936571575606 ], [ -155.806363155291564, 19.272934725772579 ], [ -155.80736048770558, 19.27297147032596 ], [ -155.808740648193179, 19.272968886951322 ], [ -155.810367764206376, 19.27352964406731 ], [ -155.817043173741098, 19.273107185821715 ], [ -155.816490217609413, 19.27258372700603 ], [ -155.816216382056894, 19.27228621071319 ], [ -155.81816263909073, 19.272357949048214 ], [ -155.819066330955252, 19.272081743556608 ], [ -155.820502607093886, 19.271841251528002 ], [ -155.820501454680283, 19.271295147873484 ], [ -155.822278752920653, 19.271059784368749 ], [ -155.824597854119872, 19.271667364801075 ], [ -155.828812443785353, 19.271659151070871 ], [ -155.829594127241478, 19.270197890924923 ], [ -155.830521779682414, 19.270672283171432 ], [ -155.831500653973819, 19.270670228727308 ], [ -155.832640475349336, 19.270712214631917 ], [ -155.834066321664153, 19.270709171106787 ], [ -155.834778714523281, 19.270735270998038 ], [ -155.835083932784386, 19.270734742842279 ], [ -155.835641623962402, 19.270203341517472 ], [ -155.836541080661902, 19.26994310206139 ], [ -155.837217292740149, 19.269968036418859 ], [ -155.83778763070228, 19.269966805657901 ], [ -155.838491671799403, 19.269992746065274 ], [ -155.839072768412962, 19.269721164121776 ], [ -155.839676578969318, 19.269455791045623 ], [ -155.84093328172051, 19.269501862273554 ], [ -155.842073958286562, 19.269499375249691 ], [ -155.842786352132634, 19.269525443289787 ], [ -155.843499273550322, 19.269524014684922 ], [ -155.844203317134372, 19.269549932895831 ], [ -155.844784405497649, 19.269278331175975 ], [ -155.848791285814769, 19.268817281331511 ], [ -155.84879055797316, 19.268535097423555 ], [ -155.849941732780707, 19.268289444346625 ], [ -155.850225272310126, 19.268082771647258 ], [ -155.848806271943204, 19.267728257944661 ], [ -155.848052029111983, 19.267342629612688 ], [ -155.848542315297152, 19.266911304261832 ], [ -155.848684701526878, 19.266775716388363 ] ] ] } },
{ "type": "Feature", "properties": { "ID": 152, "GRIDCODE": 2 }, "geometry": { "type": "Polygon", "coordinates": [ [ [ -155.801371210909025, 19.265682520675536 ], [ -155.802796436669666, 19.265707472694839 ], [ -155.802785929040539, 19.266248869647868 ], [ -155.801360698615355, 19.26622391687355 ], [ -155.801371210909025, 19.265682520675536 ] ] ] } },
{ "type": "Feature", "properties": { "ID": 153, "GRIDCODE": 2 }, "geometry": { "type": "Polygon", "coordinates": [ [ [ -155.843564010593468, 19.26614570180562 ], [ -155.843997223540072, 19.266280917656161 ], [ -155.844835949505097, 19.266732811197059 ], [ -155.845691426033767, 19.266310182101012 ], [ -155.84643874719842, 19.266067624609708 ], [ -155.846809314186231, 19.267715479366913 ], [ -155.847389250416143, 19.267692698082051 ], [ -155.848509836453076, 19.268041280321096 ], [ -155.847804844621294, 19.268618051088243 ], [ -155.844958144119431, 19.268407582414735 ], [ -155.845425929229521, 19.267624949962595 ], [ -155.844533034749702, 19.267660036874744 ], [ -155.843394035296598, 19.267575565215459 ], [ -155.840574902238956, 19.267686286795236 ], [ -155.840004009020703, 19.266337758384346 ], [ -155.842667270197353, 19.267064776469823 ], [ -155.843564010593468, 19.26614570180562 ] ] ] } },
{ "type": "Feature", "properties": { "ID": 154, "GRIDCODE": 2 }, "geometry": { "type": "Polygon", "coordinates": [ [ [ -155.801418511859566, 19.26324623731983 ], [ -155.802426852225267, 19.263386856110856 ], [ -155.804316312677059, 19.263752854192081 ], [ -155.805189220580814, 19.263683764741657 ], [ -155.806614576822113, 19.264089222793551 ], [ -155.807541592203108, 19.264015779120946 ], [ -155.808556953414467, 19.264398455031756 ], [ -155.809452602709314, 19.263931752650173 ], [ -155.810954060474046, 19.264103679863879 ], [ -155.811833106773321, 19.264034136676081 ], [ -155.811776952914727, 19.264475309746818 ], [ -155.809548265708656, 19.26534741183589 ], [ -155.808625016301932, 19.264823549469796 ], [ -155.807855569015175, 19.264884413940706 ], [ -155.80690074874579, 19.264524476686777 ], [ -155.806097276407513, 19.264588176827729 ], [ -155.80467473212704, 19.26442525887246 ], [ -155.803523212804265, 19.264516443514029 ], [ -155.802806835387742, 19.264109885199503 ], [ -155.800706829929595, 19.264276210875774 ], [ -155.801418511859566, 19.26324623731983 ] ] ] } },
{ "type": "Feature", "properties": { "ID": 155, "GRIDCODE": 2 }, "geometry": { "type": "Polygon", "coordinates": [ [ [ -155.816266903165797, 19.262151650882771 ], [ -155.817495593155257, 19.262274077705253 ], [ -155.817216527542882, 19.262795729629122 ], [ -155.815603522690225, 19.262574574535481 ], [ -155.816172864826825, 19.262334860214825 ], [ -155.816266903165797, 19.262151650882771 ] ] ] } },
{ "type": "Feature", "properties": { "ID": 156, "GRIDCODE": 2 }, "geometry": { "type": "Polygon", "coordinates": [ [ [ -155.863901215239082, 19.261350742849796 ], [ -155.864486756716758, 19.261749543471357 ], [ -155.863983132032985, 19.262416320552674 ], [ -155.861785384515201, 19.262888981694449 ], [ -155.861649500796545, 19.262259887479804 ], [ -155.862346222325556, 19.262025910550086 ], [ -155.862585044244071, 19.2617094913995 ], [ -155.863781805845946, 19.261508953563727 ], [ -155.863901215239082, 19.261350742849796 ] ] ] } },
{ "type": "Feature", "properties": { "ID": 157, "GRIDCODE": 2 }, "geometry": { "type": "Polygon", "coordinates": [ [ [ -155.862496559837183, 19.260243415161199 ], [ -155.863468012714634, 19.260409776422069 ], [ -155.862885482332786, 19.261067262243941 ], [ -155.860620003841831, 19.261456502532159 ], [ -155.860051936169015, 19.261339636048447 ], [ -155.858645032447356, 19.261578848692043 ], [ -155.85925306387395, 19.261045317768836 ], [ -155.862277090956269, 19.260523407467197 ], [ -155.862496559837183, 19.260243415161199 ] ] ] } },
{ "type": "Feature", "properties": { "ID": 158, "GRIDCODE": 2 }, "geometry": { "type": "Polygon", "coordinates": [ [ [ -155.833727509469327, 19.258663943803271 ], [ -155.834426743664608, 19.258821506809365 ], [ -155.836398757893676, 19.259198653430872 ], [ -155.836429287635553, 19.259668053132465 ], [ -155.835546506810346, 19.259903994153529 ], [ -155.834582845621895, 19.260392930550545 ], [ -155.833407818790988, 19.260462217889099 ], [ -155.832663735985619, 19.260392199043078 ], [ -155.829430096556763, 19.260648956762378 ], [ -155.828512186740511, 19.261624445063767 ], [ -155.827529789582456, 19.261682227693544 ], [ -155.827270137934818, 19.261385238319455 ], [ -155.826462726541735, 19.260699779881275 ], [ -155.826400143000541, 19.259741917496537 ], [ -155.826977175591423, 19.259795837846976 ], [ -155.828564268171959, 19.258990642682768 ], [ -155.831587458044993, 19.259293789685007 ], [ -155.832598918084898, 19.259852919776453 ], [ -155.833292125478664, 19.25961423694293 ], [ -155.833727509469327, 19.258663943803271 ] ] ] } },
{ "type": "Feature", "properties": { "ID": 159, "GRIDCODE": 2 }, "geometry": { "type": "Polygon", "coordinates": [ [ [ -155.859402259526121, 19.258023836044398 ], [ -155.861231065666743, 19.25835118487419 ], [ -155.86036968319678, 19.258970815293257 ], [ -155.858921994195555, 19.258706602513396 ], [ -155.859402259526121, 19.258023836044398 ] ] ] } },
{ "type": "Feature", "properties": { "ID": 160, "GRIDCODE": 2 }, "geometry": { "type": "Polygon", "coordinates": [ [ [ -155.795552820223435, 19.24229267116343 ], [ -155.795920341516734, 19.242449844135312 ], [ -155.795654982694799, 19.242909819957678 ], [ -155.795552820223435, 19.24229267116343 ] ] ] } },
{ "type": "Feature", "properties": { "ID": 161, "GRIDCODE": 2 }, "geometry": { "type": "Polygon", "coordinates": [ [ [ -155.805860155904668, 19.240035895416387 ], [ -155.807967432347255, 19.240240349544955 ], [ -155.809146683570788, 19.240764963636213 ], [ -155.808528492469918, 19.241561791787944 ], [ -155.807963531279029, 19.242384404154709 ], [ -155.807497016818473, 19.242752300548833 ], [ -155.807092792315188, 19.24318157671884 ], [ -155.80678178014432, 19.243426839244279 ], [ -155.806326950014068, 19.243909969520036 ], [ -155.805045515469345, 19.244750464593718 ], [ -155.802644809039919, 19.246567009744883 ], [ -155.801312969368496, 19.246645257890279 ], [ -155.799890023789317, 19.246511404259206 ], [ -155.798891006608983, 19.246570073688687 ], [ -155.798458286427461, 19.246529440721901 ], [ -155.796770077214319, 19.246936727741137 ], [ -155.79673816178385, 19.246444040199123 ], [ -155.798763952589781, 19.24501133522006 ], [ -155.799168306894529, 19.243816254863251 ], [ -155.801489868743147, 19.242491029713751 ], [ -155.801962898581934, 19.241988662221452 ], [ -155.803853637557864, 19.241615270133305 ], [ -155.805429930017027, 19.240715407802444 ], [ -155.805860155904668, 19.240035895416387 ] ] ] } },
{ "type": "Feature", "properties": { "ID": 162, "GRIDCODE": 2 }, "geometry": { "type": "Polygon", "coordinates": [ [ [ -155.827588220868023, 19.236893780619571 ], [ -155.82913710795404, 19.237064501067973 ], [ -155.828129728163816, 19.237560594000797 ], [ -155.827588220868023, 19.236893780619571 ] ] ] } },
{ "type": "Feature", "properties": { "ID": 163, "GRIDCODE": 2 }, "geometry": { "type": "Polygon", "coordinates": [ [ [ -155.859799213405893, 19.237178861251881 ], [ -155.860864990178413, 19.237824182091643 ], [ -155.861379733199414, 19.237315211285569 ], [ -155.862361543898601, 19.237369081173647 ], [ -155.864120757403327, 19.23733287416632 ], [ -155.865369017982744, 19.237987911110917 ], [ -155.867369724261067, 19.237947085249981 ], [ -155.867038447277906, 19.238516340762704 ], [ -155.866754081836774, 19.239063655772398 ], [ -155.866444671759695, 19.239595466893828 ], [ -155.867013859006391, 19.240412342297006 ], [ -155.866854712504335, 19.243030386011636 ], [ -155.866214753174887, 19.245190875327786 ], [ -155.866910758118451, 19.2458258645526 ], [ -155.867244817901764, 19.246181201320926 ], [ -155.866847621852429, 19.247522332354009 ], [ -155.866870357915531, 19.248523956299465 ], [ -155.866552870492342, 19.249069378383322 ], [ -155.866253044783491, 19.250428836165657 ], [ -155.865931345825288, 19.251766761105692 ], [ -155.865631506746951, 19.253126216110307 ], [ -155.864830624309747, 19.254886189447074 ], [ -155.864139297690571, 19.255804421294378 ], [ -155.864726939540077, 19.256340772324048 ], [ -155.864630539540798, 19.257924534460273 ], [ -155.864205940878776, 19.25850725048366 ], [ -155.862978760425989, 19.257673777480953 ], [ -155.862117434357344, 19.257398764197845 ], [ -155.859896887718207, 19.256616177738753 ], [ -155.857676521831792, 19.257855592883526 ], [ -155.851441157122025, 19.258184608530705 ], [ -155.848337069496182, 19.259676824106137 ], [ -155.847206076017898, 19.259278350996642 ], [ -155.846033311790109, 19.259302274743138 ], [ -155.844892838424414, 19.259850364235653 ], [ -155.842904234251989, 19.259741173989976 ], [ -155.840120291567303, 19.25999875498578 ], [ -155.839462434909962, 19.259962518119973 ], [ -155.838423396486917, 19.259416961913125 ], [ -155.837782312486013, 19.259116294093328 ], [ -155.8369636154369, 19.259132799701906 ], [ -155.835374894991503, 19.258298716255133 ], [ -155.834332760143099, 19.258002727093466 ], [ -155.831322534280929, 19.258546620795503 ], [ -155.829454704756472, 19.258443612160708 ], [ -155.828616232265034, 19.258460795172418 ], [ -155.826329705628638, 19.259177418342109 ], [ -155.825023883419675, 19.258491760067862 ], [ -155.825057245773479, 19.257945195940518 ], [ -155.828224392900751, 19.257349654452998 ], [ -155.828788683202362, 19.256791940320138 ], [ -155.829888512802768, 19.256852277728491 ], [ -155.830849949573746, 19.256550821441682 ], [ -155.833834556112748, 19.256063079584035 ], [ -155.835628938134022, 19.256161859458654 ], [ -155.837055159052511, 19.256132867029446 ], [ -155.84009180119719, 19.256299908470229 ], [ -155.842315539502351, 19.256894489802299 ], [ -155.843034413841195, 19.256288621584922 ], [ -155.841044915042374, 19.255952501490913 ], [ -155.840206324503072, 19.255656627001638 ], [ -155.839060025772994, 19.255376583034796 ], [ -155.83822246730881, 19.25502729891824 ], [ -155.839925895836558, 19.255120759392003 ], [ -155.840213924613039, 19.255114897189493 ], [ -155.842613781104717, 19.255454412931858 ], [ -155.844181459208471, 19.256006958281549 ], [ -155.846564263706625, 19.255958442241901 ], [ -155.84704083447815, 19.255528995780526 ], [ -155.843910860709059, 19.255189623203719 ], [ -155.842298664467819, 19.254621233611292 ], [ -155.840387461366902, 19.254298097645741 ], [ -155.839388156405846, 19.253714892258312 ], [ -155.840524970364044, 19.25377738959947 ], [ -155.840802146719284, 19.253741984418795 ], [ -155.840161782588495, 19.253157582970253 ], [ -155.837253681098019, 19.253216499858219 ], [ -155.835544715592192, 19.253122656685321 ], [ -155.834460865776663, 19.253144612722796 ], [ -155.833401626964076, 19.253653841537446 ], [ -155.8324360474397, 19.253925623874597 ], [ -155.831310645776483, 19.253863803017403 ], [ -155.830192006179999, 19.253276631287637 ], [ -155.828659967797392, 19.253307703471961 ], [ -155.827965178687066, 19.254642749821965 ], [ -155.827521426267623, 19.255404858112957 ], [ -155.826508236169786, 19.255690060148495 ], [ -155.825377873222806, 19.256044621688407 ], [ -155.823864984270841, 19.256771481683657 ], [ -155.821173360211844, 19.257529657142953 ], [ -155.818687141104817, 19.258724265963952 ], [ -155.816596899610715, 19.259065755155927 ], [ -155.814743879117231, 19.260099444250248 ], [ -155.813788422110747, 19.260507220646605 ], [ -155.811225169988148, 19.259951063686195 ], [ -155.809601590691983, 19.260551571226639 ], [ -155.808885063516442, 19.260512084249189 ], [ -155.807371090494541, 19.260542490351138 ], [ -155.806757780600066, 19.260220256198515 ], [ -155.805538890729707, 19.259938735532828 ], [ -155.803078032332962, 19.260709651686529 ], [ -155.802748142937446, 19.260691450074692 ], [ -155.800495353277427, 19.260970402393504 ], [ -155.800008107240615, 19.260452022109707 ], [ -155.800852965446609, 19.260091307885656 ], [ -155.804203029067764, 19.259644319071221 ], [ -155.804195948081968, 19.259320251070029 ], [ -155.802634630207933, 19.25935190646068 ], [ -155.801922567900334, 19.25931247105316 ], [ -155.800001080329565, 19.259351285848044 ], [ -155.799158784531215, 19.255694884407816 ], [ -155.802444989971463, 19.252908320701724 ], [ -155.803265093822432, 19.252558263067954 ], [ -155.804618247593822, 19.252632699229004 ], [ -155.805616557019732, 19.252612599318955 ], [ -155.806946901125883, 19.252686090790178 ], [ -155.809856589109643, 19.252325953875285 ], [ -155.810598603492849, 19.252715738931865 ], [ -155.811796579933969, 19.252996855372384 ], [ -155.81308912590319, 19.252376001076435 ], [ -155.812605930467299, 19.251934941283761 ], [ -155.812916106642547, 19.251402202378067 ], [ -155.813148689512246, 19.250864672015911 ], [ -155.812060196460465, 19.251387540252754 ], [ -155.811501136234938, 19.251356632739693 ], [ -155.810894349600318, 19.25164830791914 ], [ -155.809463251470646, 19.250896635975984 ], [ -155.807168157424115, 19.251311140194183 ], [ -155.80607062133555, 19.251250711192053 ], [ -155.805125802290064, 19.251269634091734 ], [ -155.803499882998182, 19.251779350293031 ], [ -155.801230128971099, 19.252149792758342 ], [ -155.799768337126977, 19.253068001682028 ], [ -155.798769635537326, 19.253581513243653 ], [ -155.797753375339738, 19.250325604239791 ], [ -155.800647662289037, 19.24985295342719 ], [ -155.801250800248425, 19.249563101092171 ], [ -155.802407047166753, 19.249323118385522 ], [ -155.802971401384525, 19.249051621234695 ], [ -155.803594957582504, 19.248785388426896 ], [ -155.804127208305488, 19.248259459204963 ], [ -155.805853475670773, 19.248029417487597 ], [ -155.807296641569621, 19.247335866852893 ], [ -155.807287519381532, 19.246929784347849 ], [ -155.806723098280457, 19.246414571804443 ], [ -155.807030228502697, 19.246154433436086 ], [ -155.80744948849329, 19.245739965486063 ], [ -155.808756021064085, 19.245372190561046 ], [ -155.809411969094413, 19.245056784443626 ], [ -155.809304964641484, 19.24429860281203 ], [ -155.808626563432824, 19.244968767149999 ], [ -155.807320034065469, 19.245336541580254 ], [ -155.805865275508864, 19.246356481520181 ], [ -155.80590367041799, 19.24572539368474 ], [ -155.808178323857021, 19.244089859441033 ], [ -155.810634029866492, 19.243398347290935 ], [ -155.811337116635627, 19.242703481672045 ], [ -155.813011543572969, 19.242429883434266 ], [ -155.813383741948456, 19.241380435835683 ], [ -155.815014607283132, 19.24080987750969 ], [ -155.818103178614081, 19.240980003415672 ], [ -155.819099544962, 19.240667572014715 ], [ -155.822455390730113, 19.240448509885834 ], [ -155.824535529902732, 19.239678868256327 ], [ -155.825691694616296, 19.239438722998816 ], [ -155.826255985405197, 19.239167143242373 ], [ -155.827532911190048, 19.23890157848987 ], [ -155.82874414321094, 19.238968336016953 ], [ -155.830303973861135, 19.238686500674326 ], [ -155.83225586038651, 19.238793837695624 ], [ -155.83410974746684, 19.238756125373694 ], [ -155.835777394969654, 19.238847926222149 ], [ -155.839257522103168, 19.23856431982178 ], [ -155.840226799559758, 19.238617563567736 ], [ -155.840817759717908, 19.238333437934873 ], [ -155.841377605019289, 19.238627393990914 ], [ -155.842095376294793, 19.238612815338129 ], [ -155.842812115900784, 19.238652164320456 ], [ -155.843377223962676, 19.238380277265847 ], [ -155.844096134537921, 19.238073225578461 ], [ -155.845810240838489, 19.238167587233125 ], [ -155.84680849289461, 19.23814724873132 ], [ -155.847932417286131, 19.238208935679378 ], [ -155.848659087518996, 19.237859685980908 ], [ -155.851481279102188, 19.238014603636433 ], [ -155.852502885102325, 19.238550783266252 ], [ -155.853072758534694, 19.238276566001925 ], [ -155.853658876466483, 19.238026427089693 ], [ -155.854223969593875, 19.237754503600751 ], [ -155.854798310873434, 19.237786066844812 ], [ -155.856081785593261, 19.237759739222959 ], [ -155.857348120214908, 19.237829369723112 ], [ -155.857934279556474, 19.23754748209177 ], [ -155.859348030953441, 19.237624920239583 ], [ -155.859799213405893, 19.237178861251881 ] ] ] } },
{ "type": "Feature", "properties": { "ID": 164, "GRIDCODE": 2 }, "geometry": { "type": "Polygon", "coordinates": [ [ [ -155.824764245427076, 19.235490797293451 ], [ -155.826284779275397, 19.235889796287676 ], [ -155.826403896278606, 19.236442181858813 ], [ -155.824930458013682, 19.236156391527601 ], [ -155.824764245427076, 19.235490797293451 ] ] ] } },
{ "type": "Feature", "properties": { "ID": 165, "GRIDCODE": 2 }, "geometry": { "type": "Polygon", "coordinates": [ [ [ -155.82021470014314, 19.234870171254926 ], [ -155.822012326631693, 19.23504738864014 ], [ -155.823748810853459, 19.235841279023379 ], [ -155.823774812762935, 19.236443086743588 ], [ -155.82199937013354, 19.237180203262039 ], [ -155.81982551206633, 19.238566732263088 ], [ -155.818867178992775, 19.238221356554135 ], [ -155.81801187765123, 19.23849604703025 ], [ -155.813475970146754, 19.238090213349448 ], [ -155.810318247454518, 19.238433157486085 ], [ -155.811812258899437, 19.236889456520977 ], [ -155.81265047748397, 19.236475663339061 ], [ -155.813482848157662, 19.236537503203095 ], [ -155.814360510831079, 19.236503076290138 ], [ -155.815003046731277, 19.237211877472724 ], [ -155.816771580209576, 19.236083595488726 ], [ -155.820072300542108, 19.235281556624567 ], [ -155.82021470014314, 19.234870171254926 ] ] ] } },
{ "type": "Feature", "properties": { "ID": 166, "GRIDCODE": 2 }, "geometry": { "type": "Polygon", "coordinates": [ [ [ -155.618744225915606, 19.231256799010946 ], [ -155.619483601203711, 19.23139024125765 ], [ -155.620546832791177, 19.232809127007112 ], [ -155.620072807976271, 19.233283438145165 ], [ -155.618411893227261, 19.232016110573937 ], [ -155.618744225915606, 19.231256799010946 ] ] ] } },
{ "type": "Feature", "properties": { "ID": 167, "GRIDCODE": 2 }, "geometry": { "type": "Polygon", "coordinates": [ [ [ -155.615950393594062, 19.228497620425962 ], [ -155.616868902481315, 19.229125386333898 ], [ -155.617450552837624, 19.23051634062265 ], [ -155.61705911160351, 19.231877665374114 ], [ -155.616298408085498, 19.231101048938264 ], [ -155.616083454572163, 19.230235110622345 ], [ -155.615311178752393, 19.229249661730702 ], [ -155.615825252308667, 19.228926286317911 ], [ -155.615950393594062, 19.228497620425962 ] ] ] } },
{ "type": "Feature", "properties": { "ID": 168, "GRIDCODE": 2 }, "geometry": { "type": "Polygon", "coordinates": [ [ [ -155.865301874373074, 19.232669588531664 ], [ -155.865753447009922, 19.232787869103102 ], [ -155.865969761956961, 19.233653705470704 ], [ -155.86635308772847, 19.234565773996216 ], [ -155.866633833761824, 19.235865630444632 ], [ -155.866090614998825, 19.236584903135512 ], [ -155.865063313781064, 19.236346212076789 ], [ -155.864836715980715, 19.236021806370157 ], [ -155.864503577942514, 19.235795009911456 ], [ -155.864184017954585, 19.234516701244708 ], [ -155.863209963446621, 19.235095556308085 ], [ -155.862258695572962, 19.235281020670712 ], [ -155.860981349307394, 19.23498592090187 ], [ -155.859433718414465, 19.235287809247314 ], [ -155.859674807602147, 19.234850042843348 ], [ -155.860301353939633, 19.234639713281926 ], [ -155.860825138607396, 19.234328182341486 ], [ -155.862881864317302, 19.233871578313806 ], [ -155.863967286176972, 19.23310184449883 ], [ -155.865182491293922, 19.232827803707199 ], [ -155.865301874373074, 19.232669588531664 ] ] ] } },
{ "type": "Feature", "properties": { "ID": 169, "GRIDCODE": 2 }, "geometry": { "type": "Polygon", "coordinates": [ [ [ -155.60605032983301, 19.224794477573038 ], [ -155.606970171100073, 19.225056375900031 ], [ -155.607573631335356, 19.226058551242662 ], [ -155.607890435767132, 19.226300273492651 ], [ -155.608317591222516, 19.226847576761624 ], [ -155.609013442589742, 19.227133340818934 ], [ -155.6095291666864, 19.227990050063674 ], [ -155.610651705112588, 19.228846897548248 ], [ -155.610321549412305, 19.230135832145322 ], [ -155.608720809938177, 19.228980066001558 ], [ -155.607545821216206, 19.227411782507094 ], [ -155.607309468736418, 19.226830999553815 ], [ -155.606201423093381, 19.22535199868112 ], [ -155.60605032983301, 19.224794477573038 ] ] ] } },
{ "type": "Feature", "properties": { "ID": 170, "GRIDCODE": 2 }, "geometry": { "type": "Polygon", "coordinates": [ [ [ -155.79005736577713, 19.217012946555574 ], [ -155.79063095464852, 19.217163422924479 ], [ -155.789845223799773, 19.21820291801701 ], [ -155.789446355687886, 19.217856907557557 ], [ -155.79005736577713, 19.217012946555574 ] ] ] } },
{ "type": "Feature", "properties": { "ID": 171, "GRIDCODE": 2 }, "geometry": { "type": "Polygon", "coordinates": [ [ [ -155.80305340464966, 19.20830426109011 ], [ -155.803743851948582, 19.208500103050579 ], [ -155.802422303893366, 19.209400472749717 ], [ -155.800605237818047, 19.210042802331042 ], [ -155.800028564014667, 19.20995154088483 ], [ -155.799457116075558, 19.210021680012304 ], [ -155.798888771162439, 19.209931618406969 ], [ -155.797764292404338, 19.210069565204478 ], [ -155.798088411403398, 19.209259688105938 ], [ -155.800610173490099, 19.208565701770691 ], [ -155.802571075807833, 19.208876031977333 ], [ -155.80305340464966, 19.20830426109011 ] ] ] } },
{ "type": "Feature", "properties": { "ID": 172, "GRIDCODE": 2 }, "geometry": { "type": "Polygon", "coordinates": [ [ [ -155.795074940106815, 19.208164798473369 ], [ -155.795750409825786, 19.208328409637769 ], [ -155.795511652050919, 19.20917150846487 ], [ -155.7940840572806, 19.209566984522457 ], [ -155.794353602473478, 19.208672596689972 ], [ -155.794963166281065, 19.208330499289392 ], [ -155.795074940106815, 19.208164798473369 ] ] ] } },
{ "type": "Feature", "properties": { "ID": 173, "GRIDCODE": 2 }, "geometry": { "type": "Polygon", "coordinates": [ [ [ -155.796482228152712, 19.194379110609379 ], [ -155.796632834819604, 19.194507090091516 ], [ -155.800169287269824, 19.194872200509302 ], [ -155.801112814671029, 19.194816746438516 ], [ -155.801767424290887, 19.195178827738687 ], [ -155.802452915435254, 19.195138696061392 ], [ -155.803079991230419, 19.195197502858722 ], [ -155.801909909667756, 19.196705840184716 ], [ -155.800516987401437, 19.197804352939233 ], [ -155.799581208585067, 19.199702057242124 ], [ -155.797076673126696, 19.199930661899348 ], [ -155.796334064877868, 19.20071973432584 ], [ -155.795214042773267, 19.201018797248818 ], [ -155.794152216459167, 19.20256545700169 ], [ -155.792069910521462, 19.203754427988454 ], [ -155.791589210470192, 19.204728941669085 ], [ -155.790687363328317, 19.206046988906188 ], [ -155.790353258790816, 19.206724717439975 ], [ -155.78944527345044, 19.207440513157838 ], [ -155.787861123099475, 19.209747226087682 ], [ -155.787474112624267, 19.210052477903442 ], [ -155.786752445285856, 19.210819124497831 ], [ -155.785208275268161, 19.20535748471773 ], [ -155.783930356804234, 19.199419498598665 ], [ -155.785146223692578, 19.198929410309034 ], [ -155.785990766504199, 19.198382554966194 ], [ -155.787182497007251, 19.197902076663681 ], [ -155.788329988898852, 19.197320061682142 ], [ -155.789479387238174, 19.197428002162685 ], [ -155.789422810202694, 19.196557259537474 ], [ -155.790042511720173, 19.196307377545992 ], [ -155.790596852642523, 19.196026201839018 ], [ -155.793187158133179, 19.195820865263755 ], [ -155.793741493462448, 19.195539679000483 ], [ -155.795007489128466, 19.19528971612451 ], [ -155.796190085650494, 19.194689484270786 ], [ -155.796482228152712, 19.194379110609379 ] ] ] } },
{ "type": "Feature", "properties": { "ID": 174, "GRIDCODE": 2 }, "geometry": { "type": "Polygon", "coordinates": [ [ [ -155.801336361056912, 19.193922329692089 ], [ -155.802773199197958, 19.194163986794941 ], [ -155.80375584418303, 19.19408619422261 ], [ -155.80404023510593, 19.194118657061924 ], [ -155.805207147175821, 19.194026088105552 ], [ -155.805138515865053, 19.19456753402849 ], [ -155.801607096532649, 19.194862397421311 ], [ -155.801336361056912, 19.193922329692089 ] ] ] } },
{ "type": "Feature", "properties": { "ID": 175, "GRIDCODE": 2 }, "geometry": { "type": "Polygon", "coordinates": [ [ [ -155.854923678169655, 19.193766730763272 ], [ -155.857912279982799, 19.19395869140822 ], [ -155.858202709712856, 19.193952828491927 ], [ -155.858933057077763, 19.194336117257578 ], [ -155.858234648196401, 19.196125356247233 ], [ -155.858830085981651, 19.197837871389595 ], [ -155.859847143338101, 19.199746435269567 ], [ -155.860364833673088, 19.200218636332472 ], [ -155.860623030489222, 19.201046050584051 ], [ -155.860914172303836, 19.20131126529937 ], [ -155.861221061232271, 19.203005080764481 ], [ -155.861109664094784, 19.204840352989642 ], [ -155.861131187754154, 19.205788534813813 ], [ -155.860950954315598, 19.208756087528688 ], [ -155.861884377718127, 19.210264415299086 ], [ -155.862147730799904, 19.210821114240403 ], [ -155.862438890227878, 19.211086329077727 ], [ -155.863687432048721, 19.213285787651429 ], [ -155.863087410854604, 19.214317733147464 ], [ -155.863781339828478, 19.216008659633406 ], [ -155.863749356609304, 19.216534910133895 ], [ -155.864622574213087, 19.217331603649285 ], [ -155.865413256944635, 19.219001176573922 ], [ -155.865699297709284, 19.219537105171408 ], [ -155.86603139405446, 19.220976415255468 ], [ -155.865639292293253, 19.221980192265683 ], [ -155.866207623146778, 19.222795461833041 ], [ -155.866523098530337, 19.223805272980805 ], [ -155.866154435071479, 19.224439211463373 ], [ -155.866184962067791, 19.225779210703724 ], [ -155.866094636227558, 19.227267087305268 ], [ -155.866109899246908, 19.227944359365107 ], [ -155.866088403473384, 19.22829942175683 ], [ -155.865482050609813, 19.22985250556005 ], [ -155.865493824978529, 19.230376067906562 ], [ -155.862689944469992, 19.231166599164318 ], [ -155.861472641823013, 19.231932212600579 ], [ -155.860601551434797, 19.232177490709475 ], [ -155.859730832920718, 19.232725043815929 ], [ -155.858637241954426, 19.232665276945067 ], [ -155.858031994908572, 19.232956361807386 ], [ -155.857160896318533, 19.233201621990659 ], [ -155.855545372451559, 19.234335081014933 ], [ -155.853836734973214, 19.234816627182106 ], [ -155.852305927313267, 19.234732639495444 ], [ -155.851659640240428, 19.235043357521786 ], [ -155.85057161105064, 19.234983636408465 ], [ -155.848966285104865, 19.235273861849748 ], [ -155.846288771352818, 19.235126959411769 ], [ -155.844662114894163, 19.23389696744216 ], [ -155.842091819861139, 19.235132561702112 ], [ -155.840422248764213, 19.235040789697532 ], [ -155.838930729945929, 19.235508486167223 ], [ -155.837995193095082, 19.235017624995329 ], [ -155.8361764418635, 19.235054403314646 ], [ -155.834894857849349, 19.234984101015758 ], [ -155.834467046754327, 19.234992829121765 ], [ -155.833755061556303, 19.234953531821159 ], [ -155.832471629934332, 19.234979705109374 ], [ -155.831332455795035, 19.234916868663795 ], [ -155.830059608011368, 19.234942943839076 ], [ -155.829765288844214, 19.234321674697988 ], [ -155.826203296084117, 19.234393980304809 ], [ -155.825231263585977, 19.233733442937076 ], [ -155.824074903824851, 19.233363768146983 ], [ -155.821185925650667, 19.233721629946569 ], [ -155.819174203661731, 19.233285226976612 ], [ -155.818106177001056, 19.233620218356407 ], [ -155.81682928876856, 19.233885720994024 ], [ -155.815536904592022, 19.233814303339244 ], [ -155.81438558327406, 19.234367841091384 ], [ -155.813514444832492, 19.234612882705456 ], [ -155.811396410385242, 19.235630847912233 ], [ -155.809988399968205, 19.235923631173645 ], [ -155.809503925689938, 19.235896933920603 ], [ -155.809030445806059, 19.23590639182062 ], [ -155.807549401882454, 19.236836781111823 ], [ -155.806359260107513, 19.238012881325009 ], [ -155.804151746802688, 19.238471739026391 ], [ -155.803181710081248, 19.238775820363937 ], [ -155.80151829822114, 19.239244154370624 ], [ -155.800885974078852, 19.239548046494082 ], [ -155.800014797195416, 19.239793016749456 ], [ -155.799450473733515, 19.240064508856051 ], [ -155.798236985561999, 19.240316436120661 ], [ -155.797113683840962, 19.240856061966497 ], [ -155.79533567768604, 19.240758006430674 ], [ -155.794886384234417, 19.24019559556945 ], [ -155.79570552776417, 19.238788306239151 ], [ -155.79471937567169, 19.239262094535214 ], [ -155.792637895355455, 19.231932015738995 ], [ -155.794326716981061, 19.231456532886668 ], [ -155.798777463182006, 19.231702129422974 ], [ -155.798399865287877, 19.230615798108062 ], [ -155.797348480151157, 19.230279269711527 ], [ -155.795938308726221, 19.22978175324867 ], [ -155.792381291138781, 19.230896455700055 ], [ -155.789064369588459, 19.219177176777215 ], [ -155.790456076407878, 19.218785354213665 ], [ -155.790883180246453, 19.21796487416367 ], [ -155.791446481572706, 19.216997105474565 ], [ -155.792549873209651, 19.216384953624264 ], [ -155.794166332905377, 19.217234100875348 ], [ -155.795561124965531, 19.216796805422604 ], [ -155.794766370795458, 19.216423512801562 ], [ -155.794786011476333, 19.216099913849916 ], [ -155.797341248489687, 19.21624115848088 ], [ -155.798767081898887, 19.216212416422181 ], [ -155.799586301346494, 19.21625741631884 ], [ -155.800252525415544, 19.215937449722357 ], [ -155.801763878335834, 19.216020716447723 ], [ -155.802810976302254, 19.215999605116579 ], [ -155.803476491552516, 19.21534191724923 ], [ -155.803974888982225, 19.214919044881793 ], [ -155.805432288932622, 19.214999487196547 ], [ -155.806674036877411, 19.215651590023533 ], [ -155.807046854806345, 19.21524450004738 ], [ -155.806291599595397, 19.214554609590131 ], [ -155.80856276247718, 19.213391780418412 ], [ -155.809098839782592, 19.21286191882227 ], [ -155.80993278634628, 19.212907920479157 ], [ -155.810518067403137, 19.212626433078832 ], [ -155.812243954266165, 19.212396275249993 ], [ -155.812523409288502, 19.212109191313509 ], [ -155.811673491218073, 19.212126391000815 ], [ -155.811065900605712, 19.212092802648762 ], [ -155.810550099626141, 19.211543818512272 ], [ -155.809887464666303, 19.211232656834344 ], [ -155.808269515335468, 19.211265282818559 ], [ -155.807381350990596, 19.211216478165795 ], [ -155.805773594360005, 19.211989178107771 ], [ -155.80482420123343, 19.212256362267674 ], [ -155.804281581192612, 19.212792971197082 ], [ -155.802521049452452, 19.213158900137927 ], [ -155.800819577290014, 19.213550965328885 ], [ -155.797098998457017, 19.213746125385708 ], [ -155.796244564021237, 19.214283333172386 ], [ -155.795658478344251, 19.214533288023677 ], [ -155.794771912164691, 19.215090551897855 ], [ -155.793939361334822, 19.215044504452994 ], [ -155.793089048165228, 19.215311242407967 ], [ -155.791945129625958, 19.215502224822483 ], [ -155.79282592892352, 19.21475500527055 ], [ -155.792813898584484, 19.214213215699566 ], [ -155.79311532103165, 19.213957755328991 ], [ -155.793394602527059, 19.213681279989128 ], [ -155.79470088480889, 19.213313572413483 ], [ -155.795120074543973, 19.212899123942844 ], [ -155.796297037885353, 19.212567748637703 ], [ -155.796280776007194, 19.211841566591033 ], [ -155.796298786129597, 19.211544382742478 ], [ -155.797389368589279, 19.211604715254925 ], [ -155.798860671921034, 19.211339027484577 ], [ -155.802057580415976, 19.211849208373994 ], [ -155.80264216355954, 19.210726536227103 ], [ -155.803856312654972, 19.210011254310857 ], [ -155.806860987270767, 19.208959615381435 ], [ -155.810452696294959, 19.208557050211777 ], [ -155.811174412220794, 19.208157347199133 ], [ -155.810326960153105, 19.207759405156487 ], [ -155.809775600191443, 19.2073660891283 ], [ -155.811208602237883, 19.206962379239169 ], [ -155.812751708672209, 19.206478330430084 ], [ -155.81485317348816, 19.205157747307272 ], [ -155.815524530442815, 19.204871124861629 ], [ -155.816395200757512, 19.204323780947828 ], [ -155.816958558394816, 19.204354728224573 ], [ -155.818600205041349, 19.203839809945222 ], [ -155.823074995836379, 19.203337808211121 ], [ -155.824103567060945, 19.202843142794375 ], [ -155.825544407966902, 19.202607901053334 ], [ -155.82667844850468, 19.202346176569918 ], [ -155.828004545327161, 19.202070316772609 ], [ -155.82845279733985, 19.201209094973049 ], [ -155.831724757282501, 19.201389214115366 ], [ -155.832973137225139, 19.201101129451335 ], [ -155.834186310834724, 19.200848921550833 ], [ -155.835269062909447, 19.200328149181757 ], [ -155.836270366228746, 19.200383261333133 ], [ -155.838786569493152, 19.200332025747098 ], [ -155.839267763802127, 19.199855851933961 ], [ -155.839853749960952, 19.199605739972814 ], [ -155.84041787765247, 19.199334092695956 ], [ -155.841069813008886, 19.199055759491863 ], [ -155.842137853339523, 19.19911436952869 ], [ -155.842993293762021, 19.199096849688548 ], [ -155.843860571732705, 19.199144585287446 ], [ -155.845562328160582, 19.198610344060629 ], [ -155.847698819705414, 19.198370498955004 ], [ -155.84896623817383, 19.198439903933146 ], [ -155.849276890833494, 19.198132661477644 ], [ -155.850459572471181, 19.197886690858255 ], [ -155.851002007357579, 19.197349915647202 ], [ -155.851303031661303, 19.197094865578944 ], [ -155.851692507602138, 19.196346010533951 ], [ -155.853038432154818, 19.19577067012699 ], [ -155.853394093085598, 19.195086814178307 ], [ -155.854736318689618, 19.194295335354436 ], [ -155.854923678169655, 19.193766730763272 ] ], [ [ -155.859369562030849, 19.199800660219974 ], [ -155.859460967956721, 19.200132268947375 ], [ -155.859715079380493, 19.199899407535774 ], [ -155.859369562030849, 19.199800660219974 ] ] ] } },
{ "type": "Feature", "properties": { "ID": 176, "GRIDCODE": 2 }, "geometry": { "type": "Polygon", "coordinates": [ [ [ -155.810474763067617, 19.192998452011757 ], [ -155.813008763392219, 19.193344539559497 ], [ -155.815999543161922, 19.193892635612524 ], [ -155.814002329512959, 19.195647436722684 ], [ -155.812790179777068, 19.196107913601477 ], [ -155.812271894093129, 19.196700514168516 ], [ -155.810800449548992, 19.197457140498159 ], [ -155.809391271515437, 19.198275131426371 ], [ -155.807075461397488, 19.19847543110269 ], [ -155.805115678595513, 19.199524433557745 ], [ -155.804712229227761, 19.199228357991146 ], [ -155.804861647860719, 19.198237177753214 ], [ -155.80367872703269, 19.198076387201191 ], [ -155.80198114497216, 19.198246946742845 ], [ -155.802242123521779, 19.197849545829492 ], [ -155.802563423681505, 19.197614508651927 ], [ -155.802903279411368, 19.197225887503457 ], [ -155.804584073879084, 19.196295802012468 ], [ -155.805616607857331, 19.194745379236323 ], [ -155.80723059021301, 19.194116625653649 ], [ -155.808329375774207, 19.194265875607677 ], [ -155.809189906610669, 19.193938933385112 ], [ -155.809652694985374, 19.193409636054941 ], [ -155.810345261361277, 19.193146668099111 ], [ -155.810474763067617, 19.192998452011757 ] ] ] } },
{ "type": "Feature", "properties": { "ID": 177, "GRIDCODE": 2 }, "geometry": { "type": "Polygon", "coordinates": [ [ [ -155.79824415172709, 19.191701996762326 ], [ -155.798919561705588, 19.19186558718097 ], [ -155.798492122632496, 19.192407899996052 ], [ -155.796845298404804, 19.192863847089395 ], [ -155.796487506428832, 19.192065847238364 ], [ -155.798132394568654, 19.191867701837861 ], [ -155.79824415172709, 19.191701996762326 ] ] ] } },
{ "type": "Feature", "properties": { "ID": 178, "GRIDCODE": 2 }, "geometry": { "type": "Polygon", "coordinates": [ [ [ -155.820794446783253, 19.189928235370949 ], [ -155.82184600624754, 19.19033336286785 ], [ -155.823558427829255, 19.190647069682857 ], [ -155.821184782300236, 19.191515882281081 ], [ -155.820343614800436, 19.191966454869025 ], [ -155.819434601060777, 19.192311917125515 ], [ -155.818507933813009, 19.192808067923373 ], [ -155.817085633047952, 19.193299307155939 ], [ -155.812920012787913, 19.192649086279722 ], [ -155.815498590874569, 19.191735291743949 ], [ -155.817473664168716, 19.19134489874039 ], [ -155.819332657901725, 19.191070677085762 ], [ -155.81976864879249, 19.190572353162697 ], [ -155.820664956022313, 19.190076460483834 ], [ -155.820794446783253, 19.189928235370949 ] ] ] } },
{ "type": "Feature", "properties": { "ID": 179, "GRIDCODE": 2 }, "geometry": { "type": "Polygon", "coordinates": [ [ [ -155.826249479799174, 19.187856407705308 ], [ -155.826145488980529, 19.188184640694445 ], [ -155.825900456422119, 19.187943185782942 ], [ -155.826249479799174, 19.187856407705308 ] ] ] } },
{ "type": "Feature", "properties": { "ID": 180, "GRIDCODE": 2 }, "geometry": { "type": "Polygon", "coordinates": [ [ [ -155.697787640733708, 19.184233163697101 ], [ -155.697683409967453, 19.184561286687426 ], [ -155.697438597645032, 19.184319687998958 ], [ -155.697787640733708, 19.184233163697101 ] ] ] } },
{ "type": "Feature", "properties": { "ID": 181, "GRIDCODE": 2 }, "geometry": { "type": "Polygon", "coordinates": [ [ [ -155.697787640733708, 19.184233163697101 ], [ -155.697634596315112, 19.183465164387783 ], [ -155.698008779677963, 19.180584132812175 ], [ -155.697996543395448, 19.180025713731926 ], [ -155.698864738759255, 19.179289855389957 ], [ -155.698917746738971, 19.178431960511013 ], [ -155.69890051371047, 19.177635469404635 ], [ -155.700009806238711, 19.177103055190372 ], [ -155.701180260782508, 19.178165420374135 ], [ -155.698860740732954, 19.183215686338102 ], [ -155.698088560738768, 19.183978127152859 ], [ -155.697787640733708, 19.184233163697101 ] ] ] } },
{ "type": "Feature", "properties": { "ID": 182, "GRIDCODE": 2 }, "geometry": { "type": "Polygon", "coordinates": [ [ [ -155.570169312329853, 19.154544731213253 ], [ -155.57087388117867, 19.154713891514337 ], [ -155.571404109286931, 19.154649502367057 ], [ -155.571037935594291, 19.15672214436885 ], [ -155.571467002034268, 19.157822650313811 ], [ -155.571164183116565, 19.159535573110645 ], [ -155.569019456629434, 19.159193276270315 ], [ -155.569422120798151, 19.157120267472806 ], [ -155.56971013489084, 19.155195554956311 ], [ -155.570169312329853, 19.154544731213253 ] ] ] } },
{ "type": "Feature", "properties": { "ID": 183, "GRIDCODE": 2 }, "geometry": { "type": "Polygon", "coordinates": [ [ [ -155.559186292833743, 19.148382864667305 ], [ -155.559652658948835, 19.148525917914476 ], [ -155.562161934418299, 19.149646900785971 ], [ -155.563541822666764, 19.150775796771327 ], [ -155.564697373846798, 19.151494109878278 ], [ -155.564482994249005, 19.153528588485699 ], [ -155.56517758972015, 19.154326051639817 ], [ -155.565578654949775, 19.154667753848194 ], [ -155.566449863522593, 19.156985887743723 ], [ -155.568789084246845, 19.158776774250967 ], [ -155.568494195095951, 19.159299259484548 ], [ -155.567344170317426, 19.159761329238442 ], [ -155.567074489393661, 19.160047119543076 ], [ -155.566193774959203, 19.160281286632578 ], [ -155.564182824793704, 19.161042115116921 ], [ -155.561825800652031, 19.158997812661049 ], [ -155.560252006291705, 19.158294903187652 ], [ -155.559709598861616, 19.157993900475578 ], [ -155.557541495634041, 19.157025479952843 ], [ -155.556684381099302, 19.155494950296475 ], [ -155.557305382564067, 19.15398051827308 ], [ -155.557230733341413, 19.152806001242659 ], [ -155.557548918278201, 19.15228794009461 ], [ -155.557847021416251, 19.151410454050179 ], [ -155.558828721371611, 19.150638321908293 ], [ -155.559051457446628, 19.148525754373726 ], [ -155.559186292833743, 19.148382864667305 ] ] ] } },
{ "type": "Feature", "properties": { "ID": 184, "GRIDCODE": 2 }, "geometry": { "type": "Polygon", "coordinates": [ [ [ -155.826249479799174, 19.187856407705308 ], [ -155.82583293921499, 19.187429247969977 ], [ -155.824832578223891, 19.187431226281692 ], [ -155.82386049441962, 19.187395608360024 ], [ -155.82240323166252, 19.187927809839096 ], [ -155.818533053758784, 19.188665125378616 ], [ -155.816879275415772, 19.189688650242527 ], [ -155.815233192137498, 19.189964432756867 ], [ -155.813126038779586, 19.190609020198885 ], [ -155.814017589775233, 19.189407004986592 ], [ -155.812074246021439, 19.190188502938316 ], [ -155.811519068616917, 19.190717787958 ], [ -155.810955010668408, 19.190696866658985 ], [ -155.810374181163752, 19.19096839436099 ], [ -155.809508742122148, 19.191218833973746 ], [ -155.807683365487605, 19.191885448202196 ], [ -155.805504836116086, 19.192375583137814 ], [ -155.805503927053138, 19.191961445163699 ], [ -155.806374028379537, 19.191195966282478 ], [ -155.804734692848342, 19.191121377003409 ], [ -155.803805153818843, 19.191390239681809 ], [ -155.802986245130967, 19.19217061337671 ], [ -155.800444119014855, 19.192175696756291 ], [ -155.799528880128918, 19.191733694164785 ], [ -155.800095997591256, 19.191596302097938 ], [ -155.802520657971939, 19.191317587679713 ], [ -155.804105993332485, 19.190859190828004 ], [ -155.804675592779631, 19.190593041894623 ], [ -155.805858088628923, 19.190340747480217 ], [ -155.806970600647986, 19.189820663930053 ], [ -155.807836033955454, 19.189570235790796 ], [ -155.808690823034595, 19.189308775557443 ], [ -155.809249315212185, 19.189329341877226 ], [ -155.810120336419658, 19.189063132602893 ], [ -155.81155559346891, 19.188822602319981 ], [ -155.812654599397632, 19.188308856707568 ], [ -155.813565642515215, 19.188045176700317 ], [ -155.815193783641632, 19.187037632573368 ], [ -155.820718955796053, 19.186281232353274 ], [ -155.820752721166173, 19.185450919181964 ], [ -155.820167937593254, 19.185451882729438 ], [ -155.819880628384851, 19.185441345123959 ], [ -155.819009352215289, 19.185707865495118 ], [ -155.818310965312889, 19.18568225780858 ], [ -155.817880652831775, 19.185683250576535 ], [ -155.817531708916192, 19.184593747669268 ], [ -155.816432968433844, 19.184950979146436 ], [ -155.815322021795566, 19.18563855124442 ], [ -155.814059178049064, 19.186004022531737 ], [ -155.813147802664929, 19.186805851384001 ], [ -155.812174142938602, 19.187734054827185 ], [ -155.811286329677955, 19.188005536489353 ], [ -155.808388586021493, 19.188253924562357 ], [ -155.806695623961105, 19.188997941156384 ], [ -155.805556712903751, 19.189530521369047 ], [ -155.804094362293853, 19.18977555456425 ], [ -155.802641988675646, 19.190454704214922 ], [ -155.80068699975206, 19.190799535244636 ], [ -155.799251722866131, 19.191039975452696 ], [ -155.797827368378819, 19.191291172457206 ], [ -155.795822255389794, 19.191521626517268 ], [ -155.794922609068777, 19.191942226237149 ], [ -155.793665012914772, 19.191099658661152 ], [ -155.792409924072899, 19.192295984603714 ], [ -155.79122686159667, 19.193336746162654 ], [ -155.790272054201921, 19.194246630871739 ], [ -155.788050721852784, 19.195447410852783 ], [ -155.785968865055935, 19.197046211197282 ], [ -155.783757674500322, 19.1980799808961 ], [ -155.783049883043077, 19.195503003558759 ], [ -155.78097774815609, 19.182739335724921 ], [ -155.780954662096576, 19.171445444594507 ], [ -155.781825382513858, 19.163183706348907 ], [ -155.783514284432698, 19.157548710000402 ], [ -155.784915715255295, 19.15434680514814 ], [ -155.788034949349083, 19.150002139958424 ], [ -155.79255855029669, 19.146165338801282 ], [ -155.798433614304599, 19.143787900534601 ], [ -155.80421880876122, 19.142485778488112 ], [ -155.810707714263543, 19.142149017341737 ], [ -155.817095649444525, 19.142854846805339 ], [ -155.823936347976797, 19.144565798055261 ], [ -155.828960293688397, 19.14675024865079 ], [ -155.839324525951156, 19.153393241708969 ], [ -155.84737951093993, 19.160696369000604 ], [ -155.850778744374537, 19.16458167061019 ], [ -155.851042528145371, 19.165403894483205 ], [ -155.851602530771629, 19.16622062357013 ], [ -155.851871464719125, 19.166772132771392 ], [ -155.852925477917523, 19.167280517343585 ], [ -155.854104304524014, 19.169247661051457 ], [ -155.854697372661519, 19.170112553110815 ], [ -155.854601986335183, 19.172468014923666 ], [ -155.855202297154392, 19.173699567398529 ], [ -155.856582777278646, 19.174709126437257 ], [ -155.856544584600528, 19.175650730078019 ], [ -155.856547397341814, 19.176733991747664 ], [ -155.855101967931404, 19.177370084948528 ], [ -155.855068578111258, 19.178190119536957 ], [ -155.855356392124264, 19.178745388732551 ], [ -155.855058892353554, 19.179007651569769 ], [ -155.854750504041306, 19.180121275282453 ], [ -155.854162721568457, 19.181158965613761 ], [ -155.854163607349449, 19.181434543787837 ], [ -155.85358978079222, 19.182938177059867 ], [ -155.854528407998146, 19.184353519695637 ], [ -155.855440769416759, 19.184793623949741 ], [ -155.854816319680879, 19.185343293292373 ], [ -155.855464026773262, 19.187685584712845 ], [ -155.855744329035758, 19.188226710087942 ], [ -155.856291911787849, 19.189349991963947 ], [ -155.857406943280751, 19.190405253934493 ], [ -155.857408367263645, 19.19096037210721 ], [ -155.856257498159636, 19.191219635003538 ], [ -155.854822229300964, 19.191460522260218 ], [ -155.853672521069683, 19.192258483712724 ], [ -155.852511873243429, 19.193045670375568 ], [ -155.851687474880748, 19.193832014271972 ], [ -155.850361928655929, 19.193834887338106 ], [ -155.849367808246996, 19.19379849222765 ], [ -155.849077510600864, 19.194075144813358 ], [ -155.847912336296332, 19.194324055407062 ], [ -155.847085362279188, 19.195112710671616 ], [ -155.845922373758043, 19.195115173819815 ], [ -155.846217542358033, 19.194291455734884 ], [ -155.846807448790912, 19.193250138310827 ], [ -155.845942932372708, 19.193745127489098 ], [ -155.84513920435748, 19.194511430259425 ], [ -155.844207509438604, 19.195069250801232 ], [ -155.842763110911562, 19.196136295917871 ], [ -155.842412931702995, 19.195043623287077 ], [ -155.841632758677861, 19.195566487921575 ], [ -155.83919564113441, 19.19736716750316 ], [ -155.837962848244274, 19.197744424726032 ], [ -155.831894269175081, 19.19729262652913 ], [ -155.828451379567184, 19.19890306389506 ], [ -155.823439312019616, 19.198718909277495 ], [ -155.822475073486743, 19.19916973359792 ], [ -155.82160426519863, 19.19955288755979 ], [ -155.820744509643475, 19.200084848851287 ], [ -155.819633393233005, 19.200573567609833 ], [ -155.81872911759362, 19.201133040897915 ], [ -155.817553256987509, 19.201383939848643 ], [ -155.814703479961679, 19.202958643532703 ], [ -155.813837978459503, 19.203209095253726 ], [ -155.813401435262648, 19.204411875695275 ], [ -155.812102477573944, 19.204808948397318 ], [ -155.810091968287423, 19.205310240078848 ], [ -155.80920489397451, 19.205581447275321 ], [ -155.808377367152616, 19.205550896725786 ], [ -155.807261652707439, 19.206072506217101 ], [ -155.80611950155938, 19.206074804553147 ], [ -155.805259799080602, 19.205635110210281 ], [ -155.804377421434424, 19.206022994991109 ], [ -155.803517586232175, 19.206554862121418 ], [ -155.799974007535099, 19.20690365957762 ], [ -155.798045509901073, 19.208241357576 ], [ -155.796932958368927, 19.207520331455655 ], [ -155.797808244523623, 19.206996702243927 ], [ -155.800144576243554, 19.205152844478977 ], [ -155.801404187811528, 19.205150254223849 ], [ -155.802540460103927, 19.205192308740074 ], [ -155.803838941446372, 19.20438884685764 ], [ -155.806068825886712, 19.204015475748541 ], [ -155.806634272487713, 19.202958032032733 ], [ -155.809310525267279, 19.2017816069073 ], [ -155.809891396865339, 19.201510088584826 ], [ -155.811873245858663, 19.201583201973627 ], [ -155.811894773168916, 19.201058649516774 ], [ -155.808828686272506, 19.200945760725538 ], [ -155.807007564474958, 19.20147253596188 ], [ -155.804717766022748, 19.203061062688114 ], [ -155.803886638468413, 19.203030430642073 ], [ -155.801586058676236, 19.203547986287166 ], [ -155.800868882700058, 19.203181105393757 ], [ -155.799010701597837, 19.203492153841847 ], [ -155.798244037299327, 19.204559801051797 ], [ -155.797570674796958, 19.204560986149808 ], [ -155.797570007304955, 19.20427934167553 ], [ -155.798135796273982, 19.203781765463759 ], [ -155.798736248658713, 19.202945775413497 ], [ -155.801036916208687, 19.202178885958279 ], [ -155.801896732485062, 19.201647028144148 ], [ -155.803342321329495, 19.20133879607733 ], [ -155.805342339540516, 19.200629273491028 ], [ -155.807561052655075, 19.199591922709494 ], [ -155.808494944093724, 19.199590212687831 ], [ -155.810450348166739, 19.199662084496826 ], [ -155.811672999631014, 19.198586442206839 ], [ -155.811246559990991, 19.198182878795212 ], [ -155.8139634159445, 19.196988301914597 ], [ -155.815628996923152, 19.196209634897599 ], [ -155.817370924986506, 19.195917803581448 ], [ -155.816833768135581, 19.195409194340222 ], [ -155.81827649876476, 19.195101312545894 ], [ -155.819713829625755, 19.194104171782303 ], [ -155.820579276701892, 19.19385368390359 ], [ -155.821098973095445, 19.192881594943785 ], [ -155.822314839260258, 19.19252980988615 ], [ -155.824319440958789, 19.191746881854368 ], [ -155.825636926894219, 19.191465590605141 ], [ -155.826164665974716, 19.190478547991511 ], [ -155.82720529825724, 19.190177375333214 ], [ -155.828417718392956, 19.189335987861007 ], [ -155.83008564201694, 19.188602431692917 ], [ -155.831235412533886, 19.187804630820171 ], [ -155.832384866851839, 19.187299034523438 ], [ -155.832396150261332, 19.187014944325174 ], [ -155.832395242958, 19.18652437139075 ], [ -155.834121146591798, 19.186234995364327 ], [ -155.834674823580968, 19.185707191153895 ], [ -155.835839133221953, 19.185194950618303 ], [ -155.835872720859044, 19.184369910950135 ], [ -155.835160698218885, 19.184343868319271 ], [ -155.833002202494413, 19.185132472982534 ], [ -155.831818311106389, 19.185475107124752 ], [ -155.829290409111366, 19.187137106359078 ], [ -155.828106498807728, 19.187479713262476 ], [ -155.827252019260897, 19.187741010482139 ], [ -155.826249479799174, 19.187856407705308 ] ] ] } },
{ "type": "Feature", "properties": { "ID": 185, "GRIDCODE": 2 }, "geometry": { "type": "Polygon", "coordinates": [ [ [ -155.669476347202988, 19.061335184988327 ], [ -155.669903459861928, 19.061475641969764 ], [ -155.673750676075485, 19.06304094756571 ], [ -155.680434814206308, 19.067061701634206 ], [ -155.680009983602531, 19.068172817447152 ], [ -155.67913351737036, 19.06813983430601 ], [ -155.677524884667179, 19.0664862259537 ], [ -155.677027360857011, 19.066486773191937 ], [ -155.677657006383612, 19.069719576728222 ], [ -155.678549774783676, 19.07056701669984 ], [ -155.678807192770449, 19.071660018018978 ], [ -155.679075944116164, 19.072742646789123 ], [ -155.679569624748126, 19.076910374842825 ], [ -155.681180714111349, 19.081445168651435 ], [ -155.681432757804544, 19.082808841432875 ], [ -155.681991627806553, 19.083625930320199 ], [ -155.682593554365326, 19.084864490055203 ], [ -155.683070803753964, 19.086358350077663 ], [ -155.683490172389213, 19.087170279000894 ], [ -155.683965478354281, 19.088148214843983 ], [ -155.683313305655332, 19.091410279849967 ], [ -155.682945766029007, 19.092057837203832 ], [ -155.682946897313826, 19.092851917851366 ], [ -155.682913465019425, 19.093663620615391 ], [ -155.682916036106832, 19.095333758110101 ], [ -155.684119261029934, 19.102086316671421 ], [ -155.684959728494817, 19.103445523536227 ], [ -155.685567380952477, 19.100759097004673 ], [ -155.685975942917509, 19.098012228686336 ], [ -155.687450096633626, 19.096715864590038 ], [ -155.687447808963782, 19.095099139864292 ], [ -155.687491336273808, 19.094044874610109 ], [ -155.687183227281395, 19.093133414613217 ], [ -155.686466978996862, 19.090091024999417 ], [ -155.687020135624635, 19.08911626994411 ], [ -155.687018981901133, 19.088322186121871 ], [ -155.687054553577923, 19.087457633332644 ], [ -155.687632490438602, 19.086438897427072 ], [ -155.687245398819499, 19.084451665530445 ], [ -155.687975588779466, 19.083468190226487 ], [ -155.688613427097721, 19.081464489741442 ], [ -155.689737622581902, 19.080792176834201 ], [ -155.691174458985358, 19.079796001044372 ], [ -155.692778496441122, 19.079454356782385 ], [ -155.693198188249141, 19.078669941501243 ], [ -155.69635945480249, 19.083720616634537 ], [ -155.700469363078412, 19.092668984293997 ], [ -155.705606658307971, 19.107285721789566 ], [ -155.707790132748755, 19.115212681537514 ], [ -155.7094286982325, 19.123423926522317 ], [ -155.710860082745256, 19.139411711278377 ], [ -155.710085133098403, 19.150314702023913 ], [ -155.708164106264121, 19.159703630227963 ], [ -155.706160941547239, 19.16699466074477 ], [ -155.703995689351274, 19.172029826208814 ], [ -155.703579412455042, 19.172014411846828 ], [ -155.703645812941232, 19.170412130988279 ], [ -155.703195439786924, 19.169984922456262 ], [ -155.702745650144692, 19.168578028834752 ], [ -155.701397609187779, 19.166821809685189 ], [ -155.70143083627454, 19.166019613431537 ], [ -155.700893319037135, 19.163262045837872 ], [ -155.700936824901419, 19.16220909539356 ], [ -155.699819287047461, 19.161149280752099 ], [ -155.699555283630048, 19.160028396328858 ], [ -155.699275291313114, 19.159486842810516 ], [ -155.69930903634426, 19.158672757887423 ], [ -155.69930476058471, 19.155813722844528 ], [ -155.699657593241426, 19.154890879732804 ], [ -155.699953127172449, 19.154078592417854 ], [ -155.700562114335526, 19.15325871767498 ], [ -155.700560434522146, 19.15219675711602 ], [ -155.700582948485675, 19.151652710901072 ], [ -155.700226508710955, 19.151653178941697 ], [ -155.69946865269776, 19.149720359694026 ], [ -155.698910463477858, 19.149191257890894 ], [ -155.698927499781036, 19.148782763760916 ], [ -155.698926677847908, 19.148362842673016 ], [ -155.697927220716366, 19.148364172234359 ], [ -155.698335767125116, 19.150008307466909 ], [ -155.69828164440267, 19.151314912977963 ], [ -155.698579302287953, 19.151890894572528 ], [ -155.697969631704552, 19.152689067065705 ], [ -155.697173724412067, 19.151871426983757 ], [ -155.696560321750525, 19.151585916932216 ], [ -155.696562510234145, 19.152956201794222 ], [ -155.697714659574217, 19.154048909454616 ], [ -155.697608470321853, 19.156613500400553 ], [ -155.697858238384356, 19.159467430021575 ], [ -155.697086375765082, 19.159438466477141 ], [ -155.696737232708131, 19.158346192570093 ], [ -155.696443593773722, 19.15889461040846 ], [ -155.695745696312656, 19.160124308041294 ], [ -155.694679953579083, 19.160752951531919 ], [ -155.694148853744167, 19.159660305555199 ], [ -155.693808678840952, 19.159388695776485 ], [ -155.693275976094554, 19.160566093049404 ], [ -155.694385349460106, 19.162381252360095 ], [ -155.694362939784611, 19.162918685809508 ], [ -155.694922362766448, 19.163735784578869 ], [ -155.69527280520515, 19.164832315632669 ], [ -155.696018533123066, 19.1659216872917 ], [ -155.696281196089984, 19.166759881337669 ], [ -155.695700851648468, 19.167269814337605 ], [ -155.69570170503377, 19.167743147930192 ], [ -155.696808288831789, 19.169185149195791 ], [ -155.69706556018437, 19.170294016018001 ], [ -155.696200826688482, 19.171053996343765 ], [ -155.695829268494919, 19.172075117240787 ], [ -155.69672730286797, 19.173245239251422 ], [ -155.696995580260619, 19.173802452526775 ], [ -155.696427200801395, 19.173781108660251 ], [ -155.69614636778428, 19.173797467747438 ], [ -155.696705703153214, 19.174327929574364 ], [ -155.697017931925586, 19.174969757033217 ], [ -155.697737468967006, 19.17722106381267 ], [ -155.697183456479593, 19.178668853140604 ], [ -155.696887845735205, 19.179481125577173 ], [ -155.696575145767127, 19.180298906499019 ], [ -155.695616595253057, 19.180262858153089 ], [ -155.694905729242549, 19.178038408611108 ], [ -155.694970752315442, 19.17646811335144 ], [ -155.69383624158354, 19.17539234866593 ], [ -155.693572273396228, 19.174271459724601 ], [ -155.692990283287031, 19.173719427274364 ], [ -155.693035268162959, 19.172637426635575 ], [ -155.692755284336272, 19.172095863765925 ], [ -155.692497725342662, 19.171002854629105 ], [ -155.692201672587089, 19.170430064201376 ], [ -155.692245584427553, 19.169373958146519 ], [ -155.691422947843705, 19.167468763509945 ], [ -155.691170806803569, 19.166105083157614 ], [ -155.690896516854565, 19.165293117801969 ], [ -155.690613142578343, 19.164406685728792 ], [ -155.690663657438222, 19.163187286651056 ], [ -155.689241198445927, 19.16144605167483 ], [ -155.688134687943375, 19.160910988462572 ], [ -155.687772810973485, 19.160166454511469 ], [ -155.687004669091095, 19.16089799267267 ], [ -155.685598531732438, 19.159776571215989 ], [ -155.684367776802361, 19.159778399148145 ], [ -155.683597494683454, 19.158614247071124 ], [ -155.683021174202565, 19.156809997958476 ], [ -155.683563660717283, 19.15121036887864 ], [ -155.68321355439528, 19.150532942120254 ], [ -155.682934826780524, 19.149959400227683 ], [ -155.682989083564706, 19.148652024212179 ], [ -155.682413274060366, 19.147810808486518 ], [ -155.682144965905735, 19.147259137056775 ], [ -155.681585932840022, 19.14644202089648 ], [ -155.681178410248236, 19.145603580042067 ], [ -155.681623991530415, 19.144818105893041 ], [ -155.68192499791806, 19.143735188102422 ], [ -155.682329899904374, 19.143021691795305 ], [ -155.681666682660449, 19.142392285104179 ], [ -155.681679639718567, 19.142078386952893 ], [ -155.682286984842989, 19.141008141920413 ], [ -155.682283184392588, 19.138471479833306 ], [ -155.681775174452497, 19.136968322829777 ], [ -155.681808339204338, 19.136172485144481 ], [ -155.681517724690764, 19.135610099727817 ], [ -155.681271085509962, 19.133975751853001 ], [ -155.680991187568907, 19.133434184704363 ], [ -155.681013742078136, 19.132890677884653 ], [ -155.6810131572025, 19.132335647309915 ], [ -155.679884818294283, 19.13178985549078 ], [ -155.67937941250338, 19.131270653728023 ], [ -155.678988324837462, 19.13096135205183 ], [ -155.679309744614642, 19.132611330178719 ], [ -155.679287322255249, 19.133147963511924 ], [ -155.679841751142021, 19.134220691824172 ], [ -155.680088375859953, 19.13585503951791 ], [ -155.681151374222992, 19.139001027794244 ], [ -155.680302865268914, 19.139373598683946 ], [ -155.68001182922319, 19.139916746751133 ], [ -155.679147535072673, 19.139618190818108 ], [ -155.678591365183536, 19.139618710432909 ], [ -155.678304180383947, 19.139607963786624 ], [ -155.677734064055443, 19.139874235409877 ], [ -155.677141627160552, 19.13985188315058 ], [ -155.677143476026288, 19.141079090698305 ], [ -155.677104195922368, 19.142026061830311 ], [ -155.677105534706442, 19.143098045306662 ], [ -155.676987024298853, 19.143375128405957 ], [ -155.676259523177038, 19.142275460317666 ], [ -155.675960005001428, 19.142560636462452 ], [ -155.675961563607018, 19.143649016936536 ], [ -155.677078111677844, 19.144189075307555 ], [ -155.678051894999271, 19.144842361114833 ], [ -155.678714280619317, 19.146916029543487 ], [ -155.680677585225595, 19.149398748953615 ], [ -155.680954991779402, 19.152344917028778 ], [ -155.680579177630932, 19.152646171365785 ], [ -155.679763467184671, 19.151808012714078 ], [ -155.678617647325098, 19.151809495049577 ], [ -155.678619023208739, 19.152615737370464 ], [ -155.678315604717909, 19.153150192895659 ], [ -155.678887916904785, 19.153693355953116 ], [ -155.678578732535584, 19.154237755365148 ], [ -155.679698468964034, 19.155608674644316 ], [ -155.680284525490492, 19.156494243804698 ], [ -155.681090330881858, 19.157258450741136 ], [ -155.681067754687348, 19.157802220237937 ], [ -155.681069238366291, 19.158936876199238 ], [ -155.682466251415804, 19.160261766764933 ], [ -155.681497198197718, 19.160687148627186 ], [ -155.682722108285361, 19.162186617531418 ], [ -155.683411614593211, 19.163605273809331 ], [ -155.682920667297168, 19.164888623360177 ], [ -155.682921388719279, 19.165436252169361 ], [ -155.683480105362634, 19.165966205503732 ], [ -155.683737600305193, 19.167059217716293 ], [ -155.684868048493485, 19.168443007022002 ], [ -155.685392039423618, 19.170083163135001 ], [ -155.685951597118475, 19.170613920306629 ], [ -155.686252493056372, 19.171555409165578 ], [ -155.687584823103009, 19.172420338329182 ], [ -155.688087894712055, 19.173995065804 ], [ -155.690110709852576, 19.176375161276635 ], [ -155.690373666356834, 19.177197501396265 ], [ -155.691264329738715, 19.17849866891617 ], [ -155.692357226581322, 19.178857642636004 ], [ -155.692905063368471, 19.179420433125511 ], [ -155.692877630361664, 19.180083110564123 ], [ -155.692879321307601, 19.181182346403801 ], [ -155.693711168829481, 19.181584730227897 ], [ -155.694474507655968, 19.181975827403875 ], [ -155.6948500874106, 19.182748104212902 ], [ -155.694786219674114, 19.184287745995324 ], [ -155.695104925885886, 19.186291473597013 ], [ -155.695889083312977, 19.187034890757072 ], [ -155.691768173024087, 19.192800849748672 ], [ -155.679266072532556, 19.204711291653279 ], [ -155.660208353495477, 19.221267474951571 ], [ -155.657085349187696, 19.223791930077603 ], [ -155.655506966122005, 19.224484144105475 ], [ -155.654934261587812, 19.224751309522649 ], [ -155.654033396468321, 19.22428930062771 ], [ -155.652646644656329, 19.225249405166188 ], [ -155.652044770966285, 19.22551338272406 ], [ -155.651347962883364, 19.226175941943634 ], [ -155.650629521479203, 19.226806900951491 ], [ -155.649736901497675, 19.22817449355653 ], [ -155.64881943520399, 19.228722210201092 ], [ -155.647079509789563, 19.229223383636381 ], [ -155.645428914684913, 19.23079360741939 ], [ -155.644827011669406, 19.231057556248714 ], [ -155.644257085655312, 19.231323147117891 ], [ -155.643106360948906, 19.231567501443461 ], [ -155.642220955232688, 19.231837342836389 ], [ -155.641363617187722, 19.233436094958986 ], [ -155.640850033599207, 19.233887002178676 ], [ -155.639347021513998, 19.234206032932324 ], [ -155.638492133390088, 19.234466366606235 ], [ -155.6364865506022, 19.234694960608348 ], [ -155.635346924532712, 19.23522634957931 ], [ -155.634163852135998, 19.235744767978993 ], [ -155.633332081077867, 19.236535905257107 ], [ -155.630970450031583, 19.236804679233796 ], [ -155.630452927763571, 19.237296726964736 ], [ -155.62730199451542, 19.237774858863311 ], [ -155.627019603187307, 19.237916925321937 ], [ -155.627872178690041, 19.238329525756175 ], [ -155.627091583736444, 19.238671550512702 ], [ -155.626618398199014, 19.23955387511598 ], [ -155.624351663014465, 19.24071985332321 ], [ -155.62325181276637, 19.240678127126188 ], [ -155.622872230373446, 19.241039170598725 ], [ -155.622113008356848, 19.240880250767837 ], [ -155.622796796407187, 19.238537018380406 ], [ -155.622469370733, 19.236853839084585 ], [ -155.622502403967928, 19.236069690013856 ], [ -155.621773993801582, 19.235005219473489 ], [ -155.622291173584557, 19.23409542989307 ], [ -155.622289097526988, 19.231980137548742 ], [ -155.621730420726323, 19.231449996302299 ], [ -155.621456700588141, 19.23116890017846 ], [ -155.620708803143629, 19.230459166758212 ], [ -155.61946235479445, 19.230049309220057 ], [ -155.61892556884527, 19.229497620222347 ], [ -155.618070651496538, 19.229216353160322 ], [ -155.616922825133031, 19.22835511221032 ], [ -155.615533977403629, 19.227682951579123 ], [ -155.614679236455714, 19.227244617147907 ], [ -155.614712959967278, 19.226441713660712 ], [ -155.614433191565865, 19.225900058560121 ], [ -155.613870066772762, 19.224462642915281 ], [ -155.613321516207947, 19.223400687154015 ], [ -155.612784738948164, 19.222891290387153 ], [ -155.612511048091335, 19.222610185129813 ], [ -155.61138237368516, 19.221782324017759 ], [ -155.611119796072302, 19.220959922446866 ], [ -155.610560962655143, 19.220142610169574 ], [ -155.609520005861498, 19.218568365837207 ], [ -155.609112672488493, 19.219686123408987 ], [ -155.609114748133607, 19.221753802313319 ], [ -155.610237277413091, 19.22229732740637 ], [ -155.610807172859353, 19.222589474524472 ], [ -155.610778875279095, 19.223262917379365 ], [ -155.609940703175369, 19.222832804352493 ], [ -155.609370548831862, 19.222865073735772 ], [ -155.611493053235108, 19.224879493958163 ], [ -155.610135299163034, 19.226071131706508 ], [ -155.609611871006621, 19.224993239795364 ], [ -155.60919265784554, 19.2241811538428 ], [ -155.608790468345404, 19.22335351870257 ], [ -155.608505376878753, 19.222801182875397 ], [ -155.607403394695382, 19.22280217129034 ], [ -155.606526725445406, 19.222498772786299 ], [ -155.606242478693048, 19.222515182197046 ], [ -155.607402259899402, 19.223615984941759 ], [ -155.606226339972551, 19.223571174787445 ], [ -155.605644872649208, 19.223842242850964 ], [ -155.605078329046506, 19.223820626933332 ], [ -155.604192525232975, 19.224367367710098 ], [ -155.603053031867518, 19.224324270125482 ], [ -155.602487456853709, 19.222551260669192 ], [ -155.599778062122766, 19.221024776869669 ], [ -155.59886441595134, 19.220936938305968 ], [ -155.601489122055796, 19.222642183968585 ], [ -155.601929572782041, 19.224070205651461 ], [ -155.60133810853759, 19.225110484072765 ], [ -155.601047274231178, 19.225662970231213 ], [ -155.602042102916585, 19.22566214801622 ], [ -155.603252244736751, 19.225708151216608 ], [ -155.604159003309718, 19.227079520199208 ], [ -155.604136796814515, 19.227604212262584 ], [ -155.604531914588193, 19.228368796513482 ], [ -155.603829981847497, 19.22867648722702 ], [ -155.603258731105797, 19.229004580880201 ], [ -155.605511695939498, 19.230332194091705 ], [ -155.606349674708156, 19.230894528951179 ], [ -155.608629219366293, 19.231202268960551 ], [ -155.610031517983828, 19.232045801089935 ], [ -155.61139545556415, 19.232494386589188 ], [ -155.611718882235948, 19.233160067550759 ], [ -155.612152318339298, 19.233999384632408 ], [ -155.613414716504735, 19.233998439542511 ], [ -155.613853355853877, 19.234015022240605 ], [ -155.614249973981941, 19.234831444316594 ], [ -155.614535032355803, 19.235102184065308 ], [ -155.61495077375173, 19.235529490622614 ], [ -155.614294537635857, 19.236105379336319 ], [ -155.616517559137094, 19.23773533478581 ], [ -155.616418502840872, 19.238927556665661 ], [ -155.615235620301803, 19.238320800047408 ], [ -155.61420566166035, 19.237262091946157 ], [ -155.613326328319488, 19.236690823162697 ], [ -155.612589455487694, 19.235933140507743 ], [ -155.612216193298849, 19.23697564772058 ], [ -155.612775395970857, 19.237506354931426 ], [ -155.614670372943635, 19.239454152219857 ], [ -155.615725703252878, 19.239453328892061 ], [ -155.616195786228161, 19.239471283108085 ], [ -155.618361822034018, 19.241697726555113 ], [ -155.616674442663424, 19.242436986119106 ], [ -155.616374059717629, 19.242722537240834 ], [ -155.614520272152674, 19.244122350393674 ], [ -155.613337726372578, 19.245246640848006 ], [ -155.612585618696642, 19.245906672262041 ], [ -155.61258635517521, 19.246711004146871 ], [ -155.612562769362853, 19.247276392471662 ], [ -155.611988683841219, 19.247780283082406 ], [ -155.6116922601596, 19.248061931297237 ], [ -155.611692967599538, 19.2490299281259 ], [ -155.609094562557601, 19.249892609281382 ], [ -155.606632533409595, 19.250850587319508 ], [ -155.605582188374541, 19.251498434376977 ], [ -155.604790248147339, 19.25225128391039 ], [ -155.603624535299701, 19.252498519530032 ], [ -155.601478830234072, 19.253045070972028 ], [ -155.599664916093559, 19.255563858913124 ], [ -155.597601991006002, 19.256157374858557 ], [ -155.596861567286936, 19.256502377351485 ], [ -155.596098095433433, 19.25859648610416 ], [ -155.595155039698511, 19.259423672061292 ], [ -155.59406412596482, 19.259901466512691 ], [ -155.593471654165199, 19.261249435558682 ], [ -155.59317562385209, 19.261509372342307 ], [ -155.592303755778005, 19.262581378981658 ], [ -155.591737497695107, 19.263078196841175 ], [ -155.591135837906052, 19.263913311865224 ], [ -155.590233510598466, 19.264451443091602 ], [ -155.58941275570308, 19.265231431062226 ], [ -155.588217582338928, 19.265484611985652 ], [ -155.587095764266991, 19.266550858899819 ], [ -155.584211106634342, 19.267813894054235 ], [ -155.58334032818604, 19.268641032964311 ], [ -155.581877220488963, 19.268884130625388 ], [ -155.580758591183979, 19.269404937946707 ], [ -155.579601539402972, 19.269737824717165 ], [ -155.579601832507194, 19.270192857186178 ], [ -155.579586337654831, 19.270563515701568 ], [ -155.578154507582639, 19.270975322380753 ], [ -155.577249183672876, 19.271533415859793 ], [ -155.57613707308326, 19.272020469718669 ], [ -155.575840547146186, 19.272302042929759 ], [ -155.574991765127436, 19.27226946567778 ], [ -155.573605086392121, 19.272691333727369 ], [ -155.572863004409271, 19.2740734129241 ], [ -155.571811228187528, 19.274375963406889 ], [ -155.571811390754561, 19.274662306323702 ], [ -155.570928248718019, 19.275436789651582 ], [ -155.570358167181411, 19.275978401018715 ], [ -155.569201215883481, 19.276223435206617 ], [ -155.569201523178634, 19.27686327559395 ], [ -155.567759537841795, 19.277277971069985 ], [ -155.567231480086264, 19.277779643774398 ], [ -155.565730678830732, 19.278864246372407 ], [ -155.565445488038051, 19.27913490713885 ], [ -155.564003734145331, 19.279643961496895 ], [ -155.563433538798591, 19.279909252919321 ], [ -155.561732085621287, 19.280653994771459 ], [ -155.561298029757694, 19.281066201556403 ], [ -155.560521318936594, 19.282832513307405 ], [ -155.559884190272498, 19.283688239726818 ], [ -155.559062498242326, 19.284408551161672 ], [ -155.55876035197474, 19.28523595282644 ], [ -155.557882625097363, 19.285759285989784 ], [ -155.55788295745711, 19.286302353069004 ], [ -155.557010866272464, 19.286822085659864 ], [ -155.55641783581865, 19.287644520740539 ], [ -155.556418211315474, 19.288437966624887 ], [ -155.555831162473936, 19.288694978364159 ], [ -155.555540271199419, 19.289236247893591 ], [ -155.554818938777913, 19.289868799709058 ], [ -155.552947004667146, 19.290264925614679 ], [ -155.552661773210332, 19.290535559773389 ], [ -155.551905541440647, 19.291198371849138 ], [ -155.549441113773895, 19.293781395750347 ], [ -155.549441435698583, 19.294668429719227 ], [ -155.549423611188956, 19.295093231339148 ], [ -155.548836983293143, 19.295607210342762 ], [ -155.548837318984198, 19.296148422343474 ], [ -155.548535471703161, 19.296679156927542 ], [ -155.548244539698743, 19.297220408503303 ], [ -155.54794268810187, 19.297751141451599 ], [ -155.547942807629255, 19.298037213082093 ], [ -155.54735559045983, 19.29855196714427 ], [ -155.547064650505519, 19.299093215627103 ], [ -155.546477426718837, 19.299607965795801 ], [ -155.546477533943204, 19.300027024515536 ], [ -155.546459698845979, 19.30045182436411 ], [ -155.545854888025929, 19.300981573019875 ], [ -155.544163202776133, 19.300916735914424 ], [ -155.54416364299351, 19.301743487233761 ], [ -155.542710986164025, 19.302255830521219 ], [ -155.543003109381544, 19.302533160387437 ], [ -155.542704088496265, 19.30279558044267 ], [ -155.542316317941328, 19.303517409706341 ], [ -155.541541175645506, 19.303856459112314 ], [ -155.541250205688272, 19.304397693613659 ], [ -155.540657588280141, 19.305193361497427 ], [ -155.540657867662759, 19.306000278050153 ], [ -155.540349762021208, 19.306270452029729 ], [ -155.539255779974383, 19.307309088060592 ], [ -155.538611026152864, 19.307591109743367 ], [ -155.538320038585198, 19.308132336851521 ], [ -155.537717440983613, 19.308395854983356 ], [ -155.537162761951976, 19.308922552928966 ], [ -155.536021073736919, 19.309421966646937 ], [ -155.534911694914825, 19.310475347059217 ], [ -155.533685110430014, 19.311011729979967 ], [ -155.533685158784834, 19.311563768998067 ], [ -155.532199673934315, 19.313177346729283 ], [ -155.531632698407662, 19.314232031335685 ], [ -155.531330762589789, 19.314762458444402 ], [ -155.531029296201922, 19.315323298022129 ], [ -155.530417560742563, 19.315859458202773 ], [ -155.5286134876213, 19.318075543659685 ], [ -155.527253216503681, 19.319267378195377 ], [ -155.526941285565982, 19.319847837137289 ], [ -155.526364703877334, 19.320353187740011 ], [ -155.525651373949785, 19.321029892978054 ], [ -155.524762648174601, 19.321809002388786 ], [ -155.524334646537341, 19.322214862383124 ], [ -155.523471460647585, 19.322970920806739 ], [ -155.522863485129392, 19.324352617970558 ], [ -155.521409766341492, 19.325402488367942 ], [ -155.52020802148985, 19.326783142607074 ], [ -155.519066123974312, 19.327783425819664 ], [ -155.517950261404991, 19.328842361732544 ], [ -155.516698444329847, 19.329587775143576 ], [ -155.515884082375408, 19.330716705963294 ], [ -155.515291238854843, 19.33151225535973 ], [ -155.515000124591779, 19.332053425405263 ], [ -155.514698096885184, 19.332583810553121 ], [ -155.514401229566658, 19.333395595518166 ], [ -155.51381161511091, 19.334929616290147 ], [ -155.513488488099028, 19.336085384284591 ], [ -155.512901024958381, 19.336599987326473 ], [ -155.512901236728709, 19.337638215621681 ], [ -155.512429688835141, 19.339250366356914 ], [ -155.512885448379308, 19.341603627667038 ], [ -155.512007072337042, 19.343144793340262 ], [ -155.511588059863669, 19.344982932624148 ], [ -155.510972099935231, 19.346860916271826 ], [ -155.510668855016775, 19.347969729457482 ], [ -155.511217228405656, 19.349032742399366 ], [ -155.510891467766385, 19.350649527117991 ], [ -155.510531281038084, 19.353045571521783 ], [ -155.510531457028065, 19.354450226831592 ], [ -155.507861018238998, 19.35765402523247 ], [ -155.499015148924286, 19.364783442022279 ], [ -155.489095475078528, 19.371470695169617 ], [ -155.477417873775323, 19.37926531117256 ], [ -155.470632914482309, 19.383083359014396 ], [ -155.464140294871612, 19.385761814462132 ], [ -155.45870800234897, 19.38750472695963 ], [ -155.452873414092835, 19.388601422693334 ], [ -155.446306758664775, 19.388923282886054 ], [ -155.436942043291452, 19.388040053988323 ], [ -155.429955600607713, 19.386538505590821 ], [ -155.426034787597615, 19.385088053642395 ], [ -155.422614912611294, 19.383026937919709 ], [ -155.416700504026721, 19.378410734453677 ], [ -155.413034905789544, 19.375219519827596 ], [ -155.411348820211799, 19.372664526994047 ], [ -155.409955599377241, 19.36978909250513 ], [ -155.409108391610971, 19.365159325525649 ], [ -155.409700857414947, 19.351520660923683 ], [ -155.410833632639111, 19.344305684657954 ], [ -155.412685376816626, 19.335356121133952 ], [ -155.414716298495136, 19.327904983450725 ], [ -155.421641807740059, 19.309208649713124 ], [ -155.425710183754944, 19.300568494093277 ], [ -155.431917011273498, 19.290408164759011 ], [ -155.446313693812385, 19.271680934357295 ], [ -155.449964773367924, 19.271822816987335 ], [ -155.451524846096589, 19.272624837770831 ], [ -155.452085526021875, 19.272624895865974 ], [ -155.453845861023979, 19.272945145278992 ], [ -155.454698296749456, 19.27294531076145 ], [ -155.455251345363507, 19.27242070228743 ], [ -155.455866184621982, 19.271896498046598 ], [ -155.45710469161898, 19.272533081421479 ], [ -155.457821762832765, 19.272199878176309 ], [ -155.458424299578496, 19.271936622925768 ], [ -155.459239359990846, 19.271163287096108 ], [ -155.461767763154683, 19.269658068400666 ], [ -155.462485702262683, 19.267417423446581 ], [ -155.462781914681329, 19.267157733020923 ], [ -155.463067222434944, 19.266887255917435 ], [ -155.463535928665635, 19.266476776436892 ], [ -155.465733107615449, 19.265846223342532 ], [ -155.466982010551277, 19.265894711908626 ], [ -155.468527661377351, 19.264827198554315 ], [ -155.469108805862447, 19.264573005304729 ], [ -155.469108692232965, 19.264032889913999 ], [ -155.470579920197821, 19.262435698656368 ], [ -155.47116174306359, 19.26162949927625 ], [ -155.472418653682496, 19.260210828639817 ], [ -155.472917397096154, 19.259773668449736 ], [ -155.47320267600702, 19.259503170622853 ], [ -155.474074524347174, 19.258983851362117 ], [ -155.475633922138968, 19.258023334068064 ], [ -155.478594050770255, 19.257688879277996 ], [ -155.47965718046737, 19.25621538548522 ], [ -155.480885382158931, 19.255483991391529 ], [ -155.480137830857018, 19.254773226546597 ], [ -155.481237169815046, 19.25345348961249 ], [ -155.481668017036441, 19.250900515381055 ], [ -155.481668174190645, 19.25005848198283 ], [ -155.481760300090997, 19.247906915628246 ], [ -155.483136726360755, 19.247087139481984 ], [ -155.483470028229988, 19.245894342541717 ], [ -155.483795651188814, 19.245322416239727 ], [ -155.484365223924158, 19.244823390263051 ], [ -155.484365168949353, 19.244016512572525 ], [ -155.485297427750311, 19.243608793844697 ], [ -155.484956350980212, 19.242947374925077 ], [ -155.485581588974497, 19.242108367864958 ], [ -155.486138084101782, 19.241072661983896 ], [ -155.486439976034518, 19.240542307955558 ], [ -155.486784695044605, 19.238759100451947 ], [ -155.48861878451973, 19.237957314553622 ], [ -155.488173735604221, 19.236635869305601 ], [ -155.488913894392311, 19.234998516671336 ], [ -155.490049378207658, 19.231890610088175 ], [ -155.490049193785524, 19.231402036278972 ], [ -155.490653214466505, 19.230065034845602 ], [ -155.491043070099977, 19.228354056656173 ], [ -155.491844554991587, 19.227651378257583 ], [ -155.492426132681828, 19.226845072626624 ], [ -155.492870266445692, 19.226455433838243 ], [ -155.493529265271917, 19.225829856314228 ], [ -155.493908048687331, 19.224166241937901 ], [ -155.494209877312244, 19.22363586541228 ], [ -155.494773180595644, 19.222587820241309 ], [ -155.495680241946758, 19.221498239148588 ], [ -155.495971155260037, 19.220957073917443 ], [ -155.496267227875308, 19.220697306445164 ], [ -155.49719745169736, 19.21940696540269 ], [ -155.499027936118921, 19.218316264501055 ], [ -155.500458767105073, 19.217434691953482 ], [ -155.50093976786988, 19.216117227547347 ], [ -155.50304047003732, 19.214275249076785 ], [ -155.504354544743677, 19.213700469008607 ], [ -155.504700825517062, 19.212460787720062 ], [ -155.504996869242149, 19.212201001323074 ], [ -155.505299318772984, 19.211638355288098 ], [ -155.505299176339207, 19.211118842705172 ], [ -155.505624646023051, 19.210546588617401 ], [ -155.506822949881837, 19.209496067267306 ], [ -155.508500138803839, 19.20901410219874 ], [ -155.509059604394366, 19.2084830512411 ], [ -155.509646549808167, 19.207968384880335 ], [ -155.509646419599875, 19.207684699826267 ], [ -155.509659671840808, 19.207373509703952 ], [ -155.510967949191752, 19.206226171210009 ], [ -155.51215444260518, 19.205099237993796 ], [ -155.512575029585662, 19.203947663406808 ], [ -155.5139257568799, 19.20242145025982 ], [ -155.516701631919744, 19.201961364881818 ], [ -155.517468880482028, 19.201604231985023 ], [ -155.518084564185017, 19.201334633424516 ], [ -155.519526591487846, 19.201390068661276 ], [ -155.52062893113407, 19.20195644122602 ], [ -155.522548024948918, 19.201955613263273 ], [ -155.523439289257141, 19.202264416593497 ], [ -155.524293837299325, 19.20254608057537 ], [ -155.525348669521094, 19.202911385816677 ], [ -155.527136569124281, 19.204254807012173 ], [ -155.529700292051132, 19.205099215554476 ], [ -155.530777373045311, 19.205652365481694 ], [ -155.531370460556616, 19.20592904637374 ], [ -155.531368944435002, 19.203216666269899 ], [ -155.53061420961572, 19.203216910552239 ], [ -155.530292860790979, 19.201847641330374 ], [ -155.530019373268573, 19.201035549764846 ], [ -155.529626169297217, 19.199801871654298 ], [ -155.529192893123309, 19.199390206802345 ], [ -155.529221506461283, 19.1987165618376 ], [ -155.529221328291584, 19.19766456201317 ], [ -155.530179348208691, 19.194739023018499 ], [ -155.530898791565562, 19.193474334229467 ], [ -155.531334903824558, 19.19266246105969 ], [ -155.531630872146962, 19.192402618894462 ], [ -155.532212122964467, 19.191596133965746 ], [ -155.532508087948713, 19.191336289840262 ], [ -155.532804493118078, 19.190524411141965 ], [ -155.533781374584066, 19.189667504046422 ], [ -155.534257585429259, 19.189171794217771 ], [ -155.533699245087348, 19.188089138588882 ], [ -155.533767830498192, 19.186462596871177 ], [ -155.534900178096393, 19.185966866434782 ], [ -155.535679118838203, 19.185604309687964 ], [ -155.536193965566639, 19.184644526842817 ], [ -155.535560602038515, 19.181376871776767 ], [ -155.535295804775274, 19.17993650012146 ], [ -155.535332336531155, 19.179068673260318 ], [ -155.535332331874315, 19.178643535910883 ], [ -155.534745212741313, 19.178085683180136 ], [ -155.533352831944285, 19.178086327214356 ], [ -155.532102816852017, 19.178038626762955 ], [ -155.531675183174798, 19.176695641778601 ], [ -155.53140170868906, 19.175883555930593 ], [ -155.531139583174422, 19.175061109188167 ], [ -155.530858839501008, 19.17451644624531 ], [ -155.53235366757221, 19.17289097350022 ], [ -155.534377643278305, 19.172968630454985 ], [ -155.536009669717458, 19.173534062271997 ], [ -155.536880135953623, 19.173820974375293 ], [ -155.538414202499638, 19.175399528450409 ], [ -155.540256209413684, 19.176597346631823 ], [ -155.540934591346115, 19.176596927129602 ], [ -155.542742327273999, 19.176666187940267 ], [ -155.544695628162088, 19.178133365374503 ], [ -155.548489880480531, 19.178908119513547 ], [ -155.550728581438449, 19.17840772141064 ], [ -155.551002850900545, 19.178705828117522 ], [ -155.550418400588853, 19.179218592633397 ], [ -155.55142498853985, 19.179706298399889 ], [ -155.552142911675872, 19.178690257888736 ], [ -155.551485875470576, 19.178066095792854 ], [ -155.551891405913835, 19.177352725049275 ], [ -155.551891494474063, 19.176814159157413 ], [ -155.552489222947685, 19.176010541389843 ], [ -155.55312551427437, 19.174824540555424 ], [ -155.554516747788938, 19.17442422218075 ], [ -155.555371374304798, 19.174164252421647 ], [ -155.556686178016349, 19.17378601123362 ], [ -155.557422511550669, 19.173085973468059 ], [ -155.557979730882892, 19.172047318458716 ], [ -155.558845247594746, 19.171798110119479 ], [ -155.559152726165564, 19.170444893319608 ], [ -155.559448612638704, 19.170184992592343 ], [ -155.559733592432195, 19.169914310888331 ], [ -155.561168715723142, 19.169675773434708 ], [ -155.561738394974356, 19.169134133394607 ], [ -155.562626862405978, 19.168354693632164 ], [ -155.562626328582297, 19.167669900487692 ], [ -155.562655784614122, 19.166974564727226 ], [ -155.563793996649167, 19.167017835945558 ], [ -155.563771096229146, 19.167558359715532 ], [ -155.564052620344796, 19.168392513056329 ], [ -155.565391814193845, 19.16839168505113 ], [ -155.567158954090758, 19.167168887004813 ], [ -155.567650386704599, 19.166252961559103 ], [ -155.569782798591888, 19.166334096674767 ], [ -155.57094251673027, 19.166333306451229 ], [ -155.57180222598592, 19.16551573189798 ], [ -155.571801363578913, 19.164199547032517 ], [ -155.57215701059053, 19.163887329865069 ], [ -155.574105631267628, 19.163961539126486 ], [ -155.574817925524655, 19.163961091018898 ], [ -155.575876893550543, 19.164001482910678 ], [ -155.577509320621544, 19.164566558633528 ], [ -155.578363820457781, 19.164847954921289 ], [ -155.579668566351273, 19.165827559626479 ], [ -155.580100623692857, 19.163255875061658 ], [ -155.580457982177222, 19.162455590592813 ], [ -155.582056733088507, 19.164100333812584 ], [ -155.582647098418647, 19.164386307689401 ], [ -155.583963424412303, 19.165062040705099 ], [ -155.584651936149783, 19.164407251033229 ], [ -155.586657864995743, 19.164483452394119 ], [ -155.58665542232589, 19.161779648840763 ], [ -155.587282501279418, 19.161228934300844 ], [ -155.58728203547355, 19.160414043169101 ], [ -155.587304494751436, 19.159877463373888 ], [ -155.586461029351511, 19.158776938735976 ], [ -155.586204204121543, 19.157683888964705 ], [ -155.585924887489625, 19.157142488644173 ], [ -155.585412171220753, 19.156086452989282 ], [ -155.584782611535417, 19.155165201642667 ], [ -155.5842663164307, 19.154674913862472 ], [ -155.583856004152381, 19.154253226543709 ], [ -155.583428402077004, 19.153847080706704 ], [ -155.583457142897032, 19.153168108128973 ], [ -155.583456626735909, 19.152491234885375 ], [ -155.583479022054803, 19.151958092812123 ], [ -155.583194099095891, 19.151406010279619 ], [ -155.582931720955855, 19.150583601854411 ], [ -155.582356266939598, 19.149468491112383 ], [ -155.5811367898051, 19.148878117501219 ], [ -155.57941238453472, 19.146574277264506 ], [ -155.579916231381105, 19.144847089936352 ], [ -155.580234943644115, 19.142936660140165 ], [ -155.579675852891341, 19.142405909094208 ], [ -155.57969869497532, 19.1418648449263 ], [ -155.579393640530782, 19.141575197986715 ], [ -155.580571151261097, 19.140541381310626 ], [ -155.580931663368574, 19.139247248003297 ], [ -155.582032343731697, 19.13893009774339 ], [ -155.582328582213137, 19.138648472517353 ], [ -155.582328062340878, 19.137849975200879 ], [ -155.58237564559181, 19.136714998632083 ], [ -155.582953525648264, 19.135698291858517 ], [ -155.583244521535505, 19.1351304856071 ], [ -155.582624686882326, 19.133929683632246 ], [ -155.583005408279007, 19.133259901727346 ], [ -155.582724243793791, 19.13271555985089 ], [ -155.582735705541609, 19.132442647785062 ], [ -155.58273548789515, 19.132169518453871 ], [ -155.583066273335277, 19.13158738091769 ], [ -155.583064773136641, 19.129876683846067 ], [ -155.583102966074762, 19.128967328615005 ], [ -155.582824818132963, 19.127844271790529 ], [ -155.582573602284242, 19.126480582915633 ], [ -155.581719278820145, 19.126199234873816 ], [ -155.580752552763869, 19.125702949951826 ], [ -155.581189975407455, 19.124561742310469 ], [ -155.580814949732172, 19.123834804371416 ], [ -155.581245650857255, 19.122357682748547 ], [ -155.582106281378572, 19.121601905845829 ], [ -155.581825144178026, 19.121057036952287 ], [ -155.581557224227311, 19.120505274876869 ], [ -155.580997455057997, 19.119686063852257 ], [ -155.581317859998904, 19.11885017370804 ], [ -155.581951848425291, 19.118293238982837 ], [ -155.580758652991165, 19.117517508597281 ], [ -155.580457384093791, 19.117207844828883 ], [ -155.580512972814319, 19.115885821829234 ], [ -155.580512350445218, 19.115091817334672 ], [ -155.580825495774008, 19.114540550679333 ], [ -155.581121474697483, 19.113728529899003 ], [ -155.581713229173175, 19.113208881513692 ], [ -155.582709603217523, 19.112260754932159 ], [ -155.583887707616356, 19.111226101356021 ], [ -155.584365218280652, 19.108347450259078 ], [ -155.583515663791673, 19.107540582571822 ], [ -155.582957698696106, 19.107541056813201 ], [ -155.582689794244942, 19.106989034231873 ], [ -155.58240867150613, 19.106444169070389 ], [ -155.582718275397752, 19.106172036936393 ], [ -155.583557608883353, 19.106203758497092 ], [ -155.584347821438627, 19.106203100303503 ], [ -155.583843655947533, 19.104168161857242 ], [ -155.583954667434682, 19.101527272293371 ], [ -155.585829174430529, 19.099880479273306 ], [ -155.586759899124957, 19.098995082494309 ], [ -155.587149357003966, 19.097595690556947 ], [ -155.587462046515498, 19.096778936521325 ], [ -155.587461768148813, 19.096250392221414 ], [ -155.587484112045189, 19.095717243815244 ], [ -155.587193617834657, 19.095154497320838 ], [ -155.587843710593546, 19.094010059462381 ], [ -155.588963295275107, 19.093026616396557 ], [ -155.588962655537813, 19.092217005100832 ], [ -155.58898710121079, 19.09163524458037 ], [ -155.591017481794722, 19.089851659320246 ], [ -155.591919693875042, 19.088167992643033 ], [ -155.593334029239628, 19.086925567493072 ], [ -155.594268012529085, 19.08518218746951 ], [ -155.595935254769955, 19.084054670882566 ], [ -155.596599186484383, 19.082540805960999 ], [ -155.597166649377328, 19.081541535340484 ], [ -155.597582419768059, 19.080765789060589 ], [ -155.600325662570611, 19.080246138173006 ], [ -155.600895074616432, 19.079980611577891 ], [ -155.602040261101365, 19.079478225492192 ], [ -155.602938016846338, 19.078372124126307 ], [ -155.602937114089031, 19.077448803558177 ], [ -155.602959840934915, 19.076907455935199 ], [ -155.605439408791113, 19.076549958148284 ], [ -155.605783468090635, 19.077665747617871 ], [ -155.605180882169122, 19.078726806366838 ], [ -155.605181963302158, 19.079641935244094 ], [ -155.607470307990894, 19.080372623581404 ], [ -155.608653486834925, 19.079820392118098 ], [ -155.609840636890368, 19.078690495852328 ], [ -155.611806862866928, 19.078291733442185 ], [ -155.614422570981361, 19.0789807660781 ], [ -155.614997077108939, 19.079571438926173 ], [ -155.615761832749286, 19.080297811293683 ], [ -155.616831189519928, 19.080815607466178 ], [ -155.618447472256236, 19.082105734004227 ], [ -155.619690723381296, 19.081525446298567 ], [ -155.621407898017765, 19.079545865360178 ], [ -155.622276334566152, 19.0787825819808 ], [ -155.622788144192782, 19.076940836325303 ], [ -155.623471945125857, 19.07633994362244 ], [ -155.623773225241337, 19.075512311065804 ], [ -155.624501192766303, 19.074872296862114 ], [ -155.624928242884266, 19.074466056451573 ], [ -155.625463946260624, 19.073995174017988 ], [ -155.628213310762675, 19.073537062645254 ], [ -155.630167931384705, 19.074051417878088 ], [ -155.632374966191691, 19.074048948941314 ], [ -155.632920813222682, 19.073529310895452 ], [ -155.633785737819153, 19.073279649988063 ], [ -155.635779360199308, 19.072552978301168 ], [ -155.63761597552508, 19.072246742024809 ], [ -155.639495035757136, 19.072317521112645 ], [ -155.640613618368775, 19.071252241819398 ], [ -155.641236226521983, 19.070978821229865 ], [ -155.641805560459176, 19.070713152748148 ], [ -155.643239791847122, 19.070473820625395 ], [ -155.644099239716013, 19.069942669952539 ], [ -155.644702476394201, 19.069677873351495 ], [ -155.645530572274396, 19.069708818457428 ], [ -155.646242508519322, 19.069708030782433 ], [ -155.647128401814228, 19.069741342976624 ], [ -155.648359573156966, 19.070568097589394 ], [ -155.649513876892883, 19.0703090789656 ], [ -155.649513257646134, 19.069773097189969 ], [ -155.649528501632318, 19.069402399262636 ], [ -155.650958695895667, 19.068989737821468 ], [ -155.650958353579, 19.068716325478903 ], [ -155.650975795330908, 19.068291461629908 ], [ -155.652409216598244, 19.06766228877574 ], [ -155.652408354637203, 19.067110171850786 ], [ -155.65329018665895, 19.066334793088153 ], [ -155.653289963515164, 19.066027537033037 ], [ -155.654165841646545, 19.065257332871489 ], [ -155.654592802239534, 19.06485100834248 ], [ -155.655559257845397, 19.064000999746558 ], [ -155.657261738094888, 19.063638966460335 ], [ -155.658170244467527, 19.064249061846564 ], [ -155.659612338752623, 19.063184485121969 ], [ -155.659902438575131, 19.063195560617604 ], [ -155.660761810091742, 19.062664053549142 ], [ -155.663631779902971, 19.062449500757143 ], [ -155.664193951852667, 19.061913652472171 ], [ -155.664623546210606, 19.061929889328248 ], [ -155.665319055121813, 19.061928990203604 ], [ -155.667551155815858, 19.06258704986405 ], [ -155.669323800595834, 19.06227508556649 ], [ -155.669322893281361, 19.061736181168396 ], [ -155.669476347202988, 19.061335184988327 ] ], [ [ -155.549659435189369, 19.181775521554609 ], [ -155.549749911466535, 19.182107185745675 ], [ -155.55000463445478, 19.181874820568233 ], [ -155.549659435189369, 19.181775521554609 ] ] ] } }
]
}
